feature,measured,dtype,history,coverage,uniq,mode_share,varies,verdict
AATR_14_1d,True,float32,623398,1.0,614992,5.61439080651526e-05,1.0,can carry a cross-sectional signal
ABB_Lower_1d,True,float32,623398,1.0,618748,1.924933990805232e-05,1.0,can carry a cross-sectional signal
ABB_Mid_1d,True,float32,623398,1.0,618021,2.0853451567056678e-05,1.0,can carry a cross-sectional signal
ABB_Upper_1d,True,float32,623398,1.0,618674,1.924933990805232e-05,1.0,can carry a cross-sectional signal
ACCELERATION_10_1d,True,float32,623398,1.0,564501,0.0003480922300039461,1.0,can carry a cross-sectional signal
ACCELERATION_5_1d,True,float32,623398,1.0,548623,0.0005309609591304432,1.0,can carry a cross-sectional signal
AEMA_20_1d,True,float32,623398,1.0,619227,4.331101479311772e-05,1.0,can carry a cross-sectional signal
ARSI_14_1d,True,float32,623398,1.0,592788,0.0015014485128280808,1.0,can carry a cross-sectional signal
ATR_14_1d,True,float32,623398,1.0,619035,4.81233497701308e-06,1.0,can carry a cross-sectional signal
AUTOCORR_1d,True,float32,623398,1.0,620773,4.81233497701308e-06,1.0,can carry a cross-sectional signal
BB_Lower_1d,True,float32,623398,1.0,617919,5.453979640614824e-05,1.0,can carry a cross-sectional signal
BB_Middle_1d,True,float32,623398,1.0,613106,5.453979640614824e-05,1.0,can carry a cross-sectional signal
BB_Upper_1d,True,float32,623398,1.0,617916,5.453979640614824e-05,1.0,can carry a cross-sectional signal
CCI_1d,True,float32,623398,1.0,619785,0.00011068370447130084,1.0,can carry a cross-sectional signal
CDL_BODY_RATIO_1d,True,float32,623398,1.0,273357,0.013189006060333847,1.0,can carry a cross-sectional signal
CDL_DOJI_1d,True,float64,623398,1.0,2,0.8956461201351303,0.995735294117647,can carry a cross-sectional signal
CDL_INSIDE_BAR_1d,True,float64,623398,1.0,2,0.8742216048174681,0.9847058823529412,can carry a cross-sectional signal
CDL_LOWER_WICK_RATIO_1d,True,float32,623398,1.0,245165,0.06415323757856137,1.0,can carry a cross-sectional signal
CDL_UPPER_WICK_RATIO_1d,True,float32,623398,1.0,241839,0.07434095072489806,1.0,can carry a cross-sectional signal
CURRENT_DRAWDOWN_1d,True,float32,623398,1.0,535223,0.00013314126769736187,1.0,can carry a cross-sectional signal
EMA_100_1d,True,float32,623398,1.0,618907,4.81233497701308e-06,1.0,can carry a cross-sectional signal
EMA_10_1d,True,float32,623398,1.0,619087,4.81233497701308e-06,1.0,can carry a cross-sectional signal
EMA_200_1d,True,float32,623398,1.0,618921,4.81233497701308e-06,1.0,can carry a cross-sectional signal
EMA_20_1d,True,float32,623398,1.0,619025,4.81233497701308e-06,1.0,can carry a cross-sectional signal
EMA_50_1d,True,float32,623398,1.0,618985,4.81233497701308e-06,1.0,can carry a cross-sectional signal
EMA_5_1d,True,float32,623398,1.0,619051,1.764522824904796e-05,1.0,can carry a cross-sectional signal
HURST_EXPONENT_1d,True,float32,623398,1.0,620736,4.81233497701308e-06,1.0,can carry a cross-sectional signal
KURTOSIS_1d,True,float32,623398,1.0,619661,6.41644663601744e-06,1.0,can carry a cross-sectional signal
LAG_10_1d,True,float32,623398,1.0,533732,0.00013795360267437496,1.0,can carry a cross-sectional signal
LAG_1_1d,True,float32,623398,1.0,534049,0.00013795360267437496,1.0,can carry a cross-sectional signal
LAG_20_1d,True,float32,623398,1.0,533385,0.00013795360267437496,1.0,can carry a cross-sectional signal
LAG_5_1d,True,float32,623398,1.0,533908,0.00013795360267437496,1.0,can carry a cross-sectional signal
LEVEL_DIST_RESISTANCE_20_1d,True,float32,623398,1.0,599147,0.002847298194732739,0.9994117647058823,can carry a cross-sectional signal
LEVEL_DIST_SUPPORT_20_1d,True,float32,623398,1.0,598439,0.0003689456815710028,1.0,can carry a cross-sectional signal
LEVEL_POSITION_20_1d,True,float32,623398,1.0,594129,0.0005662514156285391,1.0,can carry a cross-sectional signal
MACD_1d,True,float32,623398,1.0,621750,4.81233497701308e-06,1.0,can carry a cross-sectional signal
MACD_Histogram_1d,True,float32,623398,1.0,621842,4.81233497701308e-06,1.0,can carry a cross-sectional signal
MACD_Signal_1d,True,float32,623398,1.0,621735,4.81233497701308e-06,1.0,can carry a cross-sectional signal
MARKET_PREMIUM_1d,True,float32,623398,1.0,621264,6.41644663601744e-06,1.0,can carry a cross-sectional signal
MAX_DRAWDOWN_1d,True,float32,623398,1.0,534805,0.0012014796325942657,1.0,can carry a cross-sectional signal
MOMENTUM_ZSCORE_1d,True,float32,623398,1.0,620603,7.539324797320492e-05,1.0,can carry a cross-sectional signal
ROLLING_KURT_10_1d,True,float32,623398,1.0,617805,0.0001443700493103924,1.0,can carry a cross-sectional signal
ROLLING_KURT_20_1d,True,float32,623398,1.0,617640,8.0205582950218e-05,1.0,can carry a cross-sectional signal
ROLLING_SKEW_10_1d,True,float32,623398,1.0,619003,0.00014597416096939677,1.0,can carry a cross-sectional signal
ROLLING_SKEW_20_1d,True,float32,623398,1.0,619810,8.0205582950218e-05,1.0,can carry a cross-sectional signal
ROLLING_VOL_10_1d,True,float32,623398,1.0,615222,0.0001363494910153706,1.0,can carry a cross-sectional signal
ROLLING_VOL_20_1d,True,float32,623398,1.0,614701,7.539324797320492e-05,1.0,can carry a cross-sectional signal
RSI_14_1d,True,float32,623398,1.0,597936,6.576857801917876e-05,1.0,can carry a cross-sectional signal
RSI_VELOCITY_1d,True,float32,623398,1.0,620183,0.0002935524335977979,1.0,can carry a cross-sectional signal
SHARPE_RATIO_1d,True,float32,623398,1.0,619447,6.41644663601744e-06,1.0,can carry a cross-sectional signal
SKEWNESS_1d,True,float32,623398,1.0,621226,6.41644663601744e-06,1.0,can carry a cross-sectional signal
SMA_100_1d,True,float32,623398,1.0,618043,8.0205582950218e-06,1.0,can carry a cross-sectional signal
SMA_10_1d,True,float32,623398,1.0,608624,8.662202958623544e-05,1.0,can carry a cross-sectional signal
SMA_200_1d,True,float32,623398,1.0,618442,6.41644663601744e-06,1.0,can carry a cross-sectional signal
SMA_20_1d,True,float32,623398,1.0,613106,5.453979640614824e-05,1.0,can carry a cross-sectional signal
SMA_50_1d,True,float32,623398,1.0,616707,3.849867981610464e-05,1.0,can carry a cross-sectional signal
SMA_5_1d,True,float32,623398,1.0,602381,0.00010747548115329212,1.0,can carry a cross-sectional signal
SORTINO_RATIO_1d,True,float32,623398,1.0,619711,6.41644663601744e-06,1.0,can carry a cross-sectional signal
Stoch_D_1d,True,float32,623398,1.0,608739,0.00020372218069355372,1.0,can carry a cross-sectional signal
Stoch_K_1d,True,float32,623398,1.0,569999,0.0075553659139105354,1.0,can carry a cross-sectional signal
VELOCITY_10_1d,True,float32,623398,1.0,538081,0.0031488711866255585,1.0,can carry a cross-sectional signal
VELOCITY_1_1d,True,float32,623398,1.0,444528,0.012407803682398725,1.0,can carry a cross-sectional signal
VELOCITY_5_1d,True,float32,623398,1.0,516264,0.004910185788212346,1.0,can carry a cross-sectional signal
VOLATILITY_20_1d,True,float32,623398,1.0,614701,7.539324797320492e-05,1.0,can carry a cross-sectional signal
VOLATILITY_50_1d,True,float32,623398,1.0,614194,4.1706903134113356e-05,1.0,can carry a cross-sectional signal
VOLATILITY_5_1d,True,float32,623398,1.0,616104,0.0002085345156705668,1.0,can carry a cross-sectional signal
Williams_R_1d,True,float32,623398,1.0,580279,0.006912117138649787,1.0,can carry a cross-sectional signal
atr_14_1d,True,float32,623398,1.0,604480,0.00010266314617627904,1.0,can carry a cross-sectional signal
close,True,float32,623398,1.0,534069,0.00013795360267437496,1.0,can carry a cross-sectional signal
context_fingerprint_1d,False,object,623398,1.0,2062,0.017553793884484713,1.0,can carry a cross-sectional signal
context_pattern_id_1d,True,object,623398,1.0,619570,0.00014276593765138803,1.0,can carry a cross-sectional signal
context_pattern_seq_1d,False,object,623398,1.0,619613,0.00014276593765138803,1.0,can carry a cross-sectional signal
context_stability_1d,True,float32,623398,1.0,111,0.03334466905572363,1.0,can carry a cross-sectional signal
context_velocity_1d,True,float32,623398,1.0,11,0.6928639488737532,0.9997058823529412,can carry a cross-sectional signal
context_velocity_rank_1d,True,float32,621308,0.9966474066326809,463615,0.0007757827035866269,0.9972058823529412,can carry a cross-sectional signal
days_since_last_significant_1d,True,float32,623398,1.0,365,0.1764586989371156,0.9998529411764706,can carry a cross-sectional signal
filing_count_30d_1d,False,float32,532115,0.853571875431105,1325,0.08604155116845043,0.9979411764705882,can carry a cross-sectional signal
filing_data_available_1d,False,float64,623398,1.0,2,0.853571875431105,0.9979411764705882,can carry a cross-sectional signal
filing_days_since_last_1d,False,float32,532115,0.853571875431105,881,0.22684006276838653,0.9977941176470588,can carry a cross-sectional signal
filing_material_30d_1d,False,float32,532115,0.853571875431105,29,0.42149535344803285,0.9973529411764706,can carry a cross-sectional signal
filing_periodic_30d_1d,False,float32,532115,0.853571875431105,7,0.6841284308843013,0.9966176470588235,can carry a cross-sectional signal
fund_current_ratio_1d,True,float32,240664,0.3860519283026253,3831,0.0010346375029086194,0.5301470588235294,can carry a cross-sectional signal
fund_data_available_1d,True,float64,623398,1.0,2,0.5406096907593544,0.5308823529411765,can carry a cross-sectional signal
fund_days_since_report_1d,True,float32,286383,0.4593903092406456,201,0.015887814569998916,0.5301470588235294,can carry a cross-sectional signal
fund_debt_to_equity_1d,True,float32,174017,0.2791426985649617,2722,0.010815035312641868,0.5301470588235294,can carry a cross-sectional signal
fund_earnings_yield_1d,True,float32,261501,0.41947680294129913,249416,0.0001453149318740655,0.5301470588235294,can carry a cross-sectional signal
fund_price_to_book_1d,True,float32,250635,0.4020465256545578,238697,0.00015161489815867696,0.5301470588235294,can carry a cross-sectional signal
fund_return_on_equity_1d,True,float32,238742,0.3829688256940189,3823,0.004678690804299202,0.5301470588235294,can carry a cross-sectional signal
gk_volatility_1d,True,float32,623398,1.0,618957,7.378913631420056e-05,1.0,can carry a cross-sectional signal
hash,False,object,623398,1.0,623398,1.60411165900436e-06,1.0,can carry a cross-sectional signal
high,True,float32,623398,1.0,577184,0.00014116182599238367,1.0,can carry a cross-sectional signal
insider_available_1d,True,float64,623398,1.0,2,0.8282204947722,0.6141176470588235,can carry a cross-sectional signal
insider_net_value_30d_1d,True,float32,107087,0.1717795052277999,32,0.7715782494607188,0.5816176470588236,can carry a cross-sectional signal
is_significant_1d,True,object,623398,1.0,2,0.8235413010628844,0.9897058823529412,can carry a cross-sectional signal
is_significant_decayed_1d,True,float32,623398,1.0,365,0.1764586989371156,0.9998529411764706,can carry a cross-sectional signal
low,True,float32,623398,1.0,577254,0.0001283289327203488,1.0,can carry a cross-sectional signal
macro_composite_score_1d,True,float32,623165,0.999626241983452,373801,0.00014602874038176084,0.9988235294117647,can carry a cross-sectional signal
market_breadth_1d,True,float32,623398,1.0,2770,0.005946441919929163,0.9995588235294117,can carry a cross-sectional signal
market_context_market_breadth_1d,True,float32,623398,1.0,2,0.5957991523873993,0.9927941176470588,can carry a cross-sectional signal
market_context_price_to_ma20_1d,True,float32,623398,1.0,620864,8.662202958623544e-05,1.0,can carry a cross-sectional signal
market_context_rsi_current_1d,True,float32,623398,1.0,597936,6.576857801917876e-05,1.0,can carry a cross-sectional signal
market_context_trend_20d_1d,True,float32,623398,1.0,621187,8.180969460922236e-05,1.0,can carry a cross-sectional signal
market_context_trend_5d_1d,True,float32,623398,1.0,568286,0.0007138296882569402,1.0,can carry a cross-sectional signal
market_context_trend_alignment_1d,True,float32,623398,1.0,3,0.5838036054013648,0.9995588235294117,can carry a cross-sectional signal
market_context_volatility_20d_1d,True,float32,623398,1.0,614677,7.539324797320492e-05,1.0,can carry a cross-sectional signal
market_context_volatility_5d_1d,True,float32,623398,1.0,616104,0.0002085345156705668,1.0,can carry a cross-sectional signal
market_context_volatility_ratio_1d,True,float32,623398,1.0,611448,0.00013314126769736187,1.0,can carry a cross-sectional signal
market_context_volume_ratio_1d,True,float32,623398,1.0,603436,0.00011710015110731828,1.0,can carry a cross-sectional signal
market_return_1d,True,float32,623398,1.0,617442,1.924933990805232e-05,1.0,can carry a cross-sectional signal
obv_1d,True,float32,623398,1.0,612701,6.576857801917876e-05,1.0,can carry a cross-sectional signal
open,True,float32,623398,1.0,578115,0.00013314126769736187,1.0,can carry a cross-sectional signal
peer_breadth_1d,True,float32,617434,0.990433078065698,65,0.1412377679233732,0.9994117647058823,can carry a cross-sectional signal
peer_breadth_excess_1d,True,float32,617434,0.990433078065698,28594,0.0035890475743156356,0.9995588235294117,can carry a cross-sectional signal
peer_count_1d,True,float32,623398,1.0,15,0.2542837801853711,1.0,can carry a cross-sectional signal
peer_divergence_1d,True,float32,617434,0.990433078065698,614657,1.7815669367090247e-05,1.0,can carry a cross-sectional signal
peer_return_1d,True,float32,617434,0.990433078065698,614208,0.000513415199033419,1.0,can carry a cross-sectional signal
peer_return_excess_1d,True,float32,617434,0.990433078065698,614621,9.71763783659468e-06,1.0,can carry a cross-sectional signal
peer_volatility_1d,True,float32,617434,0.990433078065698,607504,0.0035032084400923825,0.9998529411764706,can carry a cross-sectional signal
price_volume_trend_1d,True,float32,623398,1.0,614584,0.012422240687329764,1.0,can carry a cross-sectional signal
returns_1d,True,float32,623398,1.0,609421,0.012407803682398725,1.0,can carry a cross-sectional signal
significance_intensity_7d_1d,True,float32,623398,1.0,8,0.40486815806274645,1.0,can carry a cross-sectional signal
significant_events_30d_1d,True,float32,623398,1.0,31,0.1332583678484692,1.0,can carry a cross-sectional signal
significant_events_7d_1d,True,float32,623398,1.0,8,0.40486815806274645,1.0,can carry a cross-sectional signal
state_AATR_14_1d,True,float64,623398,1.0,3,0.49527749527589116,0.9998529411764706,can carry a cross-sectional signal
state_ABB_Lower_1d,True,float64,623398,1.0,3,0.5005341691824484,0.9992647058823529,can carry a cross-sectional signal
state_ABB_Mid_1d,True,float64,623398,1.0,3,0.38963872197215904,0.9988235294117647,can carry a cross-sectional signal
state_ABB_Upper_1d,True,float64,623398,1.0,3,0.46876152955254907,0.9992647058823529,can carry a cross-sectional signal
state_ACCELERATION_10_1d,True,float64,623398,1.0,3,0.7488971732344345,0.9975,can carry a cross-sectional signal
state_ACCELERATION_5_1d,True,float64,623398,1.0,3,0.7528994318236504,0.9985294117647059,can carry a cross-sectional signal
state_AEMA_20_1d,True,float64,623398,1.0,3,0.40134392474791386,0.9972058823529412,can carry a cross-sectional signal
state_ARSI_14_1d,True,float64,623398,1.0,3,0.49839749245265463,0.9998529411764706,can carry a cross-sectional signal
state_ATR_14_1d,True,float64,623398,1.0,3,0.4138720368047379,0.9942647058823529,can carry a cross-sectional signal
state_AUTOCORR_1d,True,float64,623398,1.0,3,0.5764728151197148,1.0,can carry a cross-sectional signal
state_BB_Lower_1d,True,float64,623398,1.0,3,0.46147405028569227,0.9994117647058823,can carry a cross-sectional signal
state_BB_Middle_1d,True,float64,623398,1.0,3,0.4360087776989981,0.9970588235294118,can carry a cross-sectional signal
state_BB_Upper_1d,True,float64,623398,1.0,3,0.45516187090751015,0.9980882352941176,can carry a cross-sectional signal
state_CCI_1d,True,float64,623398,1.0,3,0.7332875626806631,0.9988235294117647,can carry a cross-sectional signal
state_CDL_BODY_RATIO_1d,True,float64,623398,1.0,3,0.6225332772963661,1.0,can carry a cross-sectional signal
state_CDL_LOWER_WICK_RATIO_1d,True,float64,623398,1.0,3,0.5999233234626996,0.9997058823529412,can carry a cross-sectional signal
state_CDL_UPPER_WICK_RATIO_1d,True,float64,623398,1.0,3,0.5699986204639732,1.0,can carry a cross-sectional signal
state_CURRENT_DRAWDOWN_1d,True,float64,623398,1.0,3,0.5412352943063661,0.9995588235294117,can carry a cross-sectional signal
state_EMA_100_1d,True,float64,623398,1.0,3,0.5337874038736088,0.9758823529411764,can carry a cross-sectional signal
state_EMA_10_1d,True,float64,623398,1.0,3,0.3628468490434682,0.9961764705882353,can carry a cross-sectional signal
state_EMA_200_1d,True,float64,623398,1.0,3,0.5758921266991552,0.9591176470588235,can carry a cross-sectional signal
state_EMA_20_1d,True,float64,623398,1.0,3,0.41185246022605143,0.9930882352941176,can carry a cross-sectional signal
state_EMA_50_1d,True,float64,623398,1.0,3,0.4843550989897305,0.985735294117647,can carry a cross-sectional signal
state_EMA_5_1d,True,float64,623398,1.0,3,0.40501573633537485,0.9979411764705882,can carry a cross-sectional signal
state_HURST_EXPONENT_1d,True,float64,623398,1.0,3,0.5826277915553146,0.9977941176470588,can carry a cross-sectional signal
state_KURTOSIS_1d,True,float64,623398,1.0,3,0.5797612440206737,0.9922058823529412,can carry a cross-sectional signal
state_LAG_10_1d,True,float64,623398,1.0,3,0.4530781298624635,1.0,can carry a cross-sectional signal
state_LAG_1_1d,True,float64,623398,1.0,3,0.45431489995155583,0.9998529411764706,can carry a cross-sectional signal
state_LAG_20_1d,True,float64,623398,1.0,3,0.45167934449581165,1.0,can carry a cross-sectional signal
state_LAG_5_1d,True,float64,623398,1.0,3,0.4538256458955595,1.0,can carry a cross-sectional signal
state_LEVEL_DIST_RESISTANCE_20_1d,True,float64,623398,1.0,3,0.6576087828321554,0.9972058823529412,can carry a cross-sectional signal
state_LEVEL_DIST_SUPPORT_20_1d,True,float64,623398,1.0,3,0.6428284980060892,1.0,can carry a cross-sectional signal
state_LEVEL_POSITION_20_1d,True,float64,623398,1.0,3,0.6183096512982076,1.0,can carry a cross-sectional signal
state_MACD_1d,True,float64,623398,1.0,3,0.6131684734310986,1.0,can carry a cross-sectional signal
state_MACD_Histogram_1d,True,float64,623398,1.0,3,0.7449735161165099,0.9935294117647059,can carry a cross-sectional signal
state_MACD_Signal_1d,True,float64,623398,1.0,3,0.5532885893121249,1.0,can carry a cross-sectional signal
state_MARKET_PREMIUM_1d,True,float64,623398,1.0,3,0.7212230388932913,0.9997058823529412,can carry a cross-sectional signal
state_MAX_DRAWDOWN_1d,True,float64,623398,1.0,3,0.5466186930339847,0.9995588235294117,can carry a cross-sectional signal
state_MOMENTUM_ZSCORE_1d,True,float64,623398,1.0,3,0.7131142544570243,0.9989705882352942,can carry a cross-sectional signal
state_ROLLING_KURT_10_1d,True,float64,623398,1.0,3,0.7652045723598728,0.9995588235294117,can carry a cross-sectional signal
state_ROLLING_KURT_20_1d,True,float64,623398,1.0,3,0.757543335076468,0.9997058823529412,can carry a cross-sectional signal
state_ROLLING_SKEW_10_1d,True,float64,623398,1.0,3,0.7540768497813596,0.9997058823529412,can carry a cross-sectional signal
state_ROLLING_SKEW_20_1d,True,float64,623398,1.0,3,0.75091835392478,1.0,can carry a cross-sectional signal
state_ROLLING_VOL_10_1d,True,float64,623398,1.0,3,0.6279263006939387,0.9986764705882353,can carry a cross-sectional signal
state_ROLLING_VOL_20_1d,True,float64,623398,1.0,3,0.6518628548696017,0.9973529411764706,can carry a cross-sectional signal
state_RSI_14_1d,True,float64,623398,1.0,3,0.45036076471211006,0.9982352941176471,can carry a cross-sectional signal
state_RSI_VELOCITY_1d,True,float64,623398,1.0,3,0.7433437386709614,1.0,can carry a cross-sectional signal
state_SHARPE_RATIO_1d,True,float64,623398,1.0,3,0.5125617984016632,0.9998529411764706,can carry a cross-sectional signal
state_SKEWNESS_1d,True,float64,623398,1.0,3,0.5898575228024472,0.9835294117647059,can carry a cross-sectional signal
state_SMA_100_1d,True,float64,623398,1.0,3,0.5693858498102335,0.9852941176470589,can carry a cross-sectional signal
state_SMA_10_1d,True,float64,623398,1.0,3,0.3756829505388211,0.9985294117647059,can carry a cross-sectional signal
state_SMA_200_1d,True,float64,623398,1.0,3,0.6195416090523229,0.9752941176470589,can carry a cross-sectional signal
state_SMA_20_1d,True,float64,623398,1.0,3,0.4360087776989981,0.9970588235294118,can carry a cross-sectional signal
state_SMA_50_1d,True,float64,623398,1.0,3,0.5142685732068438,0.9926470588235294,can carry a cross-sectional signal
state_SMA_5_1d,True,float64,623398,1.0,3,0.3938639520819765,0.9992647058823529,can carry a cross-sectional signal
state_SORTINO_RATIO_1d,True,float64,623398,1.0,3,0.5162015277559441,0.9998529411764706,can carry a cross-sectional signal
state_Stoch_D_1d,True,float64,623398,1.0,3,0.5190199519408147,0.9997058823529412,can carry a cross-sectional signal
state_Stoch_K_1d,True,float64,623398,1.0,3,0.5393504631070359,1.0,can carry a cross-sectional signal
state_VELOCITY_10_1d,True,float64,623398,1.0,3,0.7338506058729736,0.9988235294117647,can carry a cross-sectional signal
state_VELOCITY_1_1d,True,float64,623398,1.0,3,0.6863432349799005,0.9997058823529412,can carry a cross-sectional signal
state_VELOCITY_5_1d,True,float64,623398,1.0,3,0.740990506867202,0.9992647058823529,can carry a cross-sectional signal
state_VOLATILITY_20_1d,True,float64,623398,1.0,3,0.6518628548696017,0.9973529411764706,can carry a cross-sectional signal
state_VOLATILITY_50_1d,True,float64,623398,1.0,3,0.6483514544480412,0.9939705882352942,can carry a cross-sectional signal
state_VOLATILITY_5_1d,True,float64,623398,1.0,3,0.6151896541214441,0.9992647058823529,can carry a cross-sectional signal
state_Williams_R_1d,True,float64,623398,1.0,3,0.5292589966602396,1.0,can carry a cross-sectional signal
state_atr_14_1d,True,float64,623398,1.0,3,0.4604634599405195,0.9998529411764706,can carry a cross-sectional signal
state_close_1d,True,float64,623398,1.0,3,0.4542074244704025,0.9998529411764706,can carry a cross-sectional signal
state_days_since_last_significant_1d,True,float64,623398,1.0,3,0.5951863817336597,0.9995588235294117,can carry a cross-sectional signal
state_filing_count_30d_1d,False,float64,623398,1.0,3,0.8573495583880603,0.9920588235294118,can carry a cross-sectional signal
state_filing_days_since_last_1d,False,float64,623398,1.0,3,0.7476443620287521,0.9975,can carry a cross-sectional signal
state_fund_days_since_report_1d,True,float64,623398,1.0,3,0.8738959701506902,0.5264705882352941,can carry a cross-sectional signal
state_gk_volatility_1d,True,float64,623398,1.0,3,0.5788805867198804,0.9975,can carry a cross-sectional signal
state_high_1d,True,float64,623398,1.0,3,0.47346478493674987,0.9998529411764706,can carry a cross-sectional signal
state_is_significant_decayed_1d,True,float64,623398,1.0,3,0.6054414675696745,1.0,can carry a cross-sectional signal
state_low_1d,True,float64,623398,1.0,3,0.4682899207248018,0.9998529411764706,can carry a cross-sectional signal
state_macro_composite_score_1d,True,float64,623398,1.0,3,0.560736479744882,0.9094117647058824,can carry a cross-sectional signal
state_market_breadth_1d,True,float64,623398,1.0,3,0.6369157424309991,0.8161764705882353,can carry a cross-sectional signal
state_market_return_1d,True,float64,623398,1.0,3,0.72000070580913,0.7776470588235294,can carry a cross-sectional signal
state_obv_1d,True,float64,623398,1.0,3,0.41821757528898074,1.0,can carry a cross-sectional signal
state_open_1d,True,float64,623398,1.0,3,0.4539732241681879,0.9997058823529412,can carry a cross-sectional signal
state_peer_breadth_1d,True,float64,623398,1.0,3,0.6137635988565892,0.9995588235294117,can carry a cross-sectional signal
state_peer_breadth_excess_1d,True,float64,623398,1.0,3,0.676968806444679,0.9998529411764706,can carry a cross-sectional signal
state_peer_divergence_1d,True,float64,623398,1.0,3,0.7265839800576839,0.9998529411764706,can carry a cross-sectional signal
state_peer_return_1d,True,float64,623398,1.0,3,0.7267107048787452,0.9969117647058824,can carry a cross-sectional signal
state_peer_return_excess_1d,True,float64,623398,1.0,3,0.7232361990253418,0.9997058823529412,can carry a cross-sectional signal
state_peer_volatility_1d,True,float64,623398,1.0,3,0.5472667541442224,0.9998529411764706,can carry a cross-sectional signal
state_price_volume_trend_1d,True,float64,623398,1.0,3,0.7355782341297213,0.9997058823529412,can carry a cross-sectional signal
state_returns_1d,True,float64,623398,1.0,3,0.6864491063493948,0.9997058823529412,can carry a cross-sectional signal
state_significance_intensity_7d_1d,True,float64,623398,1.0,3,0.8236166943108576,0.9967647058823529,can carry a cross-sectional signal
state_significant_events_30d_1d,True,float64,623398,1.0,3,0.7951709822617333,0.9994117647058823,can carry a cross-sectional signal
state_significant_events_7d_1d,True,float64,623398,1.0,3,0.8236102778642216,0.9967647058823529,can carry a cross-sectional signal
state_volatility_10_1d,True,float64,623398,1.0,3,0.6277915553145823,0.9988235294117647,can carry a cross-sectional signal
state_volatility_20_1d,True,float64,623398,1.0,3,0.6517152765969734,0.9975,can carry a cross-sectional signal
state_volatility_5_1d,True,float64,623398,1.0,3,0.6152072993496931,0.9992647058823529,can carry a cross-sectional signal
state_volume_1d,True,float64,623398,1.0,3,0.48548599770932854,0.9998529411764706,can carry a cross-sectional signal
state_volume_roc_1d,True,float64,623398,1.0,3,0.757179201729874,0.9991176470588236,can carry a cross-sectional signal
state_volume_rs_1d,True,float64,623398,1.0,3,0.4853721057815392,0.9998529411764706,can carry a cross-sectional signal
state_volume_sma_10_1d,True,float64,623398,1.0,3,0.45671465099342634,1.0,can carry a cross-sectional signal
state_volume_sma_5_1d,True,float64,623398,1.0,3,0.4603720255759563,1.0,can carry a cross-sectional signal
volatility_10_1d,True,float32,623398,1.0,615221,0.0001363494910153706,1.0,can carry a cross-sectional signal
volatility_20_1d,True,float32,623398,1.0,614700,7.539324797320492e-05,1.0,can carry a cross-sectional signal
volatility_5_1d,True,float32,623398,1.0,616002,0.0002085345156705668,1.0,can carry a cross-sectional signal
volatility_regime_1d,False,category,623398,1.0,5,0.32768311736643363,0.9967647058823529,can carry a cross-sectional signal
volume,True,float32,623398,1.0,369685,0.0003416757833679287,1.0,can carry a cross-sectional signal
volume_roc_1d,True,float32,623398,1.0,619361,0.00035611278829896794,1.0,can carry a cross-sectional signal
volume_rs_1d,True,float32,623398,1.0,610557,0.00034969634166295046,1.0,can carry a cross-sectional signal
volume_sma_10_1d,True,float32,623398,1.0,571387,0.00010266314617627904,1.0,can carry a cross-sectional signal
volume_sma_5_1d,True,float32,623398,1.0,530373,0.0001684317241954578,1.0,can carry a cross-sectional signal
entity_count_1d,False,float64,623398,1.0,1,1.0,0.0,constant
fear_greed_available_1d,False,float64,623398,1.0,1,1.0,0.0,constant
hour_1d,False,float64,623398,1.0,1,1.0,0.0,constant
hour_cos_1d,False,float32,623398,1.0,1,1.0,0.0,constant
hour_sin_1d,False,float32,623398,1.0,1,1.0,0.0,constant
hype_available_1d,False,float64,623398,1.0,1,1.0,0.0,constant
hype_score_1d,False,float32,623398,1.0,1,1.0,0.0,constant
keyword_count_1d,False,float64,623398,1.0,1,1.0,0.0,constant
keyword_entity_available_1d,False,float64,623398,1.0,1,1.0,0.0,constant
market_context_hour_of_day_1d,False,float32,623398,1.0,1,1.0,0.0,constant
market_session_1d,False,float64,623398,1.0,1,1.0,0.0,constant
news_coverage_1d,False,float64,623398,1.0,1,1.0,0.0,constant
news_freshness_hours_1d,False,float32,623398,1.0,1,1.0,0.0,constant
news_impact_available_1d,False,float64,623398,1.0,1,1.0,0.0,constant
news_impact_score_1d,False,float32,623398,1.0,1,1.0,0.0,constant
news_intensity_1d,False,float32,623398,1.0,1,1.0,0.0,constant
news_quality_available_1d,False,float64,623398,1.0,1,1.0,0.0,constant
news_quality_score_1d,False,float32,623398,1.0,1,1.0,0.0,constant
news_significance_level_1d,False,float64,623398,1.0,1,1.0,0.0,constant
news_source_count_1d,False,float64,623398,1.0,1,1.0,0.0,constant
nlp_sentiment_score_1d,False,float32,623398,1.0,1,1.0,0.0,constant
sentiment_available_1d,False,float64,623398,1.0,1,1.0,0.0,constant
sentiment_decay_weighted_1d,False,float32,623398,1.0,1,1.0,0.0,constant
sentiment_ema_1d,False,float32,623398,1.0,1,1.0,0.0,constant
sentiment_mean_1d,False,float32,623288,0.9998235477175095,1,1.0,0.0,constant
sentiment_neg_threshold_1d,False,float32,623288,0.9998235477175095,1,1.0,0.0,constant
sentiment_pos_threshold_1d,False,float32,623288,0.9998235477175095,1,1.0,0.0,constant
sentiment_sma_20_1d,False,float32,623398,1.0,1,1.0,0.0,constant
sentiment_sma_50_1d,False,float32,623398,1.0,1,1.0,0.0,constant
sentiment_sma_5_1d,False,float32,623398,1.0,1,1.0,0.0,constant
sentiment_std_20_1d,False,float32,623398,1.0,1,1.0,0.0,constant
sentiment_std_50_1d,False,float32,623398,1.0,1,1.0,0.0,constant
sentiment_std_5_1d,False,float32,623398,1.0,1,1.0,0.0,constant
sentiment_std_stat_1d,False,float32,623288,0.9998235477175095,1,1.0,0.0,constant
sentiment_velocity_1d,False,float32,623398,1.0,1,1.0,0.0,constant
state_FRED_BAMLC0A0CM_1d,False,float64,623398,1.0,1,1.0,0.0,constant
state_FRED_BAMLH0A0HYM2_1d,False,float64,623398,1.0,1,1.0,0.0,constant
state_entity_count_1d,False,float64,623398,1.0,1,1.0,0.0,constant
state_fear_greed_index_1d,False,float64,623398,1.0,1,1.0,0.0,constant
state_hype_score_1d,False,float64,623398,1.0,1,1.0,0.0,constant
state_keyword_count_1d,False,float64,623398,1.0,1,1.0,0.0,constant
state_keyword_entity_available_1d,False,float64,623398,1.0,1,1.0,0.0,constant
state_news_freshness_hours_1d,False,float64,623398,1.0,1,1.0,0.0,constant
state_news_impact_available_1d,False,float64,623398,1.0,1,1.0,0.0,constant
state_news_impact_score_1d,False,float64,623398,1.0,1,1.0,0.0,constant
state_news_quality_available_1d,False,float64,623398,1.0,1,1.0,0.0,constant
state_news_quality_score_1d,False,float64,623398,1.0,1,1.0,0.0,constant
state_news_significance_level_1d,False,float64,623398,1.0,1,1.0,0.0,constant
state_news_source_count_1d,False,float64,623398,1.0,1,1.0,0.0,constant
state_nlp_cluster_1d,False,float64,623398,1.0,1,1.0,0.0,constant
state_nlp_sentiment_score_1d,False,float64,623398,1.0,1,1.0,0.0,constant
state_nlp_subjectivity_score_1d,False,float64,623398,1.0,1,1.0,0.0,constant
state_sentiment_available_1d,False,float64,623398,1.0,1,1.0,0.0,constant
state_sentiment_mean_1d,False,float64,623398,1.0,1,1.0,0.0,constant
state_sentiment_neg_threshold_1d,False,float64,623398,1.0,1,1.0,0.0,constant
state_sentiment_pos_threshold_1d,False,float64,623398,1.0,1,1.0,0.0,constant
state_sentiment_std_stat_1d,False,float64,623398,1.0,1,1.0,0.0,constant
FRED_CAPUTLB50001SQ_1d,True,float32,225649,0.3619661917426748,111,0.011194377107809031,0.0,market-wide: no cross-sectional variation
FRED_CCSA_1d,True,float32,355548,0.5703386921356822,621,0.006021690460922295,0.0,market-wide: no cross-sectional variation
FRED_CPIAUCSL_1d,True,float32,621397,0.9967901725703323,317,0.008883209928596373,0.0,market-wide: no cross-sectional variation
FRED_CSUSHPINSA_1d,True,float32,231147,0.3707855976438808,106,0.011853928452456662,0.0,market-wide: no cross-sectional variation
FRED_DCOILWTICO_1d,True,float32,623165,0.999626241983452,4669,0.0011120650229072557,0.0,market-wide: no cross-sectional variation
FRED_DEXCHUS_1d,True,float32,623165,0.999626241983452,3429,0.028920109441319716,0.0,market-wide: no cross-sectional variation
FRED_DEXUSEU_1d,True,float32,585328,0.938931469141704,3586,0.0015922696334362955,0.0,market-wide: no cross-sectional variation
FRED_DGORDER_1d,True,float32,574105,0.9209285239926981,592,0.00509662866548802,0.0,market-wide: no cross-sectional variation
FRED_DGS10_1d,True,float32,623165,0.999626241983452,629,0.0049794195758747686,0.0,market-wide: no cross-sectional variation
FRED_DSPIC96_1d,True,float32,620731,0.9957218342054354,326,0.007753761291122886,0.0,market-wide: no cross-sectional variation
FRED_FEDFUNDS_1d,True,float32,619397,0.9935819492523236,161,0.06725573420601004,0.0,market-wide: no cross-sectional variation
FRED_GDP_1d,True,float32,620792,0.9958196850166346,320,0.007583860616760525,0.0,market-wide: no cross-sectional variation
FRED_GS10_1d,True,float32,623348,0.9999197944170498,234,0.016958424507658644,0.0,market-wide: no cross-sectional variation
FRED_GS2_1d,True,float32,623348,0.9999197944170498,233,0.013969724776529323,0.0,market-wide: no cross-sectional variation
FRED_HOUST_1d,True,float32,621336,0.996692321759133,280,0.01166196711602096,0.0,market-wide: no cross-sectional variation
FRED_ICSA_1d,True,float32,362249,0.5810878443626704,330,0.012651518706745912,0.0,market-wide: no cross-sectional variation
FRED_INDPRO_1d,True,float32,621336,0.996692321759133,348,0.004656095896584135,0.0,market-wide: no cross-sectional variation
FRED_MANEMP_1d,True,float32,621885,0.9975729790599264,300,0.011971666787267743,0.0,market-wide: no cross-sectional variation
FRED_NFCI_1d,True,float32,623043,0.9994305403610535,714,0.0077105432530339,0.0,market-wide: no cross-sectional variation
FRED_PAYEMS_1d,True,float32,621885,0.9975729790599264,324,0.005462424724828546,0.0,market-wide: no cross-sectional variation
FRED_PCEPILFE_1d,True,float32,554374,0.8892777968488831,274,0.00868186458960918,0.0,market-wide: no cross-sectional variation
FRED_PCEPI_1d,True,float32,554374,0.8892777968488831,277,0.00868186458960918,0.0,market-wide: no cross-sectional variation
FRED_PCU334413334413_1d,True,float32,221899,0.3559507730214085,64,0.04588574081000816,0.0,market-wide: no cross-sectional variation
FRED_PERMIT_1d,True,float32,573405,0.919805645831395,459,0.008391974259031574,0.0,market-wide: no cross-sectional variation
FRED_PPIACO_1d,True,float32,619031,0.992994844385128,276,0.01140169070692744,0.0,market-wide: no cross-sectional variation
FRED_RRPONTSYD_1d,True,float32,502657,0.8063179541801546,2221,0.15158050121653532,0.0,market-wide: no cross-sectional variation
FRED_RSAFS_1d,True,float32,536778,0.8610518480970424,285,0.007977227084567549,0.0,market-wide: no cross-sectional variation
FRED_SAHMREALTIME_1d,True,float32,108898,0.17468455144225678,27,0.174245624345718,0.0,market-wide: no cross-sectional variation
FRED_T10Y2Y_1d,True,float32,623165,0.999626241983452,391,0.011107812537610425,0.0,market-wide: no cross-sectional variation
FRED_T10Y3M_1d,True,float32,623165,0.999626241983452,547,0.005127053027689296,0.0,market-wide: no cross-sectional variation
FRED_T10YIE_1d,True,float32,504748,0.8096721516591326,253,0.0200397029804972,0.0,market-wide: no cross-sectional variation
FRED_T5YIE_1d,True,float32,504748,0.8096721516591326,355,0.01041113585393107,0.0,market-wide: no cross-sectional variation
FRED_T5YIFR_1d,True,float32,504748,0.8096721516591326,204,0.017436423720351542,0.0,market-wide: no cross-sectional variation
FRED_TOTALSA_1d,True,float32,275628,0.44213808834805374,141,0.06273673211720145,0.0,market-wide: no cross-sectional variation
FRED_UMCSENT_1d,True,float32,592762,0.9508564352147424,225,0.013155364210256393,0.0,market-wide: no cross-sectional variation
FRED_UNRATE_1d,True,float32,621885,0.9975729790599264,67,0.046688696463172454,0.0,market-wide: no cross-sectional variation
FRED_VIXCLS_1d,True,float32,623165,0.999626241983452,2424,0.00226264312020091,0.0,market-wide: no cross-sectional variation
FRED_WALCL_1d,True,float32,505500,0.8108784436267039,1080,0.0010880316518298715,0.0,market-wide: no cross-sectional variation
FRED_WPU01_1d,True,float32,223974,0.3592793047138425,100,0.01956923571485976,0.0,market-wide: no cross-sectional variation
FRED_WPU055_1d,True,float32,223974,0.3592793047138425,99,0.021341762883191798,0.0,market-wide: no cross-sectional variation
FRED_WPU0561_1d,True,float32,223974,0.3592793047138425,100,0.023230374954235758,0.0,market-wide: no cross-sectional variation
FRED_WPU101_1d,True,float32,223974,0.3592793047138425,97,0.0406698991847268,0.0,market-wide: no cross-sectional variation
FRED_WTREGEN_1d,True,float32,505500,0.8108784436267039,1062,0.0018061325420375865,0.0,market-wide: no cross-sectional variation
cftc_available_1d,True,float64,623398,1.0,2,0.9371877997683663,0.020441176470588237,market-wide: no cross-sectional variation
cftc_crude_ls_ratio_1d,True,float32,187651,0.30101315692382713,367,0.003511838466088643,0.0,market-wide: no cross-sectional variation
cftc_crude_net_pct_1d,True,float32,187651,0.30101315692382713,367,0.003511838466088643,0.0,market-wide: no cross-sectional variation
cftc_dow_ls_ratio_1d,True,float32,187651,0.30101315692382713,367,0.003511838466088643,0.0,market-wide: no cross-sectional variation
cftc_dow_net_pct_1d,True,float32,187651,0.30101315692382713,367,0.003511838466088643,0.0,market-wide: no cross-sectional variation
cftc_gold_ls_ratio_1d,True,float32,187651,0.30101315692382713,367,0.003511838466088643,0.0,market-wide: no cross-sectional variation
cftc_gold_net_pct_1d,True,float32,187651,0.30101315692382713,367,0.003511838466088643,0.0,market-wide: no cross-sectional variation
cftc_nasdaq_ls_ratio_1d,True,float32,187651,0.30101315692382713,367,0.003511838466088643,0.0,market-wide: no cross-sectional variation
cftc_nasdaq_net_pct_1d,True,float32,187651,0.30101315692382713,367,0.003511838466088643,0.0,market-wide: no cross-sectional variation
cftc_sp500_ls_ratio_1d,True,float32,187651,0.30101315692382713,367,0.003511838466088643,0.0,market-wide: no cross-sectional variation
cftc_sp500_net_pct_1d,True,float32,187651,0.30101315692382713,367,0.003511838466088643,0.0,market-wide: no cross-sectional variation
context_anxiety_index_1d,True,float64,623398,1.0,2,0.9909191238983763,0.49323529411764705,market-wide: no cross-sectional variation
day_of_month_1d,True,float64,623398,1.0,31,0.033941398592873255,0.0,market-wide: no cross-sectional variation
day_of_week_1d,True,float64,623398,1.0,5,0.2054016856005313,0.0,market-wide: no cross-sectional variation
day_of_week_cos_1d,True,float32,623398,1.0,4,0.40152198114206333,0.0,market-wide: no cross-sectional variation
day_of_week_sin_1d,True,float32,623398,1.0,5,0.2054016856005313,0.0,market-wide: no cross-sectional variation
day_of_year_1d,True,float64,623398,1.0,365,0.0029740230157940836,0.0,market-wide: no cross-sectional variation
market_context_day_of_week_1d,True,float32,623398,1.0,5,0.2054016856005313,0.0,market-wide: no cross-sectional variation
market_context_fed_funds_trend_1d,True,float32,623398,1.0,380,0.1004783460967151,0.3610294117647059,market-wide: no cross-sectional variation
market_context_fed_funds_velocity_1d,True,float32,623398,1.0,306,0.2587865216121964,0.1625,market-wide: no cross-sectional variation
market_context_yield_curve_inverted_1d,True,float32,623398,1.0,2,0.8762572225127446,0.0,market-wide: no cross-sectional variation
market_context_yield_curve_slope_1d,True,float32,623398,1.0,403,0.008496979457746094,0.0,market-wide: no cross-sectional variation
month_of_year_1d,True,float64,623398,1.0,12,0.08913086022091826,0.0,market-wide: no cross-sectional variation
quarter_1d,True,float64,623398,1.0,4,0.2535667422737962,0.0,market-wide: no cross-sectional variation
state_CDL_ENGULFING_BEAR_1d,True,float64,623398,1.0,2,0.9923114928183921,0.3941176470588235,market-wide: no cross-sectional variation
state_CDL_ENGULFING_BULL_1d,True,float64,623398,1.0,2,0.9934873066644423,0.3664705882352941,market-wide: no cross-sectional variation
state_CDL_MARUBOZU_1d,True,float64,623398,1.0,2,0.9919505676951161,0.4466176470588235,market-wide: no cross-sectional variation
state_CDL_SHOOTING_STAR_1d,True,float64,623398,1.0,2,0.9936830082868409,0.3814705882352941,market-wide: no cross-sectional variation
state_FRED_CAPUTLB50001SQ_1d,True,float64,623398,1.0,3,0.9816281091694231,0.0,market-wide: no cross-sectional variation
state_FRED_CCSA_1d,True,float64,623398,1.0,3,0.9172101931671259,0.0,market-wide: no cross-sectional variation
state_FRED_CPIAUCSL_1d,True,float64,623398,1.0,3,0.9538256458955595,0.0,market-wide: no cross-sectional variation
state_FRED_CSUSHPINSA_1d,True,float64,623398,1.0,3,0.9834985033638222,0.0,market-wide: no cross-sectional variation
state_FRED_DCOILWTICO_1d,True,float64,623398,1.0,3,0.41454736781317875,0.0,market-wide: no cross-sectional variation
state_FRED_DEXCHUS_1d,True,float64,623398,1.0,3,0.5026451801256981,0.0,market-wide: no cross-sectional variation
state_FRED_DEXUSEU_1d,True,float64,623398,1.0,3,0.4619873660165737,0.0,market-wide: no cross-sectional variation
state_FRED_DGORDER_1d,True,float64,623398,1.0,3,0.9289057712729267,0.0,market-wide: no cross-sectional variation
state_FRED_DGS10_1d,True,float64,623398,1.0,3,0.3942264813169115,0.0,market-wide: no cross-sectional variation
state_FRED_DSPIC96_1d,True,float64,623398,1.0,3,0.9540389927462071,0.0,market-wide: no cross-sectional variation
state_FRED_FEDFUNDS_1d,True,float64,623398,1.0,3,0.9625889078887003,0.0,market-wide: no cross-sectional variation
state_FRED_GDP_1d,True,float64,623398,1.0,3,0.957322609312189,0.0,market-wide: no cross-sectional variation
state_FRED_GS10_1d,True,float64,623398,1.0,3,0.9541801545721995,0.0,market-wide: no cross-sectional variation
state_FRED_GS2_1d,True,float64,623398,1.0,3,0.9550319378631308,0.0,market-wide: no cross-sectional variation
state_FRED_HOUST_1d,True,float64,623398,1.0,3,0.9536010702632989,0.0,market-wide: no cross-sectional variation
state_FRED_ICSA_1d,True,float64,623398,1.0,3,0.9110423838382542,0.0,market-wide: no cross-sectional variation
state_FRED_INDPRO_1d,True,float64,623398,1.0,3,0.9494624621830676,0.0,market-wide: no cross-sectional variation
state_FRED_MANEMP_1d,True,float64,623398,1.0,3,0.9549565446151576,0.0,market-wide: no cross-sectional variation
state_FRED_NFCI_1d,True,float64,623398,1.0,3,0.8138620913124521,0.0,market-wide: no cross-sectional variation
state_FRED_PAYEMS_1d,True,float64,623398,1.0,3,0.955116955781058,0.0,market-wide: no cross-sectional variation
state_FRED_PCEPILFE_1d,True,float64,623398,1.0,3,0.9599357072047071,0.0,market-wide: no cross-sectional variation
state_FRED_PCEPI_1d,True,float64,623398,1.0,3,0.9597063192374695,0.0,market-wide: no cross-sectional variation
state_FRED_PCU334413334413_1d,True,float64,623398,1.0,3,0.9859527942020988,0.0,market-wide: no cross-sectional variation
state_FRED_PERMIT_1d,True,float64,623398,1.0,3,0.9292442388329767,0.0,market-wide: no cross-sectional variation
state_FRED_PPIACO_1d,True,float64,623398,1.0,3,0.9520113956092255,0.0,market-wide: no cross-sectional variation
state_FRED_RRPONTSYD_1d,True,float64,623398,1.0,3,0.8409266632231737,0.0,market-wide: no cross-sectional variation
state_FRED_RSAFS_1d,True,float64,623398,1.0,3,0.9581054158017831,0.0,market-wide: no cross-sectional variation
state_FRED_SAHMREALTIME_1d,True,float64,623398,1.0,3,0.9937295275249519,0.0,market-wide: no cross-sectional variation
state_FRED_T10Y2Y_1d,True,float64,623398,1.0,3,0.43274761869624223,0.0,market-wide: no cross-sectional variation
state_FRED_T10Y3M_1d,True,float64,623398,1.0,3,0.4350270613636874,0.0,market-wide: no cross-sectional variation
state_FRED_T10YIE_1d,True,float64,623398,1.0,3,0.5209849887230951,0.0,market-wide: no cross-sectional variation
state_FRED_T5YIE_1d,True,float64,623398,1.0,3,0.5227591362179539,0.0,market-wide: no cross-sectional variation
state_FRED_T5YIFR_1d,True,float64,623398,1.0,3,0.5427335345958761,0.0,market-wide: no cross-sectional variation
state_FRED_TOTALSA_1d,True,float64,623398,1.0,3,0.9724317370283511,0.0,market-wide: no cross-sectional variation
state_FRED_UMCSENT_1d,True,float64,623398,1.0,3,0.9556366879585754,0.0,market-wide: no cross-sectional variation
state_FRED_UNRATE_1d,True,float64,623398,1.0,3,0.9642042483293177,0.0,market-wide: no cross-sectional variation
state_FRED_VIXCLS_1d,True,float64,623398,1.0,3,0.43822245178842406,0.0,market-wide: no cross-sectional variation
state_FRED_WALCL_1d,True,float64,623398,1.0,3,0.8654936332808254,0.0,market-wide: no cross-sectional variation
state_FRED_WPU01_1d,True,float64,623398,1.0,3,0.9826034090580977,0.0,market-wide: no cross-sectional variation
state_FRED_WPU055_1d,True,float64,623398,1.0,3,0.9831151206773201,0.0,market-wide: no cross-sectional variation
state_FRED_WPU0561_1d,True,float64,623398,1.0,3,0.9829418766181476,0.0,market-wide: no cross-sectional variation
state_FRED_WPU101_1d,True,float64,623398,1.0,3,0.9831054960073661,0.0,market-wide: no cross-sectional variation
state_FRED_WTREGEN_1d,True,float64,623398,1.0,3,0.8661481108376992,0.0,market-wide: no cross-sectional variation
state_LEVEL_BREAKOUT_DOWN_20_1d,True,float64,623398,1.0,2,0.9915030205422539,0.34794117647058825,market-wide: no cross-sectional variation
state_cftc_available_1d,True,float64,623398,1.0,2,0.9737695661519608,0.07073529411764706,market-wide: no cross-sectional variation
state_cftc_crude_ls_ratio_1d,True,float64,623398,1.0,3,0.9500062560354701,0.0,market-wide: no cross-sectional variation
state_cftc_crude_net_pct_1d,True,float64,623398,1.0,3,0.9500190889287422,0.0,market-wide: no cross-sectional variation
state_cftc_dow_ls_ratio_1d,True,float64,623398,1.0,3,0.9491528686328798,0.0,market-wide: no cross-sectional variation
state_cftc_dow_net_pct_1d,True,float64,623398,1.0,3,0.9529546132647201,0.0,market-wide: no cross-sectional variation
state_cftc_gold_ls_ratio_1d,True,float64,623398,1.0,3,0.9483492086917186,0.0,market-wide: no cross-sectional variation
state_cftc_gold_net_pct_1d,True,float64,623398,1.0,3,0.948843275082692,0.0,market-wide: no cross-sectional variation
state_cftc_nasdaq_ls_ratio_1d,True,float64,623398,1.0,3,0.9476610447900058,0.0,market-wide: no cross-sectional variation
state_cftc_nasdaq_net_pct_1d,True,float64,623398,1.0,3,0.9541432600040424,0.0,market-wide: no cross-sectional variation
state_cftc_sp500_ls_ratio_1d,True,float64,623398,1.0,3,0.9496709966987382,0.0,market-wide: no cross-sectional variation
state_cftc_sp500_net_pct_1d,True,float64,623398,1.0,3,0.9549790021783836,0.0,market-wide: no cross-sectional variation
state_champion_1d,True,float64,623398,1.0,2,0.6359629001055506,0.0,market-wide: no cross-sectional variation
state_day_of_week_cos_1d,True,float64,623398,1.0,3,0.41399555340248123,0.0,market-wide: no cross-sectional variation
state_day_of_week_sin_1d,True,float64,623398,1.0,2,0.6075220003914032,0.0,market-wide: no cross-sectional variation
state_fear_greed_available_1d,True,float64,623398,1.0,2,0.999990375330046,0.000588235294117647,market-wide: no cross-sectional variation
state_filing_data_available_1d,True,float64,623398,1.0,2,0.9999133779704138,0.0004411764705882353,market-wide: no cross-sectional variation
state_filing_periodic_30d_1d,False,float64,623398,1.0,3,0.9936525301653197,0.27852941176470586,market-wide: no cross-sectional variation
state_fund_current_ratio_1d,True,float64,623398,1.0,3,0.9976547887545356,0.1327941176470588,market-wide: no cross-sectional variation
state_fund_data_available_1d,True,float64,623398,1.0,2,0.9998684628439617,0.0072058823529411765,market-wide: no cross-sectional variation
state_fund_debt_to_equity_1d,True,float64,623398,1.0,3,0.9989364739700801,0.07720588235294118,market-wide: no cross-sectional variation
state_fund_return_on_equity_1d,True,float64,623398,1.0,3,0.9977414107841218,0.12676470588235295,market-wide: no cross-sectional variation
state_insider_available_1d,True,float64,623398,1.0,2,0.9999534807618888,0.0014705882352941176,market-wide: no cross-sectional variation
state_insider_net_value_30d_1d,False,float64,623398,1.0,2,0.9999983958883409,0.00014705882352941175,market-wide: no cross-sectional variation
state_news_intensity_1d,True,float64,623398,1.0,2,0.999996791776682,0.0002941176470588235,market-wide: no cross-sectional variation
state_peer_count_1d,True,float64,623398,1.0,3,0.9482385249872474,0.4472058823529412,market-wide: no cross-sectional variation
state_sentiment_decay_weighted_1d,True,float64,623398,1.0,2,0.999996791776682,0.0002941176470588235,market-wide: no cross-sectional variation
state_sentiment_ema_1d,False,float64,623398,1.0,2,0.999996791776682,0.0002941176470588235,market-wide: no cross-sectional variation
state_sentiment_sma_20_1d,True,float64,623398,1.0,2,0.999996791776682,0.0002941176470588235,market-wide: no cross-sectional variation
state_sentiment_sma_50_1d,True,float64,623398,1.0,2,0.999996791776682,0.0002941176470588235,market-wide: no cross-sectional variation
state_sentiment_sma_5_1d,True,float64,623398,1.0,2,0.999996791776682,0.0002941176470588235,market-wide: no cross-sectional variation
state_sentiment_std_20_1d,True,float64,623398,1.0,2,0.999996791776682,0.0002941176470588235,market-wide: no cross-sectional variation
state_sentiment_std_50_1d,True,float64,623398,1.0,2,0.999996791776682,0.0002941176470588235,market-wide: no cross-sectional variation
state_sentiment_std_5_1d,True,float64,623398,1.0,2,0.999996791776682,0.0002941176470588235,market-wide: no cross-sectional variation
state_sentiment_velocity_1d,True,float64,623398,1.0,2,0.999996791776682,0.0002941176470588235,market-wide: no cross-sectional variation
state_wiki_attention_available_1d,True,float64,623398,1.0,2,0.9999149820820727,0.003088235294117647,market-wide: no cross-sectional variation
state_wiki_attention_z_1d,True,float64,623398,1.0,3,0.9496292897956041,0.2948529411764706,market-wide: no cross-sectional variation
state_wiki_views_1d,True,float64,623398,1.0,3,0.9472279346420746,0.2948529411764706,market-wide: no cross-sectional variation
week_of_year_1d,True,float64,623398,1.0,53,0.020126788985527704,0.0,market-wide: no cross-sectional variation
wiki_attention_available_1d,True,float64,623398,1.0,2,0.6716223022852175,0.29514705882352943,market-wide: no cross-sectional variation
wiki_attention_z_1d,True,float32,204656,0.3282910756851963,193482,0.00022476741458838246,0.295,market-wide: no cross-sectional variation
wiki_views_1d,True,float32,204710,0.32837769771478253,3895,0.13591422011626203,0.29514705882352943,market-wide: no cross-sectional variation
CDL_ENGULFING_BEAR_1d,True,float64,623398,1.0,2,0.9592828337594923,0.7905882352941176,"tie hazard: ranks are ties, book would be one-sided"
CDL_ENGULFING_BULL_1d,True,float64,623398,1.0,2,0.9616280450049567,0.7777941176470589,"tie hazard: ranks are ties, book would be one-sided"
CDL_HAMMER_1d,True,float64,623398,1.0,2,0.9533011013830651,0.8719117647058824,"tie hazard: ranks are ties, book would be one-sided"
CDL_MARUBOZU_1d,True,float64,623398,1.0,2,0.9575231232695646,0.8808823529411764,"tie hazard: ranks are ties, book would be one-sided"
CDL_OUTSIDE_BAR_1d,True,float64,623398,1.0,2,0.902136355907462,0.981764705882353,"tie hazard: ranks are ties, book would be one-sided"
CDL_SHOOTING_STAR_1d,True,float64,623398,1.0,2,0.9622456279936734,0.8408823529411765,"tie hazard: ranks are ties, book would be one-sided"
LEVEL_BREAKOUT_DOWN_20_1d,True,float64,623398,1.0,2,0.9511211136384782,0.7363235294117647,"tie hazard: ranks are ties, book would be one-sided"
LEVEL_BREAKOUT_UP_20_1d,True,float64,623398,1.0,2,0.9148681901449797,0.8823529411764706,"tie hazard: ranks are ties, book would be one-sided"
state_CDL_DOJI_1d,True,float64,623398,1.0,2,0.9416680836319654,0.9823529411764705,"tie hazard: ranks are ties, book would be one-sided"
state_CDL_HAMMER_1d,True,float64,623398,1.0,2,0.9895251508667016,0.5233823529411765,"tie hazard: ranks are ties, book would be one-sided"
state_CDL_INSIDE_BAR_1d,True,float64,623398,1.0,2,0.9124860843313581,0.9725,"tie hazard: ranks are ties, book would be one-sided"
state_CDL_OUTSIDE_BAR_1d,True,float64,623398,1.0,2,0.9439715879742957,0.9436764705882353,"tie hazard: ranks are ties, book would be one-sided"
state_LEVEL_BREAKOUT_UP_20_1d,True,float64,623398,1.0,2,0.977187928097299,0.663235294117647,"tie hazard: ranks are ties, book would be one-sided"
state_filing_material_30d_1d,False,float64,623398,1.0,3,0.960288611769688,0.8727941176470588,"tie hazard: ranks are ties, book would be one-sided"
state_fund_earnings_yield_1d,True,float64,623398,1.0,3,0.9134437389917838,0.5266176470588235,"tie hazard: ranks are ties, book would be one-sided"
state_fund_price_to_book_1d,True,float64,623398,1.0,3,0.9090500771577708,0.5280882352941176,"tie hazard: ranks are ties, book would be one-sided"
AATR_14_15m,False,float32,0,0.0,0,1.0,0.0,too little history
AATR_14_60m,False,float32,0,0.0,0,1.0,0.0,too little history
ABB_Lower_15m,False,float32,0,0.0,0,1.0,0.0,too little history
ABB_Lower_60m,False,float32,0,0.0,0,1.0,0.0,too little history
ABB_Mid_15m,False,float32,0,0.0,0,1.0,0.0,too little history
ABB_Mid_60m,False,float32,0,0.0,0,1.0,0.0,too little history
ABB_Upper_15m,False,float32,0,0.0,0,1.0,0.0,too little history
ABB_Upper_60m,False,float32,0,0.0,0,1.0,0.0,too little history
ACCELERATION_10_15m,False,float32,0,0.0,0,1.0,0.0,too little history
ACCELERATION_10_60m,False,float32,0,0.0,0,1.0,0.0,too little history
ACCELERATION_5_15m,False,float32,0,0.0,0,1.0,0.0,too little history
ACCELERATION_5_60m,False,float32,0,0.0,0,1.0,0.0,too little history
AEMA_20_15m,False,float32,0,0.0,0,1.0,0.0,too little history
AEMA_20_60m,False,float32,0,0.0,0,1.0,0.0,too little history
ARSI_14_15m,False,float32,0,0.0,0,1.0,0.0,too little history
ARSI_14_60m,False,float32,0,0.0,0,1.0,0.0,too little history
ATR_14_15m,False,float32,0,0.0,0,1.0,0.0,too little history
ATR_14_60m,False,float32,0,0.0,0,1.0,0.0,too little history
AUTOCORR_15m,False,float32,0,0.0,0,1.0,0.0,too little history
AUTOCORR_60m,False,float32,0,0.0,0,1.0,0.0,too little history
BB_Lower_15m,False,float32,0,0.0,0,1.0,0.0,too little history
BB_Lower_60m,False,float32,0,0.0,0,1.0,0.0,too little history
BB_Middle_15m,False,float32,0,0.0,0,1.0,0.0,too little history
BB_Middle_60m,False,float32,0,0.0,0,1.0,0.0,too little history
BB_Upper_15m,False,float32,0,0.0,0,1.0,0.0,too little history
BB_Upper_60m,False,float32,0,0.0,0,1.0,0.0,too little history
CCI_15m,False,float32,0,0.0,0,1.0,0.0,too little history
CCI_60m,False,float32,0,0.0,0,1.0,0.0,too little history
CDL_BODY_RATIO_15m,False,float32,0,0.0,0,1.0,0.0,too little history
CDL_BODY_RATIO_60m,False,float32,0,0.0,0,1.0,0.0,too little history
CDL_DOJI_15m,False,float64,0,0.0,0,1.0,0.0,too little history
CDL_DOJI_60m,False,float64,0,0.0,0,1.0,0.0,too little history
CDL_ENGULFING_BEAR_15m,False,float64,0,0.0,0,1.0,0.0,too little history
CDL_ENGULFING_BEAR_60m,False,float64,0,0.0,0,1.0,0.0,too little history
CDL_ENGULFING_BULL_15m,False,float64,0,0.0,0,1.0,0.0,too little history
CDL_ENGULFING_BULL_60m,False,float64,0,0.0,0,1.0,0.0,too little history
CDL_HAMMER_15m,False,float64,0,0.0,0,1.0,0.0,too little history
CDL_HAMMER_60m,False,float64,0,0.0,0,1.0,0.0,too little history
CDL_INSIDE_BAR_15m,False,float64,0,0.0,0,1.0,0.0,too little history
CDL_INSIDE_BAR_60m,False,float64,0,0.0,0,1.0,0.0,too little history
CDL_LOWER_WICK_RATIO_15m,False,float32,0,0.0,0,1.0,0.0,too little history
CDL_LOWER_WICK_RATIO_60m,False,float32,0,0.0,0,1.0,0.0,too little history
CDL_MARUBOZU_15m,False,float64,0,0.0,0,1.0,0.0,too little history
CDL_MARUBOZU_60m,False,float64,0,0.0,0,1.0,0.0,too little history
CDL_OUTSIDE_BAR_15m,False,float64,0,0.0,0,1.0,0.0,too little history
CDL_OUTSIDE_BAR_60m,False,float64,0,0.0,0,1.0,0.0,too little history
CDL_SHOOTING_STAR_15m,False,float64,0,0.0,0,1.0,0.0,too little history
CDL_SHOOTING_STAR_60m,False,float64,0,0.0,0,1.0,0.0,too little history
CDL_UPPER_WICK_RATIO_15m,False,float32,0,0.0,0,1.0,0.0,too little history
CDL_UPPER_WICK_RATIO_60m,False,float32,0,0.0,0,1.0,0.0,too little history
CURRENT_DRAWDOWN_15m,False,float32,0,0.0,0,1.0,0.0,too little history
CURRENT_DRAWDOWN_60m,False,float32,0,0.0,0,1.0,0.0,too little history
EMA_100_15m,False,float32,0,0.0,0,1.0,0.0,too little history
EMA_100_60m,False,float32,0,0.0,0,1.0,0.0,too little history
EMA_10_15m,False,float32,0,0.0,0,1.0,0.0,too little history
EMA_10_60m,False,float32,0,0.0,0,1.0,0.0,too little history
EMA_200_15m,False,float32,0,0.0,0,1.0,0.0,too little history
EMA_200_60m,False,float32,0,0.0,0,1.0,0.0,too little history
EMA_20_15m,False,float32,0,0.0,0,1.0,0.0,too little history
EMA_20_60m,False,float32,0,0.0,0,1.0,0.0,too little history
EMA_50_15m,False,float32,0,0.0,0,1.0,0.0,too little history
EMA_50_60m,False,float32,0,0.0,0,1.0,0.0,too little history
EMA_5_15m,False,float32,0,0.0,0,1.0,0.0,too little history
EMA_5_60m,False,float32,0,0.0,0,1.0,0.0,too little history
FRED_BAMLC0A0CM_15m,False,float32,0,0.0,0,1.0,0.0,too little history
FRED_BAMLC0A0CM_1d,False,float32,110,0.0001764522824904796,1,1.0,0.0,too little history
FRED_BAMLC0A0CM_60m,False,float32,0,0.0,0,1.0,0.0,too little history
FRED_BAMLH0A0HYM2_15m,False,float32,0,0.0,0,1.0,0.0,too little history
FRED_BAMLH0A0HYM2_1d,False,float32,110,0.0001764522824904796,1,1.0,0.0,too little history
FRED_BAMLH0A0HYM2_60m,False,float32,0,0.0,0,1.0,0.0,too little history
FRED_CAPUTLB50001SQ_15m,False,float32,0,0.0,0,1.0,0.0,too little history
FRED_CAPUTLB50001SQ_60m,False,float32,0,0.0,0,1.0,0.0,too little history
FRED_CCSA_15m,False,float32,0,0.0,0,1.0,0.0,too little history
FRED_CCSA_60m,False,float32,0,0.0,0,1.0,0.0,too little history
FRED_CPIAUCSL_15m,False,float32,0,0.0,0,1.0,0.0,too little history
FRED_CPIAUCSL_60m,False,float32,0,0.0,0,1.0,0.0,too little history
FRED_CSUSHPINSA_15m,False,float32,0,0.0,0,1.0,0.0,too little history
FRED_CSUSHPINSA_60m,False,float32,0,0.0,0,1.0,0.0,too little history
FRED_DCOILWTICO_15m,False,float32,0,0.0,0,1.0,0.0,too little history
FRED_DCOILWTICO_60m,False,float32,0,0.0,0,1.0,0.0,too little history
FRED_DEXCHUS_15m,False,float32,0,0.0,0,1.0,0.0,too little history
FRED_DEXCHUS_60m,False,float32,0,0.0,0,1.0,0.0,too little history
FRED_DEXUSEU_15m,False,float32,0,0.0,0,1.0,0.0,too little history
FRED_DEXUSEU_60m,False,float32,0,0.0,0,1.0,0.0,too little history
FRED_DGORDER_15m,False,float32,0,0.0,0,1.0,0.0,too little history
FRED_DGORDER_60m,False,float32,0,0.0,0,1.0,0.0,too little history
FRED_DGS10_15m,False,float32,0,0.0,0,1.0,0.0,too little history
FRED_DGS10_60m,False,float32,0,0.0,0,1.0,0.0,too little history
FRED_DSPIC96_15m,False,float32,0,0.0,0,1.0,0.0,too little history
FRED_DSPIC96_60m,False,float32,0,0.0,0,1.0,0.0,too little history
FRED_FEDFUNDS_15m,False,float32,0,0.0,0,1.0,0.0,too little history
FRED_FEDFUNDS_60m,False,float32,0,0.0,0,1.0,0.0,too little history
FRED_GDP_15m,False,float32,0,0.0,0,1.0,0.0,too little history
FRED_GDP_60m,False,float32,0,0.0,0,1.0,0.0,too little history
FRED_GS10_15m,False,float32,0,0.0,0,1.0,0.0,too little history
FRED_GS10_60m,False,float32,0,0.0,0,1.0,0.0,too little history
FRED_GS2_15m,False,float32,0,0.0,0,1.0,0.0,too little history
FRED_GS2_60m,False,float32,0,0.0,0,1.0,0.0,too little history
FRED_HOUST_15m,False,float32,0,0.0,0,1.0,0.0,too little history
FRED_HOUST_60m,False,float32,0,0.0,0,1.0,0.0,too little history
FRED_ICSA_15m,False,float32,0,0.0,0,1.0,0.0,too little history
FRED_ICSA_60m,False,float32,0,0.0,0,1.0,0.0,too little history
FRED_INDPRO_15m,False,float32,0,0.0,0,1.0,0.0,too little history
FRED_INDPRO_60m,False,float32,0,0.0,0,1.0,0.0,too little history
FRED_MANEMP_15m,False,float32,0,0.0,0,1.0,0.0,too little history
FRED_MANEMP_60m,False,float32,0,0.0,0,1.0,0.0,too little history
FRED_NFCI_15m,False,float32,0,0.0,0,1.0,0.0,too little history
FRED_NFCI_60m,False,float32,0,0.0,0,1.0,0.0,too little history
FRED_PAYEMS_15m,False,float32,0,0.0,0,1.0,0.0,too little history
FRED_PAYEMS_60m,False,float32,0,0.0,0,1.0,0.0,too little history
FRED_PCEPILFE_15m,False,float32,0,0.0,0,1.0,0.0,too little history
FRED_PCEPILFE_60m,False,float32,0,0.0,0,1.0,0.0,too little history
FRED_PCEPI_15m,False,float32,0,0.0,0,1.0,0.0,too little history
FRED_PCEPI_60m,False,float32,0,0.0,0,1.0,0.0,too little history
FRED_PCU334413334413_15m,False,float32,0,0.0,0,1.0,0.0,too little history
FRED_PCU334413334413_60m,False,float32,0,0.0,0,1.0,0.0,too little history
FRED_PERMIT_15m,False,float32,0,0.0,0,1.0,0.0,too little history
FRED_PERMIT_60m,False,float32,0,0.0,0,1.0,0.0,too little history
FRED_PPIACO_15m,False,float32,0,0.0,0,1.0,0.0,too little history
FRED_PPIACO_60m,False,float32,0,0.0,0,1.0,0.0,too little history
FRED_RRPONTSYD_15m,False,float32,0,0.0,0,1.0,0.0,too little history
FRED_RRPONTSYD_60m,False,float32,0,0.0,0,1.0,0.0,too little history
FRED_RSAFS_15m,False,float32,0,0.0,0,1.0,0.0,too little history
FRED_RSAFS_60m,False,float32,0,0.0,0,1.0,0.0,too little history
FRED_SAHMREALTIME_15m,False,float32,0,0.0,0,1.0,0.0,too little history
FRED_SAHMREALTIME_60m,False,float32,0,0.0,0,1.0,0.0,too little history
FRED_T10Y2Y_15m,False,float32,0,0.0,0,1.0,0.0,too little history
FRED_T10Y2Y_60m,False,float32,0,0.0,0,1.0,0.0,too little history
FRED_T10Y3M_15m,False,float32,0,0.0,0,1.0,0.0,too little history
FRED_T10Y3M_60m,False,float32,0,0.0,0,1.0,0.0,too little history
FRED_T10YIE_15m,False,float32,0,0.0,0,1.0,0.0,too little history
FRED_T10YIE_60m,False,float32,0,0.0,0,1.0,0.0,too little history
FRED_T5YIE_15m,False,float32,0,0.0,0,1.0,0.0,too little history
FRED_T5YIE_60m,False,float32,0,0.0,0,1.0,0.0,too little history
FRED_T5YIFR_15m,False,float32,0,0.0,0,1.0,0.0,too little history
FRED_T5YIFR_60m,False,float32,0,0.0,0,1.0,0.0,too little history
FRED_TOTALSA_15m,False,float32,0,0.0,0,1.0,0.0,too little history
FRED_TOTALSA_60m,False,float32,0,0.0,0,1.0,0.0,too little history
FRED_UMCSENT_15m,False,float32,0,0.0,0,1.0,0.0,too little history
FRED_UMCSENT_60m,False,float32,0,0.0,0,1.0,0.0,too little history
FRED_UNRATE_15m,False,float32,0,0.0,0,1.0,0.0,too little history
FRED_UNRATE_60m,False,float32,0,0.0,0,1.0,0.0,too little history
FRED_VIXCLS_15m,False,float32,0,0.0,0,1.0,0.0,too little history
FRED_VIXCLS_60m,False,float32,0,0.0,0,1.0,0.0,too little history
FRED_WALCL_15m,False,float32,0,0.0,0,1.0,0.0,too little history
FRED_WALCL_60m,False,float32,0,0.0,0,1.0,0.0,too little history
FRED_WPU01_15m,False,float32,0,0.0,0,1.0,0.0,too little history
FRED_WPU01_60m,False,float32,0,0.0,0,1.0,0.0,too little history
FRED_WPU055_15m,False,float32,0,0.0,0,1.0,0.0,too little history
FRED_WPU055_60m,False,float32,0,0.0,0,1.0,0.0,too little history
FRED_WPU0561_15m,False,float32,0,0.0,0,1.0,0.0,too little history
FRED_WPU0561_60m,False,float32,0,0.0,0,1.0,0.0,too little history
FRED_WPU101_15m,False,float32,0,0.0,0,1.0,0.0,too little history
FRED_WPU101_60m,False,float32,0,0.0,0,1.0,0.0,too little history
FRED_WTREGEN_15m,False,float32,0,0.0,0,1.0,0.0,too little history
FRED_WTREGEN_60m,False,float32,0,0.0,0,1.0,0.0,too little history
HURST_EXPONENT_15m,False,float32,0,0.0,0,1.0,0.0,too little history
HURST_EXPONENT_60m,False,float32,0,0.0,0,1.0,0.0,too little history
KURTOSIS_15m,False,float32,0,0.0,0,1.0,0.0,too little history
KURTOSIS_60m,False,float32,0,0.0,0,1.0,0.0,too little history
LAG_10_15m,False,float32,0,0.0,0,1.0,0.0,too little history
LAG_10_60m,False,float32,0,0.0,0,1.0,0.0,too little history
LAG_1_15m,False,float32,0,0.0,0,1.0,0.0,too little history
LAG_1_60m,False,float32,0,0.0,0,1.0,0.0,too little history
LAG_20_15m,False,float32,0,0.0,0,1.0,0.0,too little history
LAG_20_60m,False,float32,0,0.0,0,1.0,0.0,too little history
LAG_5_15m,False,float32,0,0.0,0,1.0,0.0,too little history
LAG_5_60m,False,float32,0,0.0,0,1.0,0.0,too little history
LEVEL_BREAKOUT_DOWN_20_15m,False,float64,0,0.0,0,1.0,0.0,too little history
LEVEL_BREAKOUT_DOWN_20_60m,False,float64,0,0.0,0,1.0,0.0,too little history
LEVEL_BREAKOUT_UP_20_15m,False,float64,0,0.0,0,1.0,0.0,too little history
LEVEL_BREAKOUT_UP_20_60m,False,float64,0,0.0,0,1.0,0.0,too little history
LEVEL_DIST_RESISTANCE_20_15m,False,float32,0,0.0,0,1.0,0.0,too little history
LEVEL_DIST_RESISTANCE_20_60m,False,float32,0,0.0,0,1.0,0.0,too little history
LEVEL_DIST_SUPPORT_20_15m,False,float32,0,0.0,0,1.0,0.0,too little history
LEVEL_DIST_SUPPORT_20_60m,False,float32,0,0.0,0,1.0,0.0,too little history
LEVEL_POSITION_20_15m,False,float32,0,0.0,0,1.0,0.0,too little history
LEVEL_POSITION_20_60m,False,float32,0,0.0,0,1.0,0.0,too little history
MACD_15m,False,float32,0,0.0,0,1.0,0.0,too little history
MACD_60m,False,float32,0,0.0,0,1.0,0.0,too little history
MACD_Histogram_15m,False,float32,0,0.0,0,1.0,0.0,too little history
MACD_Histogram_60m,False,float32,0,0.0,0,1.0,0.0,too little history
MACD_Signal_15m,False,float32,0,0.0,0,1.0,0.0,too little history
MACD_Signal_60m,False,float32,0,0.0,0,1.0,0.0,too little history
MARKET_PREMIUM_15m,False,float32,0,0.0,0,1.0,0.0,too little history
MARKET_PREMIUM_60m,False,float32,0,0.0,0,1.0,0.0,too little history
MAX_DRAWDOWN_15m,False,float32,0,0.0,0,1.0,0.0,too little history
MAX_DRAWDOWN_60m,False,float32,0,0.0,0,1.0,0.0,too little history
MOMENTUM_ZSCORE_15m,False,float32,0,0.0,0,1.0,0.0,too little history
MOMENTUM_ZSCORE_60m,False,float32,0,0.0,0,1.0,0.0,too little history
ROLLING_KURT_10_15m,False,float32,0,0.0,0,1.0,0.0,too little history
ROLLING_KURT_10_60m,False,float32,0,0.0,0,1.0,0.0,too little history
ROLLING_KURT_20_15m,False,float32,0,0.0,0,1.0,0.0,too little history
ROLLING_KURT_20_60m,False,float32,0,0.0,0,1.0,0.0,too little history
ROLLING_SKEW_10_15m,False,float32,0,0.0,0,1.0,0.0,too little history
ROLLING_SKEW_10_60m,False,float32,0,0.0,0,1.0,0.0,too little history
ROLLING_SKEW_20_15m,False,float32,0,0.0,0,1.0,0.0,too little history
ROLLING_SKEW_20_60m,False,float32,0,0.0,0,1.0,0.0,too little history
ROLLING_VOL_10_15m,False,float32,0,0.0,0,1.0,0.0,too little history
ROLLING_VOL_10_60m,False,float32,0,0.0,0,1.0,0.0,too little history
ROLLING_VOL_20_15m,False,float32,0,0.0,0,1.0,0.0,too little history
ROLLING_VOL_20_60m,False,float32,0,0.0,0,1.0,0.0,too little history
RSI_14_15m,False,float32,0,0.0,0,1.0,0.0,too little history
RSI_14_60m,False,float32,0,0.0,0,1.0,0.0,too little history
RSI_VELOCITY_15m,False,float32,0,0.0,0,1.0,0.0,too little history
RSI_VELOCITY_60m,False,float32,0,0.0,0,1.0,0.0,too little history
SHARPE_RATIO_15m,False,float32,0,0.0,0,1.0,0.0,too little history
SHARPE_RATIO_60m,False,float32,0,0.0,0,1.0,0.0,too little history
SKEWNESS_15m,False,float32,0,0.0,0,1.0,0.0,too little history
SKEWNESS_60m,False,float32,0,0.0,0,1.0,0.0,too little history
SMA_100_15m,False,float32,0,0.0,0,1.0,0.0,too little history
SMA_100_60m,False,float32,0,0.0,0,1.0,0.0,too little history
SMA_10_15m,False,float32,0,0.0,0,1.0,0.0,too little history
SMA_10_60m,False,float32,0,0.0,0,1.0,0.0,too little history
SMA_200_15m,False,float32,0,0.0,0,1.0,0.0,too little history
SMA_200_60m,False,float32,0,0.0,0,1.0,0.0,too little history
SMA_20_15m,False,float32,0,0.0,0,1.0,0.0,too little history
SMA_20_60m,False,float32,0,0.0,0,1.0,0.0,too little history
SMA_50_15m,False,float32,0,0.0,0,1.0,0.0,too little history
SMA_50_60m,False,float32,0,0.0,0,1.0,0.0,too little history
SMA_5_15m,False,float32,0,0.0,0,1.0,0.0,too little history
SMA_5_60m,False,float32,0,0.0,0,1.0,0.0,too little history
SORTINO_RATIO_15m,False,float32,0,0.0,0,1.0,0.0,too little history
SORTINO_RATIO_60m,False,float32,0,0.0,0,1.0,0.0,too little history
Stoch_D_15m,False,float32,0,0.0,0,1.0,0.0,too little history
Stoch_D_60m,False,float32,0,0.0,0,1.0,0.0,too little history
Stoch_K_15m,False,float32,0,0.0,0,1.0,0.0,too little history
Stoch_K_60m,False,float32,0,0.0,0,1.0,0.0,too little history
VELOCITY_10_15m,False,float32,0,0.0,0,1.0,0.0,too little history
VELOCITY_10_60m,False,float32,0,0.0,0,1.0,0.0,too little history
VELOCITY_1_15m,False,float32,0,0.0,0,1.0,0.0,too little history
VELOCITY_1_60m,False,float32,0,0.0,0,1.0,0.0,too little history
VELOCITY_5_15m,False,float32,0,0.0,0,1.0,0.0,too little history
VELOCITY_5_60m,False,float32,0,0.0,0,1.0,0.0,too little history
VOLATILITY_20_15m,False,float32,0,0.0,0,1.0,0.0,too little history
VOLATILITY_20_60m,False,float32,0,0.0,0,1.0,0.0,too little history
VOLATILITY_50_15m,False,float32,0,0.0,0,1.0,0.0,too little history
VOLATILITY_50_60m,False,float32,0,0.0,0,1.0,0.0,too little history
VOLATILITY_5_15m,False,float32,0,0.0,0,1.0,0.0,too little history
VOLATILITY_5_60m,False,float32,0,0.0,0,1.0,0.0,too little history
Williams_R_15m,False,float32,0,0.0,0,1.0,0.0,too little history
Williams_R_60m,False,float32,0,0.0,0,1.0,0.0,too little history
atr_14_15m,False,float32,0,0.0,0,1.0,0.0,too little history
atr_14_60m,False,float32,0,0.0,0,1.0,0.0,too little history
cftc_available_15m,False,float64,0,0.0,0,1.0,0.0,too little history
cftc_available_60m,False,float64,0,0.0,0,1.0,0.0,too little history
cftc_crude_ls_ratio_15m,False,float32,0,0.0,0,1.0,0.0,too little history
cftc_crude_ls_ratio_60m,False,float32,0,0.0,0,1.0,0.0,too little history
cftc_crude_net_pct_15m,False,float32,0,0.0,0,1.0,0.0,too little history
cftc_crude_net_pct_60m,False,float32,0,0.0,0,1.0,0.0,too little history
cftc_dow_ls_ratio_15m,False,float32,0,0.0,0,1.0,0.0,too little history
cftc_dow_ls_ratio_60m,False,float32,0,0.0,0,1.0,0.0,too little history
cftc_dow_net_pct_15m,False,float32,0,0.0,0,1.0,0.0,too little history
cftc_dow_net_pct_60m,False,float32,0,0.0,0,1.0,0.0,too little history
cftc_gold_ls_ratio_15m,False,float32,0,0.0,0,1.0,0.0,too little history
cftc_gold_ls_ratio_60m,False,float32,0,0.0,0,1.0,0.0,too little history
cftc_gold_net_pct_15m,False,float32,0,0.0,0,1.0,0.0,too little history
cftc_gold_net_pct_60m,False,float32,0,0.0,0,1.0,0.0,too little history
cftc_nasdaq_ls_ratio_15m,False,float32,0,0.0,0,1.0,0.0,too little history
cftc_nasdaq_ls_ratio_60m,False,float32,0,0.0,0,1.0,0.0,too little history
cftc_nasdaq_net_pct_15m,False,float32,0,0.0,0,1.0,0.0,too little history
cftc_nasdaq_net_pct_60m,False,float32,0,0.0,0,1.0,0.0,too little history
cftc_sp500_ls_ratio_15m,False,float32,0,0.0,0,1.0,0.0,too little history
cftc_sp500_ls_ratio_60m,False,float32,0,0.0,0,1.0,0.0,too little history
cftc_sp500_net_pct_15m,False,float32,0,0.0,0,1.0,0.0,too little history
cftc_sp500_net_pct_60m,False,float32,0,0.0,0,1.0,0.0,too little history
context_anxiety_index_15m,False,float64,0,0.0,0,1.0,0.0,too little history
context_anxiety_index_60m,False,float64,0,0.0,0,1.0,0.0,too little history
context_fingerprint_15m,False,object,0,0.0,0,1.0,0.0,too little history
context_fingerprint_60m,False,object,0,0.0,0,1.0,0.0,too little history
context_pattern_id_15m,False,object,0,0.0,0,1.0,0.0,too little history
context_pattern_id_60m,False,object,0,0.0,0,1.0,0.0,too little history
context_pattern_seq_15m,False,object,0,0.0,0,1.0,0.0,too little history
context_pattern_seq_60m,False,object,0,0.0,0,1.0,0.0,too little history
context_stability_15m,False,float32,0,0.0,0,1.0,0.0,too little history
context_stability_60m,False,float32,0,0.0,0,1.0,0.0,too little history
context_velocity_15m,False,float32,0,0.0,0,1.0,0.0,too little history
context_velocity_60m,False,float32,0,0.0,0,1.0,0.0,too little history
context_velocity_rank_15m,False,float32,0,0.0,0,1.0,0.0,too little history
context_velocity_rank_60m,False,float32,0,0.0,0,1.0,0.0,too little history
ctx_1d_AATR_14_1d,False,float32,0,0.0,0,1.0,0.0,too little history
ctx_1d_ABB_Lower_1d,False,float32,0,0.0,0,1.0,0.0,too little history
ctx_1d_ABB_Mid_1d,False,float32,0,0.0,0,1.0,0.0,too little history
ctx_1d_ABB_Upper_1d,False,float32,0,0.0,0,1.0,0.0,too little history
ctx_1d_ACCELERATION_10_1d,False,float32,0,0.0,0,1.0,0.0,too little history
ctx_1d_ACCELERATION_5_1d,False,float32,0,0.0,0,1.0,0.0,too little history
ctx_1d_AEMA_20_1d,False,float32,0,0.0,0,1.0,0.0,too little history
ctx_1d_ARSI_14_1d,False,float32,0,0.0,0,1.0,0.0,too little history
ctx_1d_ATR_14_1d,False,float32,0,0.0,0,1.0,0.0,too little history
ctx_1d_AUTOCORR_1d,False,float32,0,0.0,0,1.0,0.0,too little history
ctx_1d_BB_Lower_1d,False,float32,0,0.0,0,1.0,0.0,too little history
ctx_1d_BB_Middle_1d,False,float32,0,0.0,0,1.0,0.0,too little history
ctx_1d_BB_Upper_1d,False,float32,0,0.0,0,1.0,0.0,too little history
ctx_1d_CCI_1d,False,float32,0,0.0,0,1.0,0.0,too little history
ctx_1d_CDL_BODY_RATIO_1d,False,float32,0,0.0,0,1.0,0.0,too little history
ctx_1d_CDL_DOJI_1d,False,float32,0,0.0,0,1.0,0.0,too little history
ctx_1d_CDL_ENGULFING_BEAR_1d,False,float32,0,0.0,0,1.0,0.0,too little history
ctx_1d_CDL_ENGULFING_BULL_1d,False,float32,0,0.0,0,1.0,0.0,too little history
ctx_1d_CDL_HAMMER_1d,False,float32,0,0.0,0,1.0,0.0,too little history
ctx_1d_CDL_INSIDE_BAR_1d,False,float32,0,0.0,0,1.0,0.0,too little history
ctx_1d_CDL_LOWER_WICK_RATIO_1d,False,float32,0,0.0,0,1.0,0.0,too little history
ctx_1d_CDL_MARUBOZU_1d,False,float32,0,0.0,0,1.0,0.0,too little history
ctx_1d_CDL_OUTSIDE_BAR_1d,False,float32,0,0.0,0,1.0,0.0,too little history
ctx_1d_CDL_SHOOTING_STAR_1d,False,float32,0,0.0,0,1.0,0.0,too little history
ctx_1d_CDL_UPPER_WICK_RATIO_1d,False,float32,0,0.0,0,1.0,0.0,too little history
ctx_1d_CURRENT_DRAWDOWN_1d,False,float32,0,0.0,0,1.0,0.0,too little history
ctx_1d_EMA_100_1d,False,float32,0,0.0,0,1.0,0.0,too little history
ctx_1d_EMA_10_1d,False,float32,0,0.0,0,1.0,0.0,too little history
ctx_1d_EMA_200_1d,False,float32,0,0.0,0,1.0,0.0,too little history
ctx_1d_EMA_20_1d,False,float32,0,0.0,0,1.0,0.0,too little history
ctx_1d_EMA_50_1d,False,float32,0,0.0,0,1.0,0.0,too little history
ctx_1d_EMA_5_1d,False,float32,0,0.0,0,1.0,0.0,too little history
ctx_1d_FRED_BAMLC0A0CM_1d,False,float32,0,0.0,0,1.0,0.0,too little history
ctx_1d_FRED_BAMLH0A0HYM2_1d,False,float32,0,0.0,0,1.0,0.0,too little history
ctx_1d_FRED_CAPUTLB50001SQ_1d,False,float32,0,0.0,0,1.0,0.0,too little history
ctx_1d_FRED_CCSA_1d,False,float32,0,0.0,0,1.0,0.0,too little history
ctx_1d_FRED_CPIAUCSL_1d,False,float32,0,0.0,0,1.0,0.0,too little history
ctx_1d_FRED_CSUSHPINSA_1d,False,float32,0,0.0,0,1.0,0.0,too little history
ctx_1d_FRED_DCOILWTICO_1d,False,float32,0,0.0,0,1.0,0.0,too little history
ctx_1d_FRED_DEXCHUS_1d,False,float32,0,0.0,0,1.0,0.0,too little history
ctx_1d_FRED_DEXUSEU_1d,False,float32,0,0.0,0,1.0,0.0,too little history
ctx_1d_FRED_DGORDER_1d,False,float32,0,0.0,0,1.0,0.0,too little history
ctx_1d_FRED_DGS10_1d,False,float32,0,0.0,0,1.0,0.0,too little history
ctx_1d_FRED_DSPIC96_1d,False,float32,0,0.0,0,1.0,0.0,too little history
ctx_1d_FRED_FEDFUNDS_1d,False,float32,0,0.0,0,1.0,0.0,too little history
ctx_1d_FRED_GDP_1d,False,float32,0,0.0,0,1.0,0.0,too little history
ctx_1d_FRED_GS10_1d,False,float32,0,0.0,0,1.0,0.0,too little history
ctx_1d_FRED_GS2_1d,False,float32,0,0.0,0,1.0,0.0,too little history
ctx_1d_FRED_HOUST_1d,False,float32,0,0.0,0,1.0,0.0,too little history
ctx_1d_FRED_ICSA_1d,False,float32,0,0.0,0,1.0,0.0,too little history
ctx_1d_FRED_INDPRO_1d,False,float32,0,0.0,0,1.0,0.0,too little history
ctx_1d_FRED_MANEMP_1d,False,float32,0,0.0,0,1.0,0.0,too little history
ctx_1d_FRED_NFCI_1d,False,float32,0,0.0,0,1.0,0.0,too little history
ctx_1d_FRED_PAYEMS_1d,False,float32,0,0.0,0,1.0,0.0,too little history
ctx_1d_FRED_PCEPILFE_1d,False,float32,0,0.0,0,1.0,0.0,too little history
ctx_1d_FRED_PCEPI_1d,False,float32,0,0.0,0,1.0,0.0,too little history
ctx_1d_FRED_PCU334413334413_1d,False,float32,0,0.0,0,1.0,0.0,too little history
ctx_1d_FRED_PERMIT_1d,False,float32,0,0.0,0,1.0,0.0,too little history
ctx_1d_FRED_PPIACO_1d,False,float32,0,0.0,0,1.0,0.0,too little history
ctx_1d_FRED_RRPONTSYD_1d,False,float32,0,0.0,0,1.0,0.0,too little history
ctx_1d_FRED_RSAFS_1d,False,float32,0,0.0,0,1.0,0.0,too little history
ctx_1d_FRED_SAHMREALTIME_1d,False,float32,0,0.0,0,1.0,0.0,too little history
ctx_1d_FRED_T10Y2Y_1d,False,float32,0,0.0,0,1.0,0.0,too little history
ctx_1d_FRED_T10Y3M_1d,False,float32,0,0.0,0,1.0,0.0,too little history
ctx_1d_FRED_T10YIE_1d,False,float32,0,0.0,0,1.0,0.0,too little history
ctx_1d_FRED_T5YIE_1d,False,float32,0,0.0,0,1.0,0.0,too little history
ctx_1d_FRED_T5YIFR_1d,False,float32,0,0.0,0,1.0,0.0,too little history
ctx_1d_FRED_TOTALSA_1d,False,float32,0,0.0,0,1.0,0.0,too little history
ctx_1d_FRED_UMCSENT_1d,False,float32,0,0.0,0,1.0,0.0,too little history
ctx_1d_FRED_UNRATE_1d,False,float32,0,0.0,0,1.0,0.0,too little history
ctx_1d_FRED_VIXCLS_1d,False,float32,0,0.0,0,1.0,0.0,too little history
ctx_1d_FRED_WALCL_1d,False,float32,0,0.0,0,1.0,0.0,too little history
ctx_1d_FRED_WPU01_1d,False,float32,0,0.0,0,1.0,0.0,too little history
ctx_1d_FRED_WPU055_1d,False,float32,0,0.0,0,1.0,0.0,too little history
ctx_1d_FRED_WPU0561_1d,False,float32,0,0.0,0,1.0,0.0,too little history
ctx_1d_FRED_WPU101_1d,False,float32,0,0.0,0,1.0,0.0,too little history
ctx_1d_FRED_WTREGEN_1d,False,float32,0,0.0,0,1.0,0.0,too little history
ctx_1d_HURST_EXPONENT_1d,False,float32,0,0.0,0,1.0,0.0,too little history
ctx_1d_KURTOSIS_1d,False,float32,0,0.0,0,1.0,0.0,too little history
ctx_1d_LAG_10_1d,False,float32,0,0.0,0,1.0,0.0,too little history
ctx_1d_LAG_1_1d,False,float32,0,0.0,0,1.0,0.0,too little history
ctx_1d_LAG_20_1d,False,float32,0,0.0,0,1.0,0.0,too little history
ctx_1d_LAG_5_1d,False,float32,0,0.0,0,1.0,0.0,too little history
ctx_1d_LEVEL_BREAKOUT_DOWN_20_1d,False,float32,0,0.0,0,1.0,0.0,too little history
ctx_1d_LEVEL_BREAKOUT_UP_20_1d,False,float32,0,0.0,0,1.0,0.0,too little history
ctx_1d_LEVEL_DIST_RESISTANCE_20_1d,False,float32,0,0.0,0,1.0,0.0,too little history
ctx_1d_LEVEL_DIST_SUPPORT_20_1d,False,float32,0,0.0,0,1.0,0.0,too little history
ctx_1d_LEVEL_POSITION_20_1d,False,float32,0,0.0,0,1.0,0.0,too little history
ctx_1d_MACD_1d,False,float32,0,0.0,0,1.0,0.0,too little history
ctx_1d_MACD_Histogram_1d,False,float32,0,0.0,0,1.0,0.0,too little history
ctx_1d_MACD_Signal_1d,False,float32,0,0.0,0,1.0,0.0,too little history
ctx_1d_MARKET_PREMIUM_1d,False,float32,0,0.0,0,1.0,0.0,too little history
ctx_1d_MAX_DRAWDOWN_1d,False,float32,0,0.0,0,1.0,0.0,too little history
ctx_1d_MOMENTUM_ZSCORE_1d,False,float32,0,0.0,0,1.0,0.0,too little history
ctx_1d_ROLLING_KURT_10_1d,False,float32,0,0.0,0,1.0,0.0,too little history
ctx_1d_ROLLING_KURT_20_1d,False,float32,0,0.0,0,1.0,0.0,too little history
ctx_1d_ROLLING_SKEW_10_1d,False,float32,0,0.0,0,1.0,0.0,too little history
ctx_1d_ROLLING_SKEW_20_1d,False,float32,0,0.0,0,1.0,0.0,too little history
ctx_1d_ROLLING_VOL_10_1d,False,float32,0,0.0,0,1.0,0.0,too little history
ctx_1d_ROLLING_VOL_20_1d,False,float32,0,0.0,0,1.0,0.0,too little history
ctx_1d_RSI_14_1d,False,float32,0,0.0,0,1.0,0.0,too little history
ctx_1d_RSI_VELOCITY_1d,False,float32,0,0.0,0,1.0,0.0,too little history
ctx_1d_SHARPE_RATIO_1d,False,float32,0,0.0,0,1.0,0.0,too little history
ctx_1d_SKEWNESS_1d,False,float32,0,0.0,0,1.0,0.0,too little history
ctx_1d_SMA_100_1d,False,float32,0,0.0,0,1.0,0.0,too little history
ctx_1d_SMA_10_1d,False,float32,0,0.0,0,1.0,0.0,too little history
ctx_1d_SMA_200_1d,False,float32,0,0.0,0,1.0,0.0,too little history
ctx_1d_SMA_20_1d,False,float32,0,0.0,0,1.0,0.0,too little history
ctx_1d_SMA_50_1d,False,float32,0,0.0,0,1.0,0.0,too little history
ctx_1d_SMA_5_1d,False,float32,0,0.0,0,1.0,0.0,too little history
ctx_1d_SORTINO_RATIO_1d,False,float32,0,0.0,0,1.0,0.0,too little history
ctx_1d_Stoch_D_1d,False,float32,0,0.0,0,1.0,0.0,too little history
ctx_1d_Stoch_K_1d,False,float32,0,0.0,0,1.0,0.0,too little history
ctx_1d_VELOCITY_10_1d,False,float32,0,0.0,0,1.0,0.0,too little history
ctx_1d_VELOCITY_1_1d,False,float32,0,0.0,0,1.0,0.0,too little history
ctx_1d_VELOCITY_5_1d,False,float32,0,0.0,0,1.0,0.0,too little history
ctx_1d_VOLATILITY_20_1d,False,float32,0,0.0,0,1.0,0.0,too little history
ctx_1d_VOLATILITY_50_1d,False,float32,0,0.0,0,1.0,0.0,too little history
ctx_1d_VOLATILITY_5_1d,False,float32,0,0.0,0,1.0,0.0,too little history
ctx_1d_Williams_R_1d,False,float32,0,0.0,0,1.0,0.0,too little history
ctx_1d_atr_14_1d,False,float32,0,0.0,0,1.0,0.0,too little history
ctx_1d_available_at,False,"datetime64[ns, UTC]",0,0.0,0,1.0,0.0,too little history
ctx_1d_cftc_available_1d,False,float32,0,0.0,0,1.0,0.0,too little history
ctx_1d_cftc_crude_ls_ratio_1d,False,float32,0,0.0,0,1.0,0.0,too little history
ctx_1d_cftc_crude_net_pct_1d,False,float32,0,0.0,0,1.0,0.0,too little history
ctx_1d_cftc_dow_ls_ratio_1d,False,float32,0,0.0,0,1.0,0.0,too little history
ctx_1d_cftc_dow_net_pct_1d,False,float32,0,0.0,0,1.0,0.0,too little history
ctx_1d_cftc_gold_ls_ratio_1d,False,float32,0,0.0,0,1.0,0.0,too little history
ctx_1d_cftc_gold_net_pct_1d,False,float32,0,0.0,0,1.0,0.0,too little history
ctx_1d_cftc_nasdaq_ls_ratio_1d,False,float32,0,0.0,0,1.0,0.0,too little history
ctx_1d_cftc_nasdaq_net_pct_1d,False,float32,0,0.0,0,1.0,0.0,too little history
ctx_1d_cftc_sp500_ls_ratio_1d,False,float32,0,0.0,0,1.0,0.0,too little history
ctx_1d_cftc_sp500_net_pct_1d,False,float32,0,0.0,0,1.0,0.0,too little history
ctx_1d_close,False,float32,0,0.0,0,1.0,0.0,too little history
ctx_1d_context_anxiety_index_1d,False,float32,0,0.0,0,1.0,0.0,too little history
ctx_1d_context_fingerprint_1d,False,object,0,0.0,0,1.0,0.0,too little history
ctx_1d_context_pattern_id_1d,False,object,0,0.0,0,1.0,0.0,too little history
ctx_1d_context_pattern_seq_1d,False,object,0,0.0,0,1.0,0.0,too little history
ctx_1d_context_stability_1d,False,float32,0,0.0,0,1.0,0.0,too little history
ctx_1d_context_velocity_1d,False,float32,0,0.0,0,1.0,0.0,too little history
ctx_1d_context_velocity_rank_1d,False,float32,0,0.0,0,1.0,0.0,too little history
ctx_1d_day_of_month_1d,False,float32,0,0.0,0,1.0,0.0,too little history
ctx_1d_day_of_week_1d,False,float32,0,0.0,0,1.0,0.0,too little history
ctx_1d_day_of_week_cos_1d,False,float32,0,0.0,0,1.0,0.0,too little history
ctx_1d_day_of_week_sin_1d,False,float32,0,0.0,0,1.0,0.0,too little history
ctx_1d_day_of_year_1d,False,float32,0,0.0,0,1.0,0.0,too little history
ctx_1d_days_since_last_significant_1d,False,float32,0,0.0,0,1.0,0.0,too little history
ctx_1d_entity_count_1d,False,float32,0,0.0,0,1.0,0.0,too little history
ctx_1d_fear_greed_available_1d,False,float32,0,0.0,0,1.0,0.0,too little history
ctx_1d_fear_greed_index_1d,False,float32,0,0.0,0,1.0,0.0,too little history
ctx_1d_filing_count_30d_1d,False,float32,0,0.0,0,1.0,0.0,too little history
ctx_1d_filing_data_available_1d,False,float32,0,0.0,0,1.0,0.0,too little history
ctx_1d_filing_days_since_last_1d,False,float32,0,0.0,0,1.0,0.0,too little history
ctx_1d_filing_material_30d_1d,False,float32,0,0.0,0,1.0,0.0,too little history
ctx_1d_filing_periodic_30d_1d,False,float32,0,0.0,0,1.0,0.0,too little history
ctx_1d_fund_current_ratio_1d,False,float32,0,0.0,0,1.0,0.0,too little history
ctx_1d_fund_data_available_1d,False,float32,0,0.0,0,1.0,0.0,too little history
ctx_1d_fund_days_since_report_1d,False,float32,0,0.0,0,1.0,0.0,too little history
ctx_1d_fund_debt_to_equity_1d,False,float32,0,0.0,0,1.0,0.0,too little history
ctx_1d_fund_earnings_yield_1d,False,float32,0,0.0,0,1.0,0.0,too little history
ctx_1d_fund_price_to_book_1d,False,float32,0,0.0,0,1.0,0.0,too little history
ctx_1d_fund_return_on_equity_1d,False,float32,0,0.0,0,1.0,0.0,too little history
ctx_1d_gk_volatility_1d,False,float32,0,0.0,0,1.0,0.0,too little history
ctx_1d_high,False,float32,0,0.0,0,1.0,0.0,too little history
ctx_1d_hour_1d,False,float32,0,0.0,0,1.0,0.0,too little history
ctx_1d_hour_cos_1d,False,float32,0,0.0,0,1.0,0.0,too little history
ctx_1d_hour_sin_1d,False,float32,0,0.0,0,1.0,0.0,too little history
ctx_1d_hype_available_1d,False,float32,0,0.0,0,1.0,0.0,too little history
ctx_1d_hype_score_1d,False,float32,0,0.0,0,1.0,0.0,too little history
ctx_1d_insider_available_1d,False,float32,0,0.0,0,1.0,0.0,too little history
ctx_1d_insider_net_value_30d_1d,False,float32,0,0.0,0,1.0,0.0,too little history
ctx_1d_is_significant_1d,False,object,0,0.0,0,1.0,0.0,too little history
ctx_1d_is_significant_decayed_1d,False,float32,0,0.0,0,1.0,0.0,too little history
ctx_1d_keyword_count_1d,False,float32,0,0.0,0,1.0,0.0,too little history
ctx_1d_keyword_entity_available_1d,False,float32,0,0.0,0,1.0,0.0,too little history
ctx_1d_low,False,float32,0,0.0,0,1.0,0.0,too little history
ctx_1d_macro_composite_score_1d,False,float32,0,0.0,0,1.0,0.0,too little history
ctx_1d_market_breadth_1d,False,float32,0,0.0,0,1.0,0.0,too little history
ctx_1d_market_context_day_of_week_1d,False,float32,0,0.0,0,1.0,0.0,too little history
ctx_1d_market_context_fed_funds_trend_1d,False,float32,0,0.0,0,1.0,0.0,too little history
ctx_1d_market_context_fed_funds_velocity_1d,False,float32,0,0.0,0,1.0,0.0,too little history
ctx_1d_market_context_hour_of_day_1d,False,float32,0,0.0,0,1.0,0.0,too little history
ctx_1d_market_context_market_breadth_1d,False,float32,0,0.0,0,1.0,0.0,too little history
ctx_1d_market_context_price_to_ma20_1d,False,float32,0,0.0,0,1.0,0.0,too little history
ctx_1d_market_context_rsi_current_1d,False,float32,0,0.0,0,1.0,0.0,too little history
ctx_1d_market_context_trend_20d_1d,False,float32,0,0.0,0,1.0,0.0,too little history
ctx_1d_market_context_trend_5d_1d,False,float32,0,0.0,0,1.0,0.0,too little history
ctx_1d_market_context_trend_alignment_1d,False,float32,0,0.0,0,1.0,0.0,too little history
ctx_1d_market_context_volatility_20d_1d,False,float32,0,0.0,0,1.0,0.0,too little history
ctx_1d_market_context_volatility_5d_1d,False,float32,0,0.0,0,1.0,0.0,too little history
ctx_1d_market_context_volatility_ratio_1d,False,float32,0,0.0,0,1.0,0.0,too little history
ctx_1d_market_context_volume_ratio_1d,False,float32,0,0.0,0,1.0,0.0,too little history
ctx_1d_market_context_yield_curve_inverted_1d,False,float32,0,0.0,0,1.0,0.0,too little history
ctx_1d_market_context_yield_curve_slope_1d,False,float32,0,0.0,0,1.0,0.0,too little history
ctx_1d_market_return_1d,False,float32,0,0.0,0,1.0,0.0,too little history
ctx_1d_market_session_1d,False,float32,0,0.0,0,1.0,0.0,too little history
ctx_1d_month_of_year_1d,False,float32,0,0.0,0,1.0,0.0,too little history
ctx_1d_news_coverage_1d,False,float32,0,0.0,0,1.0,0.0,too little history
ctx_1d_news_freshness_hours_1d,False,float32,0,0.0,0,1.0,0.0,too little history
ctx_1d_news_impact_available_1d,False,float32,0,0.0,0,1.0,0.0,too little history
ctx_1d_news_impact_score_1d,False,float32,0,0.0,0,1.0,0.0,too little history
ctx_1d_news_intensity_1d,False,float32,0,0.0,0,1.0,0.0,too little history
ctx_1d_news_quality_available_1d,False,float32,0,0.0,0,1.0,0.0,too little history
ctx_1d_news_quality_score_1d,False,float32,0,0.0,0,1.0,0.0,too little history
ctx_1d_news_significance_level_1d,False,float32,0,0.0,0,1.0,0.0,too little history
ctx_1d_news_source_count_1d,False,float32,0,0.0,0,1.0,0.0,too little history
ctx_1d_nlp_cluster_1d,False,float32,0,0.0,0,1.0,0.0,too little history
ctx_1d_nlp_sentiment_score_1d,False,float32,0,0.0,0,1.0,0.0,too little history
ctx_1d_nlp_subjectivity_score_1d,False,float32,0,0.0,0,1.0,0.0,too little history
ctx_1d_obv_1d,False,float32,0,0.0,0,1.0,0.0,too little history
ctx_1d_open,False,float32,0,0.0,0,1.0,0.0,too little history
ctx_1d_peer_breadth_1d,False,float32,0,0.0,0,1.0,0.0,too little history
ctx_1d_peer_breadth_excess_1d,False,float32,0,0.0,0,1.0,0.0,too little history
ctx_1d_peer_count_1d,False,float32,0,0.0,0,1.0,0.0,too little history
ctx_1d_peer_divergence_1d,False,float32,0,0.0,0,1.0,0.0,too little history
ctx_1d_peer_return_1d,False,float32,0,0.0,0,1.0,0.0,too little history
ctx_1d_peer_return_excess_1d,False,float32,0,0.0,0,1.0,0.0,too little history
ctx_1d_peer_volatility_1d,False,float32,0,0.0,0,1.0,0.0,too little history
ctx_1d_price_volume_trend_1d,False,float32,0,0.0,0,1.0,0.0,too little history
ctx_1d_quarter_1d,False,float32,0,0.0,0,1.0,0.0,too little history
ctx_1d_returns_1d,False,float32,0,0.0,0,1.0,0.0,too little history
ctx_1d_sentiment_available_1d,False,float32,0,0.0,0,1.0,0.0,too little history
ctx_1d_sentiment_decay_weighted_1d,False,float32,0,0.0,0,1.0,0.0,too little history
ctx_1d_sentiment_ema_1d,False,float32,0,0.0,0,1.0,0.0,too little history
ctx_1d_sentiment_mean_1d,False,float32,0,0.0,0,1.0,0.0,too little history
ctx_1d_sentiment_neg_threshold_1d,False,float32,0,0.0,0,1.0,0.0,too little history
ctx_1d_sentiment_pos_threshold_1d,False,float32,0,0.0,0,1.0,0.0,too little history
ctx_1d_sentiment_sma_20_1d,False,float32,0,0.0,0,1.0,0.0,too little history
ctx_1d_sentiment_sma_50_1d,False,float32,0,0.0,0,1.0,0.0,too little history
ctx_1d_sentiment_sma_5_1d,False,float32,0,0.0,0,1.0,0.0,too little history
ctx_1d_sentiment_std_20_1d,False,float32,0,0.0,0,1.0,0.0,too little history
ctx_1d_sentiment_std_50_1d,False,float32,0,0.0,0,1.0,0.0,too little history
ctx_1d_sentiment_std_5_1d,False,float32,0,0.0,0,1.0,0.0,too little history
ctx_1d_sentiment_std_stat_1d,False,float32,0,0.0,0,1.0,0.0,too little history
ctx_1d_sentiment_velocity_1d,False,float32,0,0.0,0,1.0,0.0,too little history
ctx_1d_significance_intensity_7d_1d,False,float32,0,0.0,0,1.0,0.0,too little history
ctx_1d_significant_events_30d_1d,False,float32,0,0.0,0,1.0,0.0,too little history
ctx_1d_significant_events_7d_1d,False,float32,0,0.0,0,1.0,0.0,too little history
ctx_1d_source_datetime,False,"datetime64[ns, UTC]",0,0.0,0,1.0,0.0,too little history
ctx_1d_state_AATR_14_1d,False,float32,0,0.0,0,1.0,0.0,too little history
ctx_1d_state_ABB_Lower_1d,False,float32,0,0.0,0,1.0,0.0,too little history
ctx_1d_state_ABB_Mid_1d,False,float32,0,0.0,0,1.0,0.0,too little history
ctx_1d_state_ABB_Upper_1d,False,float32,0,0.0,0,1.0,0.0,too little history
ctx_1d_state_ACCELERATION_10_1d,False,float32,0,0.0,0,1.0,0.0,too little history
ctx_1d_state_ACCELERATION_5_1d,False,float32,0,0.0,0,1.0,0.0,too little history
ctx_1d_state_AEMA_20_1d,False,float32,0,0.0,0,1.0,0.0,too little history
ctx_1d_state_ARSI_14_1d,False,float32,0,0.0,0,1.0,0.0,too little history
ctx_1d_state_ATR_14_1d,False,float32,0,0.0,0,1.0,0.0,too little history
ctx_1d_state_AUTOCORR_1d,False,float32,0,0.0,0,1.0,0.0,too little history
ctx_1d_state_BB_Lower_1d,False,float32,0,0.0,0,1.0,0.0,too little history
ctx_1d_state_BB_Middle_1d,False,float32,0,0.0,0,1.0,0.0,too little history
ctx_1d_state_BB_Upper_1d,False,float32,0,0.0,0,1.0,0.0,too little history
ctx_1d_state_CCI_1d,False,float32,0,0.0,0,1.0,0.0,too little history
ctx_1d_state_CDL_BODY_RATIO_1d,False,float32,0,0.0,0,1.0,0.0,too little history
ctx_1d_state_CDL_DOJI_1d,False,float32,0,0.0,0,1.0,0.0,too little history
ctx_1d_state_CDL_ENGULFING_BEAR_1d,False,float32,0,0.0,0,1.0,0.0,too little history
ctx_1d_state_CDL_ENGULFING_BULL_1d,False,float32,0,0.0,0,1.0,0.0,too little history
ctx_1d_state_CDL_HAMMER_1d,False,float32,0,0.0,0,1.0,0.0,too little history
ctx_1d_state_CDL_INSIDE_BAR_1d,False,float32,0,0.0,0,1.0,0.0,too little history
ctx_1d_state_CDL_LOWER_WICK_RATIO_1d,False,float32,0,0.0,0,1.0,0.0,too little history
ctx_1d_state_CDL_MARUBOZU_1d,False,float32,0,0.0,0,1.0,0.0,too little history
ctx_1d_state_CDL_OUTSIDE_BAR_1d,False,float32,0,0.0,0,1.0,0.0,too little history
ctx_1d_state_CDL_SHOOTING_STAR_1d,False,float32,0,0.0,0,1.0,0.0,too little history
ctx_1d_state_CDL_UPPER_WICK_RATIO_1d,False,float32,0,0.0,0,1.0,0.0,too little history
ctx_1d_state_CURRENT_DRAWDOWN_1d,False,float32,0,0.0,0,1.0,0.0,too little history
ctx_1d_state_EMA_100_1d,False,float32,0,0.0,0,1.0,0.0,too little history
ctx_1d_state_EMA_10_1d,False,float32,0,0.0,0,1.0,0.0,too little history
ctx_1d_state_EMA_200_1d,False,float32,0,0.0,0,1.0,0.0,too little history
ctx_1d_state_EMA_20_1d,False,float32,0,0.0,0,1.0,0.0,too little history
ctx_1d_state_EMA_50_1d,False,float32,0,0.0,0,1.0,0.0,too little history
ctx_1d_state_EMA_5_1d,False,float32,0,0.0,0,1.0,0.0,too little history
ctx_1d_state_FRED_BAMLC0A0CM_1d,False,float32,0,0.0,0,1.0,0.0,too little history
ctx_1d_state_FRED_BAMLH0A0HYM2_1d,False,float32,0,0.0,0,1.0,0.0,too little history
ctx_1d_state_FRED_CAPUTLB50001SQ_1d,False,float32,0,0.0,0,1.0,0.0,too little history
ctx_1d_state_FRED_CCSA_1d,False,float32,0,0.0,0,1.0,0.0,too little history
ctx_1d_state_FRED_CPIAUCSL_1d,False,float32,0,0.0,0,1.0,0.0,too little history
ctx_1d_state_FRED_CSUSHPINSA_1d,False,float32,0,0.0,0,1.0,0.0,too little history
ctx_1d_state_FRED_DCOILWTICO_1d,False,float32,0,0.0,0,1.0,0.0,too little history
ctx_1d_state_FRED_DEXCHUS_1d,False,float32,0,0.0,0,1.0,0.0,too little history
ctx_1d_state_FRED_DEXUSEU_1d,False,float32,0,0.0,0,1.0,0.0,too little history
ctx_1d_state_FRED_DGORDER_1d,False,float32,0,0.0,0,1.0,0.0,too little history
ctx_1d_state_FRED_DGS10_1d,False,float32,0,0.0,0,1.0,0.0,too little history
ctx_1d_state_FRED_DSPIC96_1d,False,float32,0,0.0,0,1.0,0.0,too little history
ctx_1d_state_FRED_FEDFUNDS_1d,False,float32,0,0.0,0,1.0,0.0,too little history
ctx_1d_state_FRED_GDP_1d,False,float32,0,0.0,0,1.0,0.0,too little history
ctx_1d_state_FRED_GS10_1d,False,float32,0,0.0,0,1.0,0.0,too little history
ctx_1d_state_FRED_GS2_1d,False,float32,0,0.0,0,1.0,0.0,too little history
ctx_1d_state_FRED_HOUST_1d,False,float32,0,0.0,0,1.0,0.0,too little history
ctx_1d_state_FRED_ICSA_1d,False,float32,0,0.0,0,1.0,0.0,too little history
ctx_1d_state_FRED_INDPRO_1d,False,float32,0,0.0,0,1.0,0.0,too little history
ctx_1d_state_FRED_MANEMP_1d,False,float32,0,0.0,0,1.0,0.0,too little history
ctx_1d_state_FRED_NFCI_1d,False,float32,0,0.0,0,1.0,0.0,too little history
ctx_1d_state_FRED_PAYEMS_1d,False,float32,0,0.0,0,1.0,0.0,too little history
ctx_1d_state_FRED_PCEPILFE_1d,False,float32,0,0.0,0,1.0,0.0,too little history
ctx_1d_state_FRED_PCEPI_1d,False,float32,0,0.0,0,1.0,0.0,too little history
ctx_1d_state_FRED_PCU334413334413_1d,False,float32,0,0.0,0,1.0,0.0,too little history
ctx_1d_state_FRED_PERMIT_1d,False,float32,0,0.0,0,1.0,0.0,too little history
ctx_1d_state_FRED_PPIACO_1d,False,float32,0,0.0,0,1.0,0.0,too little history
ctx_1d_state_FRED_RRPONTSYD_1d,False,float32,0,0.0,0,1.0,0.0,too little history
ctx_1d_state_FRED_RSAFS_1d,False,float32,0,0.0,0,1.0,0.0,too little history
ctx_1d_state_FRED_SAHMREALTIME_1d,False,float32,0,0.0,0,1.0,0.0,too little history
ctx_1d_state_FRED_T10Y2Y_1d,False,float32,0,0.0,0,1.0,0.0,too little history
ctx_1d_state_FRED_T10Y3M_1d,False,float32,0,0.0,0,1.0,0.0,too little history
ctx_1d_state_FRED_T10YIE_1d,False,float32,0,0.0,0,1.0,0.0,too little history
ctx_1d_state_FRED_T5YIE_1d,False,float32,0,0.0,0,1.0,0.0,too little history
ctx_1d_state_FRED_T5YIFR_1d,False,float32,0,0.0,0,1.0,0.0,too little history
ctx_1d_state_FRED_TOTALSA_1d,False,float32,0,0.0,0,1.0,0.0,too little history
ctx_1d_state_FRED_UMCSENT_1d,False,float32,0,0.0,0,1.0,0.0,too little history
ctx_1d_state_FRED_UNRATE_1d,False,float32,0,0.0,0,1.0,0.0,too little history
ctx_1d_state_FRED_VIXCLS_1d,False,float32,0,0.0,0,1.0,0.0,too little history
ctx_1d_state_FRED_WALCL_1d,False,float32,0,0.0,0,1.0,0.0,too little history
ctx_1d_state_FRED_WPU01_1d,False,float32,0,0.0,0,1.0,0.0,too little history
ctx_1d_state_FRED_WPU055_1d,False,float32,0,0.0,0,1.0,0.0,too little history
ctx_1d_state_FRED_WPU0561_1d,False,float32,0,0.0,0,1.0,0.0,too little history
ctx_1d_state_FRED_WPU101_1d,False,float32,0,0.0,0,1.0,0.0,too little history
ctx_1d_state_FRED_WTREGEN_1d,False,float32,0,0.0,0,1.0,0.0,too little history
ctx_1d_state_HURST_EXPONENT_1d,False,float32,0,0.0,0,1.0,0.0,too little history
ctx_1d_state_KURTOSIS_1d,False,float32,0,0.0,0,1.0,0.0,too little history
ctx_1d_state_LAG_10_1d,False,float32,0,0.0,0,1.0,0.0,too little history
ctx_1d_state_LAG_1_1d,False,float32,0,0.0,0,1.0,0.0,too little history
ctx_1d_state_LAG_20_1d,False,float32,0,0.0,0,1.0,0.0,too little history
ctx_1d_state_LAG_5_1d,False,float32,0,0.0,0,1.0,0.0,too little history
ctx_1d_state_LEVEL_BREAKOUT_DOWN_20_1d,False,float32,0,0.0,0,1.0,0.0,too little history
ctx_1d_state_LEVEL_BREAKOUT_UP_20_1d,False,float32,0,0.0,0,1.0,0.0,too little history
ctx_1d_state_LEVEL_DIST_RESISTANCE_20_1d,False,float32,0,0.0,0,1.0,0.0,too little history
ctx_1d_state_LEVEL_DIST_SUPPORT_20_1d,False,float32,0,0.0,0,1.0,0.0,too little history
ctx_1d_state_LEVEL_POSITION_20_1d,False,float32,0,0.0,0,1.0,0.0,too little history
ctx_1d_state_MACD_1d,False,float32,0,0.0,0,1.0,0.0,too little history
ctx_1d_state_MACD_Histogram_1d,False,float32,0,0.0,0,1.0,0.0,too little history
ctx_1d_state_MACD_Signal_1d,False,float32,0,0.0,0,1.0,0.0,too little history
ctx_1d_state_MARKET_PREMIUM_1d,False,float32,0,0.0,0,1.0,0.0,too little history
ctx_1d_state_MAX_DRAWDOWN_1d,False,float32,0,0.0,0,1.0,0.0,too little history
ctx_1d_state_MOMENTUM_ZSCORE_1d,False,float32,0,0.0,0,1.0,0.0,too little history
ctx_1d_state_ROLLING_KURT_10_1d,False,float32,0,0.0,0,1.0,0.0,too little history
ctx_1d_state_ROLLING_KURT_20_1d,False,float32,0,0.0,0,1.0,0.0,too little history
ctx_1d_state_ROLLING_SKEW_10_1d,False,float32,0,0.0,0,1.0,0.0,too little history
ctx_1d_state_ROLLING_SKEW_20_1d,False,float32,0,0.0,0,1.0,0.0,too little history
ctx_1d_state_ROLLING_VOL_10_1d,False,float32,0,0.0,0,1.0,0.0,too little history
ctx_1d_state_ROLLING_VOL_20_1d,False,float32,0,0.0,0,1.0,0.0,too little history
ctx_1d_state_RSI_14_1d,False,float32,0,0.0,0,1.0,0.0,too little history
ctx_1d_state_RSI_VELOCITY_1d,False,float32,0,0.0,0,1.0,0.0,too little history
ctx_1d_state_SHARPE_RATIO_1d,False,float32,0,0.0,0,1.0,0.0,too little history
ctx_1d_state_SKEWNESS_1d,False,float32,0,0.0,0,1.0,0.0,too little history
ctx_1d_state_SMA_100_1d,False,float32,0,0.0,0,1.0,0.0,too little history
ctx_1d_state_SMA_10_1d,False,float32,0,0.0,0,1.0,0.0,too little history
ctx_1d_state_SMA_200_1d,False,float32,0,0.0,0,1.0,0.0,too little history
ctx_1d_state_SMA_20_1d,False,float32,0,0.0,0,1.0,0.0,too little history
ctx_1d_state_SMA_50_1d,False,float32,0,0.0,0,1.0,0.0,too little history
ctx_1d_state_SMA_5_1d,False,float32,0,0.0,0,1.0,0.0,too little history
ctx_1d_state_SORTINO_RATIO_1d,False,float32,0,0.0,0,1.0,0.0,too little history
ctx_1d_state_Stoch_D_1d,False,float32,0,0.0,0,1.0,0.0,too little history
ctx_1d_state_Stoch_K_1d,False,float32,0,0.0,0,1.0,0.0,too little history
ctx_1d_state_VELOCITY_10_1d,False,float32,0,0.0,0,1.0,0.0,too little history
ctx_1d_state_VELOCITY_1_1d,False,float32,0,0.0,0,1.0,0.0,too little history
ctx_1d_state_VELOCITY_5_1d,False,float32,0,0.0,0,1.0,0.0,too little history
ctx_1d_state_VOLATILITY_20_1d,False,float32,0,0.0,0,1.0,0.0,too little history
ctx_1d_state_VOLATILITY_50_1d,False,float32,0,0.0,0,1.0,0.0,too little history
ctx_1d_state_VOLATILITY_5_1d,False,float32,0,0.0,0,1.0,0.0,too little history
ctx_1d_state_Williams_R_1d,False,float32,0,0.0,0,1.0,0.0,too little history
ctx_1d_state_atr_14_1d,False,float32,0,0.0,0,1.0,0.0,too little history
ctx_1d_state_cftc_available_1d,False,float32,0,0.0,0,1.0,0.0,too little history
ctx_1d_state_cftc_crude_ls_ratio_1d,False,float32,0,0.0,0,1.0,0.0,too little history
ctx_1d_state_cftc_crude_net_pct_1d,False,float32,0,0.0,0,1.0,0.0,too little history
ctx_1d_state_cftc_dow_ls_ratio_1d,False,float32,0,0.0,0,1.0,0.0,too little history
ctx_1d_state_cftc_dow_net_pct_1d,False,float32,0,0.0,0,1.0,0.0,too little history
ctx_1d_state_cftc_gold_ls_ratio_1d,False,float32,0,0.0,0,1.0,0.0,too little history
ctx_1d_state_cftc_gold_net_pct_1d,False,float32,0,0.0,0,1.0,0.0,too little history
ctx_1d_state_cftc_nasdaq_ls_ratio_1d,False,float32,0,0.0,0,1.0,0.0,too little history
ctx_1d_state_cftc_nasdaq_net_pct_1d,False,float32,0,0.0,0,1.0,0.0,too little history
ctx_1d_state_cftc_sp500_ls_ratio_1d,False,float32,0,0.0,0,1.0,0.0,too little history
ctx_1d_state_cftc_sp500_net_pct_1d,False,float32,0,0.0,0,1.0,0.0,too little history
ctx_1d_state_champion_1d,False,float32,0,0.0,0,1.0,0.0,too little history
ctx_1d_state_close_1d,False,float32,0,0.0,0,1.0,0.0,too little history
ctx_1d_state_day_of_week_cos_1d,False,float32,0,0.0,0,1.0,0.0,too little history
ctx_1d_state_day_of_week_sin_1d,False,float32,0,0.0,0,1.0,0.0,too little history
ctx_1d_state_days_since_last_significant_1d,False,float32,0,0.0,0,1.0,0.0,too little history
ctx_1d_state_entity_count_1d,False,float32,0,0.0,0,1.0,0.0,too little history
ctx_1d_state_fear_greed_available_1d,False,float32,0,0.0,0,1.0,0.0,too little history
ctx_1d_state_fear_greed_index_1d,False,float32,0,0.0,0,1.0,0.0,too little history
ctx_1d_state_filing_count_30d_1d,False,float32,0,0.0,0,1.0,0.0,too little history
ctx_1d_state_filing_data_available_1d,False,float32,0,0.0,0,1.0,0.0,too little history
ctx_1d_state_filing_days_since_last_1d,False,float32,0,0.0,0,1.0,0.0,too little history
ctx_1d_state_filing_material_30d_1d,False,float32,0,0.0,0,1.0,0.0,too little history
ctx_1d_state_filing_periodic_30d_1d,False,float32,0,0.0,0,1.0,0.0,too little history
ctx_1d_state_fund_current_ratio_1d,False,float32,0,0.0,0,1.0,0.0,too little history
ctx_1d_state_fund_data_available_1d,False,float32,0,0.0,0,1.0,0.0,too little history
ctx_1d_state_fund_days_since_report_1d,False,float32,0,0.0,0,1.0,0.0,too little history
ctx_1d_state_fund_debt_to_equity_1d,False,float32,0,0.0,0,1.0,0.0,too little history
ctx_1d_state_fund_earnings_yield_1d,False,float32,0,0.0,0,1.0,0.0,too little history
ctx_1d_state_fund_price_to_book_1d,False,float32,0,0.0,0,1.0,0.0,too little history
ctx_1d_state_fund_return_on_equity_1d,False,float32,0,0.0,0,1.0,0.0,too little history
ctx_1d_state_gk_volatility_1d,False,float32,0,0.0,0,1.0,0.0,too little history
ctx_1d_state_high_1d,False,float32,0,0.0,0,1.0,0.0,too little history
ctx_1d_state_hype_score_1d,False,float32,0,0.0,0,1.0,0.0,too little history
ctx_1d_state_insider_available_1d,False,float32,0,0.0,0,1.0,0.0,too little history
ctx_1d_state_insider_net_value_30d_1d,False,float32,0,0.0,0,1.0,0.0,too little history
ctx_1d_state_is_significant_decayed_1d,False,float32,0,0.0,0,1.0,0.0,too little history
ctx_1d_state_keyword_count_1d,False,float32,0,0.0,0,1.0,0.0,too little history
ctx_1d_state_keyword_entity_available_1d,False,float32,0,0.0,0,1.0,0.0,too little history
ctx_1d_state_low_1d,False,float32,0,0.0,0,1.0,0.0,too little history
ctx_1d_state_macro_composite_score_1d,False,float32,0,0.0,0,1.0,0.0,too little history
ctx_1d_state_market_breadth_1d,False,float32,0,0.0,0,1.0,0.0,too little history
ctx_1d_state_market_return_1d,False,float32,0,0.0,0,1.0,0.0,too little history
ctx_1d_state_news_freshness_hours_1d,False,float32,0,0.0,0,1.0,0.0,too little history
ctx_1d_state_news_impact_available_1d,False,float32,0,0.0,0,1.0,0.0,too little history
ctx_1d_state_news_impact_score_1d,False,float32,0,0.0,0,1.0,0.0,too little history
ctx_1d_state_news_intensity_1d,False,float32,0,0.0,0,1.0,0.0,too little history
ctx_1d_state_news_quality_available_1d,False,float32,0,0.0,0,1.0,0.0,too little history
ctx_1d_state_news_quality_score_1d,False,float32,0,0.0,0,1.0,0.0,too little history
ctx_1d_state_news_significance_level_1d,False,float32,0,0.0,0,1.0,0.0,too little history
ctx_1d_state_news_source_count_1d,False,float32,0,0.0,0,1.0,0.0,too little history
ctx_1d_state_nlp_cluster_1d,False,float32,0,0.0,0,1.0,0.0,too little history
ctx_1d_state_nlp_sentiment_score_1d,False,float32,0,0.0,0,1.0,0.0,too little history
ctx_1d_state_nlp_subjectivity_score_1d,False,float32,0,0.0,0,1.0,0.0,too little history
ctx_1d_state_obv_1d,False,float32,0,0.0,0,1.0,0.0,too little history
ctx_1d_state_open_1d,False,float32,0,0.0,0,1.0,0.0,too little history
ctx_1d_state_peer_breadth_1d,False,float32,0,0.0,0,1.0,0.0,too little history
ctx_1d_state_peer_breadth_excess_1d,False,float32,0,0.0,0,1.0,0.0,too little history
ctx_1d_state_peer_count_1d,False,float32,0,0.0,0,1.0,0.0,too little history
ctx_1d_state_peer_divergence_1d,False,float32,0,0.0,0,1.0,0.0,too little history
ctx_1d_state_peer_return_1d,False,float32,0,0.0,0,1.0,0.0,too little history
ctx_1d_state_peer_return_excess_1d,False,float32,0,0.0,0,1.0,0.0,too little history
ctx_1d_state_peer_volatility_1d,False,float32,0,0.0,0,1.0,0.0,too little history
ctx_1d_state_price_volume_trend_1d,False,float32,0,0.0,0,1.0,0.0,too little history
ctx_1d_state_returns_1d,False,float32,0,0.0,0,1.0,0.0,too little history
ctx_1d_state_sentiment_available_1d,False,float32,0,0.0,0,1.0,0.0,too little history
ctx_1d_state_sentiment_decay_weighted_1d,False,float32,0,0.0,0,1.0,0.0,too little history
ctx_1d_state_sentiment_ema_1d,False,float32,0,0.0,0,1.0,0.0,too little history
ctx_1d_state_sentiment_mean_1d,False,float32,0,0.0,0,1.0,0.0,too little history
ctx_1d_state_sentiment_neg_threshold_1d,False,float32,0,0.0,0,1.0,0.0,too little history
ctx_1d_state_sentiment_pos_threshold_1d,False,float32,0,0.0,0,1.0,0.0,too little history
ctx_1d_state_sentiment_sma_20_1d,False,float32,0,0.0,0,1.0,0.0,too little history
ctx_1d_state_sentiment_sma_50_1d,False,float32,0,0.0,0,1.0,0.0,too little history
ctx_1d_state_sentiment_sma_5_1d,False,float32,0,0.0,0,1.0,0.0,too little history
ctx_1d_state_sentiment_std_20_1d,False,float32,0,0.0,0,1.0,0.0,too little history
ctx_1d_state_sentiment_std_50_1d,False,float32,0,0.0,0,1.0,0.0,too little history
ctx_1d_state_sentiment_std_5_1d,False,float32,0,0.0,0,1.0,0.0,too little history
ctx_1d_state_sentiment_std_stat_1d,False,float32,0,0.0,0,1.0,0.0,too little history
ctx_1d_state_sentiment_velocity_1d,False,float32,0,0.0,0,1.0,0.0,too little history
ctx_1d_state_significance_intensity_7d_1d,False,float32,0,0.0,0,1.0,0.0,too little history
ctx_1d_state_significant_events_30d_1d,False,float32,0,0.0,0,1.0,0.0,too little history
ctx_1d_state_significant_events_7d_1d,False,float32,0,0.0,0,1.0,0.0,too little history
ctx_1d_state_volatility_10_1d,False,float32,0,0.0,0,1.0,0.0,too little history
ctx_1d_state_volatility_20_1d,False,float32,0,0.0,0,1.0,0.0,too little history
ctx_1d_state_volatility_5_1d,False,float32,0,0.0,0,1.0,0.0,too little history
ctx_1d_state_volume_1d,False,float32,0,0.0,0,1.0,0.0,too little history
ctx_1d_state_volume_roc_1d,False,float32,0,0.0,0,1.0,0.0,too little history
ctx_1d_state_volume_rs_1d,False,float32,0,0.0,0,1.0,0.0,too little history
ctx_1d_state_volume_sma_10_1d,False,float32,0,0.0,0,1.0,0.0,too little history
ctx_1d_state_volume_sma_5_1d,False,float32,0,0.0,0,1.0,0.0,too little history
ctx_1d_state_wiki_attention_available_1d,False,float32,0,0.0,0,1.0,0.0,too little history
ctx_1d_state_wiki_attention_z_1d,False,float32,0,0.0,0,1.0,0.0,too little history
ctx_1d_state_wiki_views_1d,False,float32,0,0.0,0,1.0,0.0,too little history
ctx_1d_volatility_10_1d,False,float32,0,0.0,0,1.0,0.0,too little history
ctx_1d_volatility_20_1d,False,float32,0,0.0,0,1.0,0.0,too little history
ctx_1d_volatility_5_1d,False,float32,0,0.0,0,1.0,0.0,too little history
ctx_1d_volatility_regime_1d,False,category,0,0.0,0,1.0,0.0,too little history
ctx_1d_volume,False,float32,0,0.0,0,1.0,0.0,too little history
ctx_1d_volume_roc_1d,False,float32,0,0.0,0,1.0,0.0,too little history
ctx_1d_volume_rs_1d,False,float32,0,0.0,0,1.0,0.0,too little history
ctx_1d_volume_sma_10_1d,False,float32,0,0.0,0,1.0,0.0,too little history
ctx_1d_volume_sma_5_1d,False,float32,0,0.0,0,1.0,0.0,too little history
ctx_1d_week_of_year_1d,False,float32,0,0.0,0,1.0,0.0,too little history
ctx_1d_wiki_attention_available_1d,False,float32,0,0.0,0,1.0,0.0,too little history
ctx_1d_wiki_attention_z_1d,False,float32,0,0.0,0,1.0,0.0,too little history
ctx_1d_wiki_views_1d,False,float32,0,0.0,0,1.0,0.0,too little history
ctx_60m_AATR_14_60m,False,float32,0,0.0,0,1.0,0.0,too little history
ctx_60m_ABB_Lower_60m,False,float32,0,0.0,0,1.0,0.0,too little history
ctx_60m_ABB_Mid_60m,False,float32,0,0.0,0,1.0,0.0,too little history
ctx_60m_ABB_Upper_60m,False,float32,0,0.0,0,1.0,0.0,too little history
ctx_60m_ACCELERATION_10_60m,False,float32,0,0.0,0,1.0,0.0,too little history
ctx_60m_ACCELERATION_5_60m,False,float32,0,0.0,0,1.0,0.0,too little history
ctx_60m_AEMA_20_60m,False,float32,0,0.0,0,1.0,0.0,too little history
ctx_60m_ARSI_14_60m,False,float32,0,0.0,0,1.0,0.0,too little history
ctx_60m_ATR_14_60m,False,float32,0,0.0,0,1.0,0.0,too little history
ctx_60m_AUTOCORR_60m,False,float32,0,0.0,0,1.0,0.0,too little history
ctx_60m_BB_Lower_60m,False,float32,0,0.0,0,1.0,0.0,too little history
ctx_60m_BB_Middle_60m,False,float32,0,0.0,0,1.0,0.0,too little history
ctx_60m_BB_Upper_60m,False,float32,0,0.0,0,1.0,0.0,too little history
ctx_60m_CCI_60m,False,float32,0,0.0,0,1.0,0.0,too little history
ctx_60m_CDL_BODY_RATIO_60m,False,float32,0,0.0,0,1.0,0.0,too little history
ctx_60m_CDL_DOJI_60m,False,float32,0,0.0,0,1.0,0.0,too little history
ctx_60m_CDL_ENGULFING_BEAR_60m,False,float32,0,0.0,0,1.0,0.0,too little history
ctx_60m_CDL_ENGULFING_BULL_60m,False,float32,0,0.0,0,1.0,0.0,too little history
ctx_60m_CDL_HAMMER_60m,False,float32,0,0.0,0,1.0,0.0,too little history
ctx_60m_CDL_INSIDE_BAR_60m,False,float32,0,0.0,0,1.0,0.0,too little history
ctx_60m_CDL_LOWER_WICK_RATIO_60m,False,float32,0,0.0,0,1.0,0.0,too little history
ctx_60m_CDL_MARUBOZU_60m,False,float32,0,0.0,0,1.0,0.0,too little history
ctx_60m_CDL_OUTSIDE_BAR_60m,False,float32,0,0.0,0,1.0,0.0,too little history
ctx_60m_CDL_SHOOTING_STAR_60m,False,float32,0,0.0,0,1.0,0.0,too little history
ctx_60m_CDL_UPPER_WICK_RATIO_60m,False,float32,0,0.0,0,1.0,0.0,too little history
ctx_60m_CURRENT_DRAWDOWN_60m,False,float32,0,0.0,0,1.0,0.0,too little history
ctx_60m_EMA_100_60m,False,float32,0,0.0,0,1.0,0.0,too little history
ctx_60m_EMA_10_60m,False,float32,0,0.0,0,1.0,0.0,too little history
ctx_60m_EMA_200_60m,False,float32,0,0.0,0,1.0,0.0,too little history
ctx_60m_EMA_20_60m,False,float32,0,0.0,0,1.0,0.0,too little history
ctx_60m_EMA_50_60m,False,float32,0,0.0,0,1.0,0.0,too little history
ctx_60m_EMA_5_60m,False,float32,0,0.0,0,1.0,0.0,too little history
ctx_60m_FRED_BAMLC0A0CM_60m,False,float32,0,0.0,0,1.0,0.0,too little history
ctx_60m_FRED_BAMLH0A0HYM2_60m,False,float32,0,0.0,0,1.0,0.0,too little history
ctx_60m_FRED_CAPUTLB50001SQ_60m,False,float32,0,0.0,0,1.0,0.0,too little history
ctx_60m_FRED_CCSA_60m,False,float32,0,0.0,0,1.0,0.0,too little history
ctx_60m_FRED_CPIAUCSL_60m,False,float32,0,0.0,0,1.0,0.0,too little history
ctx_60m_FRED_CSUSHPINSA_60m,False,float32,0,0.0,0,1.0,0.0,too little history
ctx_60m_FRED_DCOILWTICO_60m,False,float32,0,0.0,0,1.0,0.0,too little history
ctx_60m_FRED_DEXCHUS_60m,False,float32,0,0.0,0,1.0,0.0,too little history
ctx_60m_FRED_DEXUSEU_60m,False,float32,0,0.0,0,1.0,0.0,too little history
ctx_60m_FRED_DGORDER_60m,False,float32,0,0.0,0,1.0,0.0,too little history
ctx_60m_FRED_DGS10_60m,False,float32,0,0.0,0,1.0,0.0,too little history
ctx_60m_FRED_DSPIC96_60m,False,float32,0,0.0,0,1.0,0.0,too little history
ctx_60m_FRED_FEDFUNDS_60m,False,float32,0,0.0,0,1.0,0.0,too little history
ctx_60m_FRED_GDP_60m,False,float32,0,0.0,0,1.0,0.0,too little history
ctx_60m_FRED_GS10_60m,False,float32,0,0.0,0,1.0,0.0,too little history
ctx_60m_FRED_GS2_60m,False,float32,0,0.0,0,1.0,0.0,too little history
ctx_60m_FRED_HOUST_60m,False,float32,0,0.0,0,1.0,0.0,too little history
ctx_60m_FRED_ICSA_60m,False,float32,0,0.0,0,1.0,0.0,too little history
ctx_60m_FRED_INDPRO_60m,False,float32,0,0.0,0,1.0,0.0,too little history
ctx_60m_FRED_MANEMP_60m,False,float32,0,0.0,0,1.0,0.0,too little history
ctx_60m_FRED_NFCI_60m,False,float32,0,0.0,0,1.0,0.0,too little history
ctx_60m_FRED_PAYEMS_60m,False,float32,0,0.0,0,1.0,0.0,too little history
ctx_60m_FRED_PCEPILFE_60m,False,float32,0,0.0,0,1.0,0.0,too little history
ctx_60m_FRED_PCEPI_60m,False,float32,0,0.0,0,1.0,0.0,too little history
ctx_60m_FRED_PCU334413334413_60m,False,float32,0,0.0,0,1.0,0.0,too little history
ctx_60m_FRED_PERMIT_60m,False,float32,0,0.0,0,1.0,0.0,too little history
ctx_60m_FRED_PPIACO_60m,False,float32,0,0.0,0,1.0,0.0,too little history
ctx_60m_FRED_RRPONTSYD_60m,False,float32,0,0.0,0,1.0,0.0,too little history
ctx_60m_FRED_RSAFS_60m,False,float32,0,0.0,0,1.0,0.0,too little history
ctx_60m_FRED_SAHMREALTIME_60m,False,float32,0,0.0,0,1.0,0.0,too little history
ctx_60m_FRED_T10Y2Y_60m,False,float32,0,0.0,0,1.0,0.0,too little history
ctx_60m_FRED_T10Y3M_60m,False,float32,0,0.0,0,1.0,0.0,too little history
ctx_60m_FRED_T10YIE_60m,False,float32,0,0.0,0,1.0,0.0,too little history
ctx_60m_FRED_T5YIE_60m,False,float32,0,0.0,0,1.0,0.0,too little history
ctx_60m_FRED_T5YIFR_60m,False,float32,0,0.0,0,1.0,0.0,too little history
ctx_60m_FRED_TOTALSA_60m,False,float32,0,0.0,0,1.0,0.0,too little history
ctx_60m_FRED_UMCSENT_60m,False,float32,0,0.0,0,1.0,0.0,too little history
ctx_60m_FRED_UNRATE_60m,False,float32,0,0.0,0,1.0,0.0,too little history
ctx_60m_FRED_VIXCLS_60m,False,float32,0,0.0,0,1.0,0.0,too little history
ctx_60m_FRED_WALCL_60m,False,float32,0,0.0,0,1.0,0.0,too little history
ctx_60m_FRED_WPU01_60m,False,float32,0,0.0,0,1.0,0.0,too little history
ctx_60m_FRED_WPU055_60m,False,float32,0,0.0,0,1.0,0.0,too little history
ctx_60m_FRED_WPU0561_60m,False,float32,0,0.0,0,1.0,0.0,too little history
ctx_60m_FRED_WPU101_60m,False,float32,0,0.0,0,1.0,0.0,too little history
ctx_60m_FRED_WTREGEN_60m,False,float32,0,0.0,0,1.0,0.0,too little history
ctx_60m_HURST_EXPONENT_60m,False,float32,0,0.0,0,1.0,0.0,too little history
ctx_60m_KURTOSIS_60m,False,float32,0,0.0,0,1.0,0.0,too little history
ctx_60m_LAG_10_60m,False,float32,0,0.0,0,1.0,0.0,too little history
ctx_60m_LAG_1_60m,False,float32,0,0.0,0,1.0,0.0,too little history
ctx_60m_LAG_20_60m,False,float32,0,0.0,0,1.0,0.0,too little history
ctx_60m_LAG_5_60m,False,float32,0,0.0,0,1.0,0.0,too little history
ctx_60m_LEVEL_BREAKOUT_DOWN_20_60m,False,float32,0,0.0,0,1.0,0.0,too little history
ctx_60m_LEVEL_BREAKOUT_UP_20_60m,False,float32,0,0.0,0,1.0,0.0,too little history
ctx_60m_LEVEL_DIST_RESISTANCE_20_60m,False,float32,0,0.0,0,1.0,0.0,too little history
ctx_60m_LEVEL_DIST_SUPPORT_20_60m,False,float32,0,0.0,0,1.0,0.0,too little history
ctx_60m_LEVEL_POSITION_20_60m,False,float32,0,0.0,0,1.0,0.0,too little history
ctx_60m_MACD_60m,False,float32,0,0.0,0,1.0,0.0,too little history
ctx_60m_MACD_Histogram_60m,False,float32,0,0.0,0,1.0,0.0,too little history
ctx_60m_MACD_Signal_60m,False,float32,0,0.0,0,1.0,0.0,too little history
ctx_60m_MARKET_PREMIUM_60m,False,float32,0,0.0,0,1.0,0.0,too little history
ctx_60m_MAX_DRAWDOWN_60m,False,float32,0,0.0,0,1.0,0.0,too little history
ctx_60m_MOMENTUM_ZSCORE_60m,False,float32,0,0.0,0,1.0,0.0,too little history
ctx_60m_ROLLING_KURT_10_60m,False,float32,0,0.0,0,1.0,0.0,too little history
ctx_60m_ROLLING_KURT_20_60m,False,float32,0,0.0,0,1.0,0.0,too little history
ctx_60m_ROLLING_SKEW_10_60m,False,float32,0,0.0,0,1.0,0.0,too little history
ctx_60m_ROLLING_SKEW_20_60m,False,float32,0,0.0,0,1.0,0.0,too little history
ctx_60m_ROLLING_VOL_10_60m,False,float32,0,0.0,0,1.0,0.0,too little history
ctx_60m_ROLLING_VOL_20_60m,False,float32,0,0.0,0,1.0,0.0,too little history
ctx_60m_RSI_14_60m,False,float32,0,0.0,0,1.0,0.0,too little history
ctx_60m_RSI_VELOCITY_60m,False,float32,0,0.0,0,1.0,0.0,too little history
ctx_60m_SHARPE_RATIO_60m,False,float32,0,0.0,0,1.0,0.0,too little history
ctx_60m_SKEWNESS_60m,False,float32,0,0.0,0,1.0,0.0,too little history
ctx_60m_SMA_100_60m,False,float32,0,0.0,0,1.0,0.0,too little history
ctx_60m_SMA_10_60m,False,float32,0,0.0,0,1.0,0.0,too little history
ctx_60m_SMA_200_60m,False,float32,0,0.0,0,1.0,0.0,too little history
ctx_60m_SMA_20_60m,False,float32,0,0.0,0,1.0,0.0,too little history
ctx_60m_SMA_50_60m,False,float32,0,0.0,0,1.0,0.0,too little history
ctx_60m_SMA_5_60m,False,float32,0,0.0,0,1.0,0.0,too little history
ctx_60m_SORTINO_RATIO_60m,False,float32,0,0.0,0,1.0,0.0,too little history
ctx_60m_Stoch_D_60m,False,float32,0,0.0,0,1.0,0.0,too little history
ctx_60m_Stoch_K_60m,False,float32,0,0.0,0,1.0,0.0,too little history
ctx_60m_VELOCITY_10_60m,False,float32,0,0.0,0,1.0,0.0,too little history
ctx_60m_VELOCITY_1_60m,False,float32,0,0.0,0,1.0,0.0,too little history
ctx_60m_VELOCITY_5_60m,False,float32,0,0.0,0,1.0,0.0,too little history
ctx_60m_VOLATILITY_20_60m,False,float32,0,0.0,0,1.0,0.0,too little history
ctx_60m_VOLATILITY_50_60m,False,float32,0,0.0,0,1.0,0.0,too little history
ctx_60m_VOLATILITY_5_60m,False,float32,0,0.0,0,1.0,0.0,too little history
ctx_60m_Williams_R_60m,False,float32,0,0.0,0,1.0,0.0,too little history
ctx_60m_atr_14_60m,False,float32,0,0.0,0,1.0,0.0,too little history
ctx_60m_available_at,False,"datetime64[ns, UTC]",0,0.0,0,1.0,0.0,too little history
ctx_60m_cftc_available_60m,False,float32,0,0.0,0,1.0,0.0,too little history
ctx_60m_cftc_crude_ls_ratio_60m,False,float32,0,0.0,0,1.0,0.0,too little history
ctx_60m_cftc_crude_net_pct_60m,False,float32,0,0.0,0,1.0,0.0,too little history
ctx_60m_cftc_dow_ls_ratio_60m,False,float32,0,0.0,0,1.0,0.0,too little history
ctx_60m_cftc_dow_net_pct_60m,False,float32,0,0.0,0,1.0,0.0,too little history
ctx_60m_cftc_gold_ls_ratio_60m,False,float32,0,0.0,0,1.0,0.0,too little history
ctx_60m_cftc_gold_net_pct_60m,False,float32,0,0.0,0,1.0,0.0,too little history
ctx_60m_cftc_nasdaq_ls_ratio_60m,False,float32,0,0.0,0,1.0,0.0,too little history
ctx_60m_cftc_nasdaq_net_pct_60m,False,float32,0,0.0,0,1.0,0.0,too little history
ctx_60m_cftc_sp500_ls_ratio_60m,False,float32,0,0.0,0,1.0,0.0,too little history
ctx_60m_cftc_sp500_net_pct_60m,False,float32,0,0.0,0,1.0,0.0,too little history
ctx_60m_close,False,float32,0,0.0,0,1.0,0.0,too little history
ctx_60m_context_anxiety_index_60m,False,float32,0,0.0,0,1.0,0.0,too little history
ctx_60m_context_fingerprint_60m,False,object,0,0.0,0,1.0,0.0,too little history
ctx_60m_context_pattern_id_60m,False,object,0,0.0,0,1.0,0.0,too little history
ctx_60m_context_pattern_seq_60m,False,object,0,0.0,0,1.0,0.0,too little history
ctx_60m_context_stability_60m,False,float32,0,0.0,0,1.0,0.0,too little history
ctx_60m_context_velocity_60m,False,float32,0,0.0,0,1.0,0.0,too little history
ctx_60m_context_velocity_rank_60m,False,float32,0,0.0,0,1.0,0.0,too little history
ctx_60m_day_of_month_60m,False,float32,0,0.0,0,1.0,0.0,too little history
ctx_60m_day_of_week_60m,False,float32,0,0.0,0,1.0,0.0,too little history
ctx_60m_day_of_week_cos_60m,False,float32,0,0.0,0,1.0,0.0,too little history
ctx_60m_day_of_week_sin_60m,False,float32,0,0.0,0,1.0,0.0,too little history
ctx_60m_day_of_year_60m,False,float32,0,0.0,0,1.0,0.0,too little history
ctx_60m_days_since_last_significant_60m,False,float32,0,0.0,0,1.0,0.0,too little history
ctx_60m_entity_count_60m,False,float32,0,0.0,0,1.0,0.0,too little history
ctx_60m_fear_greed_available_60m,False,float32,0,0.0,0,1.0,0.0,too little history
ctx_60m_fear_greed_index_60m,False,float32,0,0.0,0,1.0,0.0,too little history
ctx_60m_filing_count_30d_60m,False,float32,0,0.0,0,1.0,0.0,too little history
ctx_60m_filing_data_available_60m,False,float32,0,0.0,0,1.0,0.0,too little history
ctx_60m_filing_days_since_last_60m,False,float32,0,0.0,0,1.0,0.0,too little history
ctx_60m_filing_material_30d_60m,False,float32,0,0.0,0,1.0,0.0,too little history
ctx_60m_filing_periodic_30d_60m,False,float32,0,0.0,0,1.0,0.0,too little history
ctx_60m_fund_current_ratio_60m,False,float32,0,0.0,0,1.0,0.0,too little history
ctx_60m_fund_data_available_60m,False,float32,0,0.0,0,1.0,0.0,too little history
ctx_60m_fund_days_since_report_60m,False,float32,0,0.0,0,1.0,0.0,too little history
ctx_60m_fund_debt_to_equity_60m,False,float32,0,0.0,0,1.0,0.0,too little history
ctx_60m_fund_earnings_yield_60m,False,float32,0,0.0,0,1.0,0.0,too little history
ctx_60m_fund_price_to_book_60m,False,float32,0,0.0,0,1.0,0.0,too little history
ctx_60m_fund_return_on_equity_60m,False,float32,0,0.0,0,1.0,0.0,too little history
ctx_60m_gk_volatility_60m,False,float32,0,0.0,0,1.0,0.0,too little history
ctx_60m_high,False,float32,0,0.0,0,1.0,0.0,too little history
ctx_60m_hour_60m,False,float32,0,0.0,0,1.0,0.0,too little history
ctx_60m_hour_cos_60m,False,float32,0,0.0,0,1.0,0.0,too little history
ctx_60m_hour_sin_60m,False,float32,0,0.0,0,1.0,0.0,too little history
ctx_60m_hype_available_60m,False,float32,0,0.0,0,1.0,0.0,too little history
ctx_60m_hype_score_60m,False,float32,0,0.0,0,1.0,0.0,too little history
ctx_60m_insider_available_60m,False,float32,0,0.0,0,1.0,0.0,too little history
ctx_60m_insider_net_value_30d_60m,False,float32,0,0.0,0,1.0,0.0,too little history
ctx_60m_is_significant_60m,False,object,0,0.0,0,1.0,0.0,too little history
ctx_60m_is_significant_decayed_60m,False,float32,0,0.0,0,1.0,0.0,too little history
ctx_60m_keyword_count_60m,False,float32,0,0.0,0,1.0,0.0,too little history
ctx_60m_keyword_entity_available_60m,False,float32,0,0.0,0,1.0,0.0,too little history
ctx_60m_low,False,float32,0,0.0,0,1.0,0.0,too little history
ctx_60m_macro_composite_score_60m,False,float32,0,0.0,0,1.0,0.0,too little history
ctx_60m_market_breadth_60m,False,float32,0,0.0,0,1.0,0.0,too little history
ctx_60m_market_context_day_of_week_60m,False,float32,0,0.0,0,1.0,0.0,too little history
ctx_60m_market_context_fed_funds_trend_60m,False,float32,0,0.0,0,1.0,0.0,too little history
ctx_60m_market_context_fed_funds_velocity_60m,False,float32,0,0.0,0,1.0,0.0,too little history
ctx_60m_market_context_hour_of_day_60m,False,float32,0,0.0,0,1.0,0.0,too little history
ctx_60m_market_context_market_breadth_60m,False,float32,0,0.0,0,1.0,0.0,too little history
ctx_60m_market_context_price_to_ma20_60m,False,float32,0,0.0,0,1.0,0.0,too little history
ctx_60m_market_context_rsi_current_60m,False,float32,0,0.0,0,1.0,0.0,too little history
ctx_60m_market_context_trend_20d_60m,False,float32,0,0.0,0,1.0,0.0,too little history
ctx_60m_market_context_trend_5d_60m,False,float32,0,0.0,0,1.0,0.0,too little history
ctx_60m_market_context_trend_alignment_60m,False,float32,0,0.0,0,1.0,0.0,too little history
ctx_60m_market_context_volatility_20d_60m,False,float32,0,0.0,0,1.0,0.0,too little history
ctx_60m_market_context_volatility_5d_60m,False,float32,0,0.0,0,1.0,0.0,too little history
ctx_60m_market_context_volatility_ratio_60m,False,float32,0,0.0,0,1.0,0.0,too little history
ctx_60m_market_context_volume_ratio_60m,False,float32,0,0.0,0,1.0,0.0,too little history
ctx_60m_market_context_yield_curve_inverted_60m,False,float32,0,0.0,0,1.0,0.0,too little history
ctx_60m_market_context_yield_curve_slope_60m,False,float32,0,0.0,0,1.0,0.0,too little history
ctx_60m_market_return_60m,False,float32,0,0.0,0,1.0,0.0,too little history
ctx_60m_market_session_60m,False,float32,0,0.0,0,1.0,0.0,too little history
ctx_60m_month_of_year_60m,False,float32,0,0.0,0,1.0,0.0,too little history
ctx_60m_news_coverage_60m,False,float32,0,0.0,0,1.0,0.0,too little history
ctx_60m_news_freshness_hours_60m,False,float32,0,0.0,0,1.0,0.0,too little history
ctx_60m_news_impact_available_60m,False,float32,0,0.0,0,1.0,0.0,too little history
ctx_60m_news_impact_score_60m,False,float32,0,0.0,0,1.0,0.0,too little history
ctx_60m_news_intensity_60m,False,float32,0,0.0,0,1.0,0.0,too little history
ctx_60m_news_quality_available_60m,False,float32,0,0.0,0,1.0,0.0,too little history
ctx_60m_news_quality_score_60m,False,float32,0,0.0,0,1.0,0.0,too little history
ctx_60m_news_significance_level_60m,False,float32,0,0.0,0,1.0,0.0,too little history
ctx_60m_news_source_count_60m,False,float32,0,0.0,0,1.0,0.0,too little history
ctx_60m_nlp_cluster_60m,False,float32,0,0.0,0,1.0,0.0,too little history
ctx_60m_nlp_sentiment_score_60m,False,float32,0,0.0,0,1.0,0.0,too little history
ctx_60m_nlp_subjectivity_score_60m,False,float32,0,0.0,0,1.0,0.0,too little history
ctx_60m_obv_60m,False,float32,0,0.0,0,1.0,0.0,too little history
ctx_60m_open,False,float32,0,0.0,0,1.0,0.0,too little history
ctx_60m_peer_breadth_60m,False,float32,0,0.0,0,1.0,0.0,too little history
ctx_60m_peer_breadth_excess_60m,False,float32,0,0.0,0,1.0,0.0,too little history
ctx_60m_peer_count_60m,False,float32,0,0.0,0,1.0,0.0,too little history
ctx_60m_peer_divergence_60m,False,float32,0,0.0,0,1.0,0.0,too little history
ctx_60m_peer_return_60m,False,float32,0,0.0,0,1.0,0.0,too little history
ctx_60m_peer_return_excess_60m,False,float32,0,0.0,0,1.0,0.0,too little history
ctx_60m_peer_volatility_60m,False,float32,0,0.0,0,1.0,0.0,too little history
ctx_60m_price_volume_trend_60m,False,float32,0,0.0,0,1.0,0.0,too little history
ctx_60m_quarter_60m,False,float32,0,0.0,0,1.0,0.0,too little history
ctx_60m_returns_60m,False,float32,0,0.0,0,1.0,0.0,too little history
ctx_60m_sentiment_available_60m,False,float32,0,0.0,0,1.0,0.0,too little history
ctx_60m_sentiment_decay_weighted_60m,False,float32,0,0.0,0,1.0,0.0,too little history
ctx_60m_sentiment_ema_60m,False,float32,0,0.0,0,1.0,0.0,too little history
ctx_60m_sentiment_mean_60m,False,float32,0,0.0,0,1.0,0.0,too little history
ctx_60m_sentiment_neg_threshold_60m,False,float32,0,0.0,0,1.0,0.0,too little history
ctx_60m_sentiment_pos_threshold_60m,False,float32,0,0.0,0,1.0,0.0,too little history
ctx_60m_sentiment_sma_20_60m,False,float32,0,0.0,0,1.0,0.0,too little history
ctx_60m_sentiment_sma_50_60m,False,float32,0,0.0,0,1.0,0.0,too little history
ctx_60m_sentiment_sma_5_60m,False,float32,0,0.0,0,1.0,0.0,too little history
ctx_60m_sentiment_std_20_60m,False,float32,0,0.0,0,1.0,0.0,too little history
ctx_60m_sentiment_std_50_60m,False,float32,0,0.0,0,1.0,0.0,too little history
ctx_60m_sentiment_std_5_60m,False,float32,0,0.0,0,1.0,0.0,too little history
ctx_60m_sentiment_std_stat_60m,False,float32,0,0.0,0,1.0,0.0,too little history
ctx_60m_sentiment_velocity_60m,False,float32,0,0.0,0,1.0,0.0,too little history
ctx_60m_significance_intensity_7d_60m,False,float32,0,0.0,0,1.0,0.0,too little history
ctx_60m_significant_events_30d_60m,False,float32,0,0.0,0,1.0,0.0,too little history
ctx_60m_significant_events_7d_60m,False,float32,0,0.0,0,1.0,0.0,too little history
ctx_60m_source_datetime,False,"datetime64[ns, UTC]",0,0.0,0,1.0,0.0,too little history
ctx_60m_state_AATR_14_60m,False,float32,0,0.0,0,1.0,0.0,too little history
ctx_60m_state_ABB_Lower_60m,False,float32,0,0.0,0,1.0,0.0,too little history
ctx_60m_state_ABB_Mid_60m,False,float32,0,0.0,0,1.0,0.0,too little history
ctx_60m_state_ABB_Upper_60m,False,float32,0,0.0,0,1.0,0.0,too little history
ctx_60m_state_ACCELERATION_10_60m,False,float32,0,0.0,0,1.0,0.0,too little history
ctx_60m_state_ACCELERATION_5_60m,False,float32,0,0.0,0,1.0,0.0,too little history
ctx_60m_state_AEMA_20_60m,False,float32,0,0.0,0,1.0,0.0,too little history
ctx_60m_state_ARSI_14_60m,False,float32,0,0.0,0,1.0,0.0,too little history
ctx_60m_state_ATR_14_60m,False,float32,0,0.0,0,1.0,0.0,too little history
ctx_60m_state_AUTOCORR_60m,False,float32,0,0.0,0,1.0,0.0,too little history
ctx_60m_state_BB_Lower_60m,False,float32,0,0.0,0,1.0,0.0,too little history
ctx_60m_state_BB_Middle_60m,False,float32,0,0.0,0,1.0,0.0,too little history
ctx_60m_state_BB_Upper_60m,False,float32,0,0.0,0,1.0,0.0,too little history
ctx_60m_state_CCI_60m,False,float32,0,0.0,0,1.0,0.0,too little history
ctx_60m_state_CDL_BODY_RATIO_60m,False,float32,0,0.0,0,1.0,0.0,too little history
ctx_60m_state_CDL_DOJI_60m,False,float32,0,0.0,0,1.0,0.0,too little history
ctx_60m_state_CDL_ENGULFING_BEAR_60m,False,float32,0,0.0,0,1.0,0.0,too little history
ctx_60m_state_CDL_ENGULFING_BULL_60m,False,float32,0,0.0,0,1.0,0.0,too little history
ctx_60m_state_CDL_HAMMER_60m,False,float32,0,0.0,0,1.0,0.0,too little history
ctx_60m_state_CDL_INSIDE_BAR_60m,False,float32,0,0.0,0,1.0,0.0,too little history
ctx_60m_state_CDL_LOWER_WICK_RATIO_60m,False,float32,0,0.0,0,1.0,0.0,too little history
ctx_60m_state_CDL_MARUBOZU_60m,False,float32,0,0.0,0,1.0,0.0,too little history
ctx_60m_state_CDL_OUTSIDE_BAR_60m,False,float32,0,0.0,0,1.0,0.0,too little history
ctx_60m_state_CDL_SHOOTING_STAR_60m,False,float32,0,0.0,0,1.0,0.0,too little history
ctx_60m_state_CDL_UPPER_WICK_RATIO_60m,False,float32,0,0.0,0,1.0,0.0,too little history
ctx_60m_state_CURRENT_DRAWDOWN_60m,False,float32,0,0.0,0,1.0,0.0,too little history
ctx_60m_state_EMA_100_60m,False,float32,0,0.0,0,1.0,0.0,too little history
ctx_60m_state_EMA_10_60m,False,float32,0,0.0,0,1.0,0.0,too little history
ctx_60m_state_EMA_200_60m,False,float32,0,0.0,0,1.0,0.0,too little history
ctx_60m_state_EMA_20_60m,False,float32,0,0.0,0,1.0,0.0,too little history
ctx_60m_state_EMA_50_60m,False,float32,0,0.0,0,1.0,0.0,too little history
ctx_60m_state_EMA_5_60m,False,float32,0,0.0,0,1.0,0.0,too little history
ctx_60m_state_FRED_BAMLC0A0CM_60m,False,float32,0,0.0,0,1.0,0.0,too little history
ctx_60m_state_FRED_BAMLH0A0HYM2_60m,False,float32,0,0.0,0,1.0,0.0,too little history
ctx_60m_state_FRED_CAPUTLB50001SQ_60m,False,float32,0,0.0,0,1.0,0.0,too little history
ctx_60m_state_FRED_CCSA_60m,False,float32,0,0.0,0,1.0,0.0,too little history
ctx_60m_state_FRED_CPIAUCSL_60m,False,float32,0,0.0,0,1.0,0.0,too little history
ctx_60m_state_FRED_CSUSHPINSA_60m,False,float32,0,0.0,0,1.0,0.0,too little history
ctx_60m_state_FRED_DCOILWTICO_60m,False,float32,0,0.0,0,1.0,0.0,too little history
ctx_60m_state_FRED_DEXCHUS_60m,False,float32,0,0.0,0,1.0,0.0,too little history
ctx_60m_state_FRED_DEXUSEU_60m,False,float32,0,0.0,0,1.0,0.0,too little history
ctx_60m_state_FRED_DGORDER_60m,False,float32,0,0.0,0,1.0,0.0,too little history
ctx_60m_state_FRED_DGS10_60m,False,float32,0,0.0,0,1.0,0.0,too little history
ctx_60m_state_FRED_DSPIC96_60m,False,float32,0,0.0,0,1.0,0.0,too little history
ctx_60m_state_FRED_FEDFUNDS_60m,False,float32,0,0.0,0,1.0,0.0,too little history
ctx_60m_state_FRED_GDP_60m,False,float32,0,0.0,0,1.0,0.0,too little history
ctx_60m_state_FRED_GS10_60m,False,float32,0,0.0,0,1.0,0.0,too little history
ctx_60m_state_FRED_GS2_60m,False,float32,0,0.0,0,1.0,0.0,too little history
ctx_60m_state_FRED_HOUST_60m,False,float32,0,0.0,0,1.0,0.0,too little history
ctx_60m_state_FRED_ICSA_60m,False,float32,0,0.0,0,1.0,0.0,too little history
ctx_60m_state_FRED_INDPRO_60m,False,float32,0,0.0,0,1.0,0.0,too little history
ctx_60m_state_FRED_MANEMP_60m,False,float32,0,0.0,0,1.0,0.0,too little history
ctx_60m_state_FRED_NFCI_60m,False,float32,0,0.0,0,1.0,0.0,too little history
ctx_60m_state_FRED_PAYEMS_60m,False,float32,0,0.0,0,1.0,0.0,too little history
ctx_60m_state_FRED_PCEPILFE_60m,False,float32,0,0.0,0,1.0,0.0,too little history
ctx_60m_state_FRED_PCEPI_60m,False,float32,0,0.0,0,1.0,0.0,too little history
ctx_60m_state_FRED_PCU334413334413_60m,False,float32,0,0.0,0,1.0,0.0,too little history
ctx_60m_state_FRED_PERMIT_60m,False,float32,0,0.0,0,1.0,0.0,too little history
ctx_60m_state_FRED_PPIACO_60m,False,float32,0,0.0,0,1.0,0.0,too little history
ctx_60m_state_FRED_RRPONTSYD_60m,False,float32,0,0.0,0,1.0,0.0,too little history
ctx_60m_state_FRED_RSAFS_60m,False,float32,0,0.0,0,1.0,0.0,too little history
ctx_60m_state_FRED_SAHMREALTIME_60m,False,float32,0,0.0,0,1.0,0.0,too little history
ctx_60m_state_FRED_T10Y2Y_60m,False,float32,0,0.0,0,1.0,0.0,too little history
ctx_60m_state_FRED_T10Y3M_60m,False,float32,0,0.0,0,1.0,0.0,too little history
ctx_60m_state_FRED_T10YIE_60m,False,float32,0,0.0,0,1.0,0.0,too little history
ctx_60m_state_FRED_T5YIE_60m,False,float32,0,0.0,0,1.0,0.0,too little history
ctx_60m_state_FRED_T5YIFR_60m,False,float32,0,0.0,0,1.0,0.0,too little history
ctx_60m_state_FRED_TOTALSA_60m,False,float32,0,0.0,0,1.0,0.0,too little history
ctx_60m_state_FRED_UMCSENT_60m,False,float32,0,0.0,0,1.0,0.0,too little history
ctx_60m_state_FRED_UNRATE_60m,False,float32,0,0.0,0,1.0,0.0,too little history
ctx_60m_state_FRED_VIXCLS_60m,False,float32,0,0.0,0,1.0,0.0,too little history
ctx_60m_state_FRED_WALCL_60m,False,float32,0,0.0,0,1.0,0.0,too little history
ctx_60m_state_FRED_WPU01_60m,False,float32,0,0.0,0,1.0,0.0,too little history
ctx_60m_state_FRED_WPU055_60m,False,float32,0,0.0,0,1.0,0.0,too little history
ctx_60m_state_FRED_WPU0561_60m,False,float32,0,0.0,0,1.0,0.0,too little history
ctx_60m_state_FRED_WPU101_60m,False,float32,0,0.0,0,1.0,0.0,too little history
ctx_60m_state_FRED_WTREGEN_60m,False,float32,0,0.0,0,1.0,0.0,too little history
ctx_60m_state_HURST_EXPONENT_60m,False,float32,0,0.0,0,1.0,0.0,too little history
ctx_60m_state_KURTOSIS_60m,False,float32,0,0.0,0,1.0,0.0,too little history
ctx_60m_state_LAG_10_60m,False,float32,0,0.0,0,1.0,0.0,too little history
ctx_60m_state_LAG_1_60m,False,float32,0,0.0,0,1.0,0.0,too little history
ctx_60m_state_LAG_20_60m,False,float32,0,0.0,0,1.0,0.0,too little history
ctx_60m_state_LAG_5_60m,False,float32,0,0.0,0,1.0,0.0,too little history
ctx_60m_state_LEVEL_BREAKOUT_DOWN_20_60m,False,float32,0,0.0,0,1.0,0.0,too little history
ctx_60m_state_LEVEL_BREAKOUT_UP_20_60m,False,float32,0,0.0,0,1.0,0.0,too little history
ctx_60m_state_LEVEL_DIST_RESISTANCE_20_60m,False,float32,0,0.0,0,1.0,0.0,too little history
ctx_60m_state_LEVEL_DIST_SUPPORT_20_60m,False,float32,0,0.0,0,1.0,0.0,too little history
ctx_60m_state_LEVEL_POSITION_20_60m,False,float32,0,0.0,0,1.0,0.0,too little history
ctx_60m_state_MACD_60m,False,float32,0,0.0,0,1.0,0.0,too little history
ctx_60m_state_MACD_Histogram_60m,False,float32,0,0.0,0,1.0,0.0,too little history
ctx_60m_state_MACD_Signal_60m,False,float32,0,0.0,0,1.0,0.0,too little history
ctx_60m_state_MARKET_PREMIUM_60m,False,float32,0,0.0,0,1.0,0.0,too little history
ctx_60m_state_MAX_DRAWDOWN_60m,False,float32,0,0.0,0,1.0,0.0,too little history
ctx_60m_state_MOMENTUM_ZSCORE_60m,False,float32,0,0.0,0,1.0,0.0,too little history
ctx_60m_state_ROLLING_KURT_10_60m,False,float32,0,0.0,0,1.0,0.0,too little history
ctx_60m_state_ROLLING_KURT_20_60m,False,float32,0,0.0,0,1.0,0.0,too little history
ctx_60m_state_ROLLING_SKEW_10_60m,False,float32,0,0.0,0,1.0,0.0,too little history
ctx_60m_state_ROLLING_SKEW_20_60m,False,float32,0,0.0,0,1.0,0.0,too little history
ctx_60m_state_ROLLING_VOL_10_60m,False,float32,0,0.0,0,1.0,0.0,too little history
ctx_60m_state_ROLLING_VOL_20_60m,False,float32,0,0.0,0,1.0,0.0,too little history
ctx_60m_state_RSI_14_60m,False,float32,0,0.0,0,1.0,0.0,too little history
ctx_60m_state_RSI_VELOCITY_60m,False,float32,0,0.0,0,1.0,0.0,too little history
ctx_60m_state_SHARPE_RATIO_60m,False,float32,0,0.0,0,1.0,0.0,too little history
ctx_60m_state_SKEWNESS_60m,False,float32,0,0.0,0,1.0,0.0,too little history
ctx_60m_state_SMA_100_60m,False,float32,0,0.0,0,1.0,0.0,too little history
ctx_60m_state_SMA_10_60m,False,float32,0,0.0,0,1.0,0.0,too little history
ctx_60m_state_SMA_200_60m,False,float32,0,0.0,0,1.0,0.0,too little history
ctx_60m_state_SMA_20_60m,False,float32,0,0.0,0,1.0,0.0,too little history
ctx_60m_state_SMA_50_60m,False,float32,0,0.0,0,1.0,0.0,too little history
ctx_60m_state_SMA_5_60m,False,float32,0,0.0,0,1.0,0.0,too little history
ctx_60m_state_SORTINO_RATIO_60m,False,float32,0,0.0,0,1.0,0.0,too little history
ctx_60m_state_Stoch_D_60m,False,float32,0,0.0,0,1.0,0.0,too little history
ctx_60m_state_Stoch_K_60m,False,float32,0,0.0,0,1.0,0.0,too little history
ctx_60m_state_VELOCITY_10_60m,False,float32,0,0.0,0,1.0,0.0,too little history
ctx_60m_state_VELOCITY_1_60m,False,float32,0,0.0,0,1.0,0.0,too little history
ctx_60m_state_VELOCITY_5_60m,False,float32,0,0.0,0,1.0,0.0,too little history
ctx_60m_state_VOLATILITY_20_60m,False,float32,0,0.0,0,1.0,0.0,too little history
ctx_60m_state_VOLATILITY_50_60m,False,float32,0,0.0,0,1.0,0.0,too little history
ctx_60m_state_VOLATILITY_5_60m,False,float32,0,0.0,0,1.0,0.0,too little history
ctx_60m_state_Williams_R_60m,False,float32,0,0.0,0,1.0,0.0,too little history
ctx_60m_state_atr_14_60m,False,float32,0,0.0,0,1.0,0.0,too little history
ctx_60m_state_cftc_available_60m,False,float32,0,0.0,0,1.0,0.0,too little history
ctx_60m_state_cftc_crude_ls_ratio_60m,False,float32,0,0.0,0,1.0,0.0,too little history
ctx_60m_state_cftc_crude_net_pct_60m,False,float32,0,0.0,0,1.0,0.0,too little history
ctx_60m_state_cftc_dow_ls_ratio_60m,False,float32,0,0.0,0,1.0,0.0,too little history
ctx_60m_state_cftc_dow_net_pct_60m,False,float32,0,0.0,0,1.0,0.0,too little history
ctx_60m_state_cftc_gold_ls_ratio_60m,False,float32,0,0.0,0,1.0,0.0,too little history
ctx_60m_state_cftc_gold_net_pct_60m,False,float32,0,0.0,0,1.0,0.0,too little history
ctx_60m_state_cftc_nasdaq_ls_ratio_60m,False,float32,0,0.0,0,1.0,0.0,too little history
ctx_60m_state_cftc_nasdaq_net_pct_60m,False,float32,0,0.0,0,1.0,0.0,too little history
ctx_60m_state_cftc_sp500_ls_ratio_60m,False,float32,0,0.0,0,1.0,0.0,too little history
ctx_60m_state_cftc_sp500_net_pct_60m,False,float32,0,0.0,0,1.0,0.0,too little history
ctx_60m_state_champion_60m,False,float32,0,0.0,0,1.0,0.0,too little history
ctx_60m_state_close_60m,False,float32,0,0.0,0,1.0,0.0,too little history
ctx_60m_state_day_of_week_cos_60m,False,float32,0,0.0,0,1.0,0.0,too little history
ctx_60m_state_day_of_week_sin_60m,False,float32,0,0.0,0,1.0,0.0,too little history
ctx_60m_state_days_since_last_significant_60m,False,float32,0,0.0,0,1.0,0.0,too little history
ctx_60m_state_entity_count_60m,False,float32,0,0.0,0,1.0,0.0,too little history
ctx_60m_state_fear_greed_available_60m,False,float32,0,0.0,0,1.0,0.0,too little history
ctx_60m_state_fear_greed_index_60m,False,float32,0,0.0,0,1.0,0.0,too little history
ctx_60m_state_filing_count_30d_60m,False,float32,0,0.0,0,1.0,0.0,too little history
ctx_60m_state_filing_days_since_last_60m,False,float32,0,0.0,0,1.0,0.0,too little history
ctx_60m_state_filing_material_30d_60m,False,float32,0,0.0,0,1.0,0.0,too little history
ctx_60m_state_filing_periodic_30d_60m,False,float32,0,0.0,0,1.0,0.0,too little history
ctx_60m_state_fund_current_ratio_60m,False,float32,0,0.0,0,1.0,0.0,too little history
ctx_60m_state_fund_data_available_60m,False,float32,0,0.0,0,1.0,0.0,too little history
ctx_60m_state_fund_days_since_report_60m,False,float32,0,0.0,0,1.0,0.0,too little history
ctx_60m_state_fund_debt_to_equity_60m,False,float32,0,0.0,0,1.0,0.0,too little history
ctx_60m_state_fund_earnings_yield_60m,False,float32,0,0.0,0,1.0,0.0,too little history
ctx_60m_state_fund_price_to_book_60m,False,float32,0,0.0,0,1.0,0.0,too little history
ctx_60m_state_fund_return_on_equity_60m,False,float32,0,0.0,0,1.0,0.0,too little history
ctx_60m_state_gk_volatility_60m,False,float32,0,0.0,0,1.0,0.0,too little history
ctx_60m_state_high_60m,False,float32,0,0.0,0,1.0,0.0,too little history
ctx_60m_state_hour_cos_60m,False,float32,0,0.0,0,1.0,0.0,too little history
ctx_60m_state_hour_sin_60m,False,float32,0,0.0,0,1.0,0.0,too little history
ctx_60m_state_hype_score_60m,False,float32,0,0.0,0,1.0,0.0,too little history
ctx_60m_state_insider_available_60m,False,float32,0,0.0,0,1.0,0.0,too little history
ctx_60m_state_insider_net_value_30d_60m,False,float32,0,0.0,0,1.0,0.0,too little history
ctx_60m_state_is_significant_decayed_60m,False,float32,0,0.0,0,1.0,0.0,too little history
ctx_60m_state_keyword_count_60m,False,float32,0,0.0,0,1.0,0.0,too little history
ctx_60m_state_keyword_entity_available_60m,False,float32,0,0.0,0,1.0,0.0,too little history
ctx_60m_state_low_60m,False,float32,0,0.0,0,1.0,0.0,too little history
ctx_60m_state_macro_composite_score_60m,False,float32,0,0.0,0,1.0,0.0,too little history
ctx_60m_state_market_breadth_60m,False,float32,0,0.0,0,1.0,0.0,too little history
ctx_60m_state_market_return_60m,False,float32,0,0.0,0,1.0,0.0,too little history
ctx_60m_state_market_session_60m,False,float32,0,0.0,0,1.0,0.0,too little history
ctx_60m_state_news_freshness_hours_60m,False,float32,0,0.0,0,1.0,0.0,too little history
ctx_60m_state_news_impact_available_60m,False,float32,0,0.0,0,1.0,0.0,too little history
ctx_60m_state_news_impact_score_60m,False,float32,0,0.0,0,1.0,0.0,too little history
ctx_60m_state_news_intensity_60m,False,float32,0,0.0,0,1.0,0.0,too little history
ctx_60m_state_news_quality_available_60m,False,float32,0,0.0,0,1.0,0.0,too little history
ctx_60m_state_news_quality_score_60m,False,float32,0,0.0,0,1.0,0.0,too little history
ctx_60m_state_news_significance_level_60m,False,float32,0,0.0,0,1.0,0.0,too little history
ctx_60m_state_news_source_count_60m,False,float32,0,0.0,0,1.0,0.0,too little history
ctx_60m_state_nlp_cluster_60m,False,float32,0,0.0,0,1.0,0.0,too little history
ctx_60m_state_nlp_sentiment_score_60m,False,float32,0,0.0,0,1.0,0.0,too little history
ctx_60m_state_nlp_subjectivity_score_60m,False,float32,0,0.0,0,1.0,0.0,too little history
ctx_60m_state_obv_60m,False,float32,0,0.0,0,1.0,0.0,too little history
ctx_60m_state_open_60m,False,float32,0,0.0,0,1.0,0.0,too little history
ctx_60m_state_peer_breadth_60m,False,float32,0,0.0,0,1.0,0.0,too little history
ctx_60m_state_peer_breadth_excess_60m,False,float32,0,0.0,0,1.0,0.0,too little history
ctx_60m_state_peer_count_60m,False,float32,0,0.0,0,1.0,0.0,too little history
ctx_60m_state_peer_divergence_60m,False,float32,0,0.0,0,1.0,0.0,too little history
ctx_60m_state_peer_return_60m,False,float32,0,0.0,0,1.0,0.0,too little history
ctx_60m_state_peer_return_excess_60m,False,float32,0,0.0,0,1.0,0.0,too little history
ctx_60m_state_peer_volatility_60m,False,float32,0,0.0,0,1.0,0.0,too little history
ctx_60m_state_price_volume_trend_60m,False,float32,0,0.0,0,1.0,0.0,too little history
ctx_60m_state_returns_60m,False,float32,0,0.0,0,1.0,0.0,too little history
ctx_60m_state_sentiment_available_60m,False,float32,0,0.0,0,1.0,0.0,too little history
ctx_60m_state_sentiment_decay_weighted_60m,False,float32,0,0.0,0,1.0,0.0,too little history
ctx_60m_state_sentiment_ema_60m,False,float32,0,0.0,0,1.0,0.0,too little history
ctx_60m_state_sentiment_mean_60m,False,float32,0,0.0,0,1.0,0.0,too little history
ctx_60m_state_sentiment_neg_threshold_60m,False,float32,0,0.0,0,1.0,0.0,too little history
ctx_60m_state_sentiment_pos_threshold_60m,False,float32,0,0.0,0,1.0,0.0,too little history
ctx_60m_state_sentiment_sma_20_60m,False,float32,0,0.0,0,1.0,0.0,too little history
ctx_60m_state_sentiment_sma_50_60m,False,float32,0,0.0,0,1.0,0.0,too little history
ctx_60m_state_sentiment_sma_5_60m,False,float32,0,0.0,0,1.0,0.0,too little history
ctx_60m_state_sentiment_std_20_60m,False,float32,0,0.0,0,1.0,0.0,too little history
ctx_60m_state_sentiment_std_50_60m,False,float32,0,0.0,0,1.0,0.0,too little history
ctx_60m_state_sentiment_std_5_60m,False,float32,0,0.0,0,1.0,0.0,too little history
ctx_60m_state_sentiment_std_stat_60m,False,float32,0,0.0,0,1.0,0.0,too little history
ctx_60m_state_sentiment_velocity_60m,False,float32,0,0.0,0,1.0,0.0,too little history
ctx_60m_state_significance_intensity_7d_60m,False,float32,0,0.0,0,1.0,0.0,too little history
ctx_60m_state_significant_events_30d_60m,False,float32,0,0.0,0,1.0,0.0,too little history
ctx_60m_state_significant_events_7d_60m,False,float32,0,0.0,0,1.0,0.0,too little history
ctx_60m_state_volatility_10_60m,False,float32,0,0.0,0,1.0,0.0,too little history
ctx_60m_state_volatility_20_60m,False,float32,0,0.0,0,1.0,0.0,too little history
ctx_60m_state_volatility_5_60m,False,float32,0,0.0,0,1.0,0.0,too little history
ctx_60m_state_volume_60m,False,float32,0,0.0,0,1.0,0.0,too little history
ctx_60m_state_volume_roc_60m,False,float32,0,0.0,0,1.0,0.0,too little history
ctx_60m_state_volume_rs_60m,False,float32,0,0.0,0,1.0,0.0,too little history
ctx_60m_state_volume_sma_10_60m,False,float32,0,0.0,0,1.0,0.0,too little history
ctx_60m_state_volume_sma_5_60m,False,float32,0,0.0,0,1.0,0.0,too little history
ctx_60m_state_wiki_attention_z_60m,False,float32,0,0.0,0,1.0,0.0,too little history
ctx_60m_state_wiki_views_60m,False,float32,0,0.0,0,1.0,0.0,too little history
ctx_60m_volatility_10_60m,False,float32,0,0.0,0,1.0,0.0,too little history
ctx_60m_volatility_20_60m,False,float32,0,0.0,0,1.0,0.0,too little history
ctx_60m_volatility_5_60m,False,float32,0,0.0,0,1.0,0.0,too little history
ctx_60m_volatility_regime_60m,False,category,0,0.0,0,1.0,0.0,too little history
ctx_60m_volume,False,float32,0,0.0,0,1.0,0.0,too little history
ctx_60m_volume_roc_60m,False,float32,0,0.0,0,1.0,0.0,too little history
ctx_60m_volume_rs_60m,False,float32,0,0.0,0,1.0,0.0,too little history
ctx_60m_volume_sma_10_60m,False,float32,0,0.0,0,1.0,0.0,too little history
ctx_60m_volume_sma_5_60m,False,float32,0,0.0,0,1.0,0.0,too little history
ctx_60m_week_of_year_60m,False,float32,0,0.0,0,1.0,0.0,too little history
ctx_60m_wiki_attention_available_60m,False,float32,0,0.0,0,1.0,0.0,too little history
ctx_60m_wiki_attention_z_60m,False,float32,0,0.0,0,1.0,0.0,too little history
ctx_60m_wiki_views_60m,False,float32,0,0.0,0,1.0,0.0,too little history
day_of_month_15m,False,float64,0,0.0,0,1.0,0.0,too little history
day_of_month_60m,False,float64,0,0.0,0,1.0,0.0,too little history
day_of_week_15m,False,float64,0,0.0,0,1.0,0.0,too little history
day_of_week_60m,False,float64,0,0.0,0,1.0,0.0,too little history
day_of_week_cos_15m,False,float32,0,0.0,0,1.0,0.0,too little history
day_of_week_cos_60m,False,float32,0,0.0,0,1.0,0.0,too little history
day_of_week_sin_15m,False,float32,0,0.0,0,1.0,0.0,too little history
day_of_week_sin_60m,False,float32,0,0.0,0,1.0,0.0,too little history
day_of_year_15m,False,float64,0,0.0,0,1.0,0.0,too little history
day_of_year_60m,False,float64,0,0.0,0,1.0,0.0,too little history
days_since_last_significant_15m,False,float32,0,0.0,0,1.0,0.0,too little history
days_since_last_significant_60m,False,float32,0,0.0,0,1.0,0.0,too little history
entity_count_15m,False,float64,0,0.0,0,1.0,0.0,too little history
entity_count_60m,False,float64,0,0.0,0,1.0,0.0,too little history
fear_greed_available_15m,False,float64,0,0.0,0,1.0,0.0,too little history
fear_greed_available_60m,False,float64,0,0.0,0,1.0,0.0,too little history
fear_greed_index_15m,False,float32,0,0.0,0,1.0,0.0,too little history
fear_greed_index_1d,False,float32,0,0.0,0,1.0,0.0,too little history
fear_greed_index_60m,False,float32,0,0.0,0,1.0,0.0,too little history
filing_count_30d_15m,False,float32,0,0.0,0,1.0,0.0,too little history
filing_count_30d_60m,False,float32,0,0.0,0,1.0,0.0,too little history
filing_data_available_15m,False,float64,0,0.0,0,1.0,0.0,too little history
filing_data_available_60m,False,float64,0,0.0,0,1.0,0.0,too little history
filing_days_since_last_15m,False,float32,0,0.0,0,1.0,0.0,too little history
filing_days_since_last_60m,False,float32,0,0.0,0,1.0,0.0,too little history
filing_material_30d_15m,False,float32,0,0.0,0,1.0,0.0,too little history
filing_material_30d_60m,False,float32,0,0.0,0,1.0,0.0,too little history
filing_periodic_30d_15m,False,float32,0,0.0,0,1.0,0.0,too little history
filing_periodic_30d_60m,False,float32,0,0.0,0,1.0,0.0,too little history
fund_current_ratio_15m,False,float32,0,0.0,0,1.0,0.0,too little history
fund_current_ratio_60m,False,float32,0,0.0,0,1.0,0.0,too little history
fund_data_available_15m,False,float64,0,0.0,0,1.0,0.0,too little history
fund_data_available_60m,False,float64,0,0.0,0,1.0,0.0,too little history
fund_days_since_report_15m,False,float32,0,0.0,0,1.0,0.0,too little history
fund_days_since_report_60m,False,float32,0,0.0,0,1.0,0.0,too little history
fund_debt_to_equity_15m,False,float32,0,0.0,0,1.0,0.0,too little history
fund_debt_to_equity_60m,False,float32,0,0.0,0,1.0,0.0,too little history
fund_earnings_yield_15m,False,float32,0,0.0,0,1.0,0.0,too little history
fund_earnings_yield_60m,False,float32,0,0.0,0,1.0,0.0,too little history
fund_price_to_book_15m,False,float32,0,0.0,0,1.0,0.0,too little history
fund_price_to_book_60m,False,float32,0,0.0,0,1.0,0.0,too little history
fund_return_on_equity_15m,False,float32,0,0.0,0,1.0,0.0,too little history
fund_return_on_equity_60m,False,float32,0,0.0,0,1.0,0.0,too little history
gk_volatility_15m,False,float32,0,0.0,0,1.0,0.0,too little history
gk_volatility_60m,False,float32,0,0.0,0,1.0,0.0,too little history
hour_15m,False,float64,0,0.0,0,1.0,0.0,too little history
hour_60m,False,float64,0,0.0,0,1.0,0.0,too little history
hour_cos_15m,False,float32,0,0.0,0,1.0,0.0,too little history
hour_cos_60m,False,float32,0,0.0,0,1.0,0.0,too little history
hour_sin_15m,False,float32,0,0.0,0,1.0,0.0,too little history
hour_sin_60m,False,float32,0,0.0,0,1.0,0.0,too little history
hype_available_15m,False,float64,0,0.0,0,1.0,0.0,too little history
hype_available_60m,False,float64,0,0.0,0,1.0,0.0,too little history
hype_score_15m,False,float64,0,0.0,0,1.0,0.0,too little history
hype_score_60m,False,float32,0,0.0,0,1.0,0.0,too little history
insider_available_15m,False,float64,0,0.0,0,1.0,0.0,too little history
insider_available_60m,False,float64,0,0.0,0,1.0,0.0,too little history
insider_net_value_30d_15m,False,float32,0,0.0,0,1.0,0.0,too little history
insider_net_value_30d_60m,False,float32,0,0.0,0,1.0,0.0,too little history
is_significant_15m,False,object,0,0.0,0,1.0,0.0,too little history
is_significant_60m,False,object,0,0.0,0,1.0,0.0,too little history
is_significant_decayed_15m,False,float32,0,0.0,0,1.0,0.0,too little history
is_significant_decayed_60m,False,float32,0,0.0,0,1.0,0.0,too little history
keyword_count_15m,False,float64,0,0.0,0,1.0,0.0,too little history
keyword_count_60m,False,float64,0,0.0,0,1.0,0.0,too little history
keyword_entity_available_15m,False,float64,0,0.0,0,1.0,0.0,too little history
keyword_entity_available_60m,False,float64,0,0.0,0,1.0,0.0,too little history
macro_composite_score_15m,False,float32,0,0.0,0,1.0,0.0,too little history
macro_composite_score_60m,False,float32,0,0.0,0,1.0,0.0,too little history
market_breadth_15m,False,float32,0,0.0,0,1.0,0.0,too little history
market_breadth_60m,False,float32,0,0.0,0,1.0,0.0,too little history
market_context_day_of_week_15m,False,float32,0,0.0,0,1.0,0.0,too little history
market_context_day_of_week_60m,False,float32,0,0.0,0,1.0,0.0,too little history
market_context_fed_funds_trend_15m,False,float32,0,0.0,0,1.0,0.0,too little history
market_context_fed_funds_trend_60m,False,float32,0,0.0,0,1.0,0.0,too little history
market_context_fed_funds_velocity_15m,False,float32,0,0.0,0,1.0,0.0,too little history
market_context_fed_funds_velocity_60m,False,float32,0,0.0,0,1.0,0.0,too little history
market_context_hour_of_day_15m,False,float32,0,0.0,0,1.0,0.0,too little history
market_context_hour_of_day_60m,False,float32,0,0.0,0,1.0,0.0,too little history
market_context_market_breadth_15m,False,float32,0,0.0,0,1.0,0.0,too little history
market_context_market_breadth_60m,False,float32,0,0.0,0,1.0,0.0,too little history
market_context_price_to_ma20_15m,False,float32,0,0.0,0,1.0,0.0,too little history
market_context_price_to_ma20_60m,False,float32,0,0.0,0,1.0,0.0,too little history
market_context_rsi_current_15m,False,float32,0,0.0,0,1.0,0.0,too little history
market_context_rsi_current_60m,False,float32,0,0.0,0,1.0,0.0,too little history
market_context_trend_20d_15m,False,float32,0,0.0,0,1.0,0.0,too little history
market_context_trend_20d_60m,False,float32,0,0.0,0,1.0,0.0,too little history
market_context_trend_5d_15m,False,float32,0,0.0,0,1.0,0.0,too little history
market_context_trend_5d_60m,False,float32,0,0.0,0,1.0,0.0,too little history
market_context_trend_alignment_15m,False,float32,0,0.0,0,1.0,0.0,too little history
market_context_trend_alignment_60m,False,float32,0,0.0,0,1.0,0.0,too little history
market_context_volatility_20d_15m,False,float32,0,0.0,0,1.0,0.0,too little history
market_context_volatility_20d_60m,False,float32,0,0.0,0,1.0,0.0,too little history
market_context_volatility_5d_15m,False,float32,0,0.0,0,1.0,0.0,too little history
market_context_volatility_5d_60m,False,float32,0,0.0,0,1.0,0.0,too little history
market_context_volatility_ratio_15m,False,float32,0,0.0,0,1.0,0.0,too little history
market_context_volatility_ratio_60m,False,float32,0,0.0,0,1.0,0.0,too little history
market_context_volume_ratio_15m,False,float32,0,0.0,0,1.0,0.0,too little history
market_context_volume_ratio_60m,False,float32,0,0.0,0,1.0,0.0,too little history
market_context_yield_curve_inverted_15m,False,float32,0,0.0,0,1.0,0.0,too little history
market_context_yield_curve_inverted_60m,False,float32,0,0.0,0,1.0,0.0,too little history
market_context_yield_curve_slope_15m,False,float32,0,0.0,0,1.0,0.0,too little history
market_context_yield_curve_slope_60m,False,float32,0,0.0,0,1.0,0.0,too little history
market_return_15m,False,float32,0,0.0,0,1.0,0.0,too little history
market_return_60m,False,float32,0,0.0,0,1.0,0.0,too little history
market_session_15m,False,float64,0,0.0,0,1.0,0.0,too little history
market_session_60m,False,float64,0,0.0,0,1.0,0.0,too little history
month_of_year_15m,False,float64,0,0.0,0,1.0,0.0,too little history
month_of_year_60m,False,float64,0,0.0,0,1.0,0.0,too little history
news_coverage_15m,False,float64,0,0.0,0,1.0,0.0,too little history
news_coverage_60m,False,float64,0,0.0,0,1.0,0.0,too little history
news_freshness_hours_15m,False,float32,0,0.0,0,1.0,0.0,too little history
news_freshness_hours_60m,False,float32,0,0.0,0,1.0,0.0,too little history
news_impact_available_15m,False,float64,0,0.0,0,1.0,0.0,too little history
news_impact_available_60m,False,float64,0,0.0,0,1.0,0.0,too little history
news_impact_score_15m,False,float32,0,0.0,0,1.0,0.0,too little history
news_impact_score_60m,False,float32,0,0.0,0,1.0,0.0,too little history
news_intensity_15m,False,float32,0,0.0,0,1.0,0.0,too little history
news_intensity_60m,False,float32,0,0.0,0,1.0,0.0,too little history
news_quality_available_15m,False,float64,0,0.0,0,1.0,0.0,too little history
news_quality_available_60m,False,float64,0,0.0,0,1.0,0.0,too little history
news_quality_score_15m,False,float32,0,0.0,0,1.0,0.0,too little history
news_quality_score_60m,False,float32,0,0.0,0,1.0,0.0,too little history
news_significance_level_15m,False,float64,0,0.0,0,1.0,0.0,too little history
news_significance_level_60m,False,float64,0,0.0,0,1.0,0.0,too little history
news_source_count_15m,False,float64,0,0.0,0,1.0,0.0,too little history
news_source_count_60m,False,float64,0,0.0,0,1.0,0.0,too little history
nlp_cluster_15m,False,float32,0,0.0,0,1.0,0.0,too little history
nlp_cluster_1d,False,float32,0,0.0,0,1.0,0.0,too little history
nlp_cluster_60m,False,float32,0,0.0,0,1.0,0.0,too little history
nlp_sentiment_score_15m,False,float32,0,0.0,0,1.0,0.0,too little history
nlp_sentiment_score_60m,False,float32,0,0.0,0,1.0,0.0,too little history
nlp_subjectivity_score_15m,False,float32,0,0.0,0,1.0,0.0,too little history
nlp_subjectivity_score_1d,False,float32,0,0.0,0,1.0,0.0,too little history
nlp_subjectivity_score_60m,False,float32,0,0.0,0,1.0,0.0,too little history
obv_15m,False,float32,0,0.0,0,1.0,0.0,too little history
obv_60m,False,float32,0,0.0,0,1.0,0.0,too little history
peer_breadth_15m,False,float32,0,0.0,0,1.0,0.0,too little history
peer_breadth_60m,False,float32,0,0.0,0,1.0,0.0,too little history
peer_breadth_excess_15m,False,float32,0,0.0,0,1.0,0.0,too little history
peer_breadth_excess_60m,False,float32,0,0.0,0,1.0,0.0,too little history
peer_count_15m,False,float32,0,0.0,0,1.0,0.0,too little history
peer_count_60m,False,float32,0,0.0,0,1.0,0.0,too little history
peer_divergence_15m,False,float32,0,0.0,0,1.0,0.0,too little history
peer_divergence_60m,False,float32,0,0.0,0,1.0,0.0,too little history
peer_return_15m,False,float32,0,0.0,0,1.0,0.0,too little history
peer_return_60m,False,float32,0,0.0,0,1.0,0.0,too little history
peer_return_excess_15m,False,float32,0,0.0,0,1.0,0.0,too little history
peer_return_excess_60m,False,float32,0,0.0,0,1.0,0.0,too little history
peer_volatility_15m,False,float32,0,0.0,0,1.0,0.0,too little history
peer_volatility_60m,False,float32,0,0.0,0,1.0,0.0,too little history
price_volume_trend_15m,False,float32,0,0.0,0,1.0,0.0,too little history
price_volume_trend_60m,False,float32,0,0.0,0,1.0,0.0,too little history
quarter_15m,False,float64,0,0.0,0,1.0,0.0,too little history
quarter_60m,False,float64,0,0.0,0,1.0,0.0,too little history
returns_15m,False,float32,0,0.0,0,1.0,0.0,too little history
returns_60m,False,float32,0,0.0,0,1.0,0.0,too little history
sentiment_available_15m,False,float64,0,0.0,0,1.0,0.0,too little history
sentiment_available_60m,False,float64,0,0.0,0,1.0,0.0,too little history
sentiment_decay_weighted_15m,False,float32,0,0.0,0,1.0,0.0,too little history
sentiment_decay_weighted_60m,False,float32,0,0.0,0,1.0,0.0,too little history
sentiment_ema_15m,False,float32,0,0.0,0,1.0,0.0,too little history
sentiment_ema_60m,False,float32,0,0.0,0,1.0,0.0,too little history
sentiment_mean_15m,False,float32,0,0.0,0,1.0,0.0,too little history
sentiment_mean_60m,False,float32,0,0.0,0,1.0,0.0,too little history
sentiment_neg_threshold_15m,False,float32,0,0.0,0,1.0,0.0,too little history
sentiment_neg_threshold_60m,False,float32,0,0.0,0,1.0,0.0,too little history
sentiment_pos_threshold_15m,False,float32,0,0.0,0,1.0,0.0,too little history
sentiment_pos_threshold_60m,False,float32,0,0.0,0,1.0,0.0,too little history
sentiment_sma_20_15m,False,float32,0,0.0,0,1.0,0.0,too little history
sentiment_sma_20_60m,False,float32,0,0.0,0,1.0,0.0,too little history
sentiment_sma_50_15m,False,float32,0,0.0,0,1.0,0.0,too little history
sentiment_sma_50_60m,False,float32,0,0.0,0,1.0,0.0,too little history
sentiment_sma_5_15m,False,float32,0,0.0,0,1.0,0.0,too little history
sentiment_sma_5_60m,False,float32,0,0.0,0,1.0,0.0,too little history
sentiment_std_20_15m,False,float32,0,0.0,0,1.0,0.0,too little history
sentiment_std_20_60m,False,float32,0,0.0,0,1.0,0.0,too little history
sentiment_std_50_15m,False,float32,0,0.0,0,1.0,0.0,too little history
sentiment_std_50_60m,False,float32,0,0.0,0,1.0,0.0,too little history
sentiment_std_5_15m,False,float32,0,0.0,0,1.0,0.0,too little history
sentiment_std_5_60m,False,float32,0,0.0,0,1.0,0.0,too little history
sentiment_std_stat_15m,False,float32,0,0.0,0,1.0,0.0,too little history
sentiment_std_stat_60m,False,float32,0,0.0,0,1.0,0.0,too little history
sentiment_velocity_15m,False,float32,0,0.0,0,1.0,0.0,too little history
sentiment_velocity_60m,False,float32,0,0.0,0,1.0,0.0,too little history
significance_intensity_7d_15m,False,float32,0,0.0,0,1.0,0.0,too little history
significance_intensity_7d_60m,False,float32,0,0.0,0,1.0,0.0,too little history
significant_events_30d_15m,False,float32,0,0.0,0,1.0,0.0,too little history
significant_events_30d_60m,False,float32,0,0.0,0,1.0,0.0,too little history
significant_events_7d_15m,False,float32,0,0.0,0,1.0,0.0,too little history
significant_events_7d_60m,False,float32,0,0.0,0,1.0,0.0,too little history
state_AATR_14_15m,False,float64,0,0.0,0,1.0,0.0,too little history
state_AATR_14_60m,False,float64,0,0.0,0,1.0,0.0,too little history
state_ABB_Lower_15m,False,float64,0,0.0,0,1.0,0.0,too little history
state_ABB_Lower_60m,False,float64,0,0.0,0,1.0,0.0,too little history
state_ABB_Mid_15m,False,float64,0,0.0,0,1.0,0.0,too little history
state_ABB_Mid_60m,False,float64,0,0.0,0,1.0,0.0,too little history
state_ABB_Upper_15m,False,float64,0,0.0,0,1.0,0.0,too little history
state_ABB_Upper_60m,False,float64,0,0.0,0,1.0,0.0,too little history
state_ACCELERATION_10_15m,False,float64,0,0.0,0,1.0,0.0,too little history
state_ACCELERATION_10_60m,False,float64,0,0.0,0,1.0,0.0,too little history
state_ACCELERATION_5_15m,False,float64,0,0.0,0,1.0,0.0,too little history
state_ACCELERATION_5_60m,False,float64,0,0.0,0,1.0,0.0,too little history
state_AEMA_20_15m,False,float64,0,0.0,0,1.0,0.0,too little history
state_AEMA_20_60m,False,float64,0,0.0,0,1.0,0.0,too little history
state_ARSI_14_15m,False,float64,0,0.0,0,1.0,0.0,too little history
state_ARSI_14_60m,False,float64,0,0.0,0,1.0,0.0,too little history
state_ATR_14_15m,False,float64,0,0.0,0,1.0,0.0,too little history
state_ATR_14_60m,False,float64,0,0.0,0,1.0,0.0,too little history
state_AUTOCORR_15m,False,float64,0,0.0,0,1.0,0.0,too little history
state_AUTOCORR_60m,False,float64,0,0.0,0,1.0,0.0,too little history
state_BB_Lower_15m,False,float64,0,0.0,0,1.0,0.0,too little history
state_BB_Lower_60m,False,float64,0,0.0,0,1.0,0.0,too little history
state_BB_Middle_15m,False,float64,0,0.0,0,1.0,0.0,too little history
state_BB_Middle_60m,False,float64,0,0.0,0,1.0,0.0,too little history
state_BB_Upper_15m,False,float64,0,0.0,0,1.0,0.0,too little history
state_BB_Upper_60m,False,float64,0,0.0,0,1.0,0.0,too little history
state_CCI_15m,False,float64,0,0.0,0,1.0,0.0,too little history
state_CCI_60m,False,float64,0,0.0,0,1.0,0.0,too little history
state_CDL_BODY_RATIO_15m,False,float64,0,0.0,0,1.0,0.0,too little history
state_CDL_BODY_RATIO_60m,False,float64,0,0.0,0,1.0,0.0,too little history
state_CDL_DOJI_15m,False,float64,0,0.0,0,1.0,0.0,too little history
state_CDL_DOJI_60m,False,float64,0,0.0,0,1.0,0.0,too little history
state_CDL_ENGULFING_BEAR_15m,False,float64,0,0.0,0,1.0,0.0,too little history
state_CDL_ENGULFING_BEAR_60m,False,float64,0,0.0,0,1.0,0.0,too little history
state_CDL_ENGULFING_BULL_15m,False,float64,0,0.0,0,1.0,0.0,too little history
state_CDL_ENGULFING_BULL_60m,False,float64,0,0.0,0,1.0,0.0,too little history
state_CDL_HAMMER_15m,False,float64,0,0.0,0,1.0,0.0,too little history
state_CDL_HAMMER_60m,False,float64,0,0.0,0,1.0,0.0,too little history
state_CDL_INSIDE_BAR_15m,False,float64,0,0.0,0,1.0,0.0,too little history
state_CDL_INSIDE_BAR_60m,False,float64,0,0.0,0,1.0,0.0,too little history
state_CDL_LOWER_WICK_RATIO_15m,False,float64,0,0.0,0,1.0,0.0,too little history
state_CDL_LOWER_WICK_RATIO_60m,False,float64,0,0.0,0,1.0,0.0,too little history
state_CDL_MARUBOZU_15m,False,float64,0,0.0,0,1.0,0.0,too little history
state_CDL_MARUBOZU_60m,False,float64,0,0.0,0,1.0,0.0,too little history
state_CDL_OUTSIDE_BAR_15m,False,float64,0,0.0,0,1.0,0.0,too little history
state_CDL_OUTSIDE_BAR_60m,False,float64,0,0.0,0,1.0,0.0,too little history
state_CDL_SHOOTING_STAR_15m,False,float64,0,0.0,0,1.0,0.0,too little history
state_CDL_SHOOTING_STAR_60m,False,float64,0,0.0,0,1.0,0.0,too little history
state_CDL_UPPER_WICK_RATIO_15m,False,float64,0,0.0,0,1.0,0.0,too little history
state_CDL_UPPER_WICK_RATIO_60m,False,float64,0,0.0,0,1.0,0.0,too little history
state_CURRENT_DRAWDOWN_15m,False,float64,0,0.0,0,1.0,0.0,too little history
state_CURRENT_DRAWDOWN_60m,False,float64,0,0.0,0,1.0,0.0,too little history
state_EMA_100_15m,False,float64,0,0.0,0,1.0,0.0,too little history
state_EMA_100_60m,False,float64,0,0.0,0,1.0,0.0,too little history
state_EMA_10_15m,False,float64,0,0.0,0,1.0,0.0,too little history
state_EMA_10_60m,False,float64,0,0.0,0,1.0,0.0,too little history
state_EMA_200_15m,False,float64,0,0.0,0,1.0,0.0,too little history
state_EMA_200_60m,False,float64,0,0.0,0,1.0,0.0,too little history
state_EMA_20_15m,False,float64,0,0.0,0,1.0,0.0,too little history
state_EMA_20_60m,False,float64,0,0.0,0,1.0,0.0,too little history
state_EMA_50_15m,False,float64,0,0.0,0,1.0,0.0,too little history
state_EMA_50_60m,False,float64,0,0.0,0,1.0,0.0,too little history
state_EMA_5_15m,False,float64,0,0.0,0,1.0,0.0,too little history
state_EMA_5_60m,False,float64,0,0.0,0,1.0,0.0,too little history
state_FRED_BAMLC0A0CM_15m,False,float64,0,0.0,0,1.0,0.0,too little history
state_FRED_BAMLC0A0CM_60m,False,float64,0,0.0,0,1.0,0.0,too little history
state_FRED_BAMLH0A0HYM2_15m,False,float64,0,0.0,0,1.0,0.0,too little history
state_FRED_BAMLH0A0HYM2_60m,False,float64,0,0.0,0,1.0,0.0,too little history
state_FRED_CAPUTLB50001SQ_15m,False,float64,0,0.0,0,1.0,0.0,too little history
state_FRED_CAPUTLB50001SQ_60m,False,float64,0,0.0,0,1.0,0.0,too little history
state_FRED_CCSA_15m,False,float64,0,0.0,0,1.0,0.0,too little history
state_FRED_CCSA_60m,False,float64,0,0.0,0,1.0,0.0,too little history
state_FRED_CPIAUCSL_15m,False,float64,0,0.0,0,1.0,0.0,too little history
state_FRED_CPIAUCSL_60m,False,float64,0,0.0,0,1.0,0.0,too little history
state_FRED_CSUSHPINSA_15m,False,float64,0,0.0,0,1.0,0.0,too little history
state_FRED_CSUSHPINSA_60m,False,float64,0,0.0,0,1.0,0.0,too little history
state_FRED_DCOILWTICO_15m,False,float64,0,0.0,0,1.0,0.0,too little history
state_FRED_DCOILWTICO_60m,False,float64,0,0.0,0,1.0,0.0,too little history
state_FRED_DEXCHUS_15m,False,float64,0,0.0,0,1.0,0.0,too little history
state_FRED_DEXCHUS_60m,False,float64,0,0.0,0,1.0,0.0,too little history
state_FRED_DEXUSEU_15m,False,float64,0,0.0,0,1.0,0.0,too little history
state_FRED_DEXUSEU_60m,False,float64,0,0.0,0,1.0,0.0,too little history
state_FRED_DGORDER_15m,False,float64,0,0.0,0,1.0,0.0,too little history
state_FRED_DGORDER_60m,False,float64,0,0.0,0,1.0,0.0,too little history
state_FRED_DGS10_15m,False,float64,0,0.0,0,1.0,0.0,too little history
state_FRED_DGS10_60m,False,float64,0,0.0,0,1.0,0.0,too little history
state_FRED_DSPIC96_15m,False,float64,0,0.0,0,1.0,0.0,too little history
state_FRED_DSPIC96_60m,False,float64,0,0.0,0,1.0,0.0,too little history
state_FRED_FEDFUNDS_15m,False,float64,0,0.0,0,1.0,0.0,too little history
state_FRED_FEDFUNDS_60m,False,float64,0,0.0,0,1.0,0.0,too little history
state_FRED_GDP_15m,False,float64,0,0.0,0,1.0,0.0,too little history
state_FRED_GDP_60m,False,float64,0,0.0,0,1.0,0.0,too little history
state_FRED_GS10_15m,False,float64,0,0.0,0,1.0,0.0,too little history
state_FRED_GS10_60m,False,float64,0,0.0,0,1.0,0.0,too little history
state_FRED_GS2_15m,False,float64,0,0.0,0,1.0,0.0,too little history
state_FRED_GS2_60m,False,float64,0,0.0,0,1.0,0.0,too little history
state_FRED_HOUST_15m,False,float64,0,0.0,0,1.0,0.0,too little history
state_FRED_HOUST_60m,False,float64,0,0.0,0,1.0,0.0,too little history
state_FRED_ICSA_15m,False,float64,0,0.0,0,1.0,0.0,too little history
state_FRED_ICSA_60m,False,float64,0,0.0,0,1.0,0.0,too little history
state_FRED_INDPRO_15m,False,float64,0,0.0,0,1.0,0.0,too little history
state_FRED_INDPRO_60m,False,float64,0,0.0,0,1.0,0.0,too little history
state_FRED_MANEMP_15m,False,float64,0,0.0,0,1.0,0.0,too little history
state_FRED_MANEMP_60m,False,float64,0,0.0,0,1.0,0.0,too little history
state_FRED_NFCI_15m,False,float64,0,0.0,0,1.0,0.0,too little history
state_FRED_NFCI_60m,False,float64,0,0.0,0,1.0,0.0,too little history
state_FRED_PAYEMS_15m,False,float64,0,0.0,0,1.0,0.0,too little history
state_FRED_PAYEMS_60m,False,float64,0,0.0,0,1.0,0.0,too little history
state_FRED_PCEPILFE_15m,False,float64,0,0.0,0,1.0,0.0,too little history
state_FRED_PCEPILFE_60m,False,float64,0,0.0,0,1.0,0.0,too little history
state_FRED_PCEPI_15m,False,float64,0,0.0,0,1.0,0.0,too little history
state_FRED_PCEPI_60m,False,float64,0,0.0,0,1.0,0.0,too little history
state_FRED_PCU334413334413_15m,False,float64,0,0.0,0,1.0,0.0,too little history
state_FRED_PCU334413334413_60m,False,float64,0,0.0,0,1.0,0.0,too little history
state_FRED_PERMIT_15m,False,float64,0,0.0,0,1.0,0.0,too little history
state_FRED_PERMIT_60m,False,float64,0,0.0,0,1.0,0.0,too little history
state_FRED_PPIACO_15m,False,float64,0,0.0,0,1.0,0.0,too little history
state_FRED_PPIACO_60m,False,float64,0,0.0,0,1.0,0.0,too little history
state_FRED_RRPONTSYD_15m,False,float64,0,0.0,0,1.0,0.0,too little history
state_FRED_RRPONTSYD_60m,False,float64,0,0.0,0,1.0,0.0,too little history
state_FRED_RSAFS_15m,False,float64,0,0.0,0,1.0,0.0,too little history
state_FRED_RSAFS_60m,False,float64,0,0.0,0,1.0,0.0,too little history
state_FRED_SAHMREALTIME_15m,False,float64,0,0.0,0,1.0,0.0,too little history
state_FRED_SAHMREALTIME_60m,False,float64,0,0.0,0,1.0,0.0,too little history
state_FRED_T10Y2Y_15m,False,float64,0,0.0,0,1.0,0.0,too little history
state_FRED_T10Y2Y_60m,False,float64,0,0.0,0,1.0,0.0,too little history
state_FRED_T10Y3M_15m,False,float64,0,0.0,0,1.0,0.0,too little history
state_FRED_T10Y3M_60m,False,float64,0,0.0,0,1.0,0.0,too little history
state_FRED_T10YIE_15m,False,float64,0,0.0,0,1.0,0.0,too little history
state_FRED_T10YIE_60m,False,float64,0,0.0,0,1.0,0.0,too little history
state_FRED_T5YIE_15m,False,float64,0,0.0,0,1.0,0.0,too little history
state_FRED_T5YIE_60m,False,float64,0,0.0,0,1.0,0.0,too little history
state_FRED_T5YIFR_15m,False,float64,0,0.0,0,1.0,0.0,too little history
state_FRED_T5YIFR_60m,False,float64,0,0.0,0,1.0,0.0,too little history
state_FRED_TOTALSA_15m,False,float64,0,0.0,0,1.0,0.0,too little history
state_FRED_TOTALSA_60m,False,float64,0,0.0,0,1.0,0.0,too little history
state_FRED_UMCSENT_15m,False,float64,0,0.0,0,1.0,0.0,too little history
state_FRED_UMCSENT_60m,False,float64,0,0.0,0,1.0,0.0,too little history
state_FRED_UNRATE_15m,False,float64,0,0.0,0,1.0,0.0,too little history
state_FRED_UNRATE_60m,False,float64,0,0.0,0,1.0,0.0,too little history
state_FRED_VIXCLS_15m,False,float64,0,0.0,0,1.0,0.0,too little history
state_FRED_VIXCLS_60m,False,float64,0,0.0,0,1.0,0.0,too little history
state_FRED_WALCL_15m,False,float64,0,0.0,0,1.0,0.0,too little history
state_FRED_WALCL_60m,False,float64,0,0.0,0,1.0,0.0,too little history
state_FRED_WPU01_15m,False,float64,0,0.0,0,1.0,0.0,too little history
state_FRED_WPU01_60m,False,float64,0,0.0,0,1.0,0.0,too little history
state_FRED_WPU055_15m,False,float64,0,0.0,0,1.0,0.0,too little history
state_FRED_WPU055_60m,False,float64,0,0.0,0,1.0,0.0,too little history
state_FRED_WPU0561_15m,False,float64,0,0.0,0,1.0,0.0,too little history
state_FRED_WPU0561_60m,False,float64,0,0.0,0,1.0,0.0,too little history
state_FRED_WPU101_15m,False,float64,0,0.0,0,1.0,0.0,too little history
state_FRED_WPU101_60m,False,float64,0,0.0,0,1.0,0.0,too little history
state_FRED_WTREGEN_15m,False,float64,0,0.0,0,1.0,0.0,too little history
state_FRED_WTREGEN_60m,False,float64,0,0.0,0,1.0,0.0,too little history
state_HURST_EXPONENT_15m,False,float64,0,0.0,0,1.0,0.0,too little history
state_HURST_EXPONENT_60m,False,float64,0,0.0,0,1.0,0.0,too little history
state_KURTOSIS_15m,False,float64,0,0.0,0,1.0,0.0,too little history
state_KURTOSIS_60m,False,float64,0,0.0,0,1.0,0.0,too little history
state_LAG_10_15m,False,float64,0,0.0,0,1.0,0.0,too little history
state_LAG_10_60m,False,float64,0,0.0,0,1.0,0.0,too little history
state_LAG_1_15m,False,float64,0,0.0,0,1.0,0.0,too little history
state_LAG_1_60m,False,float64,0,0.0,0,1.0,0.0,too little history
state_LAG_20_15m,False,float64,0,0.0,0,1.0,0.0,too little history
state_LAG_20_60m,False,float64,0,0.0,0,1.0,0.0,too little history
state_LAG_5_15m,False,float64,0,0.0,0,1.0,0.0,too little history
state_LAG_5_60m,False,float64,0,0.0,0,1.0,0.0,too little history
state_LEVEL_BREAKOUT_DOWN_20_15m,False,float64,0,0.0,0,1.0,0.0,too little history
state_LEVEL_BREAKOUT_DOWN_20_60m,False,float64,0,0.0,0,1.0,0.0,too little history
state_LEVEL_BREAKOUT_UP_20_15m,False,float64,0,0.0,0,1.0,0.0,too little history
state_LEVEL_BREAKOUT_UP_20_60m,False,float64,0,0.0,0,1.0,0.0,too little history
state_LEVEL_DIST_RESISTANCE_20_15m,False,float64,0,0.0,0,1.0,0.0,too little history
state_LEVEL_DIST_RESISTANCE_20_60m,False,float64,0,0.0,0,1.0,0.0,too little history
state_LEVEL_DIST_SUPPORT_20_15m,False,float64,0,0.0,0,1.0,0.0,too little history
state_LEVEL_DIST_SUPPORT_20_60m,False,float64,0,0.0,0,1.0,0.0,too little history
state_LEVEL_POSITION_20_15m,False,float64,0,0.0,0,1.0,0.0,too little history
state_LEVEL_POSITION_20_60m,False,float64,0,0.0,0,1.0,0.0,too little history
state_MACD_15m,False,float64,0,0.0,0,1.0,0.0,too little history
state_MACD_60m,False,float64,0,0.0,0,1.0,0.0,too little history
state_MACD_Histogram_15m,False,float64,0,0.0,0,1.0,0.0,too little history
state_MACD_Histogram_60m,False,float64,0,0.0,0,1.0,0.0,too little history
state_MACD_Signal_15m,False,float64,0,0.0,0,1.0,0.0,too little history
state_MACD_Signal_60m,False,float64,0,0.0,0,1.0,0.0,too little history
state_MARKET_PREMIUM_15m,False,float64,0,0.0,0,1.0,0.0,too little history
state_MARKET_PREMIUM_60m,False,float64,0,0.0,0,1.0,0.0,too little history
state_MAX_DRAWDOWN_15m,False,float64,0,0.0,0,1.0,0.0,too little history
state_MAX_DRAWDOWN_60m,False,float64,0,0.0,0,1.0,0.0,too little history
state_MOMENTUM_ZSCORE_15m,False,float64,0,0.0,0,1.0,0.0,too little history
state_MOMENTUM_ZSCORE_60m,False,float64,0,0.0,0,1.0,0.0,too little history
state_ROLLING_KURT_10_15m,False,float64,0,0.0,0,1.0,0.0,too little history
state_ROLLING_KURT_10_60m,False,float64,0,0.0,0,1.0,0.0,too little history
state_ROLLING_KURT_20_15m,False,float64,0,0.0,0,1.0,0.0,too little history
state_ROLLING_KURT_20_60m,False,float64,0,0.0,0,1.0,0.0,too little history
state_ROLLING_SKEW_10_15m,False,float64,0,0.0,0,1.0,0.0,too little history
state_ROLLING_SKEW_10_60m,False,float64,0,0.0,0,1.0,0.0,too little history
state_ROLLING_SKEW_20_15m,False,float64,0,0.0,0,1.0,0.0,too little history
state_ROLLING_SKEW_20_60m,False,float64,0,0.0,0,1.0,0.0,too little history
state_ROLLING_VOL_10_15m,False,float64,0,0.0,0,1.0,0.0,too little history
state_ROLLING_VOL_10_60m,False,float64,0,0.0,0,1.0,0.0,too little history
state_ROLLING_VOL_20_15m,False,float64,0,0.0,0,1.0,0.0,too little history
state_ROLLING_VOL_20_60m,False,float64,0,0.0,0,1.0,0.0,too little history
state_RSI_14_15m,False,float64,0,0.0,0,1.0,0.0,too little history
state_RSI_14_60m,False,float64,0,0.0,0,1.0,0.0,too little history
state_RSI_VELOCITY_15m,False,float64,0,0.0,0,1.0,0.0,too little history
state_RSI_VELOCITY_60m,False,float64,0,0.0,0,1.0,0.0,too little history
state_SHARPE_RATIO_15m,False,float64,0,0.0,0,1.0,0.0,too little history
state_SHARPE_RATIO_60m,False,float64,0,0.0,0,1.0,0.0,too little history
state_SKEWNESS_15m,False,float64,0,0.0,0,1.0,0.0,too little history
state_SKEWNESS_60m,False,float64,0,0.0,0,1.0,0.0,too little history
state_SMA_100_15m,False,float64,0,0.0,0,1.0,0.0,too little history
state_SMA_100_60m,False,float64,0,0.0,0,1.0,0.0,too little history
state_SMA_10_15m,False,float64,0,0.0,0,1.0,0.0,too little history
state_SMA_10_60m,False,float64,0,0.0,0,1.0,0.0,too little history
state_SMA_200_15m,False,float64,0,0.0,0,1.0,0.0,too little history
state_SMA_200_60m,False,float64,0,0.0,0,1.0,0.0,too little history
state_SMA_20_15m,False,float64,0,0.0,0,1.0,0.0,too little history
state_SMA_20_60m,False,float64,0,0.0,0,1.0,0.0,too little history
state_SMA_50_15m,False,float64,0,0.0,0,1.0,0.0,too little history
state_SMA_50_60m,False,float64,0,0.0,0,1.0,0.0,too little history
state_SMA_5_15m,False,float64,0,0.0,0,1.0,0.0,too little history
state_SMA_5_60m,False,float64,0,0.0,0,1.0,0.0,too little history
state_SORTINO_RATIO_15m,False,float64,0,0.0,0,1.0,0.0,too little history
state_SORTINO_RATIO_60m,False,float64,0,0.0,0,1.0,0.0,too little history
state_Stoch_D_15m,False,float64,0,0.0,0,1.0,0.0,too little history
state_Stoch_D_60m,False,float64,0,0.0,0,1.0,0.0,too little history
state_Stoch_K_15m,False,float64,0,0.0,0,1.0,0.0,too little history
state_Stoch_K_60m,False,float64,0,0.0,0,1.0,0.0,too little history
state_VELOCITY_10_15m,False,float64,0,0.0,0,1.0,0.0,too little history
state_VELOCITY_10_60m,False,float64,0,0.0,0,1.0,0.0,too little history
state_VELOCITY_1_15m,False,float64,0,0.0,0,1.0,0.0,too little history
state_VELOCITY_1_60m,False,float64,0,0.0,0,1.0,0.0,too little history
state_VELOCITY_5_15m,False,float64,0,0.0,0,1.0,0.0,too little history
state_VELOCITY_5_60m,False,float64,0,0.0,0,1.0,0.0,too little history
state_VOLATILITY_20_15m,False,float64,0,0.0,0,1.0,0.0,too little history
state_VOLATILITY_20_60m,False,float64,0,0.0,0,1.0,0.0,too little history
state_VOLATILITY_50_15m,False,float64,0,0.0,0,1.0,0.0,too little history
state_VOLATILITY_50_60m,False,float64,0,0.0,0,1.0,0.0,too little history
state_VOLATILITY_5_15m,False,float64,0,0.0,0,1.0,0.0,too little history
state_VOLATILITY_5_60m,False,float64,0,0.0,0,1.0,0.0,too little history
state_Williams_R_15m,False,float64,0,0.0,0,1.0,0.0,too little history
state_Williams_R_60m,False,float64,0,0.0,0,1.0,0.0,too little history
state_atr_14_15m,False,float64,0,0.0,0,1.0,0.0,too little history
state_atr_14_60m,False,float64,0,0.0,0,1.0,0.0,too little history
state_cftc_available_60m,False,float64,0,0.0,0,1.0,0.0,too little history
state_cftc_crude_ls_ratio_15m,False,float64,0,0.0,0,1.0,0.0,too little history
state_cftc_crude_ls_ratio_60m,False,float64,0,0.0,0,1.0,0.0,too little history
state_cftc_crude_net_pct_15m,False,float64,0,0.0,0,1.0,0.0,too little history
state_cftc_crude_net_pct_60m,False,float64,0,0.0,0,1.0,0.0,too little history
state_cftc_dow_ls_ratio_15m,False,float64,0,0.0,0,1.0,0.0,too little history
state_cftc_dow_ls_ratio_60m,False,float64,0,0.0,0,1.0,0.0,too little history
state_cftc_dow_net_pct_15m,False,float64,0,0.0,0,1.0,0.0,too little history
state_cftc_dow_net_pct_60m,False,float64,0,0.0,0,1.0,0.0,too little history
state_cftc_gold_ls_ratio_15m,False,float64,0,0.0,0,1.0,0.0,too little history
state_cftc_gold_ls_ratio_60m,False,float64,0,0.0,0,1.0,0.0,too little history
state_cftc_gold_net_pct_15m,False,float64,0,0.0,0,1.0,0.0,too little history
state_cftc_gold_net_pct_60m,False,float64,0,0.0,0,1.0,0.0,too little history
state_cftc_nasdaq_ls_ratio_15m,False,float64,0,0.0,0,1.0,0.0,too little history
state_cftc_nasdaq_ls_ratio_60m,False,float64,0,0.0,0,1.0,0.0,too little history
state_cftc_nasdaq_net_pct_15m,False,float64,0,0.0,0,1.0,0.0,too little history
state_cftc_nasdaq_net_pct_60m,False,float64,0,0.0,0,1.0,0.0,too little history
state_cftc_sp500_ls_ratio_15m,False,float64,0,0.0,0,1.0,0.0,too little history
state_cftc_sp500_ls_ratio_60m,False,float64,0,0.0,0,1.0,0.0,too little history
state_cftc_sp500_net_pct_15m,False,float64,0,0.0,0,1.0,0.0,too little history
state_cftc_sp500_net_pct_60m,False,float64,0,0.0,0,1.0,0.0,too little history
state_champion_15m,False,float64,0,0.0,0,1.0,0.0,too little history
state_champion_60m,False,float64,0,0.0,0,1.0,0.0,too little history
state_close_15m,False,float64,0,0.0,0,1.0,0.0,too little history
state_close_60m,False,float64,0,0.0,0,1.0,0.0,too little history
state_day_of_week_cos_15m,False,float64,0,0.0,0,1.0,0.0,too little history
state_day_of_week_cos_60m,False,float64,0,0.0,0,1.0,0.0,too little history
state_day_of_week_sin_15m,False,float64,0,0.0,0,1.0,0.0,too little history
state_day_of_week_sin_60m,False,float64,0,0.0,0,1.0,0.0,too little history
state_days_since_last_significant_15m,False,float64,0,0.0,0,1.0,0.0,too little history
state_days_since_last_significant_60m,False,float64,0,0.0,0,1.0,0.0,too little history
state_entity_count_15m,False,float64,0,0.0,0,1.0,0.0,too little history
state_entity_count_60m,False,float64,0,0.0,0,1.0,0.0,too little history
state_fear_greed_available_15m,False,float64,0,0.0,0,1.0,0.0,too little history
state_fear_greed_available_60m,False,float64,0,0.0,0,1.0,0.0,too little history
state_fear_greed_index_15m,False,float64,0,0.0,0,1.0,0.0,too little history
state_fear_greed_index_60m,False,float64,0,0.0,0,1.0,0.0,too little history
state_filing_count_30d_15m,False,float64,0,0.0,0,1.0,0.0,too little history
state_filing_count_30d_60m,False,float64,0,0.0,0,1.0,0.0,too little history
state_filing_days_since_last_15m,False,float64,0,0.0,0,1.0,0.0,too little history
state_filing_days_since_last_60m,False,float64,0,0.0,0,1.0,0.0,too little history
state_filing_material_30d_15m,False,float64,0,0.0,0,1.0,0.0,too little history
state_filing_material_30d_60m,False,float64,0,0.0,0,1.0,0.0,too little history
state_filing_periodic_30d_15m,False,float64,0,0.0,0,1.0,0.0,too little history
state_filing_periodic_30d_60m,False,float64,0,0.0,0,1.0,0.0,too little history
state_fund_current_ratio_15m,False,float64,0,0.0,0,1.0,0.0,too little history
state_fund_current_ratio_60m,False,float64,0,0.0,0,1.0,0.0,too little history
state_fund_data_available_60m,False,float64,0,0.0,0,1.0,0.0,too little history
state_fund_days_since_report_15m,False,float64,0,0.0,0,1.0,0.0,too little history
state_fund_days_since_report_60m,False,float64,0,0.0,0,1.0,0.0,too little history
state_fund_debt_to_equity_15m,False,float64,0,0.0,0,1.0,0.0,too little history
state_fund_debt_to_equity_60m,False,float64,0,0.0,0,1.0,0.0,too little history
state_fund_earnings_yield_15m,False,float64,0,0.0,0,1.0,0.0,too little history
state_fund_earnings_yield_60m,False,float64,0,0.0,0,1.0,0.0,too little history
state_fund_price_to_book_15m,False,float64,0,0.0,0,1.0,0.0,too little history
state_fund_price_to_book_60m,False,float64,0,0.0,0,1.0,0.0,too little history
state_fund_return_on_equity_15m,False,float64,0,0.0,0,1.0,0.0,too little history
state_fund_return_on_equity_60m,False,float64,0,0.0,0,1.0,0.0,too little history
state_gk_volatility_15m,False,float64,0,0.0,0,1.0,0.0,too little history
state_gk_volatility_60m,False,float64,0,0.0,0,1.0,0.0,too little history
state_high_15m,False,float64,0,0.0,0,1.0,0.0,too little history
state_high_60m,False,float64,0,0.0,0,1.0,0.0,too little history
state_hour_cos_15m,False,float64,0,0.0,0,1.0,0.0,too little history
state_hour_cos_60m,False,float64,0,0.0,0,1.0,0.0,too little history
state_hour_sin_15m,False,float64,0,0.0,0,1.0,0.0,too little history
state_hour_sin_60m,False,float64,0,0.0,0,1.0,0.0,too little history
state_hype_score_15m,False,float64,0,0.0,0,1.0,0.0,too little history
state_hype_score_60m,False,float64,0,0.0,0,1.0,0.0,too little history
state_insider_available_60m,False,float64,0,0.0,0,1.0,0.0,too little history
state_insider_net_value_30d_60m,False,float64,0,0.0,0,1.0,0.0,too little history
state_is_significant_decayed_15m,False,float64,0,0.0,0,1.0,0.0,too little history
state_is_significant_decayed_60m,False,float64,0,0.0,0,1.0,0.0,too little history
state_keyword_count_15m,False,float64,0,0.0,0,1.0,0.0,too little history
state_keyword_count_60m,False,float64,0,0.0,0,1.0,0.0,too little history
state_keyword_entity_available_15m,False,float64,0,0.0,0,1.0,0.0,too little history
state_keyword_entity_available_60m,False,float64,0,0.0,0,1.0,0.0,too little history
state_low_15m,False,float64,0,0.0,0,1.0,0.0,too little history
state_low_60m,False,float64,0,0.0,0,1.0,0.0,too little history
state_macro_composite_score_15m,False,float64,0,0.0,0,1.0,0.0,too little history
state_macro_composite_score_60m,False,float64,0,0.0,0,1.0,0.0,too little history
state_market_breadth_15m,False,float64,0,0.0,0,1.0,0.0,too little history
state_market_breadth_60m,False,float64,0,0.0,0,1.0,0.0,too little history
state_market_return_15m,False,float64,0,0.0,0,1.0,0.0,too little history
state_market_return_60m,False,float64,0,0.0,0,1.0,0.0,too little history
state_market_session_15m,False,float64,0,0.0,0,1.0,0.0,too little history
state_market_session_60m,False,float64,0,0.0,0,1.0,0.0,too little history
state_news_freshness_hours_15m,False,float64,0,0.0,0,1.0,0.0,too little history
state_news_freshness_hours_60m,False,float64,0,0.0,0,1.0,0.0,too little history
state_news_impact_available_15m,False,float64,0,0.0,0,1.0,0.0,too little history
state_news_impact_available_60m,False,float64,0,0.0,0,1.0,0.0,too little history
state_news_impact_score_15m,False,float64,0,0.0,0,1.0,0.0,too little history
state_news_impact_score_60m,False,float64,0,0.0,0,1.0,0.0,too little history
state_news_intensity_15m,False,float64,0,0.0,0,1.0,0.0,too little history
state_news_intensity_60m,False,float64,0,0.0,0,1.0,0.0,too little history
state_news_quality_available_15m,False,float64,0,0.0,0,1.0,0.0,too little history
state_news_quality_available_60m,False,float64,0,0.0,0,1.0,0.0,too little history
state_news_quality_score_15m,False,float64,0,0.0,0,1.0,0.0,too little history
state_news_quality_score_60m,False,float64,0,0.0,0,1.0,0.0,too little history
state_news_significance_level_15m,False,float64,0,0.0,0,1.0,0.0,too little history
state_news_significance_level_60m,False,float64,0,0.0,0,1.0,0.0,too little history
state_news_source_count_15m,False,float64,0,0.0,0,1.0,0.0,too little history
state_news_source_count_60m,False,float64,0,0.0,0,1.0,0.0,too little history
state_nlp_cluster_15m,False,float64,0,0.0,0,1.0,0.0,too little history
state_nlp_cluster_60m,False,float64,0,0.0,0,1.0,0.0,too little history
state_nlp_sentiment_score_15m,False,float64,0,0.0,0,1.0,0.0,too little history
state_nlp_sentiment_score_60m,False,float64,0,0.0,0,1.0,0.0,too little history
state_nlp_subjectivity_score_15m,False,float64,0,0.0,0,1.0,0.0,too little history
state_nlp_subjectivity_score_60m,False,float64,0,0.0,0,1.0,0.0,too little history
state_obv_15m,False,float64,0,0.0,0,1.0,0.0,too little history
state_obv_60m,False,float64,0,0.0,0,1.0,0.0,too little history
state_open_15m,False,float64,0,0.0,0,1.0,0.0,too little history
state_open_60m,False,float64,0,0.0,0,1.0,0.0,too little history
state_peer_breadth_15m,False,float64,0,0.0,0,1.0,0.0,too little history
state_peer_breadth_60m,False,float64,0,0.0,0,1.0,0.0,too little history
state_peer_breadth_excess_15m,False,float64,0,0.0,0,1.0,0.0,too little history
state_peer_breadth_excess_60m,False,float64,0,0.0,0,1.0,0.0,too little history
state_peer_count_15m,False,float64,0,0.0,0,1.0,0.0,too little history
state_peer_count_60m,False,float64,0,0.0,0,1.0,0.0,too little history
state_peer_divergence_15m,False,float64,0,0.0,0,1.0,0.0,too little history
state_peer_divergence_60m,False,float64,0,0.0,0,1.0,0.0,too little history
state_peer_return_15m,False,float64,0,0.0,0,1.0,0.0,too little history
state_peer_return_60m,False,float64,0,0.0,0,1.0,0.0,too little history
state_peer_return_excess_15m,False,float64,0,0.0,0,1.0,0.0,too little history
state_peer_return_excess_60m,False,float64,0,0.0,0,1.0,0.0,too little history
state_peer_volatility_15m,False,float64,0,0.0,0,1.0,0.0,too little history
state_peer_volatility_60m,False,float64,0,0.0,0,1.0,0.0,too little history
state_price_volume_trend_15m,False,float64,0,0.0,0,1.0,0.0,too little history
state_price_volume_trend_60m,False,float64,0,0.0,0,1.0,0.0,too little history
state_returns_15m,False,float64,0,0.0,0,1.0,0.0,too little history
state_returns_60m,False,float64,0,0.0,0,1.0,0.0,too little history
state_sentiment_available_15m,False,float64,0,0.0,0,1.0,0.0,too little history
state_sentiment_available_60m,False,float64,0,0.0,0,1.0,0.0,too little history
state_sentiment_decay_weighted_15m,False,float64,0,0.0,0,1.0,0.0,too little history
state_sentiment_decay_weighted_60m,False,float64,0,0.0,0,1.0,0.0,too little history
state_sentiment_ema_15m,False,float64,0,0.0,0,1.0,0.0,too little history
state_sentiment_ema_60m,False,float64,0,0.0,0,1.0,0.0,too little history
state_sentiment_mean_15m,False,float64,0,0.0,0,1.0,0.0,too little history
state_sentiment_mean_60m,False,float64,0,0.0,0,1.0,0.0,too little history
state_sentiment_neg_threshold_15m,False,float64,0,0.0,0,1.0,0.0,too little history
state_sentiment_neg_threshold_60m,False,float64,0,0.0,0,1.0,0.0,too little history
state_sentiment_pos_threshold_15m,False,float64,0,0.0,0,1.0,0.0,too little history
state_sentiment_pos_threshold_60m,False,float64,0,0.0,0,1.0,0.0,too little history
state_sentiment_sma_20_15m,False,float64,0,0.0,0,1.0,0.0,too little history
state_sentiment_sma_20_60m,False,float64,0,0.0,0,1.0,0.0,too little history
state_sentiment_sma_50_15m,False,float64,0,0.0,0,1.0,0.0,too little history
state_sentiment_sma_50_60m,False,float64,0,0.0,0,1.0,0.0,too little history
state_sentiment_sma_5_15m,False,float64,0,0.0,0,1.0,0.0,too little history
state_sentiment_sma_5_60m,False,float64,0,0.0,0,1.0,0.0,too little history
state_sentiment_std_20_15m,False,float64,0,0.0,0,1.0,0.0,too little history
state_sentiment_std_20_60m,False,float64,0,0.0,0,1.0,0.0,too little history
state_sentiment_std_50_15m,False,float64,0,0.0,0,1.0,0.0,too little history
state_sentiment_std_50_60m,False,float64,0,0.0,0,1.0,0.0,too little history
state_sentiment_std_5_15m,False,float64,0,0.0,0,1.0,0.0,too little history
state_sentiment_std_5_60m,False,float64,0,0.0,0,1.0,0.0,too little history
state_sentiment_std_stat_15m,False,float64,0,0.0,0,1.0,0.0,too little history
state_sentiment_std_stat_60m,False,float64,0,0.0,0,1.0,0.0,too little history
state_sentiment_velocity_15m,False,float64,0,0.0,0,1.0,0.0,too little history
state_sentiment_velocity_60m,False,float64,0,0.0,0,1.0,0.0,too little history
state_significance_intensity_7d_15m,False,float64,0,0.0,0,1.0,0.0,too little history
state_significance_intensity_7d_60m,False,float64,0,0.0,0,1.0,0.0,too little history
state_significant_events_30d_15m,False,float64,0,0.0,0,1.0,0.0,too little history
state_significant_events_30d_60m,False,float64,0,0.0,0,1.0,0.0,too little history
state_significant_events_7d_15m,False,float64,0,0.0,0,1.0,0.0,too little history
state_significant_events_7d_60m,False,float64,0,0.0,0,1.0,0.0,too little history
state_volatility_10_15m,False,float64,0,0.0,0,1.0,0.0,too little history
state_volatility_10_60m,False,float64,0,0.0,0,1.0,0.0,too little history
state_volatility_20_15m,False,float64,0,0.0,0,1.0,0.0,too little history
state_volatility_20_60m,False,float64,0,0.0,0,1.0,0.0,too little history
state_volatility_5_15m,False,float64,0,0.0,0,1.0,0.0,too little history
state_volatility_5_60m,False,float64,0,0.0,0,1.0,0.0,too little history
state_volume_15m,False,float64,0,0.0,0,1.0,0.0,too little history
state_volume_60m,False,float64,0,0.0,0,1.0,0.0,too little history
state_volume_roc_15m,False,float64,0,0.0,0,1.0,0.0,too little history
state_volume_roc_60m,False,float64,0,0.0,0,1.0,0.0,too little history
state_volume_rs_15m,False,float64,0,0.0,0,1.0,0.0,too little history
state_volume_rs_60m,False,float64,0,0.0,0,1.0,0.0,too little history
state_volume_sma_10_15m,False,float64,0,0.0,0,1.0,0.0,too little history
state_volume_sma_10_60m,False,float64,0,0.0,0,1.0,0.0,too little history
state_volume_sma_5_15m,False,float64,0,0.0,0,1.0,0.0,too little history
state_volume_sma_5_60m,False,float64,0,0.0,0,1.0,0.0,too little history
state_wiki_attention_z_15m,False,float64,0,0.0,0,1.0,0.0,too little history
state_wiki_attention_z_60m,False,float64,0,0.0,0,1.0,0.0,too little history
state_wiki_views_15m,False,float64,0,0.0,0,1.0,0.0,too little history
state_wiki_views_60m,False,float64,0,0.0,0,1.0,0.0,too little history
volatility_10_15m,False,float32,0,0.0,0,1.0,0.0,too little history
volatility_10_60m,False,float32,0,0.0,0,1.0,0.0,too little history
volatility_20_15m,False,float32,0,0.0,0,1.0,0.0,too little history
volatility_20_60m,False,float32,0,0.0,0,1.0,0.0,too little history
volatility_5_15m,False,float32,0,0.0,0,1.0,0.0,too little history
volatility_5_60m,False,float32,0,0.0,0,1.0,0.0,too little history
volatility_regime_15m,False,category,0,0.0,0,1.0,0.0,too little history
volatility_regime_60m,False,category,0,0.0,0,1.0,0.0,too little history
volume_roc_15m,False,float32,0,0.0,0,1.0,0.0,too little history
volume_roc_60m,False,float32,0,0.0,0,1.0,0.0,too little history
volume_rs_15m,False,float32,0,0.0,0,1.0,0.0,too little history
volume_rs_60m,False,float32,0,0.0,0,1.0,0.0,too little history
volume_sma_10_15m,False,float32,0,0.0,0,1.0,0.0,too little history
volume_sma_10_60m,False,float32,0,0.0,0,1.0,0.0,too little history
volume_sma_5_15m,False,float32,0,0.0,0,1.0,0.0,too little history
volume_sma_5_60m,False,float32,0,0.0,0,1.0,0.0,too little history
week_of_year_15m,False,float64,0,0.0,0,1.0,0.0,too little history
week_of_year_60m,False,float64,0,0.0,0,1.0,0.0,too little history
wiki_attention_available_15m,False,float64,0,0.0,0,1.0,0.0,too little history
wiki_attention_available_60m,False,float64,0,0.0,0,1.0,0.0,too little history
wiki_attention_z_15m,False,float32,0,0.0,0,1.0,0.0,too little history
wiki_attention_z_60m,False,float32,0,0.0,0,1.0,0.0,too little history
wiki_views_15m,False,float32,0,0.0,0,1.0,0.0,too little history
wiki_views_60m,False,float32,0,0.0,0,1.0,0.0,too little history
