feature,hold,net,beta,correlation,hedged,cost_of_hedging
MAX_DRAWDOWN_1d,1,-6.873651511883851,-0.12655822458540902,-0.44518592874623963,-7.973610079516508,1.0999585676326573
MAX_DRAWDOWN_1d,5,-2.4739072956458186,-0.15349873780958673,-0.4943100558635369,-2.4713800168586717,-0.0025272787871468694
MAX_DRAWDOWN_1d,20,-1.6618276981385507,-0.177899253340889,-0.5366039254380679,-1.3726990834992154,-0.28912861463933526
MAX_DRAWDOWN_1d,40,-1.456222066842424,-0.23107225417514252,-0.6209512621619488,-1.0553660189558152,-0.4008560478866088
MAX_DRAWDOWN_1d,60,-1.3010376319587047,-0.27071132176476886,-0.6629119309541421,-0.8265483868193648,-0.4744892451393399
MAX_DRAWDOWN_1d,120,-1.139668651307938,-0.33191620331652644,-0.7223488569361266,-0.5468425679595276,-0.5928260833484104
CURRENT_DRAWDOWN_1d,1,-6.895995819079136,-0.12614343254895463,-0.44392416468423107,-7.992131801700317,1.0961359826211812
CURRENT_DRAWDOWN_1d,5,-2.4904598109442064,-0.1534406464368647,-0.4943929086650667,-2.4906335153537187,0.0001737044095122542
CURRENT_DRAWDOWN_1d,20,-1.6627591621629247,-0.178085227859065,-0.5334631129260001,-1.3742474309922272,-0.2885117311706975
CURRENT_DRAWDOWN_1d,40,-1.4620028442250752,-0.23096070512427797,-0.6190042987008934,-1.0632133624582423,-0.39878948176683293
CURRENT_DRAWDOWN_1d,60,-1.306493083984557,-0.2707873436848161,-0.6616582636858683,-0.834353502263167,-0.47213958172139003
CURRENT_DRAWDOWN_1d,120,-1.1411297369425413,-0.3313399125712597,-0.7208077171404067,-0.5503727689421872,-0.590756968000354
AUTOCORR_1d,1,-5.9379043183490365,0.036938596974643675,0.1584171884225368,-5.917899776103664,-0.020004542245372292
AUTOCORR_1d,5,-0.7101351988521027,0.06616096615395903,0.26938544410727383,-0.9220892850683982,0.2119540862162954
AUTOCORR_1d,20,0.2621330285086757,0.08490741313944182,0.3219314260292118,-0.04198687294710719,0.3041199014557829
AUTOCORR_1d,40,0.36589135975507514,0.11623450158863398,0.3768913177762505,-0.017652995170329207,0.38354435492540434
AUTOCORR_1d,60,0.34584237717303823,0.15073959787738359,0.423595862680535,-0.09731100514296645,0.44315338231600465
AUTOCORR_1d,120,0.29927714289954266,0.22754611643387004,0.5162356854257731,-0.2749708571798531,0.5742480000793957
HURST_EXPONENT_1d,1,-6.647041220296637,-0.011190421375457102,-0.047795249827838775,-6.683260934164944,0.03621971386830758
HURST_EXPONENT_1d,5,-1.51340481337382,0.0038200499282738617,0.016025275166594098,-1.5241631216380402,0.010758308264220195
HURST_EXPONENT_1d,20,-0.4263013731187367,0.025298502970676658,0.09734234194633054,-0.520295445656299,0.09399407253756231
HURST_EXPONENT_1d,40,-0.2225290719038279,0.017634176477295163,0.06137060693468165,-0.2848560606697583,0.06232698876593043
HURST_EXPONENT_1d,60,-0.16074475000512217,0.003260304222306373,0.010548512368319631,-0.17156009993534735,0.010815349930225177
HURST_EXPONENT_1d,120,-0.08504235635462785,-0.05029013926269524,-0.13267035892205806,0.050136257150640746,-0.1351786135052686
SKEWNESS_1d,1,-6.227603746944564,0.028416217932081978,0.11674647066026375,-6.200187258243825,-0.027416488700739094
SKEWNESS_1d,5,-1.1605734568106798,0.027635242763958266,0.1066251840295199,-1.2379081173142579,0.07733466050357807
SKEWNESS_1d,20,-0.18522990233252223,0.03117745819992747,0.11454353234382153,-0.2946459521614544,0.10941604982893216
SKEWNESS_1d,40,-0.019400218671917286,0.05694672342544734,0.18703020417544358,-0.21338350409982768,0.19398328542791038
SKEWNESS_1d,60,0.055250718228078706,0.09899166973339588,0.2924042940738219,-0.25221689621409554,0.30746761444217424
SKEWNESS_1d,120,0.14082734449111145,0.18379940635033368,0.4510655455870734,-0.3513370074987517,0.49216435198986314
significant_events_30d_1d,1,-4.846544266176621,0.15723151792206944,0.5303213005663884,-5.342565586673834,0.4960213204972135
significant_events_30d_1d,5,-0.7629549456790534,0.15781864136008897,0.5078874585919151,-1.2748982814966408,0.5119433358175873
significant_events_30d_1d,20,0.023543401301514395,0.15433474526148833,0.4869297794847896,-0.4958228997753351,0.5193663010768496
significant_events_30d_1d,40,0.20263155939132424,0.15557777485133664,0.4538732707554283,-0.2853745932013996,0.48800615259272384
significant_events_30d_1d,60,0.2192544678527214,0.15384355346351067,0.42917974727587327,-0.24461057130931443,0.4638650391620358
significant_events_30d_1d,120,0.2358215911313664,0.17459291537630386,0.46062076241672145,-0.2690203583777471,0.5048419495091135
VOLATILITY_50_1d,1,-3.0515868975225233,0.2808909663688637,0.6853066437792804,-3.6275367021259473,0.5759498046034239
VOLATILITY_50_1d,5,-0.10096618033281723,0.29529738192133514,0.6757237069903234,-0.7414060871917174,0.6404399068589002
VOLATILITY_50_1d,20,0.4665185088244635,0.30706920699982926,0.6744295983208157,-0.22564210518947775,0.6921606140139412
VOLATILITY_50_1d,40,0.5686367255603895,0.3554207409295236,0.7125629522432498,-0.21344192082322017,0.7820786463836096
VOLATILITY_50_1d,60,0.586052131313123,0.4023130730206427,0.7459653467103565,-0.26030625302719074,0.8463583843403137
VOLATILITY_50_1d,120,0.5763536176960445,0.4814461722400929,0.8032098949857024,-0.3846981344005413,0.9610517520965858
SHARPE_RATIO_1d,1,-4.813239169104567,-0.06912966825190456,-0.21141896075772265,-5.053909608889171,0.240670439784604
SHARPE_RATIO_1d,5,-0.9287219367863099,-0.09793043982002007,-0.27153284238417374,-0.7786198547414133,-0.1501020820448966
SHARPE_RATIO_1d,20,-0.21196218732036948,-0.12169834040157247,-0.32665031504876274,0.10056993655778804,-0.31253212387815754
SHARPE_RATIO_1d,40,-0.10287551991686791,-0.09755458114271362,-0.2521231946227118,0.15621078593666687,-0.25908630585353476
SHARPE_RATIO_1d,60,-0.08452036859807187,-0.06254167065672012,-0.16064315614692254,0.08423726554427705,-0.1687576341423489
SHARPE_RATIO_1d,120,-0.09434703035093274,-0.003210483642422044,-0.008540171920609966,-0.0859648839144374,-0.008382146436495333
ACCELERATION_10_1d,1,-6.25027372263549,-0.015025249147547534,-0.05427517484826809,-6.292004835000885,0.04173111236539473
ACCELERATION_10_1d,5,-1.6382155836176266,-0.013141475945790973,-0.0452806104016137,-1.6100255671936299,-0.028190016423996767
ACCELERATION_10_1d,20,-0.36471719014336323,-0.004812266747759073,-0.015780407044938764,-0.3498171196784258,-0.01490007046493741
ACCELERATION_10_1d,40,-0.20078323134343462,-0.008147501741061046,-0.024671523558654106,-0.17626306357125154,-0.024520167772183077
ACCELERATION_10_1d,60,-0.12680363337177364,-0.011107573172899834,-0.031807241760317496,-0.09423388104826035,-0.03256975232351329
ACCELERATION_10_1d,120,-0.04774734434116446,-0.021552233077445665,-0.052453101256099956,0.005100606039864201,-0.052847950381028665
fund_return_on_equity_1d,1,-3.155566574215361,-0.025101936105239083,-0.20349644527819039,-3.3472982934051028,0.19173171918974186
fund_return_on_equity_1d,5,-0.8347631482778389,-0.0349983457354622,-0.2573668891677171,-0.6880170453031778,-0.14674610297466117
fund_return_on_equity_1d,20,-0.40246771371971757,-0.04899002977158987,-0.3105777995566173,-0.1161223889608906,-0.28634532475882696
fund_return_on_equity_1d,40,-0.3441688149974412,-0.0631314156487068,-0.3407998089526241,0.005588911567570156,-0.3497577265650113
fund_return_on_equity_1d,60,-0.2931387249862332,-0.08699039105917071,-0.3820677196064624,0.11791629250850427,-0.4110550174947375
fund_return_on_equity_1d,120,-0.24411901022659202,-0.15167909322488032,-0.47382596927419074,0.3343991522390418,-0.5785181624656338
market_context_volume_ratio_1d,1,-6.501134324007687,0.010770652672296712,0.04990741356590266,-6.4793637326060445,-0.021770591401642392
market_context_volume_ratio_1d,5,-1.2725183321364355,-0.0038792157497558244,-0.01664419622820806,-1.2617158360699183,-0.010802496066517175
market_context_volume_ratio_1d,20,-0.4360680949471442,-0.013816500070380978,-0.05632684749842521,-0.38387537615824147,-0.05219271878890275
market_context_volume_ratio_1d,40,-0.23643802802582164,-0.022913582733506174,-0.08488340232496301,-0.15160145341939618,-0.08483657460642546
market_context_volume_ratio_1d,60,-0.14217401329055673,-0.02001840501348736,-0.06388464614266526,-0.07793820170210425,-0.06423581158845248
market_context_volume_ratio_1d,120,-0.11185473103581597,-0.06731819256134446,-0.1790437314854061,0.07713733445834281,-0.18899206549415878
state_SMA_200_1d,1,-3.9954580983419303,-0.09676761007024477,-0.30989566590912115,-4.3972512815255,0.40179318318356927
state_SMA_200_1d,5,-0.8231054748861736,-0.11317689996844872,-0.3347139911148505,-0.6392917273211705,-0.18381374756500313
state_SMA_200_1d,20,-0.2257806473438892,-0.1410014142518201,-0.39921002436849956,0.16281477087295104,-0.38859541821684024
state_SMA_200_1d,40,-0.11282051634750836,-0.12006829107226082,-0.3522183958531149,0.2595294051979077,-0.372349921545416
state_SMA_200_1d,60,-0.0013655826262019687,-0.08076043227155297,-0.24435568171932953,0.2562505397222988,-0.25761612234850073
state_SMA_200_1d,120,-0.0005263444011618848,-0.009712127580765147,-0.03082515814862896,0.03061811754495792,-0.031144461946119806
SORTINO_RATIO_1d,1,-4.78988434930201,-0.06702120093882037,-0.20541170651332397,-5.019764690017646,0.2298803407156358
SORTINO_RATIO_1d,5,-0.9178578269217141,-0.09602518554261491,-0.2658553059751021,-0.7698181610391956,-0.1480396658825185
SORTINO_RATIO_1d,20,-0.211484581196204,-0.1166711383071434,-0.31367644637189734,0.08788567428661075,-0.29937025548281476
SORTINO_RATIO_1d,40,-0.10381724624715102,-0.09147878114828499,-0.2361683509161291,0.1379435269878217,-0.24176077323497272
SORTINO_RATIO_1d,60,-0.08843622213451276,-0.05570238907415102,-0.14243094141115112,0.06071377455483957,-0.14914999668935233
SORTINO_RATIO_1d,120,-0.0992726351372958,0.0030404345258626523,0.008045533905652803,-0.10718314181737804,0.007910506680082238
insider_net_value_30d_1d,1,-1.9120849020158253,-0.0065374583530944065,-0.08452215855910225,-1.9696778311049976,0.05759292908917235
insider_net_value_30d_1d,5,-0.5632752747020024,-0.005521176859266884,-0.06712786394179002,-0.5199483649771707,-0.043326909724831775
insider_net_value_30d_1d,20,-0.2766097421313583,-0.0014379401578055529,-0.017028299514757806,-0.2606345312767182,-0.0159752108546401
insider_net_value_30d_1d,40,-0.21390712038248857,0.0033568714806899076,0.03730858537654544,-0.25179965293497253,0.037892532552483954
insider_net_value_30d_1d,60,-0.1558260800333263,0.007779228916790956,0.07475171447609666,-0.23402761613570838,0.07820153610238209
insider_net_value_30d_1d,120,-0.03394763823277584,0.0365781686023311,0.25661508474963096,-0.30821496111729085,0.274267322884515
ROLLING_SKEW_20_1d,1,-6.890447721516388,0.009176935587617651,0.03886263369261582,-6.872399358469402,-0.01804836304698565
ROLLING_SKEW_20_1d,5,-1.5235283914385884,0.01963230598760926,0.07925338014499077,-1.580652654554079,0.05712426311549068
ROLLING_SKEW_20_1d,20,-0.20004251426005543,0.0276354022901692,0.10617752902769877,-0.30198456278922053,0.10194204852916511
ROLLING_SKEW_20_1d,40,-0.01888465277966044,0.043326835679270474,0.1493290050697078,-0.17329354040052453,0.15440888762086408
ROLLING_SKEW_20_1d,60,0.03429006740993721,0.06987628676466477,0.2132657731890729,-0.1911427016728631,0.2254327690828003
ROLLING_SKEW_20_1d,120,0.11502274658881657,0.0882921176526314,0.2451626675693369,-0.13373526328072105,0.2487580098695376
market_context_volatility_ratio_1d,1,-6.7593385327450894,0.009263337193403358,0.03971867866762017,-6.740905818460868,-0.018432714284221774
market_context_volatility_ratio_1d,5,-1.3044795070584139,0.005197280265578328,0.020584756854583903,-1.3183595999373179,0.013880092878904016
market_context_volatility_ratio_1d,20,-0.4274858027046816,-0.0165773086788085,-0.06596841202581276,-0.366705537445538,-0.060780265259143595
market_context_volatility_ratio_1d,40,-0.2220046588455986,-0.022662235699283332,-0.08148096056093199,-0.141317895894501,-0.08068676295109761
market_context_volatility_ratio_1d,60,-0.13850150338939216,-0.01392254910580465,-0.044007744225184615,-0.09450123613212534,-0.044000267257266815
market_context_volatility_ratio_1d,120,-0.11371044187499878,-0.05518121635124,-0.14819401182786202,0.04119466376335241,-0.1549051056383512
LEVEL_DIST_SUPPORT_20_1d,1,-5.015517515613848,0.07493794160162817,0.2422886083186722,-5.020208860718386,0.004691345104538058
LEVEL_DIST_SUPPORT_20_1d,5,-0.9628085484910376,0.07573768445213584,0.23606415944081538,-1.1511084173259833,0.18829986883494576
LEVEL_DIST_SUPPORT_20_1d,20,0.11603310940292837,0.09936399956320544,0.3004178494470402,-0.17385181107019002,0.28988492047311837
LEVEL_DIST_SUPPORT_20_1d,40,0.3001044365925814,0.14850981078502323,0.39581572631657214,-0.10578810413956667,0.4058925407321481
LEVEL_DIST_SUPPORT_20_1d,60,0.38984511819611944,0.18072940796962228,0.44353018761426743,-0.07569952593610729,0.46554464413222674
LEVEL_DIST_SUPPORT_20_1d,120,0.39090394082104324,0.25965134796387696,0.5610876239409167,-0.20573298360728068,0.596636924428324
peer_divergence_1d,1,-8.243291491823276,-0.02520910770799723,-0.11854787145861644,-8.373228833502946,0.12993734167966942
peer_divergence_1d,5,-2.338880221631464,-0.0307925168288587,-0.13942560333270576,-2.2693036824695536,-0.06957653916191031
peer_divergence_1d,20,-0.6642433633406946,-0.028036895935934458,-0.1241680028548687,-0.5509274217417113,-0.11331594159898328
peer_divergence_1d,40,-0.3381396860328394,-0.01992563920024633,-0.08113412974723469,-0.2562303613331237,-0.08190932469971568
peer_divergence_1d,60,-0.21264279532900934,-0.01804304011619508,-0.06722933229354863,-0.14299934522115698,-0.06964345010785236
peer_divergence_1d,120,-0.11294837614915695,-0.02760086523111276,-0.08820321056322045,-0.020089554416794178,-0.09285882173236278
market_context_volatility_20d_1d,1,-3.1644158994617304,0.27403190566532293,0.6777346284194348,-3.7523497714910907,0.5879338720293603
market_context_volatility_20d_1d,5,-0.14504464485168467,0.2912617444923919,0.67916107646936,-0.8077123002124612,0.6626676553607765
market_context_volatility_20d_1d,20,0.455352847860116,0.29959477250313876,0.6720725360874198,-0.2370423656258252,0.6923952134859412
market_context_volatility_20d_1d,40,0.5405480263573434,0.3428965507282027,0.7107189478437954,-0.2483419608734397,0.7888899872307832
market_context_volatility_20d_1d,60,0.5597093271969891,0.37971527356377616,0.733104561040771,-0.27796701037764265,0.8376763375746317
market_context_volatility_20d_1d,120,0.5545857068435518,0.45477563587518094,0.7861637687339574,-0.3662567677079007,0.9208424745514525
ROLLING_VOL_20_1d,1,-3.1644158994617304,0.27403190566532293,0.6777346284194348,-3.7523497714910907,0.5879338720293603
ROLLING_VOL_20_1d,5,-0.14504464485168467,0.2912617444923919,0.67916107646936,-0.8077123002124612,0.6626676553607765
ROLLING_VOL_20_1d,20,0.455352847860116,0.29959477250313876,0.6720725360874198,-0.2370423656258252,0.6923952134859412
ROLLING_VOL_20_1d,40,0.5405480263573434,0.3428965507282027,0.7107189478437954,-0.2483419608734397,0.7888899872307832
ROLLING_VOL_20_1d,60,0.5597093271969891,0.37971527356377616,0.733104561040771,-0.27796701037764265,0.8376763375746317
ROLLING_VOL_20_1d,120,0.5545857068435518,0.45477563587518094,0.7861637687339574,-0.3662567677079007,0.9208424745514525
VOLATILITY_20_1d,1,-3.1644158994617304,0.27403190566532293,0.6777346284194348,-3.7523497714910907,0.5879338720293603
VOLATILITY_20_1d,5,-0.14504464485168467,0.2912617444923919,0.67916107646936,-0.8077123002124612,0.6626676553607765
VOLATILITY_20_1d,20,0.455352847860116,0.29959477250313876,0.6720725360874198,-0.2370423656258252,0.6923952134859412
VOLATILITY_20_1d,40,0.5405480263573434,0.3428965507282027,0.7107189478437954,-0.2483419608734397,0.7888899872307832
VOLATILITY_20_1d,60,0.5597093271969891,0.37971527356377616,0.733104561040771,-0.27796701037764265,0.8376763375746317
VOLATILITY_20_1d,120,0.5545857068435518,0.45477563587518094,0.7861637687339574,-0.3662567677079007,0.9208424745514525
volatility_20_1d,1,-3.1864138803521467,0.2732613738041116,0.6785092980196149,-3.7853161012213765,0.5989022208692298
volatility_20_1d,5,-0.1452522390248589,0.29123303536671036,0.6799294768619911,-0.8092723398076502,0.6640201007827913
volatility_20_1d,20,0.4568933929988834,0.2986817355279988,0.6714569853980246,-0.2341486291698701,0.6910420221687534
volatility_20_1d,40,0.5414030601403506,0.34263708358607997,0.709880943491059,-0.24588266049533739,0.7872857206356879
volatility_20_1d,60,0.56033871158488,0.3796594124936587,0.7332425316781978,-0.27745363316838706,0.8377923447532671
volatility_20_1d,120,0.5556522203164552,0.45504650167227023,0.7869165738185084,-0.3667371543857573,0.9223893747022125
ATR_14_1d,1,-7.030432547162285,0.08926340043337866,0.35970972095323817,-7.304239131143036,0.2738065839807513
ATR_14_1d,5,-2.1417945819277513,0.07711117896177401,0.2979114315328676,-2.4489961660184347,0.30720158409068343
ATR_14_1d,20,-1.1923553270317682,0.055775474673236514,0.20215705085803126,-1.4112902173780106,0.21893489034624247
ATR_14_1d,40,-1.001990534978192,0.03241608533614877,0.10744625857897953,-1.1177373902880783,0.11574685530988638
ATR_14_1d,60,-0.9385205903842534,0.006060419193371724,0.018561845852119212,-0.9576304101923164,0.019109819808063033
ATR_14_1d,120,-0.832374195411788,-0.07818595618468015,-0.19895941897123076,-0.6279098980179686,-0.20446429739381944
VELOCITY_10_1d,1,-5.786889077589278,-0.07311490334920737,-0.2396167119645158,-6.108125514762072,0.3212364371727947
VELOCITY_10_1d,5,-1.7374668092990018,-0.07891578354557789,-0.25742082839734737,-1.6221140525469475,-0.11535275675205425
VELOCITY_10_1d,20,-0.5703220576081989,-0.05655702219956242,-0.18165949756456248,-0.40619277244538415,-0.16412928516281472
VELOCITY_10_1d,40,-0.40334720112964667,-0.053314791714497885,-0.15763990343589687,-0.24887598556522988,-0.1544712155644168
VELOCITY_10_1d,60,-0.2852181637196471,-0.07516378334730703,-0.20729978088277265,-0.07432005617535425,-0.21089810754429283
VELOCITY_10_1d,120,-0.1874340620173825,-0.05867910903310195,-0.14164579545583758,-0.044392150867559634,-0.14304191114982287
atr_14_1d,1,-7.104468548096143,0.08686795584794697,0.35082165254901787,-7.362627308841965,0.2581587607458218
atr_14_1d,5,-2.1946755187176175,0.07375879968810599,0.28751890767732596,-2.4889684157095804,0.2942928969919629
atr_14_1d,20,-1.2873704773513532,0.047644227014749525,0.17570407566158386,-1.4752362769235376,0.1878657995721844
atr_14_1d,40,-1.0601924632856476,0.022526652619534335,0.0751570280371175,-1.139759552041515,0.07956708875586727
atr_14_1d,60,-0.9732633122036931,-0.0003221098609791365,-0.0009960641246686602,-0.9722434920717001,-0.0010198201319929767
atr_14_1d,120,-0.8724720156204008,-0.09270603878911363,-0.23795508888647665,-0.6267668383713421,-0.24570517724905871
market_context_trend_5d_1d,1,-5.9235521007459155,-0.052919416505905585,-0.17622828220968587,-6.124794582869786,0.2012424821238703
market_context_trend_5d_1d,5,-1.939892059733936,-0.053341753688770366,-0.17669042524171966,-1.852080373383392,-0.08781168635054404
market_context_trend_5d_1d,20,-0.5831011714936268,-0.04350421917537367,-0.14212063767975677,-0.45473943289165686,-0.12836173860196998
market_context_trend_5d_1d,40,-0.3487649664225711,-0.035544770849090405,-0.10765042091282015,-0.24187068951510957,-0.10689427690746153
market_context_trend_5d_1d,60,-0.23818681639316722,-0.04384658782306941,-0.12184143572162803,-0.11453842265798915,-0.12364839373517807
market_context_trend_5d_1d,120,-0.13554531283739493,-0.04853370524717328,-0.11564120638729776,-0.017072336539633238,-0.1184729762977617
CDL_LOWER_WICK_RATIO_1d,1,-8.806980073278773,-0.0049218543103664416,-0.021069789131246772,-8.821538219245232,0.014558145966459435
CDL_LOWER_WICK_RATIO_1d,5,-1.9003262261104694,-0.004101262572549979,-0.016574246539724575,-1.8898316755317865,-0.01049455057868287
CDL_LOWER_WICK_RATIO_1d,20,-0.611751910347878,-0.012133379549957487,-0.04742745795818722,-0.5676185753473413,-0.04413333500053673
CDL_LOWER_WICK_RATIO_1d,40,-0.28136683782697086,-0.005972153184982632,-0.021673080116911218,-0.25953317704584505,-0.021833660781125808
CDL_LOWER_WICK_RATIO_1d,60,-0.19189929162961689,-0.003846602769506972,-0.012847409111498023,-0.1785477826846984,-0.013351508944918489
CDL_LOWER_WICK_RATIO_1d,120,-0.09727042297201066,-0.0005604321528196588,-0.0016798513053200266,-0.09553394018413391,-0.0017364827878767475
VELOCITY_5_1d,1,-6.06572680029219,-0.06177196473072443,-0.20539817836711677,-6.3233798403817945,0.2576530400896049
VELOCITY_5_1d,5,-1.920991517227609,-0.06258596550441617,-0.20687899435980941,-1.824262976897817,-0.09672854032979217
VELOCITY_5_1d,20,-0.581005814219385,-0.04644831233423545,-0.15187311481042454,-0.4438001579583527,-0.13720565626103232
VELOCITY_5_1d,40,-0.37506958964074955,-0.035842060415123486,-0.10945109030806638,-0.26605093043824424,-0.10901865920250531
VELOCITY_5_1d,60,-0.2511922729244602,-0.04954217126623305,-0.13890355857649844,-0.1108819951247071,-0.14031027779975314
VELOCITY_5_1d,120,-0.1494698789898909,-0.05388557135186841,-0.13110423709153532,-0.015438179604978505,-0.13403169938491238
volatility_10_1d,1,-3.343858215405276,0.26231879156073346,0.6735816443664644,-3.9791669320419336,0.6353087166366578
volatility_10_1d,5,-0.1987265063609004,0.27116838579078456,0.6598282040761364,-0.8430816428863762,0.6443551365254758
volatility_10_1d,20,0.4337097028584786,0.28133649195645605,0.6580482464541282,-0.24220092469794988,0.6759106275564285
volatility_10_1d,40,0.5322593521880842,0.32405781518980653,0.7023669851042766,-0.2462759354714958,0.7785352876595799
volatility_10_1d,60,0.5410281620868999,0.35980679186389986,0.7245608861946722,-0.2899759006231027,0.8310040627100026
volatility_10_1d,120,0.5346262537481483,0.4333452234933842,0.7769291824391749,-0.3795183875067234,0.9141446412548717
AATR_14_1d,1,-7.125201281482385,0.08687265602055412,0.34984110813698077,-7.382502006727695,0.2573007252453108
AATR_14_1d,5,-2.240187120031661,0.07215008525202211,0.28233638898534974,-2.5289930340550724,0.28880591402341116
AATR_14_1d,20,-1.2867381472278892,0.04151669113934961,0.1545474234513387,-1.4489960346613988,0.16225788743350966
AATR_14_1d,40,-1.0883927765969634,0.008845964684469415,0.02989911970976328,-1.1192087568397011,0.030815980242737684
AATR_14_1d,60,-0.9871150998207752,-0.0209716085714582,-0.0646473570170621,-0.9221503679526055,-0.06496473186816965
AATR_14_1d,120,-0.8929787501576475,-0.11221091772595906,-0.2893472133929216,-0.5924157083020909,-0.3005630418555566
volume,1,-5.099360494973772,0.08523736566687536,0.31441713728490067,-5.1737234001910855,0.07436290521731337
volume,5,-0.6584030759751804,0.07979062058538947,0.28163290272761066,-0.8797482174364635,0.22134514146128303
volume,20,0.09460261822596919,0.07156196647654503,0.2373860703213985,-0.1319927958200727,0.2265954140460419
volume,40,0.22745980187593381,0.07952041808797922,0.2357315827836047,-0.011158167344229298,0.23861796922016312
volume,60,0.25706356926971213,0.09400019275320509,0.25619072314857594,-0.007835268798977975,0.26489883806869013
volume,120,0.22945439246004842,0.06166569292004139,0.14615014365557769,0.08188610437251344,0.14756828808753497
volume_rs_1d,1,-6.502783485701842,0.00633836073834076,0.029777576053263907,-6.487853401021234,-0.014930084680607969
volume_rs_1d,5,-1.1739520697798924,0.003333432741575173,0.014907166535380167,-1.1839140953922151,0.009962025612322734
volume_rs_1d,20,-0.34566493906665563,-0.010754312587358206,-0.04401058156440454,-0.3046188706823064,-0.04104606838434921
volume_rs_1d,40,-0.2238753332288046,-0.019984117716133502,-0.07325685829752604,-0.14990862417301193,-0.07396670905579267
volume_rs_1d,60,-0.16916551756661996,-0.022385299965606422,-0.07256271534894847,-0.09514424068750835,-0.07402127687911161
volume_rs_1d,120,-0.12583336108607296,-0.05938776272114924,-0.16248191023548156,0.04083703363274011,-0.16667039471881306
context_pattern_id_1d,1,-1.7641434841812211,-0.0008353868557613156,-0.028549923275927626,-1.7819428448462775,0.017799360665056385
context_pattern_id_1d,5,-0.37730020567972244,-0.00032914937918858184,-0.011348088356194979,-0.36982320872360575,-0.007476996956116699
context_pattern_id_1d,20,-0.06714359132936033,-8.071296776687488e-05,-0.0026902831087923535,-0.0645991366990637,-0.002544454630296636
context_pattern_id_1d,40,-0.057678835255894734,0.001088322596415774,0.03234142574796913,-0.09204735251983216,0.03436851726393743
context_pattern_id_1d,60,-0.044259106518759264,0.0003354286581350372,0.00956919118705674,-0.054783880800528074,0.01052477428176881
context_pattern_id_1d,120,-0.06105522326507633,0.0007239570752335701,0.01671394224751112,-0.08405630630724988,0.023001083042173548
ROLLING_VOL_10_1d,1,-3.3429749427325484,0.26372300126041237,0.6746775578086671,-3.9824746599607184,0.63949971722817
ROLLING_VOL_10_1d,5,-0.2105754274782925,0.2714750311892781,0.6583979452095863,-0.857060647595973,0.6464852201176805
ROLLING_VOL_10_1d,20,0.43163620219562615,0.28150176014000866,0.6573410294098944,-0.2434707295768014,0.6751069317724275
ROLLING_VOL_10_1d,40,0.5321953348346435,0.32350525840374705,0.7013074695711674,-0.24426087844407435,0.7764562132787178
ROLLING_VOL_10_1d,60,0.5400885238718938,0.3600000652126077,0.7250002163841235,-0.2915225543796201,0.8316110782515138
ROLLING_VOL_10_1d,120,0.5327325708390848,0.4331530004990403,0.7762126623035951,-0.3795939763718067,0.9123265472108915
ROLLING_KURT_10_1d,1,-6.975217991395592,-0.005648435111192906,-0.025703185830133833,-6.992898937093438,0.01768094569784573
ROLLING_KURT_10_1d,5,-1.2398073734557538,-0.012601807919681239,-0.05496286438176885,-1.2052986844292335,-0.03450868902652027
ROLLING_KURT_10_1d,20,-0.2573820657067816,-0.005098579549710814,-0.021212119205011124,-0.23743761023249768,-0.019944455474283945
ROLLING_KURT_10_1d,40,-0.1076460172440699,0.005410156239114805,0.02038345532744635,-0.1282378981739886,0.02059188092991869
ROLLING_KURT_10_1d,60,-0.02604636157913739,0.008624920900465929,0.029451793098977438,-0.05646957254913422,0.03042321096999683
ROLLING_KURT_10_1d,120,0.01752277482799366,0.021674239468150683,0.06309733448559932,-0.047603033576705436,0.0651258084046991
fund_earnings_yield_1d,1,-3.3585574010010384,-0.027560116273294147,-0.2209204690817518,-3.579101912696829,0.22054451169579048
fund_earnings_yield_1d,5,-0.8244967642336676,-0.03261528849593424,-0.23798588243561597,-0.6874927113191122,-0.13700405291455542
fund_earnings_yield_1d,20,-0.33563247377477917,-0.045342638113046986,-0.2794976852333511,-0.07610774058000055,-0.25952473319477865
fund_earnings_yield_1d,40,-0.2757689359416548,-0.059237539469455196,-0.31342952712889943,0.04811717076884461,-0.3238861067104994
fund_earnings_yield_1d,60,-0.2319526581783599,-0.08387637780358621,-0.3703468357742626,0.17023572588704244,-0.40218838406540236
fund_earnings_yield_1d,120,-0.23400812742430796,-0.15276629104770928,-0.5038264434448335,0.3737842625689603,-0.6077923899932682
peer_return_excess_1d,1,-4.6538751243999545,-0.030647719526029817,-0.10838562678737086,-4.746653106523864,0.0927779821239092
peer_return_excess_1d,5,-0.9411033680604011,-0.023468280419805025,-0.07779646220490749,-0.8924561485538376,-0.04864721950656348
peer_return_excess_1d,20,-0.1978340834641646,-0.007777421773975985,-0.025161693464533452,-0.17412665041891198,-0.023707433045252607
peer_return_excess_1d,40,-0.09414794135315578,-0.003948656468605998,-0.011744749385736546,-0.08219265187294474,-0.011955289480211045
peer_return_excess_1d,60,-0.036494512829478555,0.009640614725953048,0.026744430464277644,-0.06395081501107927,0.027456302181600716
peer_return_excess_1d,120,-0.011122090046456489,-0.014198120215421774,-0.03456014924247356,0.023410769249155684,-0.03453285929561217
state_volatility_10_1d,1,-5.6857724369983025,0.0049321433066028255,0.025750630376477877,-5.67225437681377,-0.013518060184532388
state_volatility_10_1d,5,-1.112113619747722,-0.00038940760445266054,-0.0018933204506981036,-1.1108654219259924,-0.0012481978217295797
state_volatility_10_1d,20,-0.26636488900555677,-0.0018504719234713647,-0.008776081479566942,-0.2581397445194488,-0.00822514448610795
state_volatility_10_1d,40,-0.12854633372908714,-0.005771371252785109,-0.025225465740830365,-0.10311918249326642,-0.02542715123582072
state_volatility_10_1d,60,-0.07387505663430863,-0.0049853319262373325,-0.01966619022031401,-0.05332798470319501,-0.020547071931113617
state_volatility_10_1d,120,-0.05696038633199092,-0.016615263208777428,-0.05629373315089529,0.0037357203890101987,-0.06069610672100112
obv_1d,1,-5.954356803759487,0.009684135615387012,0.03815183287266844,-5.935863417523026,-0.018493386236460907
obv_1d,5,-1.1582453973426687,-0.001533710341178452,-0.005921890686954511,-1.154364291005574,-0.0038811063370947085
obv_1d,20,-0.1855394399441815,-0.013084306738249663,-0.04743062204369198,-0.14113107472313896,-0.04440836522104255
obv_1d,40,-0.038428929586472566,-0.02194172554334237,-0.07478462594639979,0.03690162417938493,-0.0753305537658575
obv_1d,60,0.009608104655754542,-0.019525473507149588,-0.06806148358832247,0.07876904718724038,-0.06916094253148584
obv_1d,120,0.04789228456681579,-0.01412828884075196,-0.04749152560964582,0.09448958092326089,-0.0465972963564451
peer_volatility_1d,1,-4.9434499046932325,0.09956011112985386,0.3627613268991105,-5.072011853532352,0.12856194883911964
peer_volatility_1d,5,-0.7514040400451876,0.09558686278959921,0.33675433409845296,-1.0343587440129913,0.28295470396780376
peer_volatility_1d,20,0.14949360020503621,0.10561539661019337,0.3571655266428452,-0.19990900561111583,0.349402605816152
peer_volatility_1d,40,0.3033421940275235,0.12776236272015135,0.3867141174068535,-0.0951592213445371,0.3985014153720606
peer_volatility_1d,60,0.3369929780126748,0.1557165509708673,0.4268510733697722,-0.11426559053637195,0.4512585685490468
peer_volatility_1d,120,0.33069643283039707,0.19289977599614042,0.46230992450358543,-0.15150589536300588,0.4822023281934029
state_SMA_100_1d,1,-4.41425470680645,-0.09207542178803589,-0.29470585123555487,-4.803838105379316,0.3895833985728654
state_SMA_100_1d,5,-0.974408896190833,-0.10079665911238794,-0.3044564202554427,-0.8123856610405289,-0.16202323515030415
state_SMA_100_1d,20,-0.2979832981955808,-0.11123795625201924,-0.33014798393853534,0.012806863801508441,-0.3107901619970892
state_SMA_100_1d,40,-0.1353745751418139,-0.09306857928615753,-0.27622557582698715,0.14804038952532572,-0.2834149646671396
state_SMA_100_1d,60,-0.04538999651781225,-0.05936393262055011,-0.18728431264151393,0.14806267192207825,-0.1934526684398905
state_SMA_100_1d,120,0.036268290649396545,0.016504838271620373,0.0568472770187154,-0.02053675123071247,0.056805041880109014
state_MACD_1d,1,-6.2827194335675,0.0017775160843346088,0.010097455735348638,-6.277001114589359,-0.005718318978141568
state_MACD_1d,5,-1.409353692761177,0.007366584297444587,0.04026966731693687,-1.4371828315938227,0.027829138832645706
state_MACD_1d,20,-0.4003614338183953,-0.004960308000023952,-0.025619537758333585,-0.3764310645880532,-0.023930369230342086
state_MACD_1d,40,-0.25895764345750155,-0.004210687508646942,-0.019731815520083493,-0.23888432312949584,-0.02007332032800571
state_MACD_1d,60,-0.15986793249336953,0.0023325095470649324,0.009997823016959798,-0.17039807173452257,0.010530139241153036
state_MACD_1d,120,-0.08823566920594995,-0.00911970374192756,-0.031327285282239936,-0.05319392214340934,-0.03504174706254062
MACD_Histogram_1d,1,-5.943586007138731,-0.034221987027912876,-0.11878103258361548,-6.057501848058285,0.11391584091955398
MACD_Histogram_1d,5,-1.5743364476511137,-0.030360550128740425,-0.1045630989123434,-1.5138893906292794,-0.06044705702183428
MACD_Histogram_1d,20,-0.3251516698323257,-0.0021129440925250326,-0.006948684683970584,-0.3186468403556473,-0.006504829476678409
MACD_Histogram_1d,40,-0.18333521664814617,0.0015258469297422567,0.004598491701886441,-0.18795321372598234,0.004617997077836167
MACD_Histogram_1d,60,-0.0795477580405479,-0.027449401849478017,-0.07710940203358321,-0.0007489980070042766,-0.07879876003354362
MACD_Histogram_1d,120,-0.03405526937329238,-0.01642199438995237,-0.03967249541811521,0.0057554128349922885,-0.03981068220828467
LEVEL_BREAKOUT_DOWN_20_1d,1,-1.0750163909049408,0.023014566673148832,0.1759649660857633,-0.9851605655940372,-0.08985582531090364
LEVEL_BREAKOUT_DOWN_20_1d,5,0.11441644760365825,0.021941353746599394,0.1689231605358165,0.002110704286434148,0.11230574331722411
LEVEL_BREAKOUT_DOWN_20_1d,20,3.4074341801601514e-05,0.015783037997049,0.12703414764895576,-0.12241200378776285,0.12244607812956444
LEVEL_BREAKOUT_DOWN_20_1d,40,-0.01483589382443137,0.009526517990566597,0.0729914128385922,-0.09430834679277433,0.07947245296834296
LEVEL_BREAKOUT_DOWN_20_1d,60,-0.026167036369612182,0.00558542919912945,0.04170830366955423,-0.07386990098989006,0.04770286462027788
LEVEL_BREAKOUT_DOWN_20_1d,120,-0.05509555461736281,0.00019802320682971842,0.0014215783568210724,-0.05687446511453864,0.0017789104971758299
volume_sma_5_1d,1,-5.166400080625992,0.08398335247047278,0.3061897827529583,-5.234718135868675,0.06831805524268297
volume_sma_5_1d,5,-0.7594353311865586,0.07978465299554761,0.2825217225134569,-0.9856328105377475,0.22619747935118895
volume_sma_5_1d,20,0.06982572611959745,0.06927376438618141,0.23074691069402273,-0.15083984136946366,0.2206655674890611
volume_sma_5_1d,40,0.21889447405494647,0.0782503075137597,0.23312168043495413,-0.016488191570212328,0.2353826656251588
volume_sma_5_1d,60,0.2516262912419355,0.09060078407687627,0.2497009299048372,-0.007901516300838485,0.25952780754277394
volume_sma_5_1d,120,0.22321094167231076,0.057789387740909755,0.1369417401105888,0.08338925091211165,0.13982169076019912
state_peer_divergence_1d,1,-6.590084413008035,0.004632483564909701,0.03176571476076125,-6.574406195977691,-0.01567821703034422
state_peer_divergence_1d,5,-1.1125577045917538,0.002112001508712117,0.013377197186948716,-1.1215026046868994,0.008944900095145591
state_peer_divergence_1d,20,-0.2493577724004275,0.0024688471685377603,0.015070404508718436,-0.2636502055197359,0.01429243311930839
state_peer_divergence_1d,40,-0.09866607056220274,-0.0014109909447514392,-0.007601715110527609,-0.09083872460689624,-0.0078273459553065
state_peer_divergence_1d,60,-0.03038012211656005,-0.0033056616170003533,-0.015446133409015631,-0.013592687651771096,-0.016787434464788954
state_peer_divergence_1d,120,0.004632878061171815,-0.0022346944341004754,-0.0091761896917237,0.014604581551269983,-0.009971703490098169
state_MACD_Signal_1d,1,-6.229330491060789,0.00778465344303135,0.04194810080528579,-6.209711180006108,-0.019619311054681177
state_MACD_Signal_1d,5,-1.112964660267333,0.011404967528150093,0.05824813681902129,-1.1534961230102072,0.040531462742874114
state_MACD_Signal_1d,20,-0.33118392016018044,-0.0033323812739919924,-0.01680912518492,-0.31541675911955985,-0.015767161040620592
state_MACD_Signal_1d,40,-0.27095848361558417,-0.005404950384694004,-0.024292151357344187,-0.24635563479657768,-0.024602848819006484
state_MACD_Signal_1d,60,-0.11322800943828279,-0.0004829476784581457,-0.001997408006531488,-0.11116947001044318,-0.002058539427839609
state_MACD_Signal_1d,120,-0.061455889322615066,-0.008685530519786263,-0.028342128465886445,-0.03155380078629756,-0.029902088536317505
VELOCITY_1_1d,1,-6.07385298805355,-0.038624151273629864,-0.14032481834694485,-6.219304634825889,0.14545164677233924
VELOCITY_1_1d,5,-1.766766683400331,-0.0326006669688265,-0.1136033491452849,-1.702524066488357,-0.06424261691197408
VELOCITY_1_1d,20,-0.46334561637303395,-0.02211871157099672,-0.07617380387566264,-0.3923157442631774,-0.07102987210985656
VELOCITY_1_1d,40,-0.24403276370529592,-0.020116723857138873,-0.06351064839387449,-0.18046730699527852,-0.0635654567100174
VELOCITY_1_1d,60,-0.156711200867327,-0.018207307943817877,-0.05214810887384943,-0.10403758875510945,-0.05267361211221756
VELOCITY_1_1d,120,-0.07978974697461222,-0.028648260110780505,-0.06830018291586988,-0.009000898990110202,-0.07078884798450202
insider_available_1d,1,-2.574043292953841,-0.007035010584596879,-0.047648039068184316,-2.6054963924665686,0.03145309951272779
insider_available_1d,5,-0.818284900043199,-0.0044459515414177146,-0.028356630342214733,-0.7997652638427132,-0.0185196362004858
insider_available_1d,20,-0.45558272547632245,0.0022580758827021427,0.01386271123016156,-0.4686802422170352,0.013097516740712745
insider_available_1d,40,-0.3532088297967724,0.009765220939158131,0.05566693917577984,-0.4099941764345004,0.056785346637727996
insider_available_1d,60,-0.2727425777974368,0.01861228569931252,0.09274421293219368,-0.36996059244291624,0.09721801464547941
insider_available_1d,120,-0.1601336675146196,0.06692256214144962,0.24202567983612014,-0.41816953566925685,0.25803586815463725
significance_intensity_7d_1d,1,-5.0251018283630655,0.11644522481480507,0.4336533064711201,-5.288960159459277,0.2638583310962117
significance_intensity_7d_1d,5,-0.8458526246571584,0.11004387982896038,0.3972063191459293,-1.2067780722323946,0.36092544757523626
significance_intensity_7d_1d,20,-0.05833423271452035,0.10918731562481145,0.3737920510054191,-0.4417163828680063,0.3833821501534859
significance_intensity_7d_1d,40,0.10891388592659298,0.1031356522331736,0.33617353035846453,-0.24831495914165522,0.3572288450682482
significance_intensity_7d_1d,60,0.15500546451255573,0.11116224270104384,0.3227076846774366,-0.1817166008278558,0.3367220653404115
significance_intensity_7d_1d,120,0.17244871523554497,0.08954360552939991,0.23506062941275951,-0.07511463803708222,0.24756335327262718
significant_events_7d_1d,1,-5.0251018283630655,0.11644522481480507,0.4336533064711201,-5.288960159459277,0.2638583310962117
significant_events_7d_1d,5,-0.8458526246571584,0.11004387982896038,0.3972063191459293,-1.2067780722323946,0.36092544757523626
significant_events_7d_1d,20,-0.05833423271452035,0.10918731562481145,0.3737920510054191,-0.4417163828680063,0.3833821501534859
significant_events_7d_1d,40,0.10891388592659298,0.1031356522331736,0.33617353035846453,-0.24831495914165522,0.3572288450682482
significant_events_7d_1d,60,0.15500546451255573,0.11116224270104384,0.3227076846774366,-0.1817166008278558,0.3367220653404115
significant_events_7d_1d,120,0.17244871523554497,0.08954360552939991,0.23506062941275951,-0.07511463803708222,0.24756335327262718
days_since_last_significant_1d,1,-6.310575538564959,-0.08207632967409294,-0.32593484859155786,-6.88125607417434,0.5706805356093811
days_since_last_significant_1d,5,-1.4902714013998284,-0.08727869040890819,-0.3250118250205712,-1.3494367716578093,-0.1408346297420191
days_since_last_significant_1d,20,-0.5505590804687658,-0.08706005808402113,-0.3138774168890187,-0.26806337691481297,-0.2824957035539528
days_since_last_significant_1d,40,-0.39339145637080214,-0.08333465714227659,-0.2854266163120219,-0.10832871979898857,-0.2850627365718136
days_since_last_significant_1d,60,-0.3181666541843003,-0.08730723270853938,-0.27297060635377135,-0.0379945405165166,-0.2801721136677837
days_since_last_significant_1d,120,-0.22544466726877818,-0.07958348226041563,-0.21912547920730152,0.0023405282891684753,-0.22778519555794666
is_significant_decayed_1d,1,-5.734715272504999,0.08526837772003042,0.3426880652671197,-5.886200089214515,0.15148481670951686
is_significant_decayed_1d,5,-0.9293665594240647,0.0872145327268719,0.32690328430252585,-1.211311083851617,0.28194452442755236
is_significant_decayed_1d,20,-0.06517572260825985,0.08684384314036878,0.31605235248992686,-0.3824906703664006,0.31731494775814073
is_significant_decayed_1d,40,0.0921307494624657,0.08285579340297546,0.28578992895120897,-0.20696325742516541,0.2990940068876311
is_significant_decayed_1d,60,0.13541813653477205,0.08661745011945945,0.2721355867368085,-0.15033576245181657,0.28575389898658865
is_significant_decayed_1d,120,0.14468818518166296,0.0792864186010672,0.22021233493919007,-0.08840023666061768,0.23308842184228062
market_context_trend_alignment_1d,1,-5.893750395559775,0.00784848184211824,0.034161049858800765,-5.876751951981603,-0.016998443578171596
market_context_trend_alignment_1d,5,-1.2727165625750518,0.017461699514048763,0.07208826797864253,-1.3234184691518276,0.05070190657677576
market_context_trend_alignment_1d,20,-0.28274172485867943,0.00528373403490973,0.021363464836865374,-0.3026751991364248,0.01993347427774539
market_context_trend_alignment_1d,40,-0.13509746665852002,0.0025506028039028383,0.009406102683950904,-0.14462117929599672,0.0095237126374767
market_context_trend_alignment_1d,60,-0.07982198382943038,0.004533873408607118,0.015497649032279008,-0.09610467388498503,0.016282690055554647
market_context_trend_alignment_1d,120,-0.02888492644500412,-0.008850397682649397,-0.024819923186239205,-0.00244620135756786,-0.02643872508743626
state_EMA_200_1d,1,-4.241996765101152,-0.11258092737938807,-0.3576525337927055,-4.7714857885741795,0.5294890234730278
state_EMA_200_1d,5,-1.1413606621719299,-0.13117049723467517,-0.38604981010221545,-0.9612295810639807,-0.18013108110794918
state_EMA_200_1d,20,-0.5389386998925699,-0.15189143028259108,-0.45081351188857965,-0.12942643543604235,-0.40951226445652755
state_EMA_200_1d,40,-0.4012612580799564,-0.14015905030160292,-0.43071275977551754,0.03419640524819507,-0.43545766332815145
state_EMA_200_1d,60,-0.3427737585845569,-0.1153470936013384,-0.3627903494389351,0.031851705460721295,-0.3746254640452782
state_EMA_200_1d,120,-0.34627318045146216,-0.0714647111172561,-0.2367555976366751,-0.1153648489271245,-0.23090833152433765
LEVEL_DIST_RESISTANCE_20_1d,1,-3.4084305402528092,0.20344339762717512,0.5633934835324069,-3.7176962543157224,0.30926571406291314
LEVEL_DIST_RESISTANCE_20_1d,5,-0.06985818832266805,0.2240212208448974,0.5921369337096186,-0.5713550176851262,0.5014968293624582
LEVEL_DIST_RESISTANCE_20_1d,20,0.34780229019486264,0.20935504928901302,0.5615158939776703,-0.2175808249910868,0.5653831151859494
LEVEL_DIST_RESISTANCE_20_1d,40,0.464532166639395,0.2332997254017259,0.5805448098780382,-0.1513488217743102,0.6158809884137052
LEVEL_DIST_RESISTANCE_20_1d,60,0.4296867109324916,0.26048168620552997,0.6108542754394608,-0.24300878992541836,0.67269550085791
LEVEL_DIST_RESISTANCE_20_1d,120,0.4286033713344913,0.3071128878934035,0.6566699611019979,-0.32913475676004383,0.7577381280945351
state_ARSI_14_1d,1,-6.11626266270696,-0.007936515790868095,-0.03595724493117487,-6.141736940124869,0.025474277417909086
state_ARSI_14_1d,5,-1.5954617786029746,-0.014091745632604586,-0.062208950591740586,-1.5572750742521073,-0.03818670435086724
state_ARSI_14_1d,20,-0.4181450453706139,-0.010408293796108328,-0.04416835075589321,-0.3767443246832353,-0.0414007206873786
state_ARSI_14_1d,40,-0.1771086390477008,9.817178470261967e-05,0.00038469670069767926,-0.17750012466913656,0.00039148562143576093
state_ARSI_14_1d,60,-0.10198037866017146,-0.000992855255070675,-0.003519282677740791,-0.09825514279425644,-0.0037252358659150137
state_ARSI_14_1d,120,-0.03751179220840607,0.005179106470502238,0.015915977737115325,-0.05466111823095501,0.017149326022548934
peer_breadth_excess_1d,1,-4.880590145186328,-0.03017996446299567,-0.10675333159898984,-4.972846273931863,0.09225612874553502
peer_breadth_excess_1d,5,-1.0468785759895918,-0.026409205612199893,-0.08852982573620032,-0.9924257882034165,-0.05445278778617524
peer_breadth_excess_1d,20,-0.2383992037919961,-0.012598886228228114,-0.04051474855168284,-0.20049325455612182,-0.03790594923587429
peer_breadth_excess_1d,40,-0.1221428593663556,-0.01068191898445819,-0.031202677125825026,-0.09069199384287785,-0.031450865523477756
peer_breadth_excess_1d,60,-0.08479019068701918,-0.007133172168037446,-0.019404195324340585,-0.06478824919927821,-0.020001941487740968
peer_breadth_excess_1d,120,-0.04487961961156463,-0.03170364571420422,-0.07590599907360683,0.03077780944670945,-0.07565742905827408
ACCELERATION_5_1d,1,-5.943168081803968,-0.01922523383113878,-0.06792735550611395,-5.997641882757677,0.05447380095370935
ACCELERATION_5_1d,5,-1.479471144830812,-0.011931392470455866,-0.040811715339314235,-1.4538142768621123,-0.025656867968699704
ACCELERATION_5_1d,20,-0.389778651631319,-0.007953367259175743,-0.02684706478804741,-0.36473785926777885,-0.02504079236354012
ACCELERATION_5_1d,40,-0.17248640120655848,0.00032900408390804857,0.0010410424516147708,-0.17353179632778717,0.0010453951212286983
ACCELERATION_5_1d,60,-0.1095861257634338,0.004187506282599054,0.012174253341675323,-0.12195596877550438,0.012369843012070586
ACCELERATION_5_1d,120,-0.040012233499359326,-0.005979334523280725,-0.014609311797490173,-0.025430723099586224,-0.014581510399773102
KURTOSIS_1d,1,-6.478548630187059,0.001667671359049396,0.0073963666639865,-6.474302664198177,-0.004245965988881828
KURTOSIS_1d,5,-1.0494290275057547,0.008499481713283664,0.03510070495126541,-1.0732715280960552,0.023842500590300464
KURTOSIS_1d,20,-0.04963495924107371,0.02076425527218726,0.0782022894520999,-0.12345242311454474,0.07381746387347103
KURTOSIS_1d,40,0.16109540778188233,0.03606644489819854,0.13249307953762518,0.02817940469927398,0.13291600308260834
KURTOSIS_1d,60,0.247764951094896,0.03152870892791892,0.11345841154186977,0.1333562154049238,0.1144087356899722
KURTOSIS_1d,120,0.302923036373646,-0.008535187932600495,-0.02823834422773682,0.33077342394154263,-0.02785038756789665
volume_sma_10_1d,1,-5.124161109187202,0.08360992473157941,0.3029805257266008,-5.186772555654119,0.0626114464669163
volume_sma_10_1d,5,-0.7333773616402721,0.07980415698833407,0.2806591755239744,-0.9566897757382554,0.2233124140979833
volume_sma_10_1d,20,0.08828830417051536,0.07147065820691331,0.23451986624472376,-0.13565722366214855,0.22394552783266392
volume_sma_10_1d,40,0.22746086654781364,0.0809040800716487,0.23792639176905603,-0.012539686160462474,0.2400005527082761
volume_sma_10_1d,60,0.2605541077116314,0.09203501301301598,0.25495286829038444,-0.00579555822158644,0.26634966593321785
volume_sma_10_1d,120,0.22485442599281077,0.05829861388136128,0.13590079537365005,0.08494818251550346,0.13990624347730732
state_EMA_5_1d,1,-5.195117121758156,-0.05659365312511709,-0.19416991292171965,-5.414276594488188,0.21915947273003145
state_EMA_5_1d,5,-1.622035616737253,-0.05557325723577506,-0.1874646483853117,-1.525975259866987,-0.09606035687026604
state_EMA_5_1d,20,-0.36328082056990374,-0.04467643731338888,-0.14592874399100675,-0.22886826610605512,-0.13441255446384862
state_EMA_5_1d,40,-0.1990287348543835,-0.033398803677770976,-0.10324890037804753,-0.09461771259489274,-0.10441102225949075
state_EMA_5_1d,60,-0.10236119546166472,-0.03198960336442144,-0.09266437794828342,-0.006238291794776561,-0.09612290366688817
state_EMA_5_1d,120,-0.054327235188934,-0.05298382544499353,-0.1409113706162334,0.09121996702850414,-0.14554720221743814
ROLLING_SKEW_10_1d,1,-6.591542102909046,0.005633779332997663,0.024177514346167658,-6.579007007318511,-0.012535095590535228
ROLLING_SKEW_10_1d,5,-1.447204380722225,0.019558613578745825,0.08029112608964528,-1.5049373483893664,0.05773296766714142
ROLLING_SKEW_10_1d,20,-0.2747885020335115,0.01927824209269648,0.07693508854782294,-0.3479924230214643,0.07320392098795281
ROLLING_SKEW_10_1d,40,-0.08082232096330803,0.032922435166986015,0.12134888937855057,-0.20493717488169771,0.12411485391838968
ROLLING_SKEW_10_1d,60,-0.04279836879808841,0.04778019354026401,0.1609742287092917,-0.21071387553589588,0.16791550673780747
ROLLING_SKEW_10_1d,120,0.05509944066548294,0.05617272139508123,0.15827533506081545,-0.11294680132118622,0.16804624198666915
state_CURRENT_DRAWDOWN_1d,1,-4.439513405868664,0.025576425869300354,0.11995702965809311,-4.3995473163061725,-0.03996608956249137
state_CURRENT_DRAWDOWN_1d,5,-0.48162193948660875,0.021716415215301803,0.09815149488616909,-0.5488660275728942,0.0672440880862854
state_CURRENT_DRAWDOWN_1d,20,-0.11071374580071983,0.012477647071764464,0.054175200266688685,-0.16214763550286745,0.05143388970214763
state_CURRENT_DRAWDOWN_1d,40,-0.031281146037296405,0.010197645407472755,0.03989360088490369,-0.07147887228350153,0.04019772624620512
state_CURRENT_DRAWDOWN_1d,60,0.012159269900664793,0.010146369141688406,0.03663096521375541,-0.025843197910124526,0.03800246781078932
state_CURRENT_DRAWDOWN_1d,120,0.023508515211504752,0.022485158612088645,0.07012053611418038,-0.05044227136213545,0.07395078657364021
fund_days_since_report_1d,1,-3.204240634093366,-0.0012209611944242482,-0.009353756615574766,-3.2099746507832982,0.005734016689932453
fund_days_since_report_1d,5,-0.6467579989940918,-0.004821790358500181,-0.03423590145934322,-0.6246243127810007,-0.022133686213091086
fund_days_since_report_1d,20,-0.09063998796517322,-0.013144102076521348,-0.08228318174312298,-0.01307588017714536,-0.07756410778802786
fund_days_since_report_1d,40,-0.11061547167623702,-0.01099228728071579,-0.06251511729620199,-0.047386006512143385,-0.06322946516409364
fund_days_since_report_1d,60,-0.10655745912213807,-0.028933109237590876,-0.1358381836826908,0.03517879519405216,-0.14173625431619025
fund_days_since_report_1d,120,-0.0800112199214027,-0.09935418094944318,-0.32446366415652533,0.28596248098120625,-0.36597370090260894
MARKET_PREMIUM_1d,1,-5.578537411597455,-0.04606468498574011,-0.15000060647783756,-5.733103330362633,0.15456591876517844
MARKET_PREMIUM_1d,5,-1.6489912943911584,-0.04676055798601719,-0.14618244784775913,-1.5690296943117163,-0.07996160007944209
MARKET_PREMIUM_1d,20,-0.4346189156440669,-0.03382555923532443,-0.10590691901605181,-0.33619532702097504,-0.09842358862309186
MARKET_PREMIUM_1d,40,-0.2271627844647302,-0.02476082323729505,-0.07057099116346312,-0.1560784704429344,-0.0710843140217958
MARKET_PREMIUM_1d,60,-0.14650125212515117,-0.01928817165148148,-0.051756145289308164,-0.09294272939894971,-0.05355852272620146
MARKET_PREMIUM_1d,120,-0.06633192020188187,-0.03681560575783821,-0.0861162240383869,0.02152750176534944,-0.08785942196723132
returns_1d,1,-5.538682015606921,-0.04404868836328969,-0.14387069323467122,-5.6838492933733455,0.1451672777664248
returns_1d,5,-1.6036918372065927,-0.04705718376005974,-0.14725698582439176,-1.523047251422615,-0.0806445857839777
returns_1d,20,-0.38818117135234925,-0.03430611448534338,-0.10735141534386813,-0.28818401901556606,-0.09999715233678319
returns_1d,40,-0.20171299984573238,-0.02462650846564557,-0.07042896649851389,-0.1306073462438278,-0.07110565360190457
returns_1d,60,-0.12118428067486947,-0.014698883801623826,-0.03918129672006846,-0.08049893751281913,-0.040685343162050344
returns_1d,120,-0.05725786763078754,-0.02880340189068836,-0.06779969250485327,0.012303375358755439,-0.06956124298954297
state_MAX_DRAWDOWN_1d,1,-4.552313572322818,0.02563760978437785,0.12059003830064123,-4.513135266092897,-0.039178306229921134
state_MAX_DRAWDOWN_1d,5,-0.47852576172345956,0.022523595151976914,0.1014686732892932,-0.5479933979734111,0.0694676362499515
state_MAX_DRAWDOWN_1d,20,-0.09864011520096941,0.014755956119898944,0.06383971326746339,-0.15921064732963133,0.060570532128661925
state_MAX_DRAWDOWN_1d,40,-0.010781044076204036,0.01228349639793908,0.04832894192038937,-0.0594432105804622,0.04866216650425817
state_MAX_DRAWDOWN_1d,60,0.023646334609873785,0.01116022545230115,0.04041390466365749,-0.01841547534528979,0.04206180995516358
state_MAX_DRAWDOWN_1d,120,0.03471552121568249,0.025966146726528114,0.08152397292996806,-0.051086184737367875,0.08580170595305037
is_significant_1d,1,-3.295503631180156,0.053094111947197126,0.24165716287735395,-3.2472340701337554,-0.04826956104640079
is_significant_1d,5,-0.5071013760820403,0.05418977033835153,0.2364592015796919,-0.6822409827555104,0.17513960667347006
is_significant_1d,20,-0.0032766945597589685,0.05509700318788843,0.2318758610738123,-0.22947794451863923,0.22620124995888027
is_significant_1d,40,0.09170149784729818,0.054500170095055485,0.2116177496298511,-0.12902285245899306,0.22072435030629123
is_significant_1d,60,0.11565719554827639,0.05975937320546722,0.20529495833307349,-0.10420939637712673,0.21986659192540312
is_significant_1d,120,0.10427812386792759,0.05903551006130659,0.18860904470666542,-0.09525177971431319,0.19952990358224076
state_volume_sma_5_1d,1,-5.822318635572493,0.006934419120903664,0.03299198631179698,-5.805749834083258,-0.01656880148923534
state_volume_sma_5_1d,5,-1.243685756836045,0.005646590849913574,0.026836359067040613,-1.2619058612356446,0.018220104399599535
state_volume_sma_5_1d,20,-0.3075770674717179,0.0004429936244646538,0.0019990969513447436,-0.30945472086999637,0.001877653398278445
state_volume_sma_5_1d,40,-0.15404886445680158,-0.004698514909617441,-0.01839935274697263,-0.13562651739644288,-0.018422347060358696
state_volume_sma_5_1d,60,-0.10397874013953019,-0.006579054042711657,-0.022746072054618736,-0.0800094467864071,-0.02396929335312309
state_volume_sma_5_1d,120,-0.07295005192842696,-0.03900648662655384,-0.1085385258915624,0.04474688905591054,-0.1176969409843375
volume_roc_1d,1,-6.353351831517695,0.006090154937254573,0.028245259721822614,-6.338990149036414,-0.014361682481280447
volume_roc_1d,5,-1.1463322873436883,0.0009068635197832224,0.004096885754792021,-1.1490332143685946,0.002700927024906319
volume_roc_1d,20,-0.25726442421093504,0.0010646393577134583,0.004485879147895122,-0.26148456523247954,0.004220141021544499
volume_roc_1d,40,-0.11700973231933813,-0.0012804870129991556,-0.00477981913889825,-0.11220589138801436,-0.004803840931323772
volume_roc_1d,60,-0.08924174007153159,-0.007209910172707354,-0.023992813161190188,-0.06454121929579741,-0.024700520775734175
volume_roc_1d,120,-0.060518463431327656,-0.03648825134206203,-0.0980064754643529,0.04279959254988459,-0.10331805598121224
state_volatility_20_1d,1,-5.408759092647631,0.009546135926811772,0.04860759607062559,-5.386058108002957,-0.02270098464467374
state_volatility_20_1d,5,-1.0170568211366906,-0.0011053800820135893,-0.005427333671929863,-1.0135090478475692,-0.00354777328912137
state_volatility_20_1d,20,-0.2665775044105577,0.0018597012217666299,0.008896977989596192,-0.2749499030881107,0.008372398677552961
state_volatility_20_1d,40,-0.16342277316860918,-0.006943899245698649,-0.030966907458384964,-0.13168389759023205,-0.031738875578377124
state_volatility_20_1d,60,-0.08182669474502523,-0.007482370331496404,-0.031197421205168427,-0.04962582210690078,-0.03220087263812445
state_volatility_20_1d,120,-0.06483460328533283,-0.02511110642214846,-0.08955400755651476,0.030717628848761763,-0.0955522321340946
state_volume_sma_10_1d,1,-6.430165593334678,0.0110578201007398,0.054922996589509394,-6.406992150626454,-0.023173442708223746
state_volume_sma_10_1d,5,-1.2028856400158534,0.0003332449264455449,0.001560193265009275,-1.2039059896424316,0.0010203496265781542
state_volume_sma_10_1d,20,-0.3185573544784811,-0.0068331326739874245,-0.029310804967067238,-0.29137862821634186,-0.02717872626213924
state_volume_sma_10_1d,40,-0.1447490469112795,-0.011304237509473326,-0.04314136544492084,-0.10127372211345173,-0.04347532479782776
state_volume_sma_10_1d,60,-0.07415244475144651,-0.006168780121786996,-0.02046717438909422,-0.052977677377932374,-0.02117476737351414
state_volume_sma_10_1d,120,-0.05686995535451836,-0.05292512996405577,-0.13969953060151744,0.09944271058724212,-0.15631266594176046
CDL_UPPER_WICK_RATIO_1d,1,-4.4019333867119945,0.0015654545739657638,0.0066998441363775064,-4.39802555975232,-0.003907826959674843
CDL_UPPER_WICK_RATIO_1d,5,-0.7881973259724694,0.00020569188921356146,0.0008700141599936828,-0.7887693688734416,0.0005720429009722361
CDL_UPPER_WICK_RATIO_1d,20,-0.16946896305525944,-0.0067552619720674814,-0.02710570943835887,-0.14400596788191086,-0.025462995173348574
CDL_UPPER_WICK_RATIO_1d,40,-0.06731044280139646,-0.001977925745585274,-0.007220501183989357,-0.060043978392790555,-0.007266464408605906
CDL_UPPER_WICK_RATIO_1d,60,-0.027236803445532014,-0.003806221317624158,-0.012811369606661894,-0.013944219008083255,-0.01329258443744876
CDL_UPPER_WICK_RATIO_1d,120,-0.014111799867254813,-0.0054679700146455235,-0.01571649840353313,0.0023860076751696943,-0.016497807542424508
state_ATR_14_1d,1,-6.028149167130717,-0.0017516688256725285,-0.007886284046181491,-6.033052811905602,0.004903644774884697
state_ATR_14_1d,5,-1.2244606324031249,-0.014974198331172174,-0.06510002679769135,-1.1841387910820345,-0.0403218413210904
state_ATR_14_1d,20,-0.33395206703045494,-0.02170871529324632,-0.0898088403365443,-0.2501086801423483,-0.08384338688810661
state_ATR_14_1d,40,-0.17927110009666447,-0.03121307322614444,-0.1137003064441974,-0.06370306797133286,-0.11556803212533161
state_ATR_14_1d,60,-0.12037510939270878,-0.027341446907141784,-0.08852458559431942,-0.027921420849865687,-0.09245368854284308
state_ATR_14_1d,120,-0.11344135930402333,-0.06669424627859874,-0.17941168258957066,0.08373335005727206,-0.19717470936129539
state_BB_Upper_1d,1,-4.948538841929516,-0.03472630030572397,-0.13579530312262475,-5.076771612226034,0.1282327702965178
state_BB_Upper_1d,5,-1.1023320880138952,-0.04450939213608722,-0.1627802414738125,-1.0080816945881454,-0.0942503934257497
state_BB_Upper_1d,20,-0.35035183502227596,-0.029284593720169148,-0.10742644671109611,-0.2508195600673755,-0.09953227495490047
state_BB_Upper_1d,40,-0.25421240696355274,-0.03915147462380257,-0.13020434874325756,-0.12420549132780054,-0.1300069156357522
state_BB_Upper_1d,60,-0.11095740757271731,-0.042314608066362586,-0.13016480904643046,0.023000687054810776,-0.13395809462752808
state_BB_Upper_1d,120,-0.0372173139696943,-0.05808982421706366,-0.15128528760604087,0.12530896172928987,-0.16252627569898417
context_velocity_1d,1,-7.050352191369838,-0.004794718448311111,-0.02618644674054099,-7.068435739948513,0.01808354857867478
context_velocity_1d,5,-1.4895625709548608,-0.009077378263721873,-0.047348850688059156,-1.459991324623542,-0.02957124633131869
context_velocity_1d,20,-0.4564925913127783,-0.00764816639594719,-0.03806339616720017,-0.4211058017460406,-0.035386789566737686
context_velocity_1d,40,-0.23639470382226252,-0.00977302702325402,-0.04158132178703295,-0.194034712384013,-0.042359991438249534
context_velocity_1d,60,-0.22038073329091393,-0.0017877417715664158,-0.006923064403678569,-0.21328309858004796,-0.007097634710865969
context_velocity_1d,120,-0.1564214842503485,-0.024631620906127458,-0.07949522635470475,-0.07237769959193117,-0.08404378465841732
volatility_5_1d,1,-3.650181334951245,0.2358215693262942,0.6523180057050216,-4.30122303458145,0.6510416996302051
volatility_5_1d,5,-0.2878638261308657,0.2416953029394175,0.6328496830247934,-0.9103613667870378,0.6224975406561721
volatility_5_1d,20,0.38642491336092905,0.2505411140512959,0.6323263585213985,-0.26574540674968106,0.6521703201106102
volatility_5_1d,40,0.5087471722177701,0.2892798804830633,0.6738818903976673,-0.23148925700628542,0.7402364292240555
volatility_5_1d,60,0.5138603542608018,0.32453502402813056,0.7010235661381262,-0.2853334805529256,0.7991938348137274
volatility_5_1d,120,0.5029965268835002,0.3945175586754868,0.7518224022444578,-0.38280629656973014,0.8858028234532302
market_context_volatility_5d_1d,1,-3.6519458466820733,0.2302658502152106,0.6418691932205433,-4.261925970768428,0.6099801240863547
market_context_volatility_5d_1d,5,-0.2878837454504729,0.2421447726831224,0.6341504714587716,-0.9130517100715678,0.6251679646210949
market_context_volatility_5d_1d,20,0.38690746220173766,0.25119813068380675,0.6325073543461124,-0.26653678124767055,0.6534442434494082
market_context_volatility_5d_1d,40,0.5095911781829903,0.2900519521315469,0.6735413141831345,-0.23050112614096677,0.740092304323957
market_context_volatility_5d_1d,60,0.511523168709348,0.32461453090683856,0.7007538668649197,-0.2884898559239208,0.8000130246332688
market_context_volatility_5d_1d,120,0.5016315782953241,0.394165643177392,0.751622215588942,-0.38240109048800974,0.8840326687833339
VOLATILITY_5_1d,1,-3.6519458466820733,0.2302658502152106,0.6418691932205433,-4.261925970768428,0.6099801240863547
VOLATILITY_5_1d,5,-0.2878837454504729,0.2421447726831224,0.6341504714587716,-0.9130517100715678,0.6251679646210949
VOLATILITY_5_1d,20,0.38690746220173766,0.25119813068380675,0.6325073543461124,-0.26653678124767055,0.6534442434494082
VOLATILITY_5_1d,40,0.5095911781829903,0.2900519521315469,0.6735413141831345,-0.23050112614096677,0.740092304323957
VOLATILITY_5_1d,60,0.511523168709348,0.32461453090683856,0.7007538668649197,-0.2884898559239208,0.8000130246332688
VOLATILITY_5_1d,120,0.5016315782953241,0.394165643177392,0.751622215588942,-0.38240109048800974,0.8840326687833339
state_LEVEL_DIST_SUPPORT_20_1d,1,-5.669102030876856,-0.02156768826869146,-0.10880721830463007,-5.768417082668467,0.09931505179161082
state_LEVEL_DIST_SUPPORT_20_1d,5,-1.4793589800081444,-0.020218426535097787,-0.09984389520732011,-1.4204010342565867,-0.05895794575155766
state_LEVEL_DIST_SUPPORT_20_1d,20,-0.34791660884529285,-0.012023068898558217,-0.0578791982444696,-0.2938516434435684,-0.05406496540172445
state_LEVEL_DIST_SUPPORT_20_1d,40,-0.1880483936833247,-0.007327229035493571,-0.03286020286834905,-0.15478113965994664,-0.03326725402337807
state_LEVEL_DIST_SUPPORT_20_1d,60,-0.145752625226227,-0.00225687862868682,-0.009465072699843905,-0.13594911223257472,-0.009803512993652286
state_LEVEL_DIST_SUPPORT_20_1d,120,-0.038483043677479074,0.0021639486552173953,0.008326956555292529,-0.04730962665730068,0.008826582979821605
state_LEVEL_POSITION_20_1d,1,-5.797739628687246,-0.020481458863758822,-0.10097418263414518,-5.888217051594157,0.09047742290691119
state_LEVEL_POSITION_20_1d,5,-1.5238074658411658,-0.015755478761881464,-0.07585161538188562,-1.477664328745596,-0.04614313709556983
state_LEVEL_POSITION_20_1d,20,-0.36941058812282623,-0.010719328764386861,-0.050353589031500695,-0.32216248831118255,-0.047248099811643685
state_LEVEL_POSITION_20_1d,40,-0.18485768254124252,-0.004985722798713731,-0.02199792597043603,-0.1625269658750422,-0.022330716666200318
state_LEVEL_POSITION_20_1d,60,-0.12626532211143837,0.0010532355913402181,0.0043476194104011484,-0.13079978773901796,0.004534465627579587
state_LEVEL_POSITION_20_1d,120,-0.026002437518513076,0.005222744291937448,0.0199502294995733,-0.04701010107182669,0.021007663553313613
market_return_1d,1,-4.534838079841767,0.04489941619390533,0.14749577744393327,-4.495806990905373,-0.03903108893639384
market_return_1d,5,-0.47465866589767,0.04483172804481906,0.14124343000122988,-0.573675135053415,0.09901646915574508
market_return_1d,20,-0.15662738802232218,0.031235561233591277,0.09800741142569042,-0.25062526268278973,0.09399787466046755
market_return_1d,40,-0.06145260774341542,0.020772961601349123,0.059373362388937534,-0.12177734728618428,0.06032473954276886
market_return_1d,60,-0.04722931231219774,0.010216308146796015,0.02719120075005365,-0.07555922766881701,0.028329915356619266
market_return_1d,120,-0.021190602024684094,0.02327237754975756,0.054750158608152626,-0.07747735994910904,0.056286757924424946
state_LAG_1_1d,1,-5.297717263755148,-0.027983279555999753,-0.09930332775928268,-5.3837116650049675,0.0859944012498195
state_LAG_1_1d,5,-1.5421129923528276,-0.03457771831730838,-0.12252953183509709,-1.471890166987805,-0.07022282536502256
state_LAG_1_1d,20,-0.3289540772999268,-0.025176064229390557,-0.08740132130137045,-0.24749032987230066,-0.08146374742762616
state_LAG_1_1d,40,-0.147937653879226,-0.0133819704898244,-0.04222016411067962,-0.10519620765195951,-0.042741446227266486
state_LAG_1_1d,60,-0.07976821995942364,-0.01319844113216264,-0.03826249908426757,-0.04036426633674929,-0.03940395362267435
state_LAG_1_1d,120,-0.026731522866523673,-0.024430780441734634,-0.061624187688783034,0.03721006013440162,-0.06394158300092528
state_RSI_14_1d,1,-5.498507338951807,-0.023959441192086917,-0.09346864209993011,-5.578824855484372,0.08031751653256514
state_RSI_14_1d,5,-1.5736810159648997,-0.02340658142822244,-0.08758842612676766,-1.5214391952843445,-0.05224182068055527
state_RSI_14_1d,20,-0.4055057817148528,-0.009187483025296135,-0.03426258974606761,-0.37340563925648007,-0.03210014245837273
state_RSI_14_1d,40,-0.19774307802043437,-0.009593320497944414,-0.032998732856810854,-0.16461575516439517,-0.0331273228560392
state_RSI_14_1d,60,-0.12160823658865337,-0.005538221079747545,-0.01785443104865134,-0.10309618465990142,-0.018512051928751952
state_RSI_14_1d,120,-0.04564921622411948,-0.005715167587389063,-0.016566581284997356,-0.028397740349631568,-0.01725147587448791
market_context_price_to_ma20_1d,1,-4.914994192164582,-0.09435642461397822,-0.27456642783058366,-5.282190595934004,0.3671964037694222
market_context_price_to_ma20_1d,5,-1.2885438465380177,-0.10199033758311479,-0.29175860516657964,-1.1461304012447364,-0.14241344529328126
market_context_price_to_ma20_1d,20,-0.3128425658972075,-0.07519291050205718,-0.21872659981390755,-0.10907800264840754,-0.20376456324879993
market_context_price_to_ma20_1d,40,-0.19253727337204768,-0.0621779254659316,-0.16636656290132873,-0.025780594363539643,-0.16675667900850805
market_context_price_to_ma20_1d,60,-0.08301845196836238,-0.06739456767471975,-0.16700425555630635,0.09126040895333572,-0.1742788609216981
market_context_price_to_ma20_1d,120,-0.04548316546155829,-0.06726715789910487,-0.15667966825534632,0.11741392537186286,-0.16289709083342116
state_peer_volatility_1d,1,-6.1787219329714675,0.0069914514069815805,0.03313267326095241,-6.162291774884852,-0.01643015808661552
state_peer_volatility_1d,5,-1.1837299871087916,-0.001676944698180544,-0.007411240460617121,-1.1788215605492074,-0.004908426559584234
state_peer_volatility_1d,20,-0.2817765202760374,0.0010884338825771763,0.004491811927575949,-0.2860092775126831,0.0042327572366457344
state_peer_volatility_1d,40,-0.13278435430515287,-0.001102091751774841,-0.004089441777363265,-0.1285528012193986,-0.004231553085754264
state_peer_volatility_1d,60,-0.09791305868257259,-0.0008354591096727317,-0.002773503121184986,-0.09497415728974537,-0.002938901392827223
state_peer_volatility_1d,120,-0.03830559045299206,0.001635436220542691,0.0045235205992781675,-0.04321093931325428,0.0049053488602622194
state_is_significant_decayed_1d,1,-7.339750346441409,0.013166971947286457,0.07537958326642309,-7.315486215999348,-0.024264130442061216
state_is_significant_decayed_1d,5,-1.4039325073217779,0.01959035692123619,0.1066938058109211,-1.4830081182512367,0.0790756109294588
state_is_significant_decayed_1d,20,-0.3933503321304899,0.013366043654357708,0.06900879487644061,-0.45942417855215983,0.06607384642166991
state_is_significant_decayed_1d,40,-0.20099096162638608,0.015873571766751304,0.07481945679245904,-0.27759425623056344,0.07660329460417736
state_is_significant_decayed_1d,60,-0.11755001205210888,0.029988739705761557,0.12778394946341223,-0.2510892262445684,0.13353921419245954
state_is_significant_decayed_1d,120,-0.0421443944241484,0.033720412840852594,0.12780555147073208,-0.17765542753053867,0.1355110331063903
price_volume_trend_1d,1,-5.726791604366912,-0.03118321957024602,-0.10773360386108255,-5.825120163443685,0.09832855907677374
price_volume_trend_1d,5,-1.6261676925413888,-0.030184128495706217,-0.09923555714188384,-1.56846162784379,-0.05770606469759887
price_volume_trend_1d,20,-0.4165759491794511,-0.024027650031502677,-0.07705118569529616,-0.3443043494659259,-0.0722715997135252
price_volume_trend_1d,40,-0.24389794498563405,-0.020898987672738387,-0.060815828797364246,-0.18229921469192828,-0.06159873029370577
price_volume_trend_1d,60,-0.1428578799166197,-0.012244835530272176,-0.03294548849191431,-0.1086414875666352,-0.034216392349984484
price_volume_trend_1d,120,-0.06912966780808544,-0.027250896411053098,-0.06438839359745127,-0.0027513758680319514,-0.06637829194005349
CCI_1d,1,-5.061461811517925,-0.07536037257991524,-0.239445299439132,-5.360591562492979,0.29912975097505345
CCI_1d,5,-1.4592454382026456,-0.08813415946951722,-0.27362739550034443,-1.3295936842231764,-0.12965175397946926
CCI_1d,20,-0.412256730469971,-0.07048536220699228,-0.22297569735768452,-0.20756484076248588,-0.20469188970748514
CCI_1d,40,-0.27752517427210277,-0.052902191812252954,-0.15184445718489806,-0.1260902448173717,-0.15143492945473108
CCI_1d,60,-0.1491709250442442,-0.054719561338179505,-0.1477520728486925,0.0041862055914384895,-0.15335713063568268
CCI_1d,120,-0.1121394922770388,-0.07458197971179761,-0.1851008371637645,0.08135032421154702,-0.19348981648858582
state_low_1d,1,-4.717910514074683,-0.03332225509932105,-0.12366910405265452,-4.828934454765842,0.11102394069115906
state_low_1d,5,-1.3656386500146296,-0.02825981241635153,-0.10045602218789984,-1.306536745247998,-0.059101904766631685
state_low_1d,20,-0.2790450575537191,-0.02167773736065385,-0.07402686147988592,-0.20973116998117214,-0.06931388757254697
state_low_1d,40,-0.12773102852988877,-0.009982418242087603,-0.03153273947112104,-0.09578198505230577,-0.031949043477583
state_low_1d,60,-0.05043449249388645,-0.0014613067787843585,-0.00423996525553746,-0.04602501627455326,-0.004409476219333193
state_low_1d,120,-0.01030872613724899,-0.015222843347495662,-0.03994031466345096,0.03133919270859782,-0.041647918845846815
state_SMA_5_1d,1,-5.09019922500162,-0.05248308607788539,-0.17552083203626467,-5.277084427853834,0.18688520285221344
state_SMA_5_1d,5,-1.5355859898088733,-0.05480907662924744,-0.1826178129293275,-1.4396600988848558,-0.09592589092401749
state_SMA_5_1d,20,-0.3741344218587491,-0.04553978041220406,-0.14939968576941579,-0.23651726597942288,-0.13761715587932624
state_SMA_5_1d,40,-0.2152059017365099,-0.029771839877028222,-0.09246426063141225,-0.12110564444454144,-0.09410025729196847
state_SMA_5_1d,60,-0.1145919831584368,-0.03477107216076799,-0.09971854210686934,-0.010630232388468204,-0.1039617507699686
state_SMA_5_1d,120,-0.04338418761365775,-0.03876472516090715,-0.10148467214498286,0.06232563879033057,-0.10570982640398832
peer_breadth_1d,1,-4.87672991200563,-0.027022653618361855,-0.09821262518975415,-4.959438139703558,0.0827082276979274
peer_breadth_1d,5,-1.0264545514256114,-0.024188174856411473,-0.08238496756359438,-0.9753828305391039,-0.051071720886507466
peer_breadth_1d,20,-0.24090743441202914,-0.010333373208032712,-0.033934274289872834,-0.20909636665058176,-0.031811067761447376
peer_breadth_1d,40,-0.11567451740868107,-0.007872678999947418,-0.023438352134375003,-0.09202766672578966,-0.023646850682891407
peer_breadth_1d,60,-0.07859286593897395,-0.003993852255870718,-0.011076249420984596,-0.06713355700112558,-0.01145930893784837
peer_breadth_1d,120,-0.04227630106648766,-0.024980312381768326,-0.061338339281972215,0.018717258397101706,-0.060993559463589364
state_EMA_100_1d,1,-4.597145825214232,-0.1023455567396944,-0.32391382850380823,-5.063857598292086,0.4667117730778534
state_EMA_100_1d,5,-1.188539162153884,-0.11589380887213227,-0.34674257304998585,-1.0232801369870521,-0.165259025166832
state_EMA_100_1d,20,-0.43074816984587183,-0.12759407927646715,-0.38155667717389097,-0.07838161172694605,-0.3523665581189258
state_EMA_100_1d,40,-0.294083493883618,-0.11606884002299774,-0.34419811989571963,0.055169822048243056,-0.34925331593186104
state_EMA_100_1d,60,-0.23303314111613263,-0.09446940097872977,-0.28347782309256236,0.06343728460298183,-0.29647042571911447
state_EMA_100_1d,120,-0.15906688095079188,-0.028451582298247062,-0.08693915263336123,-0.07309822155695214,-0.08596865939383974
ROLLING_KURT_20_1d,1,-6.538441082350036,-0.0016075194999356902,-0.007195594426950993,-6.5429134674541505,0.004472385104114629
ROLLING_KURT_20_1d,5,-1.2122310000721648,-0.00403504234970053,-0.017208691310709873,-1.201063769450363,-0.011167230621801805
ROLLING_KURT_20_1d,20,-0.3425906382735123,-0.004605661636854363,-0.01862001313692434,-0.3251672883118801,-0.01742334996163225
ROLLING_KURT_20_1d,40,-0.2241036636129552,-0.002638749378896424,-0.009926048739203004,-0.21415477105028163,-0.009948892562673561
ROLLING_KURT_20_1d,60,-0.13047883704149701,-0.010202656820550217,-0.03500779541336532,-0.09453573666882467,-0.03594310037267234
ROLLING_KURT_20_1d,120,-0.03969431154432232,0.00142634777364053,0.004309415103844304,-0.04408219569597023,0.004387884151647911
state_EMA_10_1d,1,-5.112779524581443,-0.0673526863391221,-0.22553947481410988,-5.386440000804945,0.273660476223502
state_EMA_10_1d,5,-1.4816979890650939,-0.06698453136788513,-0.22297368549617025,-1.3691590522553219,-0.112538936809772
state_EMA_10_1d,20,-0.3786779932785564,-0.05999840576378832,-0.1959246254854181,-0.19809906613655767,-0.18057892714199872
state_EMA_10_1d,40,-0.25437340822487947,-0.05267509323352632,-0.16115902331143064,-0.09324347329476387,-0.1611299349301156
state_EMA_10_1d,60,-0.12190768387014311,-0.05389074724392453,-0.15270858031814796,0.03835525958128822,-0.16026294345143133
state_EMA_10_1d,120,-0.08745403316159157,-0.08101599236646627,-0.21251327685123422,0.13227292709855534,-0.21972696026014693
state_Stoch_D_1d,1,-5.766899751389587,-0.008458020241818836,-0.03544868229662019,-5.791738343369099,0.02483859197951155
state_Stoch_D_1d,5,-1.5179574252990995,-0.0066856465680978795,-0.02651769066040211,-1.5009898632885494,-0.016967562010550052
state_Stoch_D_1d,20,-0.38507726994853253,-0.0013005314972401939,-0.004959756747477979,-0.3803735721398478,-0.004703697808684737
state_Stoch_D_1d,40,-0.15500144436824087,0.003457730569314114,0.01203634838123019,-0.1673013218814446,0.012299877513203716
state_Stoch_D_1d,60,-0.10870563511862512,0.011416262735933356,0.03709466018911541,-0.14842941546365182,0.0397237803450267
state_Stoch_D_1d,120,-0.03566958766010318,0.009722512309176945,0.029115988347913787,-0.06682214281323526,0.031152555153132075
MOMENTUM_ZSCORE_1d,1,-6.096258519963322,-0.023303361442150256,-0.08331825947166185,-6.167527778072786,0.0712692581094645
MOMENTUM_ZSCORE_1d,5,-1.7200029565092376,-0.022251598915442976,-0.07630922084099592,-1.6743056793497675,-0.04569727715947014
MOMENTUM_ZSCORE_1d,20,-0.4517062613453697,-0.0086444648488651,-0.029719426847406867,-0.4237677312252262,-0.027938530120143468
MOMENTUM_ZSCORE_1d,40,-0.22017771273756023,-0.0066415591990170095,-0.021183810085354037,-0.19874076826361348,-0.021436944473946756
MOMENTUM_ZSCORE_1d,60,-0.15343290139851298,-0.003954645105825095,-0.011962671084810325,-0.14107149639007932,-0.012361405008433662
MOMENTUM_ZSCORE_1d,120,-0.07052961543682533,-0.009977045169131366,-0.026010014665138432,-0.043843906233110214,-0.026685709203715116
gk_volatility_1d,1,-3.5177149386874813,0.24425010965956045,0.6814412565722582,-4.249659088708201,0.7319441500207198
gk_volatility_1d,5,-0.1771586296692821,0.2535828895970107,0.6740542630671655,-0.840978434021299,0.6638198043520169
gk_volatility_1d,20,0.4635378745151601,0.2635182082461235,0.6715499144026532,-0.22632545102151522,0.6898633255366753
gk_volatility_1d,40,0.5772454141140558,0.2962971014188587,0.6888530189040672,-0.15794766034340918,0.7351930744574651
gk_volatility_1d,60,0.5489465960332734,0.3263721247584002,0.7101465182801616,-0.24598017852390308,0.7949267745571765
gk_volatility_1d,120,0.54090498563491,0.40995973069488256,0.76657606934497,-0.3559862010210516,0.8968911866559616
state_SMA_10_1d,1,-5.071886504549878,-0.05619407091530157,-0.19306077791543305,-5.286799337028508,0.21491283247862913
state_SMA_10_1d,5,-1.2814149072440297,-0.06536027747645823,-0.21977152379114062,-1.1646709007735223,-0.11674400647050742
state_SMA_10_1d,20,-0.29032786513780817,-0.0521995731077666,-0.16930864115208,-0.13264758885928937,-0.1576802762785188
state_SMA_10_1d,40,-0.19801843236648634,-0.04409445648633507,-0.13206281611188553,-0.06596838722815962,-0.13205004513832672
state_SMA_10_1d,60,-0.08351901348779003,-0.04642785002244534,-0.1282365743577466,0.05093811217409058,-0.13445712566188062
state_SMA_10_1d,120,-0.052544025054923824,-0.06127782932362742,-0.15832129002640566,0.11261311853151482,-0.16515714358643863
RSI_VELOCITY_1d,1,-5.857963023557723,-0.025212746105349165,-0.08699072987166,-5.93247316123206,0.0745101376743369
RSI_VELOCITY_1d,5,-1.7331919010421584,-0.025786113210304325,-0.0864595656451626,-1.6826730209788772,-0.0505188800632812
RSI_VELOCITY_1d,20,-0.44923747862878294,-0.02033272833145303,-0.06816404056773481,-0.38646576468009597,-0.06277171394868697
RSI_VELOCITY_1d,40,-0.23865206716278306,-0.01024503536069945,-0.032426310175435964,-0.20609292949828903,-0.03255913766449403
RSI_VELOCITY_1d,60,-0.15043269776795956,-0.004192185772989561,-0.012353755732335277,-0.13766207247561288,-0.012770625292346682
RSI_VELOCITY_1d,120,-0.07145911527552104,-0.021196778472879606,-0.055242851615830584,-0.015173239309852333,-0.05628587596566871
peer_return_1d,1,-4.718062748308191,-0.02980206252388681,-0.10659564197758115,-4.809208111351848,0.0911453630436565
peer_return_1d,5,-0.9644375799873813,-0.02347586417384698,-0.07875337139800621,-0.9153042595159174,-0.049133320471463904
peer_return_1d,20,-0.2015497129179388,-0.0070151888688703,-0.022925607077433154,-0.1799333736724477,-0.021616339245491112
peer_return_1d,40,-0.09866244450520631,-0.0041483517817220835,-0.01244261538669677,-0.0859934965567314,-0.01266894794847491
peer_return_1d,60,-0.04210258783993943,0.009867558818386015,0.02754584172539997,-0.07040214803923915,0.028299560199299724
peer_return_1d,120,-0.014411604531406712,-0.012974586052424904,-0.03183428665834163,0.01746538293303664,-0.031876987464443354
state_atr_14_1d,1,-6.090679148234609,0.0024370107762048164,0.011325182004813581,-6.084296835763123,-0.006382312471486351
state_atr_14_1d,5,-1.2068960963048148,-0.011158305978616716,-0.04890179121870187,-1.1761969859260701,-0.03069911037874462
state_atr_14_1d,20,-0.32540521074655726,-0.015572460387690031,-0.06660823035824465,-0.2637383419822841,-0.061666868764273186
state_atr_14_1d,40,-0.159675025417007,-0.025120034229216378,-0.09358165885922985,-0.0656931129923378,-0.09398191242466922
state_atr_14_1d,60,-0.08587983718585497,-0.026951412646988495,-0.09202387622961886,0.009265215142479894,-0.09514505232833487
state_atr_14_1d,120,-0.06384389021719082,-0.062691001476146,-0.16913324860189372,0.11848842075174854,-0.18233231096893937
state_VELOCITY_10_1d,1,-5.390969355071507,0.005761019778625051,0.0386229911841336,-5.371880839112572,-0.019088515958935126
state_VELOCITY_10_1d,5,-1.126640377873338,0.0008370694916043681,0.005416674758032272,-1.130235437222491,0.0035950593491529403
state_VELOCITY_10_1d,20,-0.32628154604164006,-0.004604575871078635,-0.02749469070272483,-0.3004139640400555,-0.025867582001584566
state_VELOCITY_10_1d,40,-0.13525109129311713,-0.002318696082177174,-0.012110431660448168,-0.12237869170661901,-0.01287239958649812
state_VELOCITY_10_1d,60,-0.0686148853826866,0.0021305093605708566,0.010382542896203675,-0.08016576390760835,0.011550878524921745
state_VELOCITY_10_1d,120,-0.05137310597762147,-0.011316010545415664,-0.04758980817549653,0.0016741286067653792,-0.05304723458438685
state_high_1d,1,-4.974127264632852,-0.039111959949276964,-0.14394243530066037,-5.113456710114915,0.13932944548206283
state_high_1d,5,-1.5392759720511564,-0.03665229082970506,-0.13100333991133828,-1.4650518667218562,-0.07422410532930024
state_high_1d,20,-0.36686617364011365,-0.030699619048605707,-0.1069623604700514,-0.26810187558171245,-0.0987642980584012
state_high_1d,40,-0.20383965082460187,-0.023648116010742345,-0.07446800866106558,-0.12919017228654733,-0.07464947853805454
state_high_1d,60,-0.12038061750848071,-0.020198403835192887,-0.05874096996718424,-0.05971110108850223,-0.06066951641997848
state_high_1d,120,-0.06493059790921694,-0.034959986742248865,-0.09086402425088164,0.02873708843396876,-0.0936676863431857
state_AATR_14_1d,1,-6.217527442436883,-0.0063275578736551276,-0.031284686799187465,-6.239289869475203,0.021762427038320098
state_AATR_14_1d,5,-1.3844571970102193,-0.01539141557775205,-0.07249262470150482,-1.3401405648273925,-0.044316632182826776
state_AATR_14_1d,20,-0.3539038971231162,-0.01764140157333985,-0.07877966017182166,-0.28053739831938407,-0.07336649880373214
state_AATR_14_1d,40,-0.16990764874855158,-0.02478475746021173,-0.09594342030968649,-0.07156521643947107,-0.0983424323090805
state_AATR_14_1d,60,-0.130534016180282,-0.032593992525096926,-0.11430517070554325,-0.012156211158742818,-0.11837780502153916
state_AATR_14_1d,120,-0.10656915826047977,-0.057810620090753655,-0.16784676061003254,0.07703252495297033,-0.1836016832134501
state_open_1d,1,-5.441223009101527,-0.035955488761265184,-0.13314556030785982,-5.570441114188928,0.12921810508740172
state_open_1d,5,-1.4935467191268255,-0.030834227905118375,-0.10988236297278768,-1.4292249557101062,-0.06432176341671925
state_open_1d,20,-0.34483218323522136,-0.025343439139664414,-0.08795996966297356,-0.2636367029734744,-0.08119548026174694
state_open_1d,40,-0.16676449358392315,-0.017801167894897427,-0.05668439771187184,-0.10971242124046346,-0.05705207234345969
state_open_1d,60,-0.09639031423419331,-0.014131068017083841,-0.04179762179728294,-0.05339341450837864,-0.04299689972581467
state_open_1d,120,-0.029690667851262464,-0.013366128235489083,-0.035474941962356434,0.0073703137583747335,-0.037060981609637195
MACD_1d,1,-5.3127669232329655,-0.09408585804901962,-0.2971231763039329,-5.750128569887938,0.43736164665497235
MACD_1d,5,-1.3331965864307258,-0.10318769098119288,-0.31504955202871576,-1.1859588710551545,-0.1472377153755713
MACD_1d,20,-0.7144617388598278,-0.10691081703934983,-0.32586898526666247,-0.43249464893409917,-0.2819670899257286
MACD_1d,40,-0.5711967079115128,-0.10753985429270901,-0.3149213334899498,-0.2659255429914135,-0.30527116492009926
MACD_1d,60,-0.4689411166042875,-0.12569211664477978,-0.3459500861099167,-0.1253969218554081,-0.34354419474887943
MACD_1d,120,-0.37903130530813056,-0.12438105291395511,-0.3000652919515699,-0.06877112659966043,-0.3102601787084701
macro_composite_score_1d,1,-7.296954128599698,-0.0024461040369892196,-0.012162854256518037,-7.3047679060444946,0.007813777444796166
macro_composite_score_1d,5,-1.4902314287190705,-0.00615976702328291,-0.028803321113829935,-1.4718326566440176,-0.018398772075052916
macro_composite_score_1d,20,-0.24052638074586424,0.00877976806564917,0.03715437076727404,-0.27564336732099365,0.035116986575129405
macro_composite_score_1d,40,-0.13402081320876177,0.010499396189352264,0.041176284897487585,-0.17618663521272726,0.042165822003965486
macro_composite_score_1d,60,-0.06817678208304599,0.007662360552449327,0.027211798458345402,-0.09630523285945335,0.028128450776407354
macro_composite_score_1d,120,0.02103095585611296,-0.008816849962522182,-0.028001598233392103,0.049053761353180556,-0.028022805497067597
state_peer_return_excess_1d,1,-5.578647363169351,0.0007989194936907405,0.0048506724718455786,-5.575812236141495,-0.0028351270278559326
state_peer_return_excess_1d,5,-0.9436945864947649,-0.0031335782149066924,-0.017920919194468313,-0.9319743998725107,-0.011720186622254158
state_peer_return_excess_1d,20,-0.18994650889266904,-0.002932212344638699,-0.015990726861610034,-0.17487489216710025,-0.015071616725568782
state_peer_return_excess_1d,40,-0.05180992498316463,-0.00244934790712445,-0.012511041845902555,-0.03923776167364319,-0.01257216330952144
state_peer_return_excess_1d,60,-0.01036596884963562,0.0014073507182395153,0.006496486434370684,-0.017183734162378773,0.0068177653127431525
state_peer_return_excess_1d,120,0.024754005910001802,0.008752785778193996,0.03599631902808284,-0.013605072983412887,0.03835907889341469
Williams_R_1d,1,-5.5636019279247755,-0.0890399006825261,-0.28226657675991856,-5.975381468284819,0.41177954036004394
Williams_R_1d,5,-1.6495724395466087,-0.09670035932626955,-0.3040311536303281,-1.5214243427035608,-0.12814809684304795
Williams_R_1d,20,-0.47681134518195945,-0.08442232379352677,-0.26573568985916524,-0.23528839705597707,-0.24152294812598238
Williams_R_1d,40,-0.3240735871828993,-0.07585471692675327,-0.21907292436605535,-0.10567972241013043,-0.21839386477276887
Williams_R_1d,60,-0.23241140585413647,-0.0890862045270907,-0.24290937568414797,0.01769115946278355,-0.25010256531692004
Williams_R_1d,120,-0.1813134560768323,-0.10966382377764325,-0.27097575055096534,0.10323625051424419,-0.2845497065910765
Stoch_K_1d,1,-5.5636019279247755,-0.0890399006825261,-0.28226657675991856,-5.975381468284819,0.41177954036004394
Stoch_K_1d,5,-1.6495724395466087,-0.09670035932626955,-0.3040311536303281,-1.5214243427035608,-0.12814809684304795
Stoch_K_1d,20,-0.47681134518195945,-0.08442232379352677,-0.26573568985916524,-0.23528839705597707,-0.24152294812598238
Stoch_K_1d,40,-0.3240735871828993,-0.07585471692675327,-0.21907292436605535,-0.10567972241013043,-0.21839386477276887
Stoch_K_1d,60,-0.23241140585413647,-0.0890862045270907,-0.24290937568414797,0.01769115946278355,-0.25010256531692004
Stoch_K_1d,120,-0.1813134560768323,-0.10966382377764325,-0.27097575055096534,0.10323625051424419,-0.2845497065910765
state_MARKET_PREMIUM_1d,1,-5.866747462298509,0.009509404495126444,0.05958906439873012,-5.841493307035275,-0.025254155263233713
state_MARKET_PREMIUM_1d,5,-1.1158780911760178,0.004922493499570424,0.030600520342675793,-1.136612707223435,0.02073461604741733
state_MARKET_PREMIUM_1d,20,-0.3585735675807461,0.008284483673568903,0.04798625259336205,-0.40431604436929736,0.045742476788551256
state_MARKET_PREMIUM_1d,40,-0.18759299792945786,0.0033002363007103128,0.016786912676169923,-0.20476516172876189,0.01717216379930403
state_MARKET_PREMIUM_1d,60,-0.1069032608533699,-0.0020892049711658863,-0.009608605944185238,-0.09660436400919815,-0.010298896844171748
state_MARKET_PREMIUM_1d,120,-0.01664700254815454,-0.0003173643332853112,-0.0012687956270232672,-0.015230707024917666,-0.0014162955232368737
state_MOMENTUM_ZSCORE_1d,1,-5.6153553887835495,0.0060909628109788614,0.03619765647473684,-5.597377266771784,-0.017978122011765407
state_MOMENTUM_ZSCORE_1d,5,-1.0992346323314803,0.006152895375799628,0.036884685260844,-1.124171116056077,0.02493648372459667
state_MOMENTUM_ZSCORE_1d,20,-0.2317077072326153,0.007084057850289044,0.039618400540599626,-0.2692110968198166,0.037503389587201286
state_MOMENTUM_ZSCORE_1d,40,-0.09956670828499516,0.00413460908415987,0.02093980791574722,-0.12111188750118343,0.021545179216188273
state_MOMENTUM_ZSCORE_1d,60,-0.032851458985167115,0.0093131777972728,0.04451826818878054,-0.08037415038975614,0.04752269140458902
state_MOMENTUM_ZSCORE_1d,120,0.035548935968963996,0.028890686033226406,0.128052224064988,-0.0978458434086814,0.13339477937764538
CDL_BODY_RATIO_1d,1,-6.7471979176295465,0.005576830751774483,0.02481847452478155,-6.734430735617482,-0.012767182012064282
CDL_BODY_RATIO_1d,5,-1.4940915247711217,0.005272559011350621,0.02242917665651839,-1.509257053941239,0.015165529170117376
CDL_BODY_RATIO_1d,20,-0.36966698631630085,0.01093858376760369,0.044863826348325045,-0.4122844253448002,0.04261743902849935
CDL_BODY_RATIO_1d,40,-0.22837342970353794,-0.0006299810695951619,-0.002385067519642073,-0.2259505649119015,-0.0024228647916364476
CDL_BODY_RATIO_1d,60,-0.14673817625860536,-0.003225128061919504,-0.011310502896460347,-0.13509202714640395,-0.01164614911220141
CDL_BODY_RATIO_1d,120,-0.06125168690266492,-0.009454755998019789,-0.028031653358656945,-0.03243632661968461,-0.02881536028298031
context_velocity_rank_1d,1,-7.443931316512216,0.03512764576020789,0.17851709143345915,-7.456959839379311,0.01302852286709566
context_velocity_rank_1d,5,-1.229404359081806,0.03287003167895338,0.15755509213216487,-1.3499074501192023,0.12050309103739631
context_velocity_rank_1d,20,-0.05300025986018716,0.05146703358019232,0.2379446659585789,-0.28419931053203823,0.23119905067185106
context_velocity_rank_1d,40,0.13923932082125728,0.06805635096887923,0.2728881784082097,-0.14337477528357828,0.28261409610483557
context_velocity_rank_1d,60,0.11315928228349637,0.08524526150049276,0.3034919351801803,-0.21393079701552342,0.3270900792990198
context_velocity_rank_1d,120,0.11924505831927781,0.06611013094933911,0.22240992860419123,-0.10832745572311,0.22757251404238782
state_EMA_20_1d,1,-4.9419578443532215,-0.07893872793474185,-0.2594722253282367,-5.277888062488739,0.33593021813551793
state_EMA_20_1d,5,-1.2977037569966874,-0.08219696336088855,-0.26440642176031987,-1.1648841336486473,-0.1328196233480401
state_EMA_20_1d,20,-0.3684837780616822,-0.07679740888645933,-0.24787203185439946,-0.13873430162672876,-0.22974947643495344
state_EMA_20_1d,40,-0.2728073076948477,-0.06916764543642812,-0.20793777581935774,-0.06423290052266865,-0.208574407172179
state_EMA_20_1d,60,-0.1352516320954527,-0.06585073997135978,-0.18243127203862927,0.0580316270194226,-0.19328325911487532
state_EMA_20_1d,120,-0.10561475621177499,-0.0753559660489039,-0.19709075400383724,0.09904884028807294,-0.20466359649984794
state_LAG_5_1d,1,-5.474821543199012,-0.02201058640251403,-0.08283539288685053,-5.5434088311587875,0.06858728795977509
state_LAG_5_1d,5,-1.1207648801212042,-0.023389100370421644,-0.0846256964221473,-1.068880707603467,-0.05188417251773725
state_LAG_5_1d,20,-0.22921942150033034,-0.017168029238657144,-0.060767944668197446,-0.17240837603943138,-0.05681104546089896
state_LAG_5_1d,40,-0.10879438785727151,-0.014341096851465965,-0.04651558834221178,-0.061957021659505916,-0.046837366197765594
state_LAG_5_1d,60,-0.04832847949795591,-0.016546880094293042,-0.049762040437058626,0.0029172353360887872,-0.0512457148340447
state_LAG_5_1d,120,-0.011072772474499339,-0.026512960247010286,-0.0685692847724812,0.06003173951618265,-0.07110451199068199
state_volatility_5_1d,1,-6.0227620363198,0.005944113159977521,0.03128692072140093,-6.006993072593179,-0.015768963726620733
state_volatility_5_1d,5,-1.188371905478613,-0.002559391099971307,-0.012658147370794634,-1.1800995992398198,-0.00827230623879327
state_volatility_5_1d,20,-0.29456818304670895,-0.001375399550495721,-0.006576132354616939,-0.2883922808248151,-0.0061759022218938475
state_volatility_5_1d,40,-0.13590410298528974,-0.002876217064703448,-0.012729929821785413,-0.12302790046983639,-0.01287620251545335
state_volatility_5_1d,60,-0.07650264307452738,0.0007634718383433783,0.0030772478221885954,-0.07968314893567638,0.0031805058611489995
state_volatility_5_1d,120,-0.053710821450299394,-0.008250179695291019,-0.028328865733366473,-0.023296922096177404,-0.03041389935412199
state_close_1d,1,-5.262012266482284,-0.031183225750688864,-0.11570489781821694,-5.36725275544219,0.10524048895990656
state_close_1d,5,-1.519645448211087,-0.033659636204579575,-0.1196041784627857,-1.4512650104711622,-0.06838043773992486
state_close_1d,20,-0.34362437727555994,-0.023245569732508912,-0.07991684055571514,-0.2688414565620673,-0.07478292071349263
state_close_1d,40,-0.1572941619204719,-0.01461024323629314,-0.04543748867952397,-0.11113335286713337,-0.04616080905333854
state_close_1d,60,-0.08454536899612154,-0.008088659081344741,-0.023355534978971807,-0.060467070538262085,-0.024078298457859457
state_close_1d,120,-0.024508417855970133,-0.018160973817824413,-0.046263874591296286,0.0236541710489512,-0.04816258890492133
CDL_OUTSIDE_BAR_1d,1,-4.411341211242562,-0.00404320849175941,-0.032394601579535116,-4.433039979017711,0.021698767775149008
CDL_OUTSIDE_BAR_1d,5,-1.0110245661308759,-0.006746566188870445,-0.05301469439260366,-0.9774141093191687,-0.03361045681170716
CDL_OUTSIDE_BAR_1d,20,-0.2823490756462803,-0.00698138126317747,-0.05232297676481806,-0.23286230419518467,-0.049486771451095646
CDL_OUTSIDE_BAR_1d,40,-0.15079187634623273,-0.0037184251399153376,-0.02504549133208911,-0.12440689750279207,-0.026384978843440654
CDL_OUTSIDE_BAR_1d,60,-0.12648809752834278,-0.004562774145144893,-0.028292843800223257,-0.09536557023255736,-0.03112252729578542
CDL_OUTSIDE_BAR_1d,120,-0.09423619332498753,-0.002331483355511758,-0.012251477492700788,-0.07965662246129684,-0.014579570863690688
state_fund_days_since_report_1d,1,-3.3732072805898774,-0.001558083290307426,-0.015851623863046962,-3.383111694160445,0.009904413570567705
state_fund_days_since_report_1d,5,-0.7240353905199252,-0.0030647732027042664,-0.02728165570277257,-0.7062988563604817,-0.01773653415944343
state_fund_days_since_report_1d,20,-0.08194310186865687,0.003344548165834672,0.02804552314080167,-0.1086315293025778,0.026688427433920928
state_fund_days_since_report_1d,40,0.12169573246310375,0.0010649780102367661,0.007971412469000409,0.11344417798726077,0.008251554475842984
state_fund_days_since_report_1d,60,0.12269541239329546,0.013518429738409951,0.07808847607618202,0.03308083034541604,0.08961458204787942
state_fund_days_since_report_1d,120,0.09726242727927947,0.0217330360625475,0.10614391064433239,-0.029762100551664308,0.12702452783094378
CDL_DOJI_1d,1,-4.770731830024214,-0.004674860183085454,-0.03992161867925994,-4.7984303782932205,0.027698548269006196
CDL_DOJI_1d,5,-1.0326506980924492,-0.0035215838312840347,-0.028676164094664267,-1.014196530339865,-0.01845416775258424
CDL_DOJI_1d,20,-0.30369844239925115,-0.003871208829979973,-0.030207810120766673,-0.27533889016928603,-0.028359552229965113
CDL_DOJI_1d,40,-0.13703709837747194,-0.002073164963913247,-0.014460693343072612,-0.12228683473801745,-0.014750263639454489
CDL_DOJI_1d,60,-0.1003178602401496,-0.0004160460337358906,-0.0025906457177621843,-0.09757347965121997,-0.002744380588929632
CDL_DOJI_1d,120,-0.07291109321068984,-0.0022347045573251905,-0.012101241311035774,-0.05962248826091463,-0.013288604949775205
LEVEL_BREAKOUT_UP_20_1d,1,-3.316950311445037,-0.013776617732001109,-0.10360792557525184,-3.397191265990767,0.08024095454572988
LEVEL_BREAKOUT_UP_20_1d,5,-1.0873892118202306,-0.017639928260724608,-0.13598528539873514,-1.0068190658197422,-0.0805701460004884
LEVEL_BREAKOUT_UP_20_1d,20,-0.3198617595376442,-0.014709772013426516,-0.1110662071507287,-0.21769505156513608,-0.1021667079725081
LEVEL_BREAKOUT_UP_20_1d,40,-0.21341952171816994,-0.016919224027064514,-0.11516911298448536,-0.09420354299976808,-0.11921597871840187
LEVEL_BREAKOUT_UP_20_1d,60,-0.12663697613718294,-0.01563489529033354,-0.09690247201632876,-0.01860530323261731,-0.10803167290456564
LEVEL_BREAKOUT_UP_20_1d,120,-0.09056725325521636,-0.0223310835177401,-0.13446567807169238,0.06195237505379646,-0.15251962830901283
state_LEVEL_DIST_RESISTANCE_20_1d,1,-5.781062801601088,0.025616298380083315,0.14762438693805494,-5.755846695271965,-0.025216106329122745
state_LEVEL_DIST_RESISTANCE_20_1d,5,-0.7764608555207706,0.021028342066770702,0.1206111120156739,-0.8623182374495114,0.08585738192874082
state_LEVEL_DIST_RESISTANCE_20_1d,20,-0.15864891620906302,0.01545954655551197,0.08457467179918633,-0.23974571632265013,0.08109680011358711
state_LEVEL_DIST_RESISTANCE_20_1d,40,-0.018600309238777125,0.018888375021751443,0.09526283593156334,-0.11562161119478916,0.09702130195601202
state_LEVEL_DIST_RESISTANCE_20_1d,60,-0.0018588126104330065,0.026554593406024975,0.12713093867485215,-0.1339875069886892,0.1321286943782562
state_LEVEL_DIST_RESISTANCE_20_1d,120,0.020021823049988716,0.03265698882836103,0.13945876031098642,-0.12099304518081483,0.14101486823080356
MACD_Signal_1d,1,-5.316786897181471,-0.08768591250383992,-0.2798437923125144,-5.712369341756739,0.39558244457526825
MACD_Signal_1d,5,-1.384715741413489,-0.0980776555202371,-0.2991231730140603,-1.2442863994623272,-0.14042934195116175
MACD_Signal_1d,20,-0.7712354024700676,-0.10751485052809873,-0.32744030715405065,-0.4907933335110831,-0.2804420689589845
MACD_Signal_1d,40,-0.5896258259981163,-0.10770837002854892,-0.3181329519812207,-0.28245674641754526,-0.30716907958057105
MACD_Signal_1d,60,-0.48958230902356276,-0.12157024214596426,-0.33778980973495143,-0.15414925161390605,-0.3354330574096567
MACD_Signal_1d,120,-0.3937057867978544,-0.13416252767749254,-0.32650610176854844,-0.051086316022456904,-0.3426194707753975
Stoch_D_1d,1,-5.520941656899853,-0.08983539447354132,-0.28582531495495694,-5.939658724088331,0.4187170671884779
Stoch_D_1d,5,-1.6117729492226012,-0.10372251342840177,-0.32317779811126784,-1.478214648970049,-0.13355830025255222
Stoch_D_1d,20,-0.47242848806241955,-0.09054139863263816,-0.28172225247440985,-0.21619134979416582,-0.25623713826825373
Stoch_D_1d,40,-0.345548811647488,-0.08362325240474794,-0.2383739515632457,-0.10924006954627093,-0.2363087421012171
Stoch_D_1d,60,-0.242921031815099,-0.09593945280649926,-0.2569610087131638,0.022053383151450015,-0.264974414966549
Stoch_D_1d,120,-0.1932752250116493,-0.12498293449538582,-0.30687046075770463,0.12940908318919492,-0.3226843082008442
state_significant_events_30d_1d,1,-4.404928583267504,-0.0011141353987542237,-0.006643266500906125,-4.408998578957328,0.004069995689824246
state_significant_events_30d_1d,5,-0.8385565647125495,0.0012930204926338027,0.007264689966984862,-0.8433898285274276,0.0048332638148781415
state_significant_events_30d_1d,20,-0.23147815440538003,0.003248755227271459,0.0172659147865923,-0.24782201387979103,0.016343859474411
state_significant_events_30d_1d,40,-0.0804001733193038,0.0015297017437660685,0.0073194444544170964,-0.08790420618466158,0.007504032865357779
state_significant_events_30d_1d,60,-0.03791558572411838,0.0013054547685024673,0.00564649803295072,-0.04383026315294454,0.005914677428826162
state_significant_events_30d_1d,120,-0.021457710944575093,-0.02034458440480988,-0.07389739641213573,0.062085889941267645,-0.08354360088584274
state_Stoch_K_1d,1,-6.188681521195594,-0.002188497464599207,-0.010909102835244851,-6.195573888144595,0.006892366949000639
state_Stoch_K_1d,5,-1.5659353866572172,-0.001477786981004911,-0.007149994489933776,-1.5612523177028865,-0.0046830689543306825
state_Stoch_K_1d,20,-0.3823449063194006,0.0024294463620399423,0.011352139636790937,-0.3931011516181516,0.010756245298751022
state_Stoch_K_1d,40,-0.19188519694515413,-0.0010738503940849698,-0.0045567623777075595,-0.18725867151410663,-0.004626525431047496
state_Stoch_K_1d,60,-0.12324097376611658,0.002694437617412137,0.01073982676738334,-0.1343300963985992,0.011089122632482615
state_Stoch_K_1d,120,-0.0609321145763344,-0.00520801064962258,-0.019341929902920184,-0.04091396873609536,-0.02001814584023904
state_peer_breadth_1d,1,-5.156974129208201,-0.014053424758959692,-0.06428541326528621,-5.206185813819705,0.04921168461150316
state_peer_breadth_1d,5,-1.0922663206876917,-0.018666485916553503,-0.08117799046117678,-1.042162972530293,-0.0501033481573987
state_peer_breadth_1d,20,-0.2287259148235,-0.013332114126073777,-0.05522859407253988,-0.17706956654206515,-0.05165634828143484
state_peer_breadth_1d,40,-0.12088913224358142,-0.01123438532129404,-0.043192816202242586,-0.0770751329225384,-0.04381399932104302
state_peer_breadth_1d,60,-0.07397068206917948,-0.006026183548484892,-0.02190998056926823,-0.051376115304409206,-0.02259456676477027
state_peer_breadth_1d,120,-0.03616275513591962,-0.017086671720018987,-0.05083080406160701,0.017670581362927974,-0.0538333364988476
fund_data_available_1d,1,-3.2821853224376687,-0.01038083464214173,-0.09924510976932538,-3.3581132950827244,0.07592797264505569
fund_data_available_1d,5,-0.6648740443217604,-0.015259613997621116,-0.14102202521279028,-0.5772877888303122,-0.08758625549144827
fund_data_available_1d,20,-0.1487450868646333,-0.01576630188275773,-0.15172848117862422,-0.004530681851107313,-0.144214405013526
fund_data_available_1d,40,-0.024546484394025264,-0.017780382624763696,-0.164347094918662,0.14301762874236834,-0.1675641131363936
fund_data_available_1d,60,0.02453145932064703,-0.012670365507964325,-0.1132803482007584,0.14137815584118016,-0.11684669652053313
fund_data_available_1d,120,0.028065544660053496,0.010950408848667702,0.07740363788515074,-0.049211731776598946,0.07727727643665244
state_CCI_1d,1,-5.280097323469753,0.009203261815347093,0.06376766871722271,-5.252654322054527,-0.027443001415226043
state_CCI_1d,5,-0.9610914672293797,0.002841882902584905,0.018500739567037867,-0.9734490874959377,0.012357620266558067
state_CCI_1d,20,-0.2743959875198724,0.0006374505920948366,0.003955558398026443,-0.2781349956227264,0.0037390081028540467
state_CCI_1d,40,-0.12197549037577708,-0.0036303080956834265,-0.019616722867914067,-0.10166169586474554,-0.020313794511031547
state_CCI_1d,60,-0.048818202414966226,-0.0002031306894046193,-0.0010391852298426674,-0.047713176132496406,-0.0011050262824698204
state_CCI_1d,120,-0.01931906708898412,0.004404160790718552,0.01911560473619557,-0.04002399765744595,0.02070493056846183
state_CDL_DOJI_1d,1,-3.6686277976138753,-0.000709889778199354,-0.007881539451830849,-3.6734550907549335,0.004827293141058231
state_CDL_DOJI_1d,5,-0.6745496036282239,-0.0004973495749026177,-0.005308665646638066,-0.6710475515224236,-0.003502052105800346
state_CDL_DOJI_1d,20,-0.14760634533825573,0.0014648226506224918,0.015215110361505408,-0.16207650241137836,0.01447015707312263
state_CDL_DOJI_1d,40,-0.1041652660490024,0.0014737591112915463,0.01369525106121728,-0.11859368667995178,0.014428420630949373
state_CDL_DOJI_1d,60,-0.05930004591374136,0.0001503111790677601,0.001289101284410871,-0.06072670533595378,0.0014266594222124146
state_CDL_DOJI_1d,120,-0.006502800096228392,-0.0042179190027106465,-0.02942462675797595,0.029545358001363174,-0.036048158097591564
context_stability_1d,1,-6.982877175103532,-0.07592365506999013,-0.3196237342526644,-7.5711623593234485,0.5882851842199166
context_stability_1d,5,-1.6676578245901212,-0.08402464826340908,-0.33963873097009756,-1.5351582530659773,-0.13249957152414393
context_stability_1d,20,-0.7210025887619167,-0.09193087274543801,-0.3611247407661394,-0.40978887146135073,-0.31121371730056596
context_stability_1d,40,-0.5297991991203879,-0.10305270621663198,-0.36895858184388675,-0.17353277839988024,-0.3562664207205076
context_stability_1d,60,-0.4564636608234307,-0.12104405976622708,-0.39283766660448055,-0.05684188872530426,-0.39962177209812644
context_stability_1d,120,-0.35411778775887615,-0.16629484010913229,-0.45153375505801413,0.12658462936571188,-0.48070241712458806
state_ABB_Upper_1d,1,-5.70179534719856,-0.02678746252626841,-0.11282578207600553,-5.8063404015773,0.10454505437873962
state_ABB_Upper_1d,5,-1.3544223231864116,-0.029339690290528554,-0.11832619031275592,-1.2847944761830106,-0.06962784700340108
state_ABB_Upper_1d,20,-0.36127874944135707,-0.02645174220530533,-0.10327341139001292,-0.2658277805069099,-0.09545096893444716
state_ABB_Upper_1d,40,-0.21250140949066226,-0.03300092796152496,-0.11442349847601842,-0.09791455323813224,-0.11458685625253003
state_ABB_Upper_1d,60,-0.10271935302692993,-0.038669715677757316,-0.12199546180721256,0.024372840479530474,-0.1270921935064604
state_ABB_Upper_1d,120,-0.04034329272060751,-0.04714970640580083,-0.13655527686390673,0.10219037550880038,-0.14253366822940788
state_SMA_50_1d,1,-4.755428843570307,-0.07113382135471233,-0.23524510312422017,-5.037477859450268,0.2820490158799611
state_SMA_50_1d,5,-1.0260211403512258,-0.08305520217383398,-0.256728169467071,-0.886574455819472,-0.1394466845317538
state_SMA_50_1d,20,-0.32027321950193216,-0.10384419284389801,-0.31192243550954896,-0.02858427525499843,-0.2916889442469337
state_SMA_50_1d,40,-0.1741749843318999,-0.10296212107780683,-0.29740339408450006,0.13186352877619834,-0.30603851310809826
state_SMA_50_1d,60,-0.16049001249304834,-0.08986457734875468,-0.2508258999731626,0.10026593015468573,-0.26075594264773405
state_SMA_50_1d,120,-0.02830124744715458,-0.015120508589218856,-0.0411896584367993,0.013496388207220563,-0.041797635654375144
state_ROLLING_VOL_10_1d,1,-5.365355164521842,0.0017976601325996283,0.008895515256076849,-5.360247688990146,-0.005107475531695549
state_ROLLING_VOL_10_1d,5,-1.1639745396555545,0.004272462980851236,0.020867293140649723,-1.1780275750416345,0.014053035386079937
state_ROLLING_VOL_10_1d,20,-0.27300411452294626,0.0002323382258549452,0.0011041313227874096,-0.2740432392301298,0.0010391247071835363
state_ROLLING_VOL_10_1d,40,-0.13059114207840947,-0.00504972252965645,-0.02194477459656476,-0.10850002040692983,-0.02209112167147964
state_ROLLING_VOL_10_1d,60,-0.0676310533323459,-0.0035928384128848193,-0.014244685785157092,-0.052821962877688054,-0.014809090454657843
state_ROLLING_VOL_10_1d,120,-0.052964059916507315,-0.015993611709788105,-0.05453300468383949,0.0054097729490546,-0.058373832865561914
fund_current_ratio_1d,1,-2.341703615509736,0.03562003496838771,0.24957475324328324,-2.2641031116919796,-0.0776005038177563
fund_current_ratio_1d,5,-0.2250345621489629,0.03931944684576828,0.26399353615457033,-0.4136811289247774,0.18864656677581448
fund_current_ratio_1d,20,0.19149854573751163,0.04791660088369606,0.2952911370162484,-0.09101589225612616,0.2825144379936378
fund_current_ratio_1d,40,0.2607445210762525,0.07035867755293049,0.35441396089697774,-0.11520402085448758,0.3759485419307401
fund_current_ratio_1d,60,0.24478793916128877,0.10004864621282593,0.4217376482570338,-0.2385578490611769,0.48334578822246566
fund_current_ratio_1d,120,0.14926615210374766,0.12529061957715287,0.43516102989449573,-0.3824247503072947,0.5316909024110423
state_BB_Lower_1d,1,-5.2478985513698255,-0.04616496873470596,-0.17374740418269566,-5.434457008753182,0.18655845738335675
state_BB_Lower_1d,5,-1.0615530032297276,-0.040145387476801304,-0.14878269730391058,-0.9739916721712479,-0.08756133105847963
state_BB_Lower_1d,20,-0.3278005589089265,-0.026010854772617036,-0.09669958933111832,-0.23812150857293785,-0.08967905033598866
state_BB_Lower_1d,40,-0.11598043848211068,-0.017704876537509906,-0.06039695014818002,-0.054962021409573236,-0.06101841707253744
state_BB_Lower_1d,60,-0.03952228761778605,-0.015707275291629512,-0.05024177066368781,0.012770779755646656,-0.0522930673734327
state_BB_Lower_1d,120,-0.000286062859449245,0.0028429421549345754,0.007636348101591691,-0.008231577578557135,0.00794551471910789
CDL_HAMMER_1d,1,-3.9674665020357573,0.0021151975613367996,0.025163962282613802,-3.9536703181912207,-0.013796183844536625
CDL_HAMMER_1d,5,-0.703506620391472,-2.7809507930793373e-05,-0.00031682725790482764,-0.7032993793417035,-0.0002072410497685473
CDL_HAMMER_1d,20,-0.14461474460851742,-0.002757693095074958,-0.031121202060359603,-0.11507057057791081,-0.029544174030606607
CDL_HAMMER_1d,40,-0.06420211626070946,-0.0014473645254971515,-0.014365732263254728,-0.04872840671097055,-0.01547370954973891
CDL_HAMMER_1d,60,-0.03973268352697888,0.0027786072192458673,0.02481095120472166,-0.06846753879902093,0.028734855272042045
CDL_HAMMER_1d,120,-0.04034500725332756,0.005961822060688754,0.04312987211779894,-0.09617697141983082,0.05583196416650326
state_BB_Middle_1d,1,-4.864149717000783,-0.0707364444110425,-0.24150986075567077,-5.1613583498733195,0.29720863287253696
state_BB_Middle_1d,5,-0.9452729907527612,-0.0737053026363854,-0.24104477761944512,-0.8109373196989372,-0.13433567105382394
state_BB_Middle_1d,20,-0.3237814670663967,-0.05875377214955293,-0.19216358517731452,-0.1462383606179337,-0.17754310644846302
state_BB_Middle_1d,40,-0.20946996675537016,-0.05597800588271224,-0.16846758438699358,-0.04124195473449257,-0.1682280120208776
state_BB_Middle_1d,60,-0.06504630758161885,-0.04731435535022338,-0.13706892755810415,0.07867486947481359,-0.14372117705643245
state_BB_Middle_1d,120,-0.023434037198903426,-0.04005532342273104,-0.1034451972911496,0.08095516505243767,-0.1043892022513411
state_SMA_20_1d,1,-4.864149717000783,-0.0707364444110425,-0.24150986075567077,-5.1613583498733195,0.29720863287253696
state_SMA_20_1d,5,-0.9452729907527612,-0.0737053026363854,-0.24104477761944512,-0.8109373196989372,-0.13433567105382394
state_SMA_20_1d,20,-0.3237814670663967,-0.05875377214955293,-0.19216358517731452,-0.1462383606179337,-0.17754310644846302
state_SMA_20_1d,40,-0.20946996675537016,-0.05597800588271224,-0.16846758438699358,-0.04124195473449257,-0.1682280120208776
state_SMA_20_1d,60,-0.06504630758161885,-0.04731435535022338,-0.13706892755810415,0.07867486947481359,-0.14372117705643245
state_SMA_20_1d,120,-0.023434037198903426,-0.04005532342273104,-0.1034451972911496,0.08095516505243767,-0.1043892022513411
ARSI_14_1d,1,-5.531805208869761,-0.07485959347744646,-0.24444332618427983,-5.855622025166661,0.3238168162969002
ARSI_14_1d,5,-1.426825853134223,-0.08772325786672913,-0.27502418912885285,-1.296046486457322,-0.13077936667690104
ARSI_14_1d,20,-0.446052582638642,-0.07377640318564097,-0.23277562411046882,-0.23332810234215176,-0.21272448029649024
ARSI_14_1d,40,-0.2797755864451217,-0.06989297952087947,-0.20494444382610513,-0.07539168318381395,-0.20438390326130773
ARSI_14_1d,60,-0.1681563994576165,-0.07193625066221117,-0.19509173746177935,0.03412445733137078,-0.2022808567889873
ARSI_14_1d,120,-0.11922355712960127,-0.09630652620639062,-0.2373291564571283,0.12879985261205013,-0.24802340974165138
state_Williams_R_1d,1,-6.438480719695546,0.012220043128641863,0.0619295683934263,-6.413757623005881,-0.024723096689664992
state_Williams_R_1d,5,-1.1662020425458286,0.008396910254502968,0.04100339392229258,-1.1944686031129734,0.028266560567144827
state_Williams_R_1d,20,-0.26326701378091905,0.0021639193235533497,0.010233404289130542,-0.27293411708254534,0.00966710330162629
state_Williams_R_1d,40,-0.12962840141152682,-0.000640376313206825,-0.002757255074052782,-0.12685302359526696,-0.002775377816259861
state_Williams_R_1d,60,-0.0930241983403188,-0.0032250448792224507,-0.013139315102417587,-0.07961961861409882,-0.013404579726219987
state_Williams_R_1d,120,-0.05363284194891458,-0.005750719255746659,-0.019893692828162862,-0.03379886821090254,-0.019833973738012038
CDL_MARUBOZU_1d,1,-2.968449607560112,5.4376356568598137e-05,0.0005614120942041621,-2.968114348333965,-0.0003352592261469667
CDL_MARUBOZU_1d,5,-0.6204034715327462,0.0010047436951334076,0.010603450265983463,-0.6275040745091197,0.0071006029763734935
CDL_MARUBOZU_1d,20,-0.1991293091630501,0.003003287526968276,0.031158519659725065,-0.22897600160015216,0.029846692437102057
CDL_MARUBOZU_1d,40,-0.130553309826217,0.0018344349469548518,0.017366782193465678,-0.1488990412922358,0.01834573146601881
CDL_MARUBOZU_1d,60,-0.06109638217979522,0.004995619700015805,0.04235472497838767,-0.10815974336276551,0.0470633611829703
CDL_MARUBOZU_1d,120,-0.015041918816363482,0.00929157615448712,0.06471812973248842,-0.09711863768415183,0.08207671886778835
state_HURST_EXPONENT_1d,1,-6.243133167449525,0.002225186449033078,0.012802547346333558,-6.2359882625586,-0.007144904890925119
state_HURST_EXPONENT_1d,5,-1.246884428138427,0.004913594683340287,0.027239412403163063,-1.2653495621093376,0.01846513397091054
state_HURST_EXPONENT_1d,20,-0.33064732727168195,0.0018277655414523435,0.009837004023374528,-0.3399587013069567,0.009311374035274766
state_HURST_EXPONENT_1d,40,-0.13801226182758858,0.002414688264284998,0.01135930826289028,-0.1496064314352037,0.011594169607615112
state_HURST_EXPONENT_1d,60,-0.04151453671056505,0.006121447360775752,0.02715636743639403,-0.0697886823065042,0.028274145595939153
state_HURST_EXPONENT_1d,120,-0.02731572866891552,0.002660026647043256,0.010297687396888501,-0.038525929258912024,0.011210200589996503
state_VOLATILITY_5_1d,1,-5.791869434061185,-0.005555940457839596,-0.027668050134928904,-5.810639562488933,0.0187701284277475
state_VOLATILITY_5_1d,5,-1.2839049443021509,-0.002042372644427137,-0.009892814009917877,-1.277473979402275,-0.006430964899875935
state_VOLATILITY_5_1d,20,-0.32519518778372475,-0.0006195353932880429,-0.002930650540756273,-0.32244356202401825,-0.0027516257597064997
state_VOLATILITY_5_1d,40,-0.14796262510201366,-0.0037072128580609874,-0.016101859139981755,-0.13164089044676205,-0.016321734655251607
state_VOLATILITY_5_1d,60,-0.08402747671057915,9.051513330324562e-05,0.00035614300657689203,-0.08439823393791655,0.00037075722733739824
state_VOLATILITY_5_1d,120,-0.05308930664462857,-0.005774123964705648,-0.019494433405049173,-0.03208981076250125,-0.020999495882127316
state_ROLLING_VOL_20_1d,1,-5.090988178875537,0.002852229736604312,0.014726501195657129,-5.082732840017769,-0.008255338857767747
state_ROLLING_VOL_20_1d,5,-1.0169465053696372,0.002876606635707594,0.01420792894770396,-1.0264323684677237,0.009485863098086522
state_ROLLING_VOL_20_1d,20,-0.26114822578142316,1.4025478652749913e-05,6.698968529617092e-05,-0.2612114249950087,6.319921358555192e-05
state_ROLLING_VOL_20_1d,40,-0.1609376701293595,-0.006781217390503463,-0.03012418180840606,-0.13007142556819679,-0.030866244561162715
state_ROLLING_VOL_20_1d,60,-0.07479812826232193,-0.008054667079869031,-0.033430550615303936,-0.0401828305826618,-0.03461529767966013
state_ROLLING_VOL_20_1d,120,-0.06479343769113642,-0.02457451426740704,-0.08736862174638907,0.027832657894050688,-0.09262609558518711
state_VOLATILITY_20_1d,1,-5.090988178875537,0.002852229736604312,0.014726501195657129,-5.082732840017769,-0.008255338857767747
state_VOLATILITY_20_1d,5,-1.0169465053696372,0.002876606635707594,0.01420792894770396,-1.0264323684677237,0.009485863098086522
state_VOLATILITY_20_1d,20,-0.26114822578142316,1.4025478652749913e-05,6.698968529617092e-05,-0.2612114249950087,6.319921358555192e-05
state_VOLATILITY_20_1d,40,-0.1609376701293595,-0.006781217390503463,-0.03012418180840606,-0.13007142556819679,-0.030866244561162715
state_VOLATILITY_20_1d,60,-0.07479812826232193,-0.008054667079869031,-0.033430550615303936,-0.0401828305826618,-0.03461529767966013
state_VOLATILITY_20_1d,120,-0.06479343769113642,-0.02457451426740704,-0.08736862174638907,0.027832657894050688,-0.09262609558518711
CDL_ENGULFING_BULL_1d,1,-2.665715626043296,-0.0022661053352751813,-0.027460466643749803,-2.6831489510706863,0.017433325027390367
CDL_ENGULFING_BULL_1d,5,-0.7375848892359603,-0.0010703602931451323,-0.013138359358776488,-0.7290131182423476,-0.008571770993612726
CDL_ENGULFING_BULL_1d,20,-0.2172576521631863,-0.001985639440271072,-0.024187133927612844,-0.19446834375131444,-0.02278930841187185
CDL_ENGULFING_BULL_1d,40,-0.11861220440164413,-0.0027130397994775545,-0.029721250436364102,-0.08754451780771491,-0.031067686593929222
CDL_ENGULFING_BULL_1d,60,-0.0915598347847198,-0.0011410885661174636,-0.010938478398700496,-0.07888726120738905,-0.012672573577330745
CDL_ENGULFING_BULL_1d,120,-0.07345846527043709,0.00036216856284928384,0.0029519322034975218,-0.07748762676082524,0.00402916149038815
peer_count_1d,1,-5.89715460518941,-0.12179824217483237,-0.43200804125223397,-6.825261998669745,0.9281073934803352
peer_count_1d,5,-1.6900480887651512,-0.1364902312026898,-0.45404684758069275,-1.5607187165588812,-0.12932937220627005
peer_count_1d,20,-0.849047436768827,-0.1584927988416976,-0.4897207445168484,-0.4465182647062436,-0.4025291720625834
peer_count_1d,40,-0.6883947627032709,-0.2019568814525802,-0.5646372820789562,-0.14616888657142568,-0.5422258761318453
peer_count_1d,60,-0.6138684612893114,-0.23634964100532316,-0.6141910239111579,0.014770721528791397,-0.6286391828181028
peer_count_1d,120,-0.5188501883856637,-0.3061921315221321,-0.7115986994647631,0.2769283676678903,-0.795778556053554
state_obv_1d,1,-6.834142093971625,-0.01753108255321068,-0.0800202142277964,-6.904134439449894,0.06999234547826916
state_obv_1d,5,-1.7314984622563614,-0.016119439966868966,-0.07062316947305874,-1.6897838220319208,-0.0417146402244406
state_obv_1d,20,-0.4057935807143812,-0.012717493701637569,-0.05117709167865033,-0.3580282634521509,-0.04776531726223032
state_obv_1d,40,-0.1974751009687516,-0.004519333550139701,-0.016036505045197453,-0.18126207892011542,-0.016213022048636172
state_obv_1d,60,-0.10768597181228404,0.0026396388646572825,0.00842652959338459,-0.11665947132841302,0.008973499516128983
state_obv_1d,120,-0.03213360518705146,-0.004570299648782844,-0.012620924031961404,-0.019052306772915042,-0.013081298414136418
state_ROLLING_KURT_10_1d,1,-5.962085373402305,-0.0017724060777056902,-0.01259195485099074,-5.970088738876676,0.008003365474371193
state_ROLLING_KURT_10_1d,5,-1.1669981296559375,0.0032309093630631617,0.022570057263418652,-1.1821924758886855,0.015194346232747957
state_ROLLING_KURT_10_1d,20,-0.32233385422088345,-0.0001954331919471895,-0.0012693833225166768,-0.3211352592686457,-0.0011985949522377304
state_ROLLING_KURT_10_1d,40,-0.1781375645134114,-0.0007876770409532163,-0.004562486417935027,-0.17346573470810883,-0.004671829805302563
state_ROLLING_KURT_10_1d,60,-0.13575954316171682,-0.0010155556049889342,-0.005230428944487024,-0.13023453771877755,-0.005525005442939268
state_ROLLING_KURT_10_1d,120,-0.014908022166946413,-0.00126870831814516,-0.005538732298875196,-0.008739292849340219,-0.006168729317606194
state_significant_events_7d_1d,1,-4.0745186592913,-0.0005785296569342273,-0.00353495348415922,-4.076658048321488,0.002139389030188177
state_significant_events_7d_1d,5,-0.8321999151055188,-0.0006374500701743214,-0.00383543316902832,-0.829676878864201,-0.0025230362413177776
state_significant_events_7d_1d,20,-0.18712896923520356,0.003202983986888821,0.018041303051435833,-0.2043660027971051,0.017237033561901538
state_significant_events_7d_1d,40,-0.08567316806210934,-0.0014568190917803845,-0.007659445384845071,-0.07789842710630353,-0.007774740955805812
state_significant_events_7d_1d,60,-0.04613525335862431,-0.0020809059848307912,-0.010565369812361326,-0.03521222771227561,-0.0109230256463487
state_significant_events_7d_1d,120,-0.028691276433072767,-0.005408046599191713,-0.02251814557179567,-0.004957455564439941,-0.023733820868632825
state_significance_intensity_7d_1d,1,-4.081555754796324,-0.0006000972801277572,-0.0036694320084311575,-4.083777585342489,0.0022218305461647603
state_significance_intensity_7d_1d,5,-0.8337517191209212,-0.0006704876855496329,-0.004036070280804326,-0.8310970282930334,-0.002654690827887718
state_significance_intensity_7d_1d,20,-0.18799501614779385,0.003170224341272178,0.017860918636689913,-0.20505907618637625,0.017064060038582407
state_significance_intensity_7d_1d,40,-0.08612460128183044,-0.0014513146358983938,-0.007630723724222957,-0.07837902519766912,-0.007745576084161321
state_significance_intensity_7d_1d,60,-0.04624250094230833,-0.0020923232626373885,-0.010621107724433972,-0.035261276506227665,-0.010981224436080662
state_significance_intensity_7d_1d,120,-0.028600257463534902,-0.005437397733419566,-0.022638066657708792,-0.004740595130951015,-0.023859662332583888
state_RSI_VELOCITY_1d,1,-5.460548271434962,-0.00011129243450611554,-0.0007625110806247569,-5.461005844094561,0.0004575726595987817
state_RSI_VELOCITY_1d,5,-1.0286800533626952,-0.0014447557164893646,-0.009760181822489592,-1.0223201048209067,-0.006359948541788452
state_RSI_VELOCITY_1d,20,-0.1332001517780224,0.004756101365075145,0.03131085657217162,-0.1627899507121918,0.02958979893416938
state_RSI_VELOCITY_1d,40,0.0038458836161786385,0.004344619416337731,0.026275432391414433,-0.022924670434949657,0.026770554051128295
state_RSI_VELOCITY_1d,60,0.06408089892517282,0.004613405446961579,0.025943256418672265,0.03725329251903509,0.02682760640613773
state_RSI_VELOCITY_1d,120,0.09279897082194673,0.01627104774081298,0.08239206355560938,0.007754783489078819,0.08504418733286791
fund_debt_to_equity_1d,1,-2.7263530144848573,-0.005221562692702044,-0.05475499726826262,-2.763242111821974,0.03688909733711654
fund_debt_to_equity_1d,5,-0.8023402600526792,-0.007353815612621699,-0.0708055751039239,-0.7575099823129071,-0.044830277739772106
fund_debt_to_equity_1d,20,-0.4486587460474655,-0.012297739747498607,-0.10042498952803824,-0.35588509901718646,-0.09277364703027902
fund_debt_to_equity_1d,40,-0.3676113412070228,-0.026875875056940536,-0.17715392382365236,-0.1889424120742419,-0.17866892913278093
fund_debt_to_equity_1d,60,-0.31778085292684355,-0.051286178560029066,-0.2692160350199102,-0.02868474128041807,-0.28909611164642546
fund_debt_to_equity_1d,120,-0.2316735386226985,-0.11171881643369419,-0.4174407443285573,0.2573021723587372,-0.48897571098143566
state_ROLLING_KURT_20_1d,1,-5.596777668319047,-0.004023065268185224,-0.02858614664208441,-5.616167458031189,0.019389789712142225
state_ROLLING_KURT_20_1d,5,-1.1660185777699,0.00026379728373576424,0.001792161842433316,-1.1671983787388556,0.0011798009689556466
state_ROLLING_KURT_20_1d,20,-0.28457061755742047,-0.0018042089050378824,-0.011938094817667555,-0.2733340511099674,-0.011236566447453078
state_ROLLING_KURT_20_1d,40,-0.12121639082455271,-0.004610433771413833,-0.027654794920106814,-0.09340761858234296,-0.027808772242209748
state_ROLLING_KURT_20_1d,60,-0.11750894037645936,-0.007392961308177361,-0.03922974321689632,-0.07590476078944386,-0.0416041795870155
state_ROLLING_KURT_20_1d,120,-0.06178245603363912,-0.014238258728373013,-0.057298771577373314,0.003891044502487529,-0.06567350053612665
state_ABB_Mid_1d,1,-5.625746344867515,-0.0462540956323366,-0.1714068106090852,-5.814298040410604,0.18855169554308837
state_ABB_Mid_1d,5,-1.2630499241814728,-0.05133508112599526,-0.18524238643288152,-1.1608055196293912,-0.10224440455208161
state_ABB_Mid_1d,20,-0.27002683875893496,-0.042883300581315856,-0.15116801354581594,-0.1285941662814258,-0.14143267247750915
state_ABB_Mid_1d,40,-0.11003480321089124,-0.03884193331577686,-0.12288064766390176,0.014841523038397239,-0.12487632624928847
state_ABB_Mid_1d,60,-0.0162103024535391,-0.031562010400353425,-0.09248080280767984,0.08078712686378589,-0.096997429317325
state_ABB_Mid_1d,120,0.007178662673900558,-0.02993552560423302,-0.08454230505066242,0.09457900362303878,-0.08740034094913822
state_EMA_50_1d,1,-4.707799364865782,-0.09011702672354815,-0.29088951067683677,-5.102397345878589,0.3945979810128071
state_EMA_50_1d,5,-1.0975181497216329,-0.09852393392590188,-0.3045999217346761,-0.9412944112428534,-0.15622373847877946
state_EMA_50_1d,20,-0.37481270749978396,-0.10000165405904904,-0.3132830379874432,-0.08475720839420524,-0.2900554991055787
state_EMA_50_1d,40,-0.26014078603637614,-0.09668719953751027,-0.28411474213288335,0.026798952893312973,-0.2869397389296891
state_EMA_50_1d,60,-0.18482237037250354,-0.08261216448448298,-0.2314302141098539,0.05757542059746407,-0.2423977909699676
state_EMA_50_1d,120,-0.12563317400765053,-0.05931588363001383,-0.15524858906764386,0.036738461706013664,-0.1623716357136642
state_market_return_1d,1,-5.0193315314148945,0.0014293267276258494,0.01077964682739997,-5.013176529741832,-0.006155001673062266
state_market_return_1d,5,-1.0539340559311292,-0.001820700647301385,-0.013723850370576015,-1.0449956540715841,-0.008938401859545086
state_market_return_1d,20,-0.23387659088695623,-0.0001887491616988348,-0.0012661335823449615,-0.2326863674055272,-0.0011902234814290258
state_market_return_1d,40,-0.04665451828769674,0.0015002769402907875,0.009015974945446493,-0.0561121949744629,0.009457676686766163
state_market_return_1d,60,0.010079048518285671,0.00581181431486783,0.031299515565295984,-0.025479243153751215,0.03555829167203689
state_market_return_1d,120,-0.009369287563460988,0.00021364484831228785,0.0009481342375326223,-0.010469699455099587,0.0011004118916385988
state_volume_1d,1,-6.375479152079858,-0.0005025892687272867,-0.002567472223714279,-6.377035530572897,0.0015563784930385793
state_volume_1d,5,-1.2048725183711921,-0.0003574466787880409,-0.0017172797495302937,-1.2037475084825318,-0.0011250098886603777
state_volume_1d,20,-0.3334647729875154,-0.004733541451551428,-0.021233188927478504,-0.31364348833617967,-0.019821284651335758
state_volume_1d,40,-0.1674288158537091,-0.011956444074669953,-0.04626241274071135,-0.12014020685178373,-0.047288609001925386
state_volume_1d,60,-0.1059379662245036,-0.012461306375516039,-0.04419991905850994,-0.059642227691585815,-0.04629573853291779
state_volume_1d,120,-0.057641850566794765,-0.016429086883068305,-0.04784372769494746,-0.006733390894046389,-0.050908459672748374
market_context_rsi_current_1d,1,-5.144563504223361,-0.10151912126988161,-0.3088021266951349,-5.603071375271915,0.45850787104855417
market_context_rsi_current_1d,5,-1.3149102600760374,-0.11320044349189087,-0.3325464839801784,-1.1621753257301441,-0.15273493434589325
market_context_rsi_current_1d,20,-0.39954568817130964,-0.09840845260471559,-0.3000051222916483,-0.12254914889399707,-0.2769965392773126
market_context_rsi_current_1d,40,-0.27535006384197336,-0.08875600807424634,-0.2482138484593156,-0.02769656789352919,-0.24765349594844416
market_context_rsi_current_1d,60,-0.18428208822980513,-0.08792096102227595,-0.22911027834190797,0.05387589349158039,-0.23815798172138553
market_context_rsi_current_1d,120,-0.1384857774311808,-0.1040312755839181,-0.24810423276633828,0.11686316412721495,-0.2553489415583957
RSI_14_1d,1,-5.144563504223361,-0.10151912126988161,-0.3088021266951349,-5.603071375271915,0.45850787104855417
RSI_14_1d,5,-1.3149102600760374,-0.11320044349189087,-0.3325464839801784,-1.1621753257301441,-0.15273493434589325
RSI_14_1d,20,-0.39954568817130964,-0.09840845260471559,-0.3000051222916483,-0.12254914889399707,-0.2769965392773126
RSI_14_1d,40,-0.27535006384197336,-0.08875600807424634,-0.2482138484593156,-0.02769656789352919,-0.24765349594844416
RSI_14_1d,60,-0.18428208822980513,-0.08792096102227595,-0.22911027834190797,0.05387589349158039,-0.23815798172138553
RSI_14_1d,120,-0.1384857774311808,-0.1040312755839181,-0.24810423276633828,0.11686316412721495,-0.2553489415583957
state_VELOCITY_5_1d,1,-5.178932778815007,0.003634280573641079,0.0240424393009289,-5.16604859544381,-0.012884183371197011
state_VELOCITY_5_1d,5,-1.0632894218204956,0.005900730195964892,0.038169138230069066,-1.089185005418224,0.025895583597728367
state_VELOCITY_5_1d,20,-0.25856779931865725,0.002189769402602605,0.013642297022736918,-0.2714294801648643,0.012861680846207035
state_VELOCITY_5_1d,40,-0.13135816726994826,-0.008539143574640369,-0.04768695072711075,-0.08132479953890122,-0.05003336773104704
state_VELOCITY_5_1d,60,-0.08202627931413138,-0.01387638605616076,-0.06884914138881316,-0.005063186635793424,-0.07696309267833795
state_VELOCITY_5_1d,120,-0.027905124828760373,-0.015476342481984148,-0.0648648752693711,0.04430729940962694,-0.07221242423838731
state_market_breadth_1d,1,-5.563158897267293,-0.00026868264170905396,-0.0018731325860844217,-5.564288800554176,0.001129903286883227
state_market_breadth_1d,5,-1.2194880295362196,6.197879563788005e-05,0.0004324130510352999,-1.219772957429853,0.0002849278936334354
state_market_breadth_1d,20,-0.33198644680236317,-0.004773107491326383,-0.031093717514215212,-0.30280238265754217,-0.029184064144820998
state_market_breadth_1d,40,-0.1783959016537846,-0.007884565061693924,-0.0493388431290133,-0.12813415010100132,-0.050261751552783285
state_market_breadth_1d,60,-0.1328557701710303,-0.008811821447399027,-0.05335375306886444,-0.07721699697310634,-0.05563877319792397
state_market_breadth_1d,120,-0.04678091253772147,-0.004427395638151314,-0.02230498025879709,-0.022503104820850762,-0.02427780771687071
ABB_Upper_1d,1,-8.248642631415931,-0.03916168345344369,-0.17236307021013153,-8.478611772547666,0.2299691411317344
ABB_Upper_1d,5,-2.7548023794985474,-0.05607504781909778,-0.22682270430119286,-2.675422355378284,-0.07938002412026357
ABB_Upper_1d,20,-1.6683304209529168,-0.07331841242894994,-0.2742300497486228,-1.4673989792851205,-0.2009314416677963
ABB_Upper_1d,40,-1.3913906048966933,-0.10560728394619782,-0.35496833007105555,-1.1035466204832283,-0.28784398441346504
ABB_Upper_1d,60,-1.2030037288788111,-0.13979741549629351,-0.4179617360479082,-0.8525799957768646,-0.3504237331019465
ABB_Upper_1d,120,-1.0161678768081108,-0.22486474849556418,-0.547929782425835,-0.5217724571929528,-0.494395419615158
CDL_ENGULFING_BEAR_1d,1,-2.5928816324300157,-9.317512810049244e-05,-0.0011321635841367637,-2.593560333590149,0.0006787011601332438
CDL_ENGULFING_BEAR_1d,5,-0.38621281485714487,-0.00041899207651546375,-0.0052239296003418105,-0.3827690076995256,-0.003443807157619272
CDL_ENGULFING_BEAR_1d,20,-0.09579240999920927,-0.0010896801843020057,-0.012283546070769506,-0.0839253480351619,-0.011867061964047368
CDL_ENGULFING_BEAR_1d,40,-0.04137449337443706,-0.0011925800024716177,-0.01242353782845088,-0.028389247468816048,-0.012985245905621015
CDL_ENGULFING_BEAR_1d,60,-0.04771201158347825,-0.007073820466079183,-0.073502577931051,0.03300948677635363,-0.08072149835983189
CDL_ENGULFING_BEAR_1d,120,-0.0333542089452727,0.003520306592444002,0.025222368916656107,-0.07027643852731796,0.03692222958204527
BB_Upper_1d,1,-8.20696719717748,-0.032975839328098326,-0.14548797774317931,-8.383166391567674,0.17619919439019327
BB_Upper_1d,5,-2.6892805225110634,-0.04863264302642217,-0.19711766850817716,-2.6109176298345336,-0.07836289267652985
BB_Upper_1d,20,-1.634161976895339,-0.06081353815363851,-0.22891601684396787,-1.4579627419680181,-0.17619923492732092
BB_Upper_1d,40,-1.3585613606433358,-0.0912559226072086,-0.310165214140089,-1.0987664400968253,-0.25979492054651043
BB_Upper_1d,60,-1.1881546432800938,-0.11961353871587457,-0.36450519986403734,-0.8729886862144735,-0.31516595706562034
BB_Upper_1d,120,-0.9951227480736465,-0.20354418620407705,-0.49720004424808517,-0.5479234932346333,-0.44719925483901324
state_AUTOCORR_1d,1,-6.685527125407033,-0.0028061218856212334,-0.017215202826148305,-6.696814312914498,0.011287187507464935
state_AUTOCORR_1d,5,-1.3764400286793528,-0.0058476949757739665,-0.03304420301546754,-1.3554341668898817,-0.02100586178947106
state_AUTOCORR_1d,20,-0.3880896680638584,-0.005734072610732943,-0.030575677724248046,-0.35939658303760097,-0.028693085026257448
state_AUTOCORR_1d,40,-0.22018257731602214,-0.008066536727771969,-0.040520269130554634,-0.1784192135333152,-0.04176336378270695
state_AUTOCORR_1d,60,-0.17113972718545772,-0.010925734543368244,-0.04934871938918975,-0.11680086356647139,-0.054338863618986336
state_AUTOCORR_1d,120,-0.051276005825725716,0.001069888116882861,0.004108118331184494,-0.05590754152294673,0.004631535697221016
state_VELOCITY_1_1d,1,-6.0645167229119314,0.00197220999041386,0.011476905648725234,-6.058052475860429,-0.00646424705150217
state_VELOCITY_1_1d,5,-1.2663173457696564,0.0051396112475901885,0.029967081500507503,-1.2868678418680006,0.02055049609834425
state_VELOCITY_1_1d,20,-0.33757194689230474,0.007701072059036869,0.04335946241530324,-0.37875614650603684,0.0411841996137321
state_VELOCITY_1_1d,40,-0.19917676719735958,0.006846333880713018,0.034232547281027835,-0.23432995490596437,0.03515318770860479
state_VELOCITY_1_1d,60,-0.12048891098145027,-0.0005802410482860761,-0.0026096500864235084,-0.11765385152992915,-0.002835059451521127
state_VELOCITY_1_1d,120,-0.014134594879129025,-0.011274933884307298,-0.041648835536056264,0.03416123463805035,-0.048295829517179374
state_CDL_LOWER_WICK_RATIO_1d,1,-6.825994653878149,0.01072505911013646,0.06004396664479409,-6.8023613632268605,-0.023633290651288164
state_CDL_LOWER_WICK_RATIO_1d,5,-1.2643029500611243,0.006233359465844968,0.03178190561091754,-1.2857114680192674,0.021408517958143136
state_CDL_LOWER_WICK_RATIO_1d,20,-0.27836842387726485,0.0063431467976645456,0.029975469181760313,-0.3067550120325938,0.028386588155328962
state_CDL_LOWER_WICK_RATIO_1d,40,-0.1288183460737978,0.004089733720705403,0.01762032317038903,-0.14691411990170727,0.018095773827909473
state_CDL_LOWER_WICK_RATIO_1d,60,-0.0828787722493455,0.001605114530017485,0.006107269583249665,-0.08951593720608743,0.006637164956741923
state_CDL_LOWER_WICK_RATIO_1d,120,-0.03626875487458898,-0.01826797965260393,-0.054450721020128434,0.027257745500296315,-0.06352650037488529
state_returns_1d,1,-6.068613596245839,0.0022975718654587407,0.013401670979562675,-6.061143665898731,-0.007469930347108189
state_returns_1d,5,-1.254339997367667,0.004578784681665402,0.02666598480713964,-1.272534828821794,0.018194831454126925
state_returns_1d,20,-0.3331216559454125,0.007768270318198921,0.04365064043821048,-0.3745617011572996,0.0414400452118871
state_returns_1d,40,-0.1935264176160837,0.008087915596867444,0.040521984446627204,-0.23516475747851295,0.04163833986242926
state_returns_1d,60,-0.11555575252723534,-0.00016594004719538437,-0.0007453006935034834,-0.11474653989352493,-0.0008092126337104072
state_returns_1d,120,-0.013515804616285912,-0.012083641471005512,-0.04436188596628653,0.038078246288054646,-0.051594050904340556
CDL_INSIDE_BAR_1d,1,-4.5701332926242655,-0.002883295275530057,-0.02045699193343785,-4.583325801458193,0.013192508833927086
CDL_INSIDE_BAR_1d,5,-0.9126019869885441,-0.0008782218740547272,-0.00578712101742688,-0.9088249238204265,-0.003777063168117656
CDL_INSIDE_BAR_1d,20,-0.18825523058825613,-0.0005911540782874016,-0.0036724289758119197,-0.18478747126818196,-0.0034677593200741763
CDL_INSIDE_BAR_1d,40,-0.08241486409486214,0.003256309304376143,0.01870312121856728,-0.10164786945254105,0.01923300535767891
CDL_INSIDE_BAR_1d,60,-0.036512968890636446,0.0049857314056886825,0.024548113997750448,-0.06392995068309097,0.027416981792454526
CDL_INSIDE_BAR_1d,120,0.024333527937143114,0.020228387262538658,0.08285281934258373,-0.07316265910445503,0.09749618704159815
fund_price_to_book_1d,1,-3.099376888807871,-0.0007034966329055666,-0.005568807991217457,-3.1027551723315345,0.003378283523663317
fund_price_to_book_1d,5,-0.6906739001529697,-0.006709584283767019,-0.04990754044188613,-0.6585194573911226,-0.03215444276184709
fund_price_to_book_1d,20,-0.20256956007789548,-0.006607564815118955,-0.04635858936908288,-0.15919437629765176,-0.043375183780243715
fund_price_to_book_1d,40,-0.09101149448510366,0.005504213550870148,0.03526298554282179,-0.12660264179870545,0.03559114731360179
fund_price_to_book_1d,60,-0.060203368760394775,0.02077117162165355,0.1142200988606057,-0.18072867732438544,0.12052530856399066
fund_price_to_book_1d,120,-0.022373430758388588,0.07282505694089904,0.30185611227391707,-0.38127687584994197,0.35890344509155336
high,1,-8.067052740045504,-0.051179439714160654,-0.22139705637104332,-8.408106872922193,0.34105413287668895
high,5,-2.6667135216486826,-0.0687019225105639,-0.2710942261210258,-2.5856414667471275,-0.08107205490155511
high,20,-1.6814285171987067,-0.08659984843675238,-0.31805309880562366,-1.4575089871892266,-0.22391953000948006
high,40,-1.438026518728563,-0.12358470395149083,-0.4103581188045692,-1.115760764676329,-0.322265754052234
high,60,-1.232592673445287,-0.16397739345432702,-0.4807548585693078,-0.8415597589823208,-0.3910329144629662
high,120,-1.0306502208648078,-0.2354943772529588,-0.5725308818603361,-0.5106271589983747,-0.5200230618664331
LEVEL_POSITION_20_1d,1,-5.332343751354215,-0.09414537490696548,-0.29600919638240336,-5.767843997698959,0.43550024634474394
LEVEL_POSITION_20_1d,5,-1.5043468519939276,-0.10930693573591876,-0.33251795726949107,-1.3627425903663073,-0.1416042616276203
LEVEL_POSITION_20_1d,20,-0.4787973639701513,-0.09651007605827673,-0.2983065313979857,-0.20824509732563734,-0.270552266644514
LEVEL_POSITION_20_1d,40,-0.3351817062781787,-0.08606667130094657,-0.24239092122110156,-0.09571883825558147,-0.23946286802259725
LEVEL_POSITION_20_1d,60,-0.22713169685741671,-0.0953470701316175,-0.25363450381757147,0.036219107829953565,-0.26335080468737027
LEVEL_POSITION_20_1d,120,-0.1822418901807469,-0.11943653014588308,-0.2907309253922481,0.12436408701433983,-0.30660597719508675
state_AEMA_20_1d,1,-5.607130232065981,-0.04653007468706877,-0.17864535539294663,-5.807381218580219,0.2002509865142379
state_AEMA_20_1d,5,-1.28042167682214,-0.05173353488713895,-0.19212756077826387,-1.175538541678129,-0.10488313514401093
state_AEMA_20_1d,20,-0.3151263399659915,-0.04123276764159322,-0.1504011635560896,-0.17527363690217976,-0.13985270306381173
state_AEMA_20_1d,40,-0.1572135245584152,-0.03894812178639983,-0.12643787528382697,-0.028548950924990258,-0.12866457363342493
state_AEMA_20_1d,60,-0.01782416009280902,-0.03319259262181087,-0.09556864950162955,0.08294672023806254,-0.10077088033087156
state_AEMA_20_1d,120,0.013057885039084805,-0.029418260940500547,-0.08093448023126656,0.09629170822856843,-0.08323382318948362
market_breadth_1d,1,-4.4390161579437395,0.03624029760527603,0.13765021876545225,-4.398571131962482,-0.04044502598125721
market_breadth_1d,5,-0.4726282235632121,0.031592706812744835,0.12061926189367843,-0.5562439753109019,0.08361575174768976
market_breadth_1d,20,-0.15545317337912273,0.023356547755103013,0.08673149857365303,-0.23864458919722126,0.08319141581809852
market_breadth_1d,40,-0.04977148243703613,0.02070243127010027,0.07024377491297937,-0.12180411139053274,0.0720326289534966
market_breadth_1d,60,-0.02785310584186785,0.014472302859149596,0.045534633386153885,-0.07510270686673387,0.04724960102486602
market_breadth_1d,120,-0.002125874885403435,0.02879171044644403,0.08087000948324113,-0.08861003975523604,0.08648416486983261
state_fund_earnings_yield_1d,1,-1.4920695235122408,0.007646194455323443,0.08081166605251588,-1.4484811996224916,-0.0435883238897492
state_fund_earnings_yield_1d,5,-0.24737060945224623,0.0023853220116364037,0.02311888155732216,-0.26273512205852956,0.015364512606283326
state_fund_earnings_yield_1d,20,-0.0601960267964714,0.0023114657353132655,0.018229836764513414,-0.07767971586609705,0.01748368906962565
state_fund_earnings_yield_1d,40,-0.011578114316906784,-0.0015981238060320494,-0.010461637607164514,-5.5294319969684255e-05,-0.0115228199969371
state_fund_earnings_yield_1d,60,-0.03943947002813464,-0.011739403506981758,-0.05966960866255551,0.0415026041111023,-0.08094207413923693
state_fund_earnings_yield_1d,120,-0.01974583158195132,0.0017132856098869063,0.007231270517630275,-0.030077067745060273,0.010331236163108954
state_ACCELERATION_5_1d,1,-5.824141425907425,3.448963735090547e-05,0.0002354201459593674,-5.824000804984016,-0.00014062092340871857
state_ACCELERATION_5_1d,5,-1.108577047336102,0.00365958424318374,0.0241227777467659,-1.12477294646005,0.01619589912394792
state_ACCELERATION_5_1d,20,-0.3137671735482281,0.002286696704076979,0.014588181886836856,-0.3276592119985636,0.013892038450335542
state_ACCELERATION_5_1d,40,-0.10988951835712879,0.0039408721369610985,0.023125405236669755,-0.13370100670105026,0.023811488343921466
state_ACCELERATION_5_1d,60,-0.01319983423531201,0.004324355925134677,0.0231948425290279,-0.03772085914372194,0.02452102490840993
state_ACCELERATION_5_1d,120,0.0020805967587425515,0.003803154988453792,0.01737674681118134,-0.016312530857364112,0.018393127616106664
open,1,-8.075759702880434,-0.05215860555087178,-0.22470499391720578,-8.425603615682986,0.34984391280255167
open,5,-2.6740247321715147,-0.06925964798649126,-0.2727144382525508,-2.593150332199025,-0.08087439997248991
open,20,-1.6853980920726848,-0.08777064184021563,-0.32107833503665834,-1.4604818461722036,-0.2249162459004812
open,40,-1.4387812664748334,-0.12526447615945288,-0.4140305018199113,-1.1148904961905493,-0.32389077028428415
open,60,-1.2330094609938118,-0.16515313317664423,-0.4827362239913621,-0.8408388359469166,-0.39217062504689526
open,120,-1.0311560208775359,-0.23743219335320995,-0.5762911127992213,-0.5100289567583538,-0.5211270641191821
state_MACD_Histogram_1d,1,-4.984455648657193,0.0037879303289736653,0.025509754426308758,-4.9708183370592405,-0.013637311597952895
state_MACD_Histogram_1d,5,-1.0956316986153165,0.0011613613946368547,0.007578814641090048,-1.1006458487688136,0.005014150153497043
state_MACD_Histogram_1d,20,-0.29187629921625596,0.0003119766872394294,0.001979398645112479,-0.29375299359067303,0.001876694374417065
state_MACD_Histogram_1d,40,-0.10114347637346813,2.355654704613683e-05,0.0001343279074234488,-0.1012806298429663,0.00013715346949817742
state_MACD_Histogram_1d,60,-0.05746973033445626,0.00328039906363739,0.017310016392641795,-0.07587555131001547,0.018405820975559213
state_MACD_Histogram_1d,120,-0.012085632591891408,0.002345753843522803,0.010718661418048602,-0.023726525385942013,0.011640892794050605
state_SKEWNESS_1d,1,-6.68206603563082,-0.004090663575997301,-0.025237699505910365,-6.69929216262428,0.017226126993460156
state_SKEWNESS_1d,5,-1.3959021363113284,-0.003946701255184864,-0.023235674380645128,-1.3811027260494309,-0.014799410261897572
state_SKEWNESS_1d,20,-0.3861173057104176,-0.001438100352985344,-0.007978631732045643,-0.37860624244246577,-0.007511063267951812
state_SKEWNESS_1d,40,-0.20085660264242206,-0.011505939947997448,-0.057497749495849626,-0.1427290208496291,-0.058127581792792954
state_SKEWNESS_1d,60,-0.1341600323883674,-0.01796590027337851,-0.08075303478132757,-0.04813624197775212,-0.08602379041061528
state_SKEWNESS_1d,120,-0.049942112183048074,-0.025171898254342094,-0.09311812552379393,0.054949417262266875,-0.10489152944531495
low,1,-8.02735754738867,-0.055217516042077745,-0.23735386898571453,-8.40961567175384,0.3822581243651708
low,5,-2.6580199269599385,-0.07260787968282541,-0.2843831898193861,-2.577617468361314,-0.08040245859862472
low,20,-1.6942939699349597,-0.09039505065080257,-0.33042928143469746,-1.4657811375356284,-0.2285128323993313
low,40,-1.4496439149280467,-0.1286815741609833,-0.42454670680099704,-1.1206510224382777,-0.32899289248976893
low,60,-1.2378744699137727,-0.16837334233366918,-0.490209292114332,-0.8411552154640195,-0.3967192544497532
low,120,-1.036549506404909,-0.23938280298686018,-0.5803244050879581,-0.5117720230549953,-0.5247774833499138
state_CDL_UPPER_WICK_RATIO_1d,1,-6.197038080513676,0.007363949972086463,0.042283664496528345,-6.177276930204621,-0.019761150309054898
state_CDL_UPPER_WICK_RATIO_1d,5,-1.2546010054879724,0.004990042307336234,0.02804090012644367,-1.273490795106229,0.018889789618256714
state_CDL_UPPER_WICK_RATIO_1d,20,-0.29035939949587297,0.0009613588760550923,0.005100555885650577,-0.29514840685701815,0.004789007361145181
state_CDL_UPPER_WICK_RATIO_1d,40,-0.10953712941573675,0.0009729722368039888,0.0047013662501194705,-0.11428871690010167,0.004751587484364925
state_CDL_UPPER_WICK_RATIO_1d,60,-0.06310863997440112,0.0009250321882328304,0.004087487451986271,-0.06727447171775598,0.004165831743354859
state_CDL_UPPER_WICK_RATIO_1d,120,-0.04074697595904885,-0.004622930037785092,-0.017575614291288528,-0.022540815712569325,-0.018206160246479527
LAG_1_1d,1,-8.090121486404414,-0.052327741900987254,-0.22579206240631775,-8.443187070423482,0.3530655840190686
LAG_1_1d,5,-2.6713565121129528,-0.06938338627010096,-0.27311651548013866,-2.590604761347708,-0.08075175076524488
LAG_1_1d,20,-1.6821857605458201,-0.08754814401917448,-0.32044684654787703,-1.4577379259061827,-0.22444783463963747
LAG_1_1d,40,-1.4378343044150665,-0.12582393469614891,-0.4158664871845996,-1.1129591658199878,-0.32487513859507877
LAG_1_1d,60,-1.230137963521031,-0.16464158772098533,-0.4802914543176316,-0.839137086118423,-0.391000877402608
LAG_1_1d,120,-1.0303463055279527,-0.2366204728464108,-0.573926291192829,-0.5110458655526096,-0.5193004399753431
EMA_200_1d,1,-8.016986713758335,-0.0188363390027336,-0.08472996720565092,-8.096772010091184,0.07978529633284914
EMA_200_1d,5,-2.4643998638933686,-0.028212644737399598,-0.11743537547286836,-2.4037378830023477,-0.06066198089102093
EMA_200_1d,20,-1.3841909092736886,-0.036174383060587324,-0.13999476349682485,-1.2651185010175237,-0.11907240825616494
EMA_200_1d,40,-1.1568115711816975,-0.06941124031802774,-0.23976753323799743,-0.942011553670526,-0.2148000175111715
EMA_200_1d,60,-1.0202008972166283,-0.10533639848988373,-0.32164574814082925,-0.7275785807171667,-0.2926223164994616
EMA_200_1d,120,-0.8146738453047708,-0.18303424398066367,-0.43648360174347317,-0.39950669749898104,-0.4151671478057898
EMA_5_1d,1,-8.094463288932872,-0.0514964502389713,-0.2218872703999934,-8.437479626431589,0.3430163374987174
EMA_5_1d,5,-2.6861013664647606,-0.06878612199180124,-0.2709990472448374,-2.6056419326747835,-0.08045943378997711
EMA_5_1d,20,-1.6726245960248356,-0.08601319504474414,-0.31433082914325977,-1.4503518862426468,-0.22227270978218883
EMA_5_1d,40,-1.4260123878347661,-0.1231545029684105,-0.40705805166635756,-1.1056959749454431,-0.320316412889323
EMA_5_1d,60,-1.2163937963301494,-0.16000911904080714,-0.46688203461652444,-0.8344146260591355,-0.3819791702710139
EMA_5_1d,120,-1.019110811669194,-0.23255175739101375,-0.5634206289304895,-0.511187448249569,-0.5079233634196251
market_context_trend_20d_1d,1,-5.638089050672133,-0.07680399526414676,-0.2524413877967904,-5.982820611507577,0.3447315608354442
market_context_trend_20d_1d,5,-1.3630185611148327,-0.08623632276316116,-0.27364638358118204,-1.2301096241663163,-0.13290893694851635
market_context_trend_20d_1d,20,-0.5180939318374801,-0.06578737563771343,-0.20863758313223732,-0.32876409455332406,-0.18932983728415603
market_context_trend_20d_1d,40,-0.3788268538797423,-0.05721344116280529,-0.16621542573000653,-0.21484899197971802,-0.16397786190002428
market_context_trend_20d_1d,60,-0.290277534192422,-0.08934330722463828,-0.24431677024723808,-0.040546800743029444,-0.2497307334493926
market_context_trend_20d_1d,120,-0.2272545604726376,-0.07576492991232203,-0.18204311177505952,-0.03897460286752227,-0.18827995760511532
SMA_200_1d,1,-8.211175753867824,-0.016717748015213644,-0.07509747090731708,-8.279463948126441,0.0682881942586171
SMA_200_1d,5,-2.6338369592765116,-0.031110925704936704,-0.1287072503571352,-2.5704078205561274,-0.06342913872038425
SMA_200_1d,20,-1.5809134841003682,-0.04291108515865772,-0.16610379465040584,-1.444720980661751,-0.13619250343861733
SMA_200_1d,40,-1.316173156962342,-0.07457991676662885,-0.25714931443459454,-1.0930262785603522,-0.22314687840198988
SMA_200_1d,60,-1.1421616743398142,-0.10984981364296556,-0.332313252873346,-0.8489540095195509,-0.2932076648202633
SMA_200_1d,120,-0.8991467181321613,-0.1924642712235758,-0.4549838566218296,-0.47405868739944323,-0.42508803073271806
SMA_5_1d,1,-8.100632410859461,-0.051333205565994904,-0.22180635940725588,-8.44359743140841,0.34296502054894873
SMA_5_1d,5,-2.6857507370630316,-0.06890696752495748,-0.2716310215463848,-2.605386739908377,-0.08036399715465459
SMA_5_1d,20,-1.6809505076315325,-0.08623645516639793,-0.31546796597400883,-1.4586839183657025,-0.22226658926582998
SMA_5_1d,40,-1.4303143865728547,-0.12407037984166709,-0.40962875580745695,-1.1091048820088383,-0.3212095045640164
SMA_5_1d,60,-1.2212135808567277,-0.1609287260602433,-0.4692958223518019,-0.8381365667413286,-0.3830770141153991
SMA_5_1d,120,-1.021811464497226,-0.23339351746598166,-0.5653657868305596,-0.5120253975782111,-0.509786066919015
state_VOLATILITY_50_1d,1,-5.015028564826342,0.005196690436749019,0.026392029562665006,-5.000988007054358,-0.014040557771983764
state_VOLATILITY_50_1d,5,-0.9740764401956202,0.009308472011761852,0.04578043400501721,-1.0053848977060147,0.03130845751039446
state_VOLATILITY_50_1d,20,-0.2566827052878327,0.0033765771877669916,0.01646703587649177,-0.2721734005760161,0.015490695288183365
state_VOLATILITY_50_1d,40,-0.10472662225844513,-0.0029175017059097003,-0.013063819958153124,-0.09128206445841411,-0.013444557800031023
state_VOLATILITY_50_1d,60,-0.06702357024666657,-0.011046228814425185,-0.04482309954887912,-0.020054131041711366,-0.0469694392049552
state_VOLATILITY_50_1d,120,-0.024717839558251246,-0.023748497047494162,-0.08099398936043721,0.06052553984593964,-0.08524337940419088
state_ROLLING_SKEW_20_1d,1,-5.643563437775079,0.00106567438544986,0.007881237857188417,-5.639025555499107,-0.0045378822759714055
state_ROLLING_SKEW_20_1d,5,-1.0416478083811078,0.0020998680386214025,0.01476373299778883,-1.0515558198319543,0.009908011450846521
state_ROLLING_SKEW_20_1d,20,-0.2654045693692971,-0.000797058478452238,-0.005364890559761089,-0.26034798409515425,-0.005056585274142877
state_ROLLING_SKEW_20_1d,40,-0.10997451164496974,0.004690380001770975,0.02991065729591661,-0.1403589589909319,0.030384447345962157
state_ROLLING_SKEW_20_1d,60,-0.04761621960820978,0.009134015992389876,0.05413237691554803,-0.10456171869290863,0.05694549908469885
state_ROLLING_SKEW_20_1d,120,0.003858842690217021,0.016955388868876823,0.08938112231475336,-0.08988903359379054,0.09374787628400756
state_ACCELERATION_10_1d,1,-5.600129395482796,0.004910633415860069,0.03518114636530221,-5.582546775644397,-0.017582619838398372
state_ACCELERATION_10_1d,5,-1.0981238818558154,0.00593977783679936,0.038737922826380125,-1.1244033977965613,0.026279515940745846
state_ACCELERATION_10_1d,20,-0.2992127607178071,0.005247907754340601,0.0328861873925937,-0.33041611157039324,0.03120335085258613
state_ACCELERATION_10_1d,40,-0.11506234697905904,0.00042761913994000084,0.002375363253587359,-0.11757127319910018,0.0025089262200411466
state_ACCELERATION_10_1d,60,-0.020524487287424894,0.009740059383910071,0.04941698383178273,-0.07629079638460734,0.05576630909718244
state_ACCELERATION_10_1d,120,0.006837880604985239,0.004566059155963382,0.020999860473116718,-0.016078870727760996,0.022916751332746236
ABB_Mid_1d,1,-8.142433282640356,-0.047553811505424474,-0.20645676236744054,-8.447899224461354,0.30546594182099795
ABB_Mid_1d,5,-2.713763112847336,-0.06568729343954216,-0.2601798642694308,-2.6335956889349648,-0.0801674239123713
ABB_Mid_1d,20,-1.6708502936372605,-0.08429736594697958,-0.3107197525523231,-1.450530967394674,-0.22031932624258643
ABB_Mid_1d,40,-1.4144757308140694,-0.11952410533130595,-0.3957518449855855,-1.1015965951391444,-0.312879135674925
ABB_Mid_1d,60,-1.2216923396078663,-0.1530336122551892,-0.45148726206214923,-0.8497528995638961,-0.37193944004397017
ABB_Mid_1d,120,-1.0159005733908244,-0.23182459838373032,-0.5603440899181052,-0.5169733791583444,-0.49892719423248
state_fund_price_to_book_1d,1,-2.378318622161345,-0.009638180984346816,-0.09237415893756819,-2.4440084712166614,0.06568984905531661
state_fund_price_to_book_1d,5,-0.5220855670132581,-0.0053805308478527625,-0.046900658042858895,-0.4917499946613731,-0.030335572351885054
state_fund_price_to_book_1d,20,-0.08099989012549569,-0.004287730749464209,-0.030046857680340277,-0.05241219304573238,-0.02858769707976331
state_fund_price_to_book_1d,40,-0.03078417684018797,-0.0031986033806501346,-0.017451055995697056,-0.011525770020015435,-0.019258406820172536
state_fund_price_to_book_1d,60,0.0072690099936982295,0.006621685810689658,0.029095008098844476,-0.028867408088281647,0.03613641808197988
state_fund_price_to_book_1d,120,0.004224759002166627,-0.010317639311216287,-0.032443590279559065,0.04920009145975171,-0.04497533245758508
EMA_10_1d,1,-8.100103468533744,-0.04796988841792427,-0.2075272448472278,-8.407237665276472,0.30713419674272835
EMA_10_1d,5,-2.6702858159002534,-0.06638565195647385,-0.26261007846126205,-2.5886674079201697,-0.08161840798008368
EMA_10_1d,20,-1.6690747563154562,-0.0830405371313345,-0.3050512486362853,-1.4506926855615392,-0.21838207075391702
EMA_10_1d,40,-1.4009613485983032,-0.11699410370500234,-0.3869186832528302,-1.0917317023138857,-0.3092296462844175
EMA_10_1d,60,-1.19934201364275,-0.1513462017685245,-0.4439078511206427,-0.8293554328030551,-0.3699865808396948
EMA_10_1d,120,-1.0026060628954627,-0.22390977918851063,-0.542150792511362,-0.5154435335750457,-0.48716252932041704
market_context_market_breadth_1d,1,-4.351565347857611,-0.08077115058466457,-0.2735304952685774,-4.694157342946541,0.34259199508893
market_context_market_breadth_1d,5,-0.9499637813932583,-0.08525385129631956,-0.27723872764821517,-0.7984406514383995,-0.15152312995485884
market_context_market_breadth_1d,20,-0.3521453756942325,-0.09330613761625517,-0.3017395849218018,-0.07178760983391161,-0.2803577658603209
market_context_market_breadth_1d,40,-0.23477848300581877,-0.08952170763739971,-0.278417649260605,0.04864915783347605,-0.28342764083929484
market_context_market_breadth_1d,60,-0.16488682066219953,-0.08685331636631567,-0.25166268273545367,0.10184928624577619,-0.2667361069079757
market_context_market_breadth_1d,120,-0.09326662832289458,-0.08765325901392716,-0.22577874003178747,0.15363048098598184,-0.24689710930887643
state_LEVEL_BREAKOUT_UP_20_1d,1,-2.164800959758615,0.004032207137646167,0.07004214331895263,-2.1281420868459073,-0.03665887291270753
state_LEVEL_BREAKOUT_UP_20_1d,5,-0.30348157016371136,0.00478251564833137,0.08397868341942036,-0.36079436183662783,0.057312791672916474
state_LEVEL_BREAKOUT_UP_20_1d,20,-0.1428915020743517,0.0025678521769359596,0.04136106605427911,-0.18257593357678292,0.03968443150243123
state_LEVEL_BREAKOUT_UP_20_1d,40,-0.0317986419377969,0.0026540491117878944,0.03808199945666093,-0.07308891054238084,0.04129026860458394
state_LEVEL_BREAKOUT_UP_20_1d,60,-0.006763858049184715,0.003844220733690676,0.049085100417786305,-0.06985834607719264,0.06309448802800793
state_LEVEL_BREAKOUT_UP_20_1d,120,0.027386607899197987,0.007075955981666693,0.09238108065973497,-0.08876768752812199,0.11615429542731998
CDL_SHOOTING_STAR_1d,1,-2.1041477058662363,-0.0009747471584414947,-0.013562560758032432,-2.112452473073966,0.008304767207729657
CDL_SHOOTING_STAR_1d,5,-0.41780671634272226,-0.0019676823529321745,-0.025578172823457937,-0.4009768729664673,-0.016829843376254983
CDL_SHOOTING_STAR_1d,20,-0.0460046617454113,0.0009646681815280205,0.011638335592066434,-0.057161108361845445,0.011156446616434147
CDL_SHOOTING_STAR_1d,40,-0.035537598682013824,0.0008066993799259756,0.00899508275593543,-0.04513475346581647,0.009597154783802644
CDL_SHOOTING_STAR_1d,60,-0.032193678909095254,0.0011111400202905043,0.011209031986728936,-0.04526111975505371,0.013067440845958456
CDL_SHOOTING_STAR_1d,120,-0.028989016503425214,0.0027367290888489866,0.022699533151872984,-0.05876063071463545,0.029771614211210235
state_price_volume_trend_1d,1,-5.775657795179029,0.005260524806362494,0.034543870939687464,-5.758437140400021,-0.017220654779007916
state_price_volume_trend_1d,5,-1.1868878896233142,0.005775582042193948,0.036540935104397966,-1.2117916596443208,0.024903770021006633
state_price_volume_trend_1d,20,-0.31135944601169,0.007544835752846229,0.045626092417646744,-0.35502908767942853,0.04366964166773851
state_price_volume_trend_1d,40,-0.15540653958249195,0.007398839717227186,0.04011293009781454,-0.19739547157327506,0.0419889319907831
state_price_volume_trend_1d,60,-0.10002250055425625,0.00016336783442130547,0.0007705525469246815,-0.10088259141721036,0.0008600908629541049
state_price_volume_trend_1d,120,0.002309974960813686,-0.004311273851564088,-0.016268999611323363,0.022370398877305027,-0.020060423916491342
state_peer_return_1d,1,-5.001903218246092,0.005286938847459108,0.03030665490319385,-4.986070063312267,-0.015833154933824645
state_peer_return_1d,5,-0.848592420490557,0.009488047860107224,0.052954752545736825,-0.8848626357089071,0.036270215218350055
state_peer_return_1d,20,-0.10844836928979569,0.009034443510644993,0.04800089902403778,-0.15367276884704803,0.04522439955725234
state_peer_return_1d,40,-0.01304145220639718,0.010290778774401845,0.051678468164425145,-0.06545405204593516,0.05241259983953798
state_peer_return_1d,60,0.005002427280610439,0.014722983552587386,0.06743002203970473,-0.06458600037492519,0.06958842765553563
state_peer_return_1d,120,0.013065258150217961,0.008247605099300146,0.03245363614064623,-0.021260175020678816,0.03432543317089678
BB_Middle_1d,1,-8.05455072410898,-0.044838903063870665,-0.1946317424378192,-8.330245788687437,0.27569506457845705
BB_Middle_1d,5,-2.6392858022079344,-0.062170794053560886,-0.24550871009198327,-2.556108324010419,-0.08317747819751542
BB_Middle_1d,20,-1.641362621617531,-0.07631967908846411,-0.28162212718821333,-1.4339144690151464,-0.20744815260238458
BB_Middle_1d,40,-1.3731364638275079,-0.10973010962549162,-0.36349031908207585,-1.07799120857455,-0.29514525525295787
BB_Middle_1d,60,-1.1998000953906458,-0.1367042490067787,-0.40853219861184425,-0.8535909759198765,-0.34620911947076927
BB_Middle_1d,120,-0.9949970679072576,-0.21368637930109544,-0.5175913277925845,-0.5360313978112891,-0.45896567009596856
SMA_20_1d,1,-8.05455072410898,-0.044838903063870665,-0.1946317424378192,-8.330245788687437,0.27569506457845705
SMA_20_1d,5,-2.6392858022079344,-0.062170794053560886,-0.24550871009198327,-2.556108324010419,-0.08317747819751542
SMA_20_1d,20,-1.641362621617531,-0.07631967908846411,-0.28162212718821333,-1.4339144690151464,-0.20744815260238458
SMA_20_1d,40,-1.3731364638275079,-0.10973010962549162,-0.36349031908207585,-1.07799120857455,-0.29514525525295787
SMA_20_1d,60,-1.1998000953906458,-0.1367042490067787,-0.40853219861184425,-0.8535909759198765,-0.34620911947076927
SMA_20_1d,120,-0.9949970679072576,-0.21368637930109544,-0.5175913277925845,-0.5360313978112891,-0.45896567009596856
EMA_20_1d,1,-8.108971035450079,-0.04511867862182214,-0.1962447889221369,-8.389459888149187,0.28048885269910784
EMA_20_1d,5,-2.6411843984250662,-0.061779313203612456,-0.24510723320918656,-2.5580896336499745,-0.0830947647750917
EMA_20_1d,20,-1.634627337616923,-0.07472210736546701,-0.27732202648148213,-1.429904545842762,-0.20472279177416097
EMA_20_1d,40,-1.3632881224102598,-0.10548612155030572,-0.35127400557359145,-1.0756321745306878,-0.28765594787957194
EMA_20_1d,60,-1.1892972032918554,-0.13369090421327054,-0.4015326181677243,-0.8455878443452272,-0.34370935894662824
EMA_20_1d,120,-0.9789285980555131,-0.20952086211921275,-0.5070676452173962,-0.5291512337773209,-0.44977736427819226
BB_Lower_1d,1,-7.964192801343205,-0.061096615584932734,-0.2581939990434377,-8.403531770665039,0.4393389693218337
BB_Lower_1d,5,-2.663090467715267,-0.07943069456436498,-0.30595460151309717,-2.5864816922208274,-0.07660877549443956
BB_Lower_1d,20,-1.6912005152406855,-0.09857875685857705,-0.3551465956335358,-1.4518155727090547,-0.23938494253163078
BB_Lower_1d,40,-1.4257167080005213,-0.13918201296259072,-0.447903686168553,-1.085313520778622,-0.34040318722189933
BB_Lower_1d,60,-1.2395979392480638,-0.1728703417926275,-0.4977335444767168,-0.8397810196227619,-0.39981691962530197
BB_Lower_1d,120,-1.0191001728148845,-0.24759116641781043,-0.591533364885755,-0.49806459608674153,-0.5210355767281429
state_ROLLING_SKEW_10_1d,1,-5.548435270115321,0.0015098550432901183,0.010975755932877916,-5.54220555541745,-0.006229714697870925
state_ROLLING_SKEW_10_1d,5,-1.0934247800934807,-0.00018069019860572025,-0.0012528730022782568,-1.092598066271303,-0.0008267138221775827
state_ROLLING_SKEW_10_1d,20,-0.3284393162648206,0.0015627075621162437,0.010560065372897921,-0.33839483886961175,0.009955522604791156
state_ROLLING_SKEW_10_1d,40,-0.16107831706536807,0.0047581684924155165,0.0286552730630477,-0.19057193143114617,0.029493614365778104
state_ROLLING_SKEW_10_1d,60,-0.08266874520176107,0.009402757632249764,0.05210719961068128,-0.1382944825213217,0.055625737319560636
state_ROLLING_SKEW_10_1d,120,0.015877650154830916,0.01608938296688691,0.07559355645767962,-0.06869507795081385,0.08457272810564477
state_LAG_20_1d,1,-5.411274339450002,-0.008851968115382204,-0.03520990791094079,-5.435700490001996,0.02442615055199404
state_LAG_20_1d,5,-1.1149574264805338,-0.016152719805847548,-0.06012668826731434,-1.077315963391159,-0.03764146308937466
state_LAG_20_1d,20,-0.282896825085359,-0.01082709932127899,-0.03897410374074618,-0.24609410785797756,-0.03680271722738146
state_LAG_20_1d,40,-0.1150536589743629,-0.010487240061548253,-0.0347967557791147,-0.07977174412599017,-0.03528191484837273
state_LAG_20_1d,60,-0.07106862182936206,-0.013101370528244472,-0.04005300270543991,-0.029483140252435515,-0.04158548157692655
state_LAG_20_1d,120,-0.012632531429660995,-0.011704941623178946,-0.03049862086759674,0.01947193127456726,-0.03210446270422825
state_CDL_OUTSIDE_BAR_1d,1,-3.1239010810318657,0.0036822841157396627,0.04052660919291009,-3.102214579907267,-0.02168650112459858
state_CDL_OUTSIDE_BAR_1d,5,-0.6118759711842179,0.005099320469229774,0.053931177351462474,-0.6485291146478105,0.03665314346359261
state_CDL_OUTSIDE_BAR_1d,20,-0.12300760736835989,0.0028430457816861505,0.02845812124082503,-0.15031522950886753,0.027307622140507637
state_CDL_OUTSIDE_BAR_1d,40,-0.03409301437084211,0.003284309605201127,0.030974589421942703,-0.0665161069970597,0.03242309262621759
state_CDL_OUTSIDE_BAR_1d,60,0.0011082792928164256,0.0039043982551463185,0.03322218995094739,-0.0356500566275894,0.03675833592040583
state_CDL_OUTSIDE_BAR_1d,120,0.029410446478217698,0.005804053470007408,0.045505033670143115,-0.021858813156933766,0.051269259635151464
SMA_10_1d,1,-8.138881250050073,-0.04792388418176819,-0.20784587198507348,-8.447657437499961,0.30877618744988844
SMA_10_1d,5,-2.6877845023433786,-0.06613869571966456,-0.2621924956533091,-2.606923779021588,-0.08086072332179084
SMA_10_1d,20,-1.664389774031969,-0.08250247807889709,-0.3022923082877498,-1.4482271093083876,-0.21616266472358148
SMA_10_1d,40,-1.404954158470027,-0.11837961373819088,-0.3911585064243075,-1.0934099762135188,-0.31154418225650815
SMA_10_1d,60,-1.2072818280003195,-0.15415387634105313,-0.4521250090830273,-0.8334134420217921,-0.37386838597852734
SMA_10_1d,120,-1.010352081680607,-0.22778174443240382,-0.5519988082779872,-0.5151900489441215,-0.4951620327364856
state_days_since_last_significant_1d,1,-6.249433265478395,-0.0006545082902762691,-0.0032166946914307945,-6.251389205516346,0.001955940037951187
state_days_since_last_significant_1d,5,-1.2639818543098584,-0.002517463045053631,-0.011766028618397761,-1.256398602659368,-0.007583251650490341
state_days_since_last_significant_1d,20,-0.3149035193437592,-0.009566470298008058,-0.042827333743013986,-0.2745885079725986,-0.040315011371160614
state_days_since_last_significant_1d,40,-0.15031410325728303,-0.008041361515643539,-0.03459325495008868,-0.11541252054495173,-0.034901582712331305
state_days_since_last_significant_1d,60,-0.10720642249438225,-0.010119252220563073,-0.03985127261029161,-0.06601919917210976,-0.041187223322272495
state_days_since_last_significant_1d,120,-0.046823668040246506,-0.03173075798037535,-0.1082152335472118,0.06673315783307851,-0.11355682587332502
EMA_100_1d,1,-8.021011361591393,-0.030585555420232544,-0.13496406194455357,-8.176531704373227,0.15552034278183413
EMA_100_1d,5,-2.5321003459773004,-0.04562496693081836,-0.18531891193989417,-2.4525930158611975,-0.07950733011610289
EMA_100_1d,20,-1.5106900813739652,-0.05370904388358926,-0.20408705867882074,-1.3470017820004325,-0.1636882993735327
EMA_100_1d,40,-1.3039413739300745,-0.07815163366440231,-0.27132714886115694,-1.0686427414894577,-0.23529863244061677
EMA_100_1d,60,-1.19032363792862,-0.11011507974937913,-0.3462980077216473,-0.888198758185158,-0.3021248797434619
EMA_100_1d,120,-0.9716048101251886,-0.20407974136479257,-0.49527541724350127,-0.5236559780663325,-0.44794883205885616
state_CDL_BODY_RATIO_1d,1,-6.722414159363366,-0.008050048989139873,-0.05065624622885797,-6.761387443282104,0.038973283918738666
state_CDL_BODY_RATIO_1d,5,-1.4100327241004669,0.0020002503591055724,0.012106899407893024,-1.4181234835301022,0.00809075942963533
state_CDL_BODY_RATIO_1d,20,-0.42964962672292356,-0.0034626518962977697,-0.020201607810038043,-0.41063432743209427,-0.01901529929082929
state_CDL_BODY_RATIO_1d,40,-0.2321333004430315,-0.006604214320954408,-0.03552555855983834,-0.19648788623203628,-0.03564541421099521
state_CDL_BODY_RATIO_1d,60,-0.16230688157012768,-0.007990031577613039,-0.03956806267637482,-0.12202759048647797,-0.04027929108364971
state_CDL_BODY_RATIO_1d,120,-0.11049949076933462,-0.019566258358980123,-0.08414976984982503,-0.025579628543611566,-0.08491986222572305
LAG_20_1d,1,-8.103776350651655,-0.039846754147055526,-0.17283921490677426,-8.332539260674325,0.22876291002267024
LAG_20_1d,5,-2.668426243669426,-0.054667624943623275,-0.2174928211503594,-2.5875449436112588,-0.0808813000581674
LAG_20_1d,20,-1.6254505032456603,-0.07105649196644337,-0.26347374453223493,-1.427840708668086,-0.19760979457757433
LAG_20_1d,40,-1.3445984324762787,-0.10349316358804013,-0.3428627091850797,-1.0625890211813829,-0.2820094112948959
LAG_20_1d,60,-1.19092997093845,-0.12430479166715015,-0.3753635804048629,-0.8675276920701445,-0.3234022788683055
LAG_20_1d,120,-0.9927445843206194,-0.21258504185975385,-0.5146504378954139,-0.5374082070987735,-0.45533637722184594
state_volume_roc_1d,1,-5.6259215142063255,0.005897562208766916,0.04249253243980863,-5.60557382860894,-0.0203476855973852
state_volume_roc_1d,5,-1.2981253017257601,0.005388550550261627,0.03656204175316671,-1.323417365987995,0.02529206426223496
state_volume_roc_1d,20,-0.32611393628951646,-0.002306085617368693,-0.014668770334242352,-0.3122674491193905,-0.013846487170125932
state_volume_roc_1d,40,-0.14906724324422438,0.0033815374067853107,0.019325523003971844,-0.1691684256702602,0.020101182426035813
state_volume_roc_1d,60,-0.030851659729777554,0.006600625784280145,0.03495546207637126,-0.06805192365810643,0.037200263928328876
state_volume_roc_1d,120,0.0078174061473296,-0.003380806160396989,-0.013436383945995162,0.023897942517436103,-0.0160805363701065
state_CDL_INSIDE_BAR_1d,1,-4.212492326381228,0.0042188896266101596,0.03552010038899155,-4.193897653562895,-0.018594672818332825
state_CDL_INSIDE_BAR_1d,5,-0.8580494306344335,-0.0008210862337384089,-0.006551432781945019,-0.8537551546839925,-0.004294275950440962
state_CDL_INSIDE_BAR_1d,20,-0.2203534210250353,-0.0017489418790989184,-0.013052543685976878,-0.20798212804158972,-0.012371292983445581
state_CDL_INSIDE_BAR_1d,40,-0.09217889187146414,-0.003688843329976135,-0.025057702281748202,-0.0662317794867392,-0.02594711238472494
state_CDL_INSIDE_BAR_1d,60,-0.07498179445212809,-0.006345652734876238,-0.03701841542852327,-0.03252248568076199,-0.0424593087713661
state_CDL_INSIDE_BAR_1d,120,-0.053905166129992584,-0.011108463009192686,-0.05789456171478474,0.014251843481602878,-0.06815700961159546
EMA_50_1d,1,-8.07391717496174,-0.03850952010351437,-0.1701211424312307,-8.296588459999898,0.2226712850381567
EMA_50_1d,5,-2.547008098485738,-0.053298977683425855,-0.21439515765494277,-2.4632137882827694,-0.08379431020296879
EMA_50_1d,20,-1.519325335011687,-0.061914158646206405,-0.2349371071824766,-1.3356864019291053,-0.18363893308258183
EMA_50_1d,40,-1.2827285165835385,-0.08807444372703523,-0.3026306812260804,-1.0239784272452153,-0.2587500893383232
EMA_50_1d,60,-1.141946440447616,-0.11776403570835921,-0.3631734219880368,-0.8230678270605832,-0.3188786133870328
EMA_50_1d,120,-0.9655009776207764,-0.204606046944303,-0.4954697137285696,-0.525055937031107,-0.4404450405896694
ABB_Lower_1d,1,-7.939453057218121,-0.0598560430834457,-0.25336374899867814,-8.363869739467544,0.4244166822494231
ABB_Lower_1d,5,-2.62748823219441,-0.07765716057870681,-0.2991511441608882,-2.547967717745537,-0.07952051444887287
ABB_Lower_1d,20,-1.6901719759080192,-0.09716068860296727,-0.3505369260466301,-1.452775901192824,-0.23739607471519508
ABB_Lower_1d,40,-1.4312110450473141,-0.13966774121351186,-0.4509570797539465,-1.0887547537516844,-0.3424562912956297
ABB_Lower_1d,60,-1.237809808692126,-0.17570791197700458,-0.503111114502631,-0.8338426076716566,-0.40396720102046946
ABB_Lower_1d,120,-1.0238408448515302,-0.2521667072222229,-0.5976217249822467,-0.49565244849058687,-0.5281883963609433
AEMA_20_1d,1,-8.114487808374761,-0.044795986119139805,-0.19468925154246253,-8.391484134755972,0.2769963263812105
AEMA_20_1d,5,-2.654456511743772,-0.06089911548516552,-0.24131353726908564,-2.5718622047834896,-0.08259430696028236
AEMA_20_1d,20,-1.6474871579354822,-0.07527141580697004,-0.2807882287986333,-1.4414027078201677,-0.2060844501153145
AEMA_20_1d,40,-1.3651759060442843,-0.10328399182831154,-0.34649767067668563,-1.0804526931497513,-0.28472321289453295
AEMA_20_1d,60,-1.1916630598179054,-0.12971656765507256,-0.39364802130955295,-0.8548821993914858,-0.33678086042641964
AEMA_20_1d,120,-0.9886661007082831,-0.20961992782771952,-0.509097790982621,-0.5371925347231524,-0.45147356598513066
SMA_100_1d,1,-8.017576352990936,-0.03148248796017057,-0.1392743776598222,-8.180592505953774,0.16301615296283778
SMA_100_1d,5,-2.5145441675026396,-0.04662366426016311,-0.18840599294181623,-2.4340027652499465,-0.08054140225269313
SMA_100_1d,20,-1.5127838308931467,-0.053289926017893965,-0.2031727253205433,-1.349677661402739,-0.16310616949040768
SMA_100_1d,40,-1.3139128615395212,-0.0783437725784698,-0.27463303162528135,-1.0768963996096856,-0.2370164619298356
SMA_100_1d,60,-1.1856001163580594,-0.11319558902825912,-0.35492237852337016,-0.8756423287610003,-0.30995778759705905
SMA_100_1d,120,-0.9826331206620991,-0.21077303192288832,-0.5090033878057175,-0.5255386671699414,-0.4570944534921577
LAG_5_1d,1,-8.096978752282208,-0.04811947004017388,-0.20812041462690817,-8.405488909385312,0.3085101571031039
LAG_5_1d,5,-2.666556655214606,-0.06580441103941814,-0.2607502248617092,-2.584729493190205,-0.0818271620244011
LAG_5_1d,20,-1.6702696441631317,-0.08203978409689323,-0.3010750184748477,-1.4560507053706302,-0.21421893879250153
LAG_5_1d,40,-1.4164610736220944,-0.1205739814753367,-0.39854507297220815,-1.1018033439442145,-0.31465772967787986
LAG_5_1d,60,-1.2177153461797567,-0.15645323419007287,-0.4590628647626413,-0.840954842608414,-0.3767605035713427
LAG_5_1d,120,-1.019666384046971,-0.23260938358539818,-0.5634850732682328,-0.5130284899495486,-0.5066378940974224
state_SORTINO_RATIO_1d,1,-6.251194009245741,0.0029442911622755267,0.01492526622439258,-6.2429640236010755,-0.008229985644665483
state_SORTINO_RATIO_1d,5,-1.2456501196271765,0.005381122884088785,0.026851371299384225,-1.2636817393450528,0.018031619717876257
state_SORTINO_RATIO_1d,20,-0.2701211702282858,0.007792561231119124,0.03823163055789612,-0.3062432144224848,0.03612204419419901
state_SORTINO_RATIO_1d,40,-0.04526965222799868,0.013872305754737302,0.062448952117112086,-0.10884255576106198,0.0635729035330633
state_SORTINO_RATIO_1d,60,0.015161439776256424,0.018803627764423587,0.07739074609641093,-0.06513113254659535,0.08029257232285177
state_SORTINO_RATIO_1d,120,0.014549010885308404,0.013434441254350614,0.04836077631207144,-0.03527903129470774,0.049828042180016144
state_gk_volatility_1d,1,-5.774327403893535,0.01534888334097167,0.07690231364698116,-5.745353576372339,-0.02897382752119615
state_gk_volatility_1d,5,-1.1732619469902095,0.012981073169931918,0.06307680505526096,-1.2170692256609081,0.04380727867069867
state_gk_volatility_1d,20,-0.323152535125665,0.0006383288127509201,0.003026716673471835,-0.3259963443690538,0.002843809243388784
state_gk_volatility_1d,40,-0.1690388881135611,-0.011147776819912752,-0.04696056060426057,-0.12058187681031567,-0.04845701130324544
state_gk_volatility_1d,60,-0.07626965077842278,-0.006028402584140915,-0.022458193136856194,-0.052157188538921935,-0.024112462239500844
state_gk_volatility_1d,120,-0.03870513098609738,-0.01947545007924719,-0.06182119323350384,0.02994904234529378,-0.06865417333139116
LAG_10_1d,1,-8.128788920262295,-0.045718656476095736,-0.1986166834052659,-8.415216867650608,0.28642794738831334
LAG_10_1d,5,-2.6940314855308354,-0.06300951603428911,-0.24970603802824892,-2.612579701849552,-0.08145178368128336
LAG_10_1d,20,-1.6690266683132993,-0.07940498443512871,-0.29210750011056635,-1.458293332121204,-0.21073333619209533
LAG_10_1d,40,-1.3886431103139176,-0.11476225257435023,-0.3783040718997249,-1.0852805421835636,-0.303362568130354
LAG_10_1d,60,-1.2081608275053703,-0.14800794284302088,-0.4367553740251696,-0.842991153540949,-0.36516967396442135
LAG_10_1d,120,-1.007829560959778,-0.22752109196751832,-0.5507424259315867,-0.5164529716260353,-0.49137658933374273
state_SHARPE_RATIO_1d,1,-6.28452557264466,0.0038007446987086083,0.019254962772623157,-6.274174211756476,-0.010351360888184225
state_SHARPE_RATIO_1d,5,-1.246852901320953,0.005563379376216663,0.027707112862873255,-1.265404920562481,0.01855201924152805
state_SHARPE_RATIO_1d,20,-0.26699825051713344,0.0085617199957985,0.04155794272662352,-0.30625829837156016,0.039260047854426716
state_SHARPE_RATIO_1d,40,-0.03333427786413057,0.015324717457041495,0.06843295762034354,-0.1030409224419978,0.06970664457786724
state_SHARPE_RATIO_1d,60,0.02621008412068247,0.019604710060325395,0.07990369428687866,-0.056600703764244635,0.0828107878849271
state_SHARPE_RATIO_1d,120,0.015114143530636382,0.013119667688136086,0.046462933278662286,-0.03288169382759354,0.04799583735822992
state_CDL_HAMMER_1d,1,-1.401892821722328,0.0006579805283639268,0.017522619272014,-1.391627876617955,-0.010264945104373036
state_CDL_HAMMER_1d,5,-0.25010523477587004,-9.413934958007742e-05,-0.002424401222701827,-0.24848016029092687,-0.001625074484943173
state_CDL_HAMMER_1d,20,-0.057812595233074214,0.0005228669756033078,0.013472959700050274,-0.07089089982958027,0.013078304596506059
state_CDL_HAMMER_1d,40,-0.003959742563453888,-0.000359520374916683,-0.0073254811970992675,0.004841928520436714,-0.008801671083890603
state_CDL_HAMMER_1d,60,0.026761308647177306,-0.002068847948266534,-0.030749415153035524,0.07859192492368657,-0.051830616276509256
state_CDL_HAMMER_1d,120,0.030844139287231228,-0.003082483365436911,-0.0411203397762541,0.10593253043709068,-0.07508839114985945
SMA_50_1d,1,-8.061333883477959,-0.037886623585081554,-0.16604064559810588,-8.275499901164538,0.21416601768657983
SMA_50_1d,5,-2.5753314504564977,-0.052384834438825696,-0.2092059192954081,-2.4929271839139355,-0.08240426654256217
SMA_50_1d,20,-1.545637839328184,-0.06264219734209035,-0.23511914920968702,-1.3629088327084509,-0.18272900661973313
SMA_50_1d,40,-1.2969913224104135,-0.08868059283993371,-0.3020226665603198,-1.0406253396285317,-0.25636598278188183
SMA_50_1d,60,-1.1526371169726144,-0.11718259190486459,-0.35980338880488644,-0.8381055690131182,-0.3145315479594962
SMA_50_1d,120,-0.9747934929787142,-0.20575549873072216,-0.49908491290018364,-0.5332820975254705,-0.4415113954532437
state_KURTOSIS_1d,1,-6.312175892463182,-0.01288325219153721,-0.07115211228490113,-6.370872302932469,0.05869641046928642
state_KURTOSIS_1d,5,-1.3033485777032883,-0.018463656425139904,-0.09677705002982714,-1.2454029866009573,-0.057945591102330996
state_KURTOSIS_1d,20,-0.4474114626003245,-0.021325223359004615,-0.10493290340262232,-0.3493047793325711,-0.0981066832677534
state_KURTOSIS_1d,40,-0.2682677991260757,-0.02256176037269584,-0.10297796563644415,-0.16434229841754192,-0.10392550070853376
state_KURTOSIS_1d,60,-0.1908784702978971,-0.028540993955378822,-0.116064002234689,-0.06855479263319177,-0.12232367766470532
state_KURTOSIS_1d,120,-0.09972302867194986,-0.02905955255369639,-0.10681881393774909,0.01703867340606816,-0.11676170207801802
state_LAG_10_1d,1,-5.186499785943631,-0.016667871486238092,-0.06471918016240762,-5.23617971448948,0.04967992854584935
state_LAG_10_1d,5,-1.0360863245601555,-0.013721603753033395,-0.05072771105047321,-1.0039674446924967,-0.03211887986765882
state_LAG_10_1d,20,-0.20454795586667532,-0.014488919447562958,-0.05224442948433782,-0.1555679442044995,-0.04898001166217583
state_LAG_10_1d,40,-0.10616097958327526,-0.01415530841251332,-0.04702464085133032,-0.05865124145417118,-0.047509738129104084
state_LAG_10_1d,60,-0.04529435515180909,-0.016760895062713613,-0.05194284574288975,0.00834794081661433,-0.05364229596842342
state_LAG_10_1d,120,-0.012650728030432467,-0.015889138289581058,-0.041351386174234124,0.030552124662648842,-0.04320285269308131
state_macro_composite_score_1d,1,-5.430645386998529,-0.000983459625984491,-0.00658632442999252,-5.434701917918237,0.0040565309197075905
state_macro_composite_score_1d,5,-1.21406579125142,0.0004905672215169461,0.0032426066518669587,-1.2162091679674607,0.0021433767160408124
state_macro_composite_score_1d,20,-0.40295191008970266,-0.003183930382423208,-0.01977488946584116,-0.38427576022928134,-0.01867614986042132
state_macro_composite_score_1d,40,-0.214045807479405,-0.0026652444917909823,-0.014242402515748395,-0.19928092184112292,-0.014764885638282071
state_macro_composite_score_1d,60,-0.14383119958973142,7.070184477356234e-05,0.00036334072560753215,-0.14422818190838765,0.00039698231865623046
state_macro_composite_score_1d,120,-0.055640417935556165,0.006932641294265506,0.0326341180970911,-0.09191276306144934,0.036272345125893175
state_ABB_Lower_1d,1,-5.553878572513674,-0.03143905810912772,-0.13093552738309705,-5.681087745618087,0.12720917310441315
state_ABB_Lower_1d,5,-1.1995905670179634,-0.03724861670238409,-0.15032503439540926,-1.1128022175286503,-0.08678834948931313
state_ABB_Lower_1d,20,-0.2759271327894375,-0.026929589341440446,-0.10724055377244596,-0.17593489139933025,-0.09999224139010723
state_ABB_Lower_1d,40,-0.023485522998032582,-0.013763199192992959,-0.04957299498967936,0.027059664885490504,-0.050545187883523086
state_ABB_Lower_1d,60,0.03216261329315337,0.0029961661006802425,0.009837909985493899,0.021864834470372484,0.010297778822780886
state_ABB_Lower_1d,120,0.06300956325502473,0.01709818648192234,0.04943581337328802,0.010806578792044497,0.05220298446298023
state_volume_rs_1d,1,-6.4941509545657405,-0.001833219605616665,-0.009386567172075358,-6.500050522641019,0.005899568075278694
state_volume_rs_1d,5,-1.2331842221939262,-0.001259466684937084,-0.0061294987757236725,-1.22917169751459,-0.004012524679336105
state_volume_rs_1d,20,-0.31008379228727856,-0.0028912326139692197,-0.01301531846791035,-0.29788066808888275,-0.01220312419839581
state_volume_rs_1d,40,-0.14806991717481216,-0.005864768415711812,-0.022723506304914987,-0.12497338334120593,-0.023096533833606228
state_volume_rs_1d,60,-0.093843764338111,-0.0053188072535063,-0.018944506612061665,-0.0740246834443268,-0.01981908089378419
state_volume_rs_1d,120,-0.051877916437792014,-0.011125874219351259,-0.03259042421851447,-0.017029611943555862,-0.03484830449423615
state_peer_breadth_excess_1d,1,-5.432913031792531,0.005298894576274079,0.02818899970375199,-5.418209017814648,-0.01470401397788379
state_peer_breadth_excess_1d,5,-0.8719412102499267,0.004847149916485125,0.02497487676059112,-0.8888745361452062,0.016933325895279516
state_peer_breadth_excess_1d,20,-0.14986854788581044,0.003677443919395607,0.0178627944258642,-0.16669059482676904,0.016822046940958596
state_peer_breadth_excess_1d,40,0.008437448038122908,0.006326892116494294,0.028524444246247057,-0.020608999378248567,0.029046447416371475
state_peer_breadth_excess_1d,60,0.03223134787541691,0.003663064973544828,0.015024116430655985,0.01657912503721569,0.015652222838201224
state_peer_breadth_excess_1d,120,0.07095250427752631,0.023089525286584582,0.08397486800667127,-0.015663961396325338,0.08661646567385164
