component,class_or_function,category,file,engagement_status,value_status,risk_rules,added_columns_static,imported_by_count,referenced_by_count,has_test_reference,harness_status,harness_added_columns,lineage_reached_model,ablation_delta,recommended_action
src.__init__,__init__,utility_or_unknown,__init__.py,ACTIVE_WITH_TEST_REFERENCE,ACTIVE_VALUE_UNKNOWN,,,0,418,True,,,,,"Engaged, but runtime lineage/ablation not yet available."
src.algorithms.adaptive_position_sizer.PositionSizingParams,PositionSizingParams,algorithm,algorithms/adaptive_position_sizer.py,ACTIVE_RISKY,NEEDS_FIX_BEFORE_VALUE_TEST,TARGET_COLUMN_IN_NON_TARGET_COMPONENT,,0,3,True,,,,,Risk findings exist; fix correctness/leakage before judging value.
src.algorithms.adaptive_position_sizer.LiquidityParams,LiquidityParams,algorithm,algorithms/adaptive_position_sizer.py,ACTIVE_RISKY,NEEDS_FIX_BEFORE_VALUE_TEST,TARGET_COLUMN_IN_NON_TARGET_COMPONENT,,0,2,True,,,,,Risk findings exist; fix correctness/leakage before judging value.
src.algorithms.adaptive_position_sizer.AdaptivePositionSizer,AdaptivePositionSizer,algorithm,algorithms/adaptive_position_sizer.py,ACTIVE_RISKY,NEEDS_FIX_BEFORE_VALUE_TEST,TARGET_COLUMN_IN_NON_TARGET_COMPONENT,,0,4,True,,,,,Risk findings exist; fix correctness/leakage before judging value.
src.algorithms.advanced_backtest_engine.AdvancedBacktestEngine,AdvancedBacktestEngine,algorithm,algorithms/advanced_backtest_engine.py,ACTIVE_WITH_TEST_REFERENCE,ACTIVE_VALUE_UNKNOWN,,,0,5,True,,,,,"Engaged, but runtime lineage/ablation not yet available."
src.algorithms.bias_detector.BiasDetector,BiasDetector,algorithm,algorithms/bias_detector.py,ACTIVE_RISKY,NEEDS_FIX_BEFORE_VALUE_TEST,FUTURE_SHIFT,,0,8,True,TIMEOUT,,,,Risk findings exist; fix correctness/leakage before judging value.
src.algorithms.regime_detector.RegimeMetrics,RegimeMetrics,algorithm,algorithms/regime_detector.py,ACTIVE_WITH_TEST_REFERENCE,ACTIVE_VALUE_UNKNOWN,,,0,9,True,,,,,"Engaged, but runtime lineage/ablation not yet available."
src.algorithms.regime_detector.MarketRegimeDetector,MarketRegimeDetector,algorithm,algorithms/regime_detector.py,ACTIVE_WITH_TEST_REFERENCE,ACTIVE_VALUE_UNKNOWN,,,0,11,True,TIMEOUT,,,,"Engaged, but runtime lineage/ablation not yet available."
src.algorithms.risk_parity_allocator.AllocationMethod,AllocationMethod,algorithm,algorithms/risk_parity_allocator.py,ACTIVE_RISKY,NEEDS_FIX_BEFORE_VALUE_TEST,SILENT_EMPTY_RETURN;TARGET_COLUMN_IN_NON_TARGET_COMPONENT,,0,2,True,,,,,Risk findings exist; fix correctness/leakage before judging value.
src.algorithms.risk_parity_allocator.RiskParityAllocator,RiskParityAllocator,algorithm,algorithms/risk_parity_allocator.py,ACTIVE_RISKY,NEEDS_FIX_BEFORE_VALUE_TEST,SILENT_EMPTY_RETURN;TARGET_COLUMN_IN_NON_TARGET_COMPONENT,,0,4,True,,,,,Risk findings exist; fix correctness/leakage before judging value.
src.algorithms.transaction_cost_model.TransactionCostModel,TransactionCostModel,algorithm,algorithms/transaction_cost_model.py,ACTIVE_WITH_TEST_REFERENCE,ACTIVE_VALUE_UNKNOWN,,,0,7,True,,,,,"Engaged, but runtime lineage/ablation not yet available."
src.algorithms.walk_forward_optimizer.WalkForwardOptimizer,WalkForwardOptimizer,algorithm,algorithms/walk_forward_optimizer.py,ACTIVE_RISKY,NEEDS_FIX_BEFORE_VALUE_TEST,SILENT_EMPTY_RETURN,,0,6,True,,,,,Risk findings exist; fix correctness/leakage before judging value.
src.algorithms.walk_forward_optimizer.WalkForwardOptimizerExtended,WalkForwardOptimizerExtended,algorithm,algorithms/walk_forward_optimizer.py,ACTIVE_RISKY,NEEDS_FIX_BEFORE_VALUE_TEST,SILENT_EMPTY_RETURN,,0,3,True,,,,,Risk findings exist; fix correctness/leakage before judging value.
src.algorithms.__init__,__init__,algorithm,algorithms/__init__.py,ACTIVE_WITH_TEST_REFERENCE,ACTIVE_VALUE_UNKNOWN,,,0,418,True,,,,,"Engaged, but runtime lineage/ablation not yet available."
src.analytics.analyzer_registry.get_analyzer,get_analyzer,factory_registry,analytics/analyzer_registry.py,ORPHAN_LOW_SIGNAL,LOW_PRIORITY_ORPHAN,,,0,0,True,,,,,No evidence of engagement/value yet.
src.analytics.interfaces.IAnalyzer,IAnalyzer,analyzer,analytics/interfaces.py,ACTIVE_WITH_TEST_REFERENCE,ACTIVE_VALUE_UNKNOWN,,,0,58,True,TIMEOUT,,,,"Engaged, but runtime lineage/ablation not yet available."
src.analytics.unified_analytics_engine.UnifiedAnalyticsEngine,UnifiedAnalyticsEngine,utility_or_unknown,analytics/unified_analytics_engine.py,ACTIVE_RISKY,NEEDS_FIX_BEFORE_VALUE_TEST,SILENT_EMPTY_RETURN,,0,6,True,,,,,Risk findings exist; fix correctness/leakage before judging value.
src.analytics.__init__,__init__,utility_or_unknown,analytics/__init__.py,ACTIVE_WITH_TEST_REFERENCE,ACTIVE_VALUE_UNKNOWN,,,0,418,True,,,,,"Engaged, but runtime lineage/ablation not yet available."
src.calibration.adaptive_confidence_calibrator.AdaptiveConfidenceCalibrator,AdaptiveConfidenceCalibrator,utility_or_unknown,calibration/adaptive_confidence_calibrator.py,ORPHAN_LOW_SIGNAL,NEEDS_FIX_BEFORE_VALUE_TEST,SILENT_EMPTY_RETURN,,0,0,True,,,,,Risk findings exist; fix correctness/leakage before judging value.
src.calibration.calibration_engine.CalibrationEngine,CalibrationEngine,utility_or_unknown,calibration/calibration_engine.py,ACTIVE_RISKY,NEEDS_FIX_BEFORE_VALUE_TEST,SYNTHETIC_PRIMARY,,0,2,True,,,,,Risk findings exist; fix correctness/leakage before judging value.
src.calibration.__init__,__init__,utility_or_unknown,calibration/__init__.py,ACTIVE_WITH_TEST_REFERENCE,ACTIVE_VALUE_UNKNOWN,,,0,418,True,,,,,"Engaged, but runtime lineage/ablation not yet available."
src.cli.argument_parser.create_argument_parser,create_argument_parser,utility_or_unknown,cli/argument_parser.py,ACTIVE_NEEDS_RUNTIME_CONFIRMATION,ACTIVE_VALUE_UNKNOWN,,,0,0,False,,,,,"Engaged, but runtime lineage/ablation not yet available."
src.cli.argument_validator.ArgumentValidator,ArgumentValidator,validator,cli/argument_validator.py,ACTIVE_RISKY,NEEDS_FIX_BEFORE_VALUE_TEST,TARGET_COLUMN_IN_NON_TARGET_COMPONENT,,0,0,True,TIMEOUT,,,,Risk findings exist; fix correctness/leakage before judging value.
src.cli.batch_manager.BatchManager,BatchManager,utility_or_unknown,cli/batch_manager.py,ACTIVE_RISKY,NEEDS_FIX_BEFORE_VALUE_TEST,TARGET_COLUMN_IN_NON_TARGET_COMPONENT,,0,0,False,,,,,Risk findings exist; fix correctness/leakage before judging value.
src.cli.pipeline_data_loader.PipelineDataLoader,PipelineDataLoader,pipeline_stage,cli/pipeline_data_loader.py,ACTIVE_RISKY,NEEDS_FIX_BEFORE_VALUE_TEST,SILENT_EMPTY_RETURN,,0,0,False,,,,,Risk findings exist; fix correctness/leakage before judging value.
src.cli.pipeline_executor.PipelineExecutor,PipelineExecutor,pipeline_stage,cli/pipeline_executor.py,ACTIVE_RISKY,NEEDS_FIX_BEFORE_VALUE_TEST,SILENT_EMPTY_RETURN;TARGET_COLUMN_IN_NON_TARGET_COMPONENT,,0,7,True,,,,,Risk findings exist; fix correctness/leakage before judging value.
src.cli.pipeline_executor.profile_execution,profile_execution,utility_or_unknown,cli/pipeline_executor.py,ACTIVE_RISKY,NEEDS_FIX_BEFORE_VALUE_TEST,SILENT_EMPTY_RETURN;TARGET_COLUMN_IN_NON_TARGET_COMPONENT,,0,3,True,,,,,Risk findings exist; fix correctness/leakage before judging value.
src.colab.__init__,__init__,utility_or_unknown,colab/__init__.py,ACTIVE_WITH_TEST_REFERENCE,ACTIVE_VALUE_UNKNOWN,,,0,418,True,,,,,"Engaged, but runtime lineage/ablation not yet available."
src.config.model_registry.ModelRegistry,ModelRegistry,factory_registry,config/model_registry.py,ACTIVE_WITH_TEST_REFERENCE,ACTIVE_VALUE_UNKNOWN,,,0,4,True,,,,,"Engaged, but runtime lineage/ablation not yet available."
src.config.sentiment_config,sentiment_config,utility_or_unknown,config/sentiment_config.py,ACTIVE_NEEDS_RUNTIME_CONFIRMATION,ACTIVE_VALUE_UNKNOWN,,,0,4,False,,,,,"Engaged, but runtime lineage/ablation not yet available."
src.config.tickers.get_tickers,get_tickers,utility_or_unknown,config/tickers.py,ACTIVE_WITH_TEST_REFERENCE,ACTIVE_VALUE_UNKNOWN,,,0,87,True,,,,,"Engaged, but runtime lineage/ablation not yet available."
src.config.tickers.get_tickers_dict,get_tickers_dict,utility_or_unknown,config/tickers.py,ACTIVE_WITH_TEST_REFERENCE,ACTIVE_VALUE_UNKNOWN,,,0,85,True,,,,,"Engaged, but runtime lineage/ablation not yet available."
src.config.tickers.get_ticker_categories,get_ticker_categories,utility_or_unknown,config/tickers.py,ACTIVE_WITH_TEST_REFERENCE,ACTIVE_VALUE_UNKNOWN,,,0,85,True,,,,,"Engaged, but runtime lineage/ablation not yet available."
src.config.tickers.get_category_stats,get_category_stats,utility_or_unknown,config/tickers.py,ACTIVE_WITH_TEST_REFERENCE,ACTIVE_VALUE_UNKNOWN,,,0,85,True,,,,,"Engaged, but runtime lineage/ablation not yet available."
src.config.tickers.validate_tickers,validate_tickers,utility_or_unknown,config/tickers.py,ACTIVE_WITH_TEST_REFERENCE,ACTIVE_VALUE_UNKNOWN,,,0,86,True,,,,,"Engaged, but runtime lineage/ablation not yet available."
src.config.tickers.export_tickers_to_json,export_tickers_to_json,utility_or_unknown,config/tickers.py,ACTIVE_WITH_TEST_REFERENCE,ACTIVE_VALUE_UNKNOWN,,,0,85,True,,,,,"Engaged, but runtime lineage/ablation not yet available."
src.config.unified_config_manager.Environment,Environment,utility_or_unknown,config/unified_config_manager.py,ACTIVE_RISKY,NEEDS_FIX_BEFORE_VALUE_TEST,SILENT_EMPTY_RETURN,,0,78,True,,,,,Risk findings exist; fix correctness/leakage before judging value.
src.config.unified_config_manager.DynamicConfig,DynamicConfig,utility_or_unknown,config/unified_config_manager.py,ACTIVE_RISKY,NEEDS_FIX_BEFORE_VALUE_TEST,SILENT_EMPTY_RETURN,,0,74,True,,,,,Risk findings exist; fix correctness/leakage before judging value.
src.config.unified_config_manager.UnifiedConfigManager,UnifiedConfigManager,utility_or_unknown,config/unified_config_manager.py,ACTIVE_RISKY,NEEDS_FIX_BEFORE_VALUE_TEST,SILENT_EMPTY_RETURN,,0,112,True,,,,,Risk findings exist; fix correctness/leakage before judging value.
src.config.unified_config_manager.get_current_config,get_current_config,utility_or_unknown,config/unified_config_manager.py,ACTIVE_RISKY,NEEDS_FIX_BEFORE_VALUE_TEST,SILENT_EMPTY_RETURN,,0,121,True,,,,,Risk findings exist; fix correctness/leakage before judging value.
src.config.__init__,__init__,utility_or_unknown,config/__init__.py,ACTIVE_WITH_TEST_REFERENCE,ACTIVE_VALUE_UNKNOWN,,,0,418,True,,,,,"Engaged, but runtime lineage/ablation not yet available."
src.core.base_integration.BaseIntegration,BaseIntegration,utility_or_unknown,core/base_integration.py,ACTIVE_NEEDS_RUNTIME_CONFIRMATION,ACTIVE_VALUE_UNKNOWN,,,0,3,False,,,,,"Engaged, but runtime lineage/ablation not yet available."
src.core.exceptions.PipelineError,PipelineError,pipeline_stage,core/exceptions.py,ACTIVE_WITH_TEST_REFERENCE,ACTIVE_VALUE_UNKNOWN,,,0,53,True,,,,,"Engaged, but runtime lineage/ablation not yet available."
src.core.exceptions.DataLoadError,DataLoadError,utility_or_unknown,core/exceptions.py,ACTIVE_WITH_TEST_REFERENCE,ACTIVE_VALUE_UNKNOWN,,,0,54,True,,,,,"Engaged, but runtime lineage/ablation not yet available."
src.core.exceptions.DataProcessingError,DataProcessingError,utility_or_unknown,core/exceptions.py,ACTIVE_WITH_TEST_REFERENCE,ACTIVE_VALUE_UNKNOWN,,,0,98,True,,,,,"Engaged, but runtime lineage/ablation not yet available."
src.core.exceptions.ModelTrainingError,ModelTrainingError,model,core/exceptions.py,ACTIVE_WITH_TEST_REFERENCE,ACTIVE_VALUE_UNKNOWN,,,0,53,True,,,,,"Engaged, but runtime lineage/ablation not yet available."
src.core.exceptions.FeatureSelectionError,FeatureSelectionError,utility_or_unknown,core/exceptions.py,ACTIVE_WITH_TEST_REFERENCE,ACTIVE_VALUE_UNKNOWN,,,0,52,True,,,,,"Engaged, but runtime lineage/ablation not yet available."
src.core.exceptions.ConfigurationError,ConfigurationError,utility_or_unknown,core/exceptions.py,ACTIVE_WITH_TEST_REFERENCE,ACTIVE_VALUE_UNKNOWN,,,0,54,True,,,,,"Engaged, but runtime lineage/ablation not yet available."
src.core.version_checker.VersionChecker,VersionChecker,validator,core/version_checker.py,UNUSED_POTENTIALLY_VALUABLE,UNUSED_POTENTIALLY_VALUABLE,,,0,0,False,,,,,Not engaged statically but category suggests possible useful logic.
src.core.__init__,__init__,utility_or_unknown,core/__init__.py,ACTIVE_WITH_TEST_REFERENCE,ACTIVE_VALUE_UNKNOWN,,,0,418,True,,,,,"Engaged, but runtime lineage/ablation not yet available."
src.data.data_loader.DataLoaderConfig,DataLoaderConfig,utility_or_unknown,data/data_loader.py,ORPHAN_LOW_SIGNAL,LOW_PRIORITY_ORPHAN,,,0,0,False,,,,,No evidence of engagement/value yet.
src.data.data_loader.ColabDataLoader,ColabDataLoader,utility_or_unknown,data/data_loader.py,ORPHAN_LOW_SIGNAL,LOW_PRIORITY_ORPHAN,,,0,0,False,,,,,No evidence of engagement/value yet.
src.data.__init__,__init__,utility_or_unknown,data/__init__.py,ACTIVE_WITH_TEST_REFERENCE,ACTIVE_VALUE_UNKNOWN,,,0,418,True,,,,,"Engaged, but runtime lineage/ablation not yet available."
src.data_sources.local_file_data_source.LocalFileDataSource,LocalFileDataSource,collector,data_sources/local_file_data_source.py,ACTIVE_WITH_TEST_REFERENCE,ACTIVE_VALUE_UNKNOWN,,,0,2,True,,,,,"Engaged, but runtime lineage/ablation not yet available."
src.data_sources.__init__,__init__,collector,data_sources/__init__.py,ACTIVE_WITH_TEST_REFERENCE,ACTIVE_VALUE_UNKNOWN,,,0,418,True,,,,,"Engaged, but runtime lineage/ablation not yet available."
src.devtools.rule_generator.ContextRuleGenerator,ContextRuleGenerator,context_map,devtools/rule_generator.py,ACTIVE_RISKY,NEEDS_FIX_BEFORE_VALUE_TEST,FUTURE_SHIFT;SILENT_EMPTY_RETURN;TARGET_COLUMN_IN_NON_TARGET_COMPONENT,,0,4,False,,,,,Risk findings exist; fix correctness/leakage before judging value.
src.devtools.__init__,__init__,utility_or_unknown,devtools/__init__.py,ACTIVE_WITH_TEST_REFERENCE,ACTIVE_VALUE_UNKNOWN,,,0,418,True,,,,,"Engaged, but runtime lineage/ablation not yet available."
src.ensembling.stacked_ensemble.EnsembleResult,EnsembleResult,utility_or_unknown,ensembling/stacked_ensemble.py,ACTIVE_NEEDS_RUNTIME_CONFIRMATION,ACTIVE_VALUE_UNKNOWN,,,0,8,False,,,,,"Engaged, but runtime lineage/ablation not yet available."
src.ensembling.stacked_ensemble.StackedEnsemble,StackedEnsemble,utility_or_unknown,ensembling/stacked_ensemble.py,ACTIVE_NEEDS_RUNTIME_CONFIRMATION,ACTIVE_VALUE_UNKNOWN,,,0,11,False,,,,,"Engaged, but runtime lineage/ablation not yet available."
src.ensembling.stacked_ensemble.ensemble_forecast,ensemble_forecast,utility_or_unknown,ensembling/stacked_ensemble.py,ACTIVE_WITH_TEST_REFERENCE,ACTIVE_VALUE_UNKNOWN,,,0,9,True,,,,,"Engaged, but runtime lineage/ablation not yet available."
src.factories.model_factory.ModelFactory,ModelFactory,factory_registry,factories/model_factory.py,ACTIVE_RISKY,NEEDS_FIX_BEFORE_VALUE_TEST,SILENT_EMPTY_RETURN,,0,13,True,,,,,Risk findings exist; fix correctness/leakage before judging value.
src.factories.tree_model_factory.TreeModelFactory,TreeModelFactory,factory_registry,factories/tree_model_factory.py,ACTIVE_WITH_TEST_REFERENCE,ACTIVE_VALUE_UNKNOWN,,,0,2,True,,,,,"Engaged, but runtime lineage/ablation not yet available."
src.features.colab_context_integration.ContextAwareColabFeatureSelector,ContextAwareColabFeatureSelector,context_map,features/colab_context_integration.py,UNUSED_POTENTIALLY_VALUABLE,NEEDS_FIX_BEFORE_VALUE_TEST,TARGET_COLUMN_IN_NON_TARGET_COMPONENT,ticker,0,0,False,,,,,Risk findings exist; fix correctness/leakage before judging value.
src.features.colab_context_integration.save_feature_analysis,save_feature_analysis,context_map,features/colab_context_integration.py,UNUSED_POTENTIALLY_VALUABLE,NEEDS_FIX_BEFORE_VALUE_TEST,TARGET_COLUMN_IN_NON_TARGET_COMPONENT,ticker,0,0,False,,,,,Risk findings exist; fix correctness/leakage before judging value.
src.features.colab_context_integration.visualize_context_importance,visualize_context_importance,context_map,features/colab_context_integration.py,UNUSED_POTENTIALLY_VALUABLE,NEEDS_FIX_BEFORE_VALUE_TEST,TARGET_COLUMN_IN_NON_TARGET_COMPONENT,ticker,0,0,False,,,,,Risk findings exist; fix correctness/leakage before judging value.
src.features.context_aware_feature_selector.ContextAwareFeatureSelector,ContextAwareFeatureSelector,context_map,features/context_aware_feature_selector.py,ACTIVE_NEEDS_RUNTIME_CONFIRMATION,ACTIVE_VALUE_UNKNOWN,,,0,2,False,TIMEOUT,,,,"Engaged, but runtime lineage/ablation not yet available."
src.features.feature_cache.FeatureCache,FeatureCache,utility_or_unknown,features/feature_cache.py,ACTIVE_RISKY,NEEDS_FIX_BEFORE_VALUE_TEST,SILENT_EMPTY_RETURN,,0,2,False,,,,,Risk findings exist; fix correctness/leakage before judging value.
src.features.feature_cache.get_feature_cache,get_feature_cache,utility_or_unknown,features/feature_cache.py,ACTIVE_RISKY,NEEDS_FIX_BEFORE_VALUE_TEST,SILENT_EMPTY_RETURN,,0,4,False,,,,,Risk findings exist; fix correctness/leakage before judging value.
src.features.feature_cache.clear_feature_cache,clear_feature_cache,utility_or_unknown,features/feature_cache.py,ACTIVE_RISKY,NEEDS_FIX_BEFORE_VALUE_TEST,SILENT_EMPTY_RETURN,,0,2,False,,,,,Risk findings exist; fix correctness/leakage before judging value.
src.features.feature_cache.get_cache_stats,get_cache_stats,utility_or_unknown,features/feature_cache.py,ACTIVE_RISKY,NEEDS_FIX_BEFORE_VALUE_TEST,SILENT_EMPTY_RETURN,,0,2,False,,,,,Risk findings exist; fix correctness/leakage before judging value.
src.features.feature_orchestrator.FeatureOrchestrator,FeatureOrchestrator,pipeline_stage,features/feature_orchestrator.py,ACTIVE_RISKY,NEEDS_FIX_BEFORE_VALUE_TEST,SILENT_EMPTY_RETURN;TARGET_COLUMN_IN_NON_TARGET_COMPONENT,,0,18,False,,,,,Risk findings exist; fix correctness/leakage before judging value.
src.features.feature_selection_cache.FeatureSelectionCache,FeatureSelectionCache,selector,features/feature_selection_cache.py,UNUSED_POTENTIALLY_VALUABLE,NEEDS_FIX_BEFORE_VALUE_TEST,SILENT_EMPTY_RETURN;TARGET_COLUMN_IN_NON_TARGET_COMPONENT,,0,0,False,,,,,Risk findings exist; fix correctness/leakage before judging value.
src.features.feature_selection_cache.get_feature_selection_cache,get_feature_selection_cache,selector,features/feature_selection_cache.py,UNUSED_POTENTIALLY_VALUABLE,NEEDS_FIX_BEFORE_VALUE_TEST,SILENT_EMPTY_RETURN;TARGET_COLUMN_IN_NON_TARGET_COMPONENT,,0,0,False,,,,,Risk findings exist; fix correctness/leakage before judging value.
src.features.feature_selector.FeatureSelectorConfig,FeatureSelectorConfig,selector,features/feature_selector.py,ACTIVE_RISKY,NEEDS_FIX_BEFORE_VALUE_TEST,TARGET_COLUMN_IN_NON_TARGET_COMPONENT,ticker,0,2,True,TIMEOUT,,,,Risk findings exist; fix correctness/leakage before judging value.
src.features.feature_selector.SimpleFeatureSelector,SimpleFeatureSelector,selector,features/feature_selector.py,ACTIVE_RISKY,NEEDS_FIX_BEFORE_VALUE_TEST,TARGET_COLUMN_IN_NON_TARGET_COMPONENT,ticker,0,3,True,TIMEOUT,,,,Risk findings exist; fix correctness/leakage before judging value.
src.features.feature_selector.ColabFeatureSelector,ColabFeatureSelector,selector,features/feature_selector.py,ACTIVE_RISKY,NEEDS_FIX_BEFORE_VALUE_TEST,TARGET_COLUMN_IN_NON_TARGET_COMPONENT,ticker,0,3,True,TIMEOUT,,,,Risk findings exist; fix correctness/leakage before judging value.
src.features.feature_selector.FeatureSelector,FeatureSelector,selector,features/feature_selector.py,ACTIVE_RISKY,NEEDS_FIX_BEFORE_VALUE_TEST,TARGET_COLUMN_IN_NON_TARGET_COMPONENT,ticker,0,4,True,TIMEOUT,,,,Risk findings exist; fix correctness/leakage before judging value.
src.features.news_clusterer.NewsClusterer,NewsClusterer,utility_or_unknown,features/news_clusterer.py,ACTIVE_RISKY,NEEDS_FIX_BEFORE_VALUE_TEST,SILENT_EMPTY_RETURN,cluster_id;is_cluster_representative,0,1,False,,,,,Risk findings exist; fix correctness/leakage before judging value.
src.features.news_clusterer.cluster_news_simple,cluster_news_simple,utility_or_unknown,features/news_clusterer.py,ACTIVE_RISKY,NEEDS_FIX_BEFORE_VALUE_TEST,SILENT_EMPTY_RETURN,cluster_id;is_cluster_representative,0,2,False,,,,,Risk findings exist; fix correctness/leakage before judging value.
src.features.news_dataset_builder.NewsContextDatasetBuilder,NewsContextDatasetBuilder,context_map,features/news_dataset_builder.py,ACTIVE_RISKY,NEEDS_FIX_BEFORE_VALUE_TEST,SILENT_EMPTY_RETURN,dataset_version;generated_at;n_tickers;n_timeframes;ticker,0,3,True,,,,,Risk findings exist; fix correctness/leakage before judging value.
src.features.news_impact_classifier.NewsImpact,NewsImpact,utility_or_unknown,features/news_impact_classifier.py,ACTIVE_NEEDS_RUNTIME_CONFIRMATION,ACTIVE_VALUE_UNKNOWN,,,0,1,False,,,,,"Engaged, but runtime lineage/ablation not yet available."
src.features.news_impact_classifier.NewsImpactClassifier,NewsImpactClassifier,utility_or_unknown,features/news_impact_classifier.py,ACTIVE_NEEDS_RUNTIME_CONFIRMATION,ACTIVE_VALUE_UNKNOWN,,,0,2,False,,,,,"Engaged, but runtime lineage/ablation not yet available."
src.features.__init__,__init__,utility_or_unknown,features/__init__.py,ACTIVE_WITH_TEST_REFERENCE,ACTIVE_VALUE_UNKNOWN,,,0,418,True,,,,,"Engaged, but runtime lineage/ablation not yet available."
src.feature_engineering.__init__,__init__,enricher,feature_engineering/__init__.py,ACTIVE_WITH_TEST_REFERENCE,ACTIVE_VALUE_UNKNOWN,,,0,418,True,,,,,"Engaged, but runtime lineage/ablation not yet available."
src.integration.dashboard_data_bridge.DashboardDataBridge,DashboardDataBridge,utility_or_unknown,integration/dashboard_data_bridge.py,ORPHAN_LOW_SIGNAL,NEEDS_FIX_BEFORE_VALUE_TEST,SILENT_EMPTY_RETURN,,0,0,True,,,,,Risk findings exist; fix correctness/leakage before judging value.
src.integration.ensemble_performance_bridge.EnsemblePerformanceBridge,EnsemblePerformanceBridge,utility_or_unknown,integration/ensemble_performance_bridge.py,ACTIVE_RISKY,NEEDS_FIX_BEFORE_VALUE_TEST,SILENT_EMPTY_RETURN,,0,3,False,,,,,Risk findings exist; fix correctness/leakage before judging value.
src.integration.ensemble_selector,ensemble_selector,selector,integration/ensemble_selector.py,ACTIVE_WITH_TEST_REFERENCE,ACTIVE_VALUE_UNKNOWN,,,0,1,True,,,,,"Engaged, but runtime lineage/ablation not yet available."
src.integrations.base.BaseIntegration,BaseIntegration,utility_or_unknown,integrations/base.py,ACTIVE_WITH_TEST_REFERENCE,ACTIVE_VALUE_UNKNOWN,,,0,70,True,,,,,"Engaged, but runtime lineage/ablation not yet available."
src.main.system_orchestrator.ExecutionConfig,ExecutionConfig,pipeline_stage,main/system_orchestrator.py,ACTIVE_RISKY,NEEDS_FIX_BEFORE_VALUE_TEST,SILENT_EMPTY_RETURN,,0,1,True,,,,,Risk findings exist; fix correctness/leakage before judging value.
src.main.system_orchestrator.SystemOrchestrator,SystemOrchestrator,pipeline_stage,main/system_orchestrator.py,ACTIVE_RISKY,NEEDS_FIX_BEFORE_VALUE_TEST,SILENT_EMPTY_RETURN,,0,2,True,,,,,Risk findings exist; fix correctness/leakage before judging value.
src.main.__init__,__init__,utility_or_unknown,main/__init__.py,ACTIVE_WITH_TEST_REFERENCE,ACTIVE_VALUE_UNKNOWN,,,0,418,True,,,,,"Engaged, but runtime lineage/ablation not yet available."
src.meta_learning.base.BaseMetaComponent,BaseMetaComponent,utility_or_unknown,meta_learning/base.py,ACTIVE_WITH_TEST_REFERENCE,ACTIVE_VALUE_UNKNOWN,,,0,71,True,,,,,"Engaged, but runtime lineage/ablation not yet available."
src.meta_learning.real_time_learning.RealTimeLearning,RealTimeLearning,utility_or_unknown,meta_learning/real_time_learning.py,ACTIVE_WITH_TEST_REFERENCE,ACTIVE_VALUE_UNKNOWN,,confidence;market_volatility;position_size;profit_loss_positive;signal_strength,0,2,True,,,,,"Engaged, but runtime lineage/ablation not yet available."
src.meta_learning.real_time_learning.StrategyAdaptator,StrategyAdaptator,utility_or_unknown,meta_learning/real_time_learning.py,ACTIVE_WITH_TEST_REFERENCE,ACTIVE_VALUE_UNKNOWN,,confidence;market_volatility;position_size;profit_loss_positive;signal_strength,0,1,True,,,,,"Engaged, but runtime lineage/ablation not yet available."
src.meta_learning.real_time_learning.PerformanceTracker,PerformanceTracker,utility_or_unknown,meta_learning/real_time_learning.py,ACTIVE_WITH_TEST_REFERENCE,ACTIVE_VALUE_UNKNOWN,,confidence;market_volatility;position_size;profit_loss_positive;signal_strength,0,1,True,,,,,"Engaged, but runtime lineage/ablation not yet available."
src.meta_learning.real_time_learning.MetaLearner,MetaLearner,utility_or_unknown,meta_learning/real_time_learning.py,ACTIVE_WITH_TEST_REFERENCE,ACTIVE_VALUE_UNKNOWN,,confidence;market_volatility;position_size;profit_loss_positive;signal_strength,0,1,True,,,,,"Engaged, but runtime lineage/ablation not yet available."
src.meta_learning.__init__,__init__,utility_or_unknown,meta_learning/__init__.py,ACTIVE_WITH_TEST_REFERENCE,ACTIVE_VALUE_UNKNOWN,,,0,417,True,,,,,"Engaged, but runtime lineage/ablation not yet available."
src.metrics.base.BaseMetricCalculator,BaseMetricCalculator,calculator,metrics/base.py,ACTIVE_WITH_TEST_REFERENCE,ACTIVE_VALUE_UNKNOWN,,,0,70,True,INSTANTIATE_SKIPPED,,,,"Engaged, but runtime lineage/ablation not yet available."
src.metrics.calculator.MetricsCalculator,MetricsCalculator,calculator,metrics/calculator.py,ACTIVE_WITH_TEST_REFERENCE,ACTIVE_VALUE_UNKNOWN,,,0,28,True,TIMEOUT,,,,"Engaged, but runtime lineage/ablation not yet available."
src.models.enhanced_factory.EnhancedModelFactory,EnhancedModelFactory,model,models/enhanced_factory.py,ORPHAN_LOW_SIGNAL,NEEDS_FIX_BEFORE_VALUE_TEST,SILENT_EMPTY_RETURN,,0,0,False,,,,,Risk findings exist; fix correctness/leakage before judging value.
src.models.feature_selector.ModelFeatureSelector,ModelFeatureSelector,selector,models/feature_selector.py,ACTIVE_RISKY,NEEDS_FIX_BEFORE_VALUE_TEST,TARGET_COLUMN_IN_NON_TARGET_COMPONENT,,0,2,True,TIMEOUT,,,,Risk findings exist; fix correctness/leakage before judging value.
src.models.integrated_model_manager.IntegratedModelManager,IntegratedModelManager,model,models/integrated_model_manager.py,ACTIVE_NEEDS_RUNTIME_CONFIRMATION,ACTIVE_VALUE_UNKNOWN,,,0,2,False,,,,,"Engaged, but runtime lineage/ablation not yet available."
src.models.integrated_model_manager.get_integrated_model_manager,get_integrated_model_manager,model,models/integrated_model_manager.py,ACTIVE_NEEDS_RUNTIME_CONFIRMATION,ACTIVE_VALUE_UNKNOWN,,,0,2,False,,,,,"Engaged, but runtime lineage/ablation not yet available."
src.models.interfaces.BaseModel,BaseModel,model,models/interfaces.py,ACTIVE_WITH_TEST_REFERENCE,ACTIVE_VALUE_UNKNOWN,,,0,53,True,,,,,"Engaged, but runtime lineage/ablation not yet available."
src.models.loader.ModelLoaderStrategy,ModelLoaderStrategy,model,models/loader.py,ACTIVE_RISKY,NEEDS_FIX_BEFORE_VALUE_TEST,SILENT_EMPTY_RETURN,,0,7,True,,,,,Risk findings exist; fix correctness/leakage before judging value.
src.models.loader.ModelLoaderFactory,ModelLoaderFactory,model,models/loader.py,ACTIVE_RISKY,NEEDS_FIX_BEFORE_VALUE_TEST,SILENT_EMPTY_RETURN,,0,6,True,,,,,Risk findings exist; fix correctness/leakage before judging value.
src.models.model_pool.ModelPool,ModelPool,model,models/model_pool.py,ACTIVE_RISKY,NEEDS_FIX_BEFORE_VALUE_TEST,SILENT_EMPTY_RETURN,,0,4,False,,,,,Risk findings exist; fix correctness/leakage before judging value.
src.models.model_pool.get_model_pool,get_model_pool,model,models/model_pool.py,ACTIVE_RISKY,NEEDS_FIX_BEFORE_VALUE_TEST,SILENT_EMPTY_RETURN,,0,4,False,,,,,Risk findings exist; fix correctness/leakage before judging value.
src.models.model_pool.clear_model_pool,clear_model_pool,model,models/model_pool.py,ACTIVE_RISKY,NEEDS_FIX_BEFORE_VALUE_TEST,SILENT_EMPTY_RETURN,,0,3,False,,,,,Risk findings exist; fix correctness/leakage before judging value.
src.models.model_pool.get_pool_stats,get_pool_stats,model,models/model_pool.py,ACTIVE_RISKY,NEEDS_FIX_BEFORE_VALUE_TEST,SILENT_EMPTY_RETURN,,0,3,False,,,,,Risk findings exist; fix correctness/leakage before judging value.
src.models.persistent_pool.PersistentModelPool,PersistentModelPool,model,models/persistent_pool.py,ORPHAN_LOW_SIGNAL,NEEDS_FIX_BEFORE_VALUE_TEST,SILENT_EMPTY_RETURN,,0,0,True,,,,,Risk findings exist; fix correctness/leakage before judging value.
src.models.persistent_pool.get_persistent_pool,get_persistent_pool,model,models/persistent_pool.py,ORPHAN_LOW_SIGNAL,NEEDS_FIX_BEFORE_VALUE_TEST,SILENT_EMPTY_RETURN,,0,0,True,,,,,Risk findings exist; fix correctness/leakage before judging value.
src.models.__init__,__init__,model,models/__init__.py,ACTIVE_WITH_TEST_REFERENCE,ACTIVE_VALUE_UNKNOWN,,,0,418,True,,,,,"Engaged, but runtime lineage/ablation not yet available."
src.monitoring.base.BaseMonitor,BaseMonitor,utility_or_unknown,monitoring/base.py,ACTIVE_WITH_TEST_REFERENCE,ACTIVE_VALUE_UNKNOWN,,,0,70,True,,,,,"Engaged, but runtime lineage/ablation not yet available."
src.monitoring.config.MonitoringConfig,MonitoringConfig,utility_or_unknown,monitoring/config.py,ACTIVE_WITH_TEST_REFERENCE,ACTIVE_VALUE_UNKNOWN,,,0,221,True,,,,,"Engaged, but runtime lineage/ablation not yet available."
src.monitoring.config.get_monitoring_config,get_monitoring_config,utility_or_unknown,monitoring/config.py,ACTIVE_WITH_TEST_REFERENCE,ACTIVE_VALUE_UNKNOWN,,,0,221,True,,,,,"Engaged, but runtime lineage/ablation not yet available."
src.monitoring.config.create_config_file,create_config_file,utility_or_unknown,monitoring/config.py,ACTIVE_WITH_TEST_REFERENCE,ACTIVE_VALUE_UNKNOWN,,,0,221,True,,,,,"Engaged, but runtime lineage/ablation not yet available."
src.monitoring.dashboard.TextBasedDashboard,TextBasedDashboard,utility_or_unknown,monitoring/dashboard.py,ACTIVE_NEEDS_RUNTIME_CONFIRMATION,ACTIVE_VALUE_UNKNOWN,,,0,12,False,,,,,"Engaged, but runtime lineage/ablation not yet available."
src.monitoring.dashboard.MonitoringDashboardGenerator,MonitoringDashboardGenerator,utility_or_unknown,monitoring/dashboard.py,ACTIVE_NEEDS_RUNTIME_CONFIRMATION,ACTIVE_VALUE_UNKNOWN,,,0,14,False,,,,,"Engaged, but runtime lineage/ablation not yet available."
src.monitoring.data_freshness_monitor.DataFreshnessMonitor,DataFreshnessMonitor,utility_or_unknown,monitoring/data_freshness_monitor.py,ACTIVE_RISKY,NEEDS_FIX_BEFORE_VALUE_TEST,SILENT_EMPTY_RETURN,,0,5,False,,,,,Risk findings exist; fix correctness/leakage before judging value.
src.monitoring.data_freshness_monitor.get_data_freshness_monitor,get_data_freshness_monitor,utility_or_unknown,monitoring/data_freshness_monitor.py,ACTIVE_RISKY,NEEDS_FIX_BEFORE_VALUE_TEST,SILENT_EMPTY_RETURN,,0,6,False,,,,,Risk findings exist; fix correctness/leakage before judging value.
src.monitoring.drift_detector.DriftDetector,DriftDetector,detector,monitoring/drift_detector.py,UNUSED_POTENTIALLY_VALUABLE,UNUSED_POTENTIALLY_VALUABLE,,,0,0,False,TIMEOUT,,,,Not engaged statically but category suggests possible useful logic.
src.monitoring.example_usage.create_sample_config,create_sample_config,utility_or_unknown,monitoring/example_usage.py,ORPHAN_LOW_SIGNAL,LOW_PRIORITY_ORPHAN,,,0,0,False,,,,,No evidence of engagement/value yet.
src.monitoring.example_usage.simulate_model_training,simulate_model_training,utility_or_unknown,monitoring/example_usage.py,ORPHAN_LOW_SIGNAL,LOW_PRIORITY_ORPHAN,,,0,0,False,,,,,No evidence of engagement/value yet.
src.monitoring.example_usage.simulate_data_processing,simulate_data_processing,utility_or_unknown,monitoring/example_usage.py,ORPHAN_LOW_SIGNAL,LOW_PRIORITY_ORPHAN,,,0,0,False,,,,,No evidence of engagement/value yet.
src.monitoring.example_usage.simulate_system_load,simulate_system_load,utility_or_unknown,monitoring/example_usage.py,ORPHAN_LOW_SIGNAL,LOW_PRIORITY_ORPHAN,,,0,0,False,,,,,No evidence of engagement/value yet.
src.monitoring.example_usage.run_monitoring_demo,run_monitoring_demo,utility_or_unknown,monitoring/example_usage.py,ORPHAN_LOW_SIGNAL,LOW_PRIORITY_ORPHAN,,,0,0,False,,,,,No evidence of engagement/value yet.
src.monitoring.example_usage.run_interactive_dashboard_demo,run_interactive_dashboard_demo,utility_or_unknown,monitoring/example_usage.py,ORPHAN_LOW_SIGNAL,LOW_PRIORITY_ORPHAN,,,0,0,False,,,,,No evidence of engagement/value yet.
src.monitoring.example_usage.main,main,utility_or_unknown,monitoring/example_usage.py,ACTIVE_WITH_TEST_REFERENCE,ACTIVE_VALUE_UNKNOWN,,,0,28,True,,,,,"Engaged, but runtime lineage/ablation not yet available."
src.monitoring.feature_drift_monitor.FeatureDriftMonitor,FeatureDriftMonitor,utility_or_unknown,monitoring/feature_drift_monitor.py,ACTIVE_RISKY,NEEDS_FIX_BEFORE_VALUE_TEST,TARGET_COLUMN_IN_NON_TARGET_COMPONENT,,0,6,False,,,,,Risk findings exist; fix correctness/leakage before judging value.
src.monitoring.feature_drift_monitor.check_feature_drift,check_feature_drift,utility_or_unknown,monitoring/feature_drift_monitor.py,ACTIVE_RISKY,NEEDS_FIX_BEFORE_VALUE_TEST,TARGET_COLUMN_IN_NON_TARGET_COMPONENT,,0,6,False,,,,,Risk findings exist; fix correctness/leakage before judging value.
src.monitoring.feature_drift_monitor.get_feature_drift_monitor,get_feature_drift_monitor,utility_or_unknown,monitoring/feature_drift_monitor.py,ACTIVE_RISKY,NEEDS_FIX_BEFORE_VALUE_TEST,TARGET_COLUMN_IN_NON_TARGET_COMPONENT,,0,7,False,,,,,Risk findings exist; fix correctness/leakage before judging value.
src.monitoring.health_hub.HealthHub,HealthHub,utility_or_unknown,monitoring/health_hub.py,ACTIVE_RISKY,NEEDS_FIX_BEFORE_VALUE_TEST,SILENT_EMPTY_RETURN,timestamp,0,6,True,,,,,Risk findings exist; fix correctness/leakage before judging value.
src.monitoring.ml_analytics.MLAnalytics,MLAnalytics,utility_or_unknown,monitoring/ml_analytics.py,ORPHAN_LOW_SIGNAL,NEEDS_FIX_BEFORE_VALUE_TEST,SILENT_EMPTY_RETURN,timestamp,0,0,True,,,,,Risk findings exist; fix correctness/leakage before judging value.
src.monitoring.monitoring_system.alertseverity,alertseverity,utility_or_unknown,monitoring/monitoring_system.py,ACTIVE_RISKY,NEEDS_FIX_BEFORE_VALUE_TEST,SILENT_EMPTY_RETURN,,0,7,False,,,,,Risk findings exist; fix correctness/leakage before judging value.
src.monitoring.monitoring_system.alertstatus,alertstatus,utility_or_unknown,monitoring/monitoring_system.py,ACTIVE_RISKY,NEEDS_FIX_BEFORE_VALUE_TEST,SILENT_EMPTY_RETURN,,0,6,False,,,,,Risk findings exist; fix correctness/leakage before judging value.
src.monitoring.monitoring_system.MetricType,MetricType,calculator,monitoring/monitoring_system.py,ACTIVE_RISKY,NEEDS_FIX_BEFORE_VALUE_TEST,SILENT_EMPTY_RETURN,,0,6,False,,,,,Risk findings exist; fix correctness/leakage before judging value.
src.monitoring.monitoring_system.BaseMonitor,BaseMonitor,utility_or_unknown,monitoring/monitoring_system.py,ACTIVE_RISKY,NEEDS_FIX_BEFORE_VALUE_TEST,SILENT_EMPTY_RETURN,,0,7,False,,,,,Risk findings exist; fix correctness/leakage before judging value.
src.monitoring.monitoring_system.SystemHealthMonitor,SystemHealthMonitor,utility_or_unknown,monitoring/monitoring_system.py,ACTIVE_RISKY,NEEDS_FIX_BEFORE_VALUE_TEST,SILENT_EMPTY_RETURN,,0,7,False,,,,,Risk findings exist; fix correctness/leakage before judging value.
src.monitoring.monitoring_system.ModelPerformanceMonitor,ModelPerformanceMonitor,model,monitoring/monitoring_system.py,ACTIVE_RISKY,NEEDS_FIX_BEFORE_VALUE_TEST,SILENT_EMPTY_RETURN,,0,8,False,,,,,Risk findings exist; fix correctness/leakage before judging value.
src.monitoring.monitoring_system.DataQualityMonitor,DataQualityMonitor,utility_or_unknown,monitoring/monitoring_system.py,ACTIVE_RISKY,NEEDS_FIX_BEFORE_VALUE_TEST,SILENT_EMPTY_RETURN,,0,7,False,,,,,Risk findings exist; fix correctness/leakage before judging value.
src.monitoring.monitoring_system.AlertManager,AlertManager,utility_or_unknown,monitoring/monitoring_system.py,ACTIVE_RISKY,NEEDS_FIX_BEFORE_VALUE_TEST,SILENT_EMPTY_RETURN,,0,11,False,,,,,Risk findings exist; fix correctness/leakage before judging value.
src.monitoring.monitoring_system.MonitoringDashboard,MonitoringDashboard,utility_or_unknown,monitoring/monitoring_system.py,ACTIVE_RISKY,NEEDS_FIX_BEFORE_VALUE_TEST,SILENT_EMPTY_RETURN,,0,8,False,,,,,Risk findings exist; fix correctness/leakage before judging value.
src.monitoring.monitoring_system.MonitoringSystem,MonitoringSystem,utility_or_unknown,monitoring/monitoring_system.py,ACTIVE_RISKY,NEEDS_FIX_BEFORE_VALUE_TEST,SILENT_EMPTY_RETURN,,0,10,False,,,,,Risk findings exist; fix correctness/leakage before judging value.
src.monitoring.performance_monitor.PerformanceMonitor,PerformanceMonitor,utility_or_unknown,monitoring/performance_monitor.py,ACTIVE_NEEDS_RUNTIME_CONFIRMATION,ACTIVE_VALUE_UNKNOWN,,,0,1,False,,,,,"Engaged, but runtime lineage/ablation not yet available."
src.monitoring.run_dashboard.main,main,utility_or_unknown,monitoring/run_dashboard.py,ACTIVE_WITH_TEST_REFERENCE,ACTIVE_VALUE_UNKNOWN,,,0,28,True,,,,,"Engaged, but runtime lineage/ablation not yet available."
src.monitoring.tests.TestSystemHealthMonitor,TestSystemHealthMonitor,utility_or_unknown,monitoring/tests.py,ACTIVE_WITH_TEST_REFERENCE,ACTIVE_VALUE_UNKNOWN,,,0,10,True,,,,,"Engaged, but runtime lineage/ablation not yet available."
src.monitoring.tests.TestModelPerformanceMonitor,TestModelPerformanceMonitor,model,monitoring/tests.py,ACTIVE_WITH_TEST_REFERENCE,ACTIVE_VALUE_UNKNOWN,,,0,10,True,,,,,"Engaged, but runtime lineage/ablation not yet available."
src.monitoring.tests.TestDataQualityMonitor,TestDataQualityMonitor,utility_or_unknown,monitoring/tests.py,ACTIVE_WITH_TEST_REFERENCE,ACTIVE_VALUE_UNKNOWN,,,0,10,True,,,,,"Engaged, but runtime lineage/ablation not yet available."
src.monitoring.tests.TestAlertManager,TestAlertManager,utility_or_unknown,monitoring/tests.py,ACTIVE_WITH_TEST_REFERENCE,ACTIVE_VALUE_UNKNOWN,,,0,10,True,,,,,"Engaged, but runtime lineage/ablation not yet available."
src.monitoring.tests.TestMonitoringDashboard,TestMonitoringDashboard,utility_or_unknown,monitoring/tests.py,ACTIVE_WITH_TEST_REFERENCE,ACTIVE_VALUE_UNKNOWN,,,0,10,True,,,,,"Engaged, but runtime lineage/ablation not yet available."
src.monitoring.tests.TestTextBasedDashboard,TestTextBasedDashboard,utility_or_unknown,monitoring/tests.py,ACTIVE_WITH_TEST_REFERENCE,ACTIVE_VALUE_UNKNOWN,,,0,10,True,,,,,"Engaged, but runtime lineage/ablation not yet available."
src.monitoring.tests.TestMonitoringSystem,TestMonitoringSystem,utility_or_unknown,monitoring/tests.py,ACTIVE_WITH_TEST_REFERENCE,ACTIVE_VALUE_UNKNOWN,,,0,10,True,,,,,"Engaged, but runtime lineage/ablation not yet available."
src.monitoring.tests.TestMonitoringDashboardGenerator,TestMonitoringDashboardGenerator,utility_or_unknown,monitoring/tests.py,ACTIVE_WITH_TEST_REFERENCE,ACTIVE_VALUE_UNKNOWN,,,0,10,True,,,,,"Engaged, but runtime lineage/ablation not yet available."
src.monitoring.__init__,__init__,utility_or_unknown,monitoring/__init__.py,ACTIVE_WITH_TEST_REFERENCE,ACTIVE_VALUE_UNKNOWN,,,0,418,True,,,,,"Engaged, but runtime lineage/ablation not yet available."
src.optimization.base.BaseOptimizer,BaseOptimizer,algorithm,optimization/base.py,ACTIVE_WITH_TEST_REFERENCE,ACTIVE_VALUE_UNKNOWN,,,0,72,True,,,,,"Engaged, but runtime lineage/ablation not yet available."
src.optimization.dynamic_config_updater.DynamicConfigurationUpdater,DynamicConfigurationUpdater,algorithm,optimization/dynamic_config_updater.py,UNUSED_POTENTIALLY_VALUABLE,UNUSED_POTENTIALLY_VALUABLE,,,0,0,False,,,,,Not engaged statically but category suggests possible useful logic.
src.optimization.factory.OptimizationFactory,OptimizationFactory,algorithm,optimization/factory.py,ACTIVE_WITH_TEST_REFERENCE,ACTIVE_VALUE_UNKNOWN,,,0,14,True,,,,,"Engaged, but runtime lineage/ablation not yet available."
src.optimization.hyperparameter_searcher.HyperparameterSearcher,HyperparameterSearcher,algorithm,optimization/hyperparameter_searcher.py,UNUSED_POTENTIALLY_VALUABLE,NEEDS_FIX_BEFORE_VALUE_TEST,SILENT_EMPTY_RETURN,,0,0,True,,,,,Risk findings exist; fix correctness/leakage before judging value.
src.optimization.__init__,__init__,algorithm,optimization/__init__.py,ACTIVE_WITH_TEST_REFERENCE,ACTIVE_VALUE_UNKNOWN,,,0,418,True,,,,,"Engaged, but runtime lineage/ablation not yet available."
src.patterns.pattern_analyzer.PatternDebugger,PatternDebugger,utility_or_unknown,patterns/pattern_analyzer.py,ACTIVE_RISKY,NEEDS_FIX_BEFORE_VALUE_TEST,SILENT_EMPTY_RETURN,,0,1,True,,,,,Risk findings exist; fix correctness/leakage before judging value.
src.patterns.pattern_analyzer.PatternAnalyzer,PatternAnalyzer,analyzer,patterns/pattern_analyzer.py,ACTIVE_RISKY,NEEDS_FIX_BEFORE_VALUE_TEST,SILENT_EMPTY_RETURN,,0,1,True,TIMEOUT,,,,Risk findings exist; fix correctness/leakage before judging value.
src.pipeline.constants,constants,utility_or_unknown,pipeline/constants.py,ACTIVE_NEEDS_RUNTIME_CONFIRMATION,ACTIVE_VALUE_UNKNOWN,,,0,6,False,,,,,"Engaged, but runtime lineage/ablation not yet available."
src.pipeline.hybrid_orchestrator.HybridOrchestrator,HybridOrchestrator,pipeline_stage,pipeline/hybrid_orchestrator.py,ACTIVE_NEEDS_RUNTIME_CONFIRMATION,ACTIVE_VALUE_UNKNOWN,,,0,10,False,,,,,"Engaged, but runtime lineage/ablation not yet available."
src.pipeline.pipeline_factory.PipelineFactory,PipelineFactory,factory_registry,pipeline/pipeline_factory.py,ACTIVE_NEEDS_RUNTIME_CONFIRMATION,ACTIVE_VALUE_UNKNOWN,,,0,0,False,,,,,"Engaged, but runtime lineage/ablation not yet available."
src.pipeline.pipeline_orchestrator.StageLoggingRequest,StageLoggingRequest,pipeline_stage,pipeline/pipeline_orchestrator.py,ACTIVE_RISKY,NEEDS_FIX_BEFORE_VALUE_TEST,SILENT_EMPTY_RETURN,,0,8,True,,,,,Risk findings exist; fix correctness/leakage before judging value.
src.pipeline.pipeline_orchestrator.PipelineOrchestrator,PipelineOrchestrator,pipeline_stage,pipeline/pipeline_orchestrator.py,ACTIVE_RISKY,NEEDS_FIX_BEFORE_VALUE_TEST,SILENT_EMPTY_RETURN,,0,18,True,,,,,Risk findings exist; fix correctness/leakage before judging value.
src.pipeline.stage_loader.StageLoader,StageLoader,pipeline_stage,pipeline/stage_loader.py,ACTIVE_WITH_TEST_REFERENCE,ACTIVE_VALUE_UNKNOWN,,,0,0,True,,,,,"Engaged, but runtime lineage/ablation not yet available."
src.predictions.caching.PredictionCache,PredictionCache,utility_or_unknown,predictions/caching.py,ACTIVE_RISKY,NEEDS_FIX_BEFORE_VALUE_TEST,SILENT_EMPTY_RETURN,,0,17,False,,,,,Risk findings exist; fix correctness/leakage before judging value.
src.predictions.caching.EnsembleResultCache,EnsembleResultCache,utility_or_unknown,predictions/caching.py,ACTIVE_RISKY,NEEDS_FIX_BEFORE_VALUE_TEST,SILENT_EMPTY_RETURN,,0,17,False,,,,,Risk findings exist; fix correctness/leakage before judging value.
src.predictions.caching.get_prediction_cache,get_prediction_cache,utility_or_unknown,predictions/caching.py,ACTIVE_RISKY,NEEDS_FIX_BEFORE_VALUE_TEST,SILENT_EMPTY_RETURN,,0,17,False,,,,,Risk findings exist; fix correctness/leakage before judging value.
src.predictions.caching.get_ensemble_cache,get_ensemble_cache,utility_or_unknown,predictions/caching.py,ACTIVE_RISKY,NEEDS_FIX_BEFORE_VALUE_TEST,SILENT_EMPTY_RETURN,,0,18,False,,,,,Risk findings exist; fix correctness/leakage before judging value.
src.predictions.caching.clear_all_caches,clear_all_caches,utility_or_unknown,predictions/caching.py,ACTIVE_RISKY,NEEDS_FIX_BEFORE_VALUE_TEST,SILENT_EMPTY_RETURN,,0,17,False,,,,,Risk findings exist; fix correctness/leakage before judging value.
src.predictions.deep_predict.predict_lstm,predict_lstm,utility_or_unknown,predictions/deep_predict.py,ACTIVE_NEEDS_RUNTIME_CONFIRMATION,ACTIVE_VALUE_UNKNOWN,,,0,2,False,,,,,"Engaged, but runtime lineage/ablation not yet available."
src.predictions.deep_predict.predict_cnn,predict_cnn,utility_or_unknown,predictions/deep_predict.py,ACTIVE_NEEDS_RUNTIME_CONFIRMATION,ACTIVE_VALUE_UNKNOWN,,,0,2,False,,,,,"Engaged, but runtime lineage/ablation not yet available."
src.predictions.deep_predict.predict_transformer,predict_transformer,utility_or_unknown,predictions/deep_predict.py,ACTIVE_NEEDS_RUNTIME_CONFIRMATION,ACTIVE_VALUE_UNKNOWN,,,0,2,False,,,,,"Engaged, but runtime lineage/ablation not yet available."
src.predictions.deep_predict.predict_autoencoder,predict_autoencoder,utility_or_unknown,predictions/deep_predict.py,ACTIVE_NEEDS_RUNTIME_CONFIRMATION,ACTIVE_VALUE_UNKNOWN,,,0,1,False,,,,,"Engaged, but runtime lineage/ablation not yet available."
src.predictions.models_predict.safe_inverse_transform,safe_inverse_transform,model,predictions/models_predict.py,ORPHAN_LOW_SIGNAL,NEEDS_FIX_BEFORE_VALUE_TEST,TARGET_COLUMN_IN_NON_TARGET_COMPONENT,,0,0,True,,,,,Risk findings exist; fix correctness/leakage before judging value.
src.predictions.models_predict.predict_ml,predict_ml,model,predictions/models_predict.py,ORPHAN_LOW_SIGNAL,NEEDS_FIX_BEFORE_VALUE_TEST,TARGET_COLUMN_IN_NON_TARGET_COMPONENT,,0,0,True,,,,,Risk findings exist; fix correctness/leakage before judging value.
src.predictions.models_predict.predict_any,predict_any,model,predictions/models_predict.py,ORPHAN_LOW_SIGNAL,NEEDS_FIX_BEFORE_VALUE_TEST,TARGET_COLUMN_IN_NON_TARGET_COMPONENT,,0,0,True,,,,,Risk findings exist; fix correctness/leakage before judging value.
src.predictions.models_predict.get_predictions,get_predictions,model,predictions/models_predict.py,ORPHAN_LOW_SIGNAL,NEEDS_FIX_BEFORE_VALUE_TEST,TARGET_COLUMN_IN_NON_TARGET_COMPONENT,,0,0,True,,,,,Risk findings exist; fix correctness/leakage before judging value.
src.predictions.models_predict.predict_from_parquet,predict_from_parquet,model,predictions/models_predict.py,ORPHAN_LOW_SIGNAL,NEEDS_FIX_BEFORE_VALUE_TEST,TARGET_COLUMN_IN_NON_TARGET_COMPONENT,,0,0,True,,,,,Risk findings exist; fix correctness/leakage before judging value.
src.predictions.models_predict.predict_sentiment_models,predict_sentiment_models,model,predictions/models_predict.py,ORPHAN_LOW_SIGNAL,NEEDS_FIX_BEFORE_VALUE_TEST,TARGET_COLUMN_IN_NON_TARGET_COMPONENT,,0,0,True,,,,,Risk findings exist; fix correctness/leakage before judging value.
src.predictions.models_predict.convert_sentiment_signal_to_numeric,convert_sentiment_signal_to_numeric,model,predictions/models_predict.py,ORPHAN_LOW_SIGNAL,NEEDS_FIX_BEFORE_VALUE_TEST,TARGET_COLUMN_IN_NON_TARGET_COMPONENT,,0,0,True,,,,,Risk findings exist; fix correctness/leakage before judging value.
src.predictions.prediction_utils,prediction_utils,utility_or_unknown,predictions/prediction_utils.py,ACTIVE_NEEDS_RUNTIME_CONFIRMATION,ACTIVE_VALUE_UNKNOWN,,,0,2,False,,,,,"Engaged, but runtime lineage/ablation not yet available."
src.processing.cleaners.DataCleaner,DataCleaner,utility_or_unknown,processing/cleaners.py,ACTIVE_WITH_TEST_REFERENCE,ACTIVE_VALUE_UNKNOWN,,,0,3,True,,,,,"Engaged, but runtime lineage/ablation not yet available."
src.processing.cleaners.harmonize_dataframe,harmonize_dataframe,utility_or_unknown,processing/cleaners.py,ACTIVE_WITH_TEST_REFERENCE,ACTIVE_VALUE_UNKNOWN,,,0,1,True,,,,,"Engaged, but runtime lineage/ablation not yet available."
src.processing.cleaners.safe_fill,safe_fill,utility_or_unknown,processing/cleaners.py,ACTIVE_WITH_TEST_REFERENCE,ACTIVE_VALUE_UNKNOWN,,,0,1,True,,,,,"Engaged, but runtime lineage/ablation not yet available."
src.processing.cleaners.sanitize_dataframe_timezone,sanitize_dataframe_timezone,utility_or_unknown,processing/cleaners.py,ACTIVE_WITH_TEST_REFERENCE,ACTIVE_VALUE_UNKNOWN,,,0,1,True,,,,,"Engaged, but runtime lineage/ablation not yet available."
src.processing.cleaners.generate_content_hash,generate_content_hash,utility_or_unknown,processing/cleaners.py,ACTIVE_WITH_TEST_REFERENCE,ACTIVE_VALUE_UNKNOWN,,,0,1,True,,,,,"Engaged, but runtime lineage/ablation not yet available."
src.processing.cleaners.normalize_to_unified_schema,normalize_to_unified_schema,utility_or_unknown,processing/cleaners.py,ACTIVE_WITH_TEST_REFERENCE,ACTIVE_VALUE_UNKNOWN,,,0,1,True,,,,,"Engaged, but runtime lineage/ablation not yet available."
src.processing.cleaners.merge_and_deduplicate,merge_and_deduplicate,utility_or_unknown,processing/cleaners.py,ACTIVE_WITH_TEST_REFERENCE,ACTIVE_VALUE_UNKNOWN,,,0,1,True,,,,,"Engaged, but runtime lineage/ablation not yet available."
src.processing.cleaners.filter_by_terms,filter_by_terms,utility_or_unknown,processing/cleaners.py,ACTIVE_WITH_TEST_REFERENCE,ACTIVE_VALUE_UNKNOWN,,,0,1,True,,,,,"Engaged, but runtime lineage/ablation not yet available."
src.processing.data_filter.IntelligentDataFilter,IntelligentDataFilter,utility_or_unknown,processing/data_filter.py,ACTIVE_NEEDS_RUNTIME_CONFIRMATION,ACTIVE_VALUE_UNKNOWN,,,0,5,False,,,,,"Engaged, but runtime lineage/ablation not yet available."
src.processing.data_filter.filter_data_for_model_training,filter_data_for_model_training,utility_or_unknown,processing/data_filter.py,ACTIVE_NEEDS_RUNTIME_CONFIRMATION,ACTIVE_VALUE_UNKNOWN,,,0,2,False,,,,,"Engaged, but runtime lineage/ablation not yet available."
src.processing.deduplication_utils.deduplicate_dataframe,deduplicate_dataframe,utility_or_unknown,processing/deduplication_utils.py,ACTIVE_NEEDS_RUNTIME_CONFIRMATION,ACTIVE_VALUE_UNKNOWN,,,0,4,False,,,,,"Engaged, but runtime lineage/ablation not yet available."
src.processing.normalization_manager.NormalizationManager,NormalizationManager,utility_or_unknown,processing/normalization_manager.py,ACTIVE_WITH_TEST_REFERENCE,ACTIVE_VALUE_UNKNOWN,,,0,7,True,,,,,"Engaged, but runtime lineage/ablation not yet available."
src.processing.parallel_processor.ParallelProcessor,ParallelProcessor,utility_or_unknown,processing/parallel_processor.py,ORPHAN_LOW_SIGNAL,NEEDS_FIX_BEFORE_VALUE_TEST,SILENT_EMPTY_RETURN,,0,0,False,,,,,Risk findings exist; fix correctness/leakage before judging value.
src.processing.price_preprocessor.PricePreprocessor,PricePreprocessor,utility_or_unknown,processing/price_preprocessor.py,ACTIVE_RISKY,NEEDS_FIX_BEFORE_VALUE_TEST,TARGET_COLUMN_IN_NON_TARGET_COMPONENT,datetime,0,2,False,,,,,Risk findings exist; fix correctness/leakage before judging value.
src.processing.sampling.DatasetSampler,DatasetSampler,utility_or_unknown,processing/sampling.py,ACTIVE_RISKY,NEEDS_FIX_BEFORE_VALUE_TEST,TARGET_COLUMN_IN_NON_TARGET_COMPONENT,,0,2,False,,,,,Risk findings exist; fix correctness/leakage before judging value.
src.processing.__init__,__init__,utility_or_unknown,processing/__init__.py,ACTIVE_WITH_TEST_REFERENCE,ACTIVE_VALUE_UNKNOWN,,,0,418,True,,,,,"Engaged, but runtime lineage/ablation not yet available."
src.risk.elite_risk_metrics.EliteRiskMetrics,EliteRiskMetrics,calculator,risk/elite_risk_metrics.py,ACTIVE_RISKY,NEEDS_FIX_BEFORE_VALUE_TEST,SILENT_EMPTY_RETURN,,0,6,True,,,,,Risk findings exist; fix correctness/leakage before judging value.
src.risk.exposure_calculator.ExposureCalculator,ExposureCalculator,risk,risk/exposure_calculator.py,UNUSED_POTENTIALLY_VALUABLE,UNUSED_POTENTIALLY_VALUABLE,,,0,0,False,NO_KNOWN_METHOD,,,,Not engaged statically but category suggests possible useful logic.
src.risk.kill_switch_manager.KillSwitchManager,KillSwitchManager,risk,risk/kill_switch_manager.py,ACTIVE_NEEDS_RUNTIME_CONFIRMATION,ACTIVE_VALUE_UNKNOWN,,,0,3,False,,,,,"Engaged, but runtime lineage/ablation not yet available."
src.risk.kill_switch_manager.AlertManager,AlertManager,risk,risk/kill_switch_manager.py,ACTIVE_NEEDS_RUNTIME_CONFIRMATION,ACTIVE_VALUE_UNKNOWN,,,0,6,False,,,,,"Engaged, but runtime lineage/ablation not yet available."
src.risk.kill_switch_manager.get_kill_switch_manager,get_kill_switch_manager,risk,risk/kill_switch_manager.py,UNUSED_POTENTIALLY_VALUABLE,UNUSED_POTENTIALLY_VALUABLE,,,0,0,False,,,,,Not engaged statically but category suggests possible useful logic.
src.risk.max_exposure_monitor.MaxExposureMonitor,MaxExposureMonitor,risk,risk/max_exposure_monitor.py,ACTIVE_WITH_TEST_REFERENCE,ACTIVE_VALUE_UNKNOWN,,,0,2,True,,,,,"Engaged, but runtime lineage/ablation not yet available."
src.risk.metrics.calculate_portfolio_returns,calculate_portfolio_returns,calculator,risk/metrics.py,ACTIVE_RISKY,NEEDS_FIX_BEFORE_VALUE_TEST,SILENT_EMPTY_RETURN,,0,136,True,,,,,Risk findings exist; fix correctness/leakage before judging value.
src.risk.metrics.calculate_portfolio_metrics,calculate_portfolio_metrics,calculator,risk/metrics.py,ACTIVE_RISKY,NEEDS_FIX_BEFORE_VALUE_TEST,SILENT_EMPTY_RETURN,,0,137,True,,,,,Risk findings exist; fix correctness/leakage before judging value.
src.risk.metrics.calculate_position_metrics,calculate_position_metrics,calculator,risk/metrics.py,ACTIVE_RISKY,NEEDS_FIX_BEFORE_VALUE_TEST,SILENT_EMPTY_RETURN,,0,137,True,,,,,Risk findings exist; fix correctness/leakage before judging value.
src.risk.metrics.analyze_market_conditions,analyze_market_conditions,calculator,risk/metrics.py,ACTIVE_RISKY,NEEDS_FIX_BEFORE_VALUE_TEST,SILENT_EMPTY_RETURN,,0,137,True,,,,,Risk findings exist; fix correctness/leakage before judging value.
src.risk.risk_manager.RiskLevel,RiskLevel,risk,risk/risk_manager.py,ACTIVE_RISKY,NEEDS_FIX_BEFORE_VALUE_TEST,TARGET_COLUMN_IN_NON_TARGET_COMPONENT,,0,1,True,,,,,Risk findings exist; fix correctness/leakage before judging value.
src.risk.risk_manager.Position,Position,risk,risk/risk_manager.py,ACTIVE_RISKY,NEEDS_FIX_BEFORE_VALUE_TEST,TARGET_COLUMN_IN_NON_TARGET_COMPONENT,,0,9,True,,,,,Risk findings exist; fix correctness/leakage before judging value.
src.risk.risk_manager.RiskManager,RiskManager,risk,risk/risk_manager.py,ACTIVE_RISKY,NEEDS_FIX_BEFORE_VALUE_TEST,TARGET_COLUMN_IN_NON_TARGET_COMPONENT,,0,2,True,,,,,Risk findings exist; fix correctness/leakage before judging value.
src.risk_management.var_calculator.VaRCalculator,VaRCalculator,risk,risk_management/var_calculator.py,ACTIVE_WITH_TEST_REFERENCE,EXECUTED_NO_OUTPUT_CHANGE,,,0,4,True,EXECUTED,,,,Component executed but did not change dataframe output.
src.risk_management.__init__,__init__,risk,risk_management/__init__.py,ACTIVE_WITH_TEST_REFERENCE,ACTIVE_VALUE_UNKNOWN,,,0,418,True,,,,,"Engaged, but runtime lineage/ablation not yet available."
src.sentiment.sentiment_models.get_finbert_pipeline,get_finbert_pipeline,model,sentiment/sentiment_models.py,ACTIVE_NEEDS_RUNTIME_CONFIRMATION,ACTIVE_VALUE_UNKNOWN,,,0,4,False,,,,,"Engaged, but runtime lineage/ablation not yet available."
src.sentiment.sentiment_models.analyze_sentiment,analyze_sentiment,model,sentiment/sentiment_models.py,ACTIVE_WITH_TEST_REFERENCE,ACTIVE_VALUE_UNKNOWN,,,0,4,True,,,,,"Engaged, but runtime lineage/ablation not yet available."
src.sentiment.sentiment_models.aggregate_sentiment,aggregate_sentiment,model,sentiment/sentiment_models.py,ACTIVE_NEEDS_RUNTIME_CONFIRMATION,ACTIVE_VALUE_UNKNOWN,,,0,3,False,,,,,"Engaged, but runtime lineage/ablation not yet available."
src.simulation.simulation_engine.SimulationGranularity,SimulationGranularity,utility_or_unknown,simulation/simulation_engine.py,ACTIVE_NEEDS_RUNTIME_CONFIRMATION,ACTIVE_VALUE_UNKNOWN,,,0,2,False,,,,,"Engaged, but runtime lineage/ablation not yet available."
src.simulation.simulation_engine.SimulationContext,SimulationContext,context_map,simulation/simulation_engine.py,ACTIVE_NEEDS_RUNTIME_CONFIRMATION,ACTIVE_VALUE_UNKNOWN,,,0,2,False,,,,,"Engaged, but runtime lineage/ablation not yet available."
src.simulation.simulation_engine.SimulationRiskReport,SimulationRiskReport,utility_or_unknown,simulation/simulation_engine.py,ACTIVE_NEEDS_RUNTIME_CONFIRMATION,ACTIVE_VALUE_UNKNOWN,,,0,2,False,,,,,"Engaged, but runtime lineage/ablation not yet available."
src.simulation.simulation_engine.SimulationEngine,SimulationEngine,utility_or_unknown,simulation/simulation_engine.py,ACTIVE_NEEDS_RUNTIME_CONFIRMATION,ACTIVE_VALUE_UNKNOWN,,,0,2,False,,,,,"Engaged, but runtime lineage/ablation not yet available."
src.simulation.simulation_engine.get_simulation_engine,get_simulation_engine,utility_or_unknown,simulation/simulation_engine.py,ACTIVE_NEEDS_RUNTIME_CONFIRMATION,ACTIVE_VALUE_UNKNOWN,,,0,1,False,,,,,"Engaged, but runtime lineage/ablation not yet available."
src.simulation.__init__,__init__,utility_or_unknown,simulation/__init__.py,ACTIVE_WITH_TEST_REFERENCE,ACTIVE_VALUE_UNKNOWN,,,0,418,True,,,,,"Engaged, but runtime lineage/ablation not yet available."
src.targets.target_orchestrator.TargetOrchestrator,TargetOrchestrator,pipeline_stage,targets/target_orchestrator.py,ACTIVE_WITH_TEST_REFERENCE,ACTIVE_VALUE_UNKNOWN,,,0,4,True,,,,,"Engaged, but runtime lineage/ablation not yet available."
src.trading.adaptive_parameter_manager.MarketRegime,MarketRegime,trading,trading/adaptive_parameter_manager.py,ACTIVE_NEEDS_RUNTIME_CONFIRMATION,ACTIVE_VALUE_UNKNOWN,,,0,12,False,,,,,"Engaged, but runtime lineage/ablation not yet available."
src.trading.adaptive_parameter_manager.AssetClass,AssetClass,trading,trading/adaptive_parameter_manager.py,ACTIVE_NEEDS_RUNTIME_CONFIRMATION,ACTIVE_VALUE_UNKNOWN,,,0,3,False,,,,,"Engaged, but runtime lineage/ablation not yet available."
src.trading.adaptive_parameter_manager.AdaptiveParameters,AdaptiveParameters,trading,trading/adaptive_parameter_manager.py,ACTIVE_NEEDS_RUNTIME_CONFIRMATION,ACTIVE_VALUE_UNKNOWN,,,0,2,False,,,,,"Engaged, but runtime lineage/ablation not yet available."
src.trading.adaptive_parameter_manager.AdaptiveParameterManager,AdaptiveParameterManager,trading,trading/adaptive_parameter_manager.py,ACTIVE_NEEDS_RUNTIME_CONFIRMATION,ACTIVE_VALUE_UNKNOWN,,,0,4,False,,,,,"Engaged, but runtime lineage/ablation not yet available."
src.trading.consensus_engine.ConsensusReport,ConsensusReport,trading,trading/consensus_engine.py,ACTIVE_RISKY,NEEDS_FIX_BEFORE_VALUE_TEST,SILENT_EMPTY_RETURN,,0,5,True,,,,,Risk findings exist; fix correctness/leakage before judging value.
src.trading.consensus_engine.ConsensusEngine,ConsensusEngine,trading,trading/consensus_engine.py,ACTIVE_RISKY,NEEDS_FIX_BEFORE_VALUE_TEST,SILENT_EMPTY_RETURN,,0,8,True,,,,,Risk findings exist; fix correctness/leakage before judging value.
src.trading.consensus_engine.EnhancedConsensusEngine,EnhancedConsensusEngine,trading,trading/consensus_engine.py,ACTIVE_RISKY,NEEDS_FIX_BEFORE_VALUE_TEST,SILENT_EMPTY_RETURN,,0,6,True,,,,,Risk findings exist; fix correctness/leakage before judging value.
src.trading.elite_risk_sizer.EliteRiskSizer,EliteRiskSizer,risk,trading/elite_risk_sizer.py,ACTIVE_RISKY,NEEDS_FIX_BEFORE_VALUE_TEST,TARGET_COLUMN_IN_NON_TARGET_COMPONENT,,0,4,True,,,,,Risk findings exist; fix correctness/leakage before judging value.
src.trading.live_adaptive_ensemble.ModelPerformanceMetric,ModelPerformanceMetric,trading,trading/live_adaptive_ensemble.py,ACTIVE_NEEDS_RUNTIME_CONFIRMATION,ACTIVE_VALUE_UNKNOWN,,,0,2,False,,,,,"Engaged, but runtime lineage/ablation not yet available."
src.trading.live_adaptive_ensemble.EnsembleWeights,EnsembleWeights,trading,trading/live_adaptive_ensemble.py,ACTIVE_NEEDS_RUNTIME_CONFIRMATION,ACTIVE_VALUE_UNKNOWN,,,0,2,False,,,,,"Engaged, but runtime lineage/ablation not yet available."
src.trading.live_adaptive_ensemble.LiveAdaptiveEnsemble,LiveAdaptiveEnsemble,trading,trading/live_adaptive_ensemble.py,ACTIVE_NEEDS_RUNTIME_CONFIRMATION,ACTIVE_VALUE_UNKNOWN,,,0,5,False,,,,,"Engaged, but runtime lineage/ablation not yet available."
src.trading.portfolio_manager.PortfolioManager,PortfolioManager,trading,trading/portfolio_manager.py,ACTIVE_RISKY,NEEDS_FIX_BEFORE_VALUE_TEST,SILENT_EMPTY_RETURN;TARGET_COLUMN_IN_NON_TARGET_COMPONENT,,0,6,True,,,,,Risk findings exist; fix correctness/leakage before judging value.
src.trading.post_inference_filter.PostInferenceFilter,PostInferenceFilter,trading,trading/post_inference_filter.py,ACTIVE_OUTPUT_UNTESTED,ACTIVE_VALUE_UNKNOWN,,confidence_multiplier;filtered_confidence;original_confidence,0,4,False,,,,,"Engaged, but runtime lineage/ablation not yet available."
src.trading.signal_processor.SignalProcessor,SignalProcessor,trading,trading/signal_processor.py,ORPHAN_LOW_SIGNAL,NEEDS_FIX_BEFORE_VALUE_TEST,SILENT_EMPTY_RETURN;TARGET_COLUMN_IN_NON_TARGET_COMPONENT,,0,0,True,,,,,Risk findings exist; fix correctness/leakage before judging value.
src.trading.trader.TradeOrder,TradeOrder,trading,trading/trader.py,ACTIVE_NEEDS_RUNTIME_CONFIRMATION,ACTIVE_VALUE_UNKNOWN,,,0,6,False,,,,,"Engaged, but runtime lineage/ablation not yet available."
src.trading.trader.Trader,Trader,trading,trading/trader.py,ACTIVE_NEEDS_RUNTIME_CONFIRMATION,ACTIVE_VALUE_UNKNOWN,,,0,5,False,,,,,"Engaged, but runtime lineage/ablation not yet available."
src.trading.trading_orchestrator.TradingOrchestrator,TradingOrchestrator,pipeline_stage,trading/trading_orchestrator.py,ACTIVE_RISKY,NEEDS_FIX_BEFORE_VALUE_TEST,SILENT_EMPTY_RETURN;TARGET_COLUMN_IN_NON_TARGET_COMPONENT,,0,2,False,,,,,Risk findings exist; fix correctness/leakage before judging value.
src.trading.virtual_portfolio.VirtualPortfolio,VirtualPortfolio,trading,trading/virtual_portfolio.py,ACTIVE_NEEDS_RUNTIME_CONFIRMATION,ACTIVE_VALUE_UNKNOWN,,,0,12,False,,,,,"Engaged, but runtime lineage/ablation not yet available."
src.trading.__init__,__init__,trading,trading/__init__.py,ACTIVE_WITH_TEST_REFERENCE,ACTIVE_VALUE_UNKNOWN,,,0,418,True,,,,,"Engaged, but runtime lineage/ablation not yet available."
src.training.adaptive_training_manager.TrainingMode,TrainingMode,utility_or_unknown,training/adaptive_training_manager.py,ACTIVE_RISKY,NEEDS_FIX_BEFORE_VALUE_TEST,SILENT_EMPTY_RETURN;TARGET_COLUMN_IN_NON_TARGET_COMPONENT,,0,2,False,,,,,Risk findings exist; fix correctness/leakage before judging value.
src.training.adaptive_training_manager.AdaptiveTrainingManager,AdaptiveTrainingManager,utility_or_unknown,training/adaptive_training_manager.py,ACTIVE_RISKY,NEEDS_FIX_BEFORE_VALUE_TEST,SILENT_EMPTY_RETURN;TARGET_COLUMN_IN_NON_TARGET_COMPONENT,,0,2,False,,,,,Risk findings exist; fix correctness/leakage before judging value.
src.training.adaptive_training_manager.main,main,utility_or_unknown,training/adaptive_training_manager.py,ACTIVE_RISKY,NEEDS_FIX_BEFORE_VALUE_TEST,SILENT_EMPTY_RETURN;TARGET_COLUMN_IN_NON_TARGET_COMPONENT,,0,29,True,,,,,Risk findings exist; fix correctness/leakage before judging value.
src.training.base_trainer.TrainingException,TrainingException,utility_or_unknown,training/base_trainer.py,ACTIVE_RISKY,NEEDS_FIX_BEFORE_VALUE_TEST,TARGET_COLUMN_IN_NON_TARGET_COMPONENT,,0,5,False,,,,,Risk findings exist; fix correctness/leakage before judging value.
src.training.base_trainer.TrainingConfigException,TrainingConfigException,utility_or_unknown,training/base_trainer.py,ACTIVE_RISKY,NEEDS_FIX_BEFORE_VALUE_TEST,TARGET_COLUMN_IN_NON_TARGET_COMPONENT,,0,5,False,,,,,Risk findings exist; fix correctness/leakage before judging value.
src.training.base_trainer.TrainerConfig,TrainerConfig,utility_or_unknown,training/base_trainer.py,ACTIVE_RISKY,NEEDS_FIX_BEFORE_VALUE_TEST,TARGET_COLUMN_IN_NON_TARGET_COMPONENT,,0,11,False,,,,,Risk findings exist; fix correctness/leakage before judging value.
src.training.base_trainer.BaseTrainer,BaseTrainer,utility_or_unknown,training/base_trainer.py,ACTIVE_RISKY,NEEDS_FIX_BEFORE_VALUE_TEST,TARGET_COLUMN_IN_NON_TARGET_COMPONENT,,0,7,False,,,,,Risk findings exist; fix correctness/leakage before judging value.
src.training.batch_trainer.BatchTrainer,BatchTrainer,utility_or_unknown,training/batch_trainer.py,ACTIVE_RISKY,NEEDS_FIX_BEFORE_VALUE_TEST,SILENT_EMPTY_RETURN,,0,4,False,,,,,Risk findings exist; fix correctness/leakage before judging value.
src.training.constants,constants,utility_or_unknown,training/constants.py,ACTIVE_NEEDS_RUNTIME_CONFIRMATION,ACTIVE_VALUE_UNKNOWN,,,0,6,False,,,,,"Engaged, but runtime lineage/ablation not yet available."
src.training.light_model_trainer.LightModelTrainer,LightModelTrainer,model,training/light_model_trainer.py,ACTIVE_RISKY,NEEDS_FIX_BEFORE_VALUE_TEST,TARGET_COLUMN_IN_NON_TARGET_COMPONENT,,0,2,False,,,,,Risk findings exist; fix correctness/leakage before judging value.
src.training.pattern_aware_training.PatternAwareModelTrainer,PatternAwareModelTrainer,model,training/pattern_aware_training.py,ORPHAN_LOW_SIGNAL,NEEDS_FIX_BEFORE_VALUE_TEST,SILENT_EMPTY_RETURN;TARGET_COLUMN_IN_NON_TARGET_COMPONENT,,0,0,True,,,,,Risk findings exist; fix correctness/leakage before judging value.
src.training.pattern_aware_training.train_pattern_aware_models,train_pattern_aware_models,utility_or_unknown,training/pattern_aware_training.py,ORPHAN_LOW_SIGNAL,NEEDS_FIX_BEFORE_VALUE_TEST,SILENT_EMPTY_RETURN;TARGET_COLUMN_IN_NON_TARGET_COMPONENT,,0,0,True,,,,,Risk findings exist; fix correctness/leakage before judging value.
src.training.portfolio_optimizer.PortfolioOptimizer,PortfolioOptimizer,algorithm,training/portfolio_optimizer.py,ACTIVE_WITH_TEST_REFERENCE,ACTIVE_VALUE_UNKNOWN,,ticker,0,4,True,,,,,"Engaged, but runtime lineage/ablation not yet available."
src.training.progressive_trainer.ProgressiveTrainer,ProgressiveTrainer,utility_or_unknown,training/progressive_trainer.py,ACTIVE_RISKY,NEEDS_FIX_BEFORE_VALUE_TEST,SILENT_EMPTY_RETURN,,0,4,True,,,,,Risk findings exist; fix correctness/leakage before judging value.
src.training.run_training.main,main,utility_or_unknown,training/run_training.py,ACTIVE_WITH_TEST_REFERENCE,ACTIVE_VALUE_UNKNOWN,,,0,28,True,,,,,"Engaged, but runtime lineage/ablation not yet available."
src.training.unified_training_manager.TrainingStrategy,TrainingStrategy,utility_or_unknown,training/unified_training_manager.py,ACTIVE_WITH_TEST_REFERENCE,ACTIVE_VALUE_UNKNOWN,,,0,4,True,,,,,"Engaged, but runtime lineage/ablation not yet available."
src.training.unified_training_manager.UnifiedTrainingManager,UnifiedTrainingManager,utility_or_unknown,training/unified_training_manager.py,ACTIVE_WITH_TEST_REFERENCE,ACTIVE_VALUE_UNKNOWN,,,0,5,True,,,,,"Engaged, but runtime lineage/ablation not yet available."
src.utils.artifact_security.get_project_root,get_project_root,utility_or_unknown,utils/artifact_security.py,ACTIVE_RISKY,NEEDS_FIX_BEFORE_VALUE_TEST,SILENT_EMPTY_RETURN,,0,22,True,,,,,Risk findings exist; fix correctness/leakage before judging value.
src.utils.artifact_security.resolve_trusted_artifact_path,resolve_trusted_artifact_path,utility_or_unknown,utils/artifact_security.py,ACTIVE_RISKY,NEEDS_FIX_BEFORE_VALUE_TEST,SILENT_EMPTY_RETURN,,0,44,True,,,,,Risk findings exist; fix correctness/leakage before judging value.
src.utils.artifact_security.is_trusted_artifact_path,is_trusted_artifact_path,utility_or_unknown,utils/artifact_security.py,ACTIVE_RISKY,NEEDS_FIX_BEFORE_VALUE_TEST,SILENT_EMPTY_RETURN,,0,22,True,,,,,Risk findings exist; fix correctness/leakage before judging value.
src.utils.async_timeout.async_timeout,async_timeout,utility_or_unknown,utils/async_timeout.py,ORPHAN_LOW_SIGNAL,LOW_PRIORITY_ORPHAN,,,0,0,True,,,,,No evidence of engagement/value yet.
src.utils.checkpoint_manager.CheckpointParams,CheckpointParams,utility_or_unknown,utils/checkpoint_manager.py,ACTIVE_RISKY,NEEDS_FIX_BEFORE_VALUE_TEST,SILENT_EMPTY_RETURN;TARGET_COLUMN_IN_NON_TARGET_COMPONENT,,0,3,False,,,,,Risk findings exist; fix correctness/leakage before judging value.
src.utils.checkpoint_manager.CheckpointManager,CheckpointManager,utility_or_unknown,utils/checkpoint_manager.py,ORPHAN_LOW_SIGNAL,NEEDS_FIX_BEFORE_VALUE_TEST,SILENT_EMPTY_RETURN;TARGET_COLUMN_IN_NON_TARGET_COMPONENT,,0,0,False,,,,,Risk findings exist; fix correctness/leakage before judging value.
src.utils.collector_fixes.CollectorFixes,CollectorFixes,collector,utils/collector_fixes.py,ORPHAN_LOW_SIGNAL,NEEDS_FIX_BEFORE_VALUE_TEST,SILENT_EMPTY_RETURN,,0,0,False,,,,,Risk findings exist; fix correctness/leakage before judging value.
src.utils.data_safety.safe_rolling,safe_rolling,utility_or_unknown,utils/data_safety.py,ACTIVE_NEEDS_RUNTIME_CONFIRMATION,ACTIVE_VALUE_UNKNOWN,,,0,4,False,,,,,"Engaged, but runtime lineage/ablation not yet available."
src.utils.data_safety.safe_expanding,safe_expanding,utility_or_unknown,utils/data_safety.py,ACTIVE_NEEDS_RUNTIME_CONFIRMATION,ACTIVE_VALUE_UNKNOWN,,,0,2,False,,,,,"Engaged, but runtime lineage/ablation not yet available."
src.utils.dynamic_module_loader.DynamicModuleLoader,DynamicModuleLoader,utility_or_unknown,utils/dynamic_module_loader.py,ACTIVE_NEEDS_RUNTIME_CONFIRMATION,ACTIVE_VALUE_UNKNOWN,,,0,4,False,,,,,"Engaged, but runtime lineage/ablation not yet available."
src.utils.feature_preparation.prepare_features_for_training,prepare_features_for_training,utility_or_unknown,utils/feature_preparation.py,ORPHAN_LOW_SIGNAL,LOW_PRIORITY_ORPHAN,,,0,0,True,,,,,No evidence of engagement/value yet.
src.utils.feature_preparation.align_features_with_model,align_features_with_model,utility_or_unknown,utils/feature_preparation.py,ORPHAN_LOW_SIGNAL,LOW_PRIORITY_ORPHAN,,,0,0,True,,,,,No evidence of engagement/value yet.
src.utils.json_utils.sanitize_timestamps,sanitize_timestamps,utility_or_unknown,utils/json_utils.py,ORPHAN_LOW_SIGNAL,NEEDS_FIX_BEFORE_VALUE_TEST,SILENT_EMPTY_RETURN,,0,0,False,,,,,Risk findings exist; fix correctness/leakage before judging value.
src.utils.json_utils.sanitize_record_for_json,sanitize_record_for_json,utility_or_unknown,utils/json_utils.py,ORPHAN_LOW_SIGNAL,NEEDS_FIX_BEFORE_VALUE_TEST,SILENT_EMPTY_RETURN,,0,0,False,,,,,Risk findings exist; fix correctness/leakage before judging value.
src.utils.math_safe.safe_div,safe_div,utility_or_unknown,utils/math_safe.py,ACTIVE_NEEDS_RUNTIME_CONFIRMATION,ACTIVE_VALUE_UNKNOWN,,,0,7,False,,,,,"Engaged, but runtime lineage/ablation not yet available."
src.utils.math_utils.safe_div,safe_div,utility_or_unknown,utils/math_utils.py,ACTIVE_WITH_TEST_REFERENCE,ACTIVE_VALUE_UNKNOWN,,,0,4,True,,,,,"Engaged, but runtime lineage/ablation not yet available."
src.utils.math_utils.safe_sharpe,safe_sharpe,utility_or_unknown,utils/math_utils.py,ORPHAN_LOW_SIGNAL,LOW_PRIORITY_ORPHAN,,,0,0,True,,,,,No evidence of engagement/value yet.
src.utils.math_utils.safe_std,safe_std,utility_or_unknown,utils/math_utils.py,ORPHAN_LOW_SIGNAL,LOW_PRIORITY_ORPHAN,,,0,0,True,,,,,No evidence of engagement/value yet.
src.utils.metrics.MetricsCalculator,MetricsCalculator,calculator,utils/metrics.py,ACTIVE_WITH_TEST_REFERENCE,ACTIVE_VALUE_UNKNOWN,,,0,144,True,NO_KNOWN_METHOD,,,,"Engaged, but runtime lineage/ablation not yet available."
src.utils.missing_data_anomaly_detector.MissingDataAnomalyDetector,MissingDataAnomalyDetector,detector,utils/missing_data_anomaly_detector.py,UNUSED_POTENTIALLY_VALUABLE,UNUSED_POTENTIALLY_VALUABLE,,,0,0,False,NO_KNOWN_METHOD,,,,Not engaged statically but category suggests possible useful logic.
src.utils.path_utils.sanitize_filename,sanitize_filename,utility_or_unknown,utils/path_utils.py,ACTIVE_WITH_TEST_REFERENCE,ACTIVE_VALUE_UNKNOWN,,,0,1,True,,,,,"Engaged, but runtime lineage/ablation not yet available."
src.utils.path_utils.sanitize_path_input,sanitize_path_input,utility_or_unknown,utils/path_utils.py,ACTIVE_WITH_TEST_REFERENCE,ACTIVE_VALUE_UNKNOWN,,,0,5,True,,,,,"Engaged, but runtime lineage/ablation not yet available."
src.utils.path_utils.validate_path_within_directory,validate_path_within_directory,utility_or_unknown,utils/path_utils.py,ACTIVE_WITH_TEST_REFERENCE,ACTIVE_VALUE_UNKNOWN,,,0,1,True,,,,,"Engaged, but runtime lineage/ablation not yet available."
src.utils.path_utils.safe_file_operation,safe_file_operation,utility_or_unknown,utils/path_utils.py,ACTIVE_WITH_TEST_REFERENCE,ACTIVE_VALUE_UNKNOWN,,,0,1,True,,,,,"Engaged, but runtime lineage/ablation not yet available."
src.utils.rate_limiter.RateLimiter,RateLimiter,utility_or_unknown,utils/rate_limiter.py,ACTIVE_NEEDS_RUNTIME_CONFIRMATION,ACTIVE_VALUE_UNKNOWN,,,0,2,False,,,,,"Engaged, but runtime lineage/ablation not yet available."
src.utils.resource_limiter.ResourceLimiter,ResourceLimiter,utility_or_unknown,utils/resource_limiter.py,ORPHAN_LOW_SIGNAL,LOW_PRIORITY_ORPHAN,,,0,0,False,,,,,No evidence of engagement/value yet.
src.utils.smart_missing_data_handler.SmartMissingDataHandler,SmartMissingDataHandler,utility_or_unknown,utils/smart_missing_data_handler.py,ORPHAN_LOW_SIGNAL,NEEDS_FIX_BEFORE_VALUE_TEST,FUTURE_SHIFT,,0,0,True,,,,,Risk findings exist; fix correctness/leakage before judging value.
src.utils.trading_calendar.TradingCalendar,TradingCalendar,trading,utils/trading_calendar.py,ACTIVE_RISKY,NEEDS_FIX_BEFORE_VALUE_TEST,SILENT_EMPTY_RETURN,,0,6,True,,,,,Risk findings exist; fix correctness/leakage before judging value.
src.utils.type_conversion.normalize_prediction,normalize_prediction,utility_or_unknown,utils/type_conversion.py,ACTIVE_RISKY,NEEDS_FIX_BEFORE_VALUE_TEST,SILENT_EMPTY_RETURN,,0,3,False,,,,,Risk findings exist; fix correctness/leakage before judging value.
src.utils.type_conversion.ensure_dataframe,ensure_dataframe,utility_or_unknown,utils/type_conversion.py,ORPHAN_LOW_SIGNAL,NEEDS_FIX_BEFORE_VALUE_TEST,SILENT_EMPTY_RETURN,,0,0,False,,,,,Risk findings exist; fix correctness/leakage before judging value.
src.utils.type_conversion.ensure_array,ensure_array,utility_or_unknown,utils/type_conversion.py,ORPHAN_LOW_SIGNAL,NEEDS_FIX_BEFORE_VALUE_TEST,SILENT_EMPTY_RETURN,,0,0,False,,,,,Risk findings exist; fix correctness/leakage before judging value.
src.utils.type_conversion.safe_divide,safe_divide,utility_or_unknown,utils/type_conversion.py,ORPHAN_LOW_SIGNAL,NEEDS_FIX_BEFORE_VALUE_TEST,SILENT_EMPTY_RETURN,,0,0,False,,,,,Risk findings exist; fix correctness/leakage before judging value.
src.utils.type_conversion.clamp_value,clamp_value,utility_or_unknown,utils/type_conversion.py,ORPHAN_LOW_SIGNAL,NEEDS_FIX_BEFORE_VALUE_TEST,SILENT_EMPTY_RETURN,,0,0,False,,,,,Risk findings exist; fix correctness/leakage before judging value.
src.utils.type_conversion.normalize_array,normalize_array,utility_or_unknown,utils/type_conversion.py,ORPHAN_LOW_SIGNAL,NEEDS_FIX_BEFORE_VALUE_TEST,SILENT_EMPTY_RETURN,,0,0,False,,,,,Risk findings exist; fix correctness/leakage before judging value.
src.utils.type_conversion.validate_numeric_range,validate_numeric_range,utility_or_unknown,utils/type_conversion.py,ORPHAN_LOW_SIGNAL,NEEDS_FIX_BEFORE_VALUE_TEST,SILENT_EMPTY_RETURN,,0,0,False,,,,,Risk findings exist; fix correctness/leakage before judging value.
src.utils.type_conversion.format_percentage,format_percentage,utility_or_unknown,utils/type_conversion.py,ORPHAN_LOW_SIGNAL,NEEDS_FIX_BEFORE_VALUE_TEST,SILENT_EMPTY_RETURN,,0,0,False,,,,,Risk findings exist; fix correctness/leakage before judging value.
src.utils.__init__,__init__,utility_or_unknown,utils/__init__.py,ACTIVE_WITH_TEST_REFERENCE,ACTIVE_VALUE_UNKNOWN,,,0,418,True,,,,,"Engaged, but runtime lineage/ablation not yet available."
src.validation.data_leakage_detector.LeakageType,LeakageType,validator,validation/data_leakage_detector.py,ACTIVE_RISKY,NEEDS_FIX_BEFORE_VALUE_TEST,FUTURE_SHIFT;SILENT_EMPTY_RETURN;TARGET_COLUMN_IN_NON_TARGET_COMPONENT,,0,1,False,,,,,Risk findings exist; fix correctness/leakage before judging value.
src.validation.data_leakage_detector.LeakageReport,LeakageReport,validator,validation/data_leakage_detector.py,ACTIVE_RISKY,NEEDS_FIX_BEFORE_VALUE_TEST,FUTURE_SHIFT;SILENT_EMPTY_RETURN;TARGET_COLUMN_IN_NON_TARGET_COMPONENT,,0,3,False,,,,,Risk findings exist; fix correctness/leakage before judging value.
src.validation.data_leakage_detector.DataLeakageDetector,DataLeakageDetector,validator,validation/data_leakage_detector.py,ACTIVE_RISKY,NEEDS_FIX_BEFORE_VALUE_TEST,FUTURE_SHIFT;SILENT_EMPTY_RETURN;TARGET_COLUMN_IN_NON_TARGET_COMPONENT,,0,2,False,NO_KNOWN_METHOD,,,,Risk findings exist; fix correctness/leakage before judging value.
src.validation.data_leakage_detector.main,main,validator,validation/data_leakage_detector.py,ACTIVE_RISKY,NEEDS_FIX_BEFORE_VALUE_TEST,FUTURE_SHIFT;SILENT_EMPTY_RETURN;TARGET_COLUMN_IN_NON_TARGET_COMPONENT,,0,29,True,,,,,Risk findings exist; fix correctness/leakage before judging value.
src.validation.pipeline_schemas.RawDataSchema,RawDataSchema,validator,validation/pipeline_schemas.py,ACTIVE_RISKY,NEEDS_FIX_BEFORE_VALUE_TEST,TARGET_COLUMN_IN_NON_TARGET_COMPONENT,,0,3,False,,,,,Risk findings exist; fix correctness/leakage before judging value.
src.validation.pipeline_schemas.ProcessedDataSchema,ProcessedDataSchema,validator,validation/pipeline_schemas.py,ACTIVE_RISKY,NEEDS_FIX_BEFORE_VALUE_TEST,TARGET_COLUMN_IN_NON_TARGET_COMPONENT,,0,3,False,,,,,Risk findings exist; fix correctness/leakage before judging value.
src.validation.pipeline_schemas.EnrichedDataSchema,EnrichedDataSchema,validator,validation/pipeline_schemas.py,ACTIVE_RISKY,NEEDS_FIX_BEFORE_VALUE_TEST,TARGET_COLUMN_IN_NON_TARGET_COMPONENT,,0,3,False,,,,,Risk findings exist; fix correctness/leakage before judging value.
src.validation.pipeline_schemas.ModelMetadataSchema,ModelMetadataSchema,validator,validation/pipeline_schemas.py,ACTIVE_RISKY,NEEDS_FIX_BEFORE_VALUE_TEST,TARGET_COLUMN_IN_NON_TARGET_COMPONENT,,0,2,False,,,,,Risk findings exist; fix correctness/leakage before judging value.
src.validation.pipeline_schemas.PredictionResultsSchema,PredictionResultsSchema,validator,validation/pipeline_schemas.py,ACTIVE_RISKY,NEEDS_FIX_BEFORE_VALUE_TEST,TARGET_COLUMN_IN_NON_TARGET_COMPONENT,,0,2,False,,,,,Risk findings exist; fix correctness/leakage before judging value.
src.validation.pipeline_schemas.validate_stage_output,validate_stage_output,validator,validation/pipeline_schemas.py,ACTIVE_RISKY,NEEDS_FIX_BEFORE_VALUE_TEST,TARGET_COLUMN_IN_NON_TARGET_COMPONENT,,0,3,False,,,,,Risk findings exist; fix correctness/leakage before judging value.
src.validation.pipeline_schemas.create_validation_middleware,create_validation_middleware,validator,validation/pipeline_schemas.py,ACTIVE_RISKY,NEEDS_FIX_BEFORE_VALUE_TEST,TARGET_COLUMN_IN_NON_TARGET_COMPONENT,,0,2,False,,,,,Risk findings exist; fix correctness/leakage before judging value.
src.validation.pipeline_schemas.validate_batch_dir,validate_batch_dir,validator,validation/pipeline_schemas.py,ACTIVE_RISKY,NEEDS_FIX_BEFORE_VALUE_TEST,TARGET_COLUMN_IN_NON_TARGET_COMPONENT,,0,3,False,,,,,Risk findings exist; fix correctness/leakage before judging value.
src.validation.temporal_feature_separator.TemporalFeatureSeparator,TemporalFeatureSeparator,validator,validation/temporal_feature_separator.py,UNUSED_POTENTIALLY_VALUABLE,NEEDS_FIX_BEFORE_VALUE_TEST,SILENT_EMPTY_RETURN;TARGET_COLUMN_IN_NON_TARGET_COMPONENT,,0,0,False,,,,,Risk findings exist; fix correctness/leakage before judging value.
src.validation.time_series_validator.ValidationType,ValidationType,validator,validation/time_series_validator.py,ACTIVE_NEEDS_RUNTIME_CONFIRMATION,ACTIVE_VALUE_UNKNOWN,,,0,1,False,,,,,"Engaged, but runtime lineage/ablation not yet available."
src.validation.time_series_validator.ValidationResult,ValidationResult,validator,validation/time_series_validator.py,ACTIVE_NEEDS_RUNTIME_CONFIRMATION,ACTIVE_VALUE_UNKNOWN,,,0,1,False,,,,,"Engaged, but runtime lineage/ablation not yet available."
src.validation.time_series_validator.PurgedTimeSeriesSplit,PurgedTimeSeriesSplit,validator,validation/time_series_validator.py,ACTIVE_NEEDS_RUNTIME_CONFIRMATION,ACTIVE_VALUE_UNKNOWN,,,0,1,False,,,,,"Engaged, but runtime lineage/ablation not yet available."
src.validation.time_series_validator.TimeSeriesValidator,TimeSeriesValidator,validator,validation/time_series_validator.py,ACTIVE_NEEDS_RUNTIME_CONFIRMATION,ACTIVE_VALUE_UNKNOWN,,,0,2,False,TIMEOUT,,,,"Engaged, but runtime lineage/ablation not yet available."
src.validation.time_series_validator.create_robust_time_series_split,create_robust_time_series_split,validator,validation/time_series_validator.py,ACTIVE_NEEDS_RUNTIME_CONFIRMATION,ACTIVE_VALUE_UNKNOWN,,,0,1,False,,,,,"Engaged, but runtime lineage/ablation not yet available."
src.validation.validators.DataValidationError,DataValidationError,validator,validation/validators.py,ACTIVE_RISKY,NEEDS_FIX_BEFORE_VALUE_TEST,SILENT_EMPTY_RETURN,,0,6,False,,,,,Risk findings exist; fix correctness/leakage before judging value.
src.validation.validators.UnifiedValidator,UnifiedValidator,validator,validation/validators.py,ACTIVE_RISKY,NEEDS_FIX_BEFORE_VALUE_TEST,SILENT_EMPTY_RETURN,,0,5,False,TIMEOUT,,,,Risk findings exist; fix correctness/leakage before judging value.
src.validation.__init__,__init__,validator,validation/__init__.py,ACTIVE_WITH_TEST_REFERENCE,ACTIVE_VALUE_UNKNOWN,,,0,418,True,,,,,"Engaged, but runtime lineage/ablation not yet available."
src.algorithms.regime.clustering.RegimeClusteringEngine,RegimeClusteringEngine,algorithm,algorithms/regime/clustering.py,ACTIVE_NEEDS_RUNTIME_CONFIRMATION,ACTIVE_VALUE_UNKNOWN,,,0,12,False,,,,,"Engaged, but runtime lineage/ablation not yet available."
src.algorithms.regime.metrics.RegimeMetricsCalculator,RegimeMetricsCalculator,calculator,algorithms/regime/metrics.py,ACTIVE_WITH_TEST_REFERENCE,ACTIVE_VALUE_UNKNOWN,,,0,139,True,TIMEOUT,,,,"Engaged, but runtime lineage/ablation not yet available."
src.algorithms.regime.rules.RegimeRulesEngine,RegimeRulesEngine,algorithm,algorithms/regime/rules.py,ACTIVE_RISKY,NEEDS_FIX_BEFORE_VALUE_TEST,SILENT_EMPTY_RETURN,,0,9,True,,,,,Risk findings exist; fix correctness/leakage before judging value.
src.algorithms.regime.types.MarketRegime,MarketRegime,algorithm,algorithms/regime/types.py,ACTIVE_WITH_TEST_REFERENCE,ACTIVE_VALUE_UNKNOWN,,,0,68,True,,,,,"Engaged, but runtime lineage/ablation not yet available."
src.analytics.analyzers.adaptive_confidence_analyzer.AdaptiveConfidenceAnalyzer,AdaptiveConfidenceAnalyzer,analyzer,analytics/analyzers/adaptive_confidence_analyzer.py,ACTIVE_WITH_TEST_REFERENCE,EXECUTED_NO_OUTPUT_CHANGE,,,0,1,True,EXECUTED,,,,Component executed but did not change dataframe output.
src.analytics.analyzers.causal_event_finder.CausalEventFinder,CausalEventFinder,analyzer,analytics/analyzers/causal_event_finder.py,ACTIVE_RISKY,NEEDS_FIX_BEFORE_VALUE_TEST,TARGET_COLUMN_IN_NON_TARGET_COMPONENT,,0,2,True,,,,,Risk findings exist; fix correctness/leakage before judging value.
src.analytics.analyzers.drift_analyzer.DriftAnalyzer,DriftAnalyzer,analyzer,analytics/analyzers/drift_analyzer.py,ACTIVE_WITH_TEST_REFERENCE,ACTIVE_VALUE_UNKNOWN,,,0,5,True,TIMEOUT,,,,"Engaged, but runtime lineage/ablation not yet available."
src.analytics.analyzers.hedge_fund_analyzer.HedgeFundAnalyzer,HedgeFundAnalyzer,analyzer,analytics/analyzers/hedge_fund_analyzer.py,ACTIVE_NEEDS_RUNTIME_CONFIRMATION,ACTIVE_VALUE_UNKNOWN,,,0,2,False,TIMEOUT,,,,"Engaged, but runtime lineage/ablation not yet available."
src.analytics.analyzers.knn_similarity_finder.KnnSimilarityFinder,KnnSimilarityFinder,analyzer,analytics/analyzers/knn_similarity_finder.py,ACTIVE_RISKY,NEEDS_FIX_BEFORE_VALUE_TEST,TARGET_COLUMN_IN_NON_TARGET_COMPONENT,context_pattern_id,0,4,True,,,,,Risk findings exist; fix correctness/leakage before judging value.
src.analytics.analyzers.model_comparison_analyzer.ModelComparisonAnalyzer,ModelComparisonAnalyzer,analyzer,analytics/analyzers/model_comparison_analyzer.py,ACTIVE_RISKY,NEEDS_FIX_BEFORE_VALUE_TEST,SILENT_EMPTY_RETURN,model_type,0,2,False,EXECUTION_FAILED,,,,Risk findings exist; fix correctness/leakage before judging value.
src.analytics.analyzers.news_impact_analyzer.NewsImpactAnalyzer,NewsImpactAnalyzer,analyzer,analytics/analyzers/news_impact_analyzer.py,ACTIVE_WITH_TEST_REFERENCE,ACTIVE_VALUE_UNKNOWN,,,0,3,True,EXECUTION_FAILED,,,,"Engaged, but runtime lineage/ablation not yet available."
src.analytics.analyzers.performance_attribution_analyzer.PerformanceAttributionAnalyzer,PerformanceAttributionAnalyzer,analyzer,analytics/analyzers/performance_attribution_analyzer.py,UNUSED_POTENTIALLY_VALUABLE,UNUSED_POTENTIALLY_VALUABLE,,,0,0,True,EXECUTION_FAILED,,,,Not engaged statically but category suggests possible useful logic.
src.analytics.analyzers.risk_decomposition_analyzer.RiskDecompositionAnalyzer,RiskDecompositionAnalyzer,analyzer,analytics/analyzers/risk_decomposition_analyzer.py,ACTIVE_WITH_TEST_REFERENCE,ACTIVE_VALUE_UNKNOWN,,,0,0,True,EXECUTION_FAILED,,,,"Engaged, but runtime lineage/ablation not yet available."
src.analytics.analyzers.shap_analyzer.ShapAnalyzer,ShapAnalyzer,analyzer,analytics/analyzers/shap_analyzer.py,ACTIVE_NEEDS_RUNTIME_CONFIRMATION,ACTIVE_VALUE_UNKNOWN,,,0,2,False,TIMEOUT,,,,"Engaged, but runtime lineage/ablation not yet available."
src.analytics.analyzers.wrappers.DrawdownAnalyzer,DrawdownAnalyzer,analyzer,analytics/analyzers/wrappers.py,ACTIVE_WITH_TEST_REFERENCE,ACTIVE_VALUE_UNKNOWN,,,0,2,True,TIMEOUT,,,,"Engaged, but runtime lineage/ablation not yet available."
src.analytics.analyzers.wrappers.FamaFrenchAnalyzer,FamaFrenchAnalyzer,analyzer,analytics/analyzers/wrappers.py,ACTIVE_WITH_TEST_REFERENCE,ACTIVE_VALUE_UNKNOWN,,,0,2,True,TIMEOUT,,,,"Engaged, but runtime lineage/ablation not yet available."
src.analytics.analyzers.wrappers.VolatilityAnalyzer,VolatilityAnalyzer,analyzer,analytics/analyzers/wrappers.py,ACTIVE_WITH_TEST_REFERENCE,ACTIVE_VALUE_UNKNOWN,,,0,2,True,TIMEOUT,,,,"Engaged, but runtime lineage/ablation not yet available."
src.analytics.arena.arena_battle.BattleResult,BattleResult,utility_or_unknown,analytics/arena/arena_battle.py,ACTIVE_RISKY,NEEDS_FIX_BEFORE_VALUE_TEST,SILENT_EMPTY_RETURN,,0,6,True,,,,,Risk findings exist; fix correctness/leakage before judging value.
src.analytics.arena.arena_battle.BattleMetrics,BattleMetrics,calculator,analytics/arena/arena_battle.py,ACTIVE_RISKY,NEEDS_FIX_BEFORE_VALUE_TEST,SILENT_EMPTY_RETURN,,0,6,True,,,,,Risk findings exist; fix correctness/leakage before judging value.
src.analytics.arena.arena_battle.Battle,Battle,utility_or_unknown,analytics/arena/arena_battle.py,ACTIVE_RISKY,NEEDS_FIX_BEFORE_VALUE_TEST,SILENT_EMPTY_RETURN,,0,10,True,,,,,Risk findings exist; fix correctness/leakage before judging value.
src.analytics.arena.arena_battle.TradingModelArena,TradingModelArena,model,analytics/arena/arena_battle.py,ACTIVE_RISKY,NEEDS_FIX_BEFORE_VALUE_TEST,SILENT_EMPTY_RETURN,,0,8,True,,,,,Risk findings exist; fix correctness/leakage before judging value.
src.analytics.arena.arena_battle.get_trading_arena,get_trading_arena,utility_or_unknown,analytics/arena/arena_battle.py,ACTIVE_RISKY,NEEDS_FIX_BEFORE_VALUE_TEST,SILENT_EMPTY_RETURN,,0,8,True,,,,,Risk findings exist; fix correctness/leakage before judging value.
src.analytics.arena.arena_orchestrator.ArenaOrchestrator,ArenaOrchestrator,pipeline_stage,analytics/arena/arena_orchestrator.py,ACTIVE_NEEDS_RUNTIME_CONFIRMATION,ACTIVE_VALUE_UNKNOWN,,,0,0,False,,,,,"Engaged, but runtime lineage/ablation not yet available."
src.analytics.arena.battle_groups.BattleGroup,BattleGroup,utility_or_unknown,analytics/arena/battle_groups.py,ACTIVE_NEEDS_RUNTIME_CONFIRMATION,ACTIVE_VALUE_UNKNOWN,,,0,3,False,,,,,"Engaged, but runtime lineage/ablation not yet available."
src.analytics.arena.battle_groups.BattleGroupManager,BattleGroupManager,utility_or_unknown,analytics/arena/battle_groups.py,ACTIVE_NEEDS_RUNTIME_CONFIRMATION,ACTIVE_VALUE_UNKNOWN,,,0,5,False,,,,,"Engaged, but runtime lineage/ablation not yet available."
src.analytics.arena.battle_groups.get_battle_group_manager,get_battle_group_manager,utility_or_unknown,analytics/arena/battle_groups.py,ACTIVE_NEEDS_RUNTIME_CONFIRMATION,ACTIVE_VALUE_UNKNOWN,,,0,5,False,,,,,"Engaged, but runtime lineage/ablation not yet available."
src.analytics.arena.battle_groups.get_all_battle_groups,get_all_battle_groups,utility_or_unknown,analytics/arena/battle_groups.py,ACTIVE_NEEDS_RUNTIME_CONFIRMATION,ACTIVE_VALUE_UNKNOWN,,,0,4,False,,,,,"Engaged, but runtime lineage/ablation not yet available."
src.analytics.arena.battle_groups.get_popular_groups,get_popular_groups,utility_or_unknown,analytics/arena/battle_groups.py,ACTIVE_NEEDS_RUNTIME_CONFIRMATION,ACTIVE_VALUE_UNKNOWN,,,0,3,False,,,,,"Engaged, but runtime lineage/ablation not yet available."
src.analytics.arena.ensemble_performance_bridge.EnsemblePerformanceBridge,EnsemblePerformanceBridge,utility_or_unknown,analytics/arena/ensemble_performance_bridge.py,ACTIVE_NEEDS_RUNTIME_CONFIRMATION,ACTIVE_VALUE_UNKNOWN,,,0,3,False,,,,,"Engaged, but runtime lineage/ablation not yet available."
src.analytics.arena.performance_tracker.ModelPerformanceRecord,ModelPerformanceRecord,model,analytics/arena/performance_tracker.py,ACTIVE_WITH_TEST_REFERENCE,ACTIVE_VALUE_UNKNOWN,,,0,7,True,,,,,"Engaged, but runtime lineage/ablation not yet available."
src.analytics.arena.performance_tracker.LeaderboardEntry,LeaderboardEntry,utility_or_unknown,analytics/arena/performance_tracker.py,ACTIVE_WITH_TEST_REFERENCE,ACTIVE_VALUE_UNKNOWN,,,0,7,True,,,,,"Engaged, but runtime lineage/ablation not yet available."
src.analytics.arena.performance_tracker.ModelPerformanceTracker,ModelPerformanceTracker,model,analytics/arena/performance_tracker.py,ACTIVE_WITH_TEST_REFERENCE,ACTIVE_VALUE_UNKNOWN,,,0,11,True,,,,,"Engaged, but runtime lineage/ablation not yet available."
src.analytics.arena.performance_tracker.get_performance_tracker,get_performance_tracker,utility_or_unknown,analytics/arena/performance_tracker.py,ACTIVE_WITH_TEST_REFERENCE,ACTIVE_VALUE_UNKNOWN,,,0,8,True,,,,,"Engaged, but runtime lineage/ablation not yet available."
src.analytics.arena.__init__,__init__,utility_or_unknown,analytics/arena/__init__.py,ACTIVE_WITH_TEST_REFERENCE,ACTIVE_VALUE_UNKNOWN,,,0,418,True,,,,,"Engaged, but runtime lineage/ablation not yet available."
src.analytics.calculators.advanced_econometrics_calculator.AdvancedEconometricsCalculator,AdvancedEconometricsCalculator,calculator,analytics/calculators/advanced_econometrics_calculator.py,UNUSED_POTENTIALLY_VALUABLE,NEEDS_FIX_BEFORE_VALUE_TEST,TARGET_COLUMN_IN_NON_TARGET_COMPONENT,,0,0,False,TIMEOUT,,,,Risk findings exist; fix correctness/leakage before judging value.
src.analytics.calculators.drawdown_calculator.DrawdownCalculator,DrawdownCalculator,calculator,analytics/calculators/drawdown_calculator.py,ACTIVE_WITH_TEST_REFERENCE,ACTIVE_VALUE_UNKNOWN,,,0,6,True,TIMEOUT,,,,"Engaged, but runtime lineage/ablation not yet available."
src.analytics.calculators.econometrics_calculator.EconometricsCalculator,EconometricsCalculator,calculator,analytics/calculators/econometrics_calculator.py,ACTIVE_RISKY,NEEDS_FIX_BEFORE_VALUE_TEST,SILENT_EMPTY_RETURN;TARGET_COLUMN_IN_NON_TARGET_COMPONENT,,0,2,False,TIMEOUT,,,,Risk findings exist; fix correctness/leakage before judging value.
src.analytics.calculators.explainability_calculator.ExplainabilityCalculator,ExplainabilityCalculator,calculator,analytics/calculators/explainability_calculator.py,ACTIVE_RISKY,NEEDS_FIX_BEFORE_VALUE_TEST,SILENT_EMPTY_RETURN,,0,2,False,NO_KNOWN_METHOD,,,,Risk findings exist; fix correctness/leakage before judging value.
src.analytics.calculators.fama_french_factors.FamaFrenchFactors,FamaFrenchFactors,calculator,analytics/calculators/fama_french_factors.py,ACTIVE_RISKY,NEEDS_FIX_BEFORE_VALUE_TEST,SILENT_EMPTY_RETURN,HML;MKT;SMB;UMD,0,6,True,,,,,Risk findings exist; fix correctness/leakage before judging value.
src.analytics.calculators.macro_score_calculator.MacroScoreCalculator,MacroScoreCalculator,calculator,analytics/calculators/macro_score_calculator.py,ACTIVE_WITH_TEST_REFERENCE,ACTIVE_VALUE_UNKNOWN,,composite_macro_score,0,6,True,INSTANTIATE_SKIPPED,,,,"Engaged, but runtime lineage/ablation not yet available."
src.analytics.calculators.risk_reward_calculator.TradeConfig,TradeConfig,calculator,analytics/calculators/risk_reward_calculator.py,ACTIVE_RISKY,NEEDS_FIX_BEFORE_VALUE_TEST,TARGET_COLUMN_IN_NON_TARGET_COMPONENT,,0,2,True,,,,,Risk findings exist; fix correctness/leakage before judging value.
src.analytics.calculators.risk_reward_calculator.TradeParameters,TradeParameters,calculator,analytics/calculators/risk_reward_calculator.py,ACTIVE_RISKY,NEEDS_FIX_BEFORE_VALUE_TEST,TARGET_COLUMN_IN_NON_TARGET_COMPONENT,,0,2,True,,,,,Risk findings exist; fix correctness/leakage before judging value.
src.analytics.calculators.risk_reward_calculator.RiskRewardCalculator,RiskRewardCalculator,calculator,analytics/calculators/risk_reward_calculator.py,ACTIVE_RISKY,NEEDS_FIX_BEFORE_VALUE_TEST,TARGET_COLUMN_IN_NON_TARGET_COMPONENT,,0,4,True,NO_KNOWN_METHOD,,,,Risk findings exist; fix correctness/leakage before judging value.
src.analytics.calculators.sentiment_stats_calculator.SentimentStatsCalculator,SentimentStatsCalculator,calculator,analytics/calculators/sentiment_stats_calculator.py,ACTIVE_NEEDS_RUNTIME_CONFIRMATION,ACTIVE_VALUE_UNKNOWN,,,0,4,False,NO_KNOWN_METHOD,,,,"Engaged, but runtime lineage/ablation not yet available."
src.analytics.calculators.volatility_calculator.VolatilityCalculator,VolatilityCalculator,calculator,analytics/calculators/volatility_calculator.py,ACTIVE_WITH_TEST_REFERENCE,ACTIVE_VALUE_UNKNOWN,,,0,8,True,NO_KNOWN_METHOD,,,,"Engaged, but runtime lineage/ablation not yet available."
src.analytics.context.causal_effect_methods.CausalEffectMethods,CausalEffectMethods,context_map,analytics/context/causal_effect_methods.py,ACTIVE_NEEDS_RUNTIME_CONFIRMATION,ACTIVE_VALUE_UNKNOWN,,,0,2,False,,,,,"Engaged, but runtime lineage/ablation not yet available."
src.analytics.context.causal_engine.CausalEngine,CausalEngine,context_map,analytics/context/causal_engine.py,ACTIVE_RISKY,NEEDS_FIX_BEFORE_VALUE_TEST,TARGET_COLUMN_IN_NON_TARGET_COMPONENT,,0,3,False,,,,,Risk findings exist; fix correctness/leakage before judging value.
src.analytics.context.contextual_model_selector.ContextualModelSelector,ContextualModelSelector,context_map,analytics/context/contextual_model_selector.py,ACTIVE_RISKY,NEEDS_FIX_BEFORE_VALUE_TEST,SILENT_EMPTY_RETURN;TARGET_COLUMN_IN_NON_TARGET_COMPONENT,,0,4,True,TIMEOUT,,,,Risk findings exist; fix correctness/leakage before judging value.
src.analytics.context.counterfactual_generator.CounterfactualGenerator,CounterfactualGenerator,context_map,analytics/context/counterfactual_generator.py,UNUSED_POTENTIALLY_VALUABLE,UNUSED_POTENTIALLY_VALUABLE,,,0,0,True,,,,,Not engaged statically but category suggests possible useful logic.
src.analytics.context.difference_in_differences_methods.DifferenceInDifferencesMethods,DifferenceInDifferencesMethods,context_map,analytics/context/difference_in_differences_methods.py,ACTIVE_NEEDS_RUNTIME_CONFIRMATION,ACTIVE_VALUE_UNKNOWN,,,0,2,False,,,,,"Engaged, but runtime lineage/ablation not yet available."
src.analytics.context.ensemble_selector.EnsembleContext,EnsembleContext,context_map,analytics/context/ensemble_selector.py,ACTIVE_RISKY,NEEDS_FIX_BEFORE_VALUE_TEST,SILENT_EMPTY_RETURN,,0,3,True,,,,,Risk findings exist; fix correctness/leakage before judging value.
src.analytics.context.ensemble_selector.EnsembleSelector,EnsembleSelector,context_map,analytics/context/ensemble_selector.py,ACTIVE_RISKY,NEEDS_FIX_BEFORE_VALUE_TEST,SILENT_EMPTY_RETURN,,0,4,True,NO_KNOWN_METHOD,,,,Risk findings exist; fix correctness/leakage before judging value.
src.analytics.context.macro_context_analyzer.MacroContextAnalyzer,MacroContextAnalyzer,context_map,analytics/context/macro_context_analyzer.py,ACTIVE_OUTPUT_UNTESTED,ACTIVE_VALUE_UNKNOWN,,macro_score;market_regime,0,0,False,TIMEOUT,,,,"Engaged, but runtime lineage/ablation not yet available."
src.analytics.context.market_context_analyzer.MarketContextAnalyzer,MarketContextAnalyzer,context_map,analytics/context/market_context_analyzer.py,ACTIVE_RISKY,NEEDS_FIX_BEFORE_VALUE_TEST,SILENT_EMPTY_RETURN,,0,4,True,INSTANTIATE_SKIPPED,,,,Risk findings exist; fix correctness/leakage before judging value.
src.analytics.context.market_phase_analyzer.MarketPhaseAnalyzer,MarketPhaseAnalyzer,context_map,analytics/context/market_phase_analyzer.py,ACTIVE_WITH_TEST_REFERENCE,EXECUTED_NO_OUTPUT_CHANGE,,,0,2,True,EXECUTED,,,,Component executed but did not change dataframe output.
src.analytics.context.market_regime_analyzer.MarketRegimeAnalyzer,MarketRegimeAnalyzer,context_map,analytics/context/market_regime_analyzer.py,ACTIVE_RISKY,NEEDS_FIX_BEFORE_VALUE_TEST,SILENT_EMPTY_RETURN,,0,0,True,TIMEOUT,,,,Risk findings exist; fix correctness/leakage before judging value.
src.analytics.context.prediction_adjuster.PredictionAdjuster,PredictionAdjuster,context_map,analytics/context/prediction_adjuster.py,ACTIVE_NEEDS_RUNTIME_CONFIRMATION,ACTIVE_VALUE_UNKNOWN,,,0,2,False,,,,,"Engaged, but runtime lineage/ablation not yet available."
src.analytics.context.propensity_score_methods.PropensityScoreMethods,PropensityScoreMethods,context_map,analytics/context/propensity_score_methods.py,ACTIVE_NEEDS_RUNTIME_CONFIRMATION,ACTIVE_VALUE_UNKNOWN,,,0,2,False,,,,,"Engaged, but runtime lineage/ablation not yet available."
src.analytics.context.synthetic_control_methods.SyntheticControlMethods,SyntheticControlMethods,context_map,analytics/context/synthetic_control_methods.py,ACTIVE_NEEDS_RUNTIME_CONFIRMATION,ACTIVE_VALUE_UNKNOWN,,,0,2,False,,,,,"Engaged, but runtime lineage/ablation not yet available."
src.analytics.data_managers.model_results_manager.ModelResultsManager,ModelResultsManager,model,analytics/data_managers/model_results_manager.py,ACTIVE_RISKY,NEEDS_FIX_BEFORE_VALUE_TEST,SILENT_EMPTY_RETURN;TARGET_COLUMN_IN_NON_TARGET_COMPONENT,,0,13,True,,,,,Risk findings exist; fix correctness/leakage before judging value.
src.analytics.detectors.anomaly_detector.AnomalyDetector,AnomalyDetector,detector,analytics/detectors/anomaly_detector.py,ACTIVE_WITH_TEST_REFERENCE,ACTIVE_VALUE_UNKNOWN,,,0,4,True,TIMEOUT,,,,"Engaged, but runtime lineage/ablation not yet available."
src.analytics.detectors.critical_signal_detector.CriticalSignalDetector,CriticalSignalDetector,detector,analytics/detectors/critical_signal_detector.py,ACTIVE_OUTPUT_UNTESTED,EXECUTED_OUTPUT_UNKNOWN_LINEAGE,,price_shock_detected;volatility_explosion_detected;volume_spike_detected,0,2,False,EXECUTED,price_shock_detected;volatility_explosion_detected;volume_spike_detected,,,Component adds output; integrate feature lineage tracker.
src.analytics.engines.causal_engine.CausalEngine,CausalEngine,utility_or_unknown,analytics/engines/causal_engine.py,ACTIVE_NEEDS_RUNTIME_CONFIRMATION,ACTIVE_VALUE_UNKNOWN,,,0,3,False,,,,,"Engaged, but runtime lineage/ablation not yet available."
src.analytics.reporting.automated_reports.AutomatedReporting,AutomatedReporting,utility_or_unknown,analytics/reporting/automated_reports.py,ACTIVE_RISKY,NEEDS_FIX_BEFORE_VALUE_TEST,SILENT_EMPTY_RETURN,,0,1,False,,,,,Risk findings exist; fix correctness/leakage before judging value.
src.analytics.reporting.automated_reports.HistoricalAnalytics,HistoricalAnalytics,utility_or_unknown,analytics/reporting/automated_reports.py,ACTIVE_RISKY,NEEDS_FIX_BEFORE_VALUE_TEST,SILENT_EMPTY_RETURN,,0,2,False,,,,,Risk findings exist; fix correctness/leakage before judging value.
src.analytics.reporting.model_analyzer.ModelAnalyzer,ModelAnalyzer,analyzer,analytics/reporting/model_analyzer.py,ACTIVE_NEEDS_RUNTIME_CONFIRMATION,ACTIVE_VALUE_UNKNOWN,,,0,5,False,TIMEOUT,,,,"Engaged, but runtime lineage/ablation not yet available."
src.analytics.reporting.reporting_orchestrator.ReportingOrchestrator,ReportingOrchestrator,pipeline_stage,analytics/reporting/reporting_orchestrator.py,ACTIVE_NEEDS_RUNTIME_CONFIRMATION,ACTIVE_VALUE_UNKNOWN,,,0,0,False,,,,,"Engaged, but runtime lineage/ablation not yet available."
src.analytics.reporting.results_manager.ResultsManager,ResultsManager,utility_or_unknown,analytics/reporting/results_manager.py,ACTIVE_RISKY,NEEDS_FIX_BEFORE_VALUE_TEST,SILENT_EMPTY_RETURN,,0,9,False,,,,,Risk findings exist; fix correctness/leakage before judging value.
src.analytics.reporting.visualization.Visualizer,Visualizer,utility_or_unknown,analytics/reporting/visualization.py,ACTIVE_RISKY,NEEDS_FIX_BEFORE_VALUE_TEST,SILENT_EMPTY_RETURN,,0,6,False,,,,,Risk findings exist; fix correctness/leakage before judging value.
src.analytics.reporting.__init__,__init__,utility_or_unknown,analytics/reporting/__init__.py,ACTIVE_WITH_TEST_REFERENCE,ACTIVE_VALUE_UNKNOWN,,,0,418,True,,,,,"Engaged, but runtime lineage/ablation not yet available."
src.analytics.signals.signal_analytics.analyze_signals,analyze_signals,utility_or_unknown,analytics/signals/signal_analytics.py,ACTIVE_RISKY,NEEDS_FIX_BEFORE_VALUE_TEST,SILENT_EMPTY_RETURN,,0,2,False,,,,,Risk findings exist; fix correctness/leakage before judging value.
src.analytics.signals.signal_analytics.generate_report_string,generate_report_string,utility_or_unknown,analytics/signals/signal_analytics.py,ACTIVE_RISKY,NEEDS_FIX_BEFORE_VALUE_TEST,SILENT_EMPTY_RETURN,,0,1,False,,,,,Risk findings exist; fix correctness/leakage before judging value.
src.analytics.signals.significance_detector.detect_significant_events,detect_significant_events,detector,analytics/signals/significance_detector.py,ACTIVE_RISKY,NEEDS_FIX_BEFORE_VALUE_TEST,SILENT_EMPTY_RETURN,is_significant;ticker,0,2,False,,,,,Risk findings exist; fix correctness/leakage before judging value.
src.analytics.signals.significance_detector.get_significance_summary,get_significance_summary,detector,analytics/signals/significance_detector.py,ACTIVE_RISKY,NEEDS_FIX_BEFORE_VALUE_TEST,SILENT_EMPTY_RETURN,is_significant;ticker,0,1,False,,,,,Risk findings exist; fix correctness/leakage before judging value.
src.analytics.utils.analytics_math.calculate_market_regime_metrics,calculate_market_regime_metrics,utility_or_unknown,analytics/utils/analytics_math.py,ORPHAN_LOW_SIGNAL,LOW_PRIORITY_ORPHAN,,,0,0,True,,,,,No evidence of engagement/value yet.
src.analytics.utils.analytics_math.calculate_herfindahl_hirschman_index,calculate_herfindahl_hirschman_index,utility_or_unknown,analytics/utils/analytics_math.py,ORPHAN_LOW_SIGNAL,LOW_PRIORITY_ORPHAN,,,0,0,True,,,,,No evidence of engagement/value yet.
src.analytics.utils.analytics_math.calculate_diversification_ratio,calculate_diversification_ratio,utility_or_unknown,analytics/utils/analytics_math.py,ORPHAN_LOW_SIGNAL,LOW_PRIORITY_ORPHAN,,,0,0,True,,,,,No evidence of engagement/value yet.
src.analytics.utils.knn_model_wrapper.KnnModelWrapper,KnnModelWrapper,model,analytics/utils/knn_model_wrapper.py,ACTIVE_RISKY,NEEDS_FIX_BEFORE_VALUE_TEST,TARGET_COLUMN_IN_NON_TARGET_COMPONENT,,0,2,False,,,,,Risk findings exist; fix correctness/leakage before judging value.
src.backtesting.advanced.advanced_engine.TransactionCostModel,TransactionCostModel,trading,backtesting/advanced/advanced_engine.py,ACTIVE_RISKY,NEEDS_FIX_BEFORE_VALUE_TEST,FUTURE_SHIFT;SILENT_EMPTY_RETURN,,0,7,True,,,,,Risk findings exist; fix correctness/leakage before judging value.
src.backtesting.advanced.advanced_engine.BiasDetector,BiasDetector,trading,backtesting/advanced/advanced_engine.py,ACTIVE_RISKY,NEEDS_FIX_BEFORE_VALUE_TEST,FUTURE_SHIFT;SILENT_EMPTY_RETURN,,0,7,True,TIMEOUT,,,,Risk findings exist; fix correctness/leakage before judging value.
src.backtesting.advanced.advanced_engine.WalkForwardOptimizer,WalkForwardOptimizer,trading,backtesting/advanced/advanced_engine.py,ACTIVE_RISKY,NEEDS_FIX_BEFORE_VALUE_TEST,FUTURE_SHIFT;SILENT_EMPTY_RETURN,,0,7,True,,,,,Risk findings exist; fix correctness/leakage before judging value.
src.backtesting.advanced.advanced_engine.AdvancedBacktestEngine,AdvancedBacktestEngine,trading,backtesting/advanced/advanced_engine.py,ACTIVE_RISKY,NEEDS_FIX_BEFORE_VALUE_TEST,FUTURE_SHIFT;SILENT_EMPTY_RETURN,,0,7,True,,,,,Risk findings exist; fix correctness/leakage before judging value.
src.colab.config.config_loader.RuntimeConfigLoader,RuntimeConfigLoader,utility_or_unknown,colab/config/config_loader.py,ACTIVE_RISKY,NEEDS_FIX_BEFORE_VALUE_TEST,SILENT_EMPTY_RETURN;TARGET_COLUMN_IN_NON_TARGET_COMPONENT,,0,4,False,,,,,Risk findings exist; fix correctness/leakage before judging value.
src.colab.config.training_config.TrainingConfig,TrainingConfig,utility_or_unknown,colab/config/training_config.py,ACTIVE_RISKY,NEEDS_FIX_BEFORE_VALUE_TEST,TARGET_COLUMN_IN_NON_TARGET_COMPONENT,,0,6,False,,,,,Risk findings exist; fix correctness/leakage before judging value.
src.colab.config.training_config.CheckpointParams,CheckpointParams,utility_or_unknown,colab/config/training_config.py,ACTIVE_RISKY,NEEDS_FIX_BEFORE_VALUE_TEST,TARGET_COLUMN_IN_NON_TARGET_COMPONENT,,0,7,False,,,,,Risk findings exist; fix correctness/leakage before judging value.
src.colab.config.training_config.TrainingParams,TrainingParams,utility_or_unknown,colab/config/training_config.py,ACTIVE_RISKY,NEEDS_FIX_BEFORE_VALUE_TEST,TARGET_COLUMN_IN_NON_TARGET_COMPONENT,,0,4,False,,,,,Risk findings exist; fix correctness/leakage before judging value.
src.colab.config.training_config.TrainingLoopParams,TrainingLoopParams,utility_or_unknown,colab/config/training_config.py,ACTIVE_RISKY,NEEDS_FIX_BEFORE_VALUE_TEST,TARGET_COLUMN_IN_NON_TARGET_COMPONENT,,0,4,False,,,,,Risk findings exist; fix correctness/leakage before judging value.
src.colab.config.__init__,__init__,utility_or_unknown,colab/config/__init__.py,ACTIVE_WITH_TEST_REFERENCE,ACTIVE_VALUE_UNKNOWN,,,0,418,True,,,,,"Engaged, but runtime lineage/ablation not yet available."
src.colab.environment.colab_environment.ColabEnvironment,ColabEnvironment,utility_or_unknown,colab/environment/colab_environment.py,ACTIVE_NEEDS_RUNTIME_CONFIRMATION,ACTIVE_VALUE_UNKNOWN,,,0,4,False,,,,,"Engaged, but runtime lineage/ablation not yet available."
src.colab.environment.setup.ColabEnvironment,ColabEnvironment,utility_or_unknown,colab/environment/setup.py,ACTIVE_NEEDS_RUNTIME_CONFIRMATION,ACTIVE_VALUE_UNKNOWN,,,0,8,False,,,,,"Engaged, but runtime lineage/ablation not yet available."
src.colab.environment.__init__,__init__,utility_or_unknown,colab/environment/__init__.py,ACTIVE_WITH_TEST_REFERENCE,ACTIVE_VALUE_UNKNOWN,,,0,418,True,,,,,"Engaged, but runtime lineage/ablation not yet available."
src.colab.memory.memory_monitor.MemoryMonitor,MemoryMonitor,utility_or_unknown,colab/memory/memory_monitor.py,ACTIVE_NEEDS_RUNTIME_CONFIRMATION,ACTIVE_VALUE_UNKNOWN,,,0,3,False,,,,,"Engaged, but runtime lineage/ablation not yet available."
src.colab.memory.__init__,__init__,utility_or_unknown,colab/memory/__init__.py,ACTIVE_WITH_TEST_REFERENCE,ACTIVE_VALUE_UNKNOWN,,,0,418,True,,,,,"Engaged, but runtime lineage/ablation not yet available."
src.colab.models.architectures.LSTMModel,LSTMModel,model,colab/models/architectures.py,ACTIVE_RISKY,NEEDS_FIX_BEFORE_VALUE_TEST,HEAVY_IMPORT,,0,13,False,,,,,Risk findings exist; fix correctness/leakage before judging value.
src.colab.models.architectures.GRUModel,GRUModel,model,colab/models/architectures.py,ACTIVE_RISKY,NEEDS_FIX_BEFORE_VALUE_TEST,HEAVY_IMPORT,,0,13,False,,,,,Risk findings exist; fix correctness/leakage before judging value.
src.colab.models.architectures.CNNModel,CNNModel,model,colab/models/architectures.py,ACTIVE_RISKY,NEEDS_FIX_BEFORE_VALUE_TEST,HEAVY_IMPORT,,0,13,False,,,,,Risk findings exist; fix correctness/leakage before judging value.
src.colab.models.architectures.TransformerModel,TransformerModel,model,colab/models/architectures.py,ACTIVE_RISKY,NEEDS_FIX_BEFORE_VALUE_TEST,HEAVY_IMPORT,,0,13,False,,,,,Risk findings exist; fix correctness/leakage before judging value.
src.colab.models.architectures.AutoencoderModel,AutoencoderModel,model,colab/models/architectures.py,ACTIVE_RISKY,NEEDS_FIX_BEFORE_VALUE_TEST,HEAVY_IMPORT,,0,13,False,,,,,Risk findings exist; fix correctness/leakage before judging value.
src.colab.models.model_factory.create_model,create_model,model,colab/models/model_factory.py,ACTIVE_RISKY,NEEDS_FIX_BEFORE_VALUE_TEST,SILENT_EMPTY_RETURN,,0,13,True,,,,,Risk findings exist; fix correctness/leakage before judging value.
src.colab.models.sklearn_fallback.create_sklearn_fallback_model,create_sklearn_fallback_model,model,colab/models/sklearn_fallback.py,ORPHAN_LOW_SIGNAL,NEEDS_FIX_BEFORE_VALUE_TEST,SILENT_EMPTY_RETURN,,0,0,False,,,,,Risk findings exist; fix correctness/leakage before judging value.
src.colab.models.torch_models.create_torch_model,create_torch_model,model,colab/models/torch_models.py,ORPHAN_LOW_SIGNAL,NEEDS_FIX_BEFORE_VALUE_TEST,SILENT_EMPTY_RETURN,,0,0,False,,,,,Risk findings exist; fix correctness/leakage before judging value.
src.colab.models.torch_models.create_mlp_model,create_mlp_model,model,colab/models/torch_models.py,ORPHAN_LOW_SIGNAL,NEEDS_FIX_BEFORE_VALUE_TEST,SILENT_EMPTY_RETURN,,0,0,False,,,,,Risk findings exist; fix correctness/leakage before judging value.
src.colab.models.torch_models.create_lstm_model,create_lstm_model,model,colab/models/torch_models.py,ORPHAN_LOW_SIGNAL,NEEDS_FIX_BEFORE_VALUE_TEST,SILENT_EMPTY_RETURN,,0,0,False,,,,,Risk findings exist; fix correctness/leakage before judging value.
src.colab.models.torch_models.create_gru_model,create_gru_model,model,colab/models/torch_models.py,ORPHAN_LOW_SIGNAL,NEEDS_FIX_BEFORE_VALUE_TEST,SILENT_EMPTY_RETURN,,0,0,False,,,,,Risk findings exist; fix correctness/leakage before judging value.
src.colab.models.torch_models.create_cnn_model,create_cnn_model,model,colab/models/torch_models.py,ORPHAN_LOW_SIGNAL,NEEDS_FIX_BEFORE_VALUE_TEST,SILENT_EMPTY_RETURN,,0,0,False,,,,,Risk findings exist; fix correctness/leakage before judging value.
src.colab.models.torch_models.create_transformer_model,create_transformer_model,model,colab/models/torch_models.py,ORPHAN_LOW_SIGNAL,NEEDS_FIX_BEFORE_VALUE_TEST,SILENT_EMPTY_RETURN,,0,0,False,,,,,Risk findings exist; fix correctness/leakage before judging value.
src.colab.models.torch_models.create_tabnet_model,create_tabnet_model,model,colab/models/torch_models.py,ORPHAN_LOW_SIGNAL,NEEDS_FIX_BEFORE_VALUE_TEST,SILENT_EMPTY_RETURN,,0,0,False,,,,,Risk findings exist; fix correctness/leakage before judging value.
src.colab.models.torch_models.create_random_forest_wrapper,create_random_forest_wrapper,model,colab/models/torch_models.py,ORPHAN_LOW_SIGNAL,NEEDS_FIX_BEFORE_VALUE_TEST,SILENT_EMPTY_RETURN,,0,0,False,,,,,Risk findings exist; fix correctness/leakage before judging value.
src.colab.models.torch_models.create_autoencoder_model,create_autoencoder_model,model,colab/models/torch_models.py,ORPHAN_LOW_SIGNAL,NEEDS_FIX_BEFORE_VALUE_TEST,SILENT_EMPTY_RETURN,,0,0,False,,,,,Risk findings exist; fix correctness/leakage before judging value.
src.colab.models.__init__,__init__,model,colab/models/__init__.py,ACTIVE_WITH_TEST_REFERENCE,ACTIVE_VALUE_UNKNOWN,,,0,418,True,,,,,"Engaged, but runtime lineage/ablation not yet available."
src.colab.utils.batch_size.get_optimal_batch_size,get_optimal_batch_size,utility_or_unknown,colab/utils/batch_size.py,ACTIVE_WITH_TEST_REFERENCE,ACTIVE_VALUE_UNKNOWN,,,0,25,True,,,,,"Engaged, but runtime lineage/ablation not yet available."
src.colab.utils.data_signature.compute_data_signature,compute_data_signature,utility_or_unknown,colab/utils/data_signature.py,ACTIVE_NEEDS_RUNTIME_CONFIRMATION,ACTIVE_VALUE_UNKNOWN,,,0,4,False,,,,,"Engaged, but runtime lineage/ablation not yet available."
src.colab.utils.metrics.compute_metrics,compute_metrics,calculator,colab/utils/metrics.py,ACTIVE_WITH_TEST_REFERENCE,ACTIVE_VALUE_UNKNOWN,,,0,140,True,,,,,"Engaged, but runtime lineage/ablation not yet available."
src.colab.utils.retry.retry_on_timeout,retry_on_timeout,utility_or_unknown,colab/utils/retry.py,ACTIVE_NEEDS_RUNTIME_CONFIRMATION,ACTIVE_VALUE_UNKNOWN,,,0,8,False,,,,,"Engaged, but runtime lineage/ablation not yet available."
src.colab.utils.utils.get_optimal_batch_size,get_optimal_batch_size,utility_or_unknown,colab/utils/utils.py,ACTIVE_RISKY,NEEDS_FIX_BEFORE_VALUE_TEST,SILENT_EMPTY_RETURN;TARGET_COLUMN_IN_NON_TARGET_COMPONENT,,0,54,True,,,,,Risk findings exist; fix correctness/leakage before judging value.
src.colab.utils.utils.save_checkpoint,save_checkpoint,utility_or_unknown,colab/utils/utils.py,ACTIVE_RISKY,NEEDS_FIX_BEFORE_VALUE_TEST,SILENT_EMPTY_RETURN;TARGET_COLUMN_IN_NON_TARGET_COMPONENT,,0,56,True,,,,,Risk findings exist; fix correctness/leakage before judging value.
src.colab.utils.utils.load_checkpoint,load_checkpoint,utility_or_unknown,colab/utils/utils.py,ACTIVE_RISKY,NEEDS_FIX_BEFORE_VALUE_TEST,SILENT_EMPTY_RETURN;TARGET_COLUMN_IN_NON_TARGET_COMPONENT,,0,56,True,,,,,Risk findings exist; fix correctness/leakage before judging value.
src.colab.utils.utils.find_latest_checkpoint,find_latest_checkpoint,utility_or_unknown,colab/utils/utils.py,ACTIVE_RISKY,NEEDS_FIX_BEFORE_VALUE_TEST,SILENT_EMPTY_RETURN;TARGET_COLUMN_IN_NON_TARGET_COMPONENT,,0,54,True,,,,,Risk findings exist; fix correctness/leakage before judging value.
src.colab.utils.utils.compute_data_signature,compute_data_signature,utility_or_unknown,colab/utils/utils.py,ACTIVE_RISKY,NEEDS_FIX_BEFORE_VALUE_TEST,SILENT_EMPTY_RETURN;TARGET_COLUMN_IN_NON_TARGET_COMPONENT,,0,55,True,,,,,Risk findings exist; fix correctness/leakage before judging value.
src.colab.utils.utils.compute_metrics,compute_metrics,utility_or_unknown,colab/utils/utils.py,ACTIVE_RISKY,NEEDS_FIX_BEFORE_VALUE_TEST,SILENT_EMPTY_RETURN;TARGET_COLUMN_IN_NON_TARGET_COMPONENT,,0,55,True,,,,,Risk findings exist; fix correctness/leakage before judging value.
src.colab.utils.__init__,__init__,utility_or_unknown,colab/utils/__init__.py,ACTIVE_WITH_TEST_REFERENCE,ACTIVE_VALUE_UNKNOWN,,,0,418,True,,,,,"Engaged, but runtime lineage/ablation not yet available."
src.core.cache.cache_manager.CacheManager,CacheManager,utility_or_unknown,core/cache/cache_manager.py,ACTIVE_RISKY,NEEDS_FIX_BEFORE_VALUE_TEST,SILENT_EMPTY_RETURN,,0,51,False,,,,,Risk findings exist; fix correctness/leakage before judging value.
src.core.cache.object_cache.ObjectCache,ObjectCache,utility_or_unknown,core/cache/object_cache.py,ACTIVE_RISKY,NEEDS_FIX_BEFORE_VALUE_TEST,SILENT_EMPTY_RETURN,,0,2,False,,,,,Risk findings exist; fix correctness/leakage before judging value.
src.core.cache.query_cache.QueryCache,QueryCache,utility_or_unknown,core/cache/query_cache.py,ACTIVE_RISKY,NEEDS_FIX_BEFORE_VALUE_TEST,SILENT_EMPTY_RETURN,,0,2,False,,,,,Risk findings exist; fix correctness/leakage before judging value.
src.core.cache.__init__,__init__,utility_or_unknown,core/cache/__init__.py,ACTIVE_WITH_TEST_REFERENCE,ACTIVE_VALUE_UNKNOWN,,,0,418,True,,,,,"Engaged, but runtime lineage/ablation not yet available."
src.core.clients.http_client_factory.IHttpClientFactory,IHttpClientFactory,factory_registry,core/clients/http_client_factory.py,ACTIVE_WITH_TEST_REFERENCE,ACTIVE_VALUE_UNKNOWN,,,0,25,True,,,,,"Engaged, but runtime lineage/ablation not yet available."
src.core.clients.http_client_factory.HttpClientFactory,HttpClientFactory,factory_registry,core/clients/http_client_factory.py,ACTIVE_WITH_TEST_REFERENCE,ACTIVE_VALUE_UNKNOWN,,,0,48,True,,,,,"Engaged, but runtime lineage/ablation not yet available."
src.core.cloud.gcs_manager.GCSManager,GCSManager,utility_or_unknown,core/cloud/gcs_manager.py,ACTIVE_RISKY,NEEDS_FIX_BEFORE_VALUE_TEST,SILENT_EMPTY_RETURN,,0,2,False,,,,,Risk findings exist; fix correctness/leakage before judging value.
src.core.cloud.__init__,__init__,utility_or_unknown,core/cloud/__init__.py,ACTIVE_WITH_TEST_REFERENCE,ACTIVE_VALUE_UNKNOWN,,,0,418,True,,,,,"Engaged, but runtime lineage/ablation not yet available."
src.core.error_handling.__init__,__init__,utility_or_unknown,core/error_handling/__init__.py,ACTIVE_WITH_TEST_REFERENCE,ACTIVE_VALUE_UNKNOWN,,,0,418,True,,,,,"Engaged, but runtime lineage/ablation not yet available."
src.core.file_management.file_manager.FileManager,FileManager,utility_or_unknown,core/file_management/file_manager.py,ACTIVE_RISKY,NEEDS_FIX_BEFORE_VALUE_TEST,SILENT_EMPTY_RETURN,,0,10,True,,,,,Risk findings exist; fix correctness/leakage before judging value.
src.core.file_management.__init__,__init__,utility_or_unknown,core/file_management/__init__.py,ACTIVE_WITH_TEST_REFERENCE,ACTIVE_VALUE_UNKNOWN,,,0,418,True,,,,,"Engaged, but runtime lineage/ablation not yet available."
src.core.logging.exception_decorator.log_and_raise,log_and_raise,utility_or_unknown,core/logging/exception_decorator.py,ACTIVE_NEEDS_RUNTIME_CONFIRMATION,ACTIVE_VALUE_UNKNOWN,,,0,1,False,,,,,"Engaged, but runtime lineage/ablation not yet available."
src.core.logging.logger.ContextAdapter,ContextAdapter,context_map,core/logging/logger.py,ACTIVE_WITH_TEST_REFERENCE,ACTIVE_VALUE_UNKNOWN,,,0,465,True,,,,,"Engaged, but runtime lineage/ablation not yet available."
src.core.logging.logger.ProjectLogger,ProjectLogger,utility_or_unknown,core/logging/logger.py,ACTIVE_WITH_TEST_REFERENCE,ACTIVE_VALUE_UNKNOWN,,,0,835,True,,,,,"Engaged, but runtime lineage/ablation not yet available."
src.core.logging.notifier.UniversalNotifier,UniversalNotifier,utility_or_unknown,core/logging/notifier.py,ACTIVE_NEEDS_RUNTIME_CONFIRMATION,ACTIVE_VALUE_UNKNOWN,,,0,9,False,,,,,"Engaged, but runtime lineage/ablation not yet available."
src.core.logging.__init__,__init__,utility_or_unknown,core/logging/__init__.py,ACTIVE_WITH_TEST_REFERENCE,ACTIVE_VALUE_UNKNOWN,,,0,418,True,,,,,"Engaged, but runtime lineage/ablation not yet available."
src.core.monitoring.memory_profiler.MemoryProfiler,MemoryProfiler,utility_or_unknown,core/monitoring/memory_profiler.py,ACTIVE_NEEDS_RUNTIME_CONFIRMATION,ACTIVE_VALUE_UNKNOWN,,,0,2,False,,,,,"Engaged, but runtime lineage/ablation not yet available."
src.core.monitoring.memory_profiler.get_memory_profiler,get_memory_profiler,utility_or_unknown,core/monitoring/memory_profiler.py,ACTIVE_NEEDS_RUNTIME_CONFIRMATION,ACTIVE_VALUE_UNKNOWN,,,0,4,False,,,,,"Engaged, but runtime lineage/ablation not yet available."
src.core.monitoring.memory_profiler.cleanup_memory,cleanup_memory,utility_or_unknown,core/monitoring/memory_profiler.py,ACTIVE_NEEDS_RUNTIME_CONFIRMATION,ACTIVE_VALUE_UNKNOWN,,,0,2,False,,,,,"Engaged, but runtime lineage/ablation not yet available."
src.core.monitoring.memory_profiler.get_memory_stats,get_memory_stats,utility_or_unknown,core/monitoring/memory_profiler.py,ACTIVE_NEEDS_RUNTIME_CONFIRMATION,ACTIVE_VALUE_UNKNOWN,,,0,3,False,,,,,"Engaged, but runtime lineage/ablation not yet available."
src.core.security.path_validator.PathValidationError,PathValidationError,utility_or_unknown,core/security/path_validator.py,ACTIVE_RISKY,NEEDS_FIX_BEFORE_VALUE_TEST,TARGET_COLUMN_IN_NON_TARGET_COMPONENT,,0,10,True,,,,,Risk findings exist; fix correctness/leakage before judging value.
src.core.security.path_validator.validate_safe_path,validate_safe_path,utility_or_unknown,core/security/path_validator.py,ACTIVE_RISKY,NEEDS_FIX_BEFORE_VALUE_TEST,TARGET_COLUMN_IN_NON_TARGET_COMPONENT,,0,10,True,,,,,Risk findings exist; fix correctness/leakage before judging value.
src.core.security.secure_secrets_manager.SecurityError,SecurityError,utility_or_unknown,core/security/secure_secrets_manager.py,ACTIVE_RISKY,NEEDS_FIX_BEFORE_VALUE_TEST,SILENT_EMPTY_RETURN;TARGET_COLUMN_IN_NON_TARGET_COMPONENT,,0,1,False,,,,,Risk findings exist; fix correctness/leakage before judging value.
src.core.security.secure_secrets_manager.SecretsManager,SecretsManager,utility_or_unknown,core/security/secure_secrets_manager.py,ACTIVE_RISKY,NEEDS_FIX_BEFORE_VALUE_TEST,SILENT_EMPTY_RETURN;TARGET_COLUMN_IN_NON_TARGET_COMPONENT,,0,2,False,,,,,Risk findings exist; fix correctness/leakage before judging value.
src.core.security.secure_secrets_manager.load_dotenv,load_dotenv,utility_or_unknown,core/security/secure_secrets_manager.py,ACTIVE_RISKY,NEEDS_FIX_BEFORE_VALUE_TEST,SILENT_EMPTY_RETURN;TARGET_COLUMN_IN_NON_TARGET_COMPONENT,,0,1,False,,,,,Risk findings exist; fix correctness/leakage before judging value.
src.core.security.secure_secrets_manager.get_secret,get_secret,utility_or_unknown,core/security/secure_secrets_manager.py,ACTIVE_RISKY,NEEDS_FIX_BEFORE_VALUE_TEST,SILENT_EMPTY_RETURN;TARGET_COLUMN_IN_NON_TARGET_COMPONENT,,0,1,False,,,,,Risk findings exist; fix correctness/leakage before judging value.
src.core.security.secure_secrets_manager.mask_secret,mask_secret,utility_or_unknown,core/security/secure_secrets_manager.py,ACTIVE_RISKY,NEEDS_FIX_BEFORE_VALUE_TEST,SILENT_EMPTY_RETURN;TARGET_COLUMN_IN_NON_TARGET_COMPONENT,,0,1,False,,,,,Risk findings exist; fix correctness/leakage before judging value.
src.core.system.archive_manager.archive_directory,archive_directory,utility_or_unknown,core/system/archive_manager.py,ORPHAN_LOW_SIGNAL,NEEDS_FIX_BEFORE_VALUE_TEST,SILENT_EMPTY_RETURN,,0,0,False,,,,,Risk findings exist; fix correctness/leakage before judging value.
src.core.system.batch_processor.BatchConfig,BatchConfig,utility_or_unknown,core/system/batch_processor.py,ACTIVE_RISKY,NEEDS_FIX_BEFORE_VALUE_TEST,SILENT_EMPTY_RETURN,,0,1,False,,,,,Risk findings exist; fix correctness/leakage before judging value.
src.core.system.batch_processor.BatchProcessor,BatchProcessor,utility_or_unknown,core/system/batch_processor.py,ACTIVE_RISKY,NEEDS_FIX_BEFORE_VALUE_TEST,SILENT_EMPTY_RETURN,,0,3,False,,,,,Risk findings exist; fix correctness/leakage before judging value.
src.core.system.connection_registry.ConnectionRegistry,ConnectionRegistry,factory_registry,core/system/connection_registry.py,ACTIVE_NEEDS_RUNTIME_CONFIRMATION,ACTIVE_VALUE_UNKNOWN,,,0,2,False,,,,,"Engaged, but runtime lineage/ablation not yet available."
src.core.system.version_manager.ConfigVersion,ConfigVersion,utility_or_unknown,core/system/version_manager.py,ORPHAN_LOW_SIGNAL,NEEDS_FIX_BEFORE_VALUE_TEST,SILENT_EMPTY_RETURN;TARGET_COLUMN_IN_NON_TARGET_COMPONENT,,0,0,False,,,,,Risk findings exist; fix correctness/leakage before judging value.
src.core.system.version_manager.ConfigVersionManager,ConfigVersionManager,utility_or_unknown,core/system/version_manager.py,ORPHAN_LOW_SIGNAL,NEEDS_FIX_BEFORE_VALUE_TEST,SILENT_EMPTY_RETURN;TARGET_COLUMN_IN_NON_TARGET_COMPONENT,,0,0,False,,,,,Risk findings exist; fix correctness/leakage before judging value.
src.core.system.version_manager.get_version_manager,get_version_manager,utility_or_unknown,core/system/version_manager.py,ORPHAN_LOW_SIGNAL,NEEDS_FIX_BEFORE_VALUE_TEST,SILENT_EMPTY_RETURN;TARGET_COLUMN_IN_NON_TARGET_COMPONENT,,0,0,False,,,,,Risk findings exist; fix correctness/leakage before judging value.
src.core.system.version_manager.get_current_version,get_current_version,utility_or_unknown,core/system/version_manager.py,ORPHAN_LOW_SIGNAL,NEEDS_FIX_BEFORE_VALUE_TEST,SILENT_EMPTY_RETURN;TARGET_COLUMN_IN_NON_TARGET_COMPONENT,,0,0,False,,,,,Risk findings exist; fix correctness/leakage before judging value.
src.core.system.version_manager.get_model_version,get_model_version,utility_or_unknown,core/system/version_manager.py,ORPHAN_LOW_SIGNAL,NEEDS_FIX_BEFORE_VALUE_TEST,SILENT_EMPTY_RETURN;TARGET_COLUMN_IN_NON_TARGET_COMPONENT,,0,0,False,,,,,Risk findings exist; fix correctness/leakage before judging value.
src.core.system.version_manager.tag_pipeline_run,tag_pipeline_run,utility_or_unknown,core/system/version_manager.py,ORPHAN_LOW_SIGNAL,NEEDS_FIX_BEFORE_VALUE_TEST,SILENT_EMPTY_RETURN;TARGET_COLUMN_IN_NON_TARGET_COMPONENT,,0,0,False,,,,,Risk findings exist; fix correctness/leakage before judging value.
src.core.system.version_manager.needs_migration,needs_migration,utility_or_unknown,core/system/version_manager.py,ORPHAN_LOW_SIGNAL,NEEDS_FIX_BEFORE_VALUE_TEST,SILENT_EMPTY_RETURN;TARGET_COLUMN_IN_NON_TARGET_COMPONENT,,0,0,False,,,,,Risk findings exist; fix correctness/leakage before judging value.
src.core.system.version_manager.get_migration_path,get_migration_path,utility_or_unknown,core/system/version_manager.py,ORPHAN_LOW_SIGNAL,NEEDS_FIX_BEFORE_VALUE_TEST,SILENT_EMPTY_RETURN;TARGET_COLUMN_IN_NON_TARGET_COMPONENT,,0,0,False,,,,,Risk findings exist; fix correctness/leakage before judging value.
src.core.system.version_manager.get_version_info,get_version_info,utility_or_unknown,core/system/version_manager.py,ORPHAN_LOW_SIGNAL,NEEDS_FIX_BEFORE_VALUE_TEST,SILENT_EMPTY_RETURN;TARGET_COLUMN_IN_NON_TARGET_COMPONENT,,0,0,False,,,,,Risk findings exist; fix correctness/leakage before judging value.
src.core.utils.lazy_loader.LazyLoader,LazyLoader,utility_or_unknown,core/utils/lazy_loader.py,ORPHAN_LOW_SIGNAL,LOW_PRIORITY_ORPHAN,,,0,0,False,,,,,No evidence of engagement/value yet.
src.core.utils.math_utils.safe_sqrt,safe_sqrt,utility_or_unknown,core/utils/math_utils.py,ORPHAN_LOW_SIGNAL,LOW_PRIORITY_ORPHAN,,,0,0,True,,,,,No evidence of engagement/value yet.
src.core.utils.math_utils.safe_log,safe_log,utility_or_unknown,core/utils/math_utils.py,ORPHAN_LOW_SIGNAL,LOW_PRIORITY_ORPHAN,,,0,0,True,,,,,No evidence of engagement/value yet.
src.core.utils.path_utils.sanitize_path_input,sanitize_path_input,utility_or_unknown,core/utils/path_utils.py,ACTIVE_WITH_TEST_REFERENCE,ACTIVE_VALUE_UNKNOWN,,,0,5,True,,,,,"Engaged, but runtime lineage/ablation not yet available."
src.core.utils.prediction_utils.normalize_prediction,normalize_prediction,utility_or_unknown,core/utils/prediction_utils.py,ACTIVE_NEEDS_RUNTIME_CONFIRMATION,ACTIVE_VALUE_UNKNOWN,,,0,5,False,,,,,"Engaged, but runtime lineage/ablation not yet available."
src.core.utils.prediction_utils.normalize_predictions_batch,normalize_predictions_batch,utility_or_unknown,core/utils/prediction_utils.py,ACTIVE_NEEDS_RUNTIME_CONFIRMATION,ACTIVE_VALUE_UNKNOWN,,,0,2,False,,,,,"Engaged, but runtime lineage/ablation not yet available."
src.core.utils.prediction_utils.validate_prediction_value,validate_prediction_value,utility_or_unknown,core/utils/prediction_utils.py,ACTIVE_NEEDS_RUNTIME_CONFIRMATION,ACTIVE_VALUE_UNKNOWN,,,0,2,False,,,,,"Engaged, but runtime lineage/ablation not yet available."
src.core.utils.prediction_utils.clamp_prediction,clamp_prediction,utility_or_unknown,core/utils/prediction_utils.py,ACTIVE_NEEDS_RUNTIME_CONFIRMATION,ACTIVE_VALUE_UNKNOWN,,,0,2,False,,,,,"Engaged, but runtime lineage/ablation not yet available."
src.core.validation.validators.DataValidationError,DataValidationError,validator,core/validation/validators.py,ACTIVE_RISKY,NEEDS_FIX_BEFORE_VALUE_TEST,TARGET_COLUMN_IN_NON_TARGET_COMPONENT,,0,6,False,,,,,Risk findings exist; fix correctness/leakage before judging value.
src.core.validation.validators.TradingAction,TradingAction,validator,core/validation/validators.py,ACTIVE_RISKY,NEEDS_FIX_BEFORE_VALUE_TEST,TARGET_COLUMN_IN_NON_TARGET_COMPONENT,,0,4,False,,,,,Risk findings exist; fix correctness/leakage before judging value.
src.core.validation.validators.Timeframe,Timeframe,validator,core/validation/validators.py,ACTIVE_RISKY,NEEDS_FIX_BEFORE_VALUE_TEST,TARGET_COLUMN_IN_NON_TARGET_COMPONENT,,0,11,False,,,,,Risk findings exist; fix correctness/leakage before judging value.
src.core.validation.validators.OrderType,OrderType,validator,core/validation/validators.py,ACTIVE_RISKY,NEEDS_FIX_BEFORE_VALUE_TEST,TARGET_COLUMN_IN_NON_TARGET_COMPONENT,,0,4,False,,,,,Risk findings exist; fix correctness/leakage before judging value.
src.core.validation.validators.SignalStrength,SignalStrength,validator,core/validation/validators.py,ACTIVE_RISKY,NEEDS_FIX_BEFORE_VALUE_TEST,TARGET_COLUMN_IN_NON_TARGET_COMPONENT,,0,4,False,,,,,Risk findings exist; fix correctness/leakage before judging value.
src.core.validation.validators.TickerValidator,TickerValidator,validator,core/validation/validators.py,ACTIVE_RISKY,NEEDS_FIX_BEFORE_VALUE_TEST,TARGET_COLUMN_IN_NON_TARGET_COMPONENT,,0,4,False,TIMEOUT,,,,Risk findings exist; fix correctness/leakage before judging value.
src.core.validation.validators.MarketDataSchema,MarketDataSchema,validator,core/validation/validators.py,ACTIVE_RISKY,NEEDS_FIX_BEFORE_VALUE_TEST,TARGET_COLUMN_IN_NON_TARGET_COMPONENT,,0,4,False,,,,,Risk findings exist; fix correctness/leakage before judging value.
src.core.validation.validators.TradingSignal,TradingSignal,validator,core/validation/validators.py,ACTIVE_RISKY,NEEDS_FIX_BEFORE_VALUE_TEST,TARGET_COLUMN_IN_NON_TARGET_COMPONENT,,0,4,False,,,,,Risk findings exist; fix correctness/leakage before judging value.
src.core.validation.validators.TradeOrder,TradeOrder,validator,core/validation/validators.py,ACTIVE_RISKY,NEEDS_FIX_BEFORE_VALUE_TEST,TARGET_COLUMN_IN_NON_TARGET_COMPONENT,,0,7,False,,,,,Risk findings exist; fix correctness/leakage before judging value.
src.core.validation.validators.BacktestRequest,BacktestRequest,validator,core/validation/validators.py,ACTIVE_RISKY,NEEDS_FIX_BEFORE_VALUE_TEST,TARGET_COLUMN_IN_NON_TARGET_COMPONENT,,0,4,False,,,,,Risk findings exist; fix correctness/leakage before judging value.
src.core.validation.validators.DataValidator,DataValidator,validator,core/validation/validators.py,ACTIVE_RISKY,NEEDS_FIX_BEFORE_VALUE_TEST,TARGET_COLUMN_IN_NON_TARGET_COMPONENT,,0,4,False,TIMEOUT,,,,Risk findings exist; fix correctness/leakage before judging value.
src.data.collectors.aaii_sentiment_collector.AIISentimentCollector,AIISentimentCollector,collector,data/collectors/aaii_sentiment_collector.py,ORPHAN_LOW_SIGNAL,NEEDS_FIX_BEFORE_VALUE_TEST,SILENT_EMPTY_RETURN,bearish_pct;bullish_pct;collected_at;collector_name;collector_type;data_type;date;neutral_pct;record_hash;sentiment_level;sentiment_signal,0,0,False,,,,,Risk findings exist; fix correctness/leakage before judging value.
src.data.collectors.alternative_me_collector.AlternativeMeCollector,AlternativeMeCollector,collector,data/collectors/alternative_me_collector.py,ORPHAN_LOW_SIGNAL,NEEDS_FIX_BEFORE_VALUE_TEST,SILENT_EMPTY_RETURN,date;hash;value,0,0,False,,,,,Risk findings exist; fix correctness/leakage before judging value.
src.data.collectors.base_collector.BaseCollector,BaseCollector,collector,data/collectors/base_collector.py,ACTIVE_NEEDS_RUNTIME_CONFIRMATION,ACTIVE_VALUE_UNKNOWN,,,0,46,False,,,,,"Engaged, but runtime lineage/ablation not yet available."
src.data.collectors.bigquery_collector.BigQueryCollector,BigQueryCollector,collector,data/collectors/bigquery_collector.py,ACTIVE_RISKY,NEEDS_FIX_BEFORE_VALUE_TEST,SILENT_EMPTY_RETURN,,0,2,False,,,,,Risk findings exist; fix correctness/leakage before judging value.
src.data.collectors.cftc_collector.CFTCCollector,CFTCCollector,collector,data/collectors/cftc_collector.py,ORPHAN_LOW_SIGNAL,NEEDS_FIX_BEFORE_VALUE_TEST,SILENT_EMPTY_RETURN,collected_at;collector_name;collector_type;data_type;date;extreme_positioning;position_level;position_signal;record_hash,0,0,True,,,,,Risk findings exist; fix correctness/leakage before judging value.
src.data.collectors.collector_factory.CollectorFactory,CollectorFactory,collector,data/collectors/collector_factory.py,ACTIVE_RISKY,NEEDS_FIX_BEFORE_VALUE_TEST,SILENT_EMPTY_RETURN,,0,4,False,,,,,Risk findings exist; fix correctness/leakage before judging value.
src.data.collectors.custom_csv_collector.CustomCSVCollector,CustomCSVCollector,collector,data/collectors/custom_csv_collector.py,ORPHAN_LOW_SIGNAL,NEEDS_FIX_BEFORE_VALUE_TEST,SILENT_EMPTY_RETURN,,0,0,False,,,,,Risk findings exist; fix correctness/leakage before judging value.
src.data.collectors.economic_calendar_collector.EconomicCalendarCollector,EconomicCalendarCollector,collector,data/collectors/economic_calendar_collector.py,ACTIVE_RISKY,NEEDS_FIX_BEFORE_VALUE_TEST,SILENT_EMPTY_RETURN,date;hash;impact;timestamp,0,2,False,,,,,Risk findings exist; fix correctness/leakage before judging value.
src.data.collectors.fear_greed_collector.FearGreedCollector,FearGreedCollector,collector,data/collectors/fear_greed_collector.py,ORPHAN_LOW_SIGNAL,NEEDS_FIX_BEFORE_VALUE_TEST,SILENT_EMPTY_RETURN,collected_at;collector_name;collector_type;data_type;date;fear_greed_category;fear_greed_signal;record_hash;value,0,0,False,,,,,Risk findings exist; fix correctness/leakage before judging value.
src.data.collectors.fred_collector.FredCollector,FredCollector,collector,data/collectors/fred_collector.py,ACTIVE_RISKY,NEEDS_FIX_BEFORE_VALUE_TEST,SILENT_EMPTY_RETURN,hash,0,2,False,,,,,Risk findings exist; fix correctness/leakage before judging value.
src.data.collectors.free_google_trends_collector.FreeGoogleTrendsCollector,FreeGoogleTrendsCollector,collector,data/collectors/free_google_trends_collector.py,ACTIVE_RISKY,NEEDS_FIX_BEFORE_VALUE_TEST,SILENT_EMPTY_RETURN,date;geo,0,2,False,,,,,Risk findings exist; fix correctness/leakage before judging value.
src.data.collectors.google_news_collector.GoogleNewsCollector,GoogleNewsCollector,collector,data/collectors/google_news_collector.py,ACTIVE_RISKY,NEEDS_FIX_BEFORE_VALUE_TEST,SILENT_EMPTY_RETURN,hash,0,2,False,,,,,Risk findings exist; fix correctness/leakage before judging value.
src.data.collectors.huggingface_collector.HuggingfaceCollector,HuggingfaceCollector,collector,data/collectors/huggingface_collector.py,ACTIVE_RISKY,NEEDS_FIX_BEFORE_VALUE_TEST,SILENT_EMPTY_RETURN,hash,0,2,False,,,,,Risk findings exist; fix correctness/leakage before judging value.
src.data.collectors.insider_collector.InsiderCollector,InsiderCollector,collector,data/collectors/insider_collector.py,ACTIVE_RISKY,NEEDS_FIX_BEFORE_VALUE_TEST,SILENT_EMPTY_RETURN,hash,0,2,False,,,,,Risk findings exist; fix correctness/leakage before judging value.
src.data.collectors.local_file_collector.LocalFileCollector,LocalFileCollector,collector,data/collectors/local_file_collector.py,ORPHAN_LOW_SIGNAL,NEEDS_FIX_BEFORE_VALUE_TEST,SILENT_EMPTY_RETURN,,0,0,True,,,,,Risk findings exist; fix correctness/leakage before judging value.
src.data.collectors.market_data_collector.MarketDataCollector,MarketDataCollector,collector,data/collectors/market_data_collector.py,ORPHAN_LOW_SIGNAL,NEEDS_FIX_BEFORE_VALUE_TEST,SILENT_EMPTY_RETURN,,0,0,False,,,,,Risk findings exist; fix correctness/leakage before judging value.
src.data.collectors.newsapi_collector.NewsAPICollector,NewsAPICollector,collector,data/collectors/newsapi_collector.py,ACTIVE_RISKY,NEEDS_FIX_BEFORE_VALUE_TEST,SILENT_EMPTY_RETURN,hash,0,2,False,,,,,Risk findings exist; fix correctness/leakage before judging value.
src.data.collectors.put_call_ratio_collector.PutCallRatioCollector,PutCallRatioCollector,collector,data/collectors/put_call_ratio_collector.py,ORPHAN_LOW_SIGNAL,NEEDS_FIX_BEFORE_VALUE_TEST,SILENT_EMPTY_RETURN,collected_at;collector_name;collector_type;data_type;date;put_call_sma;record_hash;regime_change,0,0,True,,,,,Risk findings exist; fix correctness/leakage before judging value.
src.data.collectors.reddit_sentiment_collector.RedditSentimentCollector,RedditSentimentCollector,collector,data/collectors/reddit_sentiment_collector.py,ORPHAN_LOW_SIGNAL,NEEDS_FIX_BEFORE_VALUE_TEST,SILENT_EMPTY_RETURN,collected_at;collector_name;collector_type;data_type;date;record_hash;sentiment_sma;sentiment_volatility;viral_spike,0,0,True,,,,,Risk findings exist; fix correctness/leakage before judging value.
src.data.collectors.rss_collector.RSSCollector,RSSCollector,collector,data/collectors/rss_collector.py,ACTIVE_RISKY,NEEDS_FIX_BEFORE_VALUE_TEST,SILENT_EMPTY_RETURN,hash,0,2,False,,,,,Risk findings exist; fix correctness/leakage before judging value.
src.data.collectors.sec_filings_collector.SECFilingsCollector,SECFilingsCollector,collector,data/collectors/sec_filings_collector.py,ACTIVE_RISKY,NEEDS_FIX_BEFORE_VALUE_TEST,SILENT_EMPTY_RETURN,hash,0,2,False,,,,,Risk findings exist; fix correctness/leakage before judging value.
src.data.collectors.synthetic_generator.SyntheticGenerator,SyntheticGenerator,collector,data/collectors/synthetic_generator.py,ORPHAN_LOW_SIGNAL,LOW_PRIORITY_ORPHAN,,,0,0,False,,,,,No evidence of engagement/value yet.
src.data.collectors.vix_collector.VIXCollector,VIXCollector,collector,data/collectors/vix_collector.py,ORPHAN_LOW_SIGNAL,NEEDS_FIX_BEFORE_VALUE_TEST,SILENT_EMPTY_RETURN,collected_at;collector_name;collector_type;data_type;date;record_hash;vix_signal;vix_zscore,0,0,False,,,,,Risk findings exist; fix correctness/leakage before judging value.
src.data.collectors.yf_collector.YFCollector,YFCollector,collector,data/collectors/yf_collector.py,ACTIVE_RISKY,NEEDS_FIX_BEFORE_VALUE_TEST,SILENT_EMPTY_RETURN,datetime;hash;interval;ticker,0,4,False,,,,,Risk findings exist; fix correctness/leakage before judging value.
src.data.collectors.__init__,__init__,collector,data/collectors/__init__.py,ACTIVE_WITH_TEST_REFERENCE,ACTIVE_VALUE_UNKNOWN,,,0,418,True,,,,,"Engaged, but runtime lineage/ablation not yet available."
src.data.management.asset_manager.TradingStyle,TradingStyle,utility_or_unknown,data/management/asset_manager.py,ORPHAN_LOW_SIGNAL,LOW_PRIORITY_ORPHAN,,,0,0,False,,,,,No evidence of engagement/value yet.
src.data.management.asset_manager.MarketFocus,MarketFocus,utility_or_unknown,data/management/asset_manager.py,ORPHAN_LOW_SIGNAL,LOW_PRIORITY_ORPHAN,,,0,0,False,,,,,No evidence of engagement/value yet.
src.data.management.asset_manager.TradingConfig,TradingConfig,utility_or_unknown,data/management/asset_manager.py,ORPHAN_LOW_SIGNAL,LOW_PRIORITY_ORPHAN,,,0,0,False,,,,,No evidence of engagement/value yet.
src.data.management.asset_manager.SectorConfig,SectorConfig,utility_or_unknown,data/management/asset_manager.py,ORPHAN_LOW_SIGNAL,LOW_PRIORITY_ORPHAN,,,0,0,False,,,,,No evidence of engagement/value yet.
src.data.management.asset_manager.AssetUniverseManager,AssetUniverseManager,utility_or_unknown,data/management/asset_manager.py,ORPHAN_LOW_SIGNAL,LOW_PRIORITY_ORPHAN,,,0,0,False,,,,,No evidence of engagement/value yet.
src.data.management.data_cleaner.DataCleaner,DataCleaner,utility_or_unknown,data/management/data_cleaner.py,ACTIVE_WITH_TEST_REFERENCE,ACTIVE_VALUE_UNKNOWN,,,0,2,True,,,,,"Engaged, but runtime lineage/ablation not yet available."
src.data.management.data_manager.IDatabaseManager,IDatabaseManager,utility_or_unknown,data/management/data_manager.py,ACTIVE_RISKY,NEEDS_FIX_BEFORE_VALUE_TEST,SILENT_EMPTY_RETURN,,0,41,True,,,,,Risk findings exist; fix correctness/leakage before judging value.
src.data.management.data_manager.DataManager,DataManager,utility_or_unknown,data/management/data_manager.py,ACTIVE_RISKY,NEEDS_FIX_BEFORE_VALUE_TEST,SILENT_EMPTY_RETURN,,0,77,True,,,,,Risk findings exist; fix correctness/leakage before judging value.
src.data.management.data_versioning.DataVersioning,DataVersioning,utility_or_unknown,data/management/data_versioning.py,ORPHAN_LOW_SIGNAL,NEEDS_FIX_BEFORE_VALUE_TEST,SILENT_EMPTY_RETURN,,0,0,False,,,,,Risk findings exist; fix correctness/leakage before judging value.
src.data.management.data_versioning.create_data_versioning,create_data_versioning,utility_or_unknown,data/management/data_versioning.py,ORPHAN_LOW_SIGNAL,NEEDS_FIX_BEFORE_VALUE_TEST,SILENT_EMPTY_RETURN,,0,0,False,,,,,Risk findings exist; fix correctness/leakage before judging value.
src.data.management.__init__,__init__,utility_or_unknown,data/management/__init__.py,ACTIVE_WITH_TEST_REFERENCE,ACTIVE_VALUE_UNKNOWN,,,0,418,True,,,,,"Engaged, but runtime lineage/ablation not yet available."
src.data.quality.data_freshness_checker.DataFreshnessChecker,DataFreshnessChecker,validator,data/quality/data_freshness_checker.py,ACTIVE_NEEDS_RUNTIME_CONFIRMATION,ACTIVE_VALUE_UNKNOWN,,,0,2,False,,,,,"Engaged, but runtime lineage/ablation not yet available."
src.data.quality.data_freshness_checker.check_data_freshness,check_data_freshness,utility_or_unknown,data/quality/data_freshness_checker.py,ACTIVE_NEEDS_RUNTIME_CONFIRMATION,ACTIVE_VALUE_UNKNOWN,,,0,2,False,,,,,"Engaged, but runtime lineage/ablation not yet available."
src.data.quality.news_price_availability_filter.NewsPriceAvailabilityFilter,NewsPriceAvailabilityFilter,utility_or_unknown,data/quality/news_price_availability_filter.py,ORPHAN_LOW_SIGNAL,LOW_PRIORITY_ORPHAN,,,0,0,False,,,,,No evidence of engagement/value yet.
src.data.quality.news_price_availability_filter.quick_filter_news_by_data_availability,quick_filter_news_by_data_availability,utility_or_unknown,data/quality/news_price_availability_filter.py,ORPHAN_LOW_SIGNAL,LOW_PRIORITY_ORPHAN,,,0,0,False,,,,,No evidence of engagement/value yet.
src.data.quality.news_price_availability_filter.filter_news_by_price_availability,filter_news_by_price_availability,utility_or_unknown,data/quality/news_price_availability_filter.py,ORPHAN_LOW_SIGNAL,LOW_PRIORITY_ORPHAN,,,0,0,False,,,,,No evidence of engagement/value yet.
src.data.quality.temporal_alignment_checker.TemporalAlignmentChecker,TemporalAlignmentChecker,validator,data/quality/temporal_alignment_checker.py,ACTIVE_NEEDS_RUNTIME_CONFIRMATION,ACTIVE_VALUE_UNKNOWN,,,0,4,False,,,,,"Engaged, but runtime lineage/ablation not yet available."
src.data.quality.temporal_alignment_checker.check_temporal_alignment,check_temporal_alignment,utility_or_unknown,data/quality/temporal_alignment_checker.py,ACTIVE_NEEDS_RUNTIME_CONFIRMATION,ACTIVE_VALUE_UNKNOWN,,,0,3,False,,,,,"Engaged, but runtime lineage/ablation not yet available."
src.data.quality.__init__,__init__,utility_or_unknown,data/quality/__init__.py,ACTIVE_WITH_TEST_REFERENCE,ACTIVE_VALUE_UNKNOWN,,,0,418,True,,,,,"Engaged, but runtime lineage/ablation not yet available."
src.data.synthetic.data_generator.DataGenerator,DataGenerator,utility_or_unknown,data/synthetic/data_generator.py,ACTIVE_RISKY,NEEDS_FIX_BEFORE_VALUE_TEST,FUTURE_SHIFT,bb_lower;bb_upper;bb_width;close;day_of_week;ema_12;ema_26;high;hour;low;macd;macd_histogram;macd_signal;month;open;quarter;returns_1h;returns_24h;returns_4h;rsi;sma_20;sma_50;volatility;volume,0,3,True,,,,,Risk findings exist; fix correctness/leakage before judging value.
src.data.validation.event_dataset_validator.EventDatasetValidationError,EventDatasetValidationError,validator,data/validation/event_dataset_validator.py,UNUSED_POTENTIALLY_VALUABLE,NEEDS_FIX_BEFORE_VALUE_TEST,SILENT_EMPTY_RETURN;TARGET_COLUMN_IN_NON_TARGET_COMPONENT,,0,0,False,,,,,Risk findings exist; fix correctness/leakage before judging value.
src.data.validation.event_dataset_validator.EventDatasetValidator,EventDatasetValidator,validator,data/validation/event_dataset_validator.py,UNUSED_POTENTIALLY_VALUABLE,NEEDS_FIX_BEFORE_VALUE_TEST,SILENT_EMPTY_RETURN;TARGET_COLUMN_IN_NON_TARGET_COMPONENT,,0,0,False,EXECUTED,,,,Risk findings exist; fix correctness/leakage before judging value.
src.data.management.connectors.bigquery_connector.BigQueryConnector,BigQueryConnector,utility_or_unknown,data/management/connectors/bigquery_connector.py,ACTIVE_NEEDS_RUNTIME_CONFIRMATION,ACTIVE_VALUE_UNKNOWN,,,0,2,False,,,,,"Engaged, but runtime lineage/ablation not yet available."
src.data.management.handlers.connection_handler.ConnectionHandler,ConnectionHandler,utility_or_unknown,data/management/handlers/connection_handler.py,ORPHAN_LOW_SIGNAL,LOW_PRIORITY_ORPHAN,,,0,0,False,,,,,No evidence of engagement/value yet.
src.ensembling.ensemble.__init__,__init__,utility_or_unknown,ensembling/ensemble/__init__.py,ACTIVE_WITH_TEST_REFERENCE,ACTIVE_VALUE_UNKNOWN,,,0,418,True,,,,,"Engaged, but runtime lineage/ablation not yet available."
src.features.analysis.importance_stability_analyzer.ImportanceStabilityAnalyzer,ImportanceStabilityAnalyzer,analyzer,features/analysis/importance_stability_analyzer.py,ACTIVE_NEEDS_RUNTIME_CONFIRMATION,ACTIVE_VALUE_UNKNOWN,,,0,2,False,TIMEOUT,,,,"Engaged, but runtime lineage/ablation not yet available."
src.features.analysis.market_conditions_analyzer.MarketConditionsAnalyzer,MarketConditionsAnalyzer,analyzer,features/analysis/market_conditions_analyzer.py,ACTIVE_NEEDS_RUNTIME_CONFIRMATION,ACTIVE_VALUE_UNKNOWN,,,0,2,False,TIMEOUT,,,,"Engaged, but runtime lineage/ablation not yet available."
src.features.analysis.news_decay_modeler.NewsDecayModeler,NewsDecayModeler,analyzer,features/analysis/news_decay_modeler.py,ACTIVE_RISKY,NEEDS_FIX_BEFORE_VALUE_TEST,SILENT_EMPTY_RETURN,,0,3,False,,,,,Risk findings exist; fix correctness/leakage before judging value.
src.features.analysis.news_decay_modeler.get_news_decay_modeler,get_news_decay_modeler,analyzer,features/analysis/news_decay_modeler.py,ACTIVE_RISKY,NEEDS_FIX_BEFORE_VALUE_TEST,SILENT_EMPTY_RETURN,,0,4,False,,,,,Risk findings exist; fix correctness/leakage before judging value.
src.features.analysis.regime_adapter.RegimeAdapter,RegimeAdapter,analyzer,features/analysis/regime_adapter.py,ACTIVE_RISKY,NEEDS_FIX_BEFORE_VALUE_TEST,SILENT_EMPTY_RETURN,,0,2,True,,,,,Risk findings exist; fix correctness/leakage before judging value.
src.features.analysis.regime_importance_tracker.RegimeImportanceTracker,RegimeImportanceTracker,analyzer,features/analysis/regime_importance_tracker.py,ACTIVE_NEEDS_RUNTIME_CONFIRMATION,ACTIVE_VALUE_UNKNOWN,,,0,4,False,,,,,"Engaged, but runtime lineage/ablation not yet available."
src.features.analysis.regime_importance_tracker.get_regime_importance_tracker,get_regime_importance_tracker,analyzer,features/analysis/regime_importance_tracker.py,ACTIVE_NEEDS_RUNTIME_CONFIRMATION,ACTIVE_VALUE_UNKNOWN,,,0,6,False,,,,,"Engaged, but runtime lineage/ablation not yet available."
src.features.analysis.__init__,__init__,analyzer,features/analysis/__init__.py,ACTIVE_WITH_TEST_REFERENCE,ACTIVE_VALUE_UNKNOWN,,,0,418,True,,,,,"Engaged, but runtime lineage/ablation not yet available."
src.features.builders.news_event_dataset_builder.NewsEventDatasetBuilder,NewsEventDatasetBuilder,enricher,features/builders/news_event_dataset_builder.py,ACTIVE_RISKY,NEEDS_FIX_BEFORE_VALUE_TEST,SILENT_EMPTY_RETURN;TARGET_COLUMN_IN_NON_TARGET_COMPONENT,ticker,0,3,True,,,,,Risk findings exist; fix correctness/leakage before judging value.
src.features.builders.__init__,__init__,enricher,features/builders/__init__.py,ACTIVE_WITH_TEST_REFERENCE,ACTIVE_VALUE_UNKNOWN,,,0,418,True,,,,,"Engaged, but runtime lineage/ablation not yet available."
src.features.enrichers.advanced_analytics_enricher.AdvancedAnalyticsEnricher,AdvancedAnalyticsEnricher,enricher,features/enrichers/advanced_analytics_enricher.py,UNUSED_POTENTIALLY_VALUABLE,UNUSED_POTENTIALLY_VALUABLE,,macro_composite_score;market_phase;sentiment_mean;sentiment_neg_threshold;sentiment_pos_threshold;sentiment_std_stat,0,0,False,TIMEOUT,,,,Not engaged statically but category suggests possible useful logic.
src.features.enrichers.base.EnricherError,EnricherError,enricher,features/enrichers/base.py,ACTIVE_WITH_TEST_REFERENCE,ACTIVE_VALUE_UNKNOWN,,,0,68,True,NO_KNOWN_METHOD,,,,"Engaged, but runtime lineage/ablation not yet available."
src.features.enrichers.base.BaseEnricher,BaseEnricher,enricher,features/enrichers/base.py,ACTIVE_WITH_TEST_REFERENCE,ACTIVE_VALUE_UNKNOWN,,,0,86,True,INSTANTIATE_SKIPPED,,,,"Engaged, but runtime lineage/ablation not yet available."
src.features.enrichers.context_map_enricher.ContextMapEnricher,ContextMapEnricher,enricher,features/enrichers/context_map_enricher.py,ACTIVE_RISKY,NEEDS_FIX_BEFORE_VALUE_TEST,SILENT_EMPTY_RETURN;TARGET_COLUMN_IN_NON_TARGET_COMPONENT,context_anxiety_index;context_fingerprint;context_pattern_id;context_pattern_seq;context_stability;context_velocity;state_champion;ticker,0,1,True,EXECUTED,context_anxiety_index;context_fingerprint;context_pattern_id;context_pattern_seq;context_stability;context_velocity;state_close;state_high;state_low;state_open;state_volume,,,Risk findings exist; fix correctness/leakage before judging value.
src.features.enrichers.decay_features_enricher.DecayFeaturesEnricher,DecayFeaturesEnricher,enricher,features/enrichers/decay_features_enricher.py,UNUSED_POTENTIALLY_VALUABLE,OUTPUT_DROPPED_OR_NOT_MARKED,,,0,0,False,EXECUTED,is_significant_decayed,,,Component output exists but did not reach model input or lineage not complete.
src.features.enrichers.derived_features_enricher.DerivedFeaturesEnricher,DerivedFeaturesEnricher,enricher,features/enrichers/derived_features_enricher.py,UNUSED_POTENTIALLY_VALUABLE,NEEDS_FIX_BEFORE_VALUE_TEST,TARGET_COLUMN_IN_NON_TARGET_COMPONENT,,0,0,True,EXECUTED,ACCELERATION_10;ACCELERATION_5;LAG_1;LAG_10;LAG_20;LAG_5;ROLLING_KURT_10;ROLLING_KURT_20;ROLLING_SKEW_10;ROLLING_SKEW_20;ROLLING_VOL_10;ROLLING_VOL_20;VELOCITY_1;VELOCITY_10;VELOCITY_5;returns,,,Risk findings exist; fix correctness/leakage before judging value.
src.features.enrichers.hype_enricher.HypeEnricher,HypeEnricher,enricher,features/enrichers/hype_enricher.py,UNUSED_POTENTIALLY_VALUABLE,NEEDS_FIX_BEFORE_VALUE_TEST,SILENT_EMPTY_RETURN,datetime;hype_available;hype_score,0,0,True,EXECUTED,,,,Risk findings exist; fix correctness/leakage before judging value.
src.features.enrichers.keyword_entity_enricher.KeywordEntityEnricher,KeywordEntityEnricher,enricher,features/enrichers/keyword_entity_enricher.py,UNUSED_POTENTIALLY_VALUABLE,NEEDS_FIX_BEFORE_VALUE_TEST,SILENT_EMPTY_RETURN,,0,0,True,TIMEOUT,,,,Risk findings exist; fix correctness/leakage before judging value.
src.features.enrichers.macro_features_enricher.MacroFeaturesEnricher,MacroFeaturesEnricher,enricher,features/enrichers/macro_features_enricher.py,UNUSED_POTENTIALLY_VALUABLE,UNUSED_POTENTIALLY_VALUABLE,,ticker,0,0,False,TIMEOUT,,,,Not engaged statically but category suggests possible useful logic.
src.features.enrichers.market_context_enricher.MarketContextEnricher,MarketContextEnricher,enricher,features/enrichers/market_context_enricher.py,ACTIVE_OUTPUT_UNTESTED,OUTPUT_DROPPED_OR_NOT_MARKED,,market_context_volume_ratio,0,0,False,EXECUTED,market_context_day_of_week;market_context_dollar_strength;market_context_fed_funds_trend;market_context_fed_funds_velocity;market_context_hour_of_day;market_context_market_breadth;market_context_price_to_ma20;market_context_put_call_ratio;market_context_rsi_current;market_context_trend_20d;market_context_trend_5d;market_context_trend_alignment;market_context_volatility_20d;market_context_volatility_5d;market_context_volatility_ratio;market_context_volume_ratio;market_context_yield_curve_inverted;market_context_yield_curve_slope,,,Component output exists but did not reach model input or lineage not complete.
src.features.enrichers.news_impact_enricher.NewsImpactEnricher,NewsImpactEnricher,enricher,features/enrichers/news_impact_enricher.py,UNUSED_POTENTIALLY_VALUABLE,NEEDS_FIX_BEFORE_VALUE_TEST,SILENT_EMPTY_RETURN,_temp_idx;news_impact_available;news_impact_score;news_significance_level,0,0,True,HARNESS_ERROR,,,,Risk findings exist; fix correctness/leakage before judging value.
src.features.enrichers.news_quality_enricher.NewsQualityEnricher,NewsQualityEnricher,enricher,features/enrichers/news_quality_enricher.py,UNUSED_POTENTIALLY_VALUABLE,NEEDS_FIX_BEFORE_VALUE_TEST,SILENT_EMPTY_RETURN,datetime,0,0,False,EXECUTED,,,,Risk findings exist; fix correctness/leakage before judging value.
src.features.enrichers.nlp_features_enricher.NLPFeaturesEnricher,NLPFeaturesEnricher,enricher,features/enrichers/nlp_features_enricher.py,ACTIVE_RISKY,NEEDS_FIX_BEFORE_VALUE_TEST,SILENT_EMPTY_RETURN,,0,1,False,TIMEOUT,,,,Risk findings exist; fix correctness/leakage before judging value.
src.features.enrichers.sentiment_features_enricher.SentimentFeaturesEnricher,SentimentFeaturesEnricher,enricher,features/enrichers/sentiment_features_enricher.py,UNUSED_POTENTIALLY_VALUABLE,NEEDS_FIX_BEFORE_VALUE_TEST,SILENT_EMPTY_RETURN,sentiment_available;type,0,0,True,EXECUTED,,,,Risk findings exist; fix correctness/leakage before judging value.
src.features.enrichers.significance_features_enricher.SignificanceFeaturesEnricher,SignificanceFeaturesEnricher,enricher,features/enrichers/significance_features_enricher.py,ACTIVE_WITH_TEST_REFERENCE,OUTPUT_DROPPED_OR_NOT_MARKED,,,0,0,True,EXECUTED,days_since_last_significant;is_significant;significance_intensity_7d;significant_events_30d;significant_events_7d,,,Component output exists but did not reach model input or lineage not complete.
src.features.enrichers.technical_analysis_enricher.TechnicalAnalysisEnricher,TechnicalAnalysisEnricher,enricher,features/enrichers/technical_analysis_enricher.py,ACTIVE_WITH_TEST_REFERENCE,ACTIVE_VALUE_UNKNOWN,,AUTOCORR;CURRENT_DRAWDOWN;HURST_EXPONENT;KURTOSIS;MARKET_PREMIUM;MARKET_REGIME;MARKET_REGIME_ENCODED;MAX_DRAWDOWN;MOMENTUM_ZSCORE;RSI_VELOCITY;SHARPE_RATIO;SKEWNESS;SORTINO_RATIO;VOLATILITY_20;VOLATILITY_5;VOLATILITY_50,0,1,True,TIMEOUT,,,,"Engaged, but runtime lineage/ablation not yet available."
src.features.enrichers.time_features_enricher.TimeFeaturesEnricher,TimeFeaturesEnricher,enricher,features/enrichers/time_features_enricher.py,ACTIVE_NEEDS_RUNTIME_CONFIRMATION,EXECUTED_NO_OUTPUT_CHANGE,,,0,0,False,EXECUTED,,,,Component executed but did not change dataframe output.
src.features.enrichers.volatility_enricher.VolatilityEnricher,VolatilityEnricher,enricher,features/enrichers/volatility_enricher.py,UNUSED_POTENTIALLY_VALUABLE,EXECUTED_OUTPUT_UNKNOWN_LINEAGE,,atr_14;gk_volatility;returns;volatility_10;volatility_20;volatility_5;volatility_regime,0,0,True,EXECUTED,atr_14;gk_volatility;returns;volatility_10;volatility_20;volatility_5;volatility_regime,,,Component adds output; integrate feature lineage tracker.
src.features.enrichers.volume_enricher.VolumeEnricher,VolumeEnricher,enricher,features/enrichers/volume_enricher.py,UNUSED_POTENTIALLY_VALUABLE,EXECUTED_OUTPUT_UNKNOWN_LINEAGE,,obv;price_volume_trend;volume_roc;volume_rs;volume_sma_10;volume_sma_5,0,0,True,EXECUTED,obv;price_volume_trend;volume_roc;volume_rs;volume_sma_10;volume_sma_5,,,Component adds output; integrate feature lineage tracker.
src.features.enrichers.__init__,__init__,enricher,features/enrichers/__init__.py,ACTIVE_WITH_TEST_REFERENCE,ACTIVE_VALUE_UNKNOWN,,,0,418,True,,,,,"Engaged, but runtime lineage/ablation not yet available."
src.features.monitoring.feature_drift_detector.FeatureDriftDetector,FeatureDriftDetector,detector,features/monitoring/feature_drift_detector.py,UNUSED_POTENTIALLY_VALUABLE,UNUSED_POTENTIALLY_VALUABLE,,,0,0,False,TIMEOUT,,,,Not engaged statically but category suggests possible useful logic.
src.features.monitoring.feature_drift_detector.check_feature_drift,check_feature_drift,detector,features/monitoring/feature_drift_detector.py,ACTIVE_NEEDS_RUNTIME_CONFIRMATION,ACTIVE_VALUE_UNKNOWN,,,0,2,False,,,,,"Engaged, but runtime lineage/ablation not yet available."
src.features.nlp.deduplication_service.DeduplicationService,DeduplicationService,utility_or_unknown,features/nlp/deduplication_service.py,ORPHAN_LOW_SIGNAL,LOW_PRIORITY_ORPHAN,,,0,0,False,,,,,No evidence of engagement/value yet.
src.features.nlp.__init__,__init__,utility_or_unknown,features/nlp/__init__.py,ACTIVE_WITH_TEST_REFERENCE,ACTIVE_VALUE_UNKNOWN,,,0,418,True,,,,,"Engaged, but runtime lineage/ablation not yet available."
src.features.selection.enhanced_smart_selector.EnhancedSmartFeatureSelector,EnhancedSmartFeatureSelector,selector,features/selection/enhanced_smart_selector.py,ACTIVE_RISKY,NEEDS_FIX_BEFORE_VALUE_TEST,TARGET_COLUMN_IN_NON_TARGET_COMPONENT,,0,5,False,TIMEOUT,,,,Risk findings exist; fix correctness/leakage before judging value.
src.features.selection.enhanced_smart_selector.get_enhanced_smart_selector,get_enhanced_smart_selector,selector,features/selection/enhanced_smart_selector.py,ACTIVE_RISKY,NEEDS_FIX_BEFORE_VALUE_TEST,TARGET_COLUMN_IN_NON_TARGET_COMPONENT,,0,5,False,,,,,Risk findings exist; fix correctness/leakage before judging value.
src.features.selection.smart_selector.SmartFeatureSelector,SmartFeatureSelector,selector,features/selection/smart_selector.py,ACTIVE_RISKY,NEEDS_FIX_BEFORE_VALUE_TEST,SILENT_EMPTY_RETURN;TARGET_COLUMN_IN_NON_TARGET_COMPONENT,,0,11,False,TIMEOUT,,,,Risk findings exist; fix correctness/leakage before judging value.
src.features.selection.volatility_driver_selector.VolatilityDriverSelector,VolatilityDriverSelector,selector,features/selection/volatility_driver_selector.py,ACTIVE_RISKY,NEEDS_FIX_BEFORE_VALUE_TEST,SILENT_EMPTY_RETURN;TARGET_COLUMN_IN_NON_TARGET_COMPONENT,,0,2,True,TIMEOUT,,,,Risk findings exist; fix correctness/leakage before judging value.
src.features.selection.__init__,__init__,selector,features/selection/__init__.py,ACTIVE_WITH_TEST_REFERENCE,ACTIVE_VALUE_UNKNOWN,,,0,418,True,,,,,"Engaged, but runtime lineage/ablation not yet available."
src.features.utils.datetime_utils.ensure_datetime_column,ensure_datetime_column,utility_or_unknown,features/utils/datetime_utils.py,ACTIVE_OUTPUT_UNTESTED,ACTIVE_VALUE_UNKNOWN,,datetime;ticker,0,1,False,,,,,"Engaged, but runtime lineage/ablation not yet available."
src.features.utils.datetime_utils.ensure_ticker_column,ensure_ticker_column,utility_or_unknown,features/utils/datetime_utils.py,ACTIVE_OUTPUT_UNTESTED,ACTIVE_VALUE_UNKNOWN,,datetime;ticker,0,1,False,,,,,"Engaged, but runtime lineage/ablation not yet available."
src.features.utils.datetime_utils.normalize_metadata_columns,normalize_metadata_columns,utility_or_unknown,features/utils/datetime_utils.py,ACTIVE_OUTPUT_UNTESTED,ACTIVE_VALUE_UNKNOWN,,datetime;ticker,0,2,False,,,,,"Engaged, but runtime lineage/ablation not yet available."
src.features.utils.datetime_utils.split_datetime_ticker,split_datetime_ticker,utility_or_unknown,features/utils/datetime_utils.py,ACTIVE_OUTPUT_UNTESTED,ACTIVE_VALUE_UNKNOWN,,datetime;ticker,0,1,False,,,,,"Engaged, but runtime lineage/ablation not yet available."
src.features.utils.datetime_utils.roundtrip_datetime_ticker,roundtrip_datetime_ticker,utility_or_unknown,features/utils/datetime_utils.py,ACTIVE_OUTPUT_UNTESTED,ACTIVE_VALUE_UNKNOWN,,datetime;ticker,0,1,False,,,,,"Engaged, but runtime lineage/ablation not yet available."
src.features.utils.datetime_utils.deduplicate_on_metadata,deduplicate_on_metadata,utility_or_unknown,features/utils/datetime_utils.py,ACTIVE_OUTPUT_UNTESTED,ACTIVE_VALUE_UNKNOWN,,datetime;ticker,0,1,False,,,,,"Engaged, but runtime lineage/ablation not yet available."
src.features.utils.datetime_utils.ensure_datetime_sorted,ensure_datetime_sorted,utility_or_unknown,features/utils/datetime_utils.py,ACTIVE_OUTPUT_UNTESTED,ACTIVE_VALUE_UNKNOWN,,datetime;ticker,0,1,False,,,,,"Engaged, but runtime lineage/ablation not yet available."
src.features.utils.modular_adaptive_technical_indicators.RSICalculator,RSICalculator,calculator,features/utils/modular_adaptive_technical_indicators.py,UNUSED_POTENTIALLY_VALUABLE,EXECUTED_NO_OUTPUT_CHANGE,,,0,0,True,EXECUTED,,,,Component executed but did not change dataframe output.
src.features.utils.modular_adaptive_technical_indicators.MACDCalculator,MACDCalculator,calculator,features/utils/modular_adaptive_technical_indicators.py,UNUSED_POTENTIALLY_VALUABLE,UNUSED_POTENTIALLY_VALUABLE,,,0,0,True,,,,,Not engaged statically but category suggests possible useful logic.
src.features.utils.modular_adaptive_technical_indicators.BollingerBandsCalculator,BollingerBandsCalculator,calculator,features/utils/modular_adaptive_technical_indicators.py,UNUSED_POTENTIALLY_VALUABLE,UNUSED_POTENTIALLY_VALUABLE,,,0,0,True,,,,,Not engaged statically but category suggests possible useful logic.
src.features.utils.modular_adaptive_technical_indicators.ModularAdaptiveTechnicalIndicators,ModularAdaptiveTechnicalIndicators,utility_or_unknown,features/utils/modular_adaptive_technical_indicators.py,ORPHAN_LOW_SIGNAL,LOW_PRIORITY_ORPHAN,,,0,0,True,,,,,No evidence of engagement/value yet.
src.features.utils.technical_indicators_lib.TechnicalIndicators,TechnicalIndicators,utility_or_unknown,features/utils/technical_indicators_lib.py,ACTIVE_NEEDS_RUNTIME_CONFIRMATION,ACTIVE_VALUE_UNKNOWN,,,0,2,False,,,,,"Engaged, but runtime lineage/ablation not yet available."
src.features.utils.time_utils.add_time_features,add_time_features,utility_or_unknown,features/utils/time_utils.py,ACTIVE_NEEDS_RUNTIME_CONFIRMATION,ACTIVE_VALUE_UNKNOWN,,,0,2,False,,,,,"Engaged, but runtime lineage/ablation not yet available."
src.features.utils.__init__,__init__,utility_or_unknown,features/utils/__init__.py,ACTIVE_WITH_TEST_REFERENCE,ACTIVE_VALUE_UNKNOWN,,,0,418,True,,,,,"Engaged, but runtime lineage/ablation not yet available."
src.features.validation.feature_leakage_guard.LeakageReport,LeakageReport,validator,features/validation/feature_leakage_guard.py,ACTIVE_RISKY,NEEDS_FIX_BEFORE_VALUE_TEST,TARGET_COLUMN_IN_NON_TARGET_COMPONENT,,0,4,False,,,,,Risk findings exist; fix correctness/leakage before judging value.
src.features.validation.feature_leakage_guard.FeatureLeakageGuard,FeatureLeakageGuard,validator,features/validation/feature_leakage_guard.py,ACTIVE_RISKY,NEEDS_FIX_BEFORE_VALUE_TEST,TARGET_COLUMN_IN_NON_TARGET_COMPONENT,,0,4,False,,,,,Risk findings exist; fix correctness/leakage before judging value.
src.features.validation.feature_leakage_guard.get_leakage_guard,get_leakage_guard,validator,features/validation/feature_leakage_guard.py,ACTIVE_RISKY,NEEDS_FIX_BEFORE_VALUE_TEST,TARGET_COLUMN_IN_NON_TARGET_COMPONENT,,0,3,False,,,,,Risk findings exist; fix correctness/leakage before judging value.
src.features.validation.redundancy_detector.RedundancyDetector,RedundancyDetector,validator,features/validation/redundancy_detector.py,ACTIVE_RISKY,NEEDS_FIX_BEFORE_VALUE_TEST,FILLNA_ZERO;TARGET_COLUMN_IN_NON_TARGET_COMPONENT,,0,3,False,,,,,Risk findings exist; fix correctness/leakage before judging value.
src.features.validation.redundancy_detector.get_redundancy_detector,get_redundancy_detector,validator,features/validation/redundancy_detector.py,ACTIVE_RISKY,NEEDS_FIX_BEFORE_VALUE_TEST,FILLNA_ZERO;TARGET_COLUMN_IN_NON_TARGET_COMPONENT,,0,4,False,,,,,Risk findings exist; fix correctness/leakage before judging value.
src.features.validation.redundancy_detector.eliminate_redundancy_quick,eliminate_redundancy_quick,validator,features/validation/redundancy_detector.py,ACTIVE_RISKY,NEEDS_FIX_BEFORE_VALUE_TEST,FILLNA_ZERO;TARGET_COLUMN_IN_NON_TARGET_COMPONENT,,0,3,False,,,,,Risk findings exist; fix correctness/leakage before judging value.
src.features.validation.__init__,__init__,validator,features/validation/__init__.py,ACTIVE_WITH_TEST_REFERENCE,ACTIVE_VALUE_UNKNOWN,,,0,417,True,,,,,"Engaged, but runtime lineage/ablation not yet available."
src.features.analysis.decay.decay_function_registry.DecayFunctionRegistry,DecayFunctionRegistry,analyzer,features/analysis/decay/decay_function_registry.py,ACTIVE_NEEDS_RUNTIME_CONFIRMATION,ACTIVE_VALUE_UNKNOWN,,,0,2,False,,,,,"Engaged, but runtime lineage/ablation not yet available."
src.features.analysis.decay.decay_model_fitter.DecayModelFitter,DecayModelFitter,analyzer,features/analysis/decay/decay_model_fitter.py,ACTIVE_RISKY,NEEDS_FIX_BEFORE_VALUE_TEST,SILENT_EMPTY_RETURN,,0,2,False,,,,,Risk findings exist; fix correctness/leakage before judging value.
src.features.analysis.decay.decay_predictor.DecayPredictor,DecayPredictor,analyzer,features/analysis/decay/decay_predictor.py,ACTIVE_NEEDS_RUNTIME_CONFIRMATION,ACTIVE_VALUE_UNKNOWN,,,0,2,False,,,,,"Engaged, but runtime lineage/ablation not yet available."
src.features.builders.news_event.candle_seeker.NewsCandleSeeker,NewsCandleSeeker,enricher,features/builders/news_event/candle_seeker.py,ACTIVE_RISKY,NEEDS_FIX_BEFORE_VALUE_TEST,SILENT_EMPTY_RETURN,,0,4,False,,,,,Risk findings exist; fix correctness/leakage before judging value.
src.features.builders.news_event.candle_seeker.feature_to_key,feature_to_key,enricher,features/builders/news_event/candle_seeker.py,ACTIVE_RISKY,NEEDS_FIX_BEFORE_VALUE_TEST,SILENT_EMPTY_RETURN,,0,2,False,,,,,Risk findings exist; fix correctness/leakage before judging value.
src.features.builders.news_event.enricher.NewsGlobalEnricher,NewsGlobalEnricher,enricher,features/builders/news_event/enricher.py,ACTIVE_RISKY,NEEDS_FIX_BEFORE_VALUE_TEST,SILENT_EMPTY_RETURN,context_fingerprint;context_stability,0,16,True,,,,,Risk findings exist; fix correctness/leakage before judging value.
src.features.builders.news_event.filter.NewsEventDataFilter,NewsEventDataFilter,enricher,features/builders/news_event/filter.py,ACTIVE_RISKY,NEEDS_FIX_BEFORE_VALUE_TEST,SILENT_EMPTY_RETURN,,0,27,False,,,,,Risk findings exist; fix correctness/leakage before judging value.
src.features.nlp.extractors.entity_extractor.EntityExtractor,EntityExtractor,utility_or_unknown,features/nlp/extractors/entity_extractor.py,ACTIVE_RISKY,NEEDS_FIX_BEFORE_VALUE_TEST,SILENT_EMPTY_RETURN,,0,4,True,,,,,Risk findings exist; fix correctness/leakage before judging value.
src.features.nlp.extractors.keyword_extractor.KeywordExtractor,KeywordExtractor,utility_or_unknown,features/nlp/extractors/keyword_extractor.py,ACTIVE_RISKY,NEEDS_FIX_BEFORE_VALUE_TEST,SILENT_EMPTY_RETURN,,0,8,True,,,,,Risk findings exist; fix correctness/leakage before judging value.
src.features.nlp.extractors.news_ticker_detector.NewsTickerDetector,NewsTickerDetector,detector,features/nlp/extractors/news_ticker_detector.py,UNUSED_POTENTIALLY_VALUABLE,NEEDS_FIX_BEFORE_VALUE_TEST,SILENT_EMPTY_RETURN,,0,0,False,,,,,Risk findings exist; fix correctness/leakage before judging value.
src.features.nlp.extractors.news_ticker_detector.create_news_ticker_detector,create_news_ticker_detector,detector,features/nlp/extractors/news_ticker_detector.py,UNUSED_POTENTIALLY_VALUABLE,NEEDS_FIX_BEFORE_VALUE_TEST,SILENT_EMPTY_RETURN,,0,0,False,,,,,Risk findings exist; fix correctness/leakage before judging value.
src.features.nlp.models.finbert_pipeline.get_finbert_pipeline,get_finbert_pipeline,model,features/nlp/models/finbert_pipeline.py,ACTIVE_WITH_TEST_REFERENCE,ACTIVE_VALUE_UNKNOWN,,,0,2,True,,,,,"Engaged, but runtime lineage/ablation not yet available."
src.features.nlp.models.roberta_sentiment.RobertaSentimentAnalyzer,RobertaSentimentAnalyzer,model,features/nlp/models/roberta_sentiment.py,ACTIVE_NEEDS_RUNTIME_CONFIRMATION,ACTIVE_VALUE_UNKNOWN,,,0,2,False,,,,,"Engaged, but runtime lineage/ablation not yet available."
src.features.nlp.models.sentiment_core.make_sentiment_key,make_sentiment_key,model,features/nlp/models/sentiment_core.py,ORPHAN_LOW_SIGNAL,LOW_PRIORITY_ORPHAN,,,0,0,False,,,,,No evidence of engagement/value yet.
src.features.nlp.models.sentiment_core.get_model,get_model,model,features/nlp/models/sentiment_core.py,ACTIVE_NEEDS_RUNTIME_CONFIRMATION,ACTIVE_VALUE_UNKNOWN,,,0,6,False,,,,,"Engaged, but runtime lineage/ablation not yet available."
src.features.nlp.models.sentiment_core.compute_score,compute_score,model,features/nlp/models/sentiment_core.py,ORPHAN_LOW_SIGNAL,LOW_PRIORITY_ORPHAN,,,0,0,False,,,,,No evidence of engagement/value yet.
src.features.nlp.models.sentiment_core.compute_news_score_safe,compute_news_score_safe,model,features/nlp/models/sentiment_core.py,ORPHAN_LOW_SIGNAL,LOW_PRIORITY_ORPHAN,,,0,0,False,,,,,No evidence of engagement/value yet.
src.features.nlp.processors.article_processor.ArticleProcessor,ArticleProcessor,utility_or_unknown,features/nlp/processors/article_processor.py,ORPHAN_LOW_SIGNAL,LOW_PRIORITY_ORPHAN,,,0,0,False,,,,,No evidence of engagement/value yet.
src.features.nlp.processors.news_analyzer.QuickNewsAnalyzer,QuickNewsAnalyzer,analyzer,features/nlp/processors/news_analyzer.py,ACTIVE_OUTPUT_UNTESTED,ACTIVE_VALUE_UNKNOWN,,cluster;sentiment_score;subjectivity_score,0,1,False,,,,,"Engaged, but runtime lineage/ablation not yet available."
src.features.nlp.processors.news_analyzer.NewsAnalyzer,NewsAnalyzer,analyzer,features/nlp/processors/news_analyzer.py,ACTIVE_OUTPUT_UNTESTED,ACTIVE_VALUE_UNKNOWN,,cluster;sentiment_score;subjectivity_score,0,2,False,,,,,"Engaged, but runtime lineage/ablation not yet available."
src.features.nlp.processors.news_harmonizer.detect_news_format,detect_news_format,utility_or_unknown,features/nlp/processors/news_harmonizer.py,ORPHAN_LOW_SIGNAL,LOW_PRIORITY_ORPHAN,,,0,0,False,,,,,No evidence of engagement/value yet.
src.features.nlp.processors.news_harmonizer.harmonize_entry,harmonize_entry,utility_or_unknown,features/nlp/processors/news_harmonizer.py,ORPHAN_LOW_SIGNAL,LOW_PRIORITY_ORPHAN,,,0,0,False,,,,,No evidence of engagement/value yet.
src.features.nlp.processors.news_harmonizer.harmonize_batch,harmonize_batch,utility_or_unknown,features/nlp/processors/news_harmonizer.py,ORPHAN_LOW_SIGNAL,LOW_PRIORITY_ORPHAN,,,0,0,False,,,,,No evidence of engagement/value yet.
src.features.nlp.processors.news_processing.process_news_data,process_news_data,utility_or_unknown,features/nlp/processors/news_processing.py,ORPHAN_LOW_SIGNAL,LOW_PRIORITY_ORPHAN,,,0,0,False,,,,,No evidence of engagement/value yet.
src.features.nlp.processors.news_processing.get_news_sentiment,get_news_sentiment,utility_or_unknown,features/nlp/processors/news_processing.py,ORPHAN_LOW_SIGNAL,LOW_PRIORITY_ORPHAN,,,0,0,False,,,,,No evidence of engagement/value yet.
src.features.nlp.processors.news_processing.filter_news_by_date,filter_news_by_date,utility_or_unknown,features/nlp/processors/news_processing.py,ORPHAN_LOW_SIGNAL,LOW_PRIORITY_ORPHAN,,,0,0,False,,,,,No evidence of engagement/value yet.
src.features.nlp.scoring.keyword_features.KeywordExtractor,KeywordExtractor,utility_or_unknown,features/nlp/scoring/keyword_features.py,ACTIVE_RISKY,NEEDS_FIX_BEFORE_VALUE_TEST,SILENT_EMPTY_RETURN,,0,6,True,,,,,Risk findings exist; fix correctness/leakage before judging value.
src.features.nlp.scoring.keyword_features.build_keyword_features,build_keyword_features,utility_or_unknown,features/nlp/scoring/keyword_features.py,ACTIVE_RISKY,NEEDS_FIX_BEFORE_VALUE_TEST,SILENT_EMPTY_RETURN,,0,1,False,,,,,Risk findings exist; fix correctness/leakage before judging value.
src.features.nlp.scoring.news_score.compute_news_score,compute_news_score,utility_or_unknown,features/nlp/scoring/news_score.py,ACTIVE_NEEDS_RUNTIME_CONFIRMATION,ACTIVE_VALUE_UNKNOWN,,,0,3,False,,,,,"Engaged, but runtime lineage/ablation not yet available."
src.features.nlp.scoring.news_scorer.NewsScorer,NewsScorer,utility_or_unknown,features/nlp/scoring/news_scorer.py,ACTIVE_NEEDS_RUNTIME_CONFIRMATION,ACTIVE_VALUE_UNKNOWN,,,0,2,False,,,,,"Engaged, but runtime lineage/ablation not yet available."
src.features.nlp.scoring.simple_sentiment.SimpleSentimentAnalyzer,SimpleSentimentAnalyzer,analyzer,features/nlp/scoring/simple_sentiment.py,ACTIVE_NEEDS_RUNTIME_CONFIRMATION,ACTIVE_VALUE_UNKNOWN,,,0,2,False,,,,,"Engaged, but runtime lineage/ablation not yet available."
src.features.nlp.scoring.summarizer.Summarizer,Summarizer,utility_or_unknown,features/nlp/scoring/summarizer.py,ACTIVE_NEEDS_RUNTIME_CONFIRMATION,ACTIVE_VALUE_UNKNOWN,,,0,2,False,,,,,"Engaged, but runtime lineage/ablation not yet available."
src.features.nlp.utils.gdelt_utils.normalize_gdelt_signals,normalize_gdelt_signals,utility_or_unknown,features/nlp/utils/gdelt_utils.py,ORPHAN_LOW_SIGNAL,LOW_PRIORITY_ORPHAN,,date;keywords;match_count;mention_score;signal_strength;ticker,0,0,False,,,,,No evidence of engagement/value yet.
src.features.nlp.utils.mention_utils.safe_get,safe_get,utility_or_unknown,features/nlp/utils/mention_utils.py,ORPHAN_LOW_SIGNAL,LOW_PRIORITY_ORPHAN,,,0,0,False,,,,,No evidence of engagement/value yet.
src.features.nlp.utils.mention_utils.compute_mention_score,compute_mention_score,utility_or_unknown,features/nlp/utils/mention_utils.py,ORPHAN_LOW_SIGNAL,LOW_PRIORITY_ORPHAN,,,0,0,False,,,,,No evidence of engagement/value yet.
src.features.nlp.utils.mention_utils.safe_get_nested,safe_get_nested,utility_or_unknown,features/nlp/utils/mention_utils.py,ORPHAN_LOW_SIGNAL,LOW_PRIORITY_ORPHAN,,,0,0,False,,,,,No evidence of engagement/value yet.
src.feature_engineering.transformers.transformers._BaseScalerTransformer,_BaseScalerTransformer,enricher,feature_engineering/transformers/transformers.py,ACTIVE_WITH_TEST_REFERENCE,ACTIVE_VALUE_UNKNOWN,,,0,7,True,,,,,"Engaged, but runtime lineage/ablation not yet available."
src.feature_engineering.transformers.transformers.StandardScalerTransformer,StandardScalerTransformer,enricher,feature_engineering/transformers/transformers.py,ACTIVE_WITH_TEST_REFERENCE,ACTIVE_VALUE_UNKNOWN,,,0,8,True,,,,,"Engaged, but runtime lineage/ablation not yet available."
src.feature_engineering.transformers.transformers.MinMaxScalerTransformer,MinMaxScalerTransformer,enricher,feature_engineering/transformers/transformers.py,ACTIVE_WITH_TEST_REFERENCE,ACTIVE_VALUE_UNKNOWN,,,0,8,True,,,,,"Engaged, but runtime lineage/ablation not yet available."
src.feature_engineering.transformers.__init__,__init__,enricher,feature_engineering/transformers/__init__.py,ACTIVE_WITH_TEST_REFERENCE,ACTIVE_VALUE_UNKNOWN,,,0,418,True,,,,,"Engaged, but runtime lineage/ablation not yet available."
src.integrations.data.bigquery_client.BigQueryClient,BigQueryClient,utility_or_unknown,integrations/data/bigquery_client.py,ACTIVE_NEEDS_RUNTIME_CONFIRMATION,ACTIVE_VALUE_UNKNOWN,,,0,2,False,,,,,"Engaged, but runtime lineage/ablation not yet available."
src.main.modes.backtest.BacktestMode,BacktestMode,utility_or_unknown,main/modes/backtest.py,ACTIVE_NEEDS_RUNTIME_CONFIRMATION,ACTIVE_VALUE_UNKNOWN,,,0,16,False,,,,,"Engaged, but runtime lineage/ablation not yet available."
src.main.modes.base.BaseMode,BaseMode,utility_or_unknown,main/modes/base.py,ACTIVE_WITH_TEST_REFERENCE,ACTIVE_VALUE_UNKNOWN,,,0,75,True,,,,,"Engaged, but runtime lineage/ablation not yet available."
src.main.modes.intelligent.IntelligentMode,IntelligentMode,utility_or_unknown,main/modes/intelligent.py,ACTIVE_NEEDS_RUNTIME_CONFIRMATION,ACTIVE_VALUE_UNKNOWN,,,0,5,False,,,,,"Engaged, but runtime lineage/ablation not yet available."
src.main.modes.monster_test.MonsterTestMode,MonsterTestMode,utility_or_unknown,main/modes/monster_test.py,ACTIVE_NEEDS_RUNTIME_CONFIRMATION,ACTIVE_VALUE_UNKNOWN,,,0,3,False,,,,,"Engaged, but runtime lineage/ablation not yet available."
src.main.modes.predict.PredictMode,PredictMode,utility_or_unknown,main/modes/predict.py,ACTIVE_WITH_TEST_REFERENCE,ACTIVE_VALUE_UNKNOWN,,,0,60,True,,,,,"Engaged, but runtime lineage/ablation not yet available."
src.main.modes.train.TrainMode,TrainMode,utility_or_unknown,main/modes/train.py,ACTIVE_WITH_TEST_REFERENCE,ACTIVE_VALUE_UNKNOWN,,,0,48,True,,,,,"Engaged, but runtime lineage/ablation not yet available."
src.main.modes.training_data_pipeline,training_data_pipeline,utility_or_unknown,main/modes/training_data_pipeline.py,ACTIVE_RISKY,NEEDS_FIX_BEFORE_VALUE_TEST,TARGET_COLUMN_IN_NON_TARGET_COMPONENT,,0,1,False,,,,,Risk findings exist; fix correctness/leakage before judging value.
src.main.modes.web_ui.WebUIMode,WebUIMode,utility_or_unknown,main/modes/web_ui.py,ACTIVE_RISKY,NEEDS_FIX_BEFORE_VALUE_TEST,SILENT_EMPTY_RETURN,,0,0,False,,,,,Risk findings exist; fix correctness/leakage before judging value.
src.main.modes.__init__,__init__,utility_or_unknown,main/modes/__init__.py,ACTIVE_WITH_TEST_REFERENCE,ACTIVE_VALUE_UNKNOWN,,,0,418,True,,,,,"Engaged, but runtime lineage/ablation not yet available."
src.meta_learning.awareness.context_engine.ContextAwarenessEngine,ContextAwarenessEngine,context_map,meta_learning/awareness/context_engine.py,ACTIVE_WITH_TEST_REFERENCE,ACTIVE_VALUE_UNKNOWN,,,0,4,True,,,,,"Engaged, but runtime lineage/ablation not yet available."
src.meta_learning.evolution.dual_loops.TradingRule,TradingRule,utility_or_unknown,meta_learning/evolution/dual_loops.py,ACTIVE_RISKY,NEEDS_FIX_BEFORE_VALUE_TEST,SILENT_EMPTY_RETURN,,0,2,False,,,,,Risk findings exist; fix correctness/leakage before judging value.
src.meta_learning.evolution.dual_loops.LearningLoopsEngine,LearningLoopsEngine,utility_or_unknown,meta_learning/evolution/dual_loops.py,ACTIVE_RISKY,NEEDS_FIX_BEFORE_VALUE_TEST,SILENT_EMPTY_RETURN,,0,2,False,,,,,Risk findings exist; fix correctness/leakage before judging value.
src.meta_learning.memory.contextual_weight_calculator.WeightResult,WeightResult,context_map,meta_learning/memory/contextual_weight_calculator.py,ACTIVE_RISKY,NEEDS_FIX_BEFORE_VALUE_TEST,SILENT_EMPTY_RETURN,,0,2,False,,,,,Risk findings exist; fix correctness/leakage before judging value.
src.meta_learning.memory.contextual_weight_calculator.ContextualWeightCalculator,ContextualWeightCalculator,context_map,meta_learning/memory/contextual_weight_calculator.py,ACTIVE_RISKY,NEEDS_FIX_BEFORE_VALUE_TEST,SILENT_EMPTY_RETURN,,0,4,False,,,,,Risk findings exist; fix correctness/leakage before judging value.
src.meta_learning.memory.diary_engine.DecisionType,DecisionType,utility_or_unknown,meta_learning/memory/diary_engine.py,ACTIVE_WITH_TEST_REFERENCE,ACTIVE_VALUE_UNKNOWN,,outcome,0,10,True,,,,,"Engaged, but runtime lineage/ablation not yet available."
src.meta_learning.memory.diary_engine.DecisionOutcome,DecisionOutcome,utility_or_unknown,meta_learning/memory/diary_engine.py,ACTIVE_WITH_TEST_REFERENCE,ACTIVE_VALUE_UNKNOWN,,outcome,0,10,True,,,,,"Engaged, but runtime lineage/ablation not yet available."
src.meta_learning.memory.diary_engine.DecisionRecord,DecisionRecord,utility_or_unknown,meta_learning/memory/diary_engine.py,ACTIVE_WITH_TEST_REFERENCE,ACTIVE_VALUE_UNKNOWN,,outcome,0,10,True,,,,,"Engaged, but runtime lineage/ablation not yet available."
src.meta_learning.memory.diary_engine.DiaryEngine,DiaryEngine,utility_or_unknown,meta_learning/memory/diary_engine.py,ACTIVE_WITH_TEST_REFERENCE,ACTIVE_VALUE_UNKNOWN,,outcome,0,14,True,,,,,"Engaged, but runtime lineage/ablation not yet available."
src.meta_learning.memory.knn_context_finder.KnnContextFinder,KnnContextFinder,context_map,meta_learning/memory/knn_context_finder.py,ACTIVE_RISKY,NEEDS_FIX_BEFORE_VALUE_TEST,SILENT_EMPTY_RETURN;TARGET_COLUMN_IN_NON_TARGET_COMPONENT,,0,2,False,,,,,Risk findings exist; fix correctness/leakage before judging value.
src.meta_learning.security.agent_permissions.ActionType,ActionType,utility_or_unknown,meta_learning/security/agent_permissions.py,ORPHAN_LOW_SIGNAL,NEEDS_FIX_BEFORE_VALUE_TEST,SILENT_EMPTY_RETURN,,0,0,False,,,,,Risk findings exist; fix correctness/leakage before judging value.
src.meta_learning.security.agent_permissions.AgentRole,AgentRole,utility_or_unknown,meta_learning/security/agent_permissions.py,ORPHAN_LOW_SIGNAL,NEEDS_FIX_BEFORE_VALUE_TEST,SILENT_EMPTY_RETURN,,0,0,False,,,,,Risk findings exist; fix correctness/leakage before judging value.
src.meta_learning.security.agent_permissions.Permission,Permission,utility_or_unknown,meta_learning/security/agent_permissions.py,ORPHAN_LOW_SIGNAL,NEEDS_FIX_BEFORE_VALUE_TEST,SILENT_EMPTY_RETURN,,0,0,False,,,,,Risk findings exist; fix correctness/leakage before judging value.
src.meta_learning.security.agent_permissions.AgentIdentity,AgentIdentity,utility_or_unknown,meta_learning/security/agent_permissions.py,ORPHAN_LOW_SIGNAL,NEEDS_FIX_BEFORE_VALUE_TEST,SILENT_EMPTY_RETURN,,0,0,False,,,,,Risk findings exist; fix correctness/leakage before judging value.
src.meta_learning.security.agent_permissions.AgentPermissionSystem,AgentPermissionSystem,utility_or_unknown,meta_learning/security/agent_permissions.py,ORPHAN_LOW_SIGNAL,NEEDS_FIX_BEFORE_VALUE_TEST,SILENT_EMPTY_RETURN,,0,0,False,,,,,Risk findings exist; fix correctness/leakage before judging value.
src.meta_learning.security.agent_permissions.get_agent_permission_system,get_agent_permission_system,utility_or_unknown,meta_learning/security/agent_permissions.py,ORPHAN_LOW_SIGNAL,NEEDS_FIX_BEFORE_VALUE_TEST,SILENT_EMPTY_RETURN,,0,0,False,,,,,Risk findings exist; fix correctness/leakage before judging value.
src.meta_learning.security.agent_permissions.check_agent_permission,check_agent_permission,utility_or_unknown,meta_learning/security/agent_permissions.py,ORPHAN_LOW_SIGNAL,NEEDS_FIX_BEFORE_VALUE_TEST,SILENT_EMPTY_RETURN,,0,0,False,,,,,Risk findings exist; fix correctness/leakage before judging value.
src.meta_learning.security.constraint_engine.ConstraintType,ConstraintType,utility_or_unknown,meta_learning/security/constraint_engine.py,ACTIVE_WITH_TEST_REFERENCE,ACTIVE_VALUE_UNKNOWN,,,0,1,True,,,,,"Engaged, but runtime lineage/ablation not yet available."
src.meta_learning.security.constraint_engine.ConstraintSeverity,ConstraintSeverity,utility_or_unknown,meta_learning/security/constraint_engine.py,ACTIVE_WITH_TEST_REFERENCE,ACTIVE_VALUE_UNKNOWN,,,0,1,True,,,,,"Engaged, but runtime lineage/ablation not yet available."
src.meta_learning.security.constraint_engine.Constraint,Constraint,utility_or_unknown,meta_learning/security/constraint_engine.py,ACTIVE_WITH_TEST_REFERENCE,ACTIVE_VALUE_UNKNOWN,,,0,3,True,,,,,"Engaged, but runtime lineage/ablation not yet available."
src.meta_learning.security.constraint_engine.ConstraintViolation,ConstraintViolation,utility_or_unknown,meta_learning/security/constraint_engine.py,ACTIVE_WITH_TEST_REFERENCE,ACTIVE_VALUE_UNKNOWN,,,0,1,True,,,,,"Engaged, but runtime lineage/ablation not yet available."
src.meta_learning.security.constraint_engine.SecurityConstraintEngine,SecurityConstraintEngine,utility_or_unknown,meta_learning/security/constraint_engine.py,ACTIVE_WITH_TEST_REFERENCE,ACTIVE_VALUE_UNKNOWN,,,0,2,True,,,,,"Engaged, but runtime lineage/ablation not yet available."
src.meta_learning.security.constraint_engine.get_security_constraint_engine,get_security_constraint_engine,utility_or_unknown,meta_learning/security/constraint_engine.py,ACTIVE_WITH_TEST_REFERENCE,ACTIVE_VALUE_UNKNOWN,,,0,2,True,,,,,"Engaged, but runtime lineage/ablation not yet available."
src.meta_learning.security.constraint_engine.validate_agent_action,validate_agent_action,utility_or_unknown,meta_learning/security/constraint_engine.py,ACTIVE_WITH_TEST_REFERENCE,ACTIVE_VALUE_UNKNOWN,,,0,1,True,,,,,"Engaged, but runtime lineage/ablation not yet available."
src.meta_learning.security.constraint_validators.ConstraintValidators,ConstraintValidators,validator,meta_learning/security/constraint_validators.py,ACTIVE_NEEDS_RUNTIME_CONFIRMATION,ACTIVE_VALUE_UNKNOWN,,,0,2,False,,,,,"Engaged, but runtime lineage/ablation not yet available."
src.meta_learning.awareness.context.analyzer.ContextAnalyzer,ContextAnalyzer,context_map,meta_learning/awareness/context/analyzer.py,ACTIVE_WITH_TEST_REFERENCE,ACTIVE_VALUE_UNKNOWN,,,0,38,True,,,,,"Engaged, but runtime lineage/ablation not yet available."
src.meta_learning.awareness.context.manager.ContextAwarenessEngine,ContextAwarenessEngine,context_map,meta_learning/awareness/context/manager.py,ACTIVE_WITH_TEST_REFERENCE,ACTIVE_VALUE_UNKNOWN,,,0,43,True,,,,,"Engaged, but runtime lineage/ablation not yet available."
src.meta_learning.awareness.context.models.EventType,EventType,context_map,meta_learning/awareness/context/models.py,ACTIVE_WITH_TEST_REFERENCE,ACTIVE_VALUE_UNKNOWN,,,0,162,True,,,,,"Engaged, but runtime lineage/ablation not yet available."
src.meta_learning.awareness.context.models.EventImpact,EventImpact,context_map,meta_learning/awareness/context/models.py,ACTIVE_WITH_TEST_REFERENCE,ACTIVE_VALUE_UNKNOWN,,,0,163,True,,,,,"Engaged, but runtime lineage/ablation not yet available."
src.meta_learning.awareness.context.models.MarketRegime,MarketRegime,context_map,meta_learning/awareness/context/models.py,ACTIVE_WITH_TEST_REFERENCE,ACTIVE_VALUE_UNKNOWN,,,0,169,True,,,,,"Engaged, but runtime lineage/ablation not yet available."
src.meta_learning.awareness.context.models.MarketEvent,MarketEvent,context_map,meta_learning/awareness/context/models.py,ACTIVE_WITH_TEST_REFERENCE,ACTIVE_VALUE_UNKNOWN,,,0,163,True,,,,,"Engaged, but runtime lineage/ablation not yet available."
src.meta_learning.awareness.context.models.MarketContext,MarketContext,context_map,meta_learning/awareness/context/models.py,ACTIVE_WITH_TEST_REFERENCE,ACTIVE_VALUE_UNKNOWN,,,0,163,True,,,,,"Engaged, but runtime lineage/ablation not yet available."
src.meta_learning.awareness.context.scanner.EventScanner,EventScanner,context_map,meta_learning/awareness/context/scanner.py,ACTIVE_RISKY,NEEDS_FIX_BEFORE_VALUE_TEST,SILENT_EMPTY_RETURN,,0,4,True,,,,,Risk findings exist; fix correctness/leakage before judging value.
src.meta_learning.awareness.context.storage.ContextStorage,ContextStorage,context_map,meta_learning/awareness/context/storage.py,ACTIVE_NEEDS_RUNTIME_CONFIRMATION,ACTIVE_VALUE_UNKNOWN,,,0,38,False,,,,,"Engaged, but runtime lineage/ablation not yet available."
src.meta_learning.awareness.context.__init__,__init__,context_map,meta_learning/awareness/context/__init__.py,ACTIVE_WITH_TEST_REFERENCE,ACTIVE_VALUE_UNKNOWN,,,0,418,True,,,,,"Engaged, but runtime lineage/ablation not yet available."
src.meta_learning.evolution.optimization.__init__,__init__,algorithm,meta_learning/evolution/optimization/__init__.py,ACTIVE_WITH_TEST_REFERENCE,ACTIVE_VALUE_UNKNOWN,,,0,418,True,,,,,"Engaged, but runtime lineage/ablation not yet available."
src.metrics.financial.financial_metrics_library.FinancialMetricsLibrary,FinancialMetricsLibrary,calculator,metrics/financial/financial_metrics_library.py,UNUSED_POTENTIALLY_VALUABLE,NEEDS_FIX_BEFORE_VALUE_TEST,TARGET_COLUMN_IN_NON_TARGET_COMPONENT,,0,0,True,,,,,Risk findings exist; fix correctness/leakage before judging value.
src.metrics.financial.portfolio_metrics.PortfolioMetricsCalculator,PortfolioMetricsCalculator,calculator,metrics/financial/portfolio_metrics.py,ACTIVE_RISKY,NEEDS_FIX_BEFORE_VALUE_TEST,SILENT_EMPTY_RETURN,,0,7,False,,,,,Risk findings exist; fix correctness/leakage before judging value.
src.metrics.model.ml_evaluator.MLEvaluator,MLEvaluator,calculator,metrics/model/ml_evaluator.py,ACTIVE_RISKY,NEEDS_FIX_BEFORE_VALUE_TEST,SILENT_EMPTY_RETURN,,0,4,False,,,,,Risk findings exist; fix correctness/leakage before judging value.
src.metrics.model.ml_evaluator.calculate_all_metrics,calculate_all_metrics,calculator,metrics/model/ml_evaluator.py,ACTIVE_RISKY,NEEDS_FIX_BEFORE_VALUE_TEST,SILENT_EMPTY_RETURN,,0,3,False,,,,,Risk findings exist; fix correctness/leakage before judging value.
src.metrics.model.ml_evaluator.infer_task_type,infer_task_type,calculator,metrics/model/ml_evaluator.py,ACTIVE_RISKY,NEEDS_FIX_BEFORE_VALUE_TEST,SILENT_EMPTY_RETURN,,0,2,False,,,,,Risk findings exist; fix correctness/leakage before judging value.
src.metrics.utils.calculation_tools.adjust_for_risk_free_rate,adjust_for_risk_free_rate,calculator,metrics/utils/calculation_tools.py,ACTIVE_NEEDS_RUNTIME_CONFIRMATION,ACTIVE_VALUE_UNKNOWN,,,0,2,False,,,,,"Engaged, but runtime lineage/ablation not yet available."
src.metrics.utils.calculation_tools.annualize_returns,annualize_returns,calculator,metrics/utils/calculation_tools.py,ACTIVE_NEEDS_RUNTIME_CONFIRMATION,ACTIVE_VALUE_UNKNOWN,,,0,3,False,,,,,"Engaged, but runtime lineage/ablation not yet available."
src.metrics.utils.calculation_tools.calculate_rolling_volatility,calculate_rolling_volatility,calculator,metrics/utils/calculation_tools.py,ACTIVE_WITH_TEST_REFERENCE,ACTIVE_VALUE_UNKNOWN,,,0,5,True,,,,,"Engaged, but runtime lineage/ablation not yet available."
src.metrics.utils.calculation_tools.calculate_drawdown_series,calculate_drawdown_series,calculator,metrics/utils/calculation_tools.py,ACTIVE_NEEDS_RUNTIME_CONFIRMATION,ACTIVE_VALUE_UNKNOWN,,,0,1,False,,,,,"Engaged, but runtime lineage/ablation not yet available."
src.models.actions.action_trigger.ActionTrigger,ActionTrigger,model,models/actions/action_trigger.py,ACTIVE_NEEDS_RUNTIME_CONFIRMATION,ACTIVE_VALUE_UNKNOWN,,,0,2,False,,,,,"Engaged, but runtime lineage/ablation not yet available."
src.models.adapters.categorical_helper.handle_categorical_features_split,handle_categorical_features_split,model,models/adapters/categorical_helper.py,ORPHAN_LOW_SIGNAL,LOW_PRIORITY_ORPHAN,,,0,0,False,,,,,No evidence of engagement/value yet.
src.models.adapters.data_preparation.prepare_data_for_models,prepare_data_for_models,model,models/adapters/data_preparation.py,ACTIVE_RISKY,NEEDS_FIX_BEFORE_VALUE_TEST,SILENT_EMPTY_RETURN;TARGET_COLUMN_IN_NON_TARGET_COMPONENT,,0,4,False,,,,,Risk findings exist; fix correctness/leakage before judging value.
src.models.adapters.data_preparation.handle_categorical_features,handle_categorical_features,model,models/adapters/data_preparation.py,ACTIVE_RISKY,NEEDS_FIX_BEFORE_VALUE_TEST,SILENT_EMPTY_RETURN;TARGET_COLUMN_IN_NON_TARGET_COMPONENT,,0,2,False,,,,,Risk findings exist; fix correctness/leakage before judging value.
src.models.adapters.data_preparation.log_data_distribution,log_data_distribution,model,models/adapters/data_preparation.py,ACTIVE_RISKY,NEEDS_FIX_BEFORE_VALUE_TEST,SILENT_EMPTY_RETURN;TARGET_COLUMN_IN_NON_TARGET_COMPONENT,,0,2,False,,,,,Risk findings exist; fix correctness/leakage before judging value.
src.models.adapters.data_preparation.prepare_sequence_data_optimized,prepare_sequence_data_optimized,model,models/adapters/data_preparation.py,ACTIVE_RISKY,NEEDS_FIX_BEFORE_VALUE_TEST,SILENT_EMPTY_RETURN;TARGET_COLUMN_IN_NON_TARGET_COMPONENT,,0,2,False,,,,,Risk findings exist; fix correctness/leakage before judging value.
src.models.adapters.data_preparation.filter_data_by_ticker_timeframe,filter_data_by_ticker_timeframe,model,models/adapters/data_preparation.py,ACTIVE_RISKY,NEEDS_FIX_BEFORE_VALUE_TEST,SILENT_EMPTY_RETURN;TARGET_COLUMN_IN_NON_TARGET_COMPONENT,,0,2,False,,,,,Risk findings exist; fix correctness/leakage before judging value.
src.models.adapters.data_preparation.validate_data_shapes,validate_data_shapes,model,models/adapters/data_preparation.py,ACTIVE_RISKY,NEEDS_FIX_BEFORE_VALUE_TEST,SILENT_EMPTY_RETURN;TARGET_COLUMN_IN_NON_TARGET_COMPONENT,,0,2,False,,,,,Risk findings exist; fix correctness/leakage before judging value.
src.models.adapters.sentiment_integration.SentimentModelIntegrator,SentimentModelIntegrator,model,models/adapters/sentiment_integration.py,ACTIVE_OUTPUT_UNTESTED,ACTIVE_VALUE_UNKNOWN,,label;news_count;positive_news_ratio;sentiment_confidence;sentiment_momentum;sentiment_negative;sentiment_neutral;sentiment_positive;sentiment_price_correlation;sentiment_score;sentiment_strength;sentiment_volatility,0,1,False,,,,,"Engaged, but runtime lineage/ablation not yet available."
src.models.adapters.sentiment_integration.get_sentiment_integrator,get_sentiment_integrator,model,models/adapters/sentiment_integration.py,ACTIVE_OUTPUT_UNTESTED,ACTIVE_VALUE_UNKNOWN,,label;news_count;positive_news_ratio;sentiment_confidence;sentiment_momentum;sentiment_negative;sentiment_neutral;sentiment_positive;sentiment_price_correlation;sentiment_score;sentiment_strength;sentiment_volatility,0,2,False,,,,,"Engaged, but runtime lineage/ablation not yet available."
src.models.adapters.sentiment_integration.integrate_sentiment_in_pipeline,integrate_sentiment_in_pipeline,model,models/adapters/sentiment_integration.py,ACTIVE_OUTPUT_UNTESTED,ACTIVE_VALUE_UNKNOWN,,label;news_count;positive_news_ratio;sentiment_confidence;sentiment_momentum;sentiment_negative;sentiment_neutral;sentiment_positive;sentiment_price_correlation;sentiment_score;sentiment_strength;sentiment_volatility,0,1,False,,,,,"Engaged, but runtime lineage/ablation not yet available."
src.models.adapters.sentiment_integration.get_sentiment_trading_signal,get_sentiment_trading_signal,model,models/adapters/sentiment_integration.py,ACTIVE_OUTPUT_UNTESTED,ACTIVE_VALUE_UNKNOWN,,label;news_count;positive_news_ratio;sentiment_confidence;sentiment_momentum;sentiment_negative;sentiment_neutral;sentiment_positive;sentiment_price_correlation;sentiment_score;sentiment_strength;sentiment_volatility,0,1,False,,,,,"Engaged, but runtime lineage/ablation not yet available."
src.models.adapters.unified_model_adapter.UnifiedModelAdapter,UnifiedModelAdapter,model,models/adapters/unified_model_adapter.py,ORPHAN_LOW_SIGNAL,NEEDS_FIX_BEFORE_VALUE_TEST,SILENT_EMPTY_RETURN;TARGET_COLUMN_IN_NON_TARGET_COMPONENT,ticker,0,0,False,,,,,Risk findings exist; fix correctness/leakage before judging value.
src.models.analysis.baseline_dominance_detector.BaselineDominanceDetector,BaselineDominanceDetector,analyzer,models/analysis/baseline_dominance_detector.py,ACTIVE_RISKY,NEEDS_FIX_BEFORE_VALUE_TEST,TARGET_COLUMN_IN_NON_TARGET_COMPONENT,,0,8,True,,,,,Risk findings exist; fix correctness/leakage before judging value.
src.models.analysis.model_analyzer.ModelAnalyzer,ModelAnalyzer,analyzer,models/analysis/model_analyzer.py,ACTIVE_NEEDS_RUNTIME_CONFIRMATION,ACTIVE_VALUE_UNKNOWN,,,0,5,False,,,,,"Engaged, but runtime lineage/ablation not yet available."
src.models.analysis.model_health_analyzer.ModelHealthAnalyzer,ModelHealthAnalyzer,analyzer,models/analysis/model_health_analyzer.py,UNUSED_POTENTIALLY_VALUABLE,UNUSED_POTENTIALLY_VALUABLE,,,0,0,True,,,,,Not engaged statically but category suggests possible useful logic.
src.models.analysis.overfitting_detector.OverfittingDetector,OverfittingDetector,analyzer,models/analysis/overfitting_detector.py,ACTIVE_WITH_TEST_REFERENCE,ACTIVE_VALUE_UNKNOWN,,,0,10,True,,,,,"Engaged, but runtime lineage/ablation not yet available."
src.models.analysis.overfitting_detector.get_overfitting_detector,get_overfitting_detector,analyzer,models/analysis/overfitting_detector.py,ACTIVE_WITH_TEST_REFERENCE,ACTIVE_VALUE_UNKNOWN,,,0,5,True,,,,,"Engaged, but runtime lineage/ablation not yet available."
src.models.analysis.regime_winner_analyzer.RegimeWinnerAnalyzer,RegimeWinnerAnalyzer,analyzer,models/analysis/regime_winner_analyzer.py,ACTIVE_RISKY,NEEDS_FIX_BEFORE_VALUE_TEST,SILENT_EMPTY_RETURN,,0,8,True,,,,,Risk findings exist; fix correctness/leakage before judging value.
src.models.analysis.__init__,__init__,analyzer,models/analysis/__init__.py,ACTIVE_WITH_TEST_REFERENCE,ACTIVE_VALUE_UNKNOWN,,,0,418,True,,,,,"Engaged, but runtime lineage/ablation not yet available."
src.models.dean.dean_bootstrap_system.ModelRole,ModelRole,model,models/dean/dean_bootstrap_system.py,ACTIVE_NEEDS_RUNTIME_CONFIRMATION,ACTIVE_VALUE_UNKNOWN,,,0,2,False,,,,,"Engaged, but runtime lineage/ablation not yet available."
src.models.dean.dean_bootstrap_system.DeanAction,DeanAction,model,models/dean/dean_bootstrap_system.py,ACTIVE_NEEDS_RUNTIME_CONFIRMATION,ACTIVE_VALUE_UNKNOWN,,,0,2,False,,,,,"Engaged, but runtime lineage/ablation not yet available."
src.models.dean.dean_bootstrap_system.DeanCritique,DeanCritique,model,models/dean/dean_bootstrap_system.py,ACTIVE_NEEDS_RUNTIME_CONFIRMATION,ACTIVE_VALUE_UNKNOWN,,,0,2,False,,,,,"Engaged, but runtime lineage/ablation not yet available."
src.models.dean.dean_bootstrap_system.DeanSimulation,DeanSimulation,model,models/dean/dean_bootstrap_system.py,ACTIVE_NEEDS_RUNTIME_CONFIRMATION,ACTIVE_VALUE_UNKNOWN,,,0,2,False,,,,,"Engaged, but runtime lineage/ablation not yet available."
src.models.dean.dean_bootstrap_system.DeanBootstrapSystem,DeanBootstrapSystem,model,models/dean/dean_bootstrap_system.py,ACTIVE_NEEDS_RUNTIME_CONFIRMATION,ACTIVE_VALUE_UNKNOWN,,,0,2,False,,,,,"Engaged, but runtime lineage/ablation not yet available."
src.models.dean.dean_bootstrap_system.get_dean_system,get_dean_system,model,models/dean/dean_bootstrap_system.py,ACTIVE_NEEDS_RUNTIME_CONFIRMATION,ACTIVE_VALUE_UNKNOWN,,,0,4,False,,,,,"Engaged, but runtime lineage/ablation not yet available."
src.models.dean.dean_bootstrap_system.get_dean_bootstrap_system,get_dean_bootstrap_system,model,models/dean/dean_bootstrap_system.py,ACTIVE_NEEDS_RUNTIME_CONFIRMATION,ACTIVE_VALUE_UNKNOWN,,,0,2,False,,,,,"Engaged, but runtime lineage/ablation not yet available."
src.models.ensemble.confidence_calibrator.ConfidenceCalibrator,ConfidenceCalibrator,model,models/ensemble/confidence_calibrator.py,ACTIVE_WITH_TEST_REFERENCE,ACTIVE_VALUE_UNKNOWN,,,0,4,True,,,,,"Engaged, but runtime lineage/ablation not yet available."
src.models.ensemble.confidence_calibrator.get_confidence_calibrator,get_confidence_calibrator,model,models/ensemble/confidence_calibrator.py,ACTIVE_WITH_TEST_REFERENCE,ACTIVE_VALUE_UNKNOWN,,,0,4,True,,,,,"Engaged, but runtime lineage/ablation not yet available."
src.models.ensemble.confidence_calibrator.calibrate_confidence_quick,calibrate_confidence_quick,model,models/ensemble/confidence_calibrator.py,ACTIVE_WITH_TEST_REFERENCE,ACTIVE_VALUE_UNKNOWN,,,0,4,True,,,,,"Engaged, but runtime lineage/ablation not yet available."
src.models.ensemble.dynamic_weights.DynamicWeightCalculator,DynamicWeightCalculator,model,models/ensemble/dynamic_weights.py,ACTIVE_RISKY,NEEDS_FIX_BEFORE_VALUE_TEST,SILENT_EMPTY_RETURN,,0,2,True,,,,,Risk findings exist; fix correctness/leakage before judging value.
src.models.ensemble.enhanced_ensemble.EnhancedEnsembleModel,EnhancedEnsembleModel,model,models/ensemble/enhanced_ensemble.py,ORPHAN_LOW_SIGNAL,NEEDS_FIX_BEFORE_VALUE_TEST,SILENT_EMPTY_RETURN;TARGET_COLUMN_IN_NON_TARGET_COMPONENT,ticker,0,0,True,,,,,Risk findings exist; fix correctness/leakage before judging value.
src.models.ensemble.ensemble_model.EnsembleModel,EnsembleModel,model,models/ensemble/ensemble_model.py,ACTIVE_NEEDS_RUNTIME_CONFIRMATION,ACTIVE_VALUE_UNKNOWN,,,0,2,False,,,,,"Engaged, but runtime lineage/ablation not yet available."
src.models.ensemble.model_correlation_analyzer.ModelCorrelationAnalyzer,ModelCorrelationAnalyzer,model,models/ensemble/model_correlation_analyzer.py,ACTIVE_NEEDS_RUNTIME_CONFIRMATION,ACTIVE_VALUE_UNKNOWN,,,0,4,False,,,,,"Engaged, but runtime lineage/ablation not yet available."
src.models.ensemble.model_correlation_analyzer.get_model_correlation_analyzer,get_model_correlation_analyzer,model,models/ensemble/model_correlation_analyzer.py,ACTIVE_NEEDS_RUNTIME_CONFIRMATION,ACTIVE_VALUE_UNKNOWN,,,0,4,False,,,,,"Engaged, but runtime lineage/ablation not yet available."
src.models.ensemble.model_correlation_analyzer.analyze_model_correlation_quick,analyze_model_correlation_quick,model,models/ensemble/model_correlation_analyzer.py,ACTIVE_NEEDS_RUNTIME_CONFIRMATION,ACTIVE_VALUE_UNKNOWN,,,0,4,False,,,,,"Engaged, but runtime lineage/ablation not yet available."
src.models.ensemble.weight_stability_monitor.WeightStabilityMonitor,WeightStabilityMonitor,model,models/ensemble/weight_stability_monitor.py,ACTIVE_NEEDS_RUNTIME_CONFIRMATION,ACTIVE_VALUE_UNKNOWN,,,0,6,False,,,,,"Engaged, but runtime lineage/ablation not yet available."
src.models.ensemble.weight_stability_monitor.get_weight_stability_monitor,get_weight_stability_monitor,model,models/ensemble/weight_stability_monitor.py,ACTIVE_NEEDS_RUNTIME_CONFIRMATION,ACTIVE_VALUE_UNKNOWN,,,0,4,False,,,,,"Engaged, but runtime lineage/ablation not yet available."
src.models.ensemble.weight_stability_monitor.monitor_weight_stability_quick,monitor_weight_stability_quick,model,models/ensemble/weight_stability_monitor.py,ACTIVE_NEEDS_RUNTIME_CONFIRMATION,ACTIVE_VALUE_UNKNOWN,,,0,4,False,,,,,"Engaged, but runtime lineage/ablation not yet available."
src.models.ensemble.__init__,__init__,model,models/ensemble/__init__.py,ACTIVE_WITH_TEST_REFERENCE,ACTIVE_VALUE_UNKNOWN,,,0,418,True,,,,,"Engaged, but runtime lineage/ablation not yet available."
src.models.ensembling.composer.EnsembleResult,EnsembleResult,model,models/ensembling/composer.py,ACTIVE_NEEDS_RUNTIME_CONFIRMATION,ACTIVE_VALUE_UNKNOWN,,,0,2,False,,,,,"Engaged, but runtime lineage/ablation not yet available."
src.models.ensembling.composer.EnsembleComposer,EnsembleComposer,model,models/ensembling/composer.py,ORPHAN_LOW_SIGNAL,LOW_PRIORITY_ORPHAN,,,0,0,False,,,,,No evidence of engagement/value yet.
src.models.health.model_health_evaluator.ModelHealthEvaluator,ModelHealthEvaluator,model,models/health/model_health_evaluator.py,ACTIVE_NEEDS_RUNTIME_CONFIRMATION,ACTIVE_VALUE_UNKNOWN,,,0,2,False,,,,,"Engaged, but runtime lineage/ablation not yet available."
src.models.linear.knn_model.KNNModel,KNNModel,model,models/linear/knn_model.py,ACTIVE_NEEDS_RUNTIME_CONFIRMATION,ACTIVE_VALUE_UNKNOWN,,,0,3,False,,,,,"Engaged, but runtime lineage/ablation not yet available."
src.models.linear.linear_model.LinearModel,LinearModel,model,models/linear/linear_model.py,ACTIVE_NEEDS_RUNTIME_CONFIRMATION,ACTIVE_VALUE_UNKNOWN,,,0,13,False,,,,,"Engaged, but runtime lineage/ablation not yet available."
src.models.linear.svm_model.SVMModel,SVMModel,model,models/linear/svm_model.py,ACTIVE_NEEDS_RUNTIME_CONFIRMATION,ACTIVE_VALUE_UNKNOWN,,,0,2,False,,,,,"Engaged, but runtime lineage/ablation not yet available."
src.models.model_selector.adaptive_selector.AdaptiveModelSelector,AdaptiveModelSelector,selector,models/model_selector/adaptive_selector.py,ACTIVE_RISKY,NEEDS_FIX_BEFORE_VALUE_TEST,SILENT_EMPTY_RETURN,,0,5,True,,,,,Risk findings exist; fix correctness/leakage before judging value.
src.models.model_selector.fingerprint_selector.SmartModelSelector,SmartModelSelector,selector,models/model_selector/fingerprint_selector.py,ACTIVE_RISKY,NEEDS_FIX_BEFORE_VALUE_TEST,TARGET_COLUMN_IN_NON_TARGET_COMPONENT,,0,8,False,,,,,Risk findings exist; fix correctness/leakage before judging value.
src.models.model_selector.heavy_light_comparator.ModelPerformanceMetrics,ModelPerformanceMetrics,selector,models/model_selector/heavy_light_comparator.py,UNUSED_POTENTIALLY_VALUABLE,UNUSED_POTENTIALLY_VALUABLE,,,0,0,False,,,,,Not engaged statically but category suggests possible useful logic.
src.models.model_selector.heavy_light_comparator.HeavyLightModelComparator,HeavyLightModelComparator,selector,models/model_selector/heavy_light_comparator.py,UNUSED_POTENTIALLY_VALUABLE,UNUSED_POTENTIALLY_VALUABLE,,,0,0,False,,,,,Not engaged statically but category suggests possible useful logic.
src.models.model_selector.smart_selector.SmartModelSelector,SmartModelSelector,selector,models/model_selector/smart_selector.py,ACTIVE_RISKY,NEEDS_FIX_BEFORE_VALUE_TEST,SILENT_EMPTY_RETURN;TARGET_COLUMN_IN_NON_TARGET_COMPONENT,,0,12,False,,,,,Risk findings exist; fix correctness/leakage before judging value.
src.models.model_selector.__init__,__init__,selector,models/model_selector/__init__.py,ACTIVE_WITH_TEST_REFERENCE,ACTIVE_VALUE_UNKNOWN,,,0,418,True,,,,,"Engaged, but runtime lineage/ablation not yet available."
src.models.monitoring.prediction_drift_monitor.PredictionDriftMonitor,PredictionDriftMonitor,model,models/monitoring/prediction_drift_monitor.py,ACTIVE_RISKY,NEEDS_FIX_BEFORE_VALUE_TEST,SILENT_EMPTY_RETURN,,0,11,True,,,,,Risk findings exist; fix correctness/leakage before judging value.
src.models.monitoring.prediction_drift_monitor.get_prediction_drift_monitor,get_prediction_drift_monitor,model,models/monitoring/prediction_drift_monitor.py,ACTIVE_RISKY,NEEDS_FIX_BEFORE_VALUE_TEST,SILENT_EMPTY_RETURN,,0,7,False,,,,,Risk findings exist; fix correctness/leakage before judging value.
src.models.monitoring.__init__,__init__,model,models/monitoring/__init__.py,ACTIVE_WITH_TEST_REFERENCE,ACTIVE_VALUE_UNKNOWN,,,0,418,True,,,,,"Engaged, but runtime lineage/ablation not yet available."
src.models.neural.autoencoder_model.AutoencoderModel,AutoencoderModel,model,models/neural/autoencoder_model.py,ACTIVE_WITH_TEST_REFERENCE,ACTIVE_VALUE_UNKNOWN,,,0,6,True,,,,,"Engaged, but runtime lineage/ablation not yet available."
src.models.neural.base_neural.BaseNeuralModel,BaseNeuralModel,model,models/neural/base_neural.py,ACTIVE_NEEDS_RUNTIME_CONFIRMATION,ACTIVE_VALUE_UNKNOWN,,,0,10,False,,,,,"Engaged, but runtime lineage/ablation not yet available."
src.models.neural.cnn_model.CNNModel,CNNModel,model,models/neural/cnn_model.py,ACTIVE_WITH_TEST_REFERENCE,ACTIVE_VALUE_UNKNOWN,,,0,6,True,,,,,"Engaged, but runtime lineage/ablation not yet available."
src.models.neural.gru_model.GRUModel,GRUModel,model,models/neural/gru_model.py,ACTIVE_WITH_TEST_REFERENCE,ACTIVE_VALUE_UNKNOWN,,,0,6,True,,,,,"Engaged, but runtime lineage/ablation not yet available."
src.models.neural.lstm_model.LSTMModel,LSTMModel,model,models/neural/lstm_model.py,ACTIVE_WITH_TEST_REFERENCE,ACTIVE_VALUE_UNKNOWN,,,0,6,True,,,,,"Engaged, but runtime lineage/ablation not yet available."
src.models.neural.mlp_model.MLPModel,MLPModel,model,models/neural/mlp_model.py,ACTIVE_NEEDS_RUNTIME_CONFIRMATION,ACTIVE_VALUE_UNKNOWN,,,0,2,False,,,,,"Engaged, but runtime lineage/ablation not yet available."
src.models.neural.tabnet_model.TabNetModel,TabNetModel,model,models/neural/tabnet_model.py,ACTIVE_WITH_TEST_REFERENCE,ACTIVE_VALUE_UNKNOWN,,,0,2,True,,,,,"Engaged, but runtime lineage/ablation not yet available."
src.models.neural.transformer_model.TransformerModel,TransformerModel,model,models/neural/transformer_model.py,ACTIVE_RISKY,NEEDS_FIX_BEFORE_VALUE_TEST,SILENT_EMPTY_RETURN,,0,6,True,,,,,Risk findings exist; fix correctness/leakage before judging value.
src.models.neural.transformer_model.train_transformer_model,train_transformer_model,model,models/neural/transformer_model.py,ACTIVE_RISKY,NEEDS_FIX_BEFORE_VALUE_TEST,SILENT_EMPTY_RETURN,,0,1,True,,,,,Risk findings exist; fix correctness/leakage before judging value.
src.models.prototypes.prototype.ModelPrototype,ModelPrototype,model,models/prototypes/prototype.py,ACTIVE_RISKY,NEEDS_FIX_BEFORE_VALUE_TEST,SILENT_EMPTY_RETURN,,0,6,True,,,,,Risk findings exist; fix correctness/leakage before judging value.
src.models.prototypes.registry.PrototypeRegistry,PrototypeRegistry,model,models/prototypes/registry.py,ACTIVE_RISKY,NEEDS_FIX_BEFORE_VALUE_TEST,SILENT_EMPTY_RETURN,,0,13,True,,,,,Risk findings exist; fix correctness/leakage before judging value.
src.models.prototypes.registry.get_prototype_registry,get_prototype_registry,model,models/prototypes/registry.py,ACTIVE_RISKY,NEEDS_FIX_BEFORE_VALUE_TEST,SILENT_EMPTY_RETURN,,0,12,True,,,,,Risk findings exist; fix correctness/leakage before judging value.
src.models.prototypes.__init__,__init__,model,models/prototypes/__init__.py,ACTIVE_WITH_TEST_REFERENCE,ACTIVE_VALUE_UNKNOWN,,,0,418,True,,,,,"Engaged, but runtime lineage/ablation not yet available."
src.models.quality.controller.ModelQualityController,ModelQualityController,model,models/quality/controller.py,ACTIVE_RISKY,NEEDS_FIX_BEFORE_VALUE_TEST,SILENT_EMPTY_RETURN,,0,5,True,,,,,Risk findings exist; fix correctness/leakage before judging value.
src.models.quality.controller.get_quality_controller,get_quality_controller,model,models/quality/controller.py,ACTIVE_RISKY,NEEDS_FIX_BEFORE_VALUE_TEST,SILENT_EMPTY_RETURN,,0,3,True,,,,,Risk findings exist; fix correctness/leakage before judging value.
src.models.quality.__init__,__init__,model,models/quality/__init__.py,ACTIVE_WITH_TEST_REFERENCE,ACTIVE_VALUE_UNKNOWN,,,0,418,True,,,,,"Engaged, but runtime lineage/ablation not yet available."
src.models.registry.model_registry.ModelRegistry,ModelRegistry,model,models/registry/model_registry.py,ACTIVE_RISKY,NEEDS_FIX_BEFORE_VALUE_TEST,SILENT_EMPTY_RETURN,,0,4,True,,,,,Risk findings exist; fix correctness/leakage before judging value.
src.models.statistics.model_statistics.ModelStatistics,ModelStatistics,model,models/statistics/model_statistics.py,ACTIVE_NEEDS_RUNTIME_CONFIRMATION,ACTIVE_VALUE_UNKNOWN,,,0,2,False,,,,,"Engaged, but runtime lineage/ablation not yet available."
src.models.tree.catboost_model.CatBoostModel,CatBoostModel,model,models/tree/catboost_model.py,ACTIVE_WITH_TEST_REFERENCE,ACTIVE_VALUE_UNKNOWN,,,0,3,True,,,,,"Engaged, but runtime lineage/ablation not yet available."
src.models.tree.lightgbm_model.LightGBMModel,LightGBMModel,model,models/tree/lightgbm_model.py,ACTIVE_NEEDS_RUNTIME_CONFIRMATION,ACTIVE_VALUE_UNKNOWN,,,0,2,False,,,,,"Engaged, but runtime lineage/ablation not yet available."
src.models.tree.random_forest_model.RandomForestModel,RandomForestModel,model,models/tree/random_forest_model.py,ACTIVE_NEEDS_RUNTIME_CONFIRMATION,ACTIVE_VALUE_UNKNOWN,,,0,2,False,,,,,"Engaged, but runtime lineage/ablation not yet available."
src.models.tree.xgboost_model.XGBoostModel,XGBoostModel,model,models/tree/xgboost_model.py,ACTIVE_WITH_TEST_REFERENCE,ACTIVE_VALUE_UNKNOWN,,,0,2,True,,,,,"Engaged, but runtime lineage/ablation not yet available."
src.models.analysis.baseline.comparison.BaselineComparisonEngine,BaselineComparisonEngine,analyzer,models/analysis/baseline/comparison.py,ACTIVE_WITH_TEST_REFERENCE,ACTIVE_VALUE_UNKNOWN,,,0,18,True,,,,,"Engaged, but runtime lineage/ablation not yet available."
src.models.analysis.baseline.recommendations.BaselineRecommendationEngine,BaselineRecommendationEngine,analyzer,models/analysis/baseline/recommendations.py,ACTIVE_WITH_TEST_REFERENCE,ACTIVE_VALUE_UNKNOWN,,,0,40,True,,,,,"Engaged, but runtime lineage/ablation not yet available."
src.models.analysis.baselines.base.BaseBaseline,BaseBaseline,analyzer,models/analysis/baselines/base.py,ACTIVE_RISKY,NEEDS_FIX_BEFORE_VALUE_TEST,TARGET_COLUMN_IN_NON_TARGET_COMPONENT,,0,72,True,,,,,Risk findings exist; fix correctness/leakage before judging value.
src.models.analysis.baselines.models.LinearRegressionBaseline,LinearRegressionBaseline,analyzer,models/analysis/baselines/models.py,ACTIVE_RISKY,NEEDS_FIX_BEFORE_VALUE_TEST,TARGET_COLUMN_IN_NON_TARGET_COMPONENT,,0,161,True,,,,,Risk findings exist; fix correctness/leakage before judging value.
src.models.analysis.baselines.models.SimpleRandomForestBaseline,SimpleRandomForestBaseline,analyzer,models/analysis/baselines/models.py,ACTIVE_RISKY,NEEDS_FIX_BEFORE_VALUE_TEST,TARGET_COLUMN_IN_NON_TARGET_COMPONENT,,0,161,True,,,,,Risk findings exist; fix correctness/leakage before judging value.
src.models.analysis.baselines.strategies.BuyAndHoldBaseline,BuyAndHoldBaseline,analyzer,models/analysis/baselines/strategies.py,ACTIVE_RISKY,NEEDS_FIX_BEFORE_VALUE_TEST,TARGET_COLUMN_IN_NON_TARGET_COMPONENT,,0,19,False,,,,,Risk findings exist; fix correctness/leakage before judging value.
src.models.analysis.baselines.strategies.MovingAverageBaseline,MovingAverageBaseline,analyzer,models/analysis/baselines/strategies.py,ACTIVE_RISKY,NEEDS_FIX_BEFORE_VALUE_TEST,TARGET_COLUMN_IN_NON_TARGET_COMPONENT,,0,19,False,,,,,Risk findings exist; fix correctness/leakage before judging value.
src.models.analysis.baselines.strategies.MeanReversionBaseline,MeanReversionBaseline,analyzer,models/analysis/baselines/strategies.py,ACTIVE_RISKY,NEEDS_FIX_BEFORE_VALUE_TEST,TARGET_COLUMN_IN_NON_TARGET_COMPONENT,,0,19,False,,,,,Risk findings exist; fix correctness/leakage before judging value.
src.models.analysis.baselines.__init__,__init__,analyzer,models/analysis/baselines/__init__.py,ACTIVE_WITH_TEST_REFERENCE,ACTIVE_VALUE_UNKNOWN,,,0,418,True,,,,,"Engaged, but runtime lineage/ablation not yet available."
src.models.analysis.overfitting_detection.analyzer.OverfittingAnalyzer,OverfittingAnalyzer,analyzer,models/analysis/overfitting_detection/analyzer.py,ACTIVE_WITH_TEST_REFERENCE,ACTIVE_VALUE_UNKNOWN,,,0,38,True,,,,,"Engaged, but runtime lineage/ablation not yet available."
src.models.analysis.overfitting_detection.config.OverfittingConfig,OverfittingConfig,analyzer,models/analysis/overfitting_detection/config.py,ACTIVE_WITH_TEST_REFERENCE,ACTIVE_VALUE_UNKNOWN,,,0,222,True,,,,,"Engaged, but runtime lineage/ablation not yet available."
src.models.analysis.overfitting_detection.manager.OverfittingDetector,OverfittingDetector,analyzer,models/analysis/overfitting_detection/manager.py,ACTIVE_WITH_TEST_REFERENCE,ACTIVE_VALUE_UNKNOWN,,,0,46,True,,,,,"Engaged, but runtime lineage/ablation not yet available."
src.models.analysis.overfitting_detection.metrics.OverfittingMetrics,OverfittingMetrics,calculator,models/analysis/overfitting_detection/metrics.py,ACTIVE_WITH_TEST_REFERENCE,ACTIVE_VALUE_UNKNOWN,,,0,138,True,,,,,"Engaged, but runtime lineage/ablation not yet available."
src.models.analysis.overfitting_detection.visualizer.OverfittingVisualizer,OverfittingVisualizer,analyzer,models/analysis/overfitting_detection/visualizer.py,ACTIVE_WITH_TEST_REFERENCE,ACTIVE_VALUE_UNKNOWN,,,0,8,True,,,,,"Engaged, but runtime lineage/ablation not yet available."
src.models.analysis.overfitting_detection.__init__,__init__,analyzer,models/analysis/overfitting_detection/__init__.py,ACTIVE_WITH_TEST_REFERENCE,ACTIVE_VALUE_UNKNOWN,,,0,418,True,,,,,"Engaged, but runtime lineage/ablation not yet available."
src.models.analysis.regime.detector.RegimeDetector,RegimeDetector,analyzer,models/analysis/regime/detector.py,ACTIVE_WITH_TEST_REFERENCE,ACTIVE_VALUE_UNKNOWN,,,0,13,True,,,,,"Engaged, but runtime lineage/ablation not yet available."
src.models.analysis.regime.metrics.RegimeMetrics,RegimeMetrics,calculator,models/analysis/regime/metrics.py,ACTIVE_WITH_TEST_REFERENCE,ACTIVE_VALUE_UNKNOWN,,,0,139,True,,,,,"Engaged, but runtime lineage/ablation not yet available."
src.models.analysis.regime.patterns.RegimePatternAnalyzer,RegimePatternAnalyzer,analyzer,models/analysis/regime/patterns.py,ACTIVE_WITH_TEST_REFERENCE,ACTIVE_VALUE_UNKNOWN,,,0,35,True,,,,,"Engaged, but runtime lineage/ablation not yet available."
src.models.analysis.regime.recommendations.RegimeRecommendationEngine,RegimeRecommendationEngine,analyzer,models/analysis/regime/recommendations.py,ACTIVE_RISKY,NEEDS_FIX_BEFORE_VALUE_TEST,SILENT_EMPTY_RETURN,,0,41,True,,,,,Risk findings exist; fix correctness/leakage before judging value.
src.models.analysis.regime.stability.RegimeStabilityAnalyzer,RegimeStabilityAnalyzer,analyzer,models/analysis/regime/stability.py,ACTIVE_RISKY,NEEDS_FIX_BEFORE_VALUE_TEST,SILENT_EMPTY_RETURN,,0,24,True,,,,,Risk findings exist; fix correctness/leakage before judging value.
src.models.analysis.regime.__init__,__init__,analyzer,models/analysis/regime/__init__.py,ACTIVE_WITH_TEST_REFERENCE,ACTIVE_VALUE_UNKNOWN,,,0,418,True,,,,,"Engaged, but runtime lineage/ablation not yet available."
src.models.ensemble.calibration.base.CalibrationStrategy,CalibrationStrategy,model,models/ensemble/calibration/base.py,ACTIVE_WITH_TEST_REFERENCE,ACTIVE_VALUE_UNKNOWN,,,0,70,True,,,,,"Engaged, but runtime lineage/ablation not yet available."
src.models.ensemble.calibration.strategies.PlattScalingStrategy,PlattScalingStrategy,model,models/ensemble/calibration/strategies.py,ACTIVE_NEEDS_RUNTIME_CONFIRMATION,ACTIVE_VALUE_UNKNOWN,,,0,18,False,,,,,"Engaged, but runtime lineage/ablation not yet available."
src.models.ensemble.calibration.strategies.IsotonicRegressionStrategy,IsotonicRegressionStrategy,model,models/ensemble/calibration/strategies.py,ACTIVE_NEEDS_RUNTIME_CONFIRMATION,ACTIVE_VALUE_UNKNOWN,,,0,18,False,,,,,"Engaged, but runtime lineage/ablation not yet available."
src.models.ensemble.correlation.correlation_engine.CorrelationEngine,CorrelationEngine,model,models/ensemble/correlation/correlation_engine.py,ACTIVE_NEEDS_RUNTIME_CONFIRMATION,ACTIVE_VALUE_UNKNOWN,,,0,3,False,,,,,"Engaged, but runtime lineage/ablation not yet available."
src.models.ensemble.correlation.correlation_engine.get_correlation_engine,get_correlation_engine,model,models/ensemble/correlation/correlation_engine.py,ACTIVE_NEEDS_RUNTIME_CONFIRMATION,ACTIVE_VALUE_UNKNOWN,,,0,4,False,,,,,"Engaged, but runtime lineage/ablation not yet available."
src.models.ensemble.correlation.correlation_visualizer.CorrelationVisualizer,CorrelationVisualizer,model,models/ensemble/correlation/correlation_visualizer.py,ACTIVE_NEEDS_RUNTIME_CONFIRMATION,ACTIVE_VALUE_UNKNOWN,,,0,3,False,,,,,"Engaged, but runtime lineage/ablation not yet available."
src.models.ensemble.correlation.correlation_visualizer.get_correlation_visualizer,get_correlation_visualizer,model,models/ensemble/correlation/correlation_visualizer.py,ACTIVE_NEEDS_RUNTIME_CONFIRMATION,ACTIVE_VALUE_UNKNOWN,,,0,4,False,,,,,"Engaged, but runtime lineage/ablation not yet available."
src.models.ensemble.correlation.__init__,__init__,model,models/ensemble/correlation/__init__.py,ACTIVE_WITH_TEST_REFERENCE,ACTIVE_VALUE_UNKNOWN,,,0,418,True,,,,,"Engaged, but runtime lineage/ablation not yet available."
src.models.ensemble.weight_stability.analyzer.WeightStabilityAnalyzer,WeightStabilityAnalyzer,model,models/ensemble/weight_stability/analyzer.py,ACTIVE_RISKY,NEEDS_FIX_BEFORE_VALUE_TEST,SILENT_EMPTY_RETURN,,0,38,True,,,,,Risk findings exist; fix correctness/leakage before judging value.
src.models.ensemble.weight_stability.calculator.WeightStabilityCalculator,WeightStabilityCalculator,model,models/ensemble/weight_stability/calculator.py,ACTIVE_WITH_TEST_REFERENCE,ACTIVE_VALUE_UNKNOWN,,,0,22,True,,,,,"Engaged, but runtime lineage/ablation not yet available."
src.models.ensemble.weight_stability.config.WeightStabilityConfig,WeightStabilityConfig,model,models/ensemble/weight_stability/config.py,ACTIVE_WITH_TEST_REFERENCE,ACTIVE_VALUE_UNKNOWN,,,0,223,True,,,,,"Engaged, but runtime lineage/ablation not yet available."
src.models.ensemble.weight_stability.manager.WeightStabilityMonitor,WeightStabilityMonitor,model,models/ensemble/weight_stability/manager.py,ACTIVE_RISKY,NEEDS_FIX_BEFORE_VALUE_TEST,SILENT_EMPTY_RETURN,,0,44,True,,,,,Risk findings exist; fix correctness/leakage before judging value.
src.models.ensemble.weight_stability.stabilizer.WeightStabilizer,WeightStabilizer,model,models/ensemble/weight_stability/stabilizer.py,ACTIVE_NEEDS_RUNTIME_CONFIRMATION,ACTIVE_VALUE_UNKNOWN,,,0,4,False,,,,,"Engaged, but runtime lineage/ablation not yet available."
src.models.ensemble.weight_stability.visualizer.WeightStabilityVisualizer,WeightStabilityVisualizer,model,models/ensemble/weight_stability/visualizer.py,ACTIVE_WITH_TEST_REFERENCE,ACTIVE_VALUE_UNKNOWN,,,0,8,True,,,,,"Engaged, but runtime lineage/ablation not yet available."
src.models.ensemble.weight_stability.__init__,__init__,model,models/ensemble/weight_stability/__init__.py,ACTIVE_WITH_TEST_REFERENCE,ACTIVE_VALUE_UNKNOWN,,,0,418,True,,,,,"Engaged, but runtime lineage/ablation not yet available."
src.models.monitoring.drift.alert_system.AlertSystem,AlertSystem,model,models/monitoring/drift/alert_system.py,ACTIVE_NEEDS_RUNTIME_CONFIRMATION,ACTIVE_VALUE_UNKNOWN,,,0,4,False,,,,,"Engaged, but runtime lineage/ablation not yet available."
src.models.monitoring.drift.alert_system.get_alert_system,get_alert_system,model,models/monitoring/drift/alert_system.py,ACTIVE_NEEDS_RUNTIME_CONFIRMATION,ACTIVE_VALUE_UNKNOWN,,,0,4,False,,,,,"Engaged, but runtime lineage/ablation not yet available."
src.models.monitoring.drift.analyzer.DriftAnalyzer,DriftAnalyzer,model,models/monitoring/drift/analyzer.py,ACTIVE_WITH_TEST_REFERENCE,ACTIVE_VALUE_UNKNOWN,,,0,39,True,,,,,"Engaged, but runtime lineage/ablation not yet available."
src.models.monitoring.drift.drift_calculator.DriftCalculator,DriftCalculator,model,models/monitoring/drift/drift_calculator.py,ACTIVE_NEEDS_RUNTIME_CONFIRMATION,ACTIVE_VALUE_UNKNOWN,,,0,5,False,,,,,"Engaged, but runtime lineage/ablation not yet available."
src.models.monitoring.drift.drift_calculator.get_drift_calculator,get_drift_calculator,model,models/monitoring/drift/drift_calculator.py,ACTIVE_NEEDS_RUNTIME_CONFIRMATION,ACTIVE_VALUE_UNKNOWN,,,0,5,False,,,,,"Engaged, but runtime lineage/ablation not yet available."
src.models.monitoring.drift.drift_visualizer.DriftVisualizer,DriftVisualizer,model,models/monitoring/drift/drift_visualizer.py,ACTIVE_NEEDS_RUNTIME_CONFIRMATION,ACTIVE_VALUE_UNKNOWN,,,0,3,False,,,,,"Engaged, but runtime lineage/ablation not yet available."
src.models.monitoring.drift.drift_visualizer.get_drift_visualizer,get_drift_visualizer,model,models/monitoring/drift/drift_visualizer.py,ACTIVE_NEEDS_RUNTIME_CONFIRMATION,ACTIVE_VALUE_UNKNOWN,,,0,4,False,,,,,"Engaged, but runtime lineage/ablation not yet available."
src.models.monitoring.drift.history.HistoryManager,HistoryManager,model,models/monitoring/drift/history.py,ACTIVE_WITH_TEST_REFERENCE,ACTIVE_VALUE_UNKNOWN,,,0,40,True,,,,,"Engaged, but runtime lineage/ablation not yet available."
src.models.monitoring.drift.__init__,__init__,model,models/monitoring/drift/__init__.py,ACTIVE_WITH_TEST_REFERENCE,ACTIVE_VALUE_UNKNOWN,,,0,418,True,,,,,"Engaged, but runtime lineage/ablation not yet available."
src.monitoring.infrastructure.resource_monitor.ResourceMonitor,ResourceMonitor,utility_or_unknown,monitoring/infrastructure/resource_monitor.py,ACTIVE_NEEDS_RUNTIME_CONFIRMATION,ACTIVE_VALUE_UNKNOWN,,,0,10,False,,,,,"Engaged, but runtime lineage/ablation not yet available."
src.monitoring.infrastructure.resource_monitor.get_resource_monitor,get_resource_monitor,utility_or_unknown,monitoring/infrastructure/resource_monitor.py,ACTIVE_NEEDS_RUNTIME_CONFIRMATION,ACTIVE_VALUE_UNKNOWN,,,0,9,False,,,,,"Engaged, but runtime lineage/ablation not yet available."
src.monitoring.infrastructure.resource_monitor.track_resource_usage,track_resource_usage,utility_or_unknown,monitoring/infrastructure/resource_monitor.py,ACTIVE_NEEDS_RUNTIME_CONFIRMATION,ACTIVE_VALUE_UNKNOWN,,,0,6,False,,,,,"Engaged, but runtime lineage/ablation not yet available."
src.monitoring.reporting.performance_reports.ComprehensiveReporter,ComprehensiveReporter,utility_or_unknown,monitoring/reporting/performance_reports.py,ORPHAN_LOW_SIGNAL,LOW_PRIORITY_ORPHAN,,model,0,0,False,,,,,No evidence of engagement/value yet.
src.optimization.hyperparameters.bayesian.BayesianOptimizer,BayesianOptimizer,algorithm,optimization/hyperparameters/bayesian.py,ACTIVE_RISKY,NEEDS_FIX_BEFORE_VALUE_TEST,SILENT_EMPTY_RETURN,,0,4,False,,,,,Risk findings exist; fix correctness/leakage before judging value.
src.optimization.portfolio.optimizer.BlackLittermanParams,BlackLittermanParams,algorithm,optimization/portfolio/optimizer.py,ACTIVE_RISKY,NEEDS_FIX_BEFORE_VALUE_TEST,TARGET_COLUMN_IN_NON_TARGET_COMPONENT,,0,13,True,,,,,Risk findings exist; fix correctness/leakage before judging value.
src.optimization.portfolio.optimizer.PortfolioOptimizer,PortfolioOptimizer,algorithm,optimization/portfolio/optimizer.py,ACTIVE_RISKY,NEEDS_FIX_BEFORE_VALUE_TEST,TARGET_COLUMN_IN_NON_TARGET_COMPONENT,,0,16,True,,,,,Risk findings exist; fix correctness/leakage before judging value.
src.pipeline.cache.results_cache_manager,results_cache_manager,utility_or_unknown,pipeline/cache/results_cache_manager.py,ACTIVE_NEEDS_RUNTIME_CONFIRMATION,ACTIVE_VALUE_UNKNOWN,,,0,0,False,,,,,"Engaged, but runtime lineage/ablation not yet available."
src.pipeline.guards.macro_release_timing_guard.MacroReleaseTimingGuard,MacroReleaseTimingGuard,validator,pipeline/guards/macro_release_timing_guard.py,ACTIVE_RISKY,NEEDS_FIX_BEFORE_VALUE_TEST,SILENT_EMPTY_RETURN,datetime_et,0,3,False,,,,,Risk findings exist; fix correctness/leakage before judging value.
src.pipeline.guards.macro_release_timing_guard.get_macro_release_timing_guard,get_macro_release_timing_guard,validator,pipeline/guards/macro_release_timing_guard.py,ACTIVE_RISKY,NEEDS_FIX_BEFORE_VALUE_TEST,SILENT_EMPTY_RETURN,datetime_et,0,4,False,,,,,Risk findings exist; fix correctness/leakage before judging value.
src.pipeline.guards.macro_release_timing_guard.validate_macro_timing_quick,validate_macro_timing_quick,validator,pipeline/guards/macro_release_timing_guard.py,ACTIVE_RISKY,NEEDS_FIX_BEFORE_VALUE_TEST,SILENT_EMPTY_RETURN,datetime_et,0,3,False,,,,,Risk findings exist; fix correctness/leakage before judging value.
src.pipeline.guards.safe_feature_combiner.SafeFeatureCombiner,SafeFeatureCombiner,validator,pipeline/guards/safe_feature_combiner.py,ACTIVE_RISKY,NEEDS_FIX_BEFORE_VALUE_TEST,TARGET_COLUMN_IN_NON_TARGET_COMPONENT,,0,3,False,,,,,Risk findings exist; fix correctness/leakage before judging value.
src.pipeline.guards.safe_feature_combiner.get_safe_feature_combiner,get_safe_feature_combiner,validator,pipeline/guards/safe_feature_combiner.py,ACTIVE_RISKY,NEEDS_FIX_BEFORE_VALUE_TEST,TARGET_COLUMN_IN_NON_TARGET_COMPONENT,,0,4,False,,,,,Risk findings exist; fix correctness/leakage before judging value.
src.pipeline.guards.safe_feature_combiner.combine_timeframes_quick,combine_timeframes_quick,validator,pipeline/guards/safe_feature_combiner.py,ACTIVE_RISKY,NEEDS_FIX_BEFORE_VALUE_TEST,TARGET_COLUMN_IN_NON_TARGET_COMPONENT,,0,3,False,,,,,Risk findings exist; fix correctness/leakage before judging value.
src.pipeline.guards.temporal_leakage_guard.TemporalLeakageGuard,TemporalLeakageGuard,validator,pipeline/guards/temporal_leakage_guard.py,ACTIVE_RISKY,NEEDS_FIX_BEFORE_VALUE_TEST,SILENT_EMPTY_RETURN;TARGET_COLUMN_IN_NON_TARGET_COMPONENT,,0,3,False,,,,,Risk findings exist; fix correctness/leakage before judging value.
src.pipeline.guards.temporal_leakage_guard.get_temporal_leakage_guard,get_temporal_leakage_guard,validator,pipeline/guards/temporal_leakage_guard.py,ACTIVE_RISKY,NEEDS_FIX_BEFORE_VALUE_TEST,SILENT_EMPTY_RETURN;TARGET_COLUMN_IN_NON_TARGET_COMPONENT,,0,4,False,,,,,Risk findings exist; fix correctness/leakage before judging value.
src.pipeline.guards.temporal_leakage_guard.validate_temporal_leakage_quick,validate_temporal_leakage_quick,validator,pipeline/guards/temporal_leakage_guard.py,ACTIVE_RISKY,NEEDS_FIX_BEFORE_VALUE_TEST,SILENT_EMPTY_RETURN;TARGET_COLUMN_IN_NON_TARGET_COMPONENT,,0,3,False,,,,,Risk findings exist; fix correctness/leakage before judging value.
src.pipeline.guards.temporal_target_guard.TemporalTargetGuard,TemporalTargetGuard,validator,pipeline/guards/temporal_target_guard.py,ACTIVE_RISKY,NEEDS_FIX_BEFORE_VALUE_TEST,FUTURE_SHIFT;TARGET_COLUMN_IN_NON_TARGET_COMPONENT,,0,3,True,,,,,Risk findings exist; fix correctness/leakage before judging value.
src.pipeline.guards.temporal_target_guard.get_temporal_target_guard,get_temporal_target_guard,validator,pipeline/guards/temporal_target_guard.py,ACTIVE_RISKY,NEEDS_FIX_BEFORE_VALUE_TEST,FUTURE_SHIFT;TARGET_COLUMN_IN_NON_TARGET_COMPONENT,,0,4,True,,,,,Risk findings exist; fix correctness/leakage before judging value.
src.pipeline.guards.temporal_target_guard.generate_targets_quick,generate_targets_quick,validator,pipeline/guards/temporal_target_guard.py,ACTIVE_RISKY,NEEDS_FIX_BEFORE_VALUE_TEST,FUTURE_SHIFT;TARGET_COLUMN_IN_NON_TARGET_COMPONENT,,0,3,True,,,,,Risk findings exist; fix correctness/leakage before judging value.
src.pipeline.guards.timeframe_alignment_guard.TimeframeAlignmentGuard,TimeframeAlignmentGuard,validator,pipeline/guards/timeframe_alignment_guard.py,ACTIVE_RISKY,NEEDS_FIX_BEFORE_VALUE_TEST,SILENT_EMPTY_RETURN,,0,5,False,,,,,Risk findings exist; fix correctness/leakage before judging value.
src.pipeline.guards.timeframe_alignment_guard.get_timeframe_alignment_guard,get_timeframe_alignment_guard,validator,pipeline/guards/timeframe_alignment_guard.py,ACTIVE_RISKY,NEEDS_FIX_BEFORE_VALUE_TEST,SILENT_EMPTY_RETURN,,0,5,False,,,,,Risk findings exist; fix correctness/leakage before judging value.
src.pipeline.guards.timeframe_alignment_guard.validate_timeframes_quick,validate_timeframes_quick,validator,pipeline/guards/timeframe_alignment_guard.py,ACTIVE_RISKY,NEEDS_FIX_BEFORE_VALUE_TEST,SILENT_EMPTY_RETURN,,0,4,False,,,,,Risk findings exist; fix correctness/leakage before judging value.
src.pipeline.guards.__init__,__init__,validator,pipeline/guards/__init__.py,ACTIVE_RISKY,NEEDS_FIX_BEFORE_VALUE_TEST,TARGET_COLUMN_IN_NON_TARGET_COMPONENT,,0,418,True,,,,,Risk findings exist; fix correctness/leakage before judging value.
src.pipeline.hybrid.cache_manager.CacheManager,CacheManager,utility_or_unknown,pipeline/hybrid/cache_manager.py,ACTIVE_RISKY,NEEDS_FIX_BEFORE_VALUE_TEST,SILENT_EMPTY_RETURN,,0,51,False,,,,,Risk findings exist; fix correctness/leakage before judging value.
src.pipeline.hybrid.colab_manager.BatchPreparationConfig,BatchPreparationConfig,utility_or_unknown,pipeline/hybrid/colab_manager.py,ACTIVE_RISKY,NEEDS_FIX_BEFORE_VALUE_TEST,SILENT_EMPTY_RETURN;TARGET_COLUMN_IN_NON_TARGET_COMPONENT,,0,9,True,,,,,Risk findings exist; fix correctness/leakage before judging value.
src.pipeline.hybrid.colab_manager.ColabManager,ColabManager,utility_or_unknown,pipeline/hybrid/colab_manager.py,ACTIVE_RISKY,NEEDS_FIX_BEFORE_VALUE_TEST,SILENT_EMPTY_RETURN;TARGET_COLUMN_IN_NON_TARGET_COMPONENT,,0,10,True,,,,,Risk findings exist; fix correctness/leakage before judging value.
src.pipeline.hybrid.colab_workflow_manager.ColabWorkflowManager,ColabWorkflowManager,utility_or_unknown,pipeline/hybrid/colab_workflow_manager.py,ACTIVE_RISKY,NEEDS_FIX_BEFORE_VALUE_TEST,TARGET_COLUMN_IN_NON_TARGET_COMPONENT,,0,4,False,,,,,Risk findings exist; fix correctness/leakage before judging value.
src.pipeline.hybrid.component_factory.OrchestratorComponentFactory,OrchestratorComponentFactory,factory_registry,pipeline/hybrid/component_factory.py,ACTIVE_NEEDS_RUNTIME_CONFIRMATION,ACTIVE_VALUE_UNKNOWN,,,0,2,False,,,,,"Engaged, but runtime lineage/ablation not yet available."
src.pipeline.hybrid.context_builder.ContextBuilder,ContextBuilder,context_map,pipeline/hybrid/context_builder.py,ACTIVE_RISKY,NEEDS_FIX_BEFORE_VALUE_TEST,SILENT_EMPTY_RETURN;TARGET_COLUMN_IN_NON_TARGET_COMPONENT,,0,6,False,,,,,Risk findings exist; fix correctness/leakage before judging value.
src.pipeline.hybrid.contracts.ModelTrainingContext,ModelTrainingContext,context_map,pipeline/hybrid/contracts.py,ACTIVE_WITH_TEST_REFERENCE,ACTIVE_VALUE_UNKNOWN,,,0,6,True,,,,,"Engaged, but runtime lineage/ablation not yet available."
src.pipeline.hybrid.contracts.ColabBatchRequest,ColabBatchRequest,utility_or_unknown,pipeline/hybrid/contracts.py,ACTIVE_WITH_TEST_REFERENCE,ACTIVE_VALUE_UNKNOWN,,,0,6,True,,,,,"Engaged, but runtime lineage/ablation not yet available."
src.pipeline.hybrid.contracts.HybridPipelineRequest,HybridPipelineRequest,pipeline_stage,pipeline/hybrid/contracts.py,ACTIVE_WITH_TEST_REFERENCE,ACTIVE_VALUE_UNKNOWN,,,0,9,True,,,,,"Engaged, but runtime lineage/ablation not yet available."
src.pipeline.hybrid.contracts.HybridPipelineConfig,HybridPipelineConfig,pipeline_stage,pipeline/hybrid/contracts.py,ACTIVE_WITH_TEST_REFERENCE,ACTIVE_VALUE_UNKNOWN,,,0,6,True,,,,,"Engaged, but runtime lineage/ablation not yet available."
src.pipeline.hybrid.contracts.HybridFinalStagesRequest,HybridFinalStagesRequest,pipeline_stage,pipeline/hybrid/contracts.py,ACTIVE_WITH_TEST_REFERENCE,ACTIVE_VALUE_UNKNOWN,,,0,10,True,,,,,"Engaged, but runtime lineage/ablation not yet available."
src.pipeline.hybrid.contracts.HybridMockFeaturesRequest,HybridMockFeaturesRequest,utility_or_unknown,pipeline/hybrid/contracts.py,ACTIVE_WITH_TEST_REFERENCE,ACTIVE_VALUE_UNKNOWN,,,0,6,True,,,,,"Engaged, but runtime lineage/ablation not yet available."
src.pipeline.hybrid.data_batch_manager.DataBatchManager,DataBatchManager,utility_or_unknown,pipeline/hybrid/data_batch_manager.py,ACTIVE_RISKY,NEEDS_FIX_BEFORE_VALUE_TEST,TARGET_COLUMN_IN_NON_TARGET_COMPONENT,,0,4,False,,,,,Risk findings exist; fix correctness/leakage before judging value.
src.pipeline.hybrid.data_cache_manager.DataCacheManager,DataCacheManager,utility_or_unknown,pipeline/hybrid/data_cache_manager.py,ACTIVE_RISKY,NEEDS_FIX_BEFORE_VALUE_TEST,SILENT_EMPTY_RETURN,,0,5,True,,,,,Risk findings exist; fix correctness/leakage before judging value.
src.pipeline.hybrid.data_components_context.DataComponentsContext,DataComponentsContext,context_map,pipeline/hybrid/data_components_context.py,ACTIVE_NEEDS_RUNTIME_CONFIRMATION,ACTIVE_VALUE_UNKNOWN,,,0,2,False,,,,,"Engaged, but runtime lineage/ablation not yet available."
src.pipeline.hybrid.data_manager.HybridDataManager,HybridDataManager,utility_or_unknown,pipeline/hybrid/data_manager.py,ACTIVE_WITH_TEST_REFERENCE,ACTIVE_VALUE_UNKNOWN,,,0,44,True,,,,,"Engaged, but runtime lineage/ablation not yet available."
src.pipeline.hybrid.data_processor.DataProcessor,DataProcessor,utility_or_unknown,pipeline/hybrid/data_processor.py,ACTIVE_RISKY,NEEDS_FIX_BEFORE_VALUE_TEST,SILENT_EMPTY_RETURN;TARGET_COLUMN_IN_NON_TARGET_COMPONENT,datetime,0,4,False,,,,,Risk findings exist; fix correctness/leakage before judging value.
src.pipeline.hybrid.data_utils.DataUtils,DataUtils,utility_or_unknown,pipeline/hybrid/data_utils.py,ACTIVE_RISKY,NEEDS_FIX_BEFORE_VALUE_TEST,SILENT_EMPTY_RETURN;TARGET_COLUMN_IN_NON_TARGET_COMPONENT,datetime,0,7,True,,,,,Risk findings exist; fix correctness/leakage before judging value.
src.pipeline.hybrid.feature_loader.FeatureLoader,FeatureLoader,utility_or_unknown,pipeline/hybrid/feature_loader.py,ACTIVE_RISKY,NEEDS_FIX_BEFORE_VALUE_TEST,SILENT_EMPTY_RETURN;TARGET_COLUMN_IN_NON_TARGET_COMPONENT,,0,0,False,,,,,Risk findings exist; fix correctness/leakage before judging value.
src.pipeline.hybrid.feature_processor.FeatureProcessor,FeatureProcessor,utility_or_unknown,pipeline/hybrid/feature_processor.py,ACTIVE_RISKY,NEEDS_FIX_BEFORE_VALUE_TEST,SILENT_EMPTY_RETURN;TARGET_COLUMN_IN_NON_TARGET_COMPONENT,datetime,0,8,False,,,,,Risk findings exist; fix correctness/leakage before judging value.
src.pipeline.hybrid.feature_selection_manager.MockSelectionParams,MockSelectionParams,selector,pipeline/hybrid/feature_selection_manager.py,ACTIVE_RISKY,NEEDS_FIX_BEFORE_VALUE_TEST,TARGET_COLUMN_IN_NON_TARGET_COMPONENT,,0,3,False,,,,,Risk findings exist; fix correctness/leakage before judging value.
src.pipeline.hybrid.feature_selection_manager.FeatureSelectionManager,FeatureSelectionManager,selector,pipeline/hybrid/feature_selection_manager.py,ACTIVE_RISKY,NEEDS_FIX_BEFORE_VALUE_TEST,TARGET_COLUMN_IN_NON_TARGET_COMPONENT,,0,6,False,,,,,Risk findings exist; fix correctness/leakage before judging value.
src.pipeline.hybrid.feature_selection_validator.MockFeatureFilesRequest,MockFeatureFilesRequest,selector,pipeline/hybrid/feature_selection_validator.py,ACTIVE_RISKY,NEEDS_FIX_BEFORE_VALUE_TEST,SILENT_EMPTY_RETURN;TARGET_COLUMN_IN_NON_TARGET_COMPONENT,,0,5,False,,,,,Risk findings exist; fix correctness/leakage before judging value.
src.pipeline.hybrid.feature_selection_validator.MockFeaturesRequest,MockFeaturesRequest,selector,pipeline/hybrid/feature_selection_validator.py,ACTIVE_RISKY,NEEDS_FIX_BEFORE_VALUE_TEST,SILENT_EMPTY_RETURN;TARGET_COLUMN_IN_NON_TARGET_COMPONENT,,0,5,False,,,,,Risk findings exist; fix correctness/leakage before judging value.
src.pipeline.hybrid.feature_selection_validator.FeatureSelectionValidator,FeatureSelectionValidator,selector,pipeline/hybrid/feature_selection_validator.py,ACTIVE_RISKY,NEEDS_FIX_BEFORE_VALUE_TEST,SILENT_EMPTY_RETURN;TARGET_COLUMN_IN_NON_TARGET_COMPONENT,,0,7,False,,,,,Risk findings exist; fix correctness/leakage before judging value.
src.pipeline.hybrid.final_stages_executor.FinalStagesExecutor,FinalStagesExecutor,pipeline_stage,pipeline/hybrid/final_stages_executor.py,ACTIVE_RISKY,NEEDS_FIX_BEFORE_VALUE_TEST,TARGET_COLUMN_IN_NON_TARGET_COMPONENT,,0,4,True,,,,,Risk findings exist; fix correctness/leakage before judging value.
src.pipeline.hybrid.final_stages_orchestrator.FinalStagesOrchestrator,FinalStagesOrchestrator,pipeline_stage,pipeline/hybrid/final_stages_orchestrator.py,ACTIVE_WITH_TEST_REFERENCE,ACTIVE_VALUE_UNKNOWN,,,0,5,True,,,,,"Engaged, but runtime lineage/ablation not yet available."
src.pipeline.hybrid.hybrid_dataclasses,hybrid_dataclasses,utility_or_unknown,pipeline/hybrid/hybrid_dataclasses.py,ACTIVE_NEEDS_RUNTIME_CONFIRMATION,ACTIVE_VALUE_UNKNOWN,,,0,0,False,,,,,"Engaged, but runtime lineage/ablation not yet available."
src.pipeline.hybrid.light_models_trainer.LightModelTrainingConfig,LightModelTrainingConfig,model,pipeline/hybrid/light_models_trainer.py,ACTIVE_RISKY,NEEDS_FIX_BEFORE_VALUE_TEST,SILENT_EMPTY_RETURN;TARGET_COLUMN_IN_NON_TARGET_COMPONENT,,0,3,False,,,,,Risk findings exist; fix correctness/leakage before judging value.
src.pipeline.hybrid.light_models_trainer.LightModelsTrainer,LightModelsTrainer,model,pipeline/hybrid/light_models_trainer.py,ACTIVE_RISKY,NEEDS_FIX_BEFORE_VALUE_TEST,SILENT_EMPTY_RETURN;TARGET_COLUMN_IN_NON_TARGET_COMPONENT,,0,5,False,,,,,Risk findings exist; fix correctness/leakage before judging value.
src.pipeline.hybrid.metadata_manager.MetadataParams,MetadataParams,utility_or_unknown,pipeline/hybrid/metadata_manager.py,ACTIVE_RISKY,NEEDS_FIX_BEFORE_VALUE_TEST,SILENT_EMPTY_RETURN,,0,8,False,,,,,Risk findings exist; fix correctness/leakage before judging value.
src.pipeline.hybrid.metadata_manager.SaveMetadataParams,SaveMetadataParams,utility_or_unknown,pipeline/hybrid/metadata_manager.py,ACTIVE_RISKY,NEEDS_FIX_BEFORE_VALUE_TEST,SILENT_EMPTY_RETURN,,0,7,False,,,,,Risk findings exist; fix correctness/leakage before judging value.
src.pipeline.hybrid.metadata_manager.BatchMetadataParams,BatchMetadataParams,utility_or_unknown,pipeline/hybrid/metadata_manager.py,ACTIVE_RISKY,NEEDS_FIX_BEFORE_VALUE_TEST,SILENT_EMPTY_RETURN,,0,5,False,,,,,Risk findings exist; fix correctness/leakage before judging value.
src.pipeline.hybrid.metadata_manager.MetadataManager,MetadataManager,utility_or_unknown,pipeline/hybrid/metadata_manager.py,ACTIVE_RISKY,NEEDS_FIX_BEFORE_VALUE_TEST,SILENT_EMPTY_RETURN,,0,10,False,,,,,Risk findings exist; fix correctness/leakage before judging value.
src.pipeline.hybrid.model_training_orchestrator.ModelTrainingOrchestrator,ModelTrainingOrchestrator,pipeline_stage,pipeline/hybrid/model_training_orchestrator.py,ACTIVE_RISKY,NEEDS_FIX_BEFORE_VALUE_TEST,SILENT_EMPTY_RETURN;TARGET_COLUMN_IN_NON_TARGET_COMPONENT,,0,4,False,,,,,Risk findings exist; fix correctness/leakage before judging value.
src.pipeline.hybrid.orchestrator_config.PipelineConfig,PipelineConfig,pipeline_stage,pipeline/hybrid/orchestrator_config.py,ACTIVE_RISKY,NEEDS_FIX_BEFORE_VALUE_TEST,TARGET_COLUMN_IN_NON_TARGET_COMPONENT,,0,4,False,,,,,Risk findings exist; fix correctness/leakage before judging value.
src.pipeline.hybrid.orchestrator_config.OrchestratorConfigManager,OrchestratorConfigManager,pipeline_stage,pipeline/hybrid/orchestrator_config.py,ACTIVE_RISKY,NEEDS_FIX_BEFORE_VALUE_TEST,TARGET_COLUMN_IN_NON_TARGET_COMPONENT,,0,6,False,,,,,Risk findings exist; fix correctness/leakage before judging value.
src.pipeline.hybrid.orchestrator_context.OrchestratorContext,OrchestratorContext,context_map,pipeline/hybrid/orchestrator_context.py,ACTIVE_NEEDS_RUNTIME_CONFIRMATION,ACTIVE_VALUE_UNKNOWN,,,0,0,False,,,,,"Engaged, but runtime lineage/ablation not yet available."
src.pipeline.hybrid.orchestrator_interface.OrchestratorInterface,OrchestratorInterface,pipeline_stage,pipeline/hybrid/orchestrator_interface.py,ACTIVE_RISKY,NEEDS_FIX_BEFORE_VALUE_TEST,SILENT_EMPTY_RETURN,,0,4,False,,,,,Risk findings exist; fix correctness/leakage before judging value.
src.pipeline.hybrid.pipeline_config.PipelineParams,PipelineParams,pipeline_stage,pipeline/hybrid/pipeline_config.py,ACTIVE_WITH_TEST_REFERENCE,ACTIVE_VALUE_UNKNOWN,,,0,10,True,,,,,"Engaged, but runtime lineage/ablation not yet available."
src.pipeline.hybrid.pipeline_config.FinalStagesParams,FinalStagesParams,pipeline_stage,pipeline/hybrid/pipeline_config.py,ACTIVE_WITH_TEST_REFERENCE,ACTIVE_VALUE_UNKNOWN,,,0,10,True,,,,,"Engaged, but runtime lineage/ablation not yet available."
src.pipeline.hybrid.pipeline_config.ColabBatchParams,ColabBatchParams,utility_or_unknown,pipeline/hybrid/pipeline_config.py,ACTIVE_WITH_TEST_REFERENCE,ACTIVE_VALUE_UNKNOWN,,,0,7,True,,,,,"Engaged, but runtime lineage/ablation not yet available."
src.pipeline.hybrid.pipeline_executor.PipelineExecutor,PipelineExecutor,pipeline_stage,pipeline/hybrid/pipeline_executor.py,ACTIVE_WITH_TEST_REFERENCE,ACTIVE_VALUE_UNKNOWN,,,0,7,True,,,,,"Engaged, but runtime lineage/ablation not yet available."
src.pipeline.hybrid.pipeline_manager.PipelineManager,PipelineManager,pipeline_stage,pipeline/hybrid/pipeline_manager.py,ACTIVE_RISKY,NEEDS_FIX_BEFORE_VALUE_TEST,TARGET_COLUMN_IN_NON_TARGET_COMPONENT,,0,7,True,,,,,Risk findings exist; fix correctness/leakage before judging value.
src.pipeline.hybrid.pipeline_metadata_manager.PipelineMetadataManager,PipelineMetadataManager,pipeline_stage,pipeline/hybrid/pipeline_metadata_manager.py,ACTIVE_NEEDS_RUNTIME_CONFIRMATION,ACTIVE_VALUE_UNKNOWN,,,0,4,False,,,,,"Engaged, but runtime lineage/ablation not yet available."
src.pipeline.hybrid.pipeline_runner.PipelineRunner,PipelineRunner,pipeline_stage,pipeline/hybrid/pipeline_runner.py,ACTIVE_RISKY,NEEDS_FIX_BEFORE_VALUE_TEST,SILENT_EMPTY_RETURN,,0,5,False,,,,,Risk findings exist; fix correctness/leakage before judging value.
src.pipeline.hybrid.results_processor.ResultsProcessor,ResultsProcessor,utility_or_unknown,pipeline/hybrid/results_processor.py,ACTIVE_RISKY,NEEDS_FIX_BEFORE_VALUE_TEST,SILENT_EMPTY_RETURN;TARGET_COLUMN_IN_NON_TARGET_COMPONENT,,0,6,False,,,,,Risk findings exist; fix correctness/leakage before judging value.
src.pipeline.hybrid.selected_features_processor.DiscoverSelectedFeaturesFilesConfig,DiscoverSelectedFeaturesFilesConfig,utility_or_unknown,pipeline/hybrid/selected_features_processor.py,ACTIVE_RISKY,NEEDS_FIX_BEFORE_VALUE_TEST,SILENT_EMPTY_RETURN;TARGET_COLUMN_IN_NON_TARGET_COMPONENT,,0,2,False,,,,,Risk findings exist; fix correctness/leakage before judging value.
src.pipeline.hybrid.selected_features_processor.ProcessSelectedFeaturesFileConfig,ProcessSelectedFeaturesFileConfig,utility_or_unknown,pipeline/hybrid/selected_features_processor.py,ACTIVE_RISKY,NEEDS_FIX_BEFORE_VALUE_TEST,SILENT_EMPTY_RETURN;TARGET_COLUMN_IN_NON_TARGET_COMPONENT,,0,2,False,,,,,Risk findings exist; fix correctness/leakage before judging value.
src.pipeline.hybrid.selected_features_processor.ProcessFilesToContextsConfig,ProcessFilesToContextsConfig,context_map,pipeline/hybrid/selected_features_processor.py,ACTIVE_RISKY,NEEDS_FIX_BEFORE_VALUE_TEST,SILENT_EMPTY_RETURN;TARGET_COLUMN_IN_NON_TARGET_COMPONENT,,0,2,False,,,,,Risk findings exist; fix correctness/leakage before judging value.
src.pipeline.hybrid.selected_features_processor.FeatureLoadRequest,FeatureLoadRequest,utility_or_unknown,pipeline/hybrid/selected_features_processor.py,ACTIVE_RISKY,NEEDS_FIX_BEFORE_VALUE_TEST,SILENT_EMPTY_RETURN;TARGET_COLUMN_IN_NON_TARGET_COMPONENT,,0,2,False,,,,,Risk findings exist; fix correctness/leakage before judging value.
src.pipeline.hybrid.selected_features_processor.SelectedFeaturesProcessor,SelectedFeaturesProcessor,utility_or_unknown,pipeline/hybrid/selected_features_processor.py,ACTIVE_RISKY,NEEDS_FIX_BEFORE_VALUE_TEST,SILENT_EMPTY_RETURN;TARGET_COLUMN_IN_NON_TARGET_COMPONENT,,0,4,False,,,,,Risk findings exist; fix correctness/leakage before judging value.
src.pipeline.hybrid.storage_helpers.init_gdrive,init_gdrive,utility_or_unknown,pipeline/hybrid/storage_helpers.py,ACTIVE_NEEDS_RUNTIME_CONFIRMATION,ACTIVE_VALUE_UNKNOWN,,,0,0,False,,,,,"Engaged, but runtime lineage/ablation not yet available."
src.pipeline.hybrid.storage_helpers.init_fallback_storage,init_fallback_storage,utility_or_unknown,pipeline/hybrid/storage_helpers.py,ACTIVE_NEEDS_RUNTIME_CONFIRMATION,ACTIVE_VALUE_UNKNOWN,,,0,0,False,,,,,"Engaged, but runtime lineage/ablation not yet available."
src.pipeline.hybrid.storage_helpers.init_s3_storage,init_s3_storage,utility_or_unknown,pipeline/hybrid/storage_helpers.py,ACTIVE_NEEDS_RUNTIME_CONFIRMATION,ACTIVE_VALUE_UNKNOWN,,,0,0,False,,,,,"Engaged, but runtime lineage/ablation not yet available."
src.pipeline.hybrid.storage_helpers.init_gcs_storage,init_gcs_storage,utility_or_unknown,pipeline/hybrid/storage_helpers.py,ACTIVE_NEEDS_RUNTIME_CONFIRMATION,ACTIVE_VALUE_UNKNOWN,,,0,0,False,,,,,"Engaged, but runtime lineage/ablation not yet available."
src.pipeline.hybrid.storage_manager.StorageManager,StorageManager,utility_or_unknown,pipeline/hybrid/storage_manager.py,ACTIVE_NEEDS_RUNTIME_CONFIRMATION,ACTIVE_VALUE_UNKNOWN,,,0,7,False,,,,,"Engaged, but runtime lineage/ablation not yet available."
src.pipeline.hybrid.test_mode_manager.TestModeManager,TestModeManager,utility_or_unknown,pipeline/hybrid/test_mode_manager.py,ACTIVE_RISKY,NEEDS_FIX_BEFORE_VALUE_TEST,TARGET_COLUMN_IN_NON_TARGET_COMPONENT,,0,6,False,,,,,Risk findings exist; fix correctness/leakage before judging value.
src.pipeline.hybrid.__init__,__init__,utility_or_unknown,pipeline/hybrid/__init__.py,ACTIVE_WITH_TEST_REFERENCE,ACTIVE_VALUE_UNKNOWN,,,0,417,True,,,,,"Engaged, but runtime lineage/ablation not yet available."
src.pipeline.stages.base_stage.BaseStage,BaseStage,pipeline_stage,pipeline/stages/base_stage.py,ACTIVE_NEEDS_RUNTIME_CONFIRMATION,ACTIVE_VALUE_UNKNOWN,,,0,16,False,,,,,"Engaged, but runtime lineage/ablation not yet available."
src.pipeline.stages.stage_0_data_generation.DataGenerator,DataGenerator,pipeline_stage,pipeline/stages/stage_0_data_generation.py,ACTIVE_RISKY,NEEDS_FIX_BEFORE_VALUE_TEST,FUTURE_SHIFT;TARGET_COLUMN_IN_NON_TARGET_COMPONENT,bb_lower;bb_upper;bb_width;close;day_of_week;ema_12;ema_26;high;hour;low;macd;macd_histogram;macd_signal;month;open;quarter;returns_1h;returns_24h;returns_4h;rsi;sma_20;sma_50;volatility;volume,0,3,True,,,,,Risk findings exist; fix correctness/leakage before judging value.
src.pipeline.stages.stage_0_setup.Stage0Setup,Stage0Setup,pipeline_stage,pipeline/stages/stage_0_setup.py,ACTIVE_RISKY,NEEDS_FIX_BEFORE_VALUE_TEST,SILENT_EMPTY_RETURN,,0,0,False,,,,,Risk findings exist; fix correctness/leakage before judging value.
src.pipeline.stages.stage_1_collection.CollectionStage,CollectionStage,pipeline_stage,pipeline/stages/stage_1_collection.py,ACTIVE_RISKY,NEEDS_FIX_BEFORE_VALUE_TEST,SILENT_EMPTY_RETURN,,0,4,False,,,,,Risk findings exist; fix correctness/leakage before judging value.
src.pipeline.stages.stage_2_processing.ProcessingStage,ProcessingStage,pipeline_stage,pipeline/stages/stage_2_processing.py,ACTIVE_NEEDS_RUNTIME_CONFIRMATION,ACTIVE_VALUE_UNKNOWN,,,0,4,False,,,,,"Engaged, but runtime lineage/ablation not yet available."
src.pipeline.stages.stage_3_feature_engineering.FeatureEngineeringStage,FeatureEngineeringStage,enricher,pipeline/stages/stage_3_feature_engineering.py,ACTIVE_WITH_TEST_REFERENCE,ACTIVE_VALUE_UNKNOWN,,,0,4,True,,,,,"Engaged, but runtime lineage/ablation not yet available."
src.pipeline.stages.stage_3_improvements.validate_and_align_features_targets,validate_and_align_features_targets,pipeline_stage,pipeline/stages/stage_3_improvements.py,ACTIVE_RISKY,NEEDS_FIX_BEFORE_VALUE_TEST,TARGET_COLUMN_IN_NON_TARGET_COMPONENT,,0,0,True,,,,,Risk findings exist; fix correctness/leakage before judging value.
src.pipeline.stages.stage_3_improvements.calculate_data_quality_metrics,calculate_data_quality_metrics,pipeline_stage,pipeline/stages/stage_3_improvements.py,ACTIVE_RISKY,NEEDS_FIX_BEFORE_VALUE_TEST,TARGET_COLUMN_IN_NON_TARGET_COMPONENT,,0,0,True,,,,,Risk findings exist; fix correctness/leakage before judging value.
src.pipeline.stages.stage_3_improvements.log_data_quality_report,log_data_quality_report,pipeline_stage,pipeline/stages/stage_3_improvements.py,ACTIVE_RISKY,NEEDS_FIX_BEFORE_VALUE_TEST,TARGET_COLUMN_IN_NON_TARGET_COMPONENT,,0,0,True,,,,,Risk findings exist; fix correctness/leakage before judging value.
src.pipeline.stages.stage_4_modeling.TargetProcessingConfig,TargetProcessingConfig,pipeline_stage,pipeline/stages/stage_4_modeling.py,ACTIVE_RISKY,NEEDS_FIX_BEFORE_VALUE_TEST,SILENT_EMPTY_RETURN;TARGET_COLUMN_IN_NON_TARGET_COMPONENT,,0,3,False,,,,,Risk findings exist; fix correctness/leakage before judging value.
src.pipeline.stages.stage_4_modeling.ModelingStage,ModelingStage,pipeline_stage,pipeline/stages/stage_4_modeling.py,ACTIVE_RISKY,NEEDS_FIX_BEFORE_VALUE_TEST,SILENT_EMPTY_RETURN;TARGET_COLUMN_IN_NON_TARGET_COMPONENT,,0,2,False,,,,,Risk findings exist; fix correctness/leakage before judging value.
src.pipeline.stages.stage_5_prediction.PredictionResultRequest,PredictionResultRequest,pipeline_stage,pipeline/stages/stage_5_prediction.py,ACTIVE_RISKY,NEEDS_FIX_BEFORE_VALUE_TEST,SILENT_EMPTY_RETURN;TARGET_COLUMN_IN_NON_TARGET_COMPONENT,,0,6,True,,,,,Risk findings exist; fix correctness/leakage before judging value.
src.pipeline.stages.stage_5_prediction.PredictionStage,PredictionStage,pipeline_stage,pipeline/stages/stage_5_prediction.py,ACTIVE_RISKY,NEEDS_FIX_BEFORE_VALUE_TEST,SILENT_EMPTY_RETURN;TARGET_COLUMN_IN_NON_TARGET_COMPONENT,,0,7,True,,,,,Risk findings exist; fix correctness/leakage before judging value.
src.pipeline.stages.stage_6_trading_execution.TradingExecutionStage,TradingExecutionStage,pipeline_stage,pipeline/stages/stage_6_trading_execution.py,ACTIVE_RISKY,NEEDS_FIX_BEFORE_VALUE_TEST,SILENT_EMPTY_RETURN,,0,0,True,,,,,Risk findings exist; fix correctness/leakage before judging value.
src.pipeline.stages.stage_7_evaluation.EvaluationStage,EvaluationStage,pipeline_stage,pipeline/stages/stage_7_evaluation.py,ACTIVE_RISKY,NEEDS_FIX_BEFORE_VALUE_TEST,SILENT_EMPTY_RETURN,price;signal,0,1,False,,,,,Risk findings exist; fix correctness/leakage before judging value.
src.pipeline.stages.__init__,__init__,pipeline_stage,pipeline/stages/__init__.py,ACTIVE_WITH_TEST_REFERENCE,ACTIVE_VALUE_UNKNOWN,,,0,418,True,,,,,"Engaged, but runtime lineage/ablation not yet available."
src.pipeline.stages.cache.feature_cache_manager.FeatureEngineeringCacheManager,FeatureEngineeringCacheManager,pipeline_stage,pipeline/stages/cache/feature_cache_manager.py,ACTIVE_NEEDS_RUNTIME_CONFIRMATION,ACTIVE_VALUE_UNKNOWN,,,0,0,False,,,,,"Engaged, but runtime lineage/ablation not yet available."
src.pipeline.stages.evaluation.analytics.calculate_financial_metrics,calculate_financial_metrics,pipeline_stage,pipeline/stages/evaluation/analytics.py,ACTIVE_RISKY,NEEDS_FIX_BEFORE_VALUE_TEST,SILENT_EMPTY_RETURN;TARGET_COLUMN_IN_NON_TARGET_COMPONENT,,1,37,True,,,,,Risk findings exist; fix correctness/leakage before judging value.
src.pipeline.stages.evaluation.analytics.run_deep_analysis,run_deep_analysis,pipeline_stage,pipeline/stages/evaluation/analytics.py,ACTIVE_RISKY,NEEDS_FIX_BEFORE_VALUE_TEST,SILENT_EMPTY_RETURN;TARGET_COLUMN_IN_NON_TARGET_COMPONENT,,1,35,True,,,,,Risk findings exist; fix correctness/leakage before judging value.
src.pipeline.stages.evaluation.analytics.create_evaluation_summary,create_evaluation_summary,pipeline_stage,pipeline/stages/evaluation/analytics.py,ACTIVE_RISKY,NEEDS_FIX_BEFORE_VALUE_TEST,SILENT_EMPTY_RETURN;TARGET_COLUMN_IN_NON_TARGET_COMPONENT,,1,37,True,,,,,Risk findings exist; fix correctness/leakage before judging value.
src.pipeline.stages.evaluation.backtest_adapter.prepare_pivot,prepare_pivot,pipeline_stage,pipeline/stages/evaluation/backtest_adapter.py,ACTIVE_RISKY,NEEDS_FIX_BEFORE_VALUE_TEST,SILENT_EMPTY_RETURN,,1,2,True,,,,,Risk findings exist; fix correctness/leakage before judging value.
src.pipeline.stages.evaluation.backtest_analyzer.BacktestAnalyzer,BacktestAnalyzer,pipeline_stage,pipeline/stages/evaluation/backtest_analyzer.py,ACTIVE_RISKY,NEEDS_FIX_BEFORE_VALUE_TEST,SILENT_EMPTY_RETURN,,0,3,False,,,,,Risk findings exist; fix correctness/leakage before judging value.
src.pipeline.stages.evaluation.backtest_analyzer.get_backtest_analyzer,get_backtest_analyzer,pipeline_stage,pipeline/stages/evaluation/backtest_analyzer.py,ACTIVE_RISKY,NEEDS_FIX_BEFORE_VALUE_TEST,SILENT_EMPTY_RETURN,,0,4,False,,,,,Risk findings exist; fix correctness/leakage before judging value.
src.pipeline.stages.evaluation.data_recovery.recover_missing_data,recover_missing_data,pipeline_stage,pipeline/stages/evaluation/data_recovery.py,ACTIVE_NEEDS_RUNTIME_CONFIRMATION,ACTIVE_VALUE_UNKNOWN,,,1,1,False,,,,,"Engaged, but runtime lineage/ablation not yet available."
src.pipeline.stages.evaluation.io.save_evaluation_summary,save_evaluation_summary,pipeline_stage,pipeline/stages/evaluation/io.py,ACTIVE_RISKY,NEEDS_FIX_BEFORE_VALUE_TEST,SILENT_EMPTY_RETURN,,0,5,True,,,,,Risk findings exist; fix correctness/leakage before judging value.
src.pipeline.stages.evaluation.metrics_calculator.MetricsCalculator,MetricsCalculator,calculator,pipeline/stages/evaluation/metrics_calculator.py,ACTIVE_RISKY,NEEDS_FIX_BEFORE_VALUE_TEST,SILENT_EMPTY_RETURN,,0,20,True,,,,,Risk findings exist; fix correctness/leakage before judging value.
src.pipeline.stages.evaluation.metrics_calculator.get_metrics_calculator,get_metrics_calculator,calculator,pipeline/stages/evaluation/metrics_calculator.py,ACTIVE_RISKY,NEEDS_FIX_BEFORE_VALUE_TEST,SILENT_EMPTY_RETURN,,0,14,True,,,,,Risk findings exist; fix correctness/leakage before judging value.
src.pipeline.stages.evaluation.reporting.plot_equity_curve,plot_equity_curve,pipeline_stage,pipeline/stages/evaluation/reporting.py,ACTIVE_WITH_TEST_REFERENCE,ACTIVE_VALUE_UNKNOWN,,,0,11,True,,,,,"Engaged, but runtime lineage/ablation not yet available."
src.pipeline.stages.evaluation.reporting.save_report,save_report,pipeline_stage,pipeline/stages/evaluation/reporting.py,ACTIVE_WITH_TEST_REFERENCE,ACTIVE_VALUE_UNKNOWN,,,0,12,True,,,,,"Engaged, but runtime lineage/ablation not yet available."
src.pipeline.stages.evaluation.report_generator.ReportGenerator,ReportGenerator,pipeline_stage,pipeline/stages/evaluation/report_generator.py,ACTIVE_NEEDS_RUNTIME_CONFIRMATION,ACTIVE_VALUE_UNKNOWN,,,0,3,False,,,,,"Engaged, but runtime lineage/ablation not yet available."
src.pipeline.stages.evaluation.report_generator.get_report_generator,get_report_generator,pipeline_stage,pipeline/stages/evaluation/report_generator.py,ACTIVE_NEEDS_RUNTIME_CONFIRMATION,ACTIVE_VALUE_UNKNOWN,,,0,4,False,,,,,"Engaged, but runtime lineage/ablation not yet available."
src.pipeline.stages.evaluation.__init__,__init__,pipeline_stage,pipeline/stages/evaluation/__init__.py,ACTIVE_WITH_TEST_REFERENCE,ACTIVE_VALUE_UNKNOWN,,,0,418,True,,,,,"Engaged, but runtime lineage/ablation not yet available."
src.pipeline.stages.features.orchestrator_manager.FeatureEngineeringOrchestratorManager,FeatureEngineeringOrchestratorManager,pipeline_stage,pipeline/stages/features/orchestrator_manager.py,ACTIVE_NEEDS_RUNTIME_CONFIRMATION,ACTIVE_VALUE_UNKNOWN,,,0,0,False,,,,,"Engaged, but runtime lineage/ablation not yet available."
src.pipeline.stages.feature_engineering.enricher.FeatureEnricher,FeatureEnricher,enricher,pipeline/stages/feature_engineering/enricher.py,ACTIVE_WITH_TEST_REFERENCE,ACTIVE_VALUE_UNKNOWN,,,0,16,True,,,,,"Engaged, but runtime lineage/ablation not yet available."
src.pipeline.stages.feature_engineering.guards.FeatureGuards,FeatureGuards,enricher,pipeline/stages/feature_engineering/guards.py,ACTIVE_RISKY,NEEDS_FIX_BEFORE_VALUE_TEST,SILENT_EMPTY_RETURN;TARGET_COLUMN_IN_NON_TARGET_COMPONENT,,0,6,True,,,,,Risk findings exist; fix correctness/leakage before judging value.
src.pipeline.stages.feature_engineering.orchestrator.FeatureEngineeringStage,FeatureEngineeringStage,enricher,pipeline/stages/feature_engineering/orchestrator.py,ACTIVE_RISKY,NEEDS_FIX_BEFORE_VALUE_TEST,TARGET_COLUMN_IN_NON_TARGET_COMPONENT,,0,38,True,,,,,Risk findings exist; fix correctness/leakage before judging value.
src.pipeline.stages.feature_engineering.targets.TargetGenerator,TargetGenerator,enricher,pipeline/stages/feature_engineering/targets.py,ACTIVE_RISKY,NEEDS_FIX_BEFORE_VALUE_TEST,TARGET_COLUMN_IN_NON_TARGET_COMPONENT,,0,57,True,,,,,Risk findings exist; fix correctness/leakage before judging value.
src.pipeline.stages.feature_engineering.__init__,__init__,enricher,pipeline/stages/feature_engineering/__init__.py,ACTIVE_WITH_TEST_REFERENCE,ACTIVE_VALUE_UNKNOWN,,,0,418,True,,,,,"Engaged, but runtime lineage/ablation not yet available."
src.pipeline.stages.modeling.dataclasses.TargetProcessingConfig,TargetProcessingConfig,pipeline_stage,pipeline/stages/modeling/dataclasses.py,ACTIVE_RISKY,NEEDS_FIX_BEFORE_VALUE_TEST,TARGET_COLUMN_IN_NON_TARGET_COMPONENT,,0,51,False,,,,,Risk findings exist; fix correctness/leakage before judging value.
src.pipeline.stages.modeling.dataclasses.FeatureLoadingConfig,FeatureLoadingConfig,pipeline_stage,pipeline/stages/modeling/dataclasses.py,ACTIVE_RISKY,NEEDS_FIX_BEFORE_VALUE_TEST,TARGET_COLUMN_IN_NON_TARGET_COMPONENT,,0,50,False,,,,,Risk findings exist; fix correctness/leakage before judging value.
src.pipeline.stages.modeling.dataclasses.TrainingDebugInfo,TrainingDebugInfo,pipeline_stage,pipeline/stages/modeling/dataclasses.py,ACTIVE_RISKY,NEEDS_FIX_BEFORE_VALUE_TEST,TARGET_COLUMN_IN_NON_TARGET_COMPONENT,,0,50,False,,,,,Risk findings exist; fix correctness/leakage before judging value.
src.pipeline.stages.modeling.dataclasses.SyncFeatureLoadingConfig,SyncFeatureLoadingConfig,pipeline_stage,pipeline/stages/modeling/dataclasses.py,ACTIVE_RISKY,NEEDS_FIX_BEFORE_VALUE_TEST,TARGET_COLUMN_IN_NON_TARGET_COMPONENT,,0,49,False,,,,,Risk findings exist; fix correctness/leakage before judging value.
src.pipeline.stages.modeling.dataclasses.SuccessfulTrainingConfig,SuccessfulTrainingConfig,pipeline_stage,pipeline/stages/modeling/dataclasses.py,ACTIVE_RISKY,NEEDS_FIX_BEFORE_VALUE_TEST,TARGET_COLUMN_IN_NON_TARGET_COMPONENT,,0,50,False,,,,,Risk findings exist; fix correctness/leakage before judging value.
src.pipeline.stages.modeling.dataclasses.ChampionInfoConfig,ChampionInfoConfig,pipeline_stage,pipeline/stages/modeling/dataclasses.py,ACTIVE_RISKY,NEEDS_FIX_BEFORE_VALUE_TEST,TARGET_COLUMN_IN_NON_TARGET_COMPONENT,,0,50,False,,,,,Risk findings exist; fix correctness/leakage before judging value.
src.pipeline.stages.modeling.dataclasses.SingleModelTrainingConfig,SingleModelTrainingConfig,pipeline_stage,pipeline/stages/modeling/dataclasses.py,ACTIVE_RISKY,NEEDS_FIX_BEFORE_VALUE_TEST,TARGET_COLUMN_IN_NON_TARGET_COMPONENT,,0,50,False,,,,,Risk findings exist; fix correctness/leakage before judging value.
src.pipeline.stages.modeling.dataclasses.LightModelChampionConfig,LightModelChampionConfig,pipeline_stage,pipeline/stages/modeling/dataclasses.py,ACTIVE_RISKY,NEEDS_FIX_BEFORE_VALUE_TEST,TARGET_COLUMN_IN_NON_TARGET_COMPONENT,,0,50,False,,,,,Risk findings exist; fix correctness/leakage before judging value.
src.pipeline.stages.modeling.io.load_selected_features_sync,load_selected_features_sync,pipeline_stage,pipeline/stages/modeling/io.py,ACTIVE_RISKY,NEEDS_FIX_BEFORE_VALUE_TEST,SILENT_EMPTY_RETURN;TARGET_COLUMN_IN_NON_TARGET_COMPONENT,,1,6,True,,,,,Risk findings exist; fix correctness/leakage before judging value.
src.pipeline.stages.modeling.io.try_load_features_file_sync,try_load_features_file_sync,pipeline_stage,pipeline/stages/modeling/io.py,ACTIVE_RISKY,NEEDS_FIX_BEFORE_VALUE_TEST,SILENT_EMPTY_RETURN;TARGET_COLUMN_IN_NON_TARGET_COMPONENT,,1,5,True,,,,,Risk findings exist; fix correctness/leakage before judging value.
src.pipeline.stages.modeling.io.save_light_models_results,save_light_models_results,pipeline_stage,pipeline/stages/modeling/io.py,ACTIVE_RISKY,NEEDS_FIX_BEFORE_VALUE_TEST,SILENT_EMPTY_RETURN;TARGET_COLUMN_IN_NON_TARGET_COMPONENT,,1,5,True,,,,,Risk findings exist; fix correctness/leakage before judging value.
src.pipeline.stages.modeling.io.resolve_selected_features_batch_dir,resolve_selected_features_batch_dir,pipeline_stage,pipeline/stages/modeling/io.py,ACTIVE_RISKY,NEEDS_FIX_BEFORE_VALUE_TEST,SILENT_EMPTY_RETURN;TARGET_COLUMN_IN_NON_TARGET_COMPONENT,,1,6,True,,,,,Risk findings exist; fix correctness/leakage before judging value.
src.pipeline.stages.modeling.io.try_get_batch_name_from_runtime_params,try_get_batch_name_from_runtime_params,pipeline_stage,pipeline/stages/modeling/io.py,ACTIVE_RISKY,NEEDS_FIX_BEFORE_VALUE_TEST,SILENT_EMPTY_RETURN;TARGET_COLUMN_IN_NON_TARGET_COMPONENT,,1,5,True,,,,,Risk findings exist; fix correctness/leakage before judging value.
src.pipeline.stages.modeling.io.search_nested_runtime_params,search_nested_runtime_params,pipeline_stage,pipeline/stages/modeling/io.py,ACTIVE_RISKY,NEEDS_FIX_BEFORE_VALUE_TEST,SILENT_EMPTY_RETURN;TARGET_COLUMN_IN_NON_TARGET_COMPONENT,,1,5,True,,,,,Risk findings exist; fix correctness/leakage before judging value.
src.pipeline.stages.modeling.io.try_get_batch_name_from_file,try_get_batch_name_from_file,pipeline_stage,pipeline/stages/modeling/io.py,ACTIVE_RISKY,NEEDS_FIX_BEFORE_VALUE_TEST,SILENT_EMPTY_RETURN;TARGET_COLUMN_IN_NON_TARGET_COMPONENT,,1,5,True,,,,,Risk findings exist; fix correctness/leakage before judging value.
src.pipeline.stages.modeling.metrics.calculate_model_metrics,calculate_model_metrics,calculator,pipeline/stages/modeling/metrics.py,ACTIVE_RISKY,NEEDS_FIX_BEFORE_VALUE_TEST,TARGET_COLUMN_IN_NON_TARGET_COMPONENT,,0,137,True,,,,,Risk findings exist; fix correctness/leakage before judging value.
src.pipeline.stages.modeling.metrics.create_light_model_champion_info,create_light_model_champion_info,calculator,pipeline/stages/modeling/metrics.py,ACTIVE_RISKY,NEEDS_FIX_BEFORE_VALUE_TEST,TARGET_COLUMN_IN_NON_TARGET_COMPONENT,,0,137,True,,,,,Risk findings exist; fix correctness/leakage before judging value.
src.pipeline.stages.modeling.orchestration,orchestration,pipeline_stage,pipeline/stages/modeling/orchestration.py,ACTIVE_RISKY,NEEDS_FIX_BEFORE_VALUE_TEST,SILENT_EMPTY_RETURN;TARGET_COLUMN_IN_NON_TARGET_COMPONENT,,0,5,False,,,,,Risk findings exist; fix correctness/leakage before judging value.
src.pipeline.stages.modeling.training.train_light_models_locally,train_light_models_locally,pipeline_stage,pipeline/stages/modeling/training.py,ACTIVE_RISKY,NEEDS_FIX_BEFORE_VALUE_TEST,SILENT_EMPTY_RETURN;TARGET_COLUMN_IN_NON_TARGET_COMPONENT,,0,89,True,,,,,Risk findings exist; fix correctness/leakage before judging value.
src.pipeline.stages.modeling.training.train_single_light_model,train_single_light_model,pipeline_stage,pipeline/stages/modeling/training.py,ACTIVE_RISKY,NEEDS_FIX_BEFORE_VALUE_TEST,SILENT_EMPTY_RETURN;TARGET_COLUMN_IN_NON_TARGET_COMPONENT,,0,88,True,,,,,Risk findings exist; fix correctness/leakage before judging value.
src.pipeline.stages.modeling.utils.get_context_fingerprint,get_context_fingerprint,pipeline_stage,pipeline/stages/modeling/utils.py,ACTIVE_RISKY,NEEDS_FIX_BEFORE_VALUE_TEST,SILENT_EMPTY_RETURN;TARGET_COLUMN_IN_NON_TARGET_COMPONENT,,0,52,True,,,,,Risk findings exist; fix correctness/leakage before judging value.
src.pipeline.stages.modeling.utils.log_training_debug_info,log_training_debug_info,pipeline_stage,pipeline/stages/modeling/utils.py,ACTIVE_RISKY,NEEDS_FIX_BEFORE_VALUE_TEST,SILENT_EMPTY_RETURN;TARGET_COLUMN_IN_NON_TARGET_COMPONENT,,0,52,True,,,,,Risk findings exist; fix correctness/leakage before judging value.
src.pipeline.stages.modeling.utils.create_champion_info,create_champion_info,pipeline_stage,pipeline/stages/modeling/utils.py,ACTIVE_RISKY,NEEDS_FIX_BEFORE_VALUE_TEST,SILENT_EMPTY_RETURN;TARGET_COLUMN_IN_NON_TARGET_COMPONENT,,0,52,True,,,,,Risk findings exist; fix correctness/leakage before judging value.
src.pipeline.stages.modeling.utils.log_to_diary,log_to_diary,pipeline_stage,pipeline/stages/modeling/utils.py,ACTIVE_RISKY,NEEDS_FIX_BEFORE_VALUE_TEST,SILENT_EMPTY_RETURN;TARGET_COLUMN_IN_NON_TARGET_COMPONENT,,0,52,True,,,,,Risk findings exist; fix correctness/leakage before judging value.
src.pipeline.stages.modeling.utils.get_light_model_training_data,get_light_model_training_data,pipeline_stage,pipeline/stages/modeling/utils.py,ACTIVE_RISKY,NEEDS_FIX_BEFORE_VALUE_TEST,SILENT_EMPTY_RETURN;TARGET_COLUMN_IN_NON_TARGET_COMPONENT,,0,52,True,,,,,Risk findings exist; fix correctness/leakage before judging value.
src.pipeline.stages.modeling.utils.determine_task_type,determine_task_type,pipeline_stage,pipeline/stages/modeling/utils.py,ACTIVE_RISKY,NEEDS_FIX_BEFORE_VALUE_TEST,SILENT_EMPTY_RETURN;TARGET_COLUMN_IN_NON_TARGET_COMPONENT,,0,52,True,,,,,Risk findings exist; fix correctness/leakage before judging value.
src.pipeline.stages.modeling.utils.get_light_model_types,get_light_model_types,pipeline_stage,pipeline/stages/modeling/utils.py,ACTIVE_RISKY,NEEDS_FIX_BEFORE_VALUE_TEST,SILENT_EMPTY_RETURN;TARGET_COLUMN_IN_NON_TARGET_COMPONENT,,0,52,True,,,,,Risk findings exist; fix correctness/leakage before judging value.
src.pipeline.stages.modeling.__init__,__init__,pipeline_stage,pipeline/stages/modeling/__init__.py,ACTIVE_WITH_TEST_REFERENCE,ACTIVE_VALUE_UNKNOWN,,,0,418,True,,,,,"Engaged, but runtime lineage/ablation not yet available."
src.pipeline.stages.monitoring.feature_monitoring.FeatureEngineeringMonitor,FeatureEngineeringMonitor,pipeline_stage,pipeline/stages/monitoring/feature_monitoring.py,ACTIVE_WITH_TEST_REFERENCE,ACTIVE_VALUE_UNKNOWN,,,0,0,True,,,,,"Engaged, but runtime lineage/ablation not yet available."
src.pipeline.stages.news.news_manager.FeatureEngineeringNewsManager,FeatureEngineeringNewsManager,pipeline_stage,pipeline/stages/news/news_manager.py,ACTIVE_RISKY,NEEDS_FIX_BEFORE_VALUE_TEST,SILENT_EMPTY_RETURN,,0,0,False,,,,,Risk findings exist; fix correctness/leakage before judging value.
src.pipeline.stages.prediction.anomaly_engine.AnomalyEngine,AnomalyEngine,pipeline_stage,pipeline/stages/prediction/anomaly_engine.py,ACTIVE_OUTPUT_UNTESTED,ACTIVE_VALUE_UNKNOWN,,prediction_sign,0,5,False,,,,,"Engaged, but runtime lineage/ablation not yet available."
src.pipeline.stages.prediction.data_preparation_service.DataPreparationService,DataPreparationService,pipeline_stage,pipeline/stages/prediction/data_preparation_service.py,ACTIVE_RISKY,NEEDS_FIX_BEFORE_VALUE_TEST,SILENT_EMPTY_RETURN,ticker,0,2,True,,,,,Risk findings exist; fix correctness/leakage before judging value.
src.pipeline.stages.prediction.data_preparer.PredictionDataPreparer,PredictionDataPreparer,pipeline_stage,pipeline/stages/prediction/data_preparer.py,ACTIVE_RISKY,NEEDS_FIX_BEFORE_VALUE_TEST,SILENT_EMPTY_RETURN;TARGET_COLUMN_IN_NON_TARGET_COMPONENT,datetime;ticker,0,0,False,,,,,Risk findings exist; fix correctness/leakage before judging value.
src.pipeline.stages.prediction.model_resolver.ModelResolver,ModelResolver,pipeline_stage,pipeline/stages/prediction/model_resolver.py,ACTIVE_RISKY,NEEDS_FIX_BEFORE_VALUE_TEST,SILENT_EMPTY_RETURN;TARGET_COLUMN_IN_NON_TARGET_COMPONENT,,0,8,False,,,,,Risk findings exist; fix correctness/leakage before judging value.
src.pipeline.stages.prediction.model_selection_service.ModelSelectionService,ModelSelectionService,selector,pipeline/stages/prediction/model_selection_service.py,ACTIVE_RISKY,NEEDS_FIX_BEFORE_VALUE_TEST,SILENT_EMPTY_RETURN;TARGET_COLUMN_IN_NON_TARGET_COMPONENT,,0,2,True,,,,,Risk findings exist; fix correctness/leakage before judging value.
src.pipeline.stages.prediction.prediction_context_manager.PredictionContextManager,PredictionContextManager,context_map,pipeline/stages/prediction/prediction_context_manager.py,ACTIVE_RISKY,NEEDS_FIX_BEFORE_VALUE_TEST,SILENT_EMPTY_RETURN,ticker,0,2,False,,,,,Risk findings exist; fix correctness/leakage before judging value.
src.pipeline.stages.prediction.prediction_generator.PredictionGenerator,PredictionGenerator,pipeline_stage,pipeline/stages/prediction/prediction_generator.py,ACTIVE_RISKY,NEEDS_FIX_BEFORE_VALUE_TEST,SILENT_EMPTY_RETURN;TARGET_COLUMN_IN_NON_TARGET_COMPONENT,,0,5,False,,,,,Risk findings exist; fix correctness/leakage before judging value.
src.pipeline.stages.prediction.result_builder.PredictionResultBuilder,PredictionResultBuilder,pipeline_stage,pipeline/stages/prediction/result_builder.py,ACTIVE_RISKY,NEEDS_FIX_BEFORE_VALUE_TEST,SILENT_EMPTY_RETURN;TARGET_COLUMN_IN_NON_TARGET_COMPONENT,,0,0,False,,,,,Risk findings exist; fix correctness/leakage before judging value.
src.pipeline.stages.prediction.result_request.PredictionResultRequest,PredictionResultRequest,pipeline_stage,pipeline/stages/prediction/result_request.py,ACTIVE_NEEDS_RUNTIME_CONFIRMATION,ACTIVE_VALUE_UNKNOWN,,,0,3,False,,,,,"Engaged, but runtime lineage/ablation not yet available."
src.pipeline.stages.prediction.scaler_service.ScalerService,ScalerService,pipeline_stage,pipeline/stages/prediction/scaler_service.py,ACTIVE_RISKY,NEEDS_FIX_BEFORE_VALUE_TEST,SILENT_EMPTY_RETURN;TARGET_COLUMN_IN_NON_TARGET_COMPONENT,,0,2,False,,,,,Risk findings exist; fix correctness/leakage before judging value.
src.pipeline.stages.prediction.__init__,__init__,pipeline_stage,pipeline/stages/prediction/__init__.py,ACTIVE_WITH_TEST_REFERENCE,ACTIVE_VALUE_UNKNOWN,,,0,418,True,,,,,"Engaged, but runtime lineage/ablation not yet available."
src.pipeline.stages.processing.data_handler.ProcessingDataHandler,ProcessingDataHandler,pipeline_stage,pipeline/stages/processing/data_handler.py,ACTIVE_RISKY,NEEDS_FIX_BEFORE_VALUE_TEST,SILENT_EMPTY_RETURN,,0,4,True,,,,,Risk findings exist; fix correctness/leakage before judging value.
src.pipeline.stages.processing.orchestrator.ProcessingStage,ProcessingStage,pipeline_stage,pipeline/stages/processing/orchestrator.py,ACTIVE_RISKY,NEEDS_FIX_BEFORE_VALUE_TEST,SILENT_EMPTY_RETURN,,0,38,True,,,,,Risk findings exist; fix correctness/leakage before judging value.
src.pipeline.stages.processing.storage.ProcessingStorage,ProcessingStorage,pipeline_stage,pipeline/stages/processing/storage.py,ACTIVE_NEEDS_RUNTIME_CONFIRMATION,ACTIVE_VALUE_UNKNOWN,,,0,37,False,,,,,"Engaged, but runtime lineage/ablation not yet available."
src.pipeline.stages.processing.validator.ProcessingValidator,ProcessingValidator,pipeline_stage,pipeline/stages/processing/validator.py,ACTIVE_WITH_TEST_REFERENCE,ACTIVE_VALUE_UNKNOWN,,,0,11,True,,,,,"Engaged, but runtime lineage/ablation not yet available."
src.pipeline.stages.processing.__init__,__init__,pipeline_stage,pipeline/stages/processing/__init__.py,ACTIVE_WITH_TEST_REFERENCE,ACTIVE_VALUE_UNKNOWN,,,0,418,True,,,,,"Engaged, but runtime lineage/ablation not yet available."
src.pipeline.stages.trading.data_io.TradingDataIO,TradingDataIO,pipeline_stage,pipeline/stages/trading/data_io.py,ACTIVE_RISKY,NEEDS_FIX_BEFORE_VALUE_TEST,SILENT_EMPTY_RETURN,,0,2,False,,,,,Risk findings exist; fix correctness/leakage before judging value.
src.pipeline.stages.trading.recommendation_engine.TradingRecommendationEngine,TradingRecommendationEngine,pipeline_stage,pipeline/stages/trading/recommendation_engine.py,ACTIVE_RISKY,NEEDS_FIX_BEFORE_VALUE_TEST,SILENT_EMPTY_RETURN;TARGET_COLUMN_IN_NON_TARGET_COMPONENT,ticker,0,4,True,,,,,Risk findings exist; fix correctness/leakage before judging value.
src.pipeline.stages.trading.__init__,__init__,pipeline_stage,pipeline/stages/trading/__init__.py,ACTIVE_WITH_TEST_REFERENCE,ACTIVE_VALUE_UNKNOWN,,,0,418,True,,,,,"Engaged, but runtime lineage/ablation not yet available."
src.pipeline.stages.utils.collection_manager.CollectionManager,CollectionManager,pipeline_stage,pipeline/stages/utils/collection_manager.py,ACTIVE_RISKY,NEEDS_FIX_BEFORE_VALUE_TEST,SILENT_EMPTY_RETURN,,0,2,False,,,,,Risk findings exist; fix correctness/leakage before judging value.
src.pipeline.stages.utils.data_schema_mapper.DataSchemaMapper,DataSchemaMapper,pipeline_stage,pipeline/stages/utils/data_schema_mapper.py,ACTIVE_NEEDS_RUNTIME_CONFIRMATION,ACTIVE_VALUE_UNKNOWN,,,0,2,False,,,,,"Engaged, but runtime lineage/ablation not yet available."
src.processing.filters.news_filter.NewsFilter,NewsFilter,utility_or_unknown,processing/filters/news_filter.py,ACTIVE_NEEDS_RUNTIME_CONFIRMATION,ACTIVE_VALUE_UNKNOWN,,,0,4,False,,,,,"Engaged, but runtime lineage/ablation not yet available."
src.processing.filters.orchestrator.IntelligentDataFilter,IntelligentDataFilter,pipeline_stage,processing/filters/orchestrator.py,ACTIVE_WITH_TEST_REFERENCE,ACTIVE_VALUE_UNKNOWN,,,0,37,True,,,,,"Engaged, but runtime lineage/ablation not yet available."
src.processing.filters.pattern_extractor.PatternExtractor,PatternExtractor,utility_or_unknown,processing/filters/pattern_extractor.py,ACTIVE_NEEDS_RUNTIME_CONFIRMATION,ACTIVE_VALUE_UNKNOWN,,,0,4,False,,,,,"Engaged, but runtime lineage/ablation not yet available."
src.processing.filters.price_filter.PriceFilter,PriceFilter,utility_or_unknown,processing/filters/price_filter.py,ACTIVE_RISKY,NEEDS_FIX_BEFORE_VALUE_TEST,SILENT_EMPTY_RETURN,,0,4,False,,,,,Risk findings exist; fix correctness/leakage before judging value.
src.processing.filters.social_filter.SocialFilter,SocialFilter,utility_or_unknown,processing/filters/social_filter.py,ACTIVE_NEEDS_RUNTIME_CONFIRMATION,ACTIVE_VALUE_UNKNOWN,,,0,4,False,,,,,"Engaged, but runtime lineage/ablation not yet available."
src.processing.filters.__init__,__init__,utility_or_unknown,processing/filters/__init__.py,ACTIVE_WITH_TEST_REFERENCE,ACTIVE_VALUE_UNKNOWN,,,0,418,True,,,,,"Engaged, but runtime lineage/ablation not yet available."
src.risk.analyzers.concentration_analyzer.ConcentrationAnalyzer,ConcentrationAnalyzer,analyzer,risk/analyzers/concentration_analyzer.py,ACTIVE_NEEDS_RUNTIME_CONFIRMATION,ACTIVE_VALUE_UNKNOWN,,,0,2,False,,,,,"Engaged, but runtime lineage/ablation not yet available."
src.risk.analyzers.correlation_analyzer.CorrelationAnalyzer,CorrelationAnalyzer,analyzer,risk/analyzers/correlation_analyzer.py,ACTIVE_NEEDS_RUNTIME_CONFIRMATION,ACTIVE_VALUE_UNKNOWN,,,0,2,False,,,,,"Engaged, but runtime lineage/ablation not yet available."
src.risk.kill_switch.alerts.AlertManager,AlertManager,risk,risk/kill_switch/alerts.py,ACTIVE_NEEDS_RUNTIME_CONFIRMATION,ACTIVE_VALUE_UNKNOWN,,,0,21,False,,,,,"Engaged, but runtime lineage/ablation not yet available."
src.risk.kill_switch.calculator.KillSwitchCalculator,KillSwitchCalculator,risk,risk/kill_switch/calculator.py,ACTIVE_RISKY,NEEDS_FIX_BEFORE_VALUE_TEST,SILENT_EMPTY_RETURN,,0,22,True,,,,,Risk findings exist; fix correctness/leakage before judging value.
src.risk.kill_switch.config.KillSwitchConfig,KillSwitchConfig,risk,risk/kill_switch/config.py,ACTIVE_WITH_TEST_REFERENCE,ACTIVE_VALUE_UNKNOWN,,,0,222,True,,,,,"Engaged, but runtime lineage/ablation not yet available."
src.risk.kill_switch.executor.KillSwitchExecutor,KillSwitchExecutor,risk,risk/kill_switch/executor.py,ACTIVE_WITH_TEST_REFERENCE,ACTIVE_VALUE_UNKNOWN,,,0,11,True,,,,,"Engaged, but runtime lineage/ablation not yet available."
src.risk.kill_switch.manager.KillSwitchManager,KillSwitchManager,risk,risk/kill_switch/manager.py,ACTIVE_WITH_TEST_REFERENCE,ACTIVE_VALUE_UNKNOWN,,,0,43,True,,,,,"Engaged, but runtime lineage/ablation not yet available."
src.risk.kill_switch.__init__,__init__,risk,risk/kill_switch/__init__.py,ACTIVE_WITH_TEST_REFERENCE,ACTIVE_VALUE_UNKNOWN,,,0,418,True,,,,,"Engaged, but runtime lineage/ablation not yet available."
src.targets.calculators.base_news_target_calculator.BaseNewsTargetCalculator,BaseNewsTargetCalculator,calculator,targets/calculators/base_news_target_calculator.py,UNUSED_POTENTIALLY_VALUABLE,NEEDS_FIX_BEFORE_VALUE_TEST,SILENT_EMPTY_RETURN,ticker,0,0,False,,,,,Risk findings exist; fix correctness/leakage before judging value.
src.targets.calculators.classification_calculator.ClassificationCalculator,ClassificationCalculator,calculator,targets/calculators/classification_calculator.py,ACTIVE_WITH_TEST_REFERENCE,ACTIVE_VALUE_UNKNOWN,,,0,4,True,,,,,"Engaged, but runtime lineage/ablation not yet available."
src.targets.calculators.indicator_prediction_calculator.IndicatorPredictionCalculator,IndicatorPredictionCalculator,calculator,targets/calculators/indicator_prediction_calculator.py,ACTIVE_NEEDS_RUNTIME_CONFIRMATION,ACTIVE_VALUE_UNKNOWN,,,0,4,False,,,,,"Engaged, but runtime lineage/ablation not yet available."
src.targets.calculators.post_news_target_calculator.PostNewsTargetCalculator,PostNewsTargetCalculator,calculator,targets/calculators/post_news_target_calculator.py,UNUSED_POTENTIALLY_VALUABLE,UNUSED_POTENTIALLY_VALUABLE,,interval;ticker,0,0,False,,,,,Not engaged statically but category suggests possible useful logic.
src.targets.calculators.pre_news_target_calculator.PreNewsTargetCalculator,PreNewsTargetCalculator,calculator,targets/calculators/pre_news_target_calculator.py,UNUSED_POTENTIALLY_VALUABLE,UNUSED_POTENTIALLY_VALUABLE,,interval;ticker,0,0,False,,,,,Not engaged statically but category suggests possible useful logic.
src.targets.calculators.regression_calculator.RegressionCalculator,RegressionCalculator,calculator,targets/calculators/regression_calculator.py,ACTIVE_WITH_TEST_REFERENCE,ACTIVE_VALUE_UNKNOWN,,,0,4,True,,,,,"Engaged, but runtime lineage/ablation not yet available."
src.targets.calculators.__init__,__init__,calculator,targets/calculators/__init__.py,ACTIVE_WITH_TEST_REFERENCE,ACTIVE_VALUE_UNKNOWN,,,0,418,True,,,,,"Engaged, but runtime lineage/ablation not yet available."
src.training.batch.batch_processor.BatchProcessor,BatchProcessor,utility_or_unknown,training/batch/batch_processor.py,ACTIVE_NEEDS_RUNTIME_CONFIRMATION,ACTIVE_VALUE_UNKNOWN,,,0,3,False,,,,,"Engaged, but runtime lineage/ablation not yet available."
src.training.security.path_security_validator.PathSecurityValidator,PathSecurityValidator,validator,training/security/path_security_validator.py,ACTIVE_WITH_TEST_REFERENCE,ACTIVE_VALUE_UNKNOWN,,,0,2,True,,,,,"Engaged, but runtime lineage/ablation not yet available."
src.training.state.training_state_manager.TrainingState,TrainingState,utility_or_unknown,training/state/training_state_manager.py,ACTIVE_NEEDS_RUNTIME_CONFIRMATION,ACTIVE_VALUE_UNKNOWN,,,0,1,False,,,,,"Engaged, but runtime lineage/ablation not yet available."
src.training.state.training_state_manager.TrainingStateManager,TrainingStateManager,utility_or_unknown,training/state/training_state_manager.py,ACTIVE_NEEDS_RUNTIME_CONFIRMATION,ACTIVE_VALUE_UNKNOWN,,,0,2,False,,,,,"Engaged, but runtime lineage/ablation not yet available."
