component,category,file,class_or_function,kind,public_methods,expected_methods_found,imported_by_count,referenced_by_count,reachable_from_entrypoint,registered_or_config_referenced,added_columns_static,risk_count,risk_rules,has_test_reference,status,recommended_action
src.__init__,utility_or_unknown,__init__.py,__init__,module,,,0,415,False,False,,0,,True,ACTIVE_WITH_TEST_REFERENCE,Keep; verify runtime output reaches downstream model/evaluation.
src.algorithms.adaptive_position_sizer.PositionSizingParams,algorithm,algorithms/adaptive_position_sizer.py,PositionSizingParams,class,,,0,3,False,False,,1,TARGET_COLUMN_IN_NON_TARGET_COMPONENT,True,ACTIVE_RISKY,Review/fix risks before trusting component output; add contract/golden tests.
src.algorithms.adaptive_position_sizer.LiquidityParams,algorithm,algorithms/adaptive_position_sizer.py,LiquidityParams,class,,,0,2,False,False,,1,TARGET_COLUMN_IN_NON_TARGET_COMPONENT,True,ACTIVE_RISKY,Review/fix risks before trusting component output; add contract/golden tests.
src.algorithms.adaptive_position_sizer.AdaptivePositionSizer,algorithm,algorithms/adaptive_position_sizer.py,AdaptivePositionSizer,class,__init__;_initialize_position_parameters;_initialize_kelly_parameters;_initialize_liquidity_parameters;_initialize_regime_multipliers;_initialize_var_calculator;calculate_position_size;create_params;calculate_position_size_legacy;_calculate_position_size_from_params;_calculate_var_adjustment;_calculate_kelly_adjustment;_calculate_volatility_adjustment;_calculate_drawdown_adjustment;_calculate_positions_adjustment;_calculate_liquidity_adjustment;_has_valid_liquidity_data;_calculate_position_value;_calculate_max_safe_position;_compute_liquidity_adjustment;_apply_position_limits;calculate_kelly_fraction;_is_invalid_kelly_input;_compute_kelly_fraction,,0,4,False,False,,1,TARGET_COLUMN_IN_NON_TARGET_COMPONENT,True,ACTIVE_RISKY,Review/fix risks before trusting component output; add contract/golden tests.
src.algorithms.advanced_backtest_engine.AdvancedBacktestEngine,algorithm,algorithms/advanced_backtest_engine.py,AdvancedBacktestEngine,class,__init__;run_comprehensive_backtest;_analyze_transaction_costs;_simulate_returns;_calculate_sharpe;_calculate_max_drawdown;_calculate_win_rate;optimize_parameters;_calculate_stability_score;_evaluate_parameters;_calculate_average_performance,,0,5,False,False,,0,,True,ACTIVE_WITH_TEST_REFERENCE,Keep; verify runtime output reaches downstream model/evaluation.
src.algorithms.bias_detector.BiasDetector,algorithm,algorithms/bias_detector.py,BiasDetector,class,__init__;detect_look_ahead_bias;detect_survivorship_bias;_as_numeric_frame;_future_returns;_matching_column_pairs,,0,8,False,False,,1,FUTURE_SHIFT,True,ACTIVE_RISKY,Review/fix risks before trusting component output; add contract/golden tests.
src.algorithms.regime_detector.RegimeMetrics,algorithm,algorithms/regime_detector.py,RegimeMetrics,class,,,0,9,False,True,,0,,True,ACTIVE_WITH_TEST_REFERENCE,Keep; verify runtime output reaches downstream model/evaluation.
src.algorithms.regime_detector.MarketRegimeDetector,algorithm,algorithms/regime_detector.py,MarketRegimeDetector,class,__init__;detect_regime,,0,11,False,True,,0,,True,ACTIVE_WITH_TEST_REFERENCE,Keep; verify runtime output reaches downstream model/evaluation.
src.algorithms.risk_parity_allocator.AllocationMethod,algorithm,algorithms/risk_parity_allocator.py,AllocationMethod,class,,,0,2,False,False,,2,SILENT_EMPTY_RETURN;TARGET_COLUMN_IN_NON_TARGET_COMPONENT,True,ACTIVE_RISKY,Review/fix risks before trusting component output; add contract/golden tests.
src.algorithms.risk_parity_allocator.RiskParityAllocator,algorithm,algorithms/risk_parity_allocator.py,RiskParityAllocator,class,__init__;allocate;_validate_allocation_inputs;_prepare_allocation_params;_execute_core_allocation;_build_result_dict;_needs_correlations;_prepare_vols;_fallback_equal_weight;_get_allocation_methods;_equal_risk_contribution;_get_initial_weights;_create_erc_objective;objective;_create_optimization_bounds;_create_optimization_constraints;_run_optimization;_handle_optimization_failure;_get_fallback_weights;_hierarchical_risk_parity;_hrp_recursive_allocation;_calculate_cluster_weights;_find_sub_clusters;_combine_cluster_weights;_maximum_diversification;_create_mdp_objective;objective;_minimum_variance;_optimize_portfolio;_create_mv_objective;objective;_risk_parity;_equal_weight;_scale_to_target_volatility;_apply_constraints;calculate_risk_contribution;_calculate_portfolio_metrics;optimize_portfolio,allocate,0,4,False,False,,2,SILENT_EMPTY_RETURN;TARGET_COLUMN_IN_NON_TARGET_COMPONENT,True,ACTIVE_RISKY,Review/fix risks before trusting component output; add contract/golden tests.
src.algorithms.transaction_cost_model.TransactionCostModel,algorithm,algorithms/transaction_cost_model.py,TransactionCostModel,class,__init__;calculate_execution_costs,,0,7,False,False,,0,,True,ACTIVE_WITH_TEST_REFERENCE,Keep; verify runtime output reaches downstream model/evaluation.
src.algorithms.walk_forward_optimizer.WalkForwardOptimizer,algorithm,algorithms/walk_forward_optimizer.py,WalkForwardOptimizer,class,__init__;walk_forward_optimization;run_walk_forward;_evaluate_parameters;_calculate_average_performance;_select_best_params;_iter_param_candidates;_calculate_stability_score,,0,6,False,False,,1,SILENT_EMPTY_RETURN,True,ACTIVE_RISKY,Review/fix risks before trusting component output; add contract/golden tests.
src.algorithms.walk_forward_optimizer.WalkForwardOptimizerExtended,algorithm,algorithms/walk_forward_optimizer.py,WalkForwardOptimizerExtended,class,run_walk_forward,,0,3,False,False,,1,SILENT_EMPTY_RETURN,True,ACTIVE_RISKY,Review/fix risks before trusting component output; add contract/golden tests.
src.algorithms.__init__,algorithm,algorithms/__init__.py,__init__,module,,,0,415,False,False,,0,,True,ACTIVE_WITH_TEST_REFERENCE,Keep; verify runtime output reaches downstream model/evaluation.
src.analytics.analyzer_registry.get_analyzer,factory_registry,analytics/analyzer_registry.py,get_analyzer,function,,,0,0,False,False,,0,,True,ORPHAN_LOW_SIGNAL,Likely low-priority orphan; quarantine only after config/runtime confirmation.
src.analytics.interfaces.IAnalyzer,analyzer,analytics/interfaces.py,IAnalyzer,class,analyze,analyze,0,57,False,False,,0,,True,ACTIVE_WITH_TEST_REFERENCE,Keep; verify runtime output reaches downstream model/evaluation.
src.analytics.unified_analytics_engine.UnifiedAnalyticsEngine,utility_or_unknown,analytics/unified_analytics_engine.py,UnifiedAnalyticsEngine,class,__init__;_register_analyzers_from_config;register_analyzer;_generate_data_hash;run_full_analysis;_get_data_for_analyzer;get_contextual_report;get_registered_components,,0,6,False,True,,1,SILENT_EMPTY_RETURN,True,ACTIVE_RISKY,Review/fix risks before trusting component output; add contract/golden tests.
src.analytics.__init__,utility_or_unknown,analytics/__init__.py,__init__,module,,,0,415,False,False,,0,,True,ACTIVE_WITH_TEST_REFERENCE,Keep; verify runtime output reaches downstream model/evaluation.
src.calibration.adaptive_confidence_calibrator.AdaptiveConfidenceCalibrator,utility_or_unknown,calibration/adaptive_confidence_calibrator.py,AdaptiveConfidenceCalibrator,class,__init__;calibrate;_simple_calibrate;update_with_outcome;_apply_exponential_decay;_check_distribution_shift;_retrain_models;_prepare_calibration_data;_execute_platt_training;_execute_isotonic_training;_compute_metrics;save;load;get_calibration_report;_execute_simple_training,,0,0,False,False,,1,SILENT_EMPTY_RETURN,True,ORPHAN_LOW_SIGNAL,Likely low-priority orphan; quarantine only after config/runtime confirmation.
src.calibration.calibration_engine.CalibrationEngine,utility_or_unknown,calibration/calibration_engine.py,CalibrationEngine,class,__init__;load_real_data;load_synthetic_scenarios;define_hyperparameter_space;evaluate_hyperparameters;_fallback_evaluation;_chronological_split;_mock_evaluation;_evaluate_on_synthetic;_calculate_sharpe_ratio;run_calibration;objective,,0,2,False,False,,1,SYNTHETIC_PRIMARY,True,ACTIVE_RISKY,Review/fix risks before trusting component output; add contract/golden tests.
src.calibration.__init__,utility_or_unknown,calibration/__init__.py,__init__,module,,,0,415,False,False,,0,,True,ACTIVE_WITH_TEST_REFERENCE,Keep; verify runtime output reaches downstream model/evaluation.
src.cli.argument_parser.create_argument_parser,utility_or_unknown,cli/argument_parser.py,create_argument_parser,function,,,0,0,True,False,,0,,False,ACTIVE_NEEDS_RUNTIME_CONFIRMATION,Use runtime/lineage tracker to confirm execution and output usage.
src.cli.argument_validator.ArgumentValidator,validator,cli/argument_validator.py,ArgumentValidator,class,validate_arguments;_get_config_data;_validate_test_ticker;_validate_test_target;_validate_test_model;_validate_mode;_validate_continue_batch_name;_validate_numeric_params;_validate_stages;_is_valid_stage;_report_validation_results,,0,0,True,False,,1,TARGET_COLUMN_IN_NON_TARGET_COMPONENT,True,ACTIVE_RISKY,Review/fix risks before trusting component output; add contract/golden tests.
src.cli.batch_manager.BatchManager,utility_or_unknown,cli/batch_manager.py,BatchManager,class,generate_batch_name;_generate_test_batch_name;_generate_full_batch_name;_handle_continue_mode;sanitize_path_input,,0,0,True,False,,1,TARGET_COLUMN_IN_NON_TARGET_COMPONENT,False,ACTIVE_RISKY,Review/fix risks before trusting component output; add contract/golden tests.
src.cli.pipeline_data_loader.PipelineDataLoader,pipeline_stage,cli/pipeline_data_loader.py,PipelineDataLoader,class,load_parquet_from_path;load_news_economic_data;_should_skip_table;_get_collector_info;_categorize_dataframe;load_from_db_fallback;reconstruct_from_db,,0,0,True,False,,1,SILENT_EMPTY_RETURN,False,ACTIVE_RISKY,Review/fix risks before trusting component output; add contract/golden tests.
src.cli.pipeline_executor.PipelineExecutor,pipeline_stage,cli/pipeline_executor.py,PipelineExecutor,class,_validate_batch_contract;_log_manifest_details;_load_continue_data;_load_core_continue_data;_load_extra_continue_data;_reconstruct_data_from_db;_identify_table_data_type;_safe_load_parquet;_is_error_result;_validate_continue_inputs;_resolve_tickers;_merge_results_data;resolve_tickers_and_timeframes;log_test_mode_info;_is_test_mode_active;_log_test_mode_details,,0,7,True,False,,2,SILENT_EMPTY_RETURN;TARGET_COLUMN_IN_NON_TARGET_COMPONENT,True,ACTIVE_RISKY,Review/fix risks before trusting component output; add contract/golden tests.
src.cli.pipeline_executor.profile_execution,utility_or_unknown,cli/pipeline_executor.py,profile_execution,function,,,0,3,True,False,,2,SILENT_EMPTY_RETURN;TARGET_COLUMN_IN_NON_TARGET_COMPONENT,True,ACTIVE_RISKY,Review/fix risks before trusting component output; add contract/golden tests.
src.colab.__init__,utility_or_unknown,colab/__init__.py,__init__,module,,,0,415,False,False,,0,,True,ACTIVE_WITH_TEST_REFERENCE,Keep; verify runtime output reaches downstream model/evaluation.
src.config.sentiment_config,utility_or_unknown,config/sentiment_config.py,sentiment_config,module,,,0,4,False,False,,0,,False,ACTIVE_NEEDS_RUNTIME_CONFIRMATION,Use runtime/lineage tracker to confirm execution and output usage.
src.config.tickers.get_tickers,utility_or_unknown,config/tickers.py,get_tickers,function,,,0,87,False,True,,0,,True,ACTIVE_WITH_TEST_REFERENCE,Keep; verify runtime output reaches downstream model/evaluation.
src.config.tickers.get_tickers_dict,utility_or_unknown,config/tickers.py,get_tickers_dict,function,,,0,85,False,True,,0,,True,ACTIVE_WITH_TEST_REFERENCE,Keep; verify runtime output reaches downstream model/evaluation.
src.config.tickers.get_ticker_categories,utility_or_unknown,config/tickers.py,get_ticker_categories,function,,,0,85,False,True,,0,,True,ACTIVE_WITH_TEST_REFERENCE,Keep; verify runtime output reaches downstream model/evaluation.
src.config.tickers.get_category_stats,utility_or_unknown,config/tickers.py,get_category_stats,function,,,0,85,False,True,,0,,True,ACTIVE_WITH_TEST_REFERENCE,Keep; verify runtime output reaches downstream model/evaluation.
src.config.tickers.validate_tickers,utility_or_unknown,config/tickers.py,validate_tickers,function,,,0,86,False,True,,0,,True,ACTIVE_WITH_TEST_REFERENCE,Keep; verify runtime output reaches downstream model/evaluation.
src.config.tickers.export_tickers_to_json,utility_or_unknown,config/tickers.py,export_tickers_to_json,function,,,0,85,False,True,,0,,True,ACTIVE_WITH_TEST_REFERENCE,Keep; verify runtime output reaches downstream model/evaluation.
src.config.unified_config_manager.Environment,utility_or_unknown,config/unified_config_manager.py,Environment,class,,,0,77,False,True,,1,SILENT_EMPTY_RETURN,True,ACTIVE_RISKY,Review/fix risks before trusting component output; add contract/golden tests.
src.config.unified_config_manager.DynamicConfig,utility_or_unknown,config/unified_config_manager.py,DynamicConfig,class,__init__;get;as_dict;__getattr__;_get_attribute_value;__repr__;_deep_merge,,0,73,False,False,,1,SILENT_EMPTY_RETURN,True,ACTIVE_RISKY,Review/fix risks before trusting component output; add contract/golden tests.
src.config.unified_config_manager.UnifiedConfigManager,utility_or_unknown,config/unified_config_manager.py,UnifiedConfigManager,class,__init__;reload;_load_and_resolve_configs;_process_config_files;_merge_config_data;_track_key_source;_resolve_secrets_in_config;_resolve_secrets_and_paths;_resolve_dict_secrets_and_paths;_resolve_list_secrets_and_paths;_resolve_config_value;_is_env_secret_key;_has_placeholders;_resolve_env_secret;_resolve_placeholders;_setup_dynamic_attributes;validate_configuration;_validate_cloud_storage_config;_ensure_paths_exist;_get_paths_dict;_process_path_configurations;_is_valid_path_string;_create_path_if_needed;_resolve_path_object;_determine_directory_to_create;get_runtime_params_path;get_models_path;get_cache_path;get_selected_features_cache_path;get_accumulation_output_dir;_resolve_output_path;_generate_feature_lists;get;_traverse_nested_keys;_get_nested_value;_resolve_placeholders_in_value;get_config;get_current_config,,0,111,False,True,,1,SILENT_EMPTY_RETURN,True,ACTIVE_RISKY,Review/fix risks before trusting component output; add contract/golden tests.
src.config.unified_config_manager.get_current_config,utility_or_unknown,config/unified_config_manager.py,get_current_config,function,,,0,119,False,False,,1,SILENT_EMPTY_RETURN,True,ACTIVE_RISKY,Review/fix risks before trusting component output; add contract/golden tests.
src.config.__init__,utility_or_unknown,config/__init__.py,__init__,module,,,0,415,False,False,,0,,True,ACTIVE_WITH_TEST_REFERENCE,Keep; verify runtime output reaches downstream model/evaluation.
src.core.base_integration.BaseIntegration,utility_or_unknown,core/base_integration.py,BaseIntegration,class,__init__;fetch_with_retry;name;ping;get_status,,0,3,False,False,,0,,False,ACTIVE_NEEDS_RUNTIME_CONFIRMATION,Use runtime/lineage tracker to confirm execution and output usage.
src.core.exceptions.PipelineError,pipeline_stage,core/exceptions.py,PipelineError,class,,,0,50,False,False,,0,,True,ACTIVE_WITH_TEST_REFERENCE,Keep; verify runtime output reaches downstream model/evaluation.
src.core.exceptions.DataLoadError,utility_or_unknown,core/exceptions.py,DataLoadError,class,,,0,51,False,False,,0,,True,ACTIVE_WITH_TEST_REFERENCE,Keep; verify runtime output reaches downstream model/evaluation.
src.core.exceptions.DataProcessingError,utility_or_unknown,core/exceptions.py,DataProcessingError,class,,,0,92,False,False,,0,,True,ACTIVE_WITH_TEST_REFERENCE,Keep; verify runtime output reaches downstream model/evaluation.
src.core.exceptions.ModelTrainingError,model,core/exceptions.py,ModelTrainingError,class,,,0,50,False,False,,0,,True,ACTIVE_WITH_TEST_REFERENCE,Keep; verify runtime output reaches downstream model/evaluation.
src.core.exceptions.FeatureSelectionError,utility_or_unknown,core/exceptions.py,FeatureSelectionError,class,,,0,49,False,False,,0,,True,ACTIVE_WITH_TEST_REFERENCE,Keep; verify runtime output reaches downstream model/evaluation.
src.core.exceptions.ConfigurationError,utility_or_unknown,core/exceptions.py,ConfigurationError,class,,,0,51,False,False,,0,,True,ACTIVE_WITH_TEST_REFERENCE,Keep; verify runtime output reaches downstream model/evaluation.
src.core.version_checker.VersionChecker,validator,core/version_checker.py,VersionChecker,class,__init__;check_python_version;check_package_versions;check_all,,0,0,False,False,,0,,False,UNUSED_POTENTIALLY_VALUABLE,Do not delete; inspect logic and consider integration experiment/ablation.
src.core.__init__,utility_or_unknown,core/__init__.py,__init__,module,,,0,415,False,False,,0,,True,ACTIVE_WITH_TEST_REFERENCE,Keep; verify runtime output reaches downstream model/evaluation.
src.data.data_loader.DataLoaderConfig,utility_or_unknown,data/data_loader.py,DataLoaderConfig,class,__init__,,0,0,False,False,,0,,False,ORPHAN_LOW_SIGNAL,Likely low-priority orphan; quarantine only after config/runtime confirmation.
src.data.data_loader.ColabDataLoader,utility_or_unknown,data/data_loader.py,ColabDataLoader,class,__init__;load_data;_normalize_timezones;check_cache;save_cache_signature,,0,0,False,False,,0,,False,ORPHAN_LOW_SIGNAL,Likely low-priority orphan; quarantine only after config/runtime confirmation.
src.data.__init__,utility_or_unknown,data/__init__.py,__init__,module,,,0,415,False,False,,0,,True,ACTIVE_WITH_TEST_REFERENCE,Keep; verify runtime output reaches downstream model/evaluation.
src.data_sources.local_file_data_source.LocalFileDataSource,collector,data_sources/local_file_data_source.py,LocalFileDataSource,class,__init__;load;read;fetch,fetch;load,0,2,False,True,,0,,True,ACTIVE_WITH_TEST_REFERENCE,Keep; verify runtime output reaches downstream model/evaluation.
src.data_sources.__init__,collector,data_sources/__init__.py,__init__,module,,,0,415,False,False,,0,,True,ACTIVE_WITH_TEST_REFERENCE,Keep; verify runtime output reaches downstream model/evaluation.
src.devtools.rule_generator.ContextRuleGenerator,context_map,devtools/rule_generator.py,ContextRuleGenerator,class,__init__;run_analysis;_generate_rules;_analyze_single_indicator;_save_rules_to_yaml,,0,4,False,False,,3,FUTURE_SHIFT;SILENT_EMPTY_RETURN;TARGET_COLUMN_IN_NON_TARGET_COMPONENT,False,ACTIVE_RISKY,Review/fix risks before trusting component output; add contract/golden tests.
src.devtools.__init__,utility_or_unknown,devtools/__init__.py,__init__,module,,,0,415,False,False,,0,,True,ACTIVE_WITH_TEST_REFERENCE,Keep; verify runtime output reaches downstream model/evaluation.
src.ensembling.stacked_ensemble.EnsembleResult,utility_or_unknown,ensembling/stacked_ensemble.py,EnsembleResult,class,,,0,8,False,False,,0,,False,ACTIVE_NEEDS_RUNTIME_CONFIRMATION,Use runtime/lineage tracker to confirm execution and output usage.
src.ensembling.stacked_ensemble.StackedEnsemble,utility_or_unknown,ensembling/stacked_ensemble.py,StackedEnsemble,class,__init__;train;predict;_predict_stacked;_predict_weighted_average;_predict_median;_predict_voting;save;load;ensemble_forecast;_determine_regime_weights;_apply_weight_constraints;_align_predictions_and_confidences;_calculate_effective_weights;_generate_ensemble_signal;_apply_divergence_penalty;_apply_smoothing;_calculate_final_confidence;_create_ensemble_stats,,0,11,False,False,,0,,False,ACTIVE_NEEDS_RUNTIME_CONFIRMATION,Use runtime/lineage tracker to confirm execution and output usage.
src.ensembling.stacked_ensemble.ensemble_forecast,utility_or_unknown,ensembling/stacked_ensemble.py,ensemble_forecast,function,,,0,9,False,False,,0,,True,ACTIVE_WITH_TEST_REFERENCE,Keep; verify runtime output reaches downstream model/evaluation.
src.factories.model_factory.ModelFactory,factory_registry,factories/model_factory.py,ModelFactory,class,create_model;_validate_and_normalize_name;_get_model_class;_create_ensemble_model;_create_regular_model;_extract_model_params;_create_model_with_filtered_params;_add_random_seed_if_supported;get_available_models;get_model,,0,11,False,True,,1,SILENT_EMPTY_RETURN,True,ACTIVE_RISKY,Review/fix risks before trusting component output; add contract/golden tests.
src.factories.tree_model_factory.TreeModelFactory,factory_registry,factories/tree_model_factory.py,TreeModelFactory,class,create_model;is_tree_model,,0,2,False,False,,0,,True,ACTIVE_WITH_TEST_REFERENCE,Keep; verify runtime output reaches downstream model/evaluation.
src.features.colab_context_integration.ContextAwareColabFeatureSelector,context_map,features/colab_context_integration.py,ContextAwareColabFeatureSelector,class,__init__;_init_selector;select_features;_filter_for_ticker;_get_model_max_features;save_feature_analysis;visualize_context_importance,,0,0,False,False,ticker,1,TARGET_COLUMN_IN_NON_TARGET_COMPONENT,False,UNUSED_POTENTIALLY_VALUABLE,Do not delete; inspect logic and consider integration experiment/ablation.
src.features.colab_context_integration.save_feature_analysis,context_map,features/colab_context_integration.py,save_feature_analysis,function,,,0,0,False,False,ticker,1,TARGET_COLUMN_IN_NON_TARGET_COMPONENT,False,UNUSED_POTENTIALLY_VALUABLE,Do not delete; inspect logic and consider integration experiment/ablation.
src.features.colab_context_integration.visualize_context_importance,context_map,features/colab_context_integration.py,visualize_context_importance,function,,,0,0,False,False,ticker,1,TARGET_COLUMN_IN_NON_TARGET_COMPONENT,False,UNUSED_POTENTIALLY_VALUABLE,Do not delete; inspect logic and consider integration experiment/ablation.
src.features.context_aware_feature_selector.ContextAwareFeatureSelector,context_map,features/context_aware_feature_selector.py,ContextAwareFeatureSelector,class,__init__;_init_selector;select_features;_categorize_features;_clean_data;_select_with_sklearn;_select_with_random_forest;_analyze_context_importance;avg_importance;save_analysis,,0,2,False,False,,0,,False,ACTIVE_NEEDS_RUNTIME_CONFIRMATION,Use runtime/lineage tracker to confirm execution and output usage.
src.features.feature_cache.FeatureCache,utility_or_unknown,features/feature_cache.py,FeatureCache,class,__init__;get_features;save_features;invalidate_ticker;clear_cache;get_stats;_generate_cache_key;_validate_cache;_cleanup_old_cache;get_feature_cache;clear_feature_cache;get_cache_stats,,0,2,False,False,,1,SILENT_EMPTY_RETURN,False,ACTIVE_RISKY,Review/fix risks before trusting component output; add contract/golden tests.
src.features.feature_cache.get_feature_cache,utility_or_unknown,features/feature_cache.py,get_feature_cache,function,,,0,4,False,False,,1,SILENT_EMPTY_RETURN,False,ACTIVE_RISKY,Review/fix risks before trusting component output; add contract/golden tests.
src.features.feature_cache.clear_feature_cache,utility_or_unknown,features/feature_cache.py,clear_feature_cache,function,,,0,2,False,False,,1,SILENT_EMPTY_RETURN,False,ACTIVE_RISKY,Review/fix risks before trusting component output; add contract/golden tests.
src.features.feature_cache.get_cache_stats,utility_or_unknown,features/feature_cache.py,get_cache_stats,function,,,0,2,False,False,,1,SILENT_EMPTY_RETURN,False,ACTIVE_RISKY,Review/fix risks before trusting component output; add contract/golden tests.
src.features.feature_orchestrator.FeatureOrchestrator,pipeline_stage,features/feature_orchestrator.py,FeatureOrchestrator,class,__init__;create_from_config;_discover_enrichers_in_module;_process_enricher_class;_get_enricher_id;_is_enricher_enabled;_instantiate_enricher;_dedupe_enrichers;_process_single_enricher;_handle_duplicate_columns;_optimize_dataframe_memory;_log_enrichment_summary;run;_add_timeframe_suffix;_run_dynamic_context_selection,run,0,19,True,True,,2,SILENT_EMPTY_RETURN;TARGET_COLUMN_IN_NON_TARGET_COMPONENT,False,ACTIVE_RISKY,Review/fix risks before trusting component output; add contract/golden tests.
src.features.feature_orchestrator.get_lineage_tracker,pipeline_stage,features/feature_orchestrator.py,get_lineage_tracker,function,,,0,5,True,False,,2,SILENT_EMPTY_RETURN;TARGET_COLUMN_IN_NON_TARGET_COMPONENT,False,ACTIVE_RISKY,Review/fix risks before trusting component output; add contract/golden tests.
src.features.feature_orchestrator.enable_lineage_tracking,pipeline_stage,features/feature_orchestrator.py,enable_lineage_tracking,function,,,0,6,True,False,,2,SILENT_EMPTY_RETURN;TARGET_COLUMN_IN_NON_TARGET_COMPONENT,False,ACTIVE_RISKY,Review/fix risks before trusting component output; add contract/golden tests.
src.features.feature_orchestrator.disable_lineage_tracking,pipeline_stage,features/feature_orchestrator.py,disable_lineage_tracking,function,,,0,6,True,False,,2,SILENT_EMPTY_RETURN;TARGET_COLUMN_IN_NON_TARGET_COMPONENT,False,ACTIVE_RISKY,Review/fix risks before trusting component output; add contract/golden tests.
src.features.feature_selection_cache.FeatureSelectionCache,selector,features/feature_selection_cache.py,FeatureSelectionCache,class,__init__;_load_cache;_save_cache;_compute_cache_key;get_selection;save_selection;is_cached;invalidate;get_statistics;print_statistics;get_feature_selection_cache,,0,0,False,False,,2,SILENT_EMPTY_RETURN;TARGET_COLUMN_IN_NON_TARGET_COMPONENT,False,UNUSED_POTENTIALLY_VALUABLE,Do not delete; inspect logic and consider integration experiment/ablation.
src.features.feature_selection_cache.get_feature_selection_cache,selector,features/feature_selection_cache.py,get_feature_selection_cache,function,,,0,0,False,False,,2,SILENT_EMPTY_RETURN;TARGET_COLUMN_IN_NON_TARGET_COMPONENT,False,UNUSED_POTENTIALLY_VALUABLE,Do not delete; inspect logic and consider integration experiment/ablation.
src.features.feature_selector.FeatureSelectorConfig,selector,features/feature_selector.py,FeatureSelectorConfig,class,__init__,,0,1,False,False,ticker,1,TARGET_COLUMN_IN_NON_TARGET_COMPONENT,True,ACTIVE_RISKY,Review/fix risks before trusting component output; add contract/golden tests.
src.features.feature_selector.SimpleFeatureSelector,selector,features/feature_selector.py,SimpleFeatureSelector,class,select,select,0,2,False,False,ticker,1,TARGET_COLUMN_IN_NON_TARGET_COMPONENT,True,ACTIVE_RISKY,Review/fix risks before trusting component output; add contract/golden tests.
src.features.feature_selector.ColabFeatureSelector,selector,features/feature_selector.py,ColabFeatureSelector,class,__init__;_init_selector;select_features;_filter_features_for_ticker;_filter_targets_for_ticker;_validate_data_sufficiency;_perform_feature_selection;_convert_feature_names_to_indices;_create_filtered_features;_get_model_max_features,,0,2,False,False,ticker,1,TARGET_COLUMN_IN_NON_TARGET_COMPONENT,True,ACTIVE_RISKY,Review/fix risks before trusting component output; add contract/golden tests.
src.features.feature_selector.FeatureSelector,selector,features/feature_selector.py,FeatureSelector,class,__init__,,0,2,False,False,ticker,1,TARGET_COLUMN_IN_NON_TARGET_COMPONENT,True,ACTIVE_RISKY,Review/fix risks before trusting component output; add contract/golden tests.
src.features.news_clusterer.NewsClusterer,utility_or_unknown,features/news_clusterer.py,NewsClusterer,class,__init__;_initialize_model;_initialize_tfidf;cluster_news;_compute_embeddings;_cluster_embeddings;_select_representatives;get_cluster_statistics;save_cluster_mapping;cluster_news_simple,,0,1,False,False,cluster_id;is_cluster_representative,1,SILENT_EMPTY_RETURN,False,ACTIVE_RISKY,Review/fix risks before trusting component output; add contract/golden tests.
src.features.news_clusterer.cluster_news_simple,utility_or_unknown,features/news_clusterer.py,cluster_news_simple,function,,,0,2,False,False,cluster_id;is_cluster_representative,1,SILENT_EMPTY_RETURN,False,ACTIVE_RISKY,Review/fix risks before trusting component output; add contract/golden tests.
src.features.news_dataset_builder.NewsContextDatasetBuilder,context_map,features/news_dataset_builder.py,NewsContextDatasetBuilder,class,__init__;_get_tickers;_filter_news_with_sufficient_candles;build_dataset;_build_news_row;_add_candle_to_row;_get_ticker_prices;_get_macro_context;_get_market_sentiment_context;_get_temporal_features;_is_trading_hours;_add_metadata;save_dataset,,0,3,False,False,dataset_version;generated_at;n_tickers;n_timeframes;ticker,1,SILENT_EMPTY_RETURN,True,ACTIVE_RISKY,Review/fix risks before trusting component output; add contract/golden tests.
src.features.news_impact_classifier.NewsImpact,utility_or_unknown,features/news_impact_classifier.py,NewsImpact,class,,,0,1,False,False,,0,,False,ACTIVE_NEEDS_RUNTIME_CONFIRMATION,Use runtime/lineage tracker to confirm execution and output usage.
src.features.news_impact_classifier.NewsImpactClassifier,utility_or_unknown,features/news_impact_classifier.py,NewsImpactClassifier,class,__init__;_load_impact_config;_load_sector_mapping;classify_impact;_normalize_text;_find_impact_type;_get_affected_tickers;_extract_tickers_from_text;_get_affected_sectors;_get_priority_and_retention;get_relevant_combinations;log_impact_analysis,,0,2,False,False,,0,,False,ACTIVE_NEEDS_RUNTIME_CONFIRMATION,Use runtime/lineage tracker to confirm execution and output usage.
src.features.__init__,utility_or_unknown,features/__init__.py,__init__,module,,,0,415,False,False,,0,,True,ACTIVE_WITH_TEST_REFERENCE,Keep; verify runtime output reaches downstream model/evaluation.
src.feature_engineering.__init__,enricher,feature_engineering/__init__.py,__init__,module,,,0,415,False,False,,0,,True,ACTIVE_WITH_TEST_REFERENCE,Keep; verify runtime output reaches downstream model/evaluation.
src.integration.dashboard_data_bridge.DashboardDataBridge,utility_or_unknown,integration/dashboard_data_bridge.py,DashboardDataBridge,class,__init__;_initialize_data_sources;get_dashboard_data;_fetch_data_by_type;_query_df;_mark_sample_data;_mark_real_data;_is_cache_valid;_get_model_performance_data;_get_trading_activity_data;_get_portfolio_metrics_data;_get_market_data;_get_system_status_data;_get_ensemble_weights_data;_get_arena_results_data;clear_cache;get_cache_info,,0,0,False,False,,1,SILENT_EMPTY_RETURN,True,ORPHAN_LOW_SIGNAL,Likely low-priority orphan; quarantine only after config/runtime confirmation.
src.integration.ensemble_performance_bridge.EnsemblePerformanceBridge,utility_or_unknown,integration/ensemble_performance_bridge.py,EnsemblePerformanceBridge,class,__init__;sync_ensemble_performance_to_tracker;get_unified_performance_view;_extract_ensemble_metrics;_convert_to_tracker_format;_merge_performance_data;get_ensemble_weights_for_prediction;update_ensemble_from_tracker,,0,3,False,False,,1,SILENT_EMPTY_RETURN,False,ACTIVE_RISKY,Review/fix risks before trusting component output; add contract/golden tests.
src.integration.ensemble_selector,selector,integration/ensemble_selector.py,ensemble_selector,module,,,0,1,False,False,,0,,True,ACTIVE_WITH_TEST_REFERENCE,Keep; verify runtime output reaches downstream model/evaluation.
src.integrations.base.BaseIntegration,utility_or_unknown,integrations/base.py,BaseIntegration,class,__init__;name;ping;get_status,,0,71,False,True,,0,,True,ACTIVE_WITH_TEST_REFERENCE,Keep; verify runtime output reaches downstream model/evaluation.
src.main.system_orchestrator.ExecutionConfig,pipeline_stage,main/system_orchestrator.py,ExecutionConfig,class,,,0,1,True,False,,1,SILENT_EMPTY_RETURN,True,ACTIVE_RISKY,Review/fix risks before trusting component output; add contract/golden tests.
src.main.system_orchestrator.SystemOrchestrator,pipeline_stage,main/system_orchestrator.py,SystemOrchestrator,class,__init__;_get_mode_class;_handle_unknown_mode;_handle_mode_error;_should_run_parallel;_run_parallel_execution;_run_single_instance_sync;_run_web_ui,,0,2,True,False,,1,SILENT_EMPTY_RETURN,True,ACTIVE_RISKY,Review/fix risks before trusting component output; add contract/golden tests.
src.main.__init__,utility_or_unknown,main/__init__.py,__init__,module,,,0,415,True,False,,0,,True,ACTIVE_WITH_TEST_REFERENCE,Keep; verify runtime output reaches downstream model/evaluation.
src.meta_learning.base.BaseMetaComponent,utility_or_unknown,meta_learning/base.py,BaseMetaComponent,class,update;name;get_state,,0,72,False,True,,0,,True,ACTIVE_WITH_TEST_REFERENCE,Keep; verify runtime output reaches downstream model/evaluation.
src.meta_learning.real_time_learning.RealTimeLearning,utility_or_unknown,meta_learning/real_time_learning.py,RealTimeLearning,class,__init__;update_and_adapt;_update_trade_history;_standardize_trade_data;_analyze_performance;_identify_problematic_models;_perform_adaptation;_generate_recommendations;_calculate_next_adaptation;_calculate_max_drawdown;_calculate_sharpe_ratio;_calculate_performance_trend;_update_metadata;get_learning_status,,0,2,False,False,confidence;market_volatility;position_size;profit_loss_positive;signal_strength,0,,True,ACTIVE_WITH_TEST_REFERENCE,Keep; verify runtime output reaches downstream model/evaluation.
src.meta_learning.real_time_learning.StrategyAdaptator,utility_or_unknown,meta_learning/real_time_learning.py,StrategyAdaptator,class,__init__;adapt_model_weights;adapt_risk_parameters;adapt_entry_exit_strategies,,0,1,False,False,confidence;market_volatility;position_size;profit_loss_positive;signal_strength,0,,True,ACTIVE_WITH_TEST_REFERENCE,Keep; verify runtime output reaches downstream model/evaluation.
src.meta_learning.real_time_learning.PerformanceTracker,utility_or_unknown,meta_learning/real_time_learning.py,PerformanceTracker,class,__init__;track_performance,,0,1,False,False,confidence;market_volatility;position_size;profit_loss_positive;signal_strength,0,,True,ACTIVE_WITH_TEST_REFERENCE,Keep; verify runtime output reaches downstream model/evaluation.
src.meta_learning.real_time_learning.MetaLearner,utility_or_unknown,meta_learning/real_time_learning.py,MetaLearner,class,__init__;update_meta_model;_prepare_meta_features,,0,1,False,False,confidence;market_volatility;position_size;profit_loss_positive;signal_strength,0,,True,ACTIVE_WITH_TEST_REFERENCE,Keep; verify runtime output reaches downstream model/evaluation.
src.meta_learning.__init__,utility_or_unknown,meta_learning/__init__.py,__init__,module,,,0,414,False,False,,0,,True,ACTIVE_WITH_TEST_REFERENCE,Keep; verify runtime output reaches downstream model/evaluation.
src.metrics.base.BaseMetricCalculator,calculator,metrics/base.py,BaseMetricCalculator,class,calculate;category;validate_input;get_summary,calculate,0,71,False,True,,0,,True,ACTIVE_WITH_TEST_REFERENCE,Keep; verify runtime output reaches downstream model/evaluation.
src.metrics.calculator.MetricsCalculator,calculator,metrics/calculator.py,MetricsCalculator,class,_get_config_value;__init__;get_ml_metrics;get_portfolio_metrics;calculate;get_full_report,calculate,0,28,False,False,,0,,True,ACTIVE_WITH_TEST_REFERENCE,Keep; verify runtime output reaches downstream model/evaluation.
src.models.feature_selector.ModelFeatureSelector,selector,models/feature_selector.py,ModelFeatureSelector,class,__init__;select_features;select_additional_features;get_feature_names,,0,1,False,False,,1,TARGET_COLUMN_IN_NON_TARGET_COMPONENT,True,ACTIVE_RISKY,Review/fix risks before trusting component output; add contract/golden tests.
src.models.integrated_model_manager.IntegratedModelManager,model,models/integrated_model_manager.py,IntegratedModelManager,class,__init__;_store_analysis_results;get_model_health_summary,,0,2,False,False,,0,,False,ACTIVE_NEEDS_RUNTIME_CONFIRMATION,Use runtime/lineage tracker to confirm execution and output usage.
src.models.integrated_model_manager.get_integrated_model_manager,model,models/integrated_model_manager.py,get_integrated_model_manager,function,,,0,2,False,False,,0,,False,ACTIVE_NEEDS_RUNTIME_CONFIRMATION,Use runtime/lineage tracker to confirm execution and output usage.
src.models.interfaces.BaseModel,model,models/interfaces.py,BaseModel,class,__init__;name;train;predict;evaluate;save_model;load_model;_resolve_model_artifact_path;get_model_info,predict,0,51,False,False,,0,,True,ACTIVE_WITH_TEST_REFERENCE,Keep; verify runtime output reaches downstream model/evaluation.
src.models.loader.ModelLoaderStrategy,model,models/loader.py,ModelLoaderStrategy,class,__init__;_try_direct_load;_try_loader;load_model;load_path;_load_local_model;_load_colab_model;_load_consensus_model;_load_stacked_ensemble;_load_joblib;_load_pickle;_load_keras_model;_try_standard_load;_try_safe_mode_load;_try_minimal_load;_create_fallback_model;_wrap_keras_model;__init__;predict;_load_torch_model;_extract_input_size;_create_light_model;_create_mlp_model;_create_lstm_model;__init__;forward;_create_gru_model;__init__;forward;_create_cnn_model;__init__;forward;_create_transformer_model;__init__;forward;_create_autoencoder_model;__init__;forward;_create_default_model;_create_pytorch_model;_wrap_pytorch_model;__init__;predict;add_loader,predict,0,7,False,False,,1,SILENT_EMPTY_RETURN,True,ACTIVE_RISKY,Review/fix risks before trusting component output; add contract/golden tests.
src.models.loader.ModelLoaderFactory,model,models/loader.py,ModelLoaderFactory,class,create_loader;create_colab_loader,,0,6,False,False,,1,SILENT_EMPTY_RETURN,True,ACTIVE_RISKY,Review/fix risks before trusting component output; add contract/golden tests.
src.models.model_pool.ModelPool,model,models/model_pool.py,ModelPool,class,__init__;get_model;load_bitcoin_model;add_model;remove_model;has_model;clear;get_stats;memory_usage_mb;get_model_pool;clear_model_pool;get_pool_stats,,0,4,False,False,,1,SILENT_EMPTY_RETURN,False,ACTIVE_RISKY,Review/fix risks before trusting component output; add contract/golden tests.
src.models.model_pool.get_model_pool,model,models/model_pool.py,get_model_pool,function,,,0,4,False,False,,1,SILENT_EMPTY_RETURN,False,ACTIVE_RISKY,Review/fix risks before trusting component output; add contract/golden tests.
src.models.model_pool.clear_model_pool,model,models/model_pool.py,clear_model_pool,function,,,0,3,False,False,,1,SILENT_EMPTY_RETURN,False,ACTIVE_RISKY,Review/fix risks before trusting component output; add contract/golden tests.
src.models.model_pool.get_pool_stats,model,models/model_pool.py,get_pool_stats,function,,,0,3,False,False,,1,SILENT_EMPTY_RETURN,False,ACTIVE_RISKY,Review/fix risks before trusting component output; add contract/golden tests.
src.models.persistent_pool.PersistentModelPool,model,models/persistent_pool.py,PersistentModelPool,class,__init__;add_model_with_metadata;get_model_with_quality_check;warm_up;update_quality_score;get_metadata;_load_cache_index;_save_cache_index;get_enhanced_stats;export_to_disk;get_persistent_pool,,0,0,False,False,,1,SILENT_EMPTY_RETURN,True,ORPHAN_LOW_SIGNAL,Likely low-priority orphan; quarantine only after config/runtime confirmation.
src.models.persistent_pool.get_persistent_pool,model,models/persistent_pool.py,get_persistent_pool,function,,,0,0,False,False,,1,SILENT_EMPTY_RETURN,True,ORPHAN_LOW_SIGNAL,Likely low-priority orphan; quarantine only after config/runtime confirmation.
src.models.__init__,model,models/__init__.py,__init__,module,,,0,415,False,False,,0,,True,ACTIVE_WITH_TEST_REFERENCE,Keep; verify runtime output reaches downstream model/evaluation.
src.monitoring.config.MonitoringConfig,utility_or_unknown,monitoring/config.py,MonitoringConfig,class,__init__;_get_default_config_path;load_config;save_config;_apply_environment_variables;_parse_env_value;_set_nested_config;_validate_config;_get_default_config;get_config_for_environment;get_monitoring_config;create_config_file,,0,221,False,True,,0,,True,ACTIVE_WITH_TEST_REFERENCE,Keep; verify runtime output reaches downstream model/evaluation.
src.monitoring.config.get_monitoring_config,utility_or_unknown,monitoring/config.py,get_monitoring_config,function,,,0,221,False,True,,0,,True,ACTIVE_WITH_TEST_REFERENCE,Keep; verify runtime output reaches downstream model/evaluation.
src.monitoring.config.create_config_file,utility_or_unknown,monitoring/config.py,create_config_file,function,,,0,221,False,True,,0,,True,ACTIVE_WITH_TEST_REFERENCE,Keep; verify runtime output reaches downstream model/evaluation.
src.monitoring.dashboard.TextBasedDashboard,utility_or_unknown,monitoring/dashboard.py,TextBasedDashboard,class,__init__;generate_report;print_report;save_report,,0,9,False,True,,0,,False,ACTIVE_NEEDS_RUNTIME_CONFIRMATION,Use runtime/lineage tracker to confirm execution and output usage.
src.monitoring.dashboard.MonitoringDashboardGenerator,utility_or_unknown,monitoring/dashboard.py,MonitoringDashboardGenerator,class,__init__;start_auto_save;stop_auto_save;_auto_save_loop;run_web_dashboard,,0,10,False,True,,0,,False,ACTIVE_NEEDS_RUNTIME_CONFIRMATION,Use runtime/lineage tracker to confirm execution and output usage.
src.monitoring.data_freshness_monitor.DataFreshnessMonitor,utility_or_unknown,monitoring/data_freshness_monitor.py,DataFreshnessMonitor,class,__init__;_get_latest_timestamp_from_parquet;_get_latest_timestamp_from_models;_find_datetime_column;_should_send_alert;_create_alert_message;_log_freshness_summary;get_freshness_history;get_freshness_metrics,,0,5,False,False,,1,SILENT_EMPTY_RETURN,False,ACTIVE_RISKY,Review/fix risks before trusting component output; add contract/golden tests.
src.monitoring.data_freshness_monitor.get_data_freshness_monitor,utility_or_unknown,monitoring/data_freshness_monitor.py,get_data_freshness_monitor,function,,,0,6,False,False,,1,SILENT_EMPTY_RETURN,False,ACTIVE_RISKY,Review/fix risks before trusting component output; add contract/golden tests.
src.monitoring.feature_drift_monitor.FeatureDriftMonitor,utility_or_unknown,monitoring/feature_drift_monitor.py,FeatureDriftMonitor,class,__init__;set_reference_data;check_drift;get_drift_summary;get_metrics;check_feature_drift;get_feature_drift_monitor,,0,6,False,False,,1,TARGET_COLUMN_IN_NON_TARGET_COMPONENT,False,ACTIVE_RISKY,Review/fix risks before trusting component output; add contract/golden tests.
src.monitoring.feature_drift_monitor.check_feature_drift,utility_or_unknown,monitoring/feature_drift_monitor.py,check_feature_drift,function,,,0,6,False,False,,1,TARGET_COLUMN_IN_NON_TARGET_COMPONENT,False,ACTIVE_RISKY,Review/fix risks before trusting component output; add contract/golden tests.
src.monitoring.feature_drift_monitor.get_feature_drift_monitor,utility_or_unknown,monitoring/feature_drift_monitor.py,get_feature_drift_monitor,function,,,0,7,False,False,,1,TARGET_COLUMN_IN_NON_TARGET_COMPONENT,False,ACTIVE_RISKY,Review/fix risks before trusting component output; add contract/golden tests.
src.monitoring.health_hub.HealthHub,utility_or_unknown,monitoring/health_hub.py,HealthHub,class,__init__;_initialize_core_components;_setup_cache_manager;_initialize_monitoring_components;_setup_model_directory;load_ml_models;_get_model_file_mapping;_load_prediction_models;_load_scaler_models;check_system_health;_get_current_metrics;_handle_memory_management;_predict_resource_risks;_predict_single_risk;_build_health_report;extract_features_from_metrics;calculate_risk_level;calculate_overall_risk;detect_anomalies;generate_ml_recommendations;check_model_drift;_load_performance_data;_split_performance_data;_calculate_drift_metrics,,0,6,False,False,timestamp,1,SILENT_EMPTY_RETURN,True,ACTIVE_RISKY,Review/fix risks before trusting component output; add contract/golden tests.
src.monitoring.ml_analytics.MLAnalytics,utility_or_unknown,monitoring/ml_analytics.py,MLAnalytics,class,__init__;load_ml_models;train_models;predict_system_issues;check_model_drift;extract_features_from_metrics;calculate_risk_level;calculate_overall_risk;detect_anomalies;generate_ml_recommendations;load_historical_data;prepare_training_data;train_problem_predictor;_chronological_split;train_anomaly_detector,,0,0,False,False,timestamp,1,SILENT_EMPTY_RETURN,True,ORPHAN_LOW_SIGNAL,Likely low-priority orphan; quarantine only after config/runtime confirmation.
src.monitoring.monitoring_system.alertseverity,utility_or_unknown,monitoring/monitoring_system.py,alertseverity,class,,,0,4,False,False,,1,SILENT_EMPTY_RETURN,False,ACTIVE_RISKY,Review/fix risks before trusting component output; add contract/golden tests.
src.monitoring.monitoring_system.alertstatus,utility_or_unknown,monitoring/monitoring_system.py,alertstatus,class,,,0,4,False,False,,1,SILENT_EMPTY_RETURN,False,ACTIVE_RISKY,Review/fix risks before trusting component output; add contract/golden tests.
src.monitoring.monitoring_system.MetricType,calculator,monitoring/monitoring_system.py,MetricType,class,,,0,4,False,False,,1,SILENT_EMPTY_RETURN,False,ACTIVE_RISKY,Review/fix risks before trusting component output; add contract/golden tests.
src.monitoring.monitoring_system.BaseMonitor,utility_or_unknown,monitoring/monitoring_system.py,BaseMonitor,class,__init__;start;stop;collect_metrics;check_thresholds;generate_report,,0,4,False,False,,1,SILENT_EMPTY_RETURN,False,ACTIVE_RISKY,Review/fix risks before trusting component output; add contract/golden tests.
src.monitoring.monitoring_system.SystemHealthMonitor,utility_or_unknown,monitoring/monitoring_system.py,SystemHealthMonitor,class,__init__;collect_metrics;check_thresholds;_create_alert,,0,4,False,False,,1,SILENT_EMPTY_RETURN,False,ACTIVE_RISKY,Review/fix risks before trusting component output; add contract/golden tests.
src.monitoring.monitoring_system.ModelPerformanceMonitor,model,monitoring/monitoring_system.py,ModelPerformanceMonitor,class,__init__;collect_metrics;update_model_metrics;_create_drift_alert,,0,5,False,False,,1,SILENT_EMPTY_RETURN,False,ACTIVE_RISKY,Review/fix risks before trusting component output; add contract/golden tests.
src.monitoring.monitoring_system.DataQualityMonitor,utility_or_unknown,monitoring/monitoring_system.py,DataQualityMonitor,class,__init__;collect_metrics;update_data_quality;_create_quality_alert,,0,4,False,False,,1,SILENT_EMPTY_RETURN,False,ACTIVE_RISKY,Review/fix risks before trusting component output; add contract/golden tests.
src.monitoring.monitoring_system.AlertManager,utility_or_unknown,monitoring/monitoring_system.py,AlertManager,class,__init__;process_alert;resolve_alert;get_active_alerts;cleanup_old_alerts;_send_notifications;_send_log_notification;_send_email_notification;_send_slack_notification,,0,8,False,False,,1,SILENT_EMPTY_RETURN,False,ACTIVE_RISKY,Review/fix risks before trusting component output; add contract/golden tests.
src.monitoring.monitoring_system.MonitoringDashboard,utility_or_unknown,monitoring/monitoring_system.py,MonitoringDashboard,class,__init__;generate_dashboard_data;_group_alerts_by_severity;_get_recent_alerts;_generate_summary,,0,5,False,False,,1,SILENT_EMPTY_RETURN,False,ACTIVE_RISKY,Review/fix risks before trusting component output; add contract/golden tests.
src.monitoring.monitoring_system.MonitoringSystem,utility_or_unknown,monitoring/monitoring_system.py,MonitoringSystem,class,__init__;start;stop;_monitoring_loop;get_dashboard_data;get_health_report;update_model_metrics;update_data_quality,,0,6,False,False,,1,SILENT_EMPTY_RETURN,False,ACTIVE_RISKY,Review/fix risks before trusting component output; add contract/golden tests.
src.monitoring.run_dashboard.main,utility_or_unknown,monitoring/run_dashboard.py,main,function,,,0,27,True,True,,0,,True,ACTIVE_WITH_TEST_REFERENCE,Keep; verify runtime output reaches downstream model/evaluation.
src.monitoring.__init__,utility_or_unknown,monitoring/__init__.py,__init__,module,,,0,415,False,False,,0,,True,ACTIVE_WITH_TEST_REFERENCE,Keep; verify runtime output reaches downstream model/evaluation.
src.optimization.base.BaseOptimizer,algorithm,optimization/base.py,BaseOptimizer,class,__init__;best_score;best_score;optimizer_type;optimize;validate_params;get_status,optimize,0,73,False,True,,0,,True,ACTIVE_WITH_TEST_REFERENCE,Keep; verify runtime output reaches downstream model/evaluation.
src.optimization.dynamic_config_updater.DynamicConfigurationUpdater,algorithm,optimization/dynamic_config_updater.py,DynamicConfigurationUpdater,class,__init__;update_batch_size_for_memory;update_epochs_for_convergence;update_learning_rate_for_loss;update_max_features_for_memory;suggest_early_stopping;_log_adjustment;get_config;get_adjustment_log;save_adjustment_log;reset_to_base,,0,0,False,False,,0,,False,UNUSED_POTENTIALLY_VALUABLE,Do not delete; inspect logic and consider integration experiment/ablation.
src.optimization.factory.OptimizationFactory,algorithm,optimization/factory.py,OptimizationFactory,class,get_optimizer,,0,13,False,True,,0,,True,ACTIVE_WITH_TEST_REFERENCE,Keep; verify runtime output reaches downstream model/evaluation.
src.optimization.hyperparameter_searcher.HyperparameterSearcher,algorithm,optimization/hyperparameter_searcher.py,HyperparameterSearcher,class,__init__;_check_optuna;search_mlp_params;search_lstm_params;_optimize_optuna_mlp;objective;_optimize_optuna_lstm;objective;_optimize_grid_search;_evaluate_mlp_params;_evaluate_lstm_params;_prepare_eval_arrays;_to_2d_array;_score_predictions;_get_default_param_space;save_results;get_summary,,0,0,False,False,,1,SILENT_EMPTY_RETURN,True,UNUSED_POTENTIALLY_VALUABLE,Do not delete; inspect logic and consider integration experiment/ablation.
src.optimization.__init__,algorithm,optimization/__init__.py,__init__,module,,,0,415,False,False,,0,,True,ACTIVE_WITH_TEST_REFERENCE,Keep; verify runtime output reaches downstream model/evaluation.
src.patterns.pattern_analyzer.PatternDebugger,utility_or_unknown,patterns/pattern_analyzer.py,PatternDebugger,class,__init__;start_analysis;log;track_step;log_data_info;log_patterns;log_bias_calculation;save_debug_session;end_analysis,,0,1,False,True,,1,SILENT_EMPTY_RETURN,True,ACTIVE_RISKY,Review/fix risks before trusting component output; add contract/golden tests.
src.patterns.pattern_analyzer.PatternAnalyzer,analyzer,patterns/pattern_analyzer.py,PatternAnalyzer,class,__init__;analyze;_detect_price_patterns;_analyze_news_batch;get_signal_bias;_find_fractal_similarity;detect_regime_patterns,analyze,0,1,False,True,,1,SILENT_EMPTY_RETURN,True,ACTIVE_RISKY,Review/fix risks before trusting component output; add contract/golden tests.
src.pipeline.constants,utility_or_unknown,pipeline/constants.py,constants,module,,,0,6,True,False,,0,,False,ACTIVE_NEEDS_RUNTIME_CONFIRMATION,Use runtime/lineage tracker to confirm execution and output usage.
src.pipeline.hybrid_orchestrator.HybridOrchestrator,pipeline_stage,pipeline/hybrid_orchestrator.py,HybridOrchestrator,class,__init__;load_colab_results;get_summary,,0,10,True,False,,0,,False,ACTIVE_NEEDS_RUNTIME_CONFIRMATION,Use runtime/lineage tracker to confirm execution and output usage.
src.pipeline.pipeline_factory.PipelineFactory,factory_registry,pipeline/pipeline_factory.py,PipelineFactory,class,create_dependencies,,0,0,True,False,,0,,False,ACTIVE_NEEDS_RUNTIME_CONFIRMATION,Use runtime/lineage tracker to confirm execution and output usage.
src.pipeline.pipeline_orchestrator.StageLoggingRequest,pipeline_stage,pipeline/pipeline_orchestrator.py,StageLoggingRequest,class,,,0,8,True,False,,1,SILENT_EMPTY_RETURN,True,ACTIVE_RISKY,Review/fix risks before trusting component output; add contract/golden tests.
src.pipeline.pipeline_orchestrator.PipelineOrchestrator,pipeline_stage,pipeline/pipeline_orchestrator.py,PipelineOrchestrator,class,__init__;_load_stages;_execute_sync;_runner;execute_full_pipeline;execute_training_pipeline;run_incremental_pipeline;_initialize_stage_outputs;_should_run_stage;_validate_stage_output;_get_memory_usage;_log_models_metadata;_log_stage_completion;_handle_stage_error;_log_memory_statistics,,0,18,True,False,,1,SILENT_EMPTY_RETURN,True,ACTIVE_RISKY,Review/fix risks before trusting component output; add contract/golden tests.
src.pipeline.stage_loader.StageLoader,pipeline_stage,pipeline/stage_loader.py,StageLoader,class,__init__;load_stages,,0,0,True,False,,0,,True,ACTIVE_WITH_TEST_REFERENCE,Keep; verify runtime output reaches downstream model/evaluation.
src.predictions.caching.PredictionCache,utility_or_unknown,predictions/caching.py,PredictionCache,class,__init__;_hash_features;get_or_compute;clear;get_statistics;print_statistics,,0,17,False,False,,1,SILENT_EMPTY_RETURN,False,ACTIVE_RISKY,Review/fix risks before trusting component output; add contract/golden tests.
src.predictions.caching.EnsembleResultCache,utility_or_unknown,predictions/caching.py,EnsembleResultCache,class,__init__;get_or_compute_model_prediction;get_or_compute_ensemble;get_statistics;print_statistics;get_prediction_cache;get_ensemble_cache;clear_all_caches,,0,17,False,False,,1,SILENT_EMPTY_RETURN,False,ACTIVE_RISKY,Review/fix risks before trusting component output; add contract/golden tests.
src.predictions.caching.get_prediction_cache,utility_or_unknown,predictions/caching.py,get_prediction_cache,function,,,0,17,False,False,,1,SILENT_EMPTY_RETURN,False,ACTIVE_RISKY,Review/fix risks before trusting component output; add contract/golden tests.
src.predictions.caching.get_ensemble_cache,utility_or_unknown,predictions/caching.py,get_ensemble_cache,function,,,0,18,False,False,,1,SILENT_EMPTY_RETURN,False,ACTIVE_RISKY,Review/fix risks before trusting component output; add contract/golden tests.
src.predictions.caching.clear_all_caches,utility_or_unknown,predictions/caching.py,clear_all_caches,function,,,0,17,False,False,,1,SILENT_EMPTY_RETURN,False,ACTIVE_RISKY,Review/fix risks before trusting component output; add contract/golden tests.
src.predictions.deep_predict.predict_lstm,utility_or_unknown,predictions/deep_predict.py,predict_lstm,function,,,0,2,False,False,,0,,False,ACTIVE_NEEDS_RUNTIME_CONFIRMATION,Use runtime/lineage tracker to confirm execution and output usage.
src.predictions.deep_predict.predict_cnn,utility_or_unknown,predictions/deep_predict.py,predict_cnn,function,,,0,2,False,False,,0,,False,ACTIVE_NEEDS_RUNTIME_CONFIRMATION,Use runtime/lineage tracker to confirm execution and output usage.
src.predictions.deep_predict.predict_transformer,utility_or_unknown,predictions/deep_predict.py,predict_transformer,function,,,0,2,False,False,,0,,False,ACTIVE_NEEDS_RUNTIME_CONFIRMATION,Use runtime/lineage tracker to confirm execution and output usage.
src.predictions.deep_predict.predict_autoencoder,utility_or_unknown,predictions/deep_predict.py,predict_autoencoder,function,,,0,1,False,False,,0,,False,ACTIVE_NEEDS_RUNTIME_CONFIRMATION,Use runtime/lineage tracker to confirm execution and output usage.
src.predictions.models_predict.safe_inverse_transform,model,predictions/models_predict.py,safe_inverse_transform,function,,,0,0,False,False,,1,TARGET_COLUMN_IN_NON_TARGET_COMPONENT,True,ORPHAN_LOW_SIGNAL,Likely low-priority orphan; quarantine only after config/runtime confirmation.
src.predictions.models_predict.predict_ml,model,predictions/models_predict.py,predict_ml,function,,,0,0,False,False,,1,TARGET_COLUMN_IN_NON_TARGET_COMPONENT,True,ORPHAN_LOW_SIGNAL,Likely low-priority orphan; quarantine only after config/runtime confirmation.
src.predictions.models_predict.predict_any,model,predictions/models_predict.py,predict_any,function,,,0,0,False,False,,1,TARGET_COLUMN_IN_NON_TARGET_COMPONENT,True,ORPHAN_LOW_SIGNAL,Likely low-priority orphan; quarantine only after config/runtime confirmation.
src.predictions.models_predict.get_predictions,model,predictions/models_predict.py,get_predictions,function,,,0,0,False,False,,1,TARGET_COLUMN_IN_NON_TARGET_COMPONENT,True,ORPHAN_LOW_SIGNAL,Likely low-priority orphan; quarantine only after config/runtime confirmation.
src.predictions.models_predict.predict_from_parquet,model,predictions/models_predict.py,predict_from_parquet,function,,,0,0,False,False,,1,TARGET_COLUMN_IN_NON_TARGET_COMPONENT,True,ORPHAN_LOW_SIGNAL,Likely low-priority orphan; quarantine only after config/runtime confirmation.
src.predictions.models_predict.predict_sentiment_models,model,predictions/models_predict.py,predict_sentiment_models,function,,,0,0,False,False,,1,TARGET_COLUMN_IN_NON_TARGET_COMPONENT,True,ORPHAN_LOW_SIGNAL,Likely low-priority orphan; quarantine only after config/runtime confirmation.
src.predictions.models_predict.convert_sentiment_signal_to_numeric,model,predictions/models_predict.py,convert_sentiment_signal_to_numeric,function,,,0,0,False,False,,1,TARGET_COLUMN_IN_NON_TARGET_COMPONENT,True,ORPHAN_LOW_SIGNAL,Likely low-priority orphan; quarantine only after config/runtime confirmation.
src.predictions.prediction_utils,utility_or_unknown,predictions/prediction_utils.py,prediction_utils,module,,,0,2,False,False,,0,,False,ACTIVE_NEEDS_RUNTIME_CONFIRMATION,Use runtime/lineage tracker to confirm execution and output usage.
src.processing.cleaners.DataCleaner,utility_or_unknown,processing/cleaners.py,DataCleaner,class,remove_outliers_zscore;handle_missing_values;validate_schema;harmonize_dataframe;safe_fill;_sanitize_index_timezone;_sanitize_column_timezone;sanitize_dataframe_timezone;generate_content_hash;_sha256;_apply_column_mapping;_add_missing_columns;_process_published_at;normalize_to_unified_schema;merge_and_deduplicate;filter_by_terms,,0,3,False,False,,0,,True,ACTIVE_WITH_TEST_REFERENCE,Keep; verify runtime output reaches downstream model/evaluation.
src.processing.cleaners.harmonize_dataframe,utility_or_unknown,processing/cleaners.py,harmonize_dataframe,function,,,0,1,False,False,,0,,True,ACTIVE_WITH_TEST_REFERENCE,Keep; verify runtime output reaches downstream model/evaluation.
src.processing.cleaners.safe_fill,utility_or_unknown,processing/cleaners.py,safe_fill,function,,,0,1,False,True,,0,,True,ACTIVE_WITH_TEST_REFERENCE,Keep; verify runtime output reaches downstream model/evaluation.
src.processing.cleaners.sanitize_dataframe_timezone,utility_or_unknown,processing/cleaners.py,sanitize_dataframe_timezone,function,,,0,1,False,False,,0,,True,ACTIVE_WITH_TEST_REFERENCE,Keep; verify runtime output reaches downstream model/evaluation.
src.processing.cleaners.generate_content_hash,utility_or_unknown,processing/cleaners.py,generate_content_hash,function,,,0,1,False,False,,0,,True,ACTIVE_WITH_TEST_REFERENCE,Keep; verify runtime output reaches downstream model/evaluation.
src.processing.cleaners.normalize_to_unified_schema,utility_or_unknown,processing/cleaners.py,normalize_to_unified_schema,function,,,0,1,False,False,,0,,True,ACTIVE_WITH_TEST_REFERENCE,Keep; verify runtime output reaches downstream model/evaluation.
src.processing.cleaners.merge_and_deduplicate,utility_or_unknown,processing/cleaners.py,merge_and_deduplicate,function,,,0,1,False,False,,0,,True,ACTIVE_WITH_TEST_REFERENCE,Keep; verify runtime output reaches downstream model/evaluation.
src.processing.cleaners.filter_by_terms,utility_or_unknown,processing/cleaners.py,filter_by_terms,function,,,0,1,False,False,,0,,True,ACTIVE_WITH_TEST_REFERENCE,Keep; verify runtime output reaches downstream model/evaluation.
src.processing.data_filter.IntelligentDataFilter,utility_or_unknown,processing/data_filter.py,IntelligentDataFilter,class,filter_data_for_model_training,,0,5,False,False,,0,,False,ACTIVE_NEEDS_RUNTIME_CONFIRMATION,Use runtime/lineage tracker to confirm execution and output usage.
src.processing.data_filter.filter_data_for_model_training,utility_or_unknown,processing/data_filter.py,filter_data_for_model_training,function,,,0,2,False,False,,0,,False,ACTIVE_NEEDS_RUNTIME_CONFIRMATION,Use runtime/lineage tracker to confirm execution and output usage.
src.processing.deduplication_utils.deduplicate_dataframe,utility_or_unknown,processing/deduplication_utils.py,deduplicate_dataframe,function,,,0,4,False,False,,0,,False,ACTIVE_NEEDS_RUNTIME_CONFIRMATION,Use runtime/lineage tracker to confirm execution and output usage.
src.processing.normalization_manager.NormalizationManager,utility_or_unknown,processing/normalization_manager.py,NormalizationManager,class,__init__;fit_scalers;_fit_single_scaler;_validate_feature_exists;_validate_feature_data;_create_scaler;_fit_and_save_scaler;transform_data;inverse_transform_feature;_save_scaler;load_scalers,,0,7,False,False,,0,,True,ACTIVE_WITH_TEST_REFERENCE,Keep; verify runtime output reaches downstream model/evaluation.
src.processing.parallel_processor.ParallelProcessor,utility_or_unknown,processing/parallel_processor.py,ParallelProcessor,class,__init__;_get_executor;process_items;process_dataframe_chunks;process_tickers_parallel;task_wrapper;benchmark;suggest_optimal_config,,0,0,False,False,,1,SILENT_EMPTY_RETURN,False,ORPHAN_LOW_SIGNAL,Likely low-priority orphan; quarantine only after config/runtime confirmation.
src.processing.price_preprocessor.PricePreprocessor,utility_or_unknown,processing/price_preprocessor.py,PricePreprocessor,class,normalize_price_df;_is_already_normalized;_preserve_metadata_columns;_normalize_structure;_melt_dataframe;_pivot_to_format;split_metric_ticker;_finalize_dataframe,,0,2,False,False,datetime,1,TARGET_COLUMN_IN_NON_TARGET_COMPONENT,False,ACTIVE_RISKY,Review/fix risks before trusting component output; add contract/golden tests.
src.processing.sampling.DatasetSampler,utility_or_unknown,processing/sampling.py,DatasetSampler,class,__init__;create_balanced_dataset,,0,2,False,False,,1,TARGET_COLUMN_IN_NON_TARGET_COMPONENT,False,ACTIVE_RISKY,Review/fix risks before trusting component output; add contract/golden tests.
src.processing.__init__,utility_or_unknown,processing/__init__.py,__init__,module,,,0,415,False,False,,0,,True,ACTIVE_WITH_TEST_REFERENCE,Keep; verify runtime output reaches downstream model/evaluation.
src.risk.elite_risk_metrics.EliteRiskMetrics,calculator,risk/elite_risk_metrics.py,EliteRiskMetrics,class,__init__;_load_risk_limits;_init_stress_scenarios;_clean_recent_returns;_fallback_var_result;compute_historical_simulation_var;compute_cornish_fisher_var;compute_garch_var;compute_comprehensive_risk_metrics;update_returns;get_risk_report;_determine_risk_status;compute_parametric_var;compute_monte_carlo_var;run_stress_test;_generate_stress_recommendations;assess_liquidity_risk;_generate_liquidity_recommendations;check_limits,,0,6,False,False,,1,SILENT_EMPTY_RETURN,True,ACTIVE_RISKY,Review/fix risks before trusting component output; add contract/golden tests.
src.risk.exposure_calculator.ExposureCalculator,risk,risk/exposure_calculator.py,ExposureCalculator,class,__init__;calculate_position_exposure;check_position_exposure;check_sector_exposure;check_total_exposure,,0,0,False,False,,0,,False,UNUSED_POTENTIALLY_VALUABLE,Do not delete; inspect logic and consider integration experiment/ablation.
src.risk.kill_switch_manager.KillSwitchManager,risk,risk/kill_switch_manager.py,KillSwitchManager,class,,,0,3,False,False,,0,,False,ACTIVE_NEEDS_RUNTIME_CONFIRMATION,Use runtime/lineage tracker to confirm execution and output usage.
src.risk.kill_switch_manager.AlertManager,risk,risk/kill_switch_manager.py,AlertManager,class,,,0,5,False,False,,0,,False,ACTIVE_NEEDS_RUNTIME_CONFIRMATION,Use runtime/lineage tracker to confirm execution and output usage.
src.risk.kill_switch_manager.get_kill_switch_manager,risk,risk/kill_switch_manager.py,get_kill_switch_manager,function,,,0,0,False,False,,0,,False,UNUSED_POTENTIALLY_VALUABLE,Do not delete; inspect logic and consider integration experiment/ablation.
src.risk.max_exposure_monitor.MaxExposureMonitor,risk,risk/max_exposure_monitor.py,MaxExposureMonitor,class,__init__;_check_exposure_breaches;_get_most_frequent_breach,,0,2,False,False,,0,,True,ACTIVE_WITH_TEST_REFERENCE,Keep; verify runtime output reaches downstream model/evaluation.
src.risk.metrics.calculate_portfolio_returns,calculator,risk/metrics.py,calculate_portfolio_returns,function,,,0,133,False,True,,1,SILENT_EMPTY_RETURN,True,ACTIVE_RISKY,Review/fix risks before trusting component output; add contract/golden tests.
src.risk.metrics.calculate_portfolio_metrics,calculator,risk/metrics.py,calculate_portfolio_metrics,function,,,0,134,False,True,,1,SILENT_EMPTY_RETURN,True,ACTIVE_RISKY,Review/fix risks before trusting component output; add contract/golden tests.
src.risk.metrics.calculate_position_metrics,calculator,risk/metrics.py,calculate_position_metrics,function,,,0,134,False,True,,1,SILENT_EMPTY_RETURN,True,ACTIVE_RISKY,Review/fix risks before trusting component output; add contract/golden tests.
src.risk.metrics.analyze_market_conditions,calculator,risk/metrics.py,analyze_market_conditions,function,,,0,134,False,True,,1,SILENT_EMPTY_RETURN,True,ACTIVE_RISKY,Review/fix risks before trusting component output; add contract/golden tests.
src.risk.risk_manager.RiskLevel,risk,risk/risk_manager.py,RiskLevel,class,,,0,1,False,False,,1,TARGET_COLUMN_IN_NON_TARGET_COMPONENT,True,ACTIVE_RISKY,Review/fix risks before trusting component output; add contract/golden tests.
src.risk.risk_manager.Position,risk,risk/risk_manager.py,Position,class,pnl;pnl_pct,,0,9,False,False,,1,TARGET_COLUMN_IN_NON_TARGET_COMPONENT,True,ACTIVE_RISKY,Review/fix risks before trusting component output; add contract/golden tests.
src.risk.risk_manager.RiskManager,risk,risk/risk_manager.py,RiskManager,class,__init__;check_kill_switch;check_position_exposure;check_sector_exposure;check_total_exposure;calculate_position_size;validate_trade;add_position;remove_position;clear_all_positions;reset_kill_switch;get_risk_level;get_metrics;generate_report,,0,2,False,False,,1,TARGET_COLUMN_IN_NON_TARGET_COMPONENT,True,ACTIVE_RISKY,Review/fix risks before trusting component output; add contract/golden tests.
src.risk_management.var_calculator.VaRCalculator,risk,risk_management/var_calculator.py,VaRCalculator,class,__init__;calculate;calculate_var_historical,calculate,0,4,False,False,,0,,True,ACTIVE_WITH_TEST_REFERENCE,Keep; verify runtime output reaches downstream model/evaluation.
src.risk_management.__init__,risk,risk_management/__init__.py,__init__,module,,,0,415,False,False,,0,,True,ACTIVE_WITH_TEST_REFERENCE,Keep; verify runtime output reaches downstream model/evaluation.
src.sentiment.sentiment_models.get_finbert_pipeline,model,sentiment/sentiment_models.py,get_finbert_pipeline,function,,,0,4,False,False,,0,,False,ACTIVE_NEEDS_RUNTIME_CONFIRMATION,Use runtime/lineage tracker to confirm execution and output usage.
src.sentiment.sentiment_models.analyze_sentiment,model,sentiment/sentiment_models.py,analyze_sentiment,function,,,0,4,False,False,,0,,True,ACTIVE_WITH_TEST_REFERENCE,Keep; verify runtime output reaches downstream model/evaluation.
src.sentiment.sentiment_models.aggregate_sentiment,model,sentiment/sentiment_models.py,aggregate_sentiment,function,,,0,3,False,False,,0,,False,ACTIVE_NEEDS_RUNTIME_CONFIRMATION,Use runtime/lineage tracker to confirm execution and output usage.
src.simulation.simulation_engine.SimulationGranularity,utility_or_unknown,simulation/simulation_engine.py,SimulationGranularity,class,,,0,2,False,False,,0,,False,ACTIVE_NEEDS_RUNTIME_CONFIRMATION,Use runtime/lineage tracker to confirm execution and output usage.
src.simulation.simulation_engine.SimulationContext,context_map,simulation/simulation_engine.py,SimulationContext,class,,,0,2,False,False,,0,,False,ACTIVE_NEEDS_RUNTIME_CONFIRMATION,Use runtime/lineage tracker to confirm execution and output usage.
src.simulation.simulation_engine.SimulationRiskReport,utility_or_unknown,simulation/simulation_engine.py,SimulationRiskReport,class,,,0,2,False,False,,0,,False,ACTIVE_NEEDS_RUNTIME_CONFIRMATION,Use runtime/lineage tracker to confirm execution and output usage.
src.simulation.simulation_engine.SimulationEngine,utility_or_unknown,simulation/simulation_engine.py,SimulationEngine,class,__init__;run_monte_carlo_for_strategy;_run_single_path_simulation;_generate_price_path;_extract_market_parameters;_ensure_determinism;_generate_daily_returns;_should_use_bootstrap;_generate_bootstrap_returns;_generate_t_distribution_returns;_calculate_t_distribution_scale;_generate_dates;_calculate_price_path;_create_ohlcv_dataframe;get_simulation_engine,,0,2,False,False,,0,,False,ACTIVE_NEEDS_RUNTIME_CONFIRMATION,Use runtime/lineage tracker to confirm execution and output usage.
src.simulation.simulation_engine.get_simulation_engine,utility_or_unknown,simulation/simulation_engine.py,get_simulation_engine,function,,,0,1,False,False,,0,,False,ACTIVE_NEEDS_RUNTIME_CONFIRMATION,Use runtime/lineage tracker to confirm execution and output usage.
src.simulation.__init__,utility_or_unknown,simulation/__init__.py,__init__,module,,,0,415,False,False,,0,,True,ACTIVE_WITH_TEST_REFERENCE,Keep; verify runtime output reaches downstream model/evaluation.
src.targets.target_orchestrator.TargetOrchestrator,pipeline_stage,targets/target_orchestrator.py,TargetOrchestrator,class,__init__;_is_target_for_timeframe;_filter_targets_by_timeframe;generate_targets;_validate_input_dataframe;_prepare_metadata_container;_generate_single_target;_handle_standard_target;_process_by_ticker_groups;_sort_group_for_targets;_create_targets_dataframe,,0,4,True,False,,0,,True,ACTIVE_WITH_TEST_REFERENCE,Keep; verify runtime output reaches downstream model/evaluation.
src.trading.adaptive_parameter_manager.MarketRegime,trading,trading/adaptive_parameter_manager.py,MarketRegime,class,,,0,12,False,False,,0,,False,ACTIVE_NEEDS_RUNTIME_CONFIRMATION,Use runtime/lineage tracker to confirm execution and output usage.
src.trading.adaptive_parameter_manager.AssetClass,trading,trading/adaptive_parameter_manager.py,AssetClass,class,,,0,3,False,False,,0,,False,ACTIVE_NEEDS_RUNTIME_CONFIRMATION,Use runtime/lineage tracker to confirm execution and output usage.
src.trading.adaptive_parameter_manager.AdaptiveParameters,trading,trading/adaptive_parameter_manager.py,AdaptiveParameters,class,,,0,2,False,False,,0,,False,ACTIVE_NEEDS_RUNTIME_CONFIRMATION,Use runtime/lineage tracker to confirm execution and output usage.
src.trading.adaptive_parameter_manager.AdaptiveParameterManager,trading,trading/adaptive_parameter_manager.py,AdaptiveParameterManager,class,__init__;_apply_config_overrides;_build_trending_up_preset;_build_trending_down_preset;_build_ranging_preset;_build_volatile_preset;_build_dead_preset;_build_regime_presets;_build_asset_presets;_normalize_regime_input;_normalize_asset_class_input;_normalize_volatility_percentile;_apply_asset_class_adjustments;_apply_volatility_adjustments;_apply_sharpe_adjustments;_log_parameter_changes;compute_adaptive_params;validate_parameters,,0,4,False,False,,0,,False,ACTIVE_NEEDS_RUNTIME_CONFIRMATION,Use runtime/lineage tracker to confirm execution and output usage.
src.trading.consensus_engine.ConsensusReport,trading,trading/consensus_engine.py,ConsensusReport,class,,,0,5,False,False,,1,SILENT_EMPTY_RETURN,True,ACTIVE_RISKY,Review/fix risks before trusting component output; add contract/golden tests.
src.trading.consensus_engine.ConsensusEngine,trading,trading/consensus_engine.py,ConsensusEngine,class,__init__;generate_consensus;_predict_with_meta_model;_predict_with_weighted_aggregation;_safe_normalize_prediction;_apply_knn_adjustment;_get_min_confidence_threshold;_normalize_score;_calculate_signal_threshold;_log_consensus_inference;_determine_initial_signal;_apply_critic_filter;get_ensemble_summary,,0,8,False,False,,1,SILENT_EMPTY_RETURN,True,ACTIVE_RISKY,Review/fix risks before trusting component output; add contract/golden tests.
src.trading.consensus_engine.EnhancedConsensusEngine,trading,trading/consensus_engine.py,EnhancedConsensusEngine,class,__init__;_determine_regime;generate_weighted_ensemble,,0,6,False,False,,1,SILENT_EMPTY_RETURN,True,ACTIVE_RISKY,Review/fix risks before trusting component output; add contract/golden tests.
src.trading.elite_risk_sizer.EliteRiskSizer,risk,trading/elite_risk_sizer.py,EliteRiskSizer,class,__init__;update_returns_data;calculate_optimal_position_size;_compute_correlation_factor;_estimate_ticker_volatility;rebalance_portfolio;compute_optimal_position_size,,0,4,False,False,,1,TARGET_COLUMN_IN_NON_TARGET_COMPONENT,True,ACTIVE_RISKY,Review/fix risks before trusting component output; add contract/golden tests.
src.trading.live_adaptive_ensemble.ModelPerformanceMetric,trading,trading/live_adaptive_ensemble.py,ModelPerformanceMetric,class,,,0,2,False,False,,0,,False,ACTIVE_NEEDS_RUNTIME_CONFIRMATION,Use runtime/lineage tracker to confirm execution and output usage.
src.trading.live_adaptive_ensemble.EnsembleWeights,trading,trading/live_adaptive_ensemble.py,EnsembleWeights,class,,,0,2,False,False,,0,,False,ACTIVE_NEEDS_RUNTIME_CONFIRMATION,Use runtime/lineage tracker to confirm execution and output usage.
src.trading.live_adaptive_ensemble.LiveAdaptiveEnsemble,trading,trading/live_adaptive_ensemble.py,LiveAdaptiveEnsemble,class,__init__;record_model_performance;_should_reweight;_collect_recent_metrics;_group_metrics_by_type;_compute_model_score;_scores_to_weights;_smooth_weights_against_baseline;_store_weights_history;compute_ensemble_weights;_normalize_sharpe;get_weighted_ensemble_prediction;get_ensemble_report,,0,5,False,False,,0,,False,ACTIVE_NEEDS_RUNTIME_CONFIRMATION,Use runtime/lineage tracker to confirm execution and output usage.
src.trading.portfolio_manager.PortfolioManager,trading,trading/portfolio_manager.py,PortfolioManager,class,__init__;is_trading_allowed;generate_orders_from_signals;_process_single_signal;_create_buy_order;_create_sell_order;check_risk_exits;_calculate_position_size;optimize_allocation,,0,6,False,False,,2,SILENT_EMPTY_RETURN;TARGET_COLUMN_IN_NON_TARGET_COMPONENT,True,ACTIVE_RISKY,Review/fix risks before trusting component output; add contract/golden tests.
src.trading.post_inference_filter.PostInferenceFilter,trading,trading/post_inference_filter.py,PostInferenceFilter,class,__init__;_get_chaos_multiplier;_get_macro_multiplier;_get_rsi_multiplier;_get_sentiment_multiplier;apply;_validate_input,,0,4,False,False,confidence_multiplier;filtered_confidence;original_confidence,0,,False,ACTIVE_OUTPUT_UNTESTED,Component appears to produce output columns; add lineage + correctness tests.
src.trading.signal_processor.SignalProcessor,trading,trading/signal_processor.py,SignalProcessor,class,__init__;prepare_predictions;generate_consensus_signals;_build_signal;_run_knn_analysis;_extract_prediction_value;_build_model_predictions;_build_context_data,,0,0,False,False,,2,SILENT_EMPTY_RETURN;TARGET_COLUMN_IN_NON_TARGET_COMPONENT,True,ORPHAN_LOW_SIGNAL,Likely low-priority orphan; quarantine only after config/runtime confirmation.
src.trading.trader.TradeOrder,trading,trading/trader.py,TradeOrder,class,,,0,6,False,False,,0,,False,ACTIVE_NEEDS_RUNTIME_CONFIRMATION,Use runtime/lineage tracker to confirm execution and output usage.
src.trading.trader.Trader,trading,trading/trader.py,Trader,class,__init__;execute_order,,0,5,False,False,,0,,False,ACTIVE_NEEDS_RUNTIME_CONFIRMATION,Use runtime/lineage tracker to confirm execution and output usage.
src.trading.trading_orchestrator.TradingOrchestrator,pipeline_stage,trading/trading_orchestrator.py,TradingOrchestrator,class,__init__;process_signals;_apply_pre_filtering;_synthesize_consensus_signals;_process_single_prediction;_extract_prediction_value;_build_model_predictions;_build_context_data;_handle_risk_exits;_generate_trade_orders;_execute_orders,,0,2,True,False,,2,SILENT_EMPTY_RETURN;TARGET_COLUMN_IN_NON_TARGET_COMPONENT,False,ACTIVE_RISKY,Review/fix risks before trusting component output; add contract/golden tests.
src.trading.virtual_portfolio.VirtualPortfolio,trading,trading/virtual_portfolio.py,VirtualPortfolio,class,__init__;load_portfolio;_load_portfolio_data;_convert_position_timestamps;_convert_transaction_timestamps;save_portfolio;_prepare_portfolio_data;_serialize_positions;_serialize_transactions;get_total_value;buy_stock;_create_buy_transaction;_process_buy_order;sell_stock;get_portfolio_summary;update_performance;reset_portfolio,,0,12,False,False,,0,,False,ACTIVE_NEEDS_RUNTIME_CONFIRMATION,Use runtime/lineage tracker to confirm execution and output usage.
src.trading.__init__,trading,trading/__init__.py,__init__,module,,,0,415,False,False,,0,,True,ACTIVE_WITH_TEST_REFERENCE,Keep; verify runtime output reaches downstream model/evaluation.
src.training.adaptive_training_manager.TrainingMode,utility_or_unknown,training/adaptive_training_manager.py,TrainingMode,class,,,0,2,False,False,,2,SILENT_EMPTY_RETURN;TARGET_COLUMN_IN_NON_TARGET_COMPONENT,False,ACTIVE_RISKY,Review/fix risks before trusting component output; add contract/golden tests.
src.training.adaptive_training_manager.AdaptiveTrainingManager,utility_or_unknown,training/adaptive_training_manager.py,AdaptiveTrainingManager,class,__init__;analyze_ticker_set_with_targets;_analyze_single_ticker;_calculate_target_quality_score;_calculate_overall_ticker_score;_analyze_target_compatibility;_create_compatibility_matrix;_create_training_groups;_generate_training_recommendations;create_adaptive_training_plan;_select_optimal_strategy;_create_group_target_config;_estimate_training_resources;_calculate_quality_metrics;execute_adaptive_training;_save_adaptive_report;converter;main,,0,2,False,False,,2,SILENT_EMPTY_RETURN;TARGET_COLUMN_IN_NON_TARGET_COMPONENT,False,ACTIVE_RISKY,Review/fix risks before trusting component output; add contract/golden tests.
src.training.adaptive_training_manager.main,utility_or_unknown,training/adaptive_training_manager.py,main,function,,,0,28,False,True,,2,SILENT_EMPTY_RETURN;TARGET_COLUMN_IN_NON_TARGET_COMPONENT,True,ACTIVE_RISKY,Review/fix risks before trusting component output; add contract/golden tests.
src.training.base_trainer.TrainingException,utility_or_unknown,training/base_trainer.py,TrainingException,class,,,0,5,False,False,,1,TARGET_COLUMN_IN_NON_TARGET_COMPONENT,False,ACTIVE_RISKY,Review/fix risks before trusting component output; add contract/golden tests.
src.training.base_trainer.TrainingConfigException,utility_or_unknown,training/base_trainer.py,TrainingConfigException,class,,,0,5,False,False,,1,TARGET_COLUMN_IN_NON_TARGET_COMPONENT,False,ACTIVE_RISKY,Review/fix risks before trusting component output; add contract/golden tests.
src.training.base_trainer.TrainerConfig,utility_or_unknown,training/base_trainer.py,TrainerConfig,class,__init__,,0,11,False,False,,1,TARGET_COLUMN_IN_NON_TARGET_COMPONENT,False,ACTIVE_RISKY,Review/fix risks before trusting component output; add contract/golden tests.
src.training.base_trainer.BaseTrainer,utility_or_unknown,training/base_trainer.py,BaseTrainer,class,__init__;execute_training;execute_batch_training;execute_progressive_training;_prepare_ticker_groups;_train_ticker_group;_train_ticker_suite;_prepare_model_training_list;_execute_model_training_cycle;_train_individual_model;_finalize_ticker_results;_save_champion;_generate_summary;_validate_data_context,,0,7,False,False,,1,TARGET_COLUMN_IN_NON_TARGET_COMPONENT,False,ACTIVE_RISKY,Review/fix risks before trusting component output; add contract/golden tests.
src.training.batch_trainer.BatchTrainer,utility_or_unknown,training/batch_trainer.py,BatchTrainer,class,__init__;_prepare_ticker_groups;_train_ticker_group;create_batch_plan,,0,4,False,False,,1,SILENT_EMPTY_RETURN,False,ACTIVE_RISKY,Review/fix risks before trusting component output; add contract/golden tests.
src.training.constants,utility_or_unknown,training/constants.py,constants,module,,,0,6,False,False,,0,,False,ACTIVE_NEEDS_RUNTIME_CONFIRMATION,Use runtime/lineage tracker to confirm execution and output usage.
src.training.light_model_trainer.LightModelTrainer,model,training/light_model_trainer.py,LightModelTrainer,class,__init__;train_light_model;predict;save_model_to_disk;load_model_from_disk;remove_model;clear_memory,predict,0,2,False,False,,1,TARGET_COLUMN_IN_NON_TARGET_COMPONENT,False,ACTIVE_RISKY,Review/fix risks before trusting component output; add contract/golden tests.
src.training.pattern_aware_training.PatternAwareModelTrainer,model,training/pattern_aware_training.py,PatternAwareModelTrainer,class,__init__;train_pattern_aware_models;_analyze_market_conditions;_estimate_volatility;_estimate_data_quality;_prepare_training_data;_create_feature_matrix;_create_target_vector;_get_adaptive_parameters;_train_single_model;_analyze_training_results;_select_best_model;_get_default_config;train_pattern_aware_models,,0,0,False,False,,2,SILENT_EMPTY_RETURN;TARGET_COLUMN_IN_NON_TARGET_COMPONENT,True,ORPHAN_LOW_SIGNAL,Likely low-priority orphan; quarantine only after config/runtime confirmation.
src.training.pattern_aware_training.train_pattern_aware_models,utility_or_unknown,training/pattern_aware_training.py,train_pattern_aware_models,function,,,0,0,False,False,,2,SILENT_EMPTY_RETURN;TARGET_COLUMN_IN_NON_TARGET_COMPONENT,True,ORPHAN_LOW_SIGNAL,Likely low-priority orphan; quarantine only after config/runtime confirmation.
src.training.portfolio_optimizer.PortfolioOptimizer,algorithm,training/portfolio_optimizer.py,PortfolioOptimizer,class,__init__;optimize_portfolio_training;_calculate_ticker_correlations;_extract_market_features;_calculate_optimal_weights;portfolio_variance;_train_hierarchical_models;_prepare_global_training_frame;_chronological_split;_select_model_features;_train_global_model;_train_local_model;_generate_hierarchical_predictions;_calculate_global_influence;_calculate_portfolio_metrics,,0,3,False,False,ticker,0,,True,ACTIVE_WITH_TEST_REFERENCE,Keep; verify runtime output reaches downstream model/evaluation.
src.training.progressive_trainer.ProgressiveTrainer,utility_or_unknown,training/progressive_trainer.py,ProgressiveTrainer,class,__init__;_prepare_ticker_groups;_train_ticker_group;execute_progressive_training;_prepare_training_plan;_process_single_batch_lifecycle;_train_progressive_batch;_update_state;_analyze_batch_quality;_adjust_training_strategy;_check_resources;_create_final_results;_save_final_results;load_checkpoint,,0,4,False,False,,1,SILENT_EMPTY_RETURN,True,ACTIVE_RISKY,Review/fix risks before trusting component output; add contract/golden tests.
src.training.run_training.main,utility_or_unknown,training/run_training.py,main,function,,,0,27,True,True,,0,,True,ACTIVE_WITH_TEST_REFERENCE,Keep; verify runtime output reaches downstream model/evaluation.
src.training.unified_training_manager.TrainingStrategy,utility_or_unknown,training/unified_training_manager.py,TrainingStrategy,class,,,0,4,False,False,,0,,True,ACTIVE_WITH_TEST_REFERENCE,Keep; verify runtime output reaches downstream model/evaluation.
src.training.unified_training_manager.UnifiedTrainingManager,utility_or_unknown,training/unified_training_manager.py,UnifiedTrainingManager,class,__init__;_initialize_trainers;execute_unified_training;_select_models_for_ticker;_get_available_model_names;create_unified_plan;_analyze_ticker_set;_create_progressive_plan;_create_hybrid_plan;_execute_hybrid_training;save_unified_plan;save_unified_results,,0,5,False,False,,0,,True,ACTIVE_WITH_TEST_REFERENCE,Keep; verify runtime output reaches downstream model/evaluation.
src.utils.artifact_security.get_project_root,utility_or_unknown,utils/artifact_security.py,get_project_root,function,,,0,22,False,False,,1,SILENT_EMPTY_RETURN,True,ACTIVE_RISKY,Review/fix risks before trusting component output; add contract/golden tests.
src.utils.artifact_security.resolve_trusted_artifact_path,utility_or_unknown,utils/artifact_security.py,resolve_trusted_artifact_path,function,,,0,44,False,False,,1,SILENT_EMPTY_RETURN,True,ACTIVE_RISKY,Review/fix risks before trusting component output; add contract/golden tests.
src.utils.artifact_security.is_trusted_artifact_path,utility_or_unknown,utils/artifact_security.py,is_trusted_artifact_path,function,,,0,22,False,False,,1,SILENT_EMPTY_RETURN,True,ACTIVE_RISKY,Review/fix risks before trusting component output; add contract/golden tests.
src.utils.async_timeout.async_timeout,utility_or_unknown,utils/async_timeout.py,async_timeout,function,,,0,0,False,False,,0,,True,ORPHAN_LOW_SIGNAL,Likely low-priority orphan; quarantine only after config/runtime confirmation.
src.utils.checkpoint_manager.CheckpointParams,utility_or_unknown,utils/checkpoint_manager.py,CheckpointParams,class,,,0,3,False,False,,2,SILENT_EMPTY_RETURN;TARGET_COLUMN_IN_NON_TARGET_COMPONENT,False,ACTIVE_RISKY,Review/fix risks before trusting component output; add contract/golden tests.
src.utils.checkpoint_manager.CheckpointManager,utility_or_unknown,utils/checkpoint_manager.py,CheckpointManager,class,save_checkpoint;load_checkpoint;find_latest_checkpoint,,0,0,False,False,,2,SILENT_EMPTY_RETURN;TARGET_COLUMN_IN_NON_TARGET_COMPONENT,False,ORPHAN_LOW_SIGNAL,Likely low-priority orphan; quarantine only after config/runtime confirmation.
src.utils.collector_fixes.CollectorFixes,collector,utils/collector_fixes.py,CollectorFixes,class,chunk_ticker_processing,,0,0,False,False,,1,SILENT_EMPTY_RETURN,False,ORPHAN_LOW_SIGNAL,Likely low-priority orphan; quarantine only after config/runtime confirmation.
src.utils.data_safety.safe_rolling,utility_or_unknown,utils/data_safety.py,safe_rolling,function,,,0,4,False,False,,0,,False,ACTIVE_NEEDS_RUNTIME_CONFIRMATION,Use runtime/lineage tracker to confirm execution and output usage.
src.utils.data_safety.safe_expanding,utility_or_unknown,utils/data_safety.py,safe_expanding,function,,,0,2,False,False,,0,,False,ACTIVE_NEEDS_RUNTIME_CONFIRMATION,Use runtime/lineage tracker to confirm execution and output usage.
src.utils.dynamic_module_loader.DynamicModuleLoader,utility_or_unknown,utils/dynamic_module_loader.py,DynamicModuleLoader,class,load_class;load_instance,,0,4,False,False,,0,,False,ACTIVE_NEEDS_RUNTIME_CONFIRMATION,Use runtime/lineage tracker to confirm execution and output usage.
src.utils.feature_preparation.prepare_features_for_training,utility_or_unknown,utils/feature_preparation.py,prepare_features_for_training,function,,,0,0,False,False,,0,,True,ORPHAN_LOW_SIGNAL,Likely low-priority orphan; quarantine only after config/runtime confirmation.
src.utils.feature_preparation.align_features_with_model,utility_or_unknown,utils/feature_preparation.py,align_features_with_model,function,,,0,0,False,False,,0,,True,ORPHAN_LOW_SIGNAL,Likely low-priority orphan; quarantine only after config/runtime confirmation.
src.utils.json_utils.sanitize_timestamps,utility_or_unknown,utils/json_utils.py,sanitize_timestamps,function,,,0,0,False,False,,1,SILENT_EMPTY_RETURN,False,ORPHAN_LOW_SIGNAL,Likely low-priority orphan; quarantine only after config/runtime confirmation.
src.utils.json_utils.sanitize_record_for_json,utility_or_unknown,utils/json_utils.py,sanitize_record_for_json,function,,,0,0,False,False,,1,SILENT_EMPTY_RETURN,False,ORPHAN_LOW_SIGNAL,Likely low-priority orphan; quarantine only after config/runtime confirmation.
src.utils.math_safe.safe_div,utility_or_unknown,utils/math_safe.py,safe_div,function,,,0,7,False,False,,0,,False,ACTIVE_NEEDS_RUNTIME_CONFIRMATION,Use runtime/lineage tracker to confirm execution and output usage.
src.utils.math_utils.safe_div,utility_or_unknown,utils/math_utils.py,safe_div,function,,,0,4,False,False,,0,,True,ACTIVE_WITH_TEST_REFERENCE,Keep; verify runtime output reaches downstream model/evaluation.
src.utils.math_utils.safe_sharpe,utility_or_unknown,utils/math_utils.py,safe_sharpe,function,,,0,0,False,False,,0,,True,ORPHAN_LOW_SIGNAL,Likely low-priority orphan; quarantine only after config/runtime confirmation.
src.utils.math_utils.safe_std,utility_or_unknown,utils/math_utils.py,safe_std,function,,,0,0,False,False,,0,,True,ORPHAN_LOW_SIGNAL,Likely low-priority orphan; quarantine only after config/runtime confirmation.
src.utils.metrics.MetricsCalculator,calculator,utils/metrics.py,MetricsCalculator,class,compute_metrics;compute_data_signature;calculate_batch_metrics,,0,141,False,True,,0,,True,ACTIVE_WITH_TEST_REFERENCE,Keep; verify runtime output reaches downstream model/evaluation.
src.utils.missing_data_anomaly_detector.MissingDataAnomalyDetector,detector,utils/missing_data_anomaly_detector.py,MissingDataAnomalyDetector,class,__init__;detect_fill_anomalies;_detect_column_anomalies;_detect_zero_fill_anomalies;_detect_sudden_change_anomalies;_detect_pattern_anomalies;_detect_statistical_anomalies;_detect_global_anomalies;_calculate_fill_quality_score;generate_anomaly_report;_generate_recommendations,,0,0,False,False,,0,,False,UNUSED_POTENTIALLY_VALUABLE,Do not delete; inspect logic and consider integration experiment/ablation.
src.utils.path_utils.sanitize_filename,utility_or_unknown,utils/path_utils.py,sanitize_filename,function,,,0,1,False,False,,0,,True,ACTIVE_WITH_TEST_REFERENCE,Keep; verify runtime output reaches downstream model/evaluation.
src.utils.path_utils.sanitize_path_input,utility_or_unknown,utils/path_utils.py,sanitize_path_input,function,,,0,5,False,False,,0,,True,ACTIVE_WITH_TEST_REFERENCE,Keep; verify runtime output reaches downstream model/evaluation.
src.utils.path_utils.validate_path_within_directory,utility_or_unknown,utils/path_utils.py,validate_path_within_directory,function,,,0,1,False,False,,0,,True,ACTIVE_WITH_TEST_REFERENCE,Keep; verify runtime output reaches downstream model/evaluation.
src.utils.path_utils.safe_file_operation,utility_or_unknown,utils/path_utils.py,safe_file_operation,function,,,0,1,False,False,,0,,True,ACTIVE_WITH_TEST_REFERENCE,Keep; verify runtime output reaches downstream model/evaluation.
src.utils.rate_limiter.RateLimiter,utility_or_unknown,utils/rate_limiter.py,RateLimiter,class,__init__;_update_allowance;acquire;try_acquire,,0,2,False,False,,0,,False,ACTIVE_NEEDS_RUNTIME_CONFIRMATION,Use runtime/lineage tracker to confirm execution and output usage.
src.utils.resource_limiter.ResourceLimiter,utility_or_unknown,utils/resource_limiter.py,ResourceLimiter,class,__init__;release,,0,0,False,False,,0,,False,ORPHAN_LOW_SIGNAL,Likely low-priority orphan; quarantine only after config/runtime confirmation.
src.utils.smart_missing_data_handler.SmartMissingDataHandler,utility_or_unknown,utils/smart_missing_data_handler.py,SmartMissingDataHandler,class,__init__;handle_missing_data;_detect_column_types;_fill_price_data;_fill_volume_data;_fill_indicator_data;_fill_macro_data;_fill_regime_data;_get_indicator_defaults;_detect_fill_anomalies;get_fill_statistics,,0,0,False,False,,1,FUTURE_SHIFT,True,ORPHAN_LOW_SIGNAL,Likely low-priority orphan; quarantine only after config/runtime confirmation.
src.utils.trading_calendar.TradingCalendar,trading,utils/trading_calendar.py,TradingCalendar,class,__init__;_get_holidays;_generate_trading_days;is_trading_day;get_next_trading_day;get_previous_trading_days;get_previous_trading_day;fetch_and_set_earnings_dates;is_earnings_day,,0,6,False,False,,1,SILENT_EMPTY_RETURN,True,ACTIVE_RISKY,Review/fix risks before trusting component output; add contract/golden tests.
src.utils.type_conversion.normalize_prediction,utility_or_unknown,utils/type_conversion.py,normalize_prediction,function,,,0,3,False,False,,1,SILENT_EMPTY_RETURN,False,ACTIVE_RISKY,Review/fix risks before trusting component output; add contract/golden tests.
src.utils.type_conversion.ensure_dataframe,utility_or_unknown,utils/type_conversion.py,ensure_dataframe,function,,,0,0,False,False,,1,SILENT_EMPTY_RETURN,False,ORPHAN_LOW_SIGNAL,Likely low-priority orphan; quarantine only after config/runtime confirmation.
src.utils.type_conversion.ensure_array,utility_or_unknown,utils/type_conversion.py,ensure_array,function,,,0,0,False,False,,1,SILENT_EMPTY_RETURN,False,ORPHAN_LOW_SIGNAL,Likely low-priority orphan; quarantine only after config/runtime confirmation.
src.utils.type_conversion.safe_divide,utility_or_unknown,utils/type_conversion.py,safe_divide,function,,,0,0,False,False,,1,SILENT_EMPTY_RETURN,False,ORPHAN_LOW_SIGNAL,Likely low-priority orphan; quarantine only after config/runtime confirmation.
src.utils.type_conversion.clamp_value,utility_or_unknown,utils/type_conversion.py,clamp_value,function,,,0,0,False,False,,1,SILENT_EMPTY_RETURN,False,ORPHAN_LOW_SIGNAL,Likely low-priority orphan; quarantine only after config/runtime confirmation.
src.utils.type_conversion.normalize_array,utility_or_unknown,utils/type_conversion.py,normalize_array,function,,,0,0,False,False,,1,SILENT_EMPTY_RETURN,False,ORPHAN_LOW_SIGNAL,Likely low-priority orphan; quarantine only after config/runtime confirmation.
src.utils.type_conversion.validate_numeric_range,utility_or_unknown,utils/type_conversion.py,validate_numeric_range,function,,,0,0,False,False,,1,SILENT_EMPTY_RETURN,False,ORPHAN_LOW_SIGNAL,Likely low-priority orphan; quarantine only after config/runtime confirmation.
src.utils.type_conversion.format_percentage,utility_or_unknown,utils/type_conversion.py,format_percentage,function,,,0,0,False,False,,1,SILENT_EMPTY_RETURN,False,ORPHAN_LOW_SIGNAL,Likely low-priority orphan; quarantine only after config/runtime confirmation.
src.utils.__init__,utility_or_unknown,utils/__init__.py,__init__,module,,,0,415,False,False,,0,,True,ACTIVE_WITH_TEST_REFERENCE,Keep; verify runtime output reaches downstream model/evaluation.
src.validation.data_leakage_detector.LeakageType,validator,validation/data_leakage_detector.py,LeakageType,class,,,0,1,False,False,,3,FUTURE_SHIFT;SILENT_EMPTY_RETURN;TARGET_COLUMN_IN_NON_TARGET_COMPONENT,False,ACTIVE_RISKY,Review/fix risks before trusting component output; add contract/golden tests.
src.validation.data_leakage_detector.LeakageReport,validator,validation/data_leakage_detector.py,LeakageReport,class,,,0,3,False,False,,3,FUTURE_SHIFT;SILENT_EMPTY_RETURN;TARGET_COLUMN_IN_NON_TARGET_COMPONENT,False,ACTIVE_RISKY,Review/fix risks before trusting component output; add contract/golden tests.
src.validation.data_leakage_detector.DataLeakageDetector,validator,validation/data_leakage_detector.py,DataLeakageDetector,class,__init__;detect_correlation_leakage;detect_temporal_overlap;detect_future_data_in_features;run_comprehensive_audit;main,,0,2,False,False,,3,FUTURE_SHIFT;SILENT_EMPTY_RETURN;TARGET_COLUMN_IN_NON_TARGET_COMPONENT,False,ACTIVE_RISKY,Review/fix risks before trusting component output; add contract/golden tests.
src.validation.data_leakage_detector.main,validator,validation/data_leakage_detector.py,main,function,,,0,28,False,True,,3,FUTURE_SHIFT;SILENT_EMPTY_RETURN;TARGET_COLUMN_IN_NON_TARGET_COMPONENT,True,ACTIVE_RISKY,Review/fix risks before trusting component output; add contract/golden tests.
src.validation.pipeline_schemas.RawDataSchema,validator,validation/pipeline_schemas.py,RawDataSchema,class,validate,validate,0,3,False,False,,1,TARGET_COLUMN_IN_NON_TARGET_COMPONENT,False,ACTIVE_RISKY,Review/fix risks before trusting component output; add contract/golden tests.
src.validation.pipeline_schemas.ProcessedDataSchema,validator,validation/pipeline_schemas.py,ProcessedDataSchema,class,validate;_validate_cleaned_data;_validate_prices_structure;_validate_price_dataframe;_validate_news_data;_validate_macro_data,validate,0,3,False,False,,1,TARGET_COLUMN_IN_NON_TARGET_COMPONENT,False,ACTIVE_RISKY,Review/fix risks before trusting component output; add contract/golden tests.
src.validation.pipeline_schemas.EnrichedDataSchema,validator,validation/pipeline_schemas.py,EnrichedDataSchema,class,validate,validate,0,3,False,False,,1,TARGET_COLUMN_IN_NON_TARGET_COMPONENT,False,ACTIVE_RISKY,Review/fix risks before trusting component output; add contract/golden tests.
src.validation.pipeline_schemas.ModelMetadataSchema,validator,validation/pipeline_schemas.py,ModelMetadataSchema,class,validate,validate,0,2,False,False,,1,TARGET_COLUMN_IN_NON_TARGET_COMPONENT,False,ACTIVE_RISKY,Review/fix risks before trusting component output; add contract/golden tests.
src.validation.pipeline_schemas.PredictionResultsSchema,validator,validation/pipeline_schemas.py,PredictionResultsSchema,class,validate;create_validation_middleware;validate_stage;wrapper;validate_batch_dir,validate,0,2,False,False,,1,TARGET_COLUMN_IN_NON_TARGET_COMPONENT,False,ACTIVE_RISKY,Review/fix risks before trusting component output; add contract/golden tests.
src.validation.pipeline_schemas.validate_stage_output,validator,validation/pipeline_schemas.py,validate_stage_output,function,,,0,3,False,False,,1,TARGET_COLUMN_IN_NON_TARGET_COMPONENT,False,ACTIVE_RISKY,Review/fix risks before trusting component output; add contract/golden tests.
src.validation.pipeline_schemas.create_validation_middleware,validator,validation/pipeline_schemas.py,create_validation_middleware,function,,,0,2,False,False,,1,TARGET_COLUMN_IN_NON_TARGET_COMPONENT,False,ACTIVE_RISKY,Review/fix risks before trusting component output; add contract/golden tests.
src.validation.pipeline_schemas.validate_batch_dir,validator,validation/pipeline_schemas.py,validate_batch_dir,function,,,0,3,False,False,,1,TARGET_COLUMN_IN_NON_TARGET_COMPONENT,False,ACTIVE_RISKY,Review/fix risks before trusting component output; add contract/golden tests.
src.validation.temporal_feature_separator.TemporalFeatureSeparator,validator,validation/temporal_feature_separator.py,TemporalFeatureSeparator,class,__init__;_validate_feature_target_alignment;_calculate_lookahead_correlations;_evaluate_feature_suspicion;_create_feature_analysis;_update_feature_lists;analyze_temporal_correlation;_calculate_correlation;_detect_direct_target_proxy;_detect_delayed_target_redundancy;detect_leakage_pattern;get_safe_features;get_suspicious_features;create_clean_dataset;save_temporal_analysis,,0,0,False,False,,2,SILENT_EMPTY_RETURN;TARGET_COLUMN_IN_NON_TARGET_COMPONENT,False,UNUSED_POTENTIALLY_VALUABLE,Do not delete; inspect logic and consider integration experiment/ablation.
src.validation.time_series_validator.ValidationType,validator,validation/time_series_validator.py,ValidationType,class,,,0,1,False,False,,0,,False,ACTIVE_NEEDS_RUNTIME_CONFIRMATION,Use runtime/lineage tracker to confirm execution and output usage.
src.validation.time_series_validator.ValidationResult,validator,validation/time_series_validator.py,ValidationResult,class,,,0,1,False,False,,0,,False,ACTIVE_NEEDS_RUNTIME_CONFIRMATION,Use runtime/lineage tracker to confirm execution and output usage.
src.validation.time_series_validator.PurgedTimeSeriesSplit,validator,validation/time_series_validator.py,PurgedTimeSeriesSplit,class,__init__;split,,0,1,False,False,,0,,False,ACTIVE_NEEDS_RUNTIME_CONFIRMATION,Use runtime/lineage tracker to confirm execution and output usage.
src.validation.time_series_validator.TimeSeriesValidator,validator,validation/time_series_validator.py,TimeSeriesValidator,class,__init__;create_robust_split;cross_validate_model;walk_forward_validation;purged_walk_forward_validation;stratified_time_series_split;run_comprehensive_validation;_run_purged_cv;_run_embargo_cv;_run_consensus_validation;validate_time_gaps;check_leakage;create_robust_time_series_split,,0,2,False,False,,0,,False,ACTIVE_NEEDS_RUNTIME_CONFIRMATION,Use runtime/lineage tracker to confirm execution and output usage.
src.validation.time_series_validator.create_robust_time_series_split,validator,validation/time_series_validator.py,create_robust_time_series_split,function,,,0,1,False,False,,0,,False,ACTIVE_NEEDS_RUNTIME_CONFIRMATION,Use runtime/lineage tracker to confirm execution and output usage.
src.validation.validators.DataValidationError,validator,validation/validators.py,DataValidationError,class,,,0,6,False,False,,1,SILENT_EMPTY_RETURN,False,ACTIVE_RISKY,Review/fix risks before trusting component output; add contract/golden tests.
src.validation.validators.UnifiedValidator,validator,validation/validators.py,UnifiedValidator,class,__init__;validate_cleaned_data;_validate_dataframe;_check_essential_columns;_check_nan_ratio;_check_infinite_values;_check_time_continuity;_check_data_leakage;_get_data_summary;validate_training_ready;run_system_health_check,,0,5,False,False,,1,SILENT_EMPTY_RETURN,False,ACTIVE_RISKY,Review/fix risks before trusting component output; add contract/golden tests.
src.validation.__init__,validator,validation/__init__.py,__init__,module,,,0,415,False,False,,0,,True,ACTIVE_WITH_TEST_REFERENCE,Keep; verify runtime output reaches downstream model/evaluation.
src.algorithms.regime.clustering.RegimeClusteringEngine,algorithm,algorithms/regime/clustering.py,RegimeClusteringEngine,class,__init__;detect_regime_ml;_extract_ml_features;_normalize_features;_ensure_cluster_model_fitted;_calculate_ml_confidence;_initialize_cluster_centers;_cluster_to_regime,,0,12,False,False,,0,,False,ACTIVE_NEEDS_RUNTIME_CONFIRMATION,Use runtime/lineage tracker to confirm execution and output usage.
src.algorithms.regime.metrics.RegimeMetricsCalculator,calculator,algorithms/regime/metrics.py,RegimeMetricsCalculator,class,calculate_basic_metrics;_calculate_adx;calculate_rsi;calculate_z_score,,0,136,False,True,,0,,True,ACTIVE_WITH_TEST_REFERENCE,Keep; verify runtime output reaches downstream model/evaluation.
src.algorithms.regime.rules.RegimeRulesEngine,algorithm,algorithms/regime/rules.py,RegimeRulesEngine,class,__init__;detect_regime_rules;_check_mean_reversion;_check_momentum;_check_breakout;_detect_standard_regimes;_detect_trending_regime;_is_mean_reversion;_is_momentum;_is_breakout,,0,9,False,True,,1,SILENT_EMPTY_RETURN,True,ACTIVE_RISKY,Review/fix risks before trusting component output; add contract/golden tests.
src.algorithms.regime.types.MarketRegime,algorithm,algorithms/regime/types.py,MarketRegime,class,,,0,67,False,True,,0,,True,ACTIVE_WITH_TEST_REFERENCE,Keep; verify runtime output reaches downstream model/evaluation.
src.analytics.analyzers.adaptive_confidence_analyzer.AdaptiveConfidenceAnalyzer,analyzer,analytics/analyzers/adaptive_confidence_analyzer.py,AdaptiveConfidenceAnalyzer,class,__init__;analyze;_evaluate_rule_conditions;_check_condition;_apply_rule_action,analyze,0,1,False,True,,0,,True,ACTIVE_WITH_TEST_REFERENCE,Keep; verify runtime output reaches downstream model/evaluation.
src.analytics.analyzers.causal_event_finder.CausalEventFinder,analyzer,analytics/analyzers/causal_event_finder.py,CausalEventFinder,class,__init__;analyze;_filter_available_causes;_validate_treatment_outcome_variance;_prepare_analysis_data;_prepare_dict_data;_merge_data_sources;_validate_dataframe;_validate_data_columns,analyze,0,2,False,True,,1,TARGET_COLUMN_IN_NON_TARGET_COMPONENT,True,ACTIVE_RISKY,Review/fix risks before trusting component output; add contract/golden tests.
src.analytics.analyzers.drift_analyzer.DriftAnalyzer,analyzer,analytics/analyzers/drift_analyzer.py,DriftAnalyzer,class,__init__;analyze,analyze,0,5,False,False,,0,,True,ACTIVE_WITH_TEST_REFERENCE,Keep; verify runtime output reaches downstream model/evaluation.
src.analytics.analyzers.hedge_fund_analyzer.HedgeFundAnalyzer,analyzer,analytics/analyzers/hedge_fund_analyzer.py,HedgeFundAnalyzer,class,__init__;analyze;calculate_performance_metrics;calculate_factor_exposures;detect_style_drift;analyze_manager_skill;_get_manager_rating,analyze,0,2,False,True,,0,,False,ACTIVE_NEEDS_RUNTIME_CONFIRMATION,Use runtime/lineage tracker to confirm execution and output usage.
src.analytics.analyzers.knn_similarity_finder.KnnSimilarityFinder,analyzer,analytics/analyzers/knn_similarity_finder.py,KnnSimilarityFinder,class,__init__;fit;analyze;_prepare_feature_matrices;find_similar_situations;_format_results,analyze,0,4,False,True,context_pattern_id,1,TARGET_COLUMN_IN_NON_TARGET_COMPONENT,True,ACTIVE_RISKY,Review/fix risks before trusting component output; add contract/golden tests.
src.analytics.analyzers.model_comparison_analyzer.ModelComparisonAnalyzer,analyzer,analytics/analyzers/model_comparison_analyzer.py,ModelComparisonAnalyzer,class,__init__;analyze;_compare_architectures;_get_best_models_by_type;_summarize_by_type;compare_models;_build_model_cohort;_classify_model_type;_extract_performance_metric;_identify_cluster_leaders;_arbitrate_champion,analyze,0,2,False,False,model_type,1,SILENT_EMPTY_RETURN,False,ACTIVE_RISKY,Review/fix risks before trusting component output; add contract/golden tests.
src.analytics.analyzers.news_impact_analyzer.NewsImpactAnalyzer,analyzer,analytics/analyzers/news_impact_analyzer.py,NewsImpactAnalyzer,class,__init__;_calculate_decay_factor;analyze;_perform_sentiment_analysis;_calculate_weighted_scores;_aggregate_scores_by_timestamp;_apply_time_decay;_determine_significance_levels;get_significance,analyze,0,3,False,True,,0,,True,ACTIVE_WITH_TEST_REFERENCE,Keep; verify runtime output reaches downstream model/evaluation.
src.analytics.analyzers.performance_attribution_analyzer.PerformanceAttributionAnalyzer,analyzer,analytics/analyzers/performance_attribution_analyzer.py,PerformanceAttributionAnalyzer,class,__init__;analyze;_calculate_performance_metrics;_brinson_attribution;_security_selection_attribution;_timing_attribution;_currency_attribution;_risk_adjusted_attribution;_temporal_attribution_analysis;_generate_executive_summary;_generate_qualitative_recommendations,analyze,0,0,False,False,,0,,True,UNUSED_POTENTIALLY_VALUABLE,Do not delete; inspect logic and consider integration experiment/ablation.
src.analytics.analyzers.risk_decomposition_analyzer.RiskDecompositionAnalyzer,analyzer,analytics/analyzers/risk_decomposition_analyzer.py,RiskDecompositionAnalyzer,class,__init__;analyze;_calculate_aggregate_risk_profile;_decompose_systematic_idiosyncratic;_decompose_factor_risk;_calculate_concentration_profile;_calculate_liquidity_risk_proxies;_summarize_risk_contributions;_check_concentration_risk;_check_systematic_idiosyncratic_balance;_check_liquidity_risk;_check_factor_explainability;_generate_risk_mitigation_recommendations,analyze,0,0,False,True,,0,,True,ACTIVE_WITH_TEST_REFERENCE,Keep; verify runtime output reaches downstream model/evaluation.
src.analytics.analyzers.shap_analyzer.ShapAnalyzer,analyzer,analytics/analyzers/shap_analyzer.py,ShapAnalyzer,class,__init__;analyze,analyze,0,2,False,False,,0,,False,ACTIVE_NEEDS_RUNTIME_CONFIRMATION,Use runtime/lineage tracker to confirm execution and output usage.
src.analytics.analyzers.wrappers.DrawdownAnalyzer,analyzer,analytics/analyzers/wrappers.py,DrawdownAnalyzer,class,__init__;analyze,analyze,0,2,False,False,,0,,True,ACTIVE_WITH_TEST_REFERENCE,Keep; verify runtime output reaches downstream model/evaluation.
src.analytics.analyzers.wrappers.FamaFrenchAnalyzer,analyzer,analytics/analyzers/wrappers.py,FamaFrenchAnalyzer,class,__init__;analyze,analyze,0,2,False,False,,0,,True,ACTIVE_WITH_TEST_REFERENCE,Keep; verify runtime output reaches downstream model/evaluation.
src.analytics.analyzers.wrappers.VolatilityAnalyzer,analyzer,analytics/analyzers/wrappers.py,VolatilityAnalyzer,class,__init__;analyze;_extract_returns,analyze,0,2,False,False,,0,,True,ACTIVE_WITH_TEST_REFERENCE,Keep; verify runtime output reaches downstream model/evaluation.
src.analytics.arena.arena_battle.BattleResult,utility_or_unknown,analytics/arena/arena_battle.py,BattleResult,class,,,0,6,False,False,,1,SILENT_EMPTY_RETURN,True,ACTIVE_RISKY,Review/fix risks before trusting component output; add contract/golden tests.
src.analytics.arena.arena_battle.BattleMetrics,calculator,analytics/arena/arena_battle.py,BattleMetrics,class,,,0,6,False,False,,1,SILENT_EMPTY_RETURN,True,ACTIVE_RISKY,Review/fix risks before trusting component output; add contract/golden tests.
src.analytics.arena.arena_battle.Battle,utility_or_unknown,analytics/arena/arena_battle.py,Battle,class,,,0,10,False,False,,1,SILENT_EMPTY_RETURN,True,ACTIVE_RISKY,Review/fix risks before trusting component output; add contract/golden tests.
src.analytics.arena.arena_battle.TradingModelArena,model,analytics/arena/arena_battle.py,TradingModelArena,class,__init__;register_model;calculate_loss_metrics;compare_with_baseline;run_blind_challenge;_load_current_champion;conduct_battle;run_champion_challenge;_calculate_causal_weighted_score;_calculate_weighted_score;create_battle;create_battles_from_group;get_recommended_battle_groups;run_battle;_get_model_predictions;_get_instance_predictions;_calculate_metrics;_calculate_max_drawdown;_determine_battle_winner;_get_battle_result;_update_model_stats;get_leaderboard;save_arena_state;load_arena_state;get_trading_arena,,0,8,False,False,,1,SILENT_EMPTY_RETURN,True,ACTIVE_RISKY,Review/fix risks before trusting component output; add contract/golden tests.
src.analytics.arena.arena_battle.get_trading_arena,utility_or_unknown,analytics/arena/arena_battle.py,get_trading_arena,function,,,0,8,False,False,,1,SILENT_EMPTY_RETURN,True,ACTIVE_RISKY,Review/fix risks before trusting component output; add contract/golden tests.
src.analytics.arena.arena_orchestrator.ArenaOrchestrator,pipeline_stage,analytics/arena/arena_orchestrator.py,ArenaOrchestrator,class,__init__;run_recommended_battles;create_custom_battle_group;get_battle_group_details;get_leaderboard;get_unified_arena_report,,0,0,True,False,,0,,False,ACTIVE_NEEDS_RUNTIME_CONFIRMATION,Use runtime/lineage tracker to confirm execution and output usage.
src.analytics.arena.battle_groups.BattleGroup,utility_or_unknown,analytics/arena/battle_groups.py,BattleGroup,class,,,0,3,False,False,,0,,False,ACTIVE_NEEDS_RUNTIME_CONFIRMATION,Use runtime/lineage tracker to confirm execution and output usage.
src.analytics.arena.battle_groups.BattleGroupManager,utility_or_unknown,analytics/arena/battle_groups.py,BattleGroupManager,class,__init__;get_group;list_groups;create_custom_group;get_recommended_groups;generate_battle_schedule;_generate_round_robin_battles;_generate_tournament_battles;_generate_elimination_battles;get_group_info;get_battle_group_manager;get_all_battle_groups;get_popular_groups,,0,5,False,False,,0,,False,ACTIVE_NEEDS_RUNTIME_CONFIRMATION,Use runtime/lineage tracker to confirm execution and output usage.
src.analytics.arena.battle_groups.get_battle_group_manager,utility_or_unknown,analytics/arena/battle_groups.py,get_battle_group_manager,function,,,0,5,False,False,,0,,False,ACTIVE_NEEDS_RUNTIME_CONFIRMATION,Use runtime/lineage tracker to confirm execution and output usage.
src.analytics.arena.battle_groups.get_all_battle_groups,utility_or_unknown,analytics/arena/battle_groups.py,get_all_battle_groups,function,,,0,4,False,False,,0,,False,ACTIVE_NEEDS_RUNTIME_CONFIRMATION,Use runtime/lineage tracker to confirm execution and output usage.
src.analytics.arena.battle_groups.get_popular_groups,utility_or_unknown,analytics/arena/battle_groups.py,get_popular_groups,function,,,0,3,False,False,,0,,False,ACTIVE_NEEDS_RUNTIME_CONFIRMATION,Use runtime/lineage tracker to confirm execution and output usage.
src.analytics.arena.ensemble_performance_bridge.EnsemblePerformanceBridge,utility_or_unknown,analytics/arena/ensemble_performance_bridge.py,EnsemblePerformanceBridge,class,__init__;sync_ensemble_performance_to_tracker;get_unified_performance_view;_extract_ensemble_metrics;_convert_to_tracker_format,,0,3,False,False,,0,,False,ACTIVE_NEEDS_RUNTIME_CONFIRMATION,Use runtime/lineage tracker to confirm execution and output usage.
src.analytics.arena.performance_tracker.ModelPerformanceRecord,model,analytics/arena/performance_tracker.py,ModelPerformanceRecord,class,,,0,7,False,False,,0,,True,ACTIVE_WITH_TEST_REFERENCE,Keep; verify runtime output reaches downstream model/evaluation.
src.analytics.arena.performance_tracker.LeaderboardEntry,utility_or_unknown,analytics/arena/performance_tracker.py,LeaderboardEntry,class,,,0,7,False,False,,0,,True,ACTIVE_WITH_TEST_REFERENCE,Keep; verify runtime output reaches downstream model/evaluation.
src.analytics.arena.performance_tracker.ModelPerformanceTracker,model,analytics/arena/performance_tracker.py,ModelPerformanceTracker,class,__init__;_initialize_model_stats;_get_model_type;record_battle_performance;_record_model_performance;_get_battle_result;_update_battle_stats;_update_leaderboard;_create_leaderboard_entry;get_leaderboard_categories;get_model_performance_history;_calculate_performance_trend;get_model_stats;get_top_performers;save_performance_data;convert_datetime;load_performance_data;get_performance_tracker,,0,11,False,False,,0,,True,ACTIVE_WITH_TEST_REFERENCE,Keep; verify runtime output reaches downstream model/evaluation.
src.analytics.arena.performance_tracker.get_performance_tracker,utility_or_unknown,analytics/arena/performance_tracker.py,get_performance_tracker,function,,,0,8,False,False,,0,,True,ACTIVE_WITH_TEST_REFERENCE,Keep; verify runtime output reaches downstream model/evaluation.
src.analytics.arena.__init__,utility_or_unknown,analytics/arena/__init__.py,__init__,module,,,0,415,False,False,,0,,True,ACTIVE_WITH_TEST_REFERENCE,Keep; verify runtime output reaches downstream model/evaluation.
src.analytics.calculators.advanced_econometrics_calculator.AdvancedEconometricsCalculator,calculator,analytics/calculators/advanced_econometrics_calculator.py,AdvancedEconometricsCalculator,class,run_comprehensive_causal_analysis;_test_single_predictor_comprehensive;_test_stationarity;_select_optimal_lag;_run_granger_with_validation;_test_cointegration;_calculate_impulse_response;_calculate_variance_decomposition;_calculate_causality_strength;_generate_causality_summary;_validate_columns;_validate_data_length,,0,0,False,False,,1,TARGET_COLUMN_IN_NON_TARGET_COMPONENT,False,UNUSED_POTENTIALLY_VALUABLE,Do not delete; inspect logic and consider integration experiment/ablation.
src.analytics.calculators.drawdown_calculator.DrawdownCalculator,calculator,analytics/calculators/drawdown_calculator.py,DrawdownCalculator,class,calculate_max_drawdown_from_returns;calculate_rolling_drawdown;calculate_max_drawdown_from_prices;calculate_underwater_duration,,0,6,False,True,,0,,True,ACTIVE_WITH_TEST_REFERENCE,Keep; verify runtime output reaches downstream model/evaluation.
src.analytics.calculators.econometrics_calculator.EconometricsCalculator,calculator,analytics/calculators/econometrics_calculator.py,EconometricsCalculator,class,run_advanced_granger_test;run_granger_test;_test_single_predictor;_validate_columns;_validate_data_length;_calculate_granger_p_value;_build_causality_result;_generate_simple_summary;get_var_forecast;_generate_var_forecast;_validate_var_data;_fit_var_and_forecast;_create_forecast_dataframe,,0,2,False,True,,2,SILENT_EMPTY_RETURN;TARGET_COLUMN_IN_NON_TARGET_COMPONENT,False,ACTIVE_RISKY,Review/fix risks before trusting component output; add contract/golden tests.
src.analytics.calculators.explainability_calculator.ExplainabilityCalculator,calculator,analytics/calculators/explainability_calculator.py,ExplainabilityCalculator,class,analyze_feature_importance;explain_single_prediction,,0,2,False,True,,1,SILENT_EMPTY_RETURN,False,ACTIVE_RISKY,Review/fix risks before trusting component output; add contract/golden tests.
src.analytics.calculators.fama_french_factors.FamaFrenchFactors,calculator,analytics/calculators/fama_french_factors.py,FamaFrenchFactors,class,__init__;get_factors;_check_factor_cache;_validate_ticker_coverage;_calculate_factors;_calculate_market_factor;_calculate_size_factor;_calculate_value_factor;_calculate_momentum_factor;_update_factor_cache;_download_data;_validate_date_range;_check_cache;_download_from_yfinance;_update_cache;_get_fallback_cache;analyze_factor_performance,,0,6,False,True,HML;MKT;SMB;UMD,1,SILENT_EMPTY_RETURN,True,ACTIVE_RISKY,Review/fix risks before trusting component output; add contract/golden tests.
src.analytics.calculators.macro_score_calculator.MacroScoreCalculator,calculator,analytics/calculators/macro_score_calculator.py,MacroScoreCalculator,class,__init__;calculate_composite_score;_validate_macro_data;_calculate_individual_scores;_process_indicator;_transform_series;_normalize_series;_apply_directional_alignment;_create_empty_composite_score;_calculate_weighted_composite;_scale_final_score,,0,6,False,True,composite_macro_score,0,,True,ACTIVE_WITH_TEST_REFERENCE,Keep; verify runtime output reaches downstream model/evaluation.
src.analytics.calculators.risk_reward_calculator.TradeConfig,calculator,analytics/calculators/risk_reward_calculator.py,TradeConfig,class,,,0,2,False,True,,1,TARGET_COLUMN_IN_NON_TARGET_COMPONENT,True,ACTIVE_RISKY,Review/fix risks before trusting component output; add contract/golden tests.
src.analytics.calculators.risk_reward_calculator.TradeParameters,calculator,analytics/calculators/risk_reward_calculator.py,TradeParameters,class,,,0,2,False,True,,1,TARGET_COLUMN_IN_NON_TARGET_COMPONENT,True,ACTIVE_RISKY,Review/fix risks before trusting component output; add contract/golden tests.
src.analytics.calculators.risk_reward_calculator.RiskRewardCalculator,calculator,analytics/calculators/risk_reward_calculator.py,RiskRewardCalculator,class,_clean_return_series;calculate_trade_parameters;_calculate_trade_with_config;calculate_sharpe_ratio;calculate_sortino_ratio;calculate_beta;calculate_treynor_ratio;calculate_var_cvar;calculate_information_ratio,,0,4,False,True,,1,TARGET_COLUMN_IN_NON_TARGET_COMPONENT,True,ACTIVE_RISKY,Review/fix risks before trusting component output; add contract/golden tests.
src.analytics.calculators.sentiment_stats_calculator.SentimentStatsCalculator,calculator,analytics/calculators/sentiment_stats_calculator.py,SentimentStatsCalculator,class,calculate_sentiment_stats,,0,4,False,True,,0,,False,ACTIVE_NEEDS_RUNTIME_CONFIRMATION,Use runtime/lineage tracker to confirm execution and output usage.
src.analytics.calculators.volatility_calculator.VolatilityCalculator,calculator,analytics/calculators/volatility_calculator.py,VolatilityCalculator,class,calculate_rolling_volatility;calculate_realized_volatility,,0,8,False,True,,0,,True,ACTIVE_WITH_TEST_REFERENCE,Keep; verify runtime output reaches downstream model/evaluation.
src.analytics.context.causal_effect_methods.CausalEffectMethods,context_map,analytics/context/causal_effect_methods.py,CausalEffectMethods,class,__init__;linear_estimation;rf_estimation;double_ml_estimation;robustness_checks,,0,2,False,False,,0,,False,ACTIVE_NEEDS_RUNTIME_CONFIRMATION,Use runtime/lineage tracker to confirm execution and output usage.
src.analytics.context.causal_engine.CausalEngine,context_map,analytics/context/causal_engine.py,CausalEngine,class,__init__;generate_causal_vectors;_initialize_implied_features;_apply_event_causal_effects;_apply_decaying_impact;_get_all_causal_features;_extract_event_data,,0,3,False,True,,1,TARGET_COLUMN_IN_NON_TARGET_COMPONENT,False,ACTIVE_RISKY,Review/fix risks before trusting component output; add contract/golden tests.
src.analytics.context.contextual_model_selector.ContextualModelSelector,context_map,analytics/context/contextual_model_selector.py,ContextualModelSelector,class,__init__;analyze;select_models;_validate_analyze_inputs;_perform_knn_analysis;_prepare_analysis_context;_analyze_neighbors;_complete_model_selection;_select_best_model;_find_similar_neighbors;_calculate_model_scores;_calculate_model_confidence;_count_model_wins;_is_best_model_in_row;_find_best_model_in_row;_extract_model_performances;_get_top_performing_model;_build_analysis_result;_heuristic_fallback,analyze,0,4,False,False,,2,SILENT_EMPTY_RETURN;TARGET_COLUMN_IN_NON_TARGET_COMPONENT,True,ACTIVE_RISKY,Review/fix risks before trusting component output; add contract/golden tests.
src.analytics.context.counterfactual_generator.CounterfactualGenerator,context_map,analytics/context/counterfactual_generator.py,CounterfactualGenerator,class,__init__;generate_synthetic_control;run_difference_in_differences;propensity_score_matching;estimate_causal_effects,,0,0,False,False,,0,,True,UNUSED_POTENTIALLY_VALUABLE,Do not delete; inspect logic and consider integration experiment/ablation.
src.analytics.context.difference_in_differences_methods.DifferenceInDifferencesMethods,context_map,analytics/context/difference_in_differences_methods.py,DifferenceInDifferencesMethods,class,__init__;test_significance;test_parallel_trends,,0,2,False,False,,0,,False,ACTIVE_NEEDS_RUNTIME_CONFIRMATION,Use runtime/lineage tracker to confirm execution and output usage.
src.analytics.context.ensemble_selector.EnsembleContext,context_map,analytics/context/ensemble_selector.py,EnsembleContext,class,,,0,3,False,False,,1,SILENT_EMPTY_RETURN,True,ACTIVE_RISKY,Review/fix risks before trusting component output; add contract/golden tests.
src.analytics.context.ensemble_selector.EnsembleSelector,context_map,analytics/context/ensemble_selector.py,EnsembleSelector,class,__init__;select_best_ensemble;create_ensemble_instance;_score;_meets_requirements;_reasoning;_confidence;_create_simple_average_ensemble;simple_average;_create_weighted_average_ensemble;weighted_average,,0,4,False,False,,1,SILENT_EMPTY_RETURN,True,ACTIVE_RISKY,Review/fix risks before trusting component output; add contract/golden tests.
src.analytics.context.macro_context_analyzer.MacroContextAnalyzer,context_map,analytics/context/macro_context_analyzer.py,MacroContextAnalyzer,class,__init__;analyze;_get_regime;classify,analyze,0,0,False,True,macro_score;market_regime,0,,False,ACTIVE_OUTPUT_UNTESTED,Component appears to produce output columns; add lineage + correctness tests.
src.analytics.context.market_context_analyzer.MarketContextAnalyzer,context_map,analytics/context/market_context_analyzer.py,MarketContextAnalyzer,class,__init__;analyze;_apply_context_defaults;_find_price_columns;_find_column;_find_rsi_column;_calculate_volatility_5d;_calculate_volatility_20d;_calculate_volatility_ratio;_calculate_trend_5d;_calculate_trend_20d;_calculate_trend_alignment;_calculate_rsi_current;_calculate_volume_ratio;_can_calculate_volume_ratio;_calculate_price_to_ma20;_can_calculate_price_to_ma20;_calculate_hour_of_day;_calculate_day_of_week;_calculate_yield_curve_slope;_get_yield_rate;_is_yield_data_invalid;_log_yield_curve_slope;_calculate_yield_curve_inverted;_calculate_fed_funds_trend;_can_calculate_fed_funds_trend;_get_fed_funds_three_months_ago;_log_fed_funds_trend;_calculate_fed_funds_velocity;_can_calculate_fed_funds_velocity;_get_fed_funds_one_month_ago;_calculate_market_breadth;_has_advance_decline_data;_calculate_advance_decline_breadth;_can_use_price_proxy;_calculate_price_proxy_breadth;_calculate_dollar_strength;_calculate_put_call_ratio;_calculate_sentiment_score;_calculate_sentiment_momentum;_calculate_news_intensity,analyze,0,4,False,True,,1,SILENT_EMPTY_RETURN,True,ACTIVE_RISKY,Review/fix risks before trusting component output; add contract/golden tests.
src.analytics.context.market_phase_analyzer.MarketPhaseAnalyzer,context_map,analytics/context/market_phase_analyzer.py,MarketPhaseAnalyzer,class,__init__;analyze;_validate_market_data;_is_valid_dataframe;_create_validation_error;_create_missing_columns_error;_check_missing_columns;_determine_market_phase;_extract_latest_values;_build_indicator_values;_validate_extracted_values;_evaluate_rules;_evaluate_condition;_is_valid_condition_string;_eval_factor;_safe_eval_condition;_log_evaluation_error,analyze,0,2,False,True,,0,,True,ACTIVE_WITH_TEST_REFERENCE,Keep; verify runtime output reaches downstream model/evaluation.
src.analytics.context.market_regime_analyzer.MarketRegimeAnalyzer,context_map,analytics/context/market_regime_analyzer.py,MarketRegimeAnalyzer,class,__init__;analyze;_resolve_dataframe;_empty_result,analyze,0,0,False,True,,1,SILENT_EMPTY_RETURN,True,ACTIVE_RISKY,Review/fix risks before trusting component output; add contract/golden tests.
src.analytics.context.prediction_adjuster.PredictionAdjuster,context_map,analytics/context/prediction_adjuster.py,PredictionAdjuster,class,__init__;analyze;_create_empty_predictions_result;_extract_context_info;_process_all_predictions;_adjust_single_prediction;_calculate_adjustment_factor;_log_rule_error;_log_adjustment;_evaluate_rule_conditions;_has_valid_conditions;_evaluate_single_condition;_is_feature_available;_evaluate_all_condition_types;_check_categorical_condition;_check_numerical_conditions;_apply_rule_action;_is_multiplier_action;_apply_multiplier_action,analyze,0,2,False,True,,0,,False,ACTIVE_NEEDS_RUNTIME_CONFIRMATION,Use runtime/lineage tracker to confirm execution and output usage.
src.analytics.context.propensity_score_methods.PropensityScoreMethods,context_map,analytics/context/propensity_score_methods.py,PropensityScoreMethods,class,__init__;prepare_data;estimate_propensity_scores;perform_matching;calculate_ate;check_covariate_balance;assess_matching_quality,,0,2,False,False,,0,,False,ACTIVE_NEEDS_RUNTIME_CONFIRMATION,Use runtime/lineage tracker to confirm execution and output usage.
src.analytics.context.synthetic_control_methods.SyntheticControlMethods,context_map,analytics/context/synthetic_control_methods.py,SyntheticControlMethods,class,__init__;optimize_weights;construct_synthetic_control;calculate_treatment_effects;test_significance;calculate_rmspe;validate_synthetic_control,,0,2,False,False,,0,,False,ACTIVE_NEEDS_RUNTIME_CONFIRMATION,Use runtime/lineage tracker to confirm execution and output usage.
src.analytics.data_managers.model_results_manager.ModelResultsManager,model,analytics/data_managers/model_results_manager.py,ModelResultsManager,class,__init__;save_results;get_results;_load_file;get_confidence_score;get_cached_analysis;cache_analysis;save_json_result,,0,13,False,False,,2,SILENT_EMPTY_RETURN;TARGET_COLUMN_IN_NON_TARGET_COMPONENT,True,ACTIVE_RISKY,Review/fix risks before trusting component output; add contract/golden tests.
src.analytics.detectors.anomaly_detector.AnomalyDetector,detector,analytics/detectors/anomaly_detector.py,AnomalyDetector,class,__init__;fit;detect;_impute_with_training_medians;calculate_anomaly_impact_weights,detect,0,4,False,False,,0,,True,ACTIVE_WITH_TEST_REFERENCE,Keep; verify runtime output reaches downstream model/evaluation.
src.analytics.detectors.critical_signal_detector.CriticalSignalDetector,detector,analytics/detectors/critical_signal_detector.py,CriticalSignalDetector,class,__init__;detect_price_shock;detect_volume_spike;detect_volatility_explosion;analyze,,0,2,False,True,price_shock_detected;volatility_explosion_detected;volume_spike_detected,0,,False,ACTIVE_OUTPUT_UNTESTED,Component appears to produce output columns; add lineage + correctness tests.
src.analytics.engines.causal_engine.CausalEngine,utility_or_unknown,analytics/engines/causal_engine.py,CausalEngine,class,__init__;_create_model;identify_effect;estimate_effect;run_refutation_tests,,0,3,False,True,,0,,False,ACTIVE_NEEDS_RUNTIME_CONFIRMATION,Use runtime/lineage tracker to confirm execution and output usage.
src.analytics.reporting.automated_reports.AutomatedReporting,utility_or_unknown,analytics/reporting/automated_reports.py,AutomatedReporting,class,__init__;generate_daily_report;get_daily_summary,,0,1,False,False,,1,SILENT_EMPTY_RETURN,False,ACTIVE_RISKY,Review/fix risks before trusting component output; add contract/golden tests.
src.analytics.reporting.automated_reports.HistoricalAnalytics,utility_or_unknown,analytics/reporting/automated_reports.py,HistoricalAnalytics,class,__init__;analyze_trends;generate_trend_report;load_historical_reports,,0,2,False,False,,1,SILENT_EMPTY_RETURN,False,ACTIVE_RISKY,Review/fix risks before trusting component output; add contract/golden tests.
src.analytics.reporting.model_analyzer.ModelAnalyzer,analyzer,analytics/reporting/model_analyzer.py,ModelAnalyzer,class,__init__;generate_training_summary;_determine_metric_type;_find_champion;sort_key;_create_champion_info;_collect_architecture_metrics;_calculate_architecture_comparison;save_report;get_light_vs_heavy_stats,,0,5,False,False,,0,,False,ACTIVE_NEEDS_RUNTIME_CONFIRMATION,Use runtime/lineage tracker to confirm execution and output usage.
src.analytics.reporting.reporting_orchestrator.ReportingOrchestrator,pipeline_stage,analytics/reporting/reporting_orchestrator.py,ReportingOrchestrator,class,__init__;get_full_status_report;export_all,,0,0,True,False,,0,,False,ACTIVE_NEEDS_RUNTIME_CONFIRMATION,Use runtime/lineage tracker to confirm execution and output usage.
src.analytics.reporting.results_manager.ResultsManager,utility_or_unknown,analytics/reporting/results_manager.py,ResultsManager,class,__init__;save_results;load_results;get_latest_results;list_results;delete_results;get_results_summary;export_results_to_csv;_flatten_dict;clear_cache;get_cache_info,,0,9,False,False,,1,SILENT_EMPTY_RETURN,False,ACTIVE_RISKY,Review/fix risks before trusting component output; add contract/golden tests.
src.analytics.reporting.visualization.Visualizer,utility_or_unknown,analytics/reporting/visualization.py,Visualizer,class,__init__;_save_plot;plot_price_history;plot_distribution;plot_correlation_matrix,,0,6,False,True,,1,SILENT_EMPTY_RETURN,False,ACTIVE_RISKY,Review/fix risks before trusting component output; add contract/golden tests.
src.analytics.reporting.__init__,utility_or_unknown,analytics/reporting/__init__.py,__init__,module,,,0,415,False,False,,0,,True,ACTIVE_WITH_TEST_REFERENCE,Keep; verify runtime output reaches downstream model/evaluation.
src.analytics.signals.signal_analytics.analyze_signals,utility_or_unknown,analytics/signals/signal_analytics.py,analyze_signals,function,,,0,2,False,False,,1,SILENT_EMPTY_RETURN,False,ACTIVE_RISKY,Review/fix risks before trusting component output; add contract/golden tests.
src.analytics.signals.signal_analytics.generate_report_string,utility_or_unknown,analytics/signals/signal_analytics.py,generate_report_string,function,,,0,1,False,False,,1,SILENT_EMPTY_RETURN,False,ACTIVE_RISKY,Review/fix risks before trusting component output; add contract/golden tests.
src.analytics.signals.significance_detector.detect_significant_events,detector,analytics/signals/significance_detector.py,detect_significant_events,function,,,0,2,False,False,is_significant;ticker,1,SILENT_EMPTY_RETURN,False,ACTIVE_RISKY,Review/fix risks before trusting component output; add contract/golden tests.
src.analytics.signals.significance_detector.get_significance_summary,detector,analytics/signals/significance_detector.py,get_significance_summary,function,,,0,1,False,False,is_significant;ticker,1,SILENT_EMPTY_RETURN,False,ACTIVE_RISKY,Review/fix risks before trusting component output; add contract/golden tests.
src.analytics.utils.analytics_math.calculate_market_regime_metrics,utility_or_unknown,analytics/utils/analytics_math.py,calculate_market_regime_metrics,function,,,0,0,False,False,,0,,True,ORPHAN_LOW_SIGNAL,Likely low-priority orphan; quarantine only after config/runtime confirmation.
src.analytics.utils.analytics_math.calculate_herfindahl_hirschman_index,utility_or_unknown,analytics/utils/analytics_math.py,calculate_herfindahl_hirschman_index,function,,,0,0,False,False,,0,,True,ORPHAN_LOW_SIGNAL,Likely low-priority orphan; quarantine only after config/runtime confirmation.
src.analytics.utils.analytics_math.calculate_diversification_ratio,utility_or_unknown,analytics/utils/analytics_math.py,calculate_diversification_ratio,function,,,0,0,False,False,,0,,True,ORPHAN_LOW_SIGNAL,Likely low-priority orphan; quarantine only after config/runtime confirmation.
src.analytics.utils.knn_model_wrapper.KnnModelWrapper,model,analytics/utils/knn_model_wrapper.py,KnnModelWrapper,class,__init__;fit;find_neighbors,fit,0,2,False,False,,1,TARGET_COLUMN_IN_NON_TARGET_COMPONENT,False,ACTIVE_RISKY,Review/fix risks before trusting component output; add contract/golden tests.
src.backtesting.advanced.advanced_engine.TransactionCostModel,trading,backtesting/advanced/advanced_engine.py,TransactionCostModel,class,__init__;calculate_execution_costs,,0,7,False,False,,2,FUTURE_SHIFT;SILENT_EMPTY_RETURN,True,ACTIVE_RISKY,Review/fix risks before trusting component output; add contract/golden tests.
src.backtesting.advanced.advanced_engine.BiasDetector,trading,backtesting/advanced/advanced_engine.py,BiasDetector,class,__init__;detect_look_ahead_bias;detect_survivorship_bias,,0,7,False,False,,2,FUTURE_SHIFT;SILENT_EMPTY_RETURN,True,ACTIVE_RISKY,Review/fix risks before trusting component output; add contract/golden tests.
src.backtesting.advanced.advanced_engine.WalkForwardOptimizer,trading,backtesting/advanced/advanced_engine.py,WalkForwardOptimizer,class,__init__;walk_forward_optimization;_evaluate_parameters;_calculate_average_performance,,0,7,False,False,,2,FUTURE_SHIFT;SILENT_EMPTY_RETURN,True,ACTIVE_RISKY,Review/fix risks before trusting component output; add contract/golden tests.
src.backtesting.advanced.advanced_engine.AdvancedBacktestEngine,trading,backtesting/advanced/advanced_engine.py,AdvancedBacktestEngine,class,__init__;run_comprehensive_backtest;_analyze_transaction_costs;_simulate_returns;_prepare_signal_positions;_estimate_turnover_cost_pct;_calculate_sharpe;_calculate_max_drawdown;_calculate_win_rate,,0,7,False,False,,2,FUTURE_SHIFT;SILENT_EMPTY_RETURN,True,ACTIVE_RISKY,Review/fix risks before trusting component output; add contract/golden tests.
src.colab.config.config_loader.RuntimeConfigLoader,utility_or_unknown,colab/config/config_loader.py,RuntimeConfigLoader,class,__init__;load_runtime_params;_find_config_file;_get_batch_name_from_args;_determine_batch_directory;_build_batch_dir_path;_normalize_batch_name;_print_batch_source;_load_batch_params;_print_force_full_mode;_handle_config_in_main_database;_load_config_file;_parse_config_data;_print_full_mode_message;_print_loaded_params,,0,4,False,False,,2,SILENT_EMPTY_RETURN;TARGET_COLUMN_IN_NON_TARGET_COMPONENT,False,ACTIVE_RISKY,Review/fix risks before trusting component output; add contract/golden tests.
src.colab.config.training_config.TrainingConfig,utility_or_unknown,colab/config/training_config.py,TrainingConfig,class,__init__,,0,6,False,False,,1,TARGET_COLUMN_IN_NON_TARGET_COMPONENT,False,ACTIVE_RISKY,Review/fix risks before trusting component output; add contract/golden tests.
src.colab.config.training_config.CheckpointParams,utility_or_unknown,colab/config/training_config.py,CheckpointParams,class,,,0,7,False,False,,1,TARGET_COLUMN_IN_NON_TARGET_COMPONENT,False,ACTIVE_RISKY,Review/fix risks before trusting component output; add contract/golden tests.
src.colab.config.training_config.TrainingParams,utility_or_unknown,colab/config/training_config.py,TrainingParams,class,,,0,4,False,False,,1,TARGET_COLUMN_IN_NON_TARGET_COMPONENT,False,ACTIVE_RISKY,Review/fix risks before trusting component output; add contract/golden tests.
src.colab.config.training_config.TrainingLoopParams,utility_or_unknown,colab/config/training_config.py,TrainingLoopParams,class,,,0,4,False,False,,1,TARGET_COLUMN_IN_NON_TARGET_COMPONENT,False,ACTIVE_RISKY,Review/fix risks before trusting component output; add contract/golden tests.
src.colab.config.__init__,utility_or_unknown,colab/config/__init__.py,__init__,module,,,0,415,False,False,,0,,True,ACTIVE_WITH_TEST_REFERENCE,Keep; verify runtime output reaches downstream model/evaluation.
src.colab.environment.colab_environment.ColabEnvironment,utility_or_unknown,colab/environment/colab_environment.py,ColabEnvironment,class,__init__;setup_paths;timeout_handler;setup_batch_directory,,0,4,False,False,,0,,False,ACTIVE_NEEDS_RUNTIME_CONFIRMATION,Use runtime/lineage tracker to confirm execution and output usage.
src.colab.environment.setup.ColabEnvironment,utility_or_unknown,colab/environment/setup.py,ColabEnvironment,class,__init__;setup_paths;timeout_handler;setup_batch_directory,,0,7,False,False,,0,,False,ACTIVE_NEEDS_RUNTIME_CONFIRMATION,Use runtime/lineage tracker to confirm execution and output usage.
src.colab.environment.__init__,utility_or_unknown,colab/environment/__init__.py,__init__,module,,,0,415,False,False,,0,,True,ACTIVE_WITH_TEST_REFERENCE,Keep; verify runtime output reaches downstream model/evaluation.
src.colab.memory.memory_monitor.MemoryMonitor,utility_or_unknown,colab/memory/memory_monitor.py,MemoryMonitor,class,__init__;get_memory_info;get_memory_usage;check_memory;cleanup;save_log,,0,3,False,False,,0,,False,ACTIVE_NEEDS_RUNTIME_CONFIRMATION,Use runtime/lineage tracker to confirm execution and output usage.
src.colab.memory.__init__,utility_or_unknown,colab/memory/__init__.py,__init__,module,,,0,415,False,False,,0,,True,ACTIVE_WITH_TEST_REFERENCE,Keep; verify runtime output reaches downstream model/evaluation.
src.colab.models.architectures.LSTMModel,model,colab/models/architectures.py,LSTMModel,class,__init__;forward,,0,13,False,True,,1,HEAVY_IMPORT,False,ACTIVE_RISKY,Review/fix risks before trusting component output; add contract/golden tests.
src.colab.models.architectures.GRUModel,model,colab/models/architectures.py,GRUModel,class,__init__;forward,,0,13,False,True,,1,HEAVY_IMPORT,False,ACTIVE_RISKY,Review/fix risks before trusting component output; add contract/golden tests.
src.colab.models.architectures.CNNModel,model,colab/models/architectures.py,CNNModel,class,__init__;forward,,0,13,False,True,,1,HEAVY_IMPORT,False,ACTIVE_RISKY,Review/fix risks before trusting component output; add contract/golden tests.
src.colab.models.architectures.TransformerModel,model,colab/models/architectures.py,TransformerModel,class,__init__;forward,,0,13,False,True,,1,HEAVY_IMPORT,False,ACTIVE_RISKY,Review/fix risks before trusting component output; add contract/golden tests.
src.colab.models.architectures.AutoencoderModel,model,colab/models/architectures.py,AutoencoderModel,class,__init__;forward,,0,13,False,True,,1,HEAVY_IMPORT,False,ACTIVE_RISKY,Review/fix risks before trusting component output; add contract/golden tests.
src.colab.models.model_factory.create_model,model,colab/models/model_factory.py,create_model,function,,,0,12,False,False,,1,SILENT_EMPTY_RETURN,True,ACTIVE_RISKY,Review/fix risks before trusting component output; add contract/golden tests.
src.colab.models.sklearn_fallback.create_sklearn_fallback_model,model,colab/models/sklearn_fallback.py,create_sklearn_fallback_model,function,,,0,0,False,False,,1,SILENT_EMPTY_RETURN,False,ORPHAN_LOW_SIGNAL,Likely low-priority orphan; quarantine only after config/runtime confirmation.
src.colab.models.torch_models.create_torch_model,model,colab/models/torch_models.py,create_torch_model,function,,,0,0,False,False,,1,SILENT_EMPTY_RETURN,False,ORPHAN_LOW_SIGNAL,Likely low-priority orphan; quarantine only after config/runtime confirmation.
src.colab.models.torch_models.create_mlp_model,model,colab/models/torch_models.py,create_mlp_model,function,,,0,0,False,False,,1,SILENT_EMPTY_RETURN,False,ORPHAN_LOW_SIGNAL,Likely low-priority orphan; quarantine only after config/runtime confirmation.
src.colab.models.torch_models.create_lstm_model,model,colab/models/torch_models.py,create_lstm_model,function,,,0,0,False,False,,1,SILENT_EMPTY_RETURN,False,ORPHAN_LOW_SIGNAL,Likely low-priority orphan; quarantine only after config/runtime confirmation.
src.colab.models.torch_models.create_gru_model,model,colab/models/torch_models.py,create_gru_model,function,,,0,0,False,False,,1,SILENT_EMPTY_RETURN,False,ORPHAN_LOW_SIGNAL,Likely low-priority orphan; quarantine only after config/runtime confirmation.
src.colab.models.torch_models.create_cnn_model,model,colab/models/torch_models.py,create_cnn_model,function,,,0,0,False,False,,1,SILENT_EMPTY_RETURN,False,ORPHAN_LOW_SIGNAL,Likely low-priority orphan; quarantine only after config/runtime confirmation.
src.colab.models.torch_models.create_transformer_model,model,colab/models/torch_models.py,create_transformer_model,function,,,0,0,False,False,,1,SILENT_EMPTY_RETURN,False,ORPHAN_LOW_SIGNAL,Likely low-priority orphan; quarantine only after config/runtime confirmation.
src.colab.models.torch_models.create_tabnet_model,model,colab/models/torch_models.py,create_tabnet_model,function,,,0,0,False,False,,1,SILENT_EMPTY_RETURN,False,ORPHAN_LOW_SIGNAL,Likely low-priority orphan; quarantine only after config/runtime confirmation.
src.colab.models.torch_models.create_random_forest_wrapper,model,colab/models/torch_models.py,create_random_forest_wrapper,function,,,0,0,False,False,,1,SILENT_EMPTY_RETURN,False,ORPHAN_LOW_SIGNAL,Likely low-priority orphan; quarantine only after config/runtime confirmation.
src.colab.models.torch_models.create_autoencoder_model,model,colab/models/torch_models.py,create_autoencoder_model,function,,,0,0,False,False,,1,SILENT_EMPTY_RETURN,False,ORPHAN_LOW_SIGNAL,Likely low-priority orphan; quarantine only after config/runtime confirmation.
src.colab.models.__init__,model,colab/models/__init__.py,__init__,module,,,0,415,False,False,,0,,True,ACTIVE_WITH_TEST_REFERENCE,Keep; verify runtime output reaches downstream model/evaluation.
src.colab.utils.batch_size.get_optimal_batch_size,utility_or_unknown,colab/utils/batch_size.py,get_optimal_batch_size,function,,,0,25,False,True,,0,,True,ACTIVE_WITH_TEST_REFERENCE,Keep; verify runtime output reaches downstream model/evaluation.
src.colab.utils.data_signature.compute_data_signature,utility_or_unknown,colab/utils/data_signature.py,compute_data_signature,function,,,0,4,False,False,,0,,False,ACTIVE_NEEDS_RUNTIME_CONFIRMATION,Use runtime/lineage tracker to confirm execution and output usage.
src.colab.utils.metrics.compute_metrics,calculator,colab/utils/metrics.py,compute_metrics,function,,,0,137,False,True,,0,,True,ACTIVE_WITH_TEST_REFERENCE,Keep; verify runtime output reaches downstream model/evaluation.
src.colab.utils.retry.retry_on_timeout,utility_or_unknown,colab/utils/retry.py,retry_on_timeout,function,,,0,9,False,False,,0,,False,ACTIVE_NEEDS_RUNTIME_CONFIRMATION,Use runtime/lineage tracker to confirm execution and output usage.
src.colab.utils.utils.get_optimal_batch_size,utility_or_unknown,colab/utils/utils.py,get_optimal_batch_size,function,,,0,54,False,False,,2,SILENT_EMPTY_RETURN;TARGET_COLUMN_IN_NON_TARGET_COMPONENT,True,ACTIVE_RISKY,Review/fix risks before trusting component output; add contract/golden tests.
src.colab.utils.utils.save_checkpoint,utility_or_unknown,colab/utils/utils.py,save_checkpoint,function,,,0,56,False,False,,2,SILENT_EMPTY_RETURN;TARGET_COLUMN_IN_NON_TARGET_COMPONENT,True,ACTIVE_RISKY,Review/fix risks before trusting component output; add contract/golden tests.
src.colab.utils.utils.load_checkpoint,utility_or_unknown,colab/utils/utils.py,load_checkpoint,function,,,0,56,False,False,,2,SILENT_EMPTY_RETURN;TARGET_COLUMN_IN_NON_TARGET_COMPONENT,True,ACTIVE_RISKY,Review/fix risks before trusting component output; add contract/golden tests.
src.colab.utils.utils.find_latest_checkpoint,utility_or_unknown,colab/utils/utils.py,find_latest_checkpoint,function,,,0,54,False,False,,2,SILENT_EMPTY_RETURN;TARGET_COLUMN_IN_NON_TARGET_COMPONENT,True,ACTIVE_RISKY,Review/fix risks before trusting component output; add contract/golden tests.
src.colab.utils.utils.compute_data_signature,utility_or_unknown,colab/utils/utils.py,compute_data_signature,function,,,0,55,False,False,,2,SILENT_EMPTY_RETURN;TARGET_COLUMN_IN_NON_TARGET_COMPONENT,True,ACTIVE_RISKY,Review/fix risks before trusting component output; add contract/golden tests.
src.colab.utils.utils.compute_metrics,utility_or_unknown,colab/utils/utils.py,compute_metrics,function,,,0,55,False,False,,2,SILENT_EMPTY_RETURN;TARGET_COLUMN_IN_NON_TARGET_COMPONENT,True,ACTIVE_RISKY,Review/fix risks before trusting component output; add contract/golden tests.
src.colab.utils.__init__,utility_or_unknown,colab/utils/__init__.py,__init__,module,,,0,415,False,False,,0,,True,ACTIVE_WITH_TEST_REFERENCE,Keep; verify runtime output reaches downstream model/evaluation.
src.core.cache.cache_manager.CacheManager,utility_or_unknown,core/cache/cache_manager.py,CacheManager,class,__init__;_get_db_salt;_init_db;_get_cache_key;get;set;get_stats;invalidate_namespace;_is_cache_valid;_delete_cache_entry;_remove_file_if_exists;cached;decorator;wrapper;auto_cleanup;clear,,0,51,False,False,,1,SILENT_EMPTY_RETURN,False,ACTIVE_RISKY,Review/fix risks before trusting component output; add contract/golden tests.
src.core.cache.object_cache.ObjectCache,utility_or_unknown,core/cache/object_cache.py,ObjectCache,class,__init__;_get_cache_path;get;set;clear,,0,2,False,False,,1,SILENT_EMPTY_RETURN,False,ACTIVE_RISKY,Review/fix risks before trusting component output; add contract/golden tests.
src.core.cache.query_cache.QueryCache,utility_or_unknown,core/cache/query_cache.py,QueryCache,class,__init__;_generate_key_from_query;get;set;clear,,0,2,False,False,,1,SILENT_EMPTY_RETURN,False,ACTIVE_RISKY,Review/fix risks before trusting component output; add contract/golden tests.
src.core.cache.__init__,utility_or_unknown,core/cache/__init__.py,__init__,module,,,0,415,False,False,,0,,True,ACTIVE_WITH_TEST_REFERENCE,Keep; verify runtime output reaches downstream model/evaluation.
src.core.clients.http_client_factory.IHttpClientFactory,factory_registry,core/clients/http_client_factory.py,IHttpClientFactory,class,get_http_client,,0,25,False,False,,0,,True,ACTIVE_WITH_TEST_REFERENCE,Keep; verify runtime output reaches downstream model/evaluation.
src.core.clients.http_client_factory.HttpClientFactory,factory_registry,core/clients/http_client_factory.py,HttpClientFactory,class,__init__;get_session_client,,0,48,False,False,,0,,True,ACTIVE_WITH_TEST_REFERENCE,Keep; verify runtime output reaches downstream model/evaluation.
src.core.cloud.gcs_manager.GCSManager,utility_or_unknown,core/cloud/gcs_manager.py,GCSManager,class,__init__;upload_file;upload_blob_from_memory;download_file;list_files;file_exists;wait_for_blob,,0,2,False,False,,1,SILENT_EMPTY_RETURN,False,ACTIVE_RISKY,Review/fix risks before trusting component output; add contract/golden tests.
src.core.cloud.__init__,utility_or_unknown,core/cloud/__init__.py,__init__,module,,,0,415,False,False,,0,,True,ACTIVE_WITH_TEST_REFERENCE,Keep; verify runtime output reaches downstream model/evaluation.
src.core.error_handling.__init__,utility_or_unknown,core/error_handling/__init__.py,__init__,module,,,0,415,False,False,,0,,True,ACTIVE_WITH_TEST_REFERENCE,Keep; verify runtime output reaches downstream model/evaluation.
src.core.file_management.file_manager.FileManager,utility_or_unknown,core/file_management/file_manager.py,FileManager,class,__init__;_resolve_path;ensure_directory;find_files;_atomic_write;save_yaml;write_task;validate_task;load_yaml;save_json;write_task;validate_task;load_json;_remove_timezone;_write_dataframe;_validate_dataframe;save_dataframe;write_task;validate_task;load_dataframe;cleanup_old_files,,0,10,False,False,,1,SILENT_EMPTY_RETURN,True,ACTIVE_RISKY,Review/fix risks before trusting component output; add contract/golden tests.
src.core.file_management.__init__,utility_or_unknown,core/file_management/__init__.py,__init__,module,,,0,415,False,False,,0,,True,ACTIVE_WITH_TEST_REFERENCE,Keep; verify runtime output reaches downstream model/evaluation.
src.core.logging.exception_decorator.log_and_raise,utility_or_unknown,core/logging/exception_decorator.py,log_and_raise,function,,,0,1,False,False,,0,,False,ACTIVE_NEEDS_RUNTIME_CONFIRMATION,Use runtime/lineage tracker to confirm execution and output usage.
src.core.logging.logger.ContextAdapter,context_map,core/logging/logger.py,ContextAdapter,class,process,,0,463,False,False,,0,,True,ACTIVE_WITH_TEST_REFERENCE,Keep; verify runtime output reaches downstream model/evaluation.
src.core.logging.logger.ProjectLogger,utility_or_unknown,core/logging/logger.py,ProjectLogger,class,_get_config_path;_start_csv_listener;csv_writer;setup_logging;_initialize_market_log;log_market_context_error;get_logger;get_context_logger;log_structured,,0,830,False,False,,0,,True,ACTIVE_WITH_TEST_REFERENCE,Keep; verify runtime output reaches downstream model/evaluation.
src.core.logging.notifier.UniversalNotifier,utility_or_unknown,core/logging/notifier.py,UniversalNotifier,class,__init__;sync_send,,0,9,False,False,,0,,False,ACTIVE_NEEDS_RUNTIME_CONFIRMATION,Use runtime/lineage tracker to confirm execution and output usage.
src.core.logging.__init__,utility_or_unknown,core/logging/__init__.py,__init__,module,,,0,415,False,False,,0,,True,ACTIVE_WITH_TEST_REFERENCE,Keep; verify runtime output reaches downstream model/evaluation.
src.core.monitoring.memory_profiler.MemoryProfiler,utility_or_unknown,core/monitoring/memory_profiler.py,MemoryProfiler,class,__init__;track;track_function;expensive_operation;wrapper;cleanup;get_stats;reset_stats;_get_memory_gb;_perform_cleanup;get_memory_profiler;cleanup_memory;get_memory_stats,,0,2,False,False,,0,,False,ACTIVE_NEEDS_RUNTIME_CONFIRMATION,Use runtime/lineage tracker to confirm execution and output usage.
src.core.monitoring.memory_profiler.get_memory_profiler,utility_or_unknown,core/monitoring/memory_profiler.py,get_memory_profiler,function,,,0,4,False,False,,0,,False,ACTIVE_NEEDS_RUNTIME_CONFIRMATION,Use runtime/lineage tracker to confirm execution and output usage.
src.core.monitoring.memory_profiler.cleanup_memory,utility_or_unknown,core/monitoring/memory_profiler.py,cleanup_memory,function,,,0,2,False,False,,0,,False,ACTIVE_NEEDS_RUNTIME_CONFIRMATION,Use runtime/lineage tracker to confirm execution and output usage.
src.core.monitoring.memory_profiler.get_memory_stats,utility_or_unknown,core/monitoring/memory_profiler.py,get_memory_stats,function,,,0,3,False,False,,0,,False,ACTIVE_NEEDS_RUNTIME_CONFIRMATION,Use runtime/lineage tracker to confirm execution and output usage.
src.core.security.path_validator.PathValidationError,utility_or_unknown,core/security/path_validator.py,PathValidationError,class,validate_safe_path,,0,10,False,False,,1,TARGET_COLUMN_IN_NON_TARGET_COMPONENT,True,ACTIVE_RISKY,Review/fix risks before trusting component output; add contract/golden tests.
src.core.security.path_validator.validate_safe_path,utility_or_unknown,core/security/path_validator.py,validate_safe_path,function,,,0,10,False,False,,1,TARGET_COLUMN_IN_NON_TARGET_COMPONENT,True,ACTIVE_RISKY,Review/fix risks before trusting component output; add contract/golden tests.
src.core.security.secure_secrets_manager.SecurityError,utility_or_unknown,core/security/secure_secrets_manager.py,SecurityError,class,_get_configured_env_search_paths;load_dotenv,,0,1,False,False,,2,SILENT_EMPTY_RETURN;TARGET_COLUMN_IN_NON_TARGET_COMPONENT,False,ACTIVE_RISKY,Review/fix risks before trusting component output; add contract/golden tests.
src.core.security.secure_secrets_manager.SecretsManager,utility_or_unknown,core/security/secure_secrets_manager.py,SecretsManager,class,__init__;_load_encrypted_secrets;encrypt_secrets;validate_format;get_secret;as_dict;mask_secret;validate_secrets;log_secrets_status;get_secret;mask_secret,,0,2,False,False,,2,SILENT_EMPTY_RETURN;TARGET_COLUMN_IN_NON_TARGET_COMPONENT,False,ACTIVE_RISKY,Review/fix risks before trusting component output; add contract/golden tests.
src.core.security.secure_secrets_manager.load_dotenv,utility_or_unknown,core/security/secure_secrets_manager.py,load_dotenv,function,,,0,1,False,False,,2,SILENT_EMPTY_RETURN;TARGET_COLUMN_IN_NON_TARGET_COMPONENT,False,ACTIVE_RISKY,Review/fix risks before trusting component output; add contract/golden tests.
src.core.security.secure_secrets_manager.get_secret,utility_or_unknown,core/security/secure_secrets_manager.py,get_secret,function,,,0,1,False,False,,2,SILENT_EMPTY_RETURN;TARGET_COLUMN_IN_NON_TARGET_COMPONENT,False,ACTIVE_RISKY,Review/fix risks before trusting component output; add contract/golden tests.
src.core.security.secure_secrets_manager.mask_secret,utility_or_unknown,core/security/secure_secrets_manager.py,mask_secret,function,,,0,1,False,False,,2,SILENT_EMPTY_RETURN;TARGET_COLUMN_IN_NON_TARGET_COMPONENT,False,ACTIVE_RISKY,Review/fix risks before trusting component output; add contract/golden tests.
src.core.system.archive_manager.archive_directory,utility_or_unknown,core/system/archive_manager.py,archive_directory,function,,,0,0,False,False,,1,SILENT_EMPTY_RETURN,False,ORPHAN_LOW_SIGNAL,Likely low-priority orphan; quarantine only after config/runtime confirmation.
src.core.system.batch_processor.BatchConfig,utility_or_unknown,core/system/batch_processor.py,BatchConfig,class,,,0,1,False,False,,1,SILENT_EMPTY_RETURN,False,ACTIVE_RISKY,Review/fix risks before trusting component output; add contract/golden tests.
src.core.system.batch_processor.BatchProcessor,utility_or_unknown,core/system/batch_processor.py,BatchProcessor,class,__init__;create_optimal_batches;_create_adaptive_batches;_create_priority_batches;_create_fixed_batches;process_batches;_process_batches_parallel;_process_batches_sequential;_process_single_batch;_save_results,,0,3,False,False,,1,SILENT_EMPTY_RETURN,False,ACTIVE_RISKY,Review/fix risks before trusting component output; add contract/golden tests.
src.core.system.connection_registry.ConnectionRegistry,factory_registry,core/system/connection_registry.py,ConnectionRegistry,class,register;get;close_all,,0,2,False,False,,0,,False,ACTIVE_NEEDS_RUNTIME_CONFIRMATION,Use runtime/lineage tracker to confirm execution and output usage.
src.core.system.version_manager.ConfigVersion,utility_or_unknown,core/system/version_manager.py,ConfigVersion,class,,,0,0,False,False,,2,SILENT_EMPTY_RETURN;TARGET_COLUMN_IN_NON_TARGET_COMPONENT,False,ORPHAN_LOW_SIGNAL,Likely low-priority orphan; quarantine only after config/runtime confirmation.
src.core.system.version_manager.ConfigVersionManager,utility_or_unknown,core/system/version_manager.py,ConfigVersionManager,class,__init__;_load_versions;_save_versions;_get_default_versions;get_current_version;get_model_version;tag_pipeline_run;get_version_info;get_all_versions;get_migration_path;needs_migration;add_version;get_version_manager;get_current_version;get_model_version;tag_pipeline_run;needs_migration;get_migration_path;get_version_info,,0,0,False,False,,2,SILENT_EMPTY_RETURN;TARGET_COLUMN_IN_NON_TARGET_COMPONENT,False,ORPHAN_LOW_SIGNAL,Likely low-priority orphan; quarantine only after config/runtime confirmation.
src.core.system.version_manager.get_version_manager,utility_or_unknown,core/system/version_manager.py,get_version_manager,function,,,0,0,False,False,,2,SILENT_EMPTY_RETURN;TARGET_COLUMN_IN_NON_TARGET_COMPONENT,False,ORPHAN_LOW_SIGNAL,Likely low-priority orphan; quarantine only after config/runtime confirmation.
src.core.system.version_manager.get_current_version,utility_or_unknown,core/system/version_manager.py,get_current_version,function,,,0,0,False,False,,2,SILENT_EMPTY_RETURN;TARGET_COLUMN_IN_NON_TARGET_COMPONENT,False,ORPHAN_LOW_SIGNAL,Likely low-priority orphan; quarantine only after config/runtime confirmation.
src.core.system.version_manager.get_model_version,utility_or_unknown,core/system/version_manager.py,get_model_version,function,,,0,0,False,False,,2,SILENT_EMPTY_RETURN;TARGET_COLUMN_IN_NON_TARGET_COMPONENT,False,ORPHAN_LOW_SIGNAL,Likely low-priority orphan; quarantine only after config/runtime confirmation.
src.core.system.version_manager.tag_pipeline_run,utility_or_unknown,core/system/version_manager.py,tag_pipeline_run,function,,,0,0,False,False,,2,SILENT_EMPTY_RETURN;TARGET_COLUMN_IN_NON_TARGET_COMPONENT,False,ORPHAN_LOW_SIGNAL,Likely low-priority orphan; quarantine only after config/runtime confirmation.
src.core.system.version_manager.needs_migration,utility_or_unknown,core/system/version_manager.py,needs_migration,function,,,0,0,False,False,,2,SILENT_EMPTY_RETURN;TARGET_COLUMN_IN_NON_TARGET_COMPONENT,False,ORPHAN_LOW_SIGNAL,Likely low-priority orphan; quarantine only after config/runtime confirmation.
src.core.system.version_manager.get_migration_path,utility_or_unknown,core/system/version_manager.py,get_migration_path,function,,,0,0,False,False,,2,SILENT_EMPTY_RETURN;TARGET_COLUMN_IN_NON_TARGET_COMPONENT,False,ORPHAN_LOW_SIGNAL,Likely low-priority orphan; quarantine only after config/runtime confirmation.
src.core.system.version_manager.get_version_info,utility_or_unknown,core/system/version_manager.py,get_version_info,function,,,0,0,False,False,,2,SILENT_EMPTY_RETURN;TARGET_COLUMN_IN_NON_TARGET_COMPONENT,False,ORPHAN_LOW_SIGNAL,Likely low-priority orphan; quarantine only after config/runtime confirmation.
src.core.utils.lazy_loader.LazyLoader,utility_or_unknown,core/utils/lazy_loader.py,LazyLoader,class,__init__;__getattr__,,0,0,False,False,,0,,False,ORPHAN_LOW_SIGNAL,Likely low-priority orphan; quarantine only after config/runtime confirmation.
src.core.utils.math_utils.safe_sqrt,utility_or_unknown,core/utils/math_utils.py,safe_sqrt,function,,,0,0,False,False,,0,,True,ORPHAN_LOW_SIGNAL,Likely low-priority orphan; quarantine only after config/runtime confirmation.
src.core.utils.math_utils.safe_log,utility_or_unknown,core/utils/math_utils.py,safe_log,function,,,0,0,False,False,,0,,True,ORPHAN_LOW_SIGNAL,Likely low-priority orphan; quarantine only after config/runtime confirmation.
src.core.utils.path_utils.sanitize_path_input,utility_or_unknown,core/utils/path_utils.py,sanitize_path_input,function,,,0,5,False,False,,0,,True,ACTIVE_WITH_TEST_REFERENCE,Keep; verify runtime output reaches downstream model/evaluation.
src.core.utils.prediction_utils.normalize_prediction,utility_or_unknown,core/utils/prediction_utils.py,normalize_prediction,function,,,0,5,False,False,,0,,False,ACTIVE_NEEDS_RUNTIME_CONFIRMATION,Use runtime/lineage tracker to confirm execution and output usage.
src.core.utils.prediction_utils.normalize_predictions_batch,utility_or_unknown,core/utils/prediction_utils.py,normalize_predictions_batch,function,,,0,2,False,False,,0,,False,ACTIVE_NEEDS_RUNTIME_CONFIRMATION,Use runtime/lineage tracker to confirm execution and output usage.
src.core.utils.prediction_utils.validate_prediction_value,utility_or_unknown,core/utils/prediction_utils.py,validate_prediction_value,function,,,0,2,False,False,,0,,False,ACTIVE_NEEDS_RUNTIME_CONFIRMATION,Use runtime/lineage tracker to confirm execution and output usage.
src.core.utils.prediction_utils.clamp_prediction,utility_or_unknown,core/utils/prediction_utils.py,clamp_prediction,function,,,0,2,False,False,,0,,False,ACTIVE_NEEDS_RUNTIME_CONFIRMATION,Use runtime/lineage tracker to confirm execution and output usage.
src.core.validation.validators.DataValidationError,validator,core/validation/validators.py,DataValidationError,class,,,0,6,False,False,,1,TARGET_COLUMN_IN_NON_TARGET_COMPONENT,False,ACTIVE_RISKY,Review/fix risks before trusting component output; add contract/golden tests.
src.core.validation.validators.TradingAction,validator,core/validation/validators.py,TradingAction,class,,,0,4,False,False,,1,TARGET_COLUMN_IN_NON_TARGET_COMPONENT,False,ACTIVE_RISKY,Review/fix risks before trusting component output; add contract/golden tests.
src.core.validation.validators.Timeframe,validator,core/validation/validators.py,Timeframe,class,,,0,11,False,False,,1,TARGET_COLUMN_IN_NON_TARGET_COMPONENT,False,ACTIVE_RISKY,Review/fix risks before trusting component output; add contract/golden tests.
src.core.validation.validators.OrderType,validator,core/validation/validators.py,OrderType,class,,,0,4,False,False,,1,TARGET_COLUMN_IN_NON_TARGET_COMPONENT,False,ACTIVE_RISKY,Review/fix risks before trusting component output; add contract/golden tests.
src.core.validation.validators.SignalStrength,validator,core/validation/validators.py,SignalStrength,class,,,0,4,False,False,,1,TARGET_COLUMN_IN_NON_TARGET_COMPONENT,False,ACTIVE_RISKY,Review/fix risks before trusting component output; add contract/golden tests.
src.core.validation.validators.TickerValidator,validator,core/validation/validators.py,TickerValidator,class,validate_ticker_format,,0,4,False,False,,1,TARGET_COLUMN_IN_NON_TARGET_COMPONENT,False,ACTIVE_RISKY,Review/fix risks before trusting component output; add contract/golden tests.
src.core.validation.validators.MarketDataSchema,validator,core/validation/validators.py,MarketDataSchema,class,validate_ohlc_logic,,0,4,False,False,,1,TARGET_COLUMN_IN_NON_TARGET_COMPONENT,False,ACTIVE_RISKY,Review/fix risks before trusting component output; add contract/golden tests.
src.core.validation.validators.TradingSignal,validator,core/validation/validators.py,TradingSignal,class,validate_ticker,,0,4,False,False,,1,TARGET_COLUMN_IN_NON_TARGET_COMPONENT,False,ACTIVE_RISKY,Review/fix risks before trusting component output; add contract/golden tests.
src.core.validation.validators.TradeOrder,validator,core/validation/validators.py,TradeOrder,class,validate_ticker;validate_price,,0,7,False,False,,1,TARGET_COLUMN_IN_NON_TARGET_COMPONENT,False,ACTIVE_RISKY,Review/fix risks before trusting component output; add contract/golden tests.
src.core.validation.validators.BacktestRequest,validator,core/validation/validators.py,BacktestRequest,class,validate_tickers;validate_date_range,,0,4,False,False,,1,TARGET_COLUMN_IN_NON_TARGET_COMPONENT,False,ACTIVE_RISKY,Review/fix risks before trusting component output; add contract/golden tests.
src.core.validation.validators.DataValidator,validator,core/validation/validators.py,DataValidator,class,validate_df;detect_leakage;validate_prediction_input;validate_request;validate_dataframe;validate_ohlcv_dataframe;check_data_quality,,0,4,False,False,,1,TARGET_COLUMN_IN_NON_TARGET_COMPONENT,False,ACTIVE_RISKY,Review/fix risks before trusting component output; add contract/golden tests.
src.data.collectors.aaii_sentiment_collector.AIISentimentCollector,collector,data/collectors/aaii_sentiment_collector.py,AIISentimentCollector,class,__init__;_generate_hash;_parse_aaii_html;_extract_raw_data;_standardize_columns;_categorize_sentiment;_get_signal,,0,0,False,False,bearish_pct;bullish_pct;collected_at;collector_name;collector_type;data_type;date;neutral_pct;record_hash;sentiment_level;sentiment_signal,1,SILENT_EMPTY_RETURN,False,ORPHAN_LOW_SIGNAL,Likely low-priority orphan; quarantine only after config/runtime confirmation.
src.data.collectors.alternative_me_collector.AlternativeMeCollector,collector,data/collectors/alternative_me_collector.py,AlternativeMeCollector,class,__init__;_generate_hash;_process_data_point;_standardize_columns,,0,0,False,False,date;hash;value,1,SILENT_EMPTY_RETURN,False,ORPHAN_LOW_SIGNAL,Likely low-priority orphan; quarantine only after config/runtime confirmation.
src.data.collectors.base_collector.BaseCollector,collector,data/collectors/base_collector.py,BaseCollector,class,__init__;get_client,,0,46,False,False,,0,,False,ACTIVE_NEEDS_RUNTIME_CONFIRMATION,Use runtime/lineage tracker to confirm execution and output usage.
src.data.collectors.bigquery_collector.BigQueryCollector,collector,data/collectors/bigquery_collector.py,BigQueryCollector,class,__init__;_execute_query,,0,2,False,False,,1,SILENT_EMPTY_RETURN,False,ACTIVE_RISKY,Review/fix risks before trusting component output; add contract/golden tests.
src.data.collectors.cftc_collector.CFTCCollector,collector,data/collectors/cftc_collector.py,CFTCCollector,class,__init__;_generate_hash;_find_data_start;_parse_date;_extract_position_data;_parse_cftc_csv;_create_sample_cftc_data;_standardize_columns;_categorize_position;_get_position_signal,,0,0,False,False,collected_at;collector_name;collector_type;data_type;date;extreme_positioning;position_level;position_signal;record_hash,1,SILENT_EMPTY_RETURN,True,ORPHAN_LOW_SIGNAL,Likely low-priority orphan; quarantine only after config/runtime confirmation.
src.data.collectors.collector_factory.CollectorFactory,collector,data/collectors/collector_factory.py,CollectorFactory,class,__init__;_discover_collector_classes;get_collector;get_all_collectors,,0,4,False,False,,1,SILENT_EMPTY_RETURN,False,ACTIVE_RISKY,Review/fix risks before trusting component output; add contract/golden tests.
src.data.collectors.custom_csv_collector.CustomCSVCollector,collector,data/collectors/custom_csv_collector.py,CustomCSVCollector,class,__init__;_read_csv_sync,,0,0,False,False,,1,SILENT_EMPTY_RETURN,False,ORPHAN_LOW_SIGNAL,Likely low-priority orphan; quarantine only after config/runtime confirmation.
src.data.collectors.economic_calendar_collector.EconomicCalendarCollector,collector,data/collectors/economic_calendar_collector.py,EconomicCalendarCollector,class,__init__;_get_date_range;_build_payload;_parse_html,,0,2,False,False,date;hash;impact;timestamp,1,SILENT_EMPTY_RETURN,False,ACTIVE_RISKY,Review/fix risks before trusting component output; add contract/golden tests.
src.data.collectors.fear_greed_collector.FearGreedCollector,collector,data/collectors/fear_greed_collector.py,FearGreedCollector,class,__init__;_generate_hash;_standardize_columns;_categorize_fear_greed;_get_signal,,0,0,False,False,collected_at;collector_name;collector_type;data_type;date;fear_greed_category;fear_greed_signal;record_hash;value,1,SILENT_EMPTY_RETURN,False,ORPHAN_LOW_SIGNAL,Likely low-priority orphan; quarantine only after config/runtime confirmation.
src.data.collectors.fred_collector.FredCollector,collector,data/collectors/fred_collector.py,FredCollector,class,__init__;_calculate_start_date;_generate_hash;_validate_config;_filter_by_cache;_update_cache,,0,3,False,False,hash,1,SILENT_EMPTY_RETURN,False,ACTIVE_RISKY,Review/fix risks before trusting component output; add contract/golden tests.
src.data.collectors.free_google_trends_collector.FreeGoogleTrendsCollector,collector,data/collectors/free_google_trends_collector.py,FreeGoogleTrendsCollector,class,__init__;_initialize_pytrends;_run_pytrends_request,,0,2,False,False,date;geo,1,SILENT_EMPTY_RETURN,False,ACTIVE_RISKY,Review/fix risks before trusting component output; add contract/golden tests.
src.data.collectors.google_news_collector.GoogleNewsCollector,collector,data/collectors/google_news_collector.py,GoogleNewsCollector,class,__init__;_check_google_news_cache;_process_fetch_results;_deduplicate_articles;_filter_by_cache;_update_cache;_process_entry,,0,2,False,False,hash,1,SILENT_EMPTY_RETURN,False,ACTIVE_RISKY,Review/fix risks before trusting component output; add contract/golden tests.
src.data.collectors.huggingface_collector.HuggingfaceCollector,collector,data/collectors/huggingface_collector.py,HuggingfaceCollector,class,__init__,,0,2,False,False,hash,1,SILENT_EMPTY_RETURN,False,ACTIVE_RISKY,Review/fix risks before trusting component output; add contract/golden tests.
src.data.collectors.insider_collector.InsiderCollector,collector,data/collectors/insider_collector.py,InsiderCollector,class,__init__;_scrape_url_sync;_parse_html;_check_cache;_filter_by_cache_manager;_update_cache,,0,2,False,False,hash,1,SILENT_EMPTY_RETURN,False,ACTIVE_RISKY,Review/fix risks before trusting component output; add contract/golden tests.
src.data.collectors.local_file_collector.LocalFileCollector,collector,data/collectors/local_file_collector.py,LocalFileCollector,class,__init__,,0,0,False,False,,1,SILENT_EMPTY_RETURN,True,ORPHAN_LOW_SIGNAL,Likely low-priority orphan; quarantine only after config/runtime confirmation.
src.data.collectors.market_data_collector.MarketDataCollector,collector,data/collectors/market_data_collector.py,MarketDataCollector,class,__init__,,0,0,False,False,,1,SILENT_EMPTY_RETURN,False,ORPHAN_LOW_SIGNAL,Likely low-priority orphan; quarantine only after config/runtime confirmation.
src.data.collectors.newsapi_collector.NewsAPICollector,collector,data/collectors/newsapi_collector.py,NewsAPICollector,class,__init__;_get_api_key;_check_newsapi_cache;_process_fetch_results;_create_article_hash;_filter_by_cache;_update_cache,,0,2,False,False,hash,1,SILENT_EMPTY_RETURN,False,ACTIVE_RISKY,Review/fix risks before trusting component output; add contract/golden tests.
src.data.collectors.put_call_ratio_collector.PutCallRatioCollector,collector,data/collectors/put_call_ratio_collector.py,PutCallRatioCollector,class,__init__;_generate_hash;_classify_sentiment;_create_historical_data_point;_create_sample_put_call_data;_standardize_columns,,0,0,False,False,collected_at;collector_name;collector_type;data_type;date;put_call_sma;record_hash;regime_change,1,SILENT_EMPTY_RETURN,True,ORPHAN_LOW_SIGNAL,Likely low-priority orphan; quarantine only after config/runtime confirmation.
src.data.collectors.reddit_sentiment_collector.RedditSentimentCollector,collector,data/collectors/reddit_sentiment_collector.py,RedditSentimentCollector,class,__init__;_generate_hash;_get_subreddit_params;_classify_sentiment;_standardize_columns,,0,0,False,False,collected_at;collector_name;collector_type;data_type;date;record_hash;sentiment_sma;sentiment_volatility;viral_spike,1,SILENT_EMPTY_RETURN,True,ORPHAN_LOW_SIGNAL,Likely low-priority orphan; quarantine only after config/runtime confirmation.
src.data.collectors.rss_collector.RSSCollector,collector,data/collectors/rss_collector.py,RSSCollector,class,__init__;_parse_period_to_days;_check_rss_cache;_get_rss_feeds;_process_feed_results;_filter_rss_articles;_update_cache;_process_entry,,0,2,False,False,hash,1,SILENT_EMPTY_RETURN,False,ACTIVE_RISKY,Review/fix risks before trusting component output; add contract/golden tests.
src.data.collectors.sec_filings_collector.SECFilingsCollector,collector,data/collectors/sec_filings_collector.py,SECFilingsCollector,class,__init__;_get_cik_map;_calculate_start_date;_check_sec_cache;_get_valid_ciks;_process_fetch_results;_create_filing_hash;_update_sec_cache,,0,2,False,False,hash,1,SILENT_EMPTY_RETURN,False,ACTIVE_RISKY,Review/fix risks before trusting component output; add contract/golden tests.
src.data.collectors.synthetic_generator.SyntheticGenerator,collector,data/collectors/synthetic_generator.py,SyntheticGenerator,class,generate_flash_crash;generate_high_volatility,,0,0,False,False,,0,,False,ORPHAN_LOW_SIGNAL,Likely low-priority orphan; quarantine only after config/runtime confirmation.
src.data.collectors.vix_collector.VIXCollector,collector,data/collectors/vix_collector.py,VIXCollector,class,__init__;_generate_hash;_standardize_columns,,0,0,False,False,collected_at;collector_name;collector_type;data_type;date;record_hash;vix_signal;vix_zscore,1,SILENT_EMPTY_RETURN,False,ORPHAN_LOW_SIGNAL,Likely low-priority orphan; quarantine only after config/runtime confirmation.
src.data.collectors.yf_collector.YFCollector,collector,data/collectors/yf_collector.py,YFCollector,class,__init__;_check_cache;_adjust_intraday_dates;_create_download_tasks;_calculate_start_date;_blocking_download;_single_ticker_download_with_retry;_flatten_multiindex_columns;_prepare_dataframe_columns;_identify_and_rename_date_column;_parse_datetime_column;_process_single_ticker_dataframe,,0,4,False,False,datetime;hash;interval;ticker,1,SILENT_EMPTY_RETURN,False,ACTIVE_RISKY,Review/fix risks before trusting component output; add contract/golden tests.
src.data.collectors.__init__,collector,data/collectors/__init__.py,__init__,module,,,0,415,False,False,,0,,True,ACTIVE_WITH_TEST_REFERENCE,Keep; verify runtime output reaches downstream model/evaluation.
src.data.management.asset_manager.TradingStyle,utility_or_unknown,data/management/asset_manager.py,TradingStyle,class,,,0,0,False,False,,0,,False,ORPHAN_LOW_SIGNAL,Likely low-priority orphan; quarantine only after config/runtime confirmation.
src.data.management.asset_manager.MarketFocus,utility_or_unknown,data/management/asset_manager.py,MarketFocus,class,,,0,0,False,False,,0,,False,ORPHAN_LOW_SIGNAL,Likely low-priority orphan; quarantine only after config/runtime confirmation.
src.data.management.asset_manager.TradingConfig,utility_or_unknown,data/management/asset_manager.py,TradingConfig,class,,,0,0,False,False,,0,,False,ORPHAN_LOW_SIGNAL,Likely low-priority orphan; quarantine only after config/runtime confirmation.
src.data.management.asset_manager.SectorConfig,utility_or_unknown,data/management/asset_manager.py,SectorConfig,class,,,0,0,False,False,,0,,False,ORPHAN_LOW_SIGNAL,Likely low-priority orphan; quarantine only after config/runtime confirmation.
src.data.management.asset_manager.AssetUniverseManager,utility_or_unknown,data/management/asset_manager.py,AssetUniverseManager,class,__init__;_create_enhanced_sectors;_create_volatility_ranking;_create_profitability_ranking;_map_market_focus_to_sectors;get_tickers_by_market_focus;_create_preset_configs;get_timeframes_for_style;create_custom_config;get_preset;list_presets;get_tickers_by_strategy;get_sector_analysis,,0,0,False,False,,0,,False,ORPHAN_LOW_SIGNAL,Likely low-priority orphan; quarantine only after config/runtime confirmation.
src.data.management.data_cleaner.DataCleaner,utility_or_unknown,data/management/data_cleaner.py,DataCleaner,class,clean_numeric_data,,0,2,False,False,,0,,True,ACTIVE_WITH_TEST_REFERENCE,Keep; verify runtime output reaches downstream model/evaluation.
src.data.management.data_manager.IDatabaseManager,utility_or_unknown,data/management/data_manager.py,IDatabaseManager,class,execute_query;fetch_all;fetch_one;fetch_data_from_table;fetch_df;load_data_for_tickers;upsert;table_exists;filter_new_records;get_all_table_names;get_table_schema,,0,41,False,False,,1,SILENT_EMPTY_RETURN,True,ACTIVE_RISKY,Review/fix risks before trusting component output; add contract/golden tests.
src.data.management.data_manager.DataManager,utility_or_unknown,data/management/data_manager.py,DataManager,class,__init__;close_all_connections;get_connection;_initialize_connection;transaction;__enter__;__exit__;execute_query;fetch_all;fetch_one;fetch_data_from_table;fetch_df;_quote_identifier;load_data_for_tickers;upsert;_detect_unique_columns;_handle_new_table;_handle_existing_table;_prepare_upsert_df;_execute_upsert_insert;_create_unique_index;table_exists;filter_new_records;get_all_table_names;get_table_schema;_clean_numeric_data;_should_checkpoint;_ensure_unique_index;_clean_duplicates;_verify_no_duplicates,,0,77,False,False,,1,SILENT_EMPTY_RETURN,True,ACTIVE_RISKY,Review/fix risks before trusting component output; add contract/golden tests.
src.data.management.data_versioning.DataVersioning,utility_or_unknown,data/management/data_versioning.py,DataVersioning,class,__init__;_load_metadata;_save_metadata;_get_file_hash;_get_file_size;_get_file_mtime;register_file;is_file_fresh;get_fresh_files;get_stale_files;cleanup_stale_files;get_file_info;generate_report;create_data_versioning,,0,0,False,False,,1,SILENT_EMPTY_RETURN,False,ORPHAN_LOW_SIGNAL,Likely low-priority orphan; quarantine only after config/runtime confirmation.
src.data.management.data_versioning.create_data_versioning,utility_or_unknown,data/management/data_versioning.py,create_data_versioning,function,,,0,0,False,False,,1,SILENT_EMPTY_RETURN,False,ORPHAN_LOW_SIGNAL,Likely low-priority orphan; quarantine only after config/runtime confirmation.
src.data.management.__init__,utility_or_unknown,data/management/__init__.py,__init__,module,,,0,415,False,False,,0,,True,ACTIVE_WITH_TEST_REFERENCE,Keep; verify runtime output reaches downstream model/evaluation.
src.data.quality.data_freshness_checker.DataFreshnessChecker,validator,data/quality/data_freshness_checker.py,DataFreshnessChecker,class,__init__;check_freshness;get_metrics;reset_metrics;check_data_freshness,,0,2,False,False,,0,,False,ACTIVE_NEEDS_RUNTIME_CONFIRMATION,Use runtime/lineage tracker to confirm execution and output usage.
src.data.quality.data_freshness_checker.check_data_freshness,utility_or_unknown,data/quality/data_freshness_checker.py,check_data_freshness,function,,,0,2,False,False,,0,,False,ACTIVE_NEEDS_RUNTIME_CONFIRMATION,Use runtime/lineage tracker to confirm execution and output usage.
src.data.quality.news_price_availability_filter.NewsPriceAvailabilityFilter,utility_or_unknown,data/quality/news_price_availability_filter.py,NewsPriceAvailabilityFilter,class,__init__;filter_news;filter_news_by_price_availability,,0,0,False,False,,0,,False,ORPHAN_LOW_SIGNAL,Likely low-priority orphan; quarantine only after config/runtime confirmation.
src.data.quality.news_price_availability_filter.quick_filter_news_by_data_availability,utility_or_unknown,data/quality/news_price_availability_filter.py,quick_filter_news_by_data_availability,function,,,0,0,False,False,,0,,False,ORPHAN_LOW_SIGNAL,Likely low-priority orphan; quarantine only after config/runtime confirmation.
src.data.quality.news_price_availability_filter.filter_news_by_price_availability,utility_or_unknown,data/quality/news_price_availability_filter.py,filter_news_by_price_availability,function,,,0,0,False,False,,0,,False,ORPHAN_LOW_SIGNAL,Likely low-priority orphan; quarantine only after config/runtime confirmation.
src.data.quality.temporal_alignment_checker.TemporalAlignmentChecker,validator,data/quality/temporal_alignment_checker.py,TemporalAlignmentChecker,class,__init__;check_news_alignment;filter_future_news;check_macro_release_timing;check_timeframe_alignment;get_violations;reset;check_temporal_alignment,,0,4,False,False,,0,,False,ACTIVE_NEEDS_RUNTIME_CONFIRMATION,Use runtime/lineage tracker to confirm execution and output usage.
src.data.quality.temporal_alignment_checker.check_temporal_alignment,utility_or_unknown,data/quality/temporal_alignment_checker.py,check_temporal_alignment,function,,,0,3,False,False,,0,,False,ACTIVE_NEEDS_RUNTIME_CONFIRMATION,Use runtime/lineage tracker to confirm execution and output usage.
src.data.quality.__init__,utility_or_unknown,data/quality/__init__.py,__init__,module,,,0,415,False,False,,0,,True,ACTIVE_WITH_TEST_REFERENCE,Keep; verify runtime output reaches downstream model/evaluation.
src.data.synthetic.data_generator.DataGenerator,utility_or_unknown,data/synthetic/data_generator.py,DataGenerator,class,__init__;generate_synthetic_data;generate_synthetic_features;generate_synthetic_targets;_generate_price_series,,0,3,False,False,bb_lower;bb_upper;bb_width;close;day_of_week;ema_12;ema_26;high;hour;low;macd;macd_histogram;macd_signal;month;open;quarter;returns_1h;returns_24h;returns_4h;rsi;sma_20;sma_50;volatility;volume,1,FUTURE_SHIFT,True,ACTIVE_RISKY,Review/fix risks before trusting component output; add contract/golden tests.
src.data.validation.event_dataset_validator.EventDatasetValidationError,validator,data/validation/event_dataset_validator.py,EventDatasetValidationError,class,,,0,0,False,False,,2,SILENT_EMPTY_RETURN;TARGET_COLUMN_IN_NON_TARGET_COMPONENT,False,UNUSED_POTENTIALLY_VALUABLE,Do not delete; inspect logic and consider integration experiment/ablation.
src.data.validation.event_dataset_validator.EventDatasetValidator,validator,data/validation/event_dataset_validator.py,EventDatasetValidator,class,__init__;validate;_make_report;_check_required_columns;_check_datetime_columns;_check_news_sentiment;_check_target_columns;_check_ticker_column;_check_nan_inf;_check_duplicates,validate,0,0,False,False,,2,SILENT_EMPTY_RETURN;TARGET_COLUMN_IN_NON_TARGET_COMPONENT,False,UNUSED_POTENTIALLY_VALUABLE,Do not delete; inspect logic and consider integration experiment/ablation.
src.data.management.connectors.bigquery_connector.BigQueryConnector,utility_or_unknown,data/management/connectors/bigquery_connector.py,BigQueryConnector,class,__init__;execute_query;validate_query;get_status,,0,2,False,False,,0,,False,ACTIVE_NEEDS_RUNTIME_CONFIRMATION,Use runtime/lineage tracker to confirm execution and output usage.
src.data.management.handlers.connection_handler.ConnectionHandler,utility_or_unknown,data/management/handlers/connection_handler.py,ConnectionHandler,class,__init__;close_all_connections;get_connection;transaction,,0,0,False,False,,0,,False,ORPHAN_LOW_SIGNAL,Likely low-priority orphan; quarantine only after config/runtime confirmation.
src.ensembling.ensemble.__init__,utility_or_unknown,ensembling/ensemble/__init__.py,__init__,module,,,0,415,False,False,,0,,True,ACTIVE_WITH_TEST_REFERENCE,Keep; verify runtime output reaches downstream model/evaluation.
src.features.analysis.importance_stability_analyzer.ImportanceStabilityAnalyzer,analyzer,features/analysis/importance_stability_analyzer.py,ImportanceStabilityAnalyzer,class,__init__;analyze_importance_stability;detect_regime_switch;_calculate_feature_change;_calculate_regime_comparison;calculate_importance_changes,,0,2,False,False,,0,,False,ACTIVE_NEEDS_RUNTIME_CONFIRMATION,Use runtime/lineage tracker to confirm execution and output usage.
src.features.analysis.market_conditions_analyzer.MarketConditionsAnalyzer,analyzer,features/analysis/market_conditions_analyzer.py,MarketConditionsAnalyzer,class,__init__;detect_market_regime;calculate_volatility;calculate_trend;calculate_market_conditions,,0,2,False,False,,0,,False,ACTIVE_NEEDS_RUNTIME_CONFIRMATION,Use runtime/lineage tracker to confirm execution and output usage.
src.features.analysis.news_decay_modeler.NewsDecayModeler,analyzer,features/analysis/news_decay_modeler.py,NewsDecayModeler,class,__init__;_store_trained_models;get_model_performance_summary;_calculate_model_stability;get_news_decay_modeler,,0,3,False,False,,1,SILENT_EMPTY_RETURN,False,ACTIVE_RISKY,Review/fix risks before trusting component output; add contract/golden tests.
src.features.analysis.news_decay_modeler.get_news_decay_modeler,analyzer,features/analysis/news_decay_modeler.py,get_news_decay_modeler,function,,,0,4,False,False,,1,SILENT_EMPTY_RETURN,False,ACTIVE_RISKY,Review/fix risks before trusting component output; add contract/golden tests.
src.features.analysis.regime_adapter.RegimeAdapter,analyzer,features/analysis/regime_adapter.py,RegimeAdapter,class,__init__;generate_adaptation_recommendations;get_regime_specific_recommendations;update_method_weights,,0,2,False,False,,1,SILENT_EMPTY_RETURN,True,ACTIVE_RISKY,Review/fix risks before trusting component output; add contract/golden tests.
src.features.analysis.regime_importance_tracker.RegimeImportanceTracker,analyzer,features/analysis/regime_importance_tracker.py,RegimeImportanceTracker,class,__init__;_clean_old_data;_store_tracking_results;get_regime_importance_summary;_get_most_common_regime;_calculate_regime_stability_scores;get_regime_importance_tracker,,0,4,False,False,,0,,False,ACTIVE_NEEDS_RUNTIME_CONFIRMATION,Use runtime/lineage tracker to confirm execution and output usage.
src.features.analysis.regime_importance_tracker.get_regime_importance_tracker,analyzer,features/analysis/regime_importance_tracker.py,get_regime_importance_tracker,function,,,0,6,False,False,,0,,False,ACTIVE_NEEDS_RUNTIME_CONFIRMATION,Use runtime/lineage tracker to confirm execution and output usage.
src.features.analysis.__init__,analyzer,features/analysis/__init__.py,__init__,module,,,0,415,False,False,,0,,True,ACTIVE_WITH_TEST_REFERENCE,Keep; verify runtime output reaches downstream model/evaluation.
src.features.builders.news_event_dataset_builder.NewsEventDatasetBuilder,enricher,features/builders/news_event_dataset_builder.py,NewsEventDatasetBuilder,class,__init__;build_dataset;_process_all_news;_build_record_for_news;_add_candles_to_record;_get_ticker_prices;_add_targets_from_candle;_finalize_dataset,,0,3,False,False,ticker,2,SILENT_EMPTY_RETURN;TARGET_COLUMN_IN_NON_TARGET_COMPONENT,True,ACTIVE_RISKY,Review/fix risks before trusting component output; add contract/golden tests.
src.features.builders.__init__,enricher,features/builders/__init__.py,__init__,module,,,0,415,False,False,,0,,True,ACTIVE_WITH_TEST_REFERENCE,Keep; verify runtime output reaches downstream model/evaluation.
src.features.enrichers.advanced_analytics_enricher.AdvancedAnalyticsEnricher,enricher,features/enrichers/advanced_analytics_enricher.py,AdvancedAnalyticsEnricher,class,__init__;name;priority;_enrich_impl;_add_sentiment_statistics;_add_macro_composite_score;_add_market_phase_detection;_get_phase_mapping;_log_market_regime_info,,0,0,False,False,macro_composite_score;market_phase;sentiment_mean;sentiment_neg_threshold;sentiment_pos_threshold;sentiment_std_stat,0,,False,UNUSED_POTENTIALLY_VALUABLE,Do not delete; inspect logic and consider integration experiment/ablation.
src.features.enrichers.base.EnricherError,enricher,features/enrichers/base.py,EnricherError,class,,,0,69,False,True,,0,,True,ACTIVE_WITH_TEST_REFERENCE,Keep; verify runtime output reaches downstream model/evaluation.
src.features.enrichers.base.BaseEnricher,enricher,features/enrichers/base.py,BaseEnricher,class,__init__;name;priority;enrich;_enrich_impl,enrich,0,87,False,True,,0,,True,ACTIVE_WITH_TEST_REFERENCE,Keep; verify runtime output reaches downstream model/evaluation.
src.features.enrichers.context_map_enricher.ContextMapEnricher,enricher,features/enrichers/context_map_enricher.py,ContextMapEnricher,class,name;priority;__init__;_load_defaults;_enrich_impl;_get_champion_state;_get_context_columns;_integrate_higher_order_features;_process_context_columns;_process_numeric_column;_generate_context_features;_generate_pattern_sequences;_calculate_context_velocity;_log_context_statistics;_get_threshold,,0,1,False,False,context_anxiety_index;context_fingerprint;context_pattern_id;context_pattern_seq;context_stability;context_velocity;state_champion;ticker,2,SILENT_EMPTY_RETURN;TARGET_COLUMN_IN_NON_TARGET_COMPONENT,True,ACTIVE_RISKY,Review/fix risks before trusting component output; add contract/golden tests.
src.features.enrichers.decay_features_enricher.DecayFeaturesEnricher,enricher,features/enrichers/decay_features_enricher.py,DecayFeaturesEnricher,class,__init__;name;priority;_calculate_decay_factor;_apply_decay_to_column;_enrich_impl,,0,0,False,False,,0,,False,UNUSED_POTENTIALLY_VALUABLE,Do not delete; inspect logic and consider integration experiment/ablation.
src.features.enrichers.derived_features_enricher.DerivedFeaturesEnricher,enricher,features/enrichers/derived_features_enricher.py,DerivedFeaturesEnricher,class,__init__;name;priority;_enrich_impl;_resolve_price_target_column;_add_price_based_features;_add_returns_based_features;_add_lags;_add_velocity;_add_acceleration;_add_rolling_stat,,0,0,False,False,,1,TARGET_COLUMN_IN_NON_TARGET_COMPONENT,True,UNUSED_POTENTIALLY_VALUABLE,Do not delete; inspect logic and consider integration experiment/ablation.
src.features.enrichers.hype_enricher.HypeEnricher,enricher,features/enrichers/hype_enricher.py,HypeEnricher,class,__init__;name;priority;_enrich_impl;_validate_input;_validate_news_data;_find_time_column;_process_hype_enrichment;_prepare_news_data;_normalize_dataframe_datetime;_has_ticker_data;_calculate_ticker_hype;_calculate_global_hype;_merge_hype_scores;_aggregate_news_by_ticker;_aggregate_news_globally;_normalize_news_count_datetime,,0,0,False,False,datetime;hype_available;hype_score,1,SILENT_EMPTY_RETURN,True,UNUSED_POTENTIALLY_VALUABLE,Do not delete; inspect logic and consider integration experiment/ablation.
src.features.enrichers.keyword_entity_enricher.KeywordEntityEnricher,enricher,features/enrichers/keyword_entity_enricher.py,KeywordEntityEnricher,class,__init__;name;priority;_enrich_impl;_validate_input;_validate_news_data;_find_text_column;_find_time_column;_process_enrichment;_prepare_news_data;_extract_features;_aggregate_by_time;_merge_with_main_df;_ensure_datetime_index;_normalize_timezones;_prepare_df_for_merge;_prepare_aggregated_for_merge;_normalize_datetime_column;_finalize_merge_result,,0,0,False,False,,1,SILENT_EMPTY_RETURN,True,UNUSED_POTENTIALLY_VALUABLE,Do not delete; inspect logic and consider integration experiment/ablation.
src.features.enrichers.macro_features_enricher.MacroFeaturesEnricher,enricher,features/enrichers/macro_features_enricher.py,MacroFeaturesEnricher,class,name;priority;__init__;_validate_dataframe;_filter_test_ticker;_prepare_macro_data;_load_full_macro_from_cache;_pivot_macro_data;_enrich_impl;_prepare_macro_index;_normalize_datetime_column;_merge_with_duplicates;_merge_without_duplicates;_post_process_fred_columns;_merge_macro_data;_create_fred_session;_request_with_timeout;_load_fred_series;_try_load_cache_fallback;_normalize_date_range;_strip_timezone_from_index;_load_macro_data;_strip_timezone_from_date;_check_cache_full_coverage;_check_cache_partial_coverage;_is_cache_valid,,0,0,False,False,ticker,0,,False,UNUSED_POTENTIALLY_VALUABLE,Do not delete; inspect logic and consider integration experiment/ablation.
src.features.enrichers.market_context_enricher.MarketContextEnricher,enricher,features/enrichers/market_context_enricher.py,MarketContextEnricher,class,name;priority;__init__;_enrich_impl;_add_context_features;_add_temporal_features;_log_latest_values,,0,0,False,True,market_context_volume_ratio,0,,False,ACTIVE_OUTPUT_UNTESTED,Component appears to produce output columns; add lineage + correctness tests.
src.features.enrichers.news_impact_enricher.NewsImpactEnricher,enricher,features/enrichers/news_impact_enricher.py,NewsImpactEnricher,class,__init__;name;priority;_enrich_impl;_enrich_event_centric;_find_text_column;_find_time_column;_extract_news_rows;_prepare_news_for_analyzer;_run_analyzer_and_merge;_merge_impact_scores;_add_zero_scores;_enrich_traditional;_find_news_text_column;_find_news_time_column;_prepare_traditional_news;_run_analyzer_and_merge_traditional;_prepare_main_dataframe;_normalize_timezones_traditional;_merge_traditional_impact_scores,,0,0,False,False,_temp_idx;news_impact_available;news_impact_score;news_significance_level,1,SILENT_EMPTY_RETURN,True,UNUSED_POTENTIALLY_VALUABLE,Do not delete; inspect logic and consider integration experiment/ablation.
src.features.enrichers.news_quality_enricher.NewsQualityEnricher,enricher,features/enrichers/news_quality_enricher.py,NewsQualityEnricher,class,__init__;name;priority;_enrich_impl;_find_time_column;_prepare_news_data;_calculate_quality_metrics;_merge_with_main_dataframe;_normalize_datetime_column;_calculate_news_freshness,,0,0,False,False,datetime,1,SILENT_EMPTY_RETURN,False,UNUSED_POTENTIALLY_VALUABLE,Do not delete; inspect logic and consider integration experiment/ablation.
src.features.enrichers.nlp_features_enricher.NLPFeaturesEnricher,enricher,features/enrichers/nlp_features_enricher.py,NLPFeaturesEnricher,class,__init__;name;priority;_enrich_impl;_validate_inputs;_analyze_news;_prepare_features_for_merge;_create_datetime_column;_find_date_column;_normalize_datetime_column;_prepare_main_dataframe;_merge_features_by_ticker;_get_ticker_features;_merge_group_features,,0,1,False,False,,1,SILENT_EMPTY_RETURN,False,ACTIVE_RISKY,Review/fix risks before trusting component output; add contract/golden tests.
src.features.enrichers.sentiment_features_enricher.SentimentFeaturesEnricher,enricher,features/enrichers/sentiment_features_enricher.py,SentimentFeaturesEnricher,class,name;priority;__init__;_enrich_impl;_validate_input;_find_sentiment_column;_merge_news_sentiment;_validate_news_data;_find_time_column;_find_news_sentiment_column;_normalize_time_column;_aggregate_ticker_news;_aggregate_general_news;_aggregate_by_type_column;_aggregate_by_ticker_column;_aggregate_news_sentiment;_normalize_datetime_column;_merge_sentiment_with_main_df;_prepare_dataframe;_process_ticker_groups;_add_rolling_statistics;_add_sentiment_velocity;_add_news_intensity;_add_decay_weighted_sentiment;_calculate_decay_weights;apply_decay,,0,0,False,False,sentiment_available;type,1,SILENT_EMPTY_RETURN,True,UNUSED_POTENTIALLY_VALUABLE,Do not delete; inspect logic and consider integration experiment/ablation.
src.features.enrichers.significance_features_enricher.SignificanceFeaturesEnricher,enricher,features/enrichers/significance_features_enricher.py,SignificanceFeaturesEnricher,class,name;priority;__init__;_enrich_impl;_filter_significant_events;_create_significance_features;_days_since_last_event;_create_significance_column,,0,0,False,True,,0,,True,ACTIVE_WITH_TEST_REFERENCE,Keep; verify runtime output reaches downstream model/evaluation.
src.features.enrichers.technical_analysis_enricher.TechnicalAnalysisEnricher,enricher,features/enrichers/technical_analysis_enricher.py,TechnicalAnalysisEnricher,class,__init__;_load_calculators;name;priority;_enrich_impl;_enrich_single_group;_validate_input;_get_indicator_mapping;_is_indicator_enabled;_process_indicator;_process_multiple_windows;_process_standard_indicator;_add_advanced_features;_add_volatility_features;_add_market_regime_features;_add_drawdown_features;_add_risk_reward_features;_add_econometrics_features;_add_fama_french_features;_calculate_hurst_exponent,,0,1,False,False,AUTOCORR;CURRENT_DRAWDOWN;HURST_EXPONENT;KURTOSIS;MARKET_PREMIUM;MARKET_REGIME;MARKET_REGIME_ENCODED;MAX_DRAWDOWN;MOMENTUM_ZSCORE;RSI_VELOCITY;SHARPE_RATIO;SKEWNESS;SORTINO_RATIO;VOLATILITY_20;VOLATILITY_5;VOLATILITY_50,0,,True,ACTIVE_WITH_TEST_REFERENCE,Keep; verify runtime output reaches downstream model/evaluation.
src.features.enrichers.time_features_enricher.TimeFeaturesEnricher,enricher,features/enrichers/time_features_enricher.py,TimeFeaturesEnricher,class,__init__;name;priority;_enrich_impl,,0,0,False,True,,0,,False,ACTIVE_NEEDS_RUNTIME_CONFIRMATION,Use runtime/lineage tracker to confirm execution and output usage.
src.features.enrichers.volatility_enricher.VolatilityEnricher,enricher,features/enrichers/volatility_enricher.py,VolatilityEnricher,class,name;priority;__init__;_enrich_impl,,0,0,False,False,atr_14;gk_volatility;returns;volatility_10;volatility_20;volatility_5;volatility_regime,0,,True,UNUSED_POTENTIALLY_VALUABLE,Do not delete; inspect logic and consider integration experiment/ablation.
src.features.enrichers.volume_enricher.VolumeEnricher,enricher,features/enrichers/volume_enricher.py,VolumeEnricher,class,name;priority;__init__;_enrich_impl,,0,0,False,False,obv;price_volume_trend;volume_roc;volume_rs;volume_sma_10;volume_sma_5,0,,True,UNUSED_POTENTIALLY_VALUABLE,Do not delete; inspect logic and consider integration experiment/ablation.
src.features.enrichers.__init__,enricher,features/enrichers/__init__.py,__init__,module,,,0,415,False,False,,0,,True,ACTIVE_WITH_TEST_REFERENCE,Keep; verify runtime output reaches downstream model/evaluation.
src.features.monitoring.feature_drift_detector.FeatureDriftDetector,detector,features/monitoring/feature_drift_detector.py,FeatureDriftDetector,class,__init__;detect_drift;_parse_drift_results;_save_report;get_metrics;reset_metrics;check_feature_drift,,0,0,False,False,,0,,False,UNUSED_POTENTIALLY_VALUABLE,Do not delete; inspect logic and consider integration experiment/ablation.
src.features.monitoring.feature_drift_detector.check_feature_drift,detector,features/monitoring/feature_drift_detector.py,check_feature_drift,function,,,0,2,False,False,,0,,False,ACTIVE_NEEDS_RUNTIME_CONFIRMATION,Use runtime/lineage tracker to confirm execution and output usage.
src.features.nlp.deduplication_service.DeduplicationService,utility_or_unknown,features/nlp/deduplication_service.py,DeduplicationService,class,__init__;deduplicate,,0,0,False,False,,0,,False,ORPHAN_LOW_SIGNAL,Likely low-priority orphan; quarantine only after config/runtime confirmation.
src.features.nlp.__init__,utility_or_unknown,features/nlp/__init__.py,__init__,module,,,0,415,False,False,,0,,True,ACTIVE_WITH_TEST_REFERENCE,Keep; verify runtime output reaches downstream model/evaluation.
src.features.selection.enhanced_smart_selector.EnhancedSmartFeatureSelector,selector,features/selection/enhanced_smart_selector.py,EnhancedSmartFeatureSelector,class,__init__;_get_weights_for_pattern;_calculate_performance_metrics,,0,5,False,False,,1,TARGET_COLUMN_IN_NON_TARGET_COMPONENT,False,ACTIVE_RISKY,Review/fix risks before trusting component output; add contract/golden tests.
src.features.selection.enhanced_smart_selector.get_enhanced_smart_selector,selector,features/selection/enhanced_smart_selector.py,get_enhanced_smart_selector,function,,,0,5,False,False,,1,TARGET_COLUMN_IN_NON_TARGET_COMPONENT,False,ACTIVE_RISKY,Review/fix risks before trusting component output; add contract/golden tests.
src.features.selection.smart_selector.SmartFeatureSelector,selector,features/selection/smart_selector.py,SmartFeatureSelector,class,__init__;_load_storage;_save_storage;_check_cache;_pre_filter_data;_run_feature_selection_methods;_select_features_by_threshold;_apply_max_features_limit;_cache_results;select;_clean_data;_get_methods_for_regime;_correlation_filter;_mutual_info_filter;_lgbm_filter;_random_forest_filter;_variance_filter,select,0,11,False,False,,2,SILENT_EMPTY_RETURN;TARGET_COLUMN_IN_NON_TARGET_COMPONENT,False,ACTIVE_RISKY,Review/fix risks before trusting component output; add contract/golden tests.
src.features.selection.volatility_driver_selector.VolatilityDriverSelector,selector,features/selection/volatility_driver_selector.py,VolatilityDriverSelector,class,__init__;select,select,0,2,False,False,,2,SILENT_EMPTY_RETURN;TARGET_COLUMN_IN_NON_TARGET_COMPONENT,True,ACTIVE_RISKY,Review/fix risks before trusting component output; add contract/golden tests.
src.features.selection.__init__,selector,features/selection/__init__.py,__init__,module,,,0,415,False,False,,0,,True,ACTIVE_WITH_TEST_REFERENCE,Keep; verify runtime output reaches downstream model/evaluation.
src.features.utils.datetime_utils.ensure_datetime_column,utility_or_unknown,features/utils/datetime_utils.py,ensure_datetime_column,function,,,0,1,False,False,datetime;ticker,0,,False,ACTIVE_OUTPUT_UNTESTED,Component appears to produce output columns; add lineage + correctness tests.
src.features.utils.datetime_utils.ensure_ticker_column,utility_or_unknown,features/utils/datetime_utils.py,ensure_ticker_column,function,,,0,1,False,False,datetime;ticker,0,,False,ACTIVE_OUTPUT_UNTESTED,Component appears to produce output columns; add lineage + correctness tests.
src.features.utils.datetime_utils.normalize_metadata_columns,utility_or_unknown,features/utils/datetime_utils.py,normalize_metadata_columns,function,,,0,2,False,False,datetime;ticker,0,,False,ACTIVE_OUTPUT_UNTESTED,Component appears to produce output columns; add lineage + correctness tests.
src.features.utils.datetime_utils.split_datetime_ticker,utility_or_unknown,features/utils/datetime_utils.py,split_datetime_ticker,function,,,0,1,False,False,datetime;ticker,0,,False,ACTIVE_OUTPUT_UNTESTED,Component appears to produce output columns; add lineage + correctness tests.
src.features.utils.datetime_utils.roundtrip_datetime_ticker,utility_or_unknown,features/utils/datetime_utils.py,roundtrip_datetime_ticker,function,,,0,1,False,False,datetime;ticker,0,,False,ACTIVE_OUTPUT_UNTESTED,Component appears to produce output columns; add lineage + correctness tests.
src.features.utils.datetime_utils.deduplicate_on_metadata,utility_or_unknown,features/utils/datetime_utils.py,deduplicate_on_metadata,function,,,0,1,False,False,datetime;ticker,0,,False,ACTIVE_OUTPUT_UNTESTED,Component appears to produce output columns; add lineage + correctness tests.
src.features.utils.datetime_utils.ensure_datetime_sorted,utility_or_unknown,features/utils/datetime_utils.py,ensure_datetime_sorted,function,,,0,1,False,False,datetime;ticker,0,,False,ACTIVE_OUTPUT_UNTESTED,Component appears to produce output columns; add lineage + correctness tests.
src.features.utils.modular_adaptive_technical_indicators.RSICalculator,calculator,features/utils/modular_adaptive_technical_indicators.py,RSICalculator,class,__init__;calculate,calculate,0,0,False,False,,0,,True,UNUSED_POTENTIALLY_VALUABLE,Do not delete; inspect logic and consider integration experiment/ablation.
src.features.utils.modular_adaptive_technical_indicators.MACDCalculator,calculator,features/utils/modular_adaptive_technical_indicators.py,MACDCalculator,class,__init__;calculate,calculate,0,0,False,False,,0,,True,UNUSED_POTENTIALLY_VALUABLE,Do not delete; inspect logic and consider integration experiment/ablation.
src.features.utils.modular_adaptive_technical_indicators.BollingerBandsCalculator,calculator,features/utils/modular_adaptive_technical_indicators.py,BollingerBandsCalculator,class,__init__;calculate;_safe_rolling_stats,calculate,0,0,False,False,,0,,True,UNUSED_POTENTIALLY_VALUABLE,Do not delete; inspect logic and consider integration experiment/ablation.
src.features.utils.modular_adaptive_technical_indicators.ModularAdaptiveTechnicalIndicators,utility_or_unknown,features/utils/modular_adaptive_technical_indicators.py,ModularAdaptiveTechnicalIndicators,class,__init__;adaptive_rsi;adaptive_macd;adaptive_bollinger_bands;calculate_all_adaptive_indicators;get_adaptive_parameters,,0,0,False,False,,0,,True,ORPHAN_LOW_SIGNAL,Likely low-priority orphan; quarantine only after config/runtime confirmation.
src.features.utils.technical_indicators_lib.TechnicalIndicators,utility_or_unknown,features/utils/technical_indicators_lib.py,TechnicalIndicators,class,calculate_sma;calculate_ema;calculate_rsi;calculate_macd;calculate_bollinger_bands;calculate_atr;calculate_stochastic;calculate_williams_r;calculate_cci,,0,2,False,False,,0,,False,ACTIVE_NEEDS_RUNTIME_CONFIRMATION,Use runtime/lineage tracker to confirm execution and output usage.
src.features.utils.time_utils.add_time_features,utility_or_unknown,features/utils/time_utils.py,add_time_features,function,,,0,2,False,False,,0,,False,ACTIVE_NEEDS_RUNTIME_CONFIRMATION,Use runtime/lineage tracker to confirm execution and output usage.
src.features.utils.__init__,utility_or_unknown,features/utils/__init__.py,__init__,module,,,0,415,False,False,,0,,True,ACTIVE_WITH_TEST_REFERENCE,Keep; verify runtime output reaches downstream model/evaluation.
src.features.validation.feature_leakage_guard.LeakageReport,validator,features/validation/feature_leakage_guard.py,LeakageReport,class,__init__;has_issues;to_dict;__repr__,,0,4,False,False,,1,TARGET_COLUMN_IN_NON_TARGET_COMPONENT,False,ACTIVE_RISKY,Review/fix risks before trusting component output; add contract/golden tests.
src.features.validation.feature_leakage_guard.FeatureLeakageGuard,validator,features/validation/feature_leakage_guard.py,FeatureLeakageGuard,class,__init__;check;_check_forbidden_cols;_check_correlation;_save_report;get_leakage_guard,check,0,4,False,False,,1,TARGET_COLUMN_IN_NON_TARGET_COMPONENT,False,ACTIVE_RISKY,Review/fix risks before trusting component output; add contract/golden tests.
src.features.validation.feature_leakage_guard.get_leakage_guard,validator,features/validation/feature_leakage_guard.py,get_leakage_guard,function,,,0,3,False,False,,1,TARGET_COLUMN_IN_NON_TARGET_COMPONENT,False,ACTIVE_RISKY,Review/fix risks before trusting component output; add contract/golden tests.
src.features.validation.redundancy_detector.RedundancyDetector,validator,features/validation/redundancy_detector.py,RedundancyDetector,class,__init__;_filter_numeric_features;_combine_redundant_features;_create_final_feature_set;_update_results;eliminate_redundant_features;_remove_low_variance_features;_detect_correlation_redundancy;_calculate_vif_analysis;_select_representative_features;_select_best_feature_from_group;_create_empty_result;_log_redundancy_summary;get_redundancy_report,,0,3,False,False,,2,FILLNA_ZERO;TARGET_COLUMN_IN_NON_TARGET_COMPONENT,False,ACTIVE_RISKY,Review/fix risks before trusting component output; add contract/golden tests.
src.features.validation.redundancy_detector.get_redundancy_detector,validator,features/validation/redundancy_detector.py,get_redundancy_detector,function,,,0,4,False,False,,2,FILLNA_ZERO;TARGET_COLUMN_IN_NON_TARGET_COMPONENT,False,ACTIVE_RISKY,Review/fix risks before trusting component output; add contract/golden tests.
src.features.validation.redundancy_detector.eliminate_redundancy_quick,validator,features/validation/redundancy_detector.py,eliminate_redundancy_quick,function,,,0,3,False,False,,2,FILLNA_ZERO;TARGET_COLUMN_IN_NON_TARGET_COMPONENT,False,ACTIVE_RISKY,Review/fix risks before trusting component output; add contract/golden tests.
src.features.validation.__init__,validator,features/validation/__init__.py,__init__,module,,,0,414,False,False,,0,,True,ACTIVE_WITH_TEST_REFERENCE,Keep; verify runtime output reaches downstream model/evaluation.
src.features.analysis.decay.decay_function_registry.DecayFunctionRegistry,analyzer,features/analysis/decay/decay_function_registry.py,DecayFunctionRegistry,class,__init__;_initialize_decay_functions;_initialize_news_types;get_decay_function;get_news_type_config;get_all_decay_functions;get_all_news_types,,0,2,False,False,,0,,False,ACTIVE_NEEDS_RUNTIME_CONFIRMATION,Use runtime/lineage tracker to confirm execution and output usage.
src.features.analysis.decay.decay_model_fitter.DecayModelFitter,analyzer,features/analysis/decay/decay_model_fitter.py,DecayModelFitter,class,__init__;fit_decay_function;decay_function_with_params;objective;_get_initial_parameters;_calculate_r2;select_best_overall_model;combined_score;select_best_function_for_type,,0,2,False,False,,1,SILENT_EMPTY_RETURN,False,ACTIVE_RISKY,Review/fix risks before trusting component output; add contract/golden tests.
src.features.analysis.decay.decay_predictor.DecayPredictor,analyzer,features/analysis/decay/decay_predictor.py,DecayPredictor,class,__init__;predict_news_impact,,0,2,False,False,,0,,False,ACTIVE_NEEDS_RUNTIME_CONFIRMATION,Use runtime/lineage tracker to confirm execution and output usage.
src.features.builders.news_event.candle_seeker.NewsCandleSeeker,enricher,features/builders/news_event/candle_seeker.py,NewsCandleSeeker,class,__init__;normalize_datetime;get_candles_before;get_candles_after;extract_features;_find_datetime_column,,0,4,False,False,,1,SILENT_EMPTY_RETURN,False,ACTIVE_RISKY,Review/fix risks before trusting component output; add contract/golden tests.
src.features.builders.news_event.candle_seeker.feature_to_key,enricher,features/builders/news_event/candle_seeker.py,feature_to_key,function,,,0,2,False,False,,1,SILENT_EMPTY_RETURN,False,ACTIVE_RISKY,Review/fix risks before trusting component output; add contract/golden tests.
src.features.builders.news_event.enricher.NewsGlobalEnricher,enricher,features/builders/news_event/enricher.py,NewsGlobalEnricher,class,__init__;enrich_record;get_macro_features;get_long_term_mas;calculate_context_map;_macro_indicator_state;_normalize_timestamp;_filter_macro_data_before_date,,0,16,False,True,context_fingerprint;context_stability,1,SILENT_EMPTY_RETURN,True,ACTIVE_RISKY,Review/fix risks before trusting component output; add contract/golden tests.
src.features.builders.news_event.filter.NewsEventDataFilter,enricher,features/builders/news_event/filter.py,NewsEventDataFilter,class,__init__;filter_tickers;find_publication_column;has_missing_data;log_stats,,0,28,False,True,,1,SILENT_EMPTY_RETURN,False,ACTIVE_RISKY,Review/fix risks before trusting component output; add contract/golden tests.
src.features.nlp.extractors.entity_extractor.EntityExtractor,utility_or_unknown,features/nlp/extractors/entity_extractor.py,EntityExtractor,class,__init__;_load_model;extract;extract_batch,,0,4,False,False,,1,SILENT_EMPTY_RETURN,True,ACTIVE_RISKY,Review/fix risks before trusting component output; add contract/golden tests.
src.features.nlp.extractors.keyword_extractor.KeywordExtractor,utility_or_unknown,features/nlp/extractors/keyword_extractor.py,KeywordExtractor,class,__init__;update_keywords;extract,,0,8,False,False,,1,SILENT_EMPTY_RETURN,True,ACTIVE_RISKY,Review/fix risks before trusting component output; add contract/golden tests.
src.features.nlp.extractors.news_ticker_detector.NewsTickerDetector,detector,features/nlp/extractors/news_ticker_detector.py,NewsTickerDetector,class,__init__;extract_tickers_from_text;_calculate_financial_relevance;get_primary_ticker;analyze_news_batch;get_ticker_distribution;filter_relevant_news;create_news_ticker_detector,,0,0,False,False,,1,SILENT_EMPTY_RETURN,False,UNUSED_POTENTIALLY_VALUABLE,Do not delete; inspect logic and consider integration experiment/ablation.
src.features.nlp.extractors.news_ticker_detector.create_news_ticker_detector,detector,features/nlp/extractors/news_ticker_detector.py,create_news_ticker_detector,function,,,0,0,False,False,,1,SILENT_EMPTY_RETURN,False,UNUSED_POTENTIALLY_VALUABLE,Do not delete; inspect logic and consider integration experiment/ablation.
src.features.nlp.models.finbert_pipeline.get_finbert_pipeline,model,features/nlp/models/finbert_pipeline.py,get_finbert_pipeline,function,,,0,2,False,False,,0,,True,ACTIVE_WITH_TEST_REFERENCE,Keep; verify runtime output reaches downstream model/evaluation.
src.features.nlp.models.roberta_sentiment.RobertaSentimentAnalyzer,model,features/nlp/models/roberta_sentiment.py,RobertaSentimentAnalyzer,class,__init__;_load_model;analyze,,0,2,False,False,,0,,False,ACTIVE_NEEDS_RUNTIME_CONFIRMATION,Use runtime/lineage tracker to confirm execution and output usage.
src.features.nlp.models.sentiment_core.make_sentiment_key,model,features/nlp/models/sentiment_core.py,make_sentiment_key,function,,,0,0,False,False,,0,,False,ORPHAN_LOW_SIGNAL,Likely low-priority orphan; quarantine only after config/runtime confirmation.
src.features.nlp.models.sentiment_core.get_model,model,features/nlp/models/sentiment_core.py,get_model,function,,,0,5,False,False,,0,,False,ACTIVE_NEEDS_RUNTIME_CONFIRMATION,Use runtime/lineage tracker to confirm execution and output usage.
src.features.nlp.models.sentiment_core.compute_score,model,features/nlp/models/sentiment_core.py,compute_score,function,,,0,0,False,False,,0,,False,ORPHAN_LOW_SIGNAL,Likely low-priority orphan; quarantine only after config/runtime confirmation.
src.features.nlp.models.sentiment_core.compute_news_score_safe,model,features/nlp/models/sentiment_core.py,compute_news_score_safe,function,,,0,0,False,False,,0,,False,ORPHAN_LOW_SIGNAL,Likely low-priority orphan; quarantine only after config/runtime confirmation.
src.features.nlp.processors.article_processor.ArticleProcessor,utility_or_unknown,features/nlp/processors/article_processor.py,ArticleProcessor,class,__init__;process,,0,0,False,False,,0,,False,ORPHAN_LOW_SIGNAL,Likely low-priority orphan; quarantine only after config/runtime confirmation.
src.features.nlp.processors.news_analyzer.QuickNewsAnalyzer,analyzer,features/nlp/processors/news_analyzer.py,QuickNewsAnalyzer,class,__init__;_add_empty_cols;cluster_and_analyze;average_sentiment,,0,1,False,False,cluster;sentiment_score;subjectivity_score,0,,False,ACTIVE_OUTPUT_UNTESTED,Component appears to produce output columns; add lineage + correctness tests.
src.features.nlp.processors.news_analyzer.NewsAnalyzer,analyzer,features/nlp/processors/news_analyzer.py,NewsAnalyzer,class,__init__;cluster_news;get_latest_news_sentiment,,0,2,False,False,cluster;sentiment_score;subjectivity_score,0,,False,ACTIVE_OUTPUT_UNTESTED,Component appears to produce output columns; add lineage + correctness tests.
src.features.nlp.processors.news_harmonizer.detect_news_format,utility_or_unknown,features/nlp/processors/news_harmonizer.py,detect_news_format,function,,,0,0,False,False,,0,,False,ORPHAN_LOW_SIGNAL,Likely low-priority orphan; quarantine only after config/runtime confirmation.
src.features.nlp.processors.news_harmonizer.harmonize_entry,utility_or_unknown,features/nlp/processors/news_harmonizer.py,harmonize_entry,function,,,0,0,False,False,,0,,False,ORPHAN_LOW_SIGNAL,Likely low-priority orphan; quarantine only after config/runtime confirmation.
src.features.nlp.processors.news_harmonizer.harmonize_batch,utility_or_unknown,features/nlp/processors/news_harmonizer.py,harmonize_batch,function,,,0,0,False,False,,0,,False,ORPHAN_LOW_SIGNAL,Likely low-priority orphan; quarantine only after config/runtime confirmation.
src.features.nlp.processors.news_processing.process_news_data,utility_or_unknown,features/nlp/processors/news_processing.py,process_news_data,function,,,0,0,False,False,,0,,False,ORPHAN_LOW_SIGNAL,Likely low-priority orphan; quarantine only after config/runtime confirmation.
src.features.nlp.processors.news_processing.get_news_sentiment,utility_or_unknown,features/nlp/processors/news_processing.py,get_news_sentiment,function,,,0,0,False,False,,0,,False,ORPHAN_LOW_SIGNAL,Likely low-priority orphan; quarantine only after config/runtime confirmation.
src.features.nlp.processors.news_processing.filter_news_by_date,utility_or_unknown,features/nlp/processors/news_processing.py,filter_news_by_date,function,,,0,0,False,False,,0,,False,ORPHAN_LOW_SIGNAL,Likely low-priority orphan; quarantine only after config/runtime confirmation.
src.features.nlp.scoring.keyword_features.KeywordExtractor,utility_or_unknown,features/nlp/scoring/keyword_features.py,KeywordExtractor,class,__init__;extract_keywords;build_keyword_features;count_matches,,0,6,False,False,,1,SILENT_EMPTY_RETURN,True,ACTIVE_RISKY,Review/fix risks before trusting component output; add contract/golden tests.
src.features.nlp.scoring.keyword_features.build_keyword_features,utility_or_unknown,features/nlp/scoring/keyword_features.py,build_keyword_features,function,,,0,1,False,False,,1,SILENT_EMPTY_RETURN,False,ACTIVE_RISKY,Review/fix risks before trusting component output; add contract/golden tests.
src.features.nlp.scoring.news_score.compute_news_score,utility_or_unknown,features/nlp/scoring/news_score.py,compute_news_score,function,,,0,3,False,True,,0,,False,ACTIVE_NEEDS_RUNTIME_CONFIRMATION,Use runtime/lineage tracker to confirm execution and output usage.
src.features.nlp.scoring.news_scorer.NewsScorer,utility_or_unknown,features/nlp/scoring/news_scorer.py,NewsScorer,class,__init__;_calculate_directional_sentiment;_calculate_relevance_score;_calculate_significance_score;score,,0,2,False,False,,0,,False,ACTIVE_NEEDS_RUNTIME_CONFIRMATION,Use runtime/lineage tracker to confirm execution and output usage.
src.features.nlp.scoring.simple_sentiment.SimpleSentimentAnalyzer,analyzer,features/nlp/scoring/simple_sentiment.py,SimpleSentimentAnalyzer,class,__init__;analyze,analyze,0,2,False,False,,0,,False,ACTIVE_NEEDS_RUNTIME_CONFIRMATION,Use runtime/lineage tracker to confirm execution and output usage.
src.features.nlp.scoring.summarizer.Summarizer,utility_or_unknown,features/nlp/scoring/summarizer.py,Summarizer,class,__init__;_load_model;summarize,,0,2,False,False,,0,,False,ACTIVE_NEEDS_RUNTIME_CONFIRMATION,Use runtime/lineage tracker to confirm execution and output usage.
src.features.nlp.utils.gdelt_utils.normalize_gdelt_signals,utility_or_unknown,features/nlp/utils/gdelt_utils.py,normalize_gdelt_signals,function,,,0,0,False,False,date;keywords;match_count;mention_score;signal_strength;ticker,0,,False,ORPHAN_LOW_SIGNAL,Likely low-priority orphan; quarantine only after config/runtime confirmation.
src.features.nlp.utils.mention_utils.safe_get,utility_or_unknown,features/nlp/utils/mention_utils.py,safe_get,function,,,0,0,False,False,,0,,False,ORPHAN_LOW_SIGNAL,Likely low-priority orphan; quarantine only after config/runtime confirmation.
src.features.nlp.utils.mention_utils.compute_mention_score,utility_or_unknown,features/nlp/utils/mention_utils.py,compute_mention_score,function,,,0,0,False,False,,0,,False,ORPHAN_LOW_SIGNAL,Likely low-priority orphan; quarantine only after config/runtime confirmation.
src.features.nlp.utils.mention_utils.safe_get_nested,utility_or_unknown,features/nlp/utils/mention_utils.py,safe_get_nested,function,,,0,0,False,False,,0,,False,ORPHAN_LOW_SIGNAL,Likely low-priority orphan; quarantine only after config/runtime confirmation.
src.feature_engineering.transformers.transformers._BaseScalerTransformer,enricher,feature_engineering/transformers/transformers.py,_BaseScalerTransformer,class,__post_init__;fit;transform;fit_transform;_available_columns,transform,0,7,False,True,,0,,True,ACTIVE_WITH_TEST_REFERENCE,Keep; verify runtime output reaches downstream model/evaluation.
src.feature_engineering.transformers.transformers.StandardScalerTransformer,enricher,feature_engineering/transformers/transformers.py,StandardScalerTransformer,class,,,0,8,False,True,,0,,True,ACTIVE_WITH_TEST_REFERENCE,Keep; verify runtime output reaches downstream model/evaluation.
src.feature_engineering.transformers.transformers.MinMaxScalerTransformer,enricher,feature_engineering/transformers/transformers.py,MinMaxScalerTransformer,class,,,0,8,False,True,,0,,True,ACTIVE_WITH_TEST_REFERENCE,Keep; verify runtime output reaches downstream model/evaluation.
src.feature_engineering.transformers.__init__,enricher,feature_engineering/transformers/__init__.py,__init__,module,,,0,415,False,False,,0,,True,ACTIVE_WITH_TEST_REFERENCE,Keep; verify runtime output reaches downstream model/evaluation.
src.integrations.data.bigquery_client.BigQueryClient,utility_or_unknown,integrations/data/bigquery_client.py,BigQueryClient,class,__init__;name;ping;execute_query;validate_query;get_query_cost_estimate;_get_heuristic_cost_estimate;_generate_gdelt_mock_data;_generate_generic_mock_data,,0,2,False,False,,0,,False,ACTIVE_NEEDS_RUNTIME_CONFIRMATION,Use runtime/lineage tracker to confirm execution and output usage.
src.main.modes.backtest.BacktestMode,utility_or_unknown,main/modes/backtest.py,BacktestMode,class,run;_run_standard_backtest;_run_walk_forward_validation;optimization_function;_detect_biases;_apply_embargo_period;_get_historical_data;_aggregate_walk_forward_results;_log_walk_forward_results;_execute_pipeline;_extract_predictions_and_signals;_validate_price_data;_align_data;_run_portfolio_simulation;_log_results,,0,16,True,False,,0,,False,ACTIVE_NEEDS_RUNTIME_CONFIRMATION,Use runtime/lineage tracker to confirm execution and output usage.
src.main.modes.base.BaseMode,utility_or_unknown,main/modes/base.py,BaseMode,class,__init__;run;validate_prerequisites;cleanup;get_mode_info,,0,76,True,True,,0,,True,ACTIVE_WITH_TEST_REFERENCE,Keep; verify runtime output reaches downstream model/evaluation.
src.main.modes.intelligent.IntelligentMode,utility_or_unknown,main/modes/intelligent.py,IntelligentMode,class,__init__;run;_get_tickers,,0,5,True,False,,0,,False,ACTIVE_NEEDS_RUNTIME_CONFIRMATION,Use runtime/lineage tracker to confirm execution and output usage.
src.main.modes.monster_test.MonsterTestMode,utility_or_unknown,main/modes/monster_test.py,MonsterTestMode,class,run;simple_strategy;_analyze_monte_carlo_results,,0,3,True,False,,0,,False,ACTIVE_NEEDS_RUNTIME_CONFIRMATION,Use runtime/lineage tracker to confirm execution and output usage.
src.main.modes.predict.PredictMode,utility_or_unknown,main/modes/predict.py,PredictMode,class,__init__;run,,0,60,True,False,,0,,True,ACTIVE_WITH_TEST_REFERENCE,Keep; verify runtime output reaches downstream model/evaluation.
src.main.modes.train.TrainMode,utility_or_unknown,main/modes/train.py,TrainMode,class,__init__;run,,0,47,True,True,,0,,True,ACTIVE_WITH_TEST_REFERENCE,Keep; verify runtime output reaches downstream model/evaluation.
src.main.modes.training_data_pipeline,utility_or_unknown,main/modes/training_data_pipeline.py,training_data_pipeline,module,,,0,1,True,False,,1,TARGET_COLUMN_IN_NON_TARGET_COMPONENT,False,ACTIVE_RISKY,Review/fix risks before trusting component output; add contract/golden tests.
src.main.modes.web_ui.WebUIMode,utility_or_unknown,main/modes/web_ui.py,WebUIMode,class,__init__;run;_log_startup_info;_handle_server_shutdown;_handle_startup_error;_create_handler;_create_static_file_handler;_is_static_file_request;_handle_static_file;_create_page_request_handler;_handle_page_request;_create_api_request_handler;handle_api_request;_get_api_response;_create_json_response_handler;send_json_response;_create_html_content_handler;get_html_content;_create_serve_file_handler;serve_file;_create_trading_ui_handler;__init__;do_GET;get_system_overview;get_portfolio_status;get_market_data;get_performance_metrics;_get_performance_report;get_index_html;get_dashboard_html;get_trading_html,,0,0,True,False,,1,SILENT_EMPTY_RETURN,False,ACTIVE_RISKY,Review/fix risks before trusting component output; add contract/golden tests.
src.main.modes.__init__,utility_or_unknown,main/modes/__init__.py,__init__,module,,,0,415,True,False,,0,,True,ACTIVE_WITH_TEST_REFERENCE,Keep; verify runtime output reaches downstream model/evaluation.
src.meta_learning.awareness.context_engine.ContextAwarenessEngine,context_map,meta_learning/awareness/context_engine.py,ContextAwarenessEngine,class,,,0,4,False,False,,0,,True,ACTIVE_WITH_TEST_REFERENCE,Keep; verify runtime output reaches downstream model/evaluation.
src.meta_learning.evolution.dual_loops.TradingRule,utility_or_unknown,meta_learning/evolution/dual_loops.py,TradingRule,class,,,0,2,False,False,,1,SILENT_EMPTY_RETURN,False,ACTIVE_RISKY,Review/fix risks before trusting component output; add contract/golden tests.
src.meta_learning.evolution.dual_loops.LearningLoopsEngine,utility_or_unknown,meta_learning/evolution/dual_loops.py,LearningLoopsEngine,class,__init__;name;update;get_state;_initialize_database;run_hypothesis_generation;_simulate_trades_from_fingerprints;run_performance_review;_save_rule;_update_rule_status_by_agent;get_rules_for_agent;close,,0,2,False,False,,1,SILENT_EMPTY_RETURN,False,ACTIVE_RISKY,Review/fix risks before trusting component output; add contract/golden tests.
src.meta_learning.memory.contextual_weight_calculator.WeightResult,context_map,meta_learning/memory/contextual_weight_calculator.py,WeightResult,class,,,0,2,False,False,,1,SILENT_EMPTY_RETURN,False,ACTIVE_RISKY,Review/fix risks before trusting component output; add contract/golden tests.
src.meta_learning.memory.contextual_weight_calculator.ContextualWeightCalculator,context_map,meta_learning/memory/contextual_weight_calculator.py,ContextualWeightCalculator,class,__init__;get_contextual_model_weights;get_contextual_model_weights_by_pattern_seq;_calculate_weights_from_dataframe;fingerprint_to_vec;pattern_sequence_to_vec,,0,4,False,False,,1,SILENT_EMPTY_RETURN,False,ACTIVE_RISKY,Review/fix risks before trusting component output; add contract/golden tests.
src.meta_learning.memory.diary_engine.DecisionType,utility_or_unknown,meta_learning/memory/diary_engine.py,DecisionType,class,,,0,10,False,False,outcome,0,,True,ACTIVE_WITH_TEST_REFERENCE,Keep; verify runtime output reaches downstream model/evaluation.
src.meta_learning.memory.diary_engine.DecisionOutcome,utility_or_unknown,meta_learning/memory/diary_engine.py,DecisionOutcome,class,,,0,10,False,False,outcome,0,,True,ACTIVE_WITH_TEST_REFERENCE,Keep; verify runtime output reaches downstream model/evaluation.
src.meta_learning.memory.diary_engine.DecisionRecord,utility_or_unknown,meta_learning/memory/diary_engine.py,DecisionRecord,class,,,0,10,False,False,outcome,0,,True,ACTIVE_WITH_TEST_REFERENCE,Keep; verify runtime output reaches downstream model/evaluation.
src.meta_learning.memory.diary_engine.DiaryEngine,utility_or_unknown,meta_learning/memory/diary_engine.py,DiaryEngine,class,__init__;name;update;get_state;_initialize_database;_ensure_context_pattern_seq_column;log_event;record_decision;record_decision_metadata;get_history_by_agent;get_recent_trades;get_context_vulnerability;get_context_success_analysis;_analyze_fingerprint_components;export_context_heatmap_data;compare_agents;_calculate_agent_performance;_calculate_performance_metrics;_generate_promotion_recommendations;_check_promotion_criteria;suggest_threshold_adjustments;log_entry;get_recent_entries;memory_usage;get_contextual_model_weights;get_contextual_model_weights_by_pattern_seq;get_knn_contextual_model_weights,,0,14,False,False,outcome,0,,True,ACTIVE_WITH_TEST_REFERENCE,Keep; verify runtime output reaches downstream model/evaluation.
src.meta_learning.memory.knn_context_finder.KnnContextFinder,context_map,meta_learning/memory/knn_context_finder.py,KnnContextFinder,class,__init__;_try_exact_fingerprint_match;_try_pattern_seq_match;_load_historical_fingerprints;_build_knn_vectors;_find_knn_neighbors;_aggregate_neighbor_weights;get_knn_contextual_model_weights;_get_knn_weights_for_pattern_sequence;_fingerprint_to_vec,,0,2,False,False,,2,SILENT_EMPTY_RETURN;TARGET_COLUMN_IN_NON_TARGET_COMPONENT,False,ACTIVE_RISKY,Review/fix risks before trusting component output; add contract/golden tests.
src.meta_learning.security.agent_permissions.ActionType,utility_or_unknown,meta_learning/security/agent_permissions.py,ActionType,class,,,0,0,False,False,,1,SILENT_EMPTY_RETURN,False,ORPHAN_LOW_SIGNAL,Likely low-priority orphan; quarantine only after config/runtime confirmation.
src.meta_learning.security.agent_permissions.AgentRole,utility_or_unknown,meta_learning/security/agent_permissions.py,AgentRole,class,,,0,0,False,False,,1,SILENT_EMPTY_RETURN,False,ORPHAN_LOW_SIGNAL,Likely low-priority orphan; quarantine only after config/runtime confirmation.
src.meta_learning.security.agent_permissions.Permission,utility_or_unknown,meta_learning/security/agent_permissions.py,Permission,class,,,0,0,False,False,,1,SILENT_EMPTY_RETURN,False,ORPHAN_LOW_SIGNAL,Likely low-priority orphan; quarantine only after config/runtime confirmation.
src.meta_learning.security.agent_permissions.AgentIdentity,utility_or_unknown,meta_learning/security/agent_permissions.py,AgentIdentity,class,,,0,0,False,False,,1,SILENT_EMPTY_RETURN,False,ORPHAN_LOW_SIGNAL,Likely low-priority orphan; quarantine only after config/runtime confirmation.
src.meta_learning.security.agent_permissions.AgentPermissionSystem,utility_or_unknown,meta_learning/security/agent_permissions.py,AgentPermissionSystem,class,__init__;register_agent;_check_agent_registered;_check_agent_active;_find_matching_permission;_check_permission_allowed;_check_conditions;_check_time_restrictions;_check_resource_limits;_create_denied_result;_validate_permission_checks;check_permission;revoke_agent_permissions;get_agent_status;_initialize_default_permissions;_check_max_position_size;_check_max_risk_per_trade;_check_simulation_only;_check_max_change_pct;_evaluate_conditions_dict;_evaluate_time_restrictions_dict;_check_rate_limits;_evaluate_resource_limits_dict;_record_action;_log_audit_event;_save_audit_log;get_agent_permission_system;check_agent_permission,,0,0,False,False,,1,SILENT_EMPTY_RETURN,False,ORPHAN_LOW_SIGNAL,Likely low-priority orphan; quarantine only after config/runtime confirmation.
src.meta_learning.security.agent_permissions.get_agent_permission_system,utility_or_unknown,meta_learning/security/agent_permissions.py,get_agent_permission_system,function,,,0,0,False,False,,1,SILENT_EMPTY_RETURN,False,ORPHAN_LOW_SIGNAL,Likely low-priority orphan; quarantine only after config/runtime confirmation.
src.meta_learning.security.agent_permissions.check_agent_permission,utility_or_unknown,meta_learning/security/agent_permissions.py,check_agent_permission,function,,,0,0,False,False,,1,SILENT_EMPTY_RETURN,False,ORPHAN_LOW_SIGNAL,Likely low-priority orphan; quarantine only after config/runtime confirmation.
src.meta_learning.security.constraint_engine.ConstraintType,utility_or_unknown,meta_learning/security/constraint_engine.py,ConstraintType,class,,,0,1,False,False,,0,,True,ACTIVE_WITH_TEST_REFERENCE,Keep; verify runtime output reaches downstream model/evaluation.
src.meta_learning.security.constraint_engine.ConstraintSeverity,utility_or_unknown,meta_learning/security/constraint_engine.py,ConstraintSeverity,class,,,0,1,False,False,,0,,True,ACTIVE_WITH_TEST_REFERENCE,Keep; verify runtime output reaches downstream model/evaluation.
src.meta_learning.security.constraint_engine.Constraint,utility_or_unknown,meta_learning/security/constraint_engine.py,Constraint,class,,,0,3,False,False,,0,,True,ACTIVE_WITH_TEST_REFERENCE,Keep; verify runtime output reaches downstream model/evaluation.
src.meta_learning.security.constraint_engine.ConstraintViolation,utility_or_unknown,meta_learning/security/constraint_engine.py,ConstraintViolation,class,,,0,1,False,False,,0,,True,ACTIVE_WITH_TEST_REFERENCE,Keep; verify runtime output reaches downstream model/evaluation.
src.meta_learning.security.constraint_engine.SecurityConstraintEngine,utility_or_unknown,meta_learning/security/constraint_engine.py,SecurityConstraintEngine,class,__init__;_check_constraint;_determine_action_allowed;_build_validation_result;validate_action;add_constraint;remove_constraint;get_constraint_status;get_violation_history;_add_position_size_constraint;_add_risk_exposure_constraint;_add_trading_frequency_constraint;_add_consecutive_losses_constraint;_add_volatility_constraint;_add_liquidity_constraint;_add_correlation_constraint;_initialize_default_constraints;_validate_position_size;_validate_risk_exposure;_validate_trading_frequency;_validate_consecutive_losses;_validate_volatility_limits;_validate_liquidity_requirements;_validate_correlation_limits;_create_violation;_record_violation;_get_recommended_action;_trigger_emergency_stop;_violation_to_dict;get_security_constraint_engine;validate_agent_action,,0,2,False,False,,0,,True,ACTIVE_WITH_TEST_REFERENCE,Keep; verify runtime output reaches downstream model/evaluation.
src.meta_learning.security.constraint_engine.get_security_constraint_engine,utility_or_unknown,meta_learning/security/constraint_engine.py,get_security_constraint_engine,function,,,0,2,False,False,,0,,True,ACTIVE_WITH_TEST_REFERENCE,Keep; verify runtime output reaches downstream model/evaluation.
src.meta_learning.security.constraint_engine.validate_agent_action,utility_or_unknown,meta_learning/security/constraint_engine.py,validate_agent_action,function,,,0,1,False,False,,0,,True,ACTIVE_WITH_TEST_REFERENCE,Keep; verify runtime output reaches downstream model/evaluation.
src.meta_learning.security.constraint_validators.ConstraintValidators,validator,meta_learning/security/constraint_validators.py,ConstraintValidators,class,__init__;validate_position_size;validate_risk_exposure;validate_trading_frequency;validate_consecutive_losses;validate_volatility_limits;validate_liquidity_requirements;validate_correlation_limits,,0,2,False,False,,0,,False,ACTIVE_NEEDS_RUNTIME_CONFIRMATION,Use runtime/lineage tracker to confirm execution and output usage.
src.meta_learning.awareness.context.analyzer.ContextAnalyzer,context_map,meta_learning/awareness/context/analyzer.py,ContextAnalyzer,class,__init__;detect_market_regime;detect_volatility_regime;calculate_sentiment_index;get_memory_insight;generate_recommendations,,0,38,False,True,,0,,True,ACTIVE_WITH_TEST_REFERENCE,Keep; verify runtime output reaches downstream model/evaluation.
src.meta_learning.awareness.context.manager.ContextAwarenessEngine,context_map,meta_learning/awareness/context/manager.py,ContextAwarenessEngine,class,__init__;name;update;analyze_market_context;_estimate_fear_greed_index;_estimate_vix_level;get_state;close,,0,45,False,False,,0,,True,ACTIVE_WITH_TEST_REFERENCE,Keep; verify runtime output reaches downstream model/evaluation.
src.meta_learning.awareness.context.models.EventType,context_map,meta_learning/awareness/context/models.py,EventType,class,,,0,159,False,True,,0,,True,ACTIVE_WITH_TEST_REFERENCE,Keep; verify runtime output reaches downstream model/evaluation.
src.meta_learning.awareness.context.models.EventImpact,context_map,meta_learning/awareness/context/models.py,EventImpact,class,,,0,160,False,True,,0,,True,ACTIVE_WITH_TEST_REFERENCE,Keep; verify runtime output reaches downstream model/evaluation.
src.meta_learning.awareness.context.models.MarketRegime,context_map,meta_learning/awareness/context/models.py,MarketRegime,class,,,0,166,False,True,,0,,True,ACTIVE_WITH_TEST_REFERENCE,Keep; verify runtime output reaches downstream model/evaluation.
src.meta_learning.awareness.context.models.MarketEvent,context_map,meta_learning/awareness/context/models.py,MarketEvent,class,,,0,160,False,True,,0,,True,ACTIVE_WITH_TEST_REFERENCE,Keep; verify runtime output reaches downstream model/evaluation.
src.meta_learning.awareness.context.models.MarketContext,context_map,meta_learning/awareness/context/models.py,MarketContext,class,,,0,160,False,True,,0,,True,ACTIVE_WITH_TEST_REFERENCE,Keep; verify runtime output reaches downstream model/evaluation.
src.meta_learning.awareness.context.scanner.EventScanner,context_map,meta_learning/awareness/context/scanner.py,EventScanner,class,__init__;scan_all_sources;_fetch_news,,0,4,False,False,,1,SILENT_EMPTY_RETURN,True,ACTIVE_RISKY,Review/fix risks before trusting component output; add contract/golden tests.
src.meta_learning.awareness.context.storage.ContextStorage,context_map,meta_learning/awareness/context/storage.py,ContextStorage,class,__init__;_ensure_connection;_initialize_database;save_market_event;save_market_context;get_recent_events;_row_to_event;close,,0,38,False,True,,0,,False,ACTIVE_NEEDS_RUNTIME_CONFIRMATION,Use runtime/lineage tracker to confirm execution and output usage.
src.meta_learning.awareness.context.__init__,context_map,meta_learning/awareness/context/__init__.py,__init__,module,,,0,415,False,False,,0,,True,ACTIVE_WITH_TEST_REFERENCE,Keep; verify runtime output reaches downstream model/evaluation.
src.meta_learning.evolution.optimization.__init__,algorithm,meta_learning/evolution/optimization/__init__.py,__init__,module,,,0,415,False,False,,0,,True,ACTIVE_WITH_TEST_REFERENCE,Keep; verify runtime output reaches downstream model/evaluation.
src.metrics.financial.financial_metrics_library.FinancialMetricsLibrary,calculator,metrics/financial/financial_metrics_library.py,FinancialMetricsLibrary,class,calculate_total_return;calculate_cagr;calculate_annualized_volatility;calculate_sharpe_ratio;calculate_sortino_ratio;calculate_drawdowns;calculate_max_drawdown;calculate_underwater_duration;run_granger_causality;get_var_forecast;calculate_calmar_ratio;calculate_beta;calculate_treynor_ratio;calculate_var_cvar;calculate_information_ratio,,0,0,False,False,,1,TARGET_COLUMN_IN_NON_TARGET_COMPONENT,True,UNUSED_POTENTIALLY_VALUABLE,Do not delete; inspect logic and consider integration experiment/ablation.
src.metrics.financial.portfolio_metrics.PortfolioMetricsCalculator,calculator,metrics/financial/portfolio_metrics.py,PortfolioMetricsCalculator,class,__init__;category;calculate;calculate_pnl;calculate_risk_metrics;calculate_drawdown;validate_input,calculate,0,7,False,False,,1,SILENT_EMPTY_RETURN,False,ACTIVE_RISKY,Review/fix risks before trusting component output; add contract/golden tests.
src.metrics.model.ml_evaluator.MLEvaluator,calculator,metrics/model/ml_evaluator.py,MLEvaluator,class,__init__;category;validate_input;calculate;calculate_regression_metrics;calculate_classification_metrics;_calculate_probabilistic_metrics;_infer_task_type;calculate_all_metrics;infer_task_type,calculate,0,4,False,False,,1,SILENT_EMPTY_RETURN,False,ACTIVE_RISKY,Review/fix risks before trusting component output; add contract/golden tests.
src.metrics.model.ml_evaluator.calculate_all_metrics,calculator,metrics/model/ml_evaluator.py,calculate_all_metrics,function,,,0,3,False,False,,1,SILENT_EMPTY_RETURN,False,ACTIVE_RISKY,Review/fix risks before trusting component output; add contract/golden tests.
src.metrics.model.ml_evaluator.infer_task_type,calculator,metrics/model/ml_evaluator.py,infer_task_type,function,,,0,2,False,False,,1,SILENT_EMPTY_RETURN,False,ACTIVE_RISKY,Review/fix risks before trusting component output; add contract/golden tests.
src.metrics.utils.calculation_tools.adjust_for_risk_free_rate,calculator,metrics/utils/calculation_tools.py,adjust_for_risk_free_rate,function,,,0,2,False,False,,0,,False,ACTIVE_NEEDS_RUNTIME_CONFIRMATION,Use runtime/lineage tracker to confirm execution and output usage.
src.metrics.utils.calculation_tools.annualize_returns,calculator,metrics/utils/calculation_tools.py,annualize_returns,function,,,0,3,False,False,,0,,False,ACTIVE_NEEDS_RUNTIME_CONFIRMATION,Use runtime/lineage tracker to confirm execution and output usage.
src.metrics.utils.calculation_tools.calculate_rolling_volatility,calculator,metrics/utils/calculation_tools.py,calculate_rolling_volatility,function,,,0,5,False,True,,0,,True,ACTIVE_WITH_TEST_REFERENCE,Keep; verify runtime output reaches downstream model/evaluation.
src.metrics.utils.calculation_tools.calculate_drawdown_series,calculator,metrics/utils/calculation_tools.py,calculate_drawdown_series,function,,,0,1,False,False,,0,,False,ACTIVE_NEEDS_RUNTIME_CONFIRMATION,Use runtime/lineage tracker to confirm execution and output usage.
src.models.actions.action_trigger.ActionTrigger,model,models/actions/action_trigger.py,ActionTrigger,class,__init__;get_retraining_history,,0,2,False,False,,0,,False,ACTIVE_NEEDS_RUNTIME_CONFIRMATION,Use runtime/lineage tracker to confirm execution and output usage.
src.models.adapters.data_preparation.prepare_data_for_models,model,models/adapters/data_preparation.py,prepare_data_for_models,function,,,0,4,False,True,,2,SILENT_EMPTY_RETURN;TARGET_COLUMN_IN_NON_TARGET_COMPONENT,False,ACTIVE_RISKY,Review/fix risks before trusting component output; add contract/golden tests.
src.models.adapters.data_preparation.handle_categorical_features,model,models/adapters/data_preparation.py,handle_categorical_features,function,,,0,2,False,True,,2,SILENT_EMPTY_RETURN;TARGET_COLUMN_IN_NON_TARGET_COMPONENT,False,ACTIVE_RISKY,Review/fix risks before trusting component output; add contract/golden tests.
src.models.adapters.data_preparation.log_data_distribution,model,models/adapters/data_preparation.py,log_data_distribution,function,,,0,2,False,True,,2,SILENT_EMPTY_RETURN;TARGET_COLUMN_IN_NON_TARGET_COMPONENT,False,ACTIVE_RISKY,Review/fix risks before trusting component output; add contract/golden tests.
src.models.adapters.data_preparation.prepare_sequence_data_optimized,model,models/adapters/data_preparation.py,prepare_sequence_data_optimized,function,,,0,2,False,True,,2,SILENT_EMPTY_RETURN;TARGET_COLUMN_IN_NON_TARGET_COMPONENT,False,ACTIVE_RISKY,Review/fix risks before trusting component output; add contract/golden tests.
src.models.adapters.data_preparation.filter_data_by_ticker_timeframe,model,models/adapters/data_preparation.py,filter_data_by_ticker_timeframe,function,,,0,2,False,True,,2,SILENT_EMPTY_RETURN;TARGET_COLUMN_IN_NON_TARGET_COMPONENT,False,ACTIVE_RISKY,Review/fix risks before trusting component output; add contract/golden tests.
src.models.adapters.data_preparation.validate_data_shapes,model,models/adapters/data_preparation.py,validate_data_shapes,function,,,0,2,False,True,,2,SILENT_EMPTY_RETURN;TARGET_COLUMN_IN_NON_TARGET_COMPONENT,False,ACTIVE_RISKY,Review/fix risks before trusting component output; add contract/golden tests.
src.models.adapters.sentiment_integration.SentimentModelIntegrator,model,models/adapters/sentiment_integration.py,SentimentModelIntegrator,class,__init__;initialize;analyze_news_sentiment;extract_sentiment_features;_calculate_sentiment_features;_add_base_sentiment_metrics;_add_sentiment_volatility_metrics;_add_price_correlation_metrics;_extract_sentiment_scores;_calculate_sentiment_score;_create_default_sentiment_features;enhance_features_with_sentiment;get_sentiment_signal;get_sentiment_integrator;integrate_sentiment_in_pipeline;get_sentiment_trading_signal,,0,1,False,False,label;news_count;positive_news_ratio;sentiment_confidence;sentiment_momentum;sentiment_negative;sentiment_neutral;sentiment_positive;sentiment_price_correlation;sentiment_score;sentiment_strength;sentiment_volatility,0,,False,ACTIVE_OUTPUT_UNTESTED,Component appears to produce output columns; add lineage + correctness tests.
src.models.adapters.sentiment_integration.get_sentiment_integrator,model,models/adapters/sentiment_integration.py,get_sentiment_integrator,function,,,0,2,False,False,label;news_count;positive_news_ratio;sentiment_confidence;sentiment_momentum;sentiment_negative;sentiment_neutral;sentiment_positive;sentiment_price_correlation;sentiment_score;sentiment_strength;sentiment_volatility,0,,False,ACTIVE_OUTPUT_UNTESTED,Component appears to produce output columns; add lineage + correctness tests.
src.models.adapters.sentiment_integration.integrate_sentiment_in_pipeline,model,models/adapters/sentiment_integration.py,integrate_sentiment_in_pipeline,function,,,0,1,False,False,label;news_count;positive_news_ratio;sentiment_confidence;sentiment_momentum;sentiment_negative;sentiment_neutral;sentiment_positive;sentiment_price_correlation;sentiment_score;sentiment_strength;sentiment_volatility,0,,False,ACTIVE_OUTPUT_UNTESTED,Component appears to produce output columns; add lineage + correctness tests.
src.models.adapters.sentiment_integration.get_sentiment_trading_signal,model,models/adapters/sentiment_integration.py,get_sentiment_trading_signal,function,,,0,1,False,False,label;news_count;positive_news_ratio;sentiment_confidence;sentiment_momentum;sentiment_negative;sentiment_neutral;sentiment_positive;sentiment_price_correlation;sentiment_score;sentiment_strength;sentiment_volatility,0,,False,ACTIVE_OUTPUT_UNTESTED,Component appears to produce output columns; add lineage + correctness tests.
src.models.analysis.baseline_dominance_detector.BaselineDominanceDetector,analyzer,models/analysis/baseline_dominance_detector.py,BaselineDominanceDetector,class,__init__;_init_components,,0,8,False,False,,1,TARGET_COLUMN_IN_NON_TARGET_COMPONENT,True,ACTIVE_RISKY,Review/fix risks before trusting component output; add contract/golden tests.
src.models.analysis.model_analyzer.ModelAnalyzer,analyzer,models/analysis/model_analyzer.py,ModelAnalyzer,class,__init__;_calculate_model_metrics,,0,5,False,False,,0,,False,ACTIVE_NEEDS_RUNTIME_CONFIRMATION,Use runtime/lineage tracker to confirm execution and output usage.
src.models.analysis.model_health_analyzer.ModelHealthAnalyzer,analyzer,models/analysis/model_health_analyzer.py,ModelHealthAnalyzer,class,__init__,,0,0,False,False,,0,,True,UNUSED_POTENTIALLY_VALUABLE,Do not delete; inspect logic and consider integration experiment/ablation.
src.models.analysis.overfitting_detector.OverfittingDetector,analyzer,models/analysis/overfitting_detector.py,OverfittingDetector,class,get_overfitting_detector,,0,10,False,False,,0,,True,ACTIVE_WITH_TEST_REFERENCE,Keep; verify runtime output reaches downstream model/evaluation.
src.models.analysis.overfitting_detector.get_overfitting_detector,analyzer,models/analysis/overfitting_detector.py,get_overfitting_detector,function,,,0,5,False,False,,0,,True,ACTIVE_WITH_TEST_REFERENCE,Keep; verify runtime output reaches downstream model/evaluation.
src.models.analysis.regime_winner_analyzer.RegimeWinnerAnalyzer,analyzer,models/analysis/regime_winner_analyzer.py,RegimeWinnerAnalyzer,class,__init__;_init_components;_store_analysis_results;get_regime_summary;_calculate_distribution,,0,8,False,False,,1,SILENT_EMPTY_RETURN,True,ACTIVE_RISKY,Review/fix risks before trusting component output; add contract/golden tests.
src.models.analysis.__init__,analyzer,models/analysis/__init__.py,__init__,module,,,0,415,False,False,,0,,True,ACTIVE_WITH_TEST_REFERENCE,Keep; verify runtime output reaches downstream model/evaluation.
src.models.dean.dean_bootstrap_system.ModelRole,model,models/dean/dean_bootstrap_system.py,ModelRole,class,,,0,2,False,False,,0,,False,ACTIVE_NEEDS_RUNTIME_CONFIRMATION,Use runtime/lineage tracker to confirm execution and output usage.
src.models.dean.dean_bootstrap_system.DeanAction,model,models/dean/dean_bootstrap_system.py,DeanAction,class,,,0,2,False,False,,0,,False,ACTIVE_NEEDS_RUNTIME_CONFIRMATION,Use runtime/lineage tracker to confirm execution and output usage.
src.models.dean.dean_bootstrap_system.DeanCritique,model,models/dean/dean_bootstrap_system.py,DeanCritique,class,,,0,2,False,False,,0,,False,ACTIVE_NEEDS_RUNTIME_CONFIRMATION,Use runtime/lineage tracker to confirm execution and output usage.
src.models.dean.dean_bootstrap_system.DeanSimulation,model,models/dean/dean_bootstrap_system.py,DeanSimulation,class,,,0,2,False,False,,0,,False,ACTIVE_NEEDS_RUNTIME_CONFIRMATION,Use runtime/lineage tracker to confirm execution and output usage.
src.models.dean.dean_bootstrap_system.DeanBootstrapSystem,model,models/dean/dean_bootstrap_system.py,DeanBootstrapSystem,class,__init__;register_model;bootstrap_action_critique;calculate_reward;adversarial_evolution;internal_simulation;_generate_action;_generate_critique;_train_actor;_apply_adversarial_pressure;_simulate_scenario;get_evolution_summary;_calculate_current_performance;_calculate_learning_rate;get_dean_system;get_dean_bootstrap_system,,0,2,False,False,,0,,False,ACTIVE_NEEDS_RUNTIME_CONFIRMATION,Use runtime/lineage tracker to confirm execution and output usage.
src.models.dean.dean_bootstrap_system.get_dean_system,model,models/dean/dean_bootstrap_system.py,get_dean_system,function,,,0,4,False,False,,0,,False,ACTIVE_NEEDS_RUNTIME_CONFIRMATION,Use runtime/lineage tracker to confirm execution and output usage.
src.models.dean.dean_bootstrap_system.get_dean_bootstrap_system,model,models/dean/dean_bootstrap_system.py,get_dean_bootstrap_system,function,,,0,2,False,False,,0,,False,ACTIVE_NEEDS_RUNTIME_CONFIRMATION,Use runtime/lineage tracker to confirm execution and output usage.
src.models.ensemble.confidence_calibrator.ConfidenceCalibrator,model,models/ensemble/confidence_calibrator.py,ConfidenceCalibrator,class,__init__;_get_strategy;fit;transform;_calculate_calibration_metrics;save_calibrator;load_calibrator,fit,0,4,False,False,,0,,True,ACTIVE_WITH_TEST_REFERENCE,Keep; verify runtime output reaches downstream model/evaluation.
src.models.ensemble.confidence_calibrator.get_confidence_calibrator,model,models/ensemble/confidence_calibrator.py,get_confidence_calibrator,function,,,0,4,False,False,,0,,True,ACTIVE_WITH_TEST_REFERENCE,Keep; verify runtime output reaches downstream model/evaluation.
src.models.ensemble.confidence_calibrator.calibrate_confidence_quick,model,models/ensemble/confidence_calibrator.py,calibrate_confidence_quick,function,,,0,4,False,False,,0,,True,ACTIVE_WITH_TEST_REFERENCE,Keep; verify runtime output reaches downstream model/evaluation.
src.models.ensemble.dynamic_weights.DynamicWeightCalculator,model,models/ensemble/dynamic_weights.py,DynamicWeightCalculator,class,__init__;calculate_weights;_performance_based_weights;_context_aware_weights;_adaptive_weights;get_weight_history;export_weights;import_weights;get_stats;reset_history,,0,2,False,False,,1,SILENT_EMPTY_RETURN,True,ACTIVE_RISKY,Review/fix risks before trusting component output; add contract/golden tests.
src.models.ensemble.enhanced_ensemble.EnhancedEnsembleModel,model,models/ensemble/enhanced_ensemble.py,EnhancedEnsembleModel,class,__init__;load_colab_results;_process_models_metadata;_process_timeframe_format;_process_timeframes_data;_load_model_from_path;is_safe_path;_should_skip_model;_load_single_model;load_local_light_models;_parse_model_filename;_log_model_statistics;get_model_statistics;vectorized_comparison;_get_unique_tickers;_get_ticker_features;_create_comparison_result;create_ensemble;_create_single_ensemble,,0,0,False,False,ticker,2,SILENT_EMPTY_RETURN;TARGET_COLUMN_IN_NON_TARGET_COMPONENT,True,ORPHAN_LOW_SIGNAL,Likely low-priority orphan; quarantine only after config/runtime confirmation.
src.models.ensemble.ensemble_model.EnsembleModel,model,models/ensemble/ensemble_model.py,EnsembleModel,class,__init__;name;train;predict;predict_proba;save_model;load_model,predict,0,2,False,True,,0,,False,ACTIVE_NEEDS_RUNTIME_CONFIRMATION,Use runtime/lineage tracker to confirm execution and output usage.
src.models.ensemble.model_correlation_analyzer.ModelCorrelationAnalyzer,model,models/ensemble/model_correlation_analyzer.py,ModelCorrelationAnalyzer,class,__init__;analyze_correlation;select_diverse_subset;adjust_weights_by_correlation;plot_correlation_matrix;get_analysis_summary,,0,4,False,False,,0,,False,ACTIVE_NEEDS_RUNTIME_CONFIRMATION,Use runtime/lineage tracker to confirm execution and output usage.
src.models.ensemble.model_correlation_analyzer.get_model_correlation_analyzer,model,models/ensemble/model_correlation_analyzer.py,get_model_correlation_analyzer,function,,,0,4,False,False,,0,,False,ACTIVE_NEEDS_RUNTIME_CONFIRMATION,Use runtime/lineage tracker to confirm execution and output usage.
src.models.ensemble.model_correlation_analyzer.analyze_model_correlation_quick,model,models/ensemble/model_correlation_analyzer.py,analyze_model_correlation_quick,function,,,0,4,False,False,,0,,False,ACTIVE_NEEDS_RUNTIME_CONFIRMATION,Use runtime/lineage tracker to confirm execution and output usage.
src.models.ensemble.weight_stability_monitor.WeightStabilityMonitor,model,models/ensemble/weight_stability_monitor.py,WeightStabilityMonitor,class,get_weight_stability_monitor;monitor_weight_stability_quick,,0,6,False,False,,0,,False,ACTIVE_NEEDS_RUNTIME_CONFIRMATION,Use runtime/lineage tracker to confirm execution and output usage.
src.models.ensemble.weight_stability_monitor.get_weight_stability_monitor,model,models/ensemble/weight_stability_monitor.py,get_weight_stability_monitor,function,,,0,4,False,False,,0,,False,ACTIVE_NEEDS_RUNTIME_CONFIRMATION,Use runtime/lineage tracker to confirm execution and output usage.
src.models.ensemble.weight_stability_monitor.monitor_weight_stability_quick,model,models/ensemble/weight_stability_monitor.py,monitor_weight_stability_quick,function,,,0,4,False,False,,0,,False,ACTIVE_NEEDS_RUNTIME_CONFIRMATION,Use runtime/lineage tracker to confirm execution and output usage.
src.models.ensemble.__init__,model,models/ensemble/__init__.py,__init__,module,,,0,415,False,False,,0,,True,ACTIVE_WITH_TEST_REFERENCE,Keep; verify runtime output reaches downstream model/evaluation.
src.models.ensembling.composer.EnsembleResult,model,models/ensembling/composer.py,EnsembleResult,class,,,0,2,False,False,,0,,False,ACTIVE_NEEDS_RUNTIME_CONFIRMATION,Use runtime/lineage tracker to confirm execution and output usage.
src.models.ensembling.composer.EnsembleComposer,model,models/ensembling/composer.py,EnsembleComposer,class,__init__;compose;_aggregate_metrics,,0,0,False,False,,0,,False,ORPHAN_LOW_SIGNAL,Likely low-priority orphan; quarantine only after config/runtime confirmation.
src.models.health.model_health_evaluator.ModelHealthEvaluator,model,models/health/model_health_evaluator.py,ModelHealthEvaluator,class,__init__;_calculate_baseline_score;_calculate_regime_score;_calculate_overfitting_score;_calculate_drift_score;calculate_overall_health_score;generate_comprehensive_recommendations;determine_action_required;determine_retraining_needed,,0,2,False,False,,0,,False,ACTIVE_NEEDS_RUNTIME_CONFIRMATION,Use runtime/lineage tracker to confirm execution and output usage.
src.models.linear.knn_model.KNNModel,model,models/linear/knn_model.py,KNNModel,class,__init__;name;train;predict;predict_proba;save_model;load_model,predict,0,3,False,True,,0,,False,ACTIVE_NEEDS_RUNTIME_CONFIRMATION,Use runtime/lineage tracker to confirm execution and output usage.
src.models.linear.linear_model.LinearModel,model,models/linear/linear_model.py,LinearModel,class,__init__;name;train;predict;predict_proba;save_model;load_model,predict,0,13,False,True,,0,,False,ACTIVE_NEEDS_RUNTIME_CONFIRMATION,Use runtime/lineage tracker to confirm execution and output usage.
src.models.linear.svm_model.SVMModel,model,models/linear/svm_model.py,SVMModel,class,__init__;name;train;predict;predict_proba;save_model;load_model,predict,0,2,False,True,,0,,False,ACTIVE_NEEDS_RUNTIME_CONFIRMATION,Use runtime/lineage tracker to confirm execution and output usage.
src.models.model_selector.adaptive_selector.AdaptiveModelSelector,selector,models/model_selector/adaptive_selector.py,AdaptiveModelSelector,class,__init__;_get_arena_leaderboard;select_best_model_adaptive;update_from_feedback;_update_arena_feedback;_update_local_leaderboard;_get_recent_performance;_get_alternative_model;_load_leaderboard;_save_leaderboard;get_leaderboard_summary;sync_with_arena;export_history;get_model_performance,,0,5,False,False,,1,SILENT_EMPTY_RETURN,True,ACTIVE_RISKY,Review/fix risks before trusting component output; add contract/golden tests.
src.models.model_selector.fingerprint_selector.SmartModelSelector,selector,models/model_selector/fingerprint_selector.py,SmartModelSelector,class,__init__;select_best_model;get_consensus_strategy;_get_direction;_calculate_consensus_confidence;_get_action_from_direction;calculate_reward,,0,8,False,False,,1,TARGET_COLUMN_IN_NON_TARGET_COMPONENT,False,ACTIVE_RISKY,Review/fix risks before trusting component output; add contract/golden tests.
src.models.model_selector.heavy_light_comparator.ModelPerformanceMetrics,selector,models/model_selector/heavy_light_comparator.py,ModelPerformanceMetrics,class,,,0,0,False,False,,0,,False,UNUSED_POTENTIALLY_VALUABLE,Do not delete; inspect logic and consider integration experiment/ablation.
src.models.model_selector.heavy_light_comparator.HeavyLightModelComparator,selector,models/model_selector/heavy_light_comparator.py,HeavyLightModelComparator,class,__init__;record_inference_stats;get_consensus_prediction;get_recommendation;_get_avg_f1_by_type;_calculate_latency_gap;generate_comparison_report,,0,0,False,False,,0,,False,UNUSED_POTENTIALLY_VALUABLE,Do not delete; inspect logic and consider integration experiment/ablation.
src.models.model_selector.smart_selector.SmartModelSelector,selector,models/model_selector/smart_selector.py,SmartModelSelector,class,__init__;_load_performance_history;_load_competence_map;_save_performance_history;train_error_meta_model;analyze_context;_determine_volatility_level;_determine_trend_level;_determine_market_regime;_determine_data_quality;critique_action;_get_expected_error;_get_historical_reliability;_calculate_critique_score;_generate_critique_points;calculate_model_score;_get_historical_score;_calculate_run_scores;_calculate_weighted_score;_get_default_model_score;_calculate_context_adjustment;select_best_model;update_performance,,0,12,False,False,,2,SILENT_EMPTY_RETURN;TARGET_COLUMN_IN_NON_TARGET_COMPONENT,False,ACTIVE_RISKY,Review/fix risks before trusting component output; add contract/golden tests.
src.models.model_selector.__init__,selector,models/model_selector/__init__.py,__init__,module,,,0,415,False,False,,0,,True,ACTIVE_WITH_TEST_REFERENCE,Keep; verify runtime output reaches downstream model/evaluation.
src.models.monitoring.prediction_drift_monitor.PredictionDriftMonitor,model,models/monitoring/prediction_drift_monitor.py,PredictionDriftMonitor,class,__init__;_analyze_performance_degradation;_analyze_confidence_drift;_generate_retraining_recommendations;_update_drift_status;_store_monitoring_results;_calculate_severity_distribution;_calculate_most_common_drift_method;_analyze_drift_trend;get_drift_summary;trigger_retraining,,0,11,False,False,,1,SILENT_EMPTY_RETURN,True,ACTIVE_RISKY,Review/fix risks before trusting component output; add contract/golden tests.
src.models.monitoring.prediction_drift_monitor.get_prediction_drift_monitor,model,models/monitoring/prediction_drift_monitor.py,get_prediction_drift_monitor,function,,,0,7,False,False,,1,SILENT_EMPTY_RETURN,False,ACTIVE_RISKY,Review/fix risks before trusting component output; add contract/golden tests.
src.models.monitoring.__init__,model,models/monitoring/__init__.py,__init__,module,,,0,415,False,False,,0,,True,ACTIVE_WITH_TEST_REFERENCE,Keep; verify runtime output reaches downstream model/evaluation.
src.models.neural.autoencoder_model.AutoencoderModel,model,models/neural/autoencoder_model.py,AutoencoderModel,class,__init__;name;_build_architecture;train;predict;get_anomaly_labels,predict,0,6,False,True,,0,,True,ACTIVE_WITH_TEST_REFERENCE,Keep; verify runtime output reaches downstream model/evaluation.
src.models.neural.base_neural.BaseNeuralModel,model,models/neural/base_neural.py,BaseNeuralModel,class,__init__;_set_seed;_normalize_data;_build_architecture;train;predict;save_model;load_model;name,predict,0,10,False,True,,0,,False,ACTIVE_NEEDS_RUNTIME_CONFIRMATION,Use runtime/lineage tracker to confirm execution and output usage.
src.models.neural.cnn_model.CNNModel,model,models/neural/cnn_model.py,CNNModel,class,__init__;name;_build_architecture;train;predict;predict_proba,predict,0,6,False,True,,0,,True,ACTIVE_WITH_TEST_REFERENCE,Keep; verify runtime output reaches downstream model/evaluation.
src.models.neural.gru_model.GRUModel,model,models/neural/gru_model.py,GRUModel,class,__init__;name;_build_architecture;train;predict,predict,0,6,False,True,,0,,True,ACTIVE_WITH_TEST_REFERENCE,Keep; verify runtime output reaches downstream model/evaluation.
src.models.neural.lstm_model.LSTMModel,model,models/neural/lstm_model.py,LSTMModel,class,__init__;name;_build_architecture;train;predict,predict,0,6,False,True,,0,,True,ACTIVE_WITH_TEST_REFERENCE,Keep; verify runtime output reaches downstream model/evaluation.
src.models.neural.mlp_model.MLPModel,model,models/neural/mlp_model.py,MLPModel,class,__init__;name;_build_architecture,,0,2,False,True,,0,,False,ACTIVE_NEEDS_RUNTIME_CONFIRMATION,Use runtime/lineage tracker to confirm execution and output usage.
src.models.neural.tabnet_model.TabNetModel,model,models/neural/tabnet_model.py,TabNetModel,class,__init__;_create_model_instance;train;predict;save_model;load_model,predict,0,2,False,True,,0,,True,ACTIVE_WITH_TEST_REFERENCE,Keep; verify runtime output reaches downstream model/evaluation.
src.models.neural.transformer_model.TransformerModel,model,models/neural/transformer_model.py,TransformerModel,class,__init__;_create_fallback_model;_create_sequences;fit;_fit_tensorflow_transformer;_create_transformer_model;_fit_fallback;predict;_predict_tensorflow;_predict_fallback;predict_proba;get_params,fit;predict,0,6,False,True,,1,SILENT_EMPTY_RETURN,True,ACTIVE_RISKY,Review/fix risks before trusting component output; add contract/golden tests.
src.models.neural.transformer_model.train_transformer_model,model,models/neural/transformer_model.py,train_transformer_model,function,,,0,1,False,True,,1,SILENT_EMPTY_RETURN,True,ACTIVE_RISKY,Review/fix risks before trusting component output; add contract/golden tests.
src.models.prototypes.prototype.ModelPrototype,model,models/prototypes/prototype.py,ModelPrototype,class,__init__;clone;validate_dependencies;get_info;__repr__;__str__,,0,4,False,False,,1,SILENT_EMPTY_RETURN,True,ACTIVE_RISKY,Review/fix risks before trusting component output; add contract/golden tests.
src.models.prototypes.registry.PrototypeRegistry,model,models/prototypes/registry.py,PrototypeRegistry,class,__init__;register;get;clone;list_all;get_by_type;get_by_version;remove;_save_registry;_load_registry;export_summary;get_stats;__repr__;get_prototype_registry,,0,17,False,False,,1,SILENT_EMPTY_RETURN,True,ACTIVE_RISKY,Review/fix risks before trusting component output; add contract/golden tests.
src.models.prototypes.registry.get_prototype_registry,model,models/prototypes/registry.py,get_prototype_registry,function,,,0,17,False,False,,1,SILENT_EMPTY_RETURN,True,ACTIVE_RISKY,Review/fix risks before trusting component output; add contract/golden tests.
src.models.prototypes.__init__,model,models/prototypes/__init__.py,__init__,module,,,0,415,False,False,,0,,True,ACTIVE_WITH_TEST_REFERENCE,Keep; verify runtime output reaches downstream model/evaluation.
src.models.quality.controller.ModelQualityController,model,models/quality/controller.py,ModelQualityController,class,__init__;validate_predictions;check_drift;check_drift_adaptive;get_quality_score;update_baseline;get_baseline;flag_anomalies;compare_models;generate_report;get_quality_controller,,0,5,False,False,,1,SILENT_EMPTY_RETURN,True,ACTIVE_RISKY,Review/fix risks before trusting component output; add contract/golden tests.
src.models.quality.controller.get_quality_controller,model,models/quality/controller.py,get_quality_controller,function,,,0,3,False,False,,1,SILENT_EMPTY_RETURN,True,ACTIVE_RISKY,Review/fix risks before trusting component output; add contract/golden tests.
src.models.quality.__init__,model,models/quality/__init__.py,__init__,module,,,0,415,False,False,,0,,True,ACTIVE_WITH_TEST_REFERENCE,Keep; verify runtime output reaches downstream model/evaluation.
src.models.registry.model_registry.ModelRegistry,model,models/registry/model_registry.py,ModelRegistry,class,__init__;get_model_config;get_models_by_type;get_all_model_names;register_model;get_model,,0,19,False,False,,0,,True,ACTIVE_WITH_TEST_REFERENCE,Keep; verify runtime output reaches downstream model/evaluation.
src.models.statistics.model_statistics.ModelStatistics,model,models/statistics/model_statistics.py,ModelStatistics,class,__init__;calculate_health_trend;get_common_issues;calculate_retraining_frequency;get_model_health_summary,,0,2,False,False,,0,,False,ACTIVE_NEEDS_RUNTIME_CONFIRMATION,Use runtime/lineage tracker to confirm execution and output usage.
src.models.tree.catboost_model.CatBoostModel,model,models/tree/catboost_model.py,CatBoostModel,class,__init__;name;_prepare_data;train;predict;predict_proba;save_model;load_model;get_feature_importance,predict,0,3,False,True,,0,,True,ACTIVE_WITH_TEST_REFERENCE,Keep; verify runtime output reaches downstream model/evaluation.
src.models.tree.lightgbm_model.LightGBMModel,model,models/tree/lightgbm_model.py,LightGBMModel,class,__init__;name;train;predict;predict_proba;save_model;load_model,predict,0,2,False,True,,0,,False,ACTIVE_NEEDS_RUNTIME_CONFIRMATION,Use runtime/lineage tracker to confirm execution and output usage.
src.models.tree.random_forest_model.RandomForestModel,model,models/tree/random_forest_model.py,RandomForestModel,class,__init__;name;train;predict;predict_proba;save_model;load_model,predict,0,2,False,True,,0,,False,ACTIVE_NEEDS_RUNTIME_CONFIRMATION,Use runtime/lineage tracker to confirm execution and output usage.
src.models.tree.xgboost_model.XGBoostModel,model,models/tree/xgboost_model.py,XGBoostModel,class,__init__;name;train;predict;predict_proba;save_model;load_model,predict,0,2,False,True,,0,,True,ACTIVE_WITH_TEST_REFERENCE,Keep; verify runtime output reaches downstream model/evaluation.
src.models.analysis.baseline.comparison.BaselineComparisonEngine,analyzer,models/analysis/baseline/comparison.py,BaselineComparisonEngine,class,__init__;compare;_calculate_performance_difference;_check_baseline_dominance,,0,18,False,False,,0,,True,ACTIVE_WITH_TEST_REFERENCE,Keep; verify runtime output reaches downstream model/evaluation.
src.models.analysis.baseline.recommendations.BaselineRecommendationEngine,analyzer,models/analysis/baseline/recommendations.py,BaselineRecommendationEngine,class,__init__;perform_cost_benefit_analysis;generate_simplification_recommendations,,0,40,False,False,,0,,True,ACTIVE_WITH_TEST_REFERENCE,Keep; verify runtime output reaches downstream model/evaluation.
src.models.analysis.baselines.base.BaseBaseline,analyzer,models/analysis/baselines/base.py,BaseBaseline,class,__init__;train_and_evaluate;_calculate_metrics,,0,73,False,True,,1,TARGET_COLUMN_IN_NON_TARGET_COMPONENT,True,ACTIVE_RISKY,Review/fix risks before trusting component output; add contract/golden tests.
src.models.analysis.baselines.models.LinearRegressionBaseline,analyzer,models/analysis/baselines/models.py,LinearRegressionBaseline,class,__init__;train_and_evaluate,,0,158,False,True,,1,TARGET_COLUMN_IN_NON_TARGET_COMPONENT,True,ACTIVE_RISKY,Review/fix risks before trusting component output; add contract/golden tests.
src.models.analysis.baselines.models.SimpleRandomForestBaseline,analyzer,models/analysis/baselines/models.py,SimpleRandomForestBaseline,class,__init__;train_and_evaluate,,0,158,False,True,,1,TARGET_COLUMN_IN_NON_TARGET_COMPONENT,True,ACTIVE_RISKY,Review/fix risks before trusting component output; add contract/golden tests.
src.models.analysis.baselines.strategies.BuyAndHoldBaseline,analyzer,models/analysis/baselines/strategies.py,BuyAndHoldBaseline,class,__init__;train_and_evaluate,,0,19,False,True,,1,TARGET_COLUMN_IN_NON_TARGET_COMPONENT,False,ACTIVE_RISKY,Review/fix risks before trusting component output; add contract/golden tests.
src.models.analysis.baselines.strategies.MovingAverageBaseline,analyzer,models/analysis/baselines/strategies.py,MovingAverageBaseline,class,__init__;train_and_evaluate,,0,19,False,True,,1,TARGET_COLUMN_IN_NON_TARGET_COMPONENT,False,ACTIVE_RISKY,Review/fix risks before trusting component output; add contract/golden tests.
src.models.analysis.baselines.strategies.MeanReversionBaseline,analyzer,models/analysis/baselines/strategies.py,MeanReversionBaseline,class,__init__;train_and_evaluate,,0,19,False,True,,1,TARGET_COLUMN_IN_NON_TARGET_COMPONENT,False,ACTIVE_RISKY,Review/fix risks before trusting component output; add contract/golden tests.
src.models.analysis.baselines.__init__,analyzer,models/analysis/baselines/__init__.py,__init__,module,,,0,415,False,False,,0,,True,ACTIVE_WITH_TEST_REFERENCE,Keep; verify runtime output reaches downstream model/evaluation.
src.models.analysis.overfitting_detection.analyzer.OverfittingAnalyzer,analyzer,models/analysis/overfitting_detection/analyzer.py,OverfittingAnalyzer,class,__init__;analyze_train_val_gap;detect_signals;generate_recommendations,,0,38,False,True,,0,,True,ACTIVE_WITH_TEST_REFERENCE,Keep; verify runtime output reaches downstream model/evaluation.
src.models.analysis.overfitting_detection.config.OverfittingConfig,analyzer,models/analysis/overfitting_detection/config.py,OverfittingConfig,class,__init__,,0,222,False,True,,0,,True,ACTIVE_WITH_TEST_REFERENCE,Keep; verify runtime output reaches downstream model/evaluation.
src.models.analysis.overfitting_detection.manager.OverfittingDetector,analyzer,models/analysis/overfitting_detection/manager.py,OverfittingDetector,class,__init__;_store_results;get_overfitting_summary,,0,48,False,False,,0,,True,ACTIVE_WITH_TEST_REFERENCE,Keep; verify runtime output reaches downstream model/evaluation.
src.models.analysis.overfitting_detection.metrics.OverfittingMetrics,calculator,models/analysis/overfitting_detection/metrics.py,OverfittingMetrics,class,calculate_metrics;analyze_data_characteristics,,0,135,False,True,,1,SILENT_EMPTY_RETURN,True,ACTIVE_RISKY,Review/fix risks before trusting component output; add contract/golden tests.
src.models.analysis.overfitting_detection.visualizer.OverfittingVisualizer,analyzer,models/analysis/overfitting_detection/visualizer.py,OverfittingVisualizer,class,__init__;plot_learning_curve;plot_cv_distribution,,0,8,False,False,,0,,True,ACTIVE_WITH_TEST_REFERENCE,Keep; verify runtime output reaches downstream model/evaluation.
src.models.analysis.overfitting_detection.__init__,analyzer,models/analysis/overfitting_detection/__init__.py,__init__,module,,,0,415,False,False,,0,,True,ACTIVE_WITH_TEST_REFERENCE,Keep; verify runtime output reaches downstream model/evaluation.
src.models.analysis.regime.detector.RegimeDetector,analyzer,models/analysis/regime/detector.py,RegimeDetector,class,__init__;detect_regime;_calculate_volatility;_calculate_trend,,0,13,False,False,,0,,True,ACTIVE_WITH_TEST_REFERENCE,Keep; verify runtime output reaches downstream model/evaluation.
src.models.analysis.regime.metrics.RegimeMetrics,calculator,models/analysis/regime/metrics.py,RegimeMetrics,class,calculate_performance_score;calculate_score_gap,,0,136,False,True,,0,,True,ACTIVE_WITH_TEST_REFERENCE,Keep; verify runtime output reaches downstream model/evaluation.
src.models.analysis.regime.patterns.RegimePatternAnalyzer,analyzer,models/analysis/regime/patterns.py,RegimePatternAnalyzer,class,__init__;calculate_model_consistency;analyze_winner_patterns;_calculate_deviation_severity;generate_regime_insights,,0,35,False,True,,0,,True,ACTIVE_WITH_TEST_REFERENCE,Keep; verify runtime output reaches downstream model/evaluation.
src.models.analysis.regime.recommendations.RegimeRecommendationEngine,analyzer,models/analysis/regime/recommendations.py,RegimeRecommendationEngine,class,__init__;generate_regime_recommendations,,0,41,False,False,,1,SILENT_EMPTY_RETURN,True,ACTIVE_RISKY,Review/fix risks before trusting component output; add contract/golden tests.
src.models.analysis.regime.stability.RegimeStabilityAnalyzer,analyzer,models/analysis/regime/stability.py,RegimeStabilityAnalyzer,class,get_most_frequent_switch;calculate_average_stable_period;calculate_regime_stability,,0,24,False,False,,1,SILENT_EMPTY_RETURN,True,ACTIVE_RISKY,Review/fix risks before trusting component output; add contract/golden tests.
src.models.analysis.regime.__init__,analyzer,models/analysis/regime/__init__.py,__init__,module,,,0,415,False,False,,0,,True,ACTIVE_WITH_TEST_REFERENCE,Keep; verify runtime output reaches downstream model/evaluation.
src.models.ensemble.calibration.base.CalibrationStrategy,model,models/ensemble/calibration/base.py,CalibrationStrategy,class,fit;transform;handle_error,fit,0,71,False,True,,0,,True,ACTIVE_WITH_TEST_REFERENCE,Keep; verify runtime output reaches downstream model/evaluation.
src.models.ensemble.calibration.strategies.PlattScalingStrategy,model,models/ensemble/calibration/strategies.py,PlattScalingStrategy,class,__init__;fit;transform,fit,0,18,False,True,,0,,False,ACTIVE_NEEDS_RUNTIME_CONFIRMATION,Use runtime/lineage tracker to confirm execution and output usage.
src.models.ensemble.calibration.strategies.IsotonicRegressionStrategy,model,models/ensemble/calibration/strategies.py,IsotonicRegressionStrategy,class,__init__;fit;transform,fit,0,18,False,True,,0,,False,ACTIVE_NEEDS_RUNTIME_CONFIRMATION,Use runtime/lineage tracker to confirm execution and output usage.
src.models.ensemble.correlation.correlation_engine.CorrelationEngine,model,models/ensemble/correlation/correlation_engine.py,CorrelationEngine,class,__init__;analyze_correlation;get_model_predictions;calculate_correlation_matrix;calculate_correlation;calculate_diversity_metrics;calculate_prediction_entropy;calculate_average_disagreement;calculate_prediction_variance;calculate_correlation_penalty;calculate_overall_diversity_score;find_redundant_pairs;select_optimal_subsets;find_best_subset;calculate_subset_diversity_score;select_diverse_subset;adjust_weights_by_correlation;get_analysis_summary;get_most_common_redundant_pairs;analyze_correlation_trends,,0,3,False,False,,0,,False,ACTIVE_NEEDS_RUNTIME_CONFIRMATION,Use runtime/lineage tracker to confirm execution and output usage.
src.models.ensemble.correlation.correlation_engine.get_correlation_engine,model,models/ensemble/correlation/correlation_engine.py,get_correlation_engine,function,,,0,4,False,False,,0,,False,ACTIVE_NEEDS_RUNTIME_CONFIRMATION,Use runtime/lineage tracker to confirm execution and output usage.
src.models.ensemble.correlation.correlation_visualizer.CorrelationVisualizer,model,models/ensemble/correlation/correlation_visualizer.py,CorrelationVisualizer,class,__init__;plot_correlation_matrix;plot_diversity_metrics;plot_redundant_pairs;plot_diversity_trend;create_analysis_report,,0,3,False,False,,0,,False,ACTIVE_NEEDS_RUNTIME_CONFIRMATION,Use runtime/lineage tracker to confirm execution and output usage.
src.models.ensemble.correlation.correlation_visualizer.get_correlation_visualizer,model,models/ensemble/correlation/correlation_visualizer.py,get_correlation_visualizer,function,,,0,4,False,False,,0,,False,ACTIVE_NEEDS_RUNTIME_CONFIRMATION,Use runtime/lineage tracker to confirm execution and output usage.
src.models.ensemble.correlation.__init__,model,models/ensemble/correlation/__init__.py,__init__,module,,,0,415,False,False,,0,,True,ACTIVE_WITH_TEST_REFERENCE,Keep; verify runtime output reaches downstream model/evaluation.
src.models.ensemble.weight_stability.analyzer.WeightStabilityAnalyzer,model,models/ensemble/weight_stability/analyzer.py,WeightStabilityAnalyzer,class,__init__;_check_stability_score;_check_volatility;_check_drift;_check_consistency;_check_excessive_changes;generate_stability_recommendations;determine_stability_status;is_action_required;analyze_stability_trend,,0,38,False,True,,1,SILENT_EMPTY_RETURN,True,ACTIVE_RISKY,Review/fix risks before trusting component output; add contract/golden tests.
src.models.ensemble.weight_stability.calculator.WeightStabilityCalculator,model,models/ensemble/weight_stability/calculator.py,WeightStabilityCalculator,class,__init__;calculate_weight_changes;check_excessive_changes;calculate_weight_volatility;calculate_weight_drift;calculate_weight_consistency;calculate_reversal_frequency;calculate_overall_stability_score,,0,22,False,False,,0,,True,ACTIVE_WITH_TEST_REFERENCE,Keep; verify runtime output reaches downstream model/evaluation.
src.models.ensemble.weight_stability.config.WeightStabilityConfig,model,models/ensemble/weight_stability/config.py,WeightStabilityConfig,class,__init__,,0,223,False,True,,0,,True,ACTIVE_WITH_TEST_REFERENCE,Keep; verify runtime output reaches downstream model/evaluation.
src.models.ensemble.weight_stability.manager.WeightStabilityMonitor,model,models/ensemble/weight_stability/manager.py,WeightStabilityMonitor,class,__init__;update_weights;_run_analysis;_store_stability_event;stabilize_weights;get_stability_summary;plot_stability_metrics,,0,46,False,False,,1,SILENT_EMPTY_RETURN,True,ACTIVE_RISKY,Review/fix risks before trusting component output; add contract/golden tests.
src.models.ensemble.weight_stability.stabilizer.WeightStabilizer,model,models/ensemble/weight_stability/stabilizer.py,WeightStabilizer,class,__init__;apply_constrained_stabilization;apply_exponential_smoothing;apply_volatility_based_stabilization;_normalize,,0,4,False,False,,0,,False,ACTIVE_NEEDS_RUNTIME_CONFIRMATION,Use runtime/lineage tracker to confirm execution and output usage.
src.models.ensemble.weight_stability.visualizer.WeightStabilityVisualizer,model,models/ensemble/weight_stability/visualizer.py,WeightStabilityVisualizer,class,__init__;plot_stability_metrics,,0,8,False,False,,0,,True,ACTIVE_WITH_TEST_REFERENCE,Keep; verify runtime output reaches downstream model/evaluation.
src.models.ensemble.weight_stability.__init__,model,models/ensemble/weight_stability/__init__.py,__init__,module,,,0,415,False,False,,0,,True,ACTIVE_WITH_TEST_REFERENCE,Keep; verify runtime output reaches downstream model/evaluation.
src.models.monitoring.drift.alert_system.AlertSystem,model,models/monitoring/drift/alert_system.py,AlertSystem,class,__init__;_check_drift_analysis;_check_performance_degradation;_check_confidence_drift;_check_cooldowns;generate_retraining_recommendations;classify_alert_severity;should_trigger_retraining;get_retraining_action;get_cooldown_hours;record_retraining;generate_alert_message;check_cooldown_status,,0,4,False,False,,0,,False,ACTIVE_NEEDS_RUNTIME_CONFIRMATION,Use runtime/lineage tracker to confirm execution and output usage.
src.models.monitoring.drift.alert_system.get_alert_system,model,models/monitoring/drift/alert_system.py,get_alert_system,function,,,0,4,False,False,,0,,False,ACTIVE_NEEDS_RUNTIME_CONFIRMATION,Use runtime/lineage tracker to confirm execution and output usage.
src.models.monitoring.drift.analyzer.DriftAnalyzer,model,models/monitoring/drift/analyzer.py,DriftAnalyzer,class,__init__;analyze_performance_degradation;analyze_confidence_drift,,0,39,False,True,,0,,True,ACTIVE_WITH_TEST_REFERENCE,Keep; verify runtime output reaches downstream model/evaluation.
src.models.monitoring.drift.drift_calculator.DriftCalculator,model,models/monitoring/drift/drift_calculator.py,DriftCalculator,class,__init__;perform_ks_test;calculate_psi;calculate_wasserstein_distance;calculate_performance_metrics;analyze_performance_trend;calculate_confidence_stats;calculate_confidence_drift;calculate_overall_drift_score;determine_drift_severity,,0,5,False,False,,0,,False,ACTIVE_NEEDS_RUNTIME_CONFIRMATION,Use runtime/lineage tracker to confirm execution and output usage.
src.models.monitoring.drift.drift_calculator.get_drift_calculator,model,models/monitoring/drift/drift_calculator.py,get_drift_calculator,function,,,0,5,False,False,,0,,False,ACTIVE_NEEDS_RUNTIME_CONFIRMATION,Use runtime/lineage tracker to confirm execution and output usage.
src.models.monitoring.drift.drift_visualizer.DriftVisualizer,model,models/monitoring/drift/drift_visualizer.py,DriftVisualizer,class,__init__;plot_distribution_drift;plot_performance_trend;plot_confidence_drift;_plot_drift_score_gauge;_plot_performance_degradation;_plot_confidence_drift;_plot_drift_methods_comparison;_save_plot;plot_drift_summary_dashboard;plot_drift_timeline,,0,3,False,False,,0,,False,ACTIVE_NEEDS_RUNTIME_CONFIRMATION,Use runtime/lineage tracker to confirm execution and output usage.
src.models.monitoring.drift.drift_visualizer.get_drift_visualizer,model,models/monitoring/drift/drift_visualizer.py,get_drift_visualizer,function,,,0,4,False,False,,0,,False,ACTIVE_NEEDS_RUNTIME_CONFIRMATION,Use runtime/lineage tracker to confirm execution and output usage.
src.models.monitoring.drift.history.HistoryManager,model,models/monitoring/drift/history.py,HistoryManager,class,__init__;update_prediction_history;add_performance_record;add_drift_record,,0,41,False,False,,0,,True,ACTIVE_WITH_TEST_REFERENCE,Keep; verify runtime output reaches downstream model/evaluation.
src.models.monitoring.drift.__init__,model,models/monitoring/drift/__init__.py,__init__,module,,,0,415,False,False,,0,,True,ACTIVE_WITH_TEST_REFERENCE,Keep; verify runtime output reaches downstream model/evaluation.
src.monitoring.infrastructure.resource_monitor.ResourceMonitor,utility_or_unknown,monitoring/infrastructure/resource_monitor.py,ResourceMonitor,class,__init__;_get_default_thresholds;start_monitoring;stop_monitoring;_monitor_loop;collect_all_metrics;_collect_system_metrics;_collect_disk_metrics;_collect_process_metrics;_check_thresholds;get_health_status;_format_health_response;_is_error_status;_prepare_health_report;_get_latest_metrics_or_collect;_collect_fallback_metrics;_determine_overall_status;_extract_resource_levels;_get_cpu_percent;_get_memory_percent;_get_disk_percent;_safe_nested_get;_is_critical_level;_is_warning_level;get_resource_monitor;track_resource_usage;decorator;wrapper,,0,10,False,False,,0,,False,ACTIVE_NEEDS_RUNTIME_CONFIRMATION,Use runtime/lineage tracker to confirm execution and output usage.
src.monitoring.infrastructure.resource_monitor.get_resource_monitor,utility_or_unknown,monitoring/infrastructure/resource_monitor.py,get_resource_monitor,function,,,0,9,False,False,,0,,False,ACTIVE_NEEDS_RUNTIME_CONFIRMATION,Use runtime/lineage tracker to confirm execution and output usage.
src.monitoring.infrastructure.resource_monitor.track_resource_usage,utility_or_unknown,monitoring/infrastructure/resource_monitor.py,track_resource_usage,function,,,0,6,False,False,,0,,False,ACTIVE_NEEDS_RUNTIME_CONFIRMATION,Use runtime/lineage tracker to confirm execution and output usage.
src.monitoring.reporting.performance_reports.ComprehensiveReporter,utility_or_unknown,monitoring/reporting/performance_reports.py,ComprehensiveReporter,class,__init__;record_stage_time;record_model_accuracy;_check_system_status;_analyze_model_drift;generate_report;_print_console_summary,,0,0,False,False,model,0,,False,ORPHAN_LOW_SIGNAL,Likely low-priority orphan; quarantine only after config/runtime confirmation.
src.optimization.hyperparameters.bayesian.BayesianOptimizer,algorithm,optimization/hyperparameters/bayesian.py,BayesianOptimizer,class,__init__;optimizer_type;objective;optimize;validate_params;get_optimization_history,optimize,0,4,False,False,,1,SILENT_EMPTY_RETURN,False,ACTIVE_RISKY,Review/fix risks before trusting component output; add contract/golden tests.
src.optimization.portfolio.optimizer.BlackLittermanParams,algorithm,optimization/portfolio/optimizer.py,BlackLittermanParams,class,,,0,13,False,False,,1,TARGET_COLUMN_IN_NON_TARGET_COMPONENT,True,ACTIVE_RISKY,Review/fix risks before trusting component output; add contract/golden tests.
src.optimization.portfolio.optimizer.PortfolioOptimizer,algorithm,optimization/portfolio/optimizer.py,PortfolioOptimizer,class,__init__;optimizer_type;_safe_sharpe;optimize;_dispatch_optimization;_handle_optimization_error;_black_litterman_with_params;_calculate_periods_per_year;calculate_returns;calculate_covariance_matrix;markowitz_optimization;objective;portfolio_return;max_sharpe_optimization;objective;kelly_optimization;black_litterman_optimization;black_litterman_optimization_legacy;_black_litterman_calculation;_apply_fractional_constraints;risk_parity_optimization;risk_budget_objective;hierarchical_risk_parity;equal_weight_portfolio;inverse_volatility_portfolio;compare_optimization_methods;_ensure_positive_definite;_calculate_distance_matrix;_hierarchical_clustering;_get_cluster_order;_recursive_bisection;allocate_cluster;_create_comparison_table,optimize,0,16,False,False,,1,TARGET_COLUMN_IN_NON_TARGET_COMPONENT,True,ACTIVE_RISKY,Review/fix risks before trusting component output; add contract/golden tests.
src.pipeline.cache.results_cache_manager,utility_or_unknown,pipeline/cache/results_cache_manager.py,results_cache_manager,module,,,0,0,True,False,,0,,False,ACTIVE_NEEDS_RUNTIME_CONFIRMATION,Use runtime/lineage tracker to confirm execution and output usage.
src.pipeline.guards.macro_release_timing_guard.MacroReleaseTimingGuard,validator,pipeline/guards/macro_release_timing_guard.py,MacroReleaseTimingGuard,class,__init__;validate_macro_data_timing;_validate_macro_row;_calculate_official_release_time;_get_fomc_release_time;_check_release_schedule_compliance;_infer_macro_type_from_columns;_get_datetime_column;get_safe_macro_data;get_macro_release_schedule;check_macro_data_freshness;_estimate_data_frequency;_log_validation_summary,,0,3,True,False,datetime_et,1,SILENT_EMPTY_RETURN,False,ACTIVE_RISKY,Review/fix risks before trusting component output; add contract/golden tests.
src.pipeline.guards.macro_release_timing_guard.get_macro_release_timing_guard,validator,pipeline/guards/macro_release_timing_guard.py,get_macro_release_timing_guard,function,,,0,4,True,False,datetime_et,1,SILENT_EMPTY_RETURN,False,ACTIVE_RISKY,Review/fix risks before trusting component output; add contract/golden tests.
src.pipeline.guards.macro_release_timing_guard.validate_macro_timing_quick,validator,pipeline/guards/macro_release_timing_guard.py,validate_macro_timing_quick,function,,,0,3,True,False,datetime_et,1,SILENT_EMPTY_RETURN,False,ACTIVE_RISKY,Review/fix risks before trusting component output; add contract/golden tests.
src.pipeline.guards.safe_feature_combiner.SafeFeatureCombiner,validator,pipeline/guards/safe_feature_combiner.py,SafeFeatureCombiner,class,__init__;combine_features_safe;_prepare_dataframe_for_combination;_get_timeframe_prefix;_combine_prepared_dataframes;_validate_combined_dataframe;_add_single_timeframe_prefixes;_generate_combination_report;get_combination_preview,,0,3,True,False,,1,TARGET_COLUMN_IN_NON_TARGET_COMPONENT,False,ACTIVE_RISKY,Review/fix risks before trusting component output; add contract/golden tests.
src.pipeline.guards.safe_feature_combiner.get_safe_feature_combiner,validator,pipeline/guards/safe_feature_combiner.py,get_safe_feature_combiner,function,,,0,4,True,False,,1,TARGET_COLUMN_IN_NON_TARGET_COMPONENT,False,ACTIVE_RISKY,Review/fix risks before trusting component output; add contract/golden tests.
src.pipeline.guards.safe_feature_combiner.combine_timeframes_quick,validator,pipeline/guards/safe_feature_combiner.py,combine_timeframes_quick,function,,,0,3,True,False,,1,TARGET_COLUMN_IN_NON_TARGET_COMPONENT,False,ACTIVE_RISKY,Review/fix risks before trusting component output; add contract/golden tests.
src.pipeline.guards.temporal_leakage_guard.TemporalLeakageGuard,validator,pipeline/guards/temporal_leakage_guard.py,TemporalLeakageGuard,class,__init__;validate_rolling_windows;_get_datetime_column;_check_feature_name_patterns;_analyze_feature_for_leakage;_check_lookahead_patterns;_validate_rolling_window_feature;_check_future_data_in_series;validate_normalization_fit;check_feature_target_alignment;_log_validation_summary;get_safe_feature_subset,,0,3,True,False,,2,SILENT_EMPTY_RETURN;TARGET_COLUMN_IN_NON_TARGET_COMPONENT,False,ACTIVE_RISKY,Review/fix risks before trusting component output; add contract/golden tests.
src.pipeline.guards.temporal_leakage_guard.get_temporal_leakage_guard,validator,pipeline/guards/temporal_leakage_guard.py,get_temporal_leakage_guard,function,,,0,4,True,False,,2,SILENT_EMPTY_RETURN;TARGET_COLUMN_IN_NON_TARGET_COMPONENT,False,ACTIVE_RISKY,Review/fix risks before trusting component output; add contract/golden tests.
src.pipeline.guards.temporal_leakage_guard.validate_temporal_leakage_quick,validator,pipeline/guards/temporal_leakage_guard.py,validate_temporal_leakage_quick,function,,,0,3,True,False,,2,SILENT_EMPTY_RETURN;TARGET_COLUMN_IN_NON_TARGET_COMPONENT,False,ACTIVE_RISKY,Review/fix risks before trusting component output; add contract/golden tests.
src.pipeline.guards.temporal_target_guard.TemporalTargetGuard,validator,pipeline/guards/temporal_target_guard.py,TemporalTargetGuard,class,__init__;_generate_default_targets;_validate_config;_get_calculator;_process_target_config;_ensure_metadata_columns;generate_targets_safe;get_temporal_target_guard;generate_targets_quick,,0,3,True,False,,2,FUTURE_SHIFT;TARGET_COLUMN_IN_NON_TARGET_COMPONENT,True,ACTIVE_RISKY,Review/fix risks before trusting component output; add contract/golden tests.
src.pipeline.guards.temporal_target_guard.get_temporal_target_guard,validator,pipeline/guards/temporal_target_guard.py,get_temporal_target_guard,function,,,0,4,True,False,,2,FUTURE_SHIFT;TARGET_COLUMN_IN_NON_TARGET_COMPONENT,True,ACTIVE_RISKY,Review/fix risks before trusting component output; add contract/golden tests.
src.pipeline.guards.temporal_target_guard.generate_targets_quick,validator,pipeline/guards/temporal_target_guard.py,generate_targets_quick,function,,,0,3,True,False,,2,FUTURE_SHIFT;TARGET_COLUMN_IN_NON_TARGET_COMPONENT,True,ACTIVE_RISKY,Review/fix risks before trusting component output; add contract/golden tests.
src.pipeline.guards.timeframe_alignment_guard.TimeframeAlignmentGuard,validator,pipeline/guards/timeframe_alignment_guard.py,TimeframeAlignmentGuard,class,__init__;_ensure_datetime_column;_check_future_data;_check_daily_close_timing;_check_intraday_compatibility;_check_data_freshness;_validate_single_timeframe;_build_validation_result;_log_validation_results;validate_timeframe_compatibility;_validate_daily_close_timing;_validate_intraday_daily_compatibility;_validate_data_freshness;get_safe_timeframes_for_prediction;validate_feature_combination_safety;get_timeframe_prefixes;log_alignment_summary,,0,5,True,False,,1,SILENT_EMPTY_RETURN,False,ACTIVE_RISKY,Review/fix risks before trusting component output; add contract/golden tests.
src.pipeline.guards.timeframe_alignment_guard.get_timeframe_alignment_guard,validator,pipeline/guards/timeframe_alignment_guard.py,get_timeframe_alignment_guard,function,,,0,5,True,False,,1,SILENT_EMPTY_RETURN,False,ACTIVE_RISKY,Review/fix risks before trusting component output; add contract/golden tests.
src.pipeline.guards.timeframe_alignment_guard.validate_timeframes_quick,validator,pipeline/guards/timeframe_alignment_guard.py,validate_timeframes_quick,function,,,0,4,True,False,,1,SILENT_EMPTY_RETURN,False,ACTIVE_RISKY,Review/fix risks before trusting component output; add contract/golden tests.
src.pipeline.guards.__init__,validator,pipeline/guards/__init__.py,__init__,module,,,0,415,True,False,,1,TARGET_COLUMN_IN_NON_TARGET_COMPONENT,True,ACTIVE_RISKY,Review/fix risks before trusting component output; add contract/golden tests.
src.pipeline.hybrid.cache_manager.CacheManager,utility_or_unknown,pipeline/hybrid/cache_manager.py,CacheManager,class,__init__;check_if_feature_selection_needed;_check_initial_or_forced_selection;_check_time_based_selection;_check_data_change_percentage;check_cache_status,,0,51,True,False,,1,SILENT_EMPTY_RETURN,False,ACTIVE_RISKY,Review/fix risks before trusting component output; add contract/golden tests.
src.pipeline.hybrid.colab_manager.BatchPreparationConfig,utility_or_unknown,pipeline/hybrid/colab_manager.py,BatchPreparationConfig,class,,,0,9,True,False,,2,SILENT_EMPTY_RETURN;TARGET_COLUMN_IN_NON_TARGET_COMPONENT,True,ACTIVE_RISKY,Review/fix risks before trusting component output; add contract/golden tests.
src.pipeline.hybrid.colab_manager.ColabManager,utility_or_unknown,pipeline/hybrid/colab_manager.py,ColabManager,class,__init__;prepare_colab_batch;_save_and_accumulate_data;_deduplicate_df;_check_feature_leakage;_save_df_to_parquet;_handle_batch_configuration;_create_batch_metadata;_assemble_preparation_result;load_colab_results;_find_batch_directory;_check_feature_selection;_is_test_mode;_create_test_config,,0,10,True,False,,2,SILENT_EMPTY_RETURN;TARGET_COLUMN_IN_NON_TARGET_COMPONENT,True,ACTIVE_RISKY,Review/fix risks before trusting component output; add contract/golden tests.
src.pipeline.hybrid.colab_workflow_manager.ColabWorkflowManager,utility_or_unknown,pipeline/hybrid/colab_workflow_manager.py,ColabWorkflowManager,class,__init__;_handle_colab_path;_generate_colab_instructions;_create_fallback_selected_features,,0,4,True,False,,1,TARGET_COLUMN_IN_NON_TARGET_COMPONENT,False,ACTIVE_RISKY,Review/fix risks before trusting component output; add contract/golden tests.
src.pipeline.hybrid.component_factory.OrchestratorComponentFactory,factory_registry,pipeline/hybrid/component_factory.py,OrchestratorComponentFactory,class,initialize_components,,0,2,True,False,,0,,False,ACTIVE_NEEDS_RUNTIME_CONFIRMATION,Use runtime/lineage tracker to confirm execution and output usage.
src.pipeline.hybrid.context_builder.ContextBuilder,context_map,pipeline/hybrid/context_builder.py,ContextBuilder,class,__init__;_create_context_id;_create_context_data;_validate_and_create_context,,0,6,True,True,,2,SILENT_EMPTY_RETURN;TARGET_COLUMN_IN_NON_TARGET_COMPONENT,False,ACTIVE_RISKY,Review/fix risks before trusting component output; add contract/golden tests.
src.pipeline.hybrid.contracts.ModelTrainingContext,context_map,pipeline/hybrid/contracts.py,ModelTrainingContext,class,,,0,6,True,False,,0,,True,ACTIVE_WITH_TEST_REFERENCE,Keep; verify runtime output reaches downstream model/evaluation.
src.pipeline.hybrid.contracts.ColabBatchRequest,utility_or_unknown,pipeline/hybrid/contracts.py,ColabBatchRequest,class,,,0,6,True,False,,0,,True,ACTIVE_WITH_TEST_REFERENCE,Keep; verify runtime output reaches downstream model/evaluation.
src.pipeline.hybrid.contracts.HybridPipelineRequest,pipeline_stage,pipeline/hybrid/contracts.py,HybridPipelineRequest,class,,,0,9,True,False,,0,,True,ACTIVE_WITH_TEST_REFERENCE,Keep; verify runtime output reaches downstream model/evaluation.
src.pipeline.hybrid.contracts.HybridPipelineConfig,pipeline_stage,pipeline/hybrid/contracts.py,HybridPipelineConfig,class,,,0,6,True,False,,0,,True,ACTIVE_WITH_TEST_REFERENCE,Keep; verify runtime output reaches downstream model/evaluation.
src.pipeline.hybrid.contracts.HybridFinalStagesRequest,pipeline_stage,pipeline/hybrid/contracts.py,HybridFinalStagesRequest,class,,,0,10,True,False,,0,,True,ACTIVE_WITH_TEST_REFERENCE,Keep; verify runtime output reaches downstream model/evaluation.
src.pipeline.hybrid.contracts.HybridMockFeaturesRequest,utility_or_unknown,pipeline/hybrid/contracts.py,HybridMockFeaturesRequest,class,,,0,6,True,False,,0,,True,ACTIVE_WITH_TEST_REFERENCE,Keep; verify runtime output reaches downstream model/evaluation.
src.pipeline.hybrid.data_batch_manager.DataBatchManager,utility_or_unknown,pipeline/hybrid/data_batch_manager.py,DataBatchManager,class,__init__;create_batch_metadata_dict;merge_with_existing;create_new_database;_create_backup;save_batch_data;save_heavy_config;create_batch_metadata;save_batch_metadata;_save_dataframe;_dedup_columns;_serialize_config,,0,4,True,False,,1,TARGET_COLUMN_IN_NON_TARGET_COMPONENT,False,ACTIVE_RISKY,Review/fix risks before trusting component output; add contract/golden tests.
src.pipeline.hybrid.data_cache_manager.DataCacheManager,utility_or_unknown,pipeline/hybrid/data_cache_manager.py,DataCacheManager,class,__init__;handle_data_caching;_has_new_data;check_cache_status,,0,5,True,False,,1,SILENT_EMPTY_RETURN,True,ACTIVE_RISKY,Review/fix risks before trusting component output; add contract/golden tests.
src.pipeline.hybrid.data_components_context.DataComponentsContext,context_map,pipeline/hybrid/data_components_context.py,DataComponentsContext,class,__init__,,0,2,True,False,,0,,False,ACTIVE_NEEDS_RUNTIME_CONFIRMATION,Use runtime/lineage tracker to confirm execution and output usage.
src.pipeline.hybrid.data_manager.HybridDataManager,utility_or_unknown,pipeline/hybrid/data_manager.py,HybridDataManager,class,__init__;load_features_data;load_targets_data;save_dataframes;save_dataframe;clean_dataframe;has_new_data,,0,44,True,False,,0,,True,ACTIVE_WITH_TEST_REFERENCE,Keep; verify runtime output reaches downstream model/evaluation.
src.pipeline.hybrid.data_processor.DataProcessor,utility_or_unknown,pipeline/hybrid/data_processor.py,DataProcessor,class,__init__;normalize_datetime_column;normalize_timezone;split_features_and_targets;get_datetime_column;clean_dataframe;save_dataframe;save_dataframes,,0,4,True,False,datetime,2,SILENT_EMPTY_RETURN;TARGET_COLUMN_IN_NON_TARGET_COMPONENT,False,ACTIVE_RISKY,Review/fix risks before trusting component output; add contract/golden tests.
src.pipeline.hybrid.data_utils.DataUtils,utility_or_unknown,pipeline/hybrid/data_utils.py,DataUtils,class,__init__;clean_dataframe;save_dataframe;get_datetime_column;normalize_datetime_column;normalize_timezone;split_features_and_targets;save_dataframes,,0,7,True,False,datetime,2,SILENT_EMPTY_RETURN;TARGET_COLUMN_IN_NON_TARGET_COMPONENT,True,ACTIVE_RISKY,Review/fix risks before trusting component output; add contract/golden tests.
src.pipeline.hybrid.feature_loader.FeatureLoader,utility_or_unknown,pipeline/hybrid/feature_loader.py,FeatureLoader,class,__init__;_get_file_candidates;load_sync,,0,0,True,False,,2,SILENT_EMPTY_RETURN;TARGET_COLUMN_IN_NON_TARGET_COMPONENT,False,ACTIVE_RISKY,Review/fix risks before trusting component output; add contract/golden tests.
src.pipeline.hybrid.feature_processor.FeatureProcessor,utility_or_unknown,pipeline/hybrid/feature_processor.py,FeatureProcessor,class,__init__;process_enriched_data;normalize_datetime_index;normalize_datetime_column;normalize_timezone;split_features_and_targets;get_datetime_column;save_enriched_data,,0,8,True,False,datetime,2,SILENT_EMPTY_RETURN;TARGET_COLUMN_IN_NON_TARGET_COMPONENT,False,ACTIVE_RISKY,Review/fix risks before trusting component output; add contract/golden tests.
src.pipeline.hybrid.feature_selection_manager.MockSelectionParams,selector,pipeline/hybrid/feature_selection_manager.py,MockSelectionParams,class,,,0,3,True,False,,1,TARGET_COLUMN_IN_NON_TARGET_COMPONENT,False,ACTIVE_RISKY,Review/fix risks before trusting component output; add contract/golden tests.
src.pipeline.hybrid.feature_selection_manager.FeatureSelectionManager,selector,pipeline/hybrid/feature_selection_manager.py,FeatureSelectionManager,class,__init__;create_mock_feature_selection;_extract_valid_features;_is_valid_feature;_write_mock_feature_files,,0,6,True,False,,1,TARGET_COLUMN_IN_NON_TARGET_COMPONENT,False,ACTIVE_RISKY,Review/fix risks before trusting component output; add contract/golden tests.
src.pipeline.hybrid.feature_selection_validator.MockFeatureFilesRequest,selector,pipeline/hybrid/feature_selection_validator.py,MockFeatureFilesRequest,class,,,0,5,True,False,,2,SILENT_EMPTY_RETURN;TARGET_COLUMN_IN_NON_TARGET_COMPONENT,False,ACTIVE_RISKY,Review/fix risks before trusting component output; add contract/golden tests.
src.pipeline.hybrid.feature_selection_validator.MockFeaturesRequest,selector,pipeline/hybrid/feature_selection_validator.py,MockFeaturesRequest,class,,,0,5,True,False,,2,SILENT_EMPTY_RETURN;TARGET_COLUMN_IN_NON_TARGET_COMPONENT,False,ACTIVE_RISKY,Review/fix risks before trusting component output; add contract/golden tests.
src.pipeline.hybrid.feature_selection_validator.FeatureSelectionValidator,selector,pipeline/hybrid/feature_selection_validator.py,FeatureSelectionValidator,class,__init__;check_if_feature_selection_needed;_check_initial_or_forced_selection;_check_time_based_selection;_check_data_change_percentage;create_mock_selected_features_for_test;_extract_valid_features;_is_valid_feature;_write_mock_feature_files,,0,7,True,False,,2,SILENT_EMPTY_RETURN;TARGET_COLUMN_IN_NON_TARGET_COMPONENT,False,ACTIVE_RISKY,Review/fix risks before trusting component output; add contract/golden tests.
src.pipeline.hybrid.final_stages_executor.FinalStagesExecutor,pipeline_stage,pipeline/hybrid/final_stages_executor.py,FinalStagesExecutor,class,__init__;_has_heavy_models;_merge_ticker_models;_merge_model_results;_prepare_final_stages_params;_build_models_metadata;_create_final_summary,,0,4,True,False,,1,TARGET_COLUMN_IN_NON_TARGET_COMPONENT,True,ACTIVE_RISKY,Review/fix risks before trusting component output; add contract/golden tests.
src.pipeline.hybrid.final_stages_orchestrator.FinalStagesOrchestrator,pipeline_stage,pipeline/hybrid/final_stages_orchestrator.py,FinalStagesOrchestrator,class,__init__;_prepare_final_stages_params;_create_final_summary,,0,5,True,False,,0,,True,ACTIVE_WITH_TEST_REFERENCE,Keep; verify runtime output reaches downstream model/evaluation.
src.pipeline.hybrid.hybrid_dataclasses,utility_or_unknown,pipeline/hybrid/hybrid_dataclasses.py,hybrid_dataclasses,module,,,0,0,True,False,,0,,False,ACTIVE_NEEDS_RUNTIME_CONFIRMATION,Use runtime/lineage tracker to confirm execution and output usage.
src.pipeline.hybrid.light_models_trainer.LightModelTrainingConfig,model,pipeline/hybrid/light_models_trainer.py,LightModelTrainingConfig,class,,,0,3,True,False,,2,SILENT_EMPTY_RETURN;TARGET_COLUMN_IN_NON_TARGET_COMPONENT,False,ACTIVE_RISKY,Review/fix risks before trusting component output; add contract/golden tests.
src.pipeline.hybrid.light_models_trainer.LightModelsTrainer,model,pipeline/hybrid/light_models_trainer.py,LightModelsTrainer,class,__init__;_set_temp_light_models_config;_load_or_create_accumulated_results;_load_selected_features,,0,5,True,False,,2,SILENT_EMPTY_RETURN;TARGET_COLUMN_IN_NON_TARGET_COMPONENT,False,ACTIVE_RISKY,Review/fix risks before trusting component output; add contract/golden tests.
src.pipeline.hybrid.metadata_manager.MetadataParams,utility_or_unknown,pipeline/hybrid/metadata_manager.py,MetadataParams,class,,,0,8,True,False,,1,SILENT_EMPTY_RETURN,False,ACTIVE_RISKY,Review/fix risks before trusting component output; add contract/golden tests.
src.pipeline.hybrid.metadata_manager.SaveMetadataParams,utility_or_unknown,pipeline/hybrid/metadata_manager.py,SaveMetadataParams,class,,,0,7,True,False,,1,SILENT_EMPTY_RETURN,False,ACTIVE_RISKY,Review/fix risks before trusting component output; add contract/golden tests.
src.pipeline.hybrid.metadata_manager.BatchMetadataParams,utility_or_unknown,pipeline/hybrid/metadata_manager.py,BatchMetadataParams,class,,,0,5,True,False,,1,SILENT_EMPTY_RETURN,False,ACTIVE_RISKY,Review/fix risks before trusting component output; add contract/golden tests.
src.pipeline.hybrid.metadata_manager.MetadataManager,utility_or_unknown,pipeline/hybrid/metadata_manager.py,MetadataManager,class,__init__;create_pipeline_metadata;save_metadata;create_batch_metadata_dict;create_final_summary;save_final_results;log_pipeline_completion;extract_batch_name_from_path,,0,10,True,False,,1,SILENT_EMPTY_RETURN,False,ACTIVE_RISKY,Review/fix risks before trusting component output; add contract/golden tests.
src.pipeline.hybrid.model_training_orchestrator.ModelTrainingOrchestrator,pipeline_stage,pipeline/hybrid/model_training_orchestrator.py,ModelTrainingOrchestrator,class,__init__;train_models_for_contexts;_process_training_context;_analyze_context_features;_train_single_model;_prepare_chronological_split;_execute_training;_evaluate_model;_calculate_split_index;_sort_training_frames;_train_with_config;_calculate_metrics;_save_trained_model;_create_model_metadata;_resolve_ticker;_resolve_target_task_type;_determine_task_type;_prepare_training_data,,0,4,True,False,,2,SILENT_EMPTY_RETURN;TARGET_COLUMN_IN_NON_TARGET_COMPONENT,False,ACTIVE_RISKY,Review/fix risks before trusting component output; add contract/golden tests.
src.pipeline.hybrid.orchestrator_config.PipelineConfig,pipeline_stage,pipeline/hybrid/orchestrator_config.py,PipelineConfig,class,,,0,4,True,False,,1,TARGET_COLUMN_IN_NON_TARGET_COMPONENT,False,ACTIVE_RISKY,Review/fix risks before trusting component output; add contract/golden tests.
src.pipeline.hybrid.orchestrator_config.OrchestratorConfigManager,pipeline_stage,pipeline/hybrid/orchestrator_config.py,OrchestratorConfigManager,class,__init__;build_pipeline_config;resolve_target_task_type;_determine_task_type,,0,6,True,False,,1,TARGET_COLUMN_IN_NON_TARGET_COMPONENT,False,ACTIVE_RISKY,Review/fix risks before trusting component output; add contract/golden tests.
src.pipeline.hybrid.orchestrator_context.OrchestratorContext,context_map,pipeline/hybrid/orchestrator_context.py,OrchestratorContext,class,__init__;output_dir;models_dir;batch_name;orchestrator_config;pipeline_config;data_components;feature_processor;cache_manager;colab_manager;pipeline_executor;feature_selection_manager;metadata_manager;light_models_trainer;colab_workflow_manager;final_stages_executor;data_batch_manager;model_training_orchestrator;test_mode_manager;context_builder;feature_selection_validator;selected_features_processor;results_processor;pipeline_runner;pipeline_metadata_manager;final_stages_orchestrator;set_pipeline_manager;pipeline_manager,,0,0,True,False,,0,,False,ACTIVE_NEEDS_RUNTIME_CONFIRMATION,Use runtime/lineage tracker to confirm execution and output usage.
src.pipeline.hybrid.orchestrator_interface.OrchestratorInterface,pipeline_stage,pipeline/hybrid/orchestrator_interface.py,OrchestratorInterface,class,__init__;check_if_feature_selection_needed;_check_initial_or_forced_selection;load_colab_results;extract_batch_name_from_path,,0,4,True,False,,1,SILENT_EMPTY_RETURN,False,ACTIVE_RISKY,Review/fix risks before trusting component output; add contract/golden tests.
src.pipeline.hybrid.pipeline_config.PipelineParams,pipeline_stage,pipeline/hybrid/pipeline_config.py,PipelineParams,class,,,0,10,True,False,,0,,True,ACTIVE_WITH_TEST_REFERENCE,Keep; verify runtime output reaches downstream model/evaluation.
src.pipeline.hybrid.pipeline_config.FinalStagesParams,pipeline_stage,pipeline/hybrid/pipeline_config.py,FinalStagesParams,class,,,0,10,True,False,,0,,True,ACTIVE_WITH_TEST_REFERENCE,Keep; verify runtime output reaches downstream model/evaluation.
src.pipeline.hybrid.pipeline_config.ColabBatchParams,utility_or_unknown,pipeline/hybrid/pipeline_config.py,ColabBatchParams,class,,,0,7,True,False,,0,,True,ACTIVE_WITH_TEST_REFERENCE,Keep; verify runtime output reaches downstream model/evaluation.
src.pipeline.hybrid.pipeline_executor.PipelineExecutor,pipeline_stage,pipeline/hybrid/pipeline_executor.py,PipelineExecutor,class,__init__;_save_pipeline_results;_save_stage_result;create_pipeline_metadata;save_metadata;save_data;_flatten_data_dict,,0,7,True,False,,0,,True,ACTIVE_WITH_TEST_REFERENCE,Keep; verify runtime output reaches downstream model/evaluation.
src.pipeline.hybrid.pipeline_manager.PipelineManager,pipeline_stage,pipeline/hybrid/pipeline_manager.py,PipelineManager,class,__init__;_handle_data_caching;_handle_colab_path;_create_fallback_selected_features;_generate_colab_instructions,,0,7,True,False,,1,TARGET_COLUMN_IN_NON_TARGET_COMPONENT,True,ACTIVE_RISKY,Review/fix risks before trusting component output; add contract/golden tests.
src.pipeline.hybrid.pipeline_metadata_manager.PipelineMetadataManager,pipeline_stage,pipeline/hybrid/pipeline_metadata_manager.py,PipelineMetadataManager,class,__init__;_create_pipeline_metadata;_save_metadata;_create_batch_metadata_dict;_load_or_create_accumulated_results,,0,4,True,False,,0,,False,ACTIVE_NEEDS_RUNTIME_CONFIRMATION,Use runtime/lineage tracker to confirm execution and output usage.
src.pipeline.hybrid.pipeline_runner.PipelineRunner,pipeline_stage,pipeline/hybrid/pipeline_runner.py,PipelineRunner,class,__init__;_save_pipeline_results;_save_stage_result;_process_enriched_data;_save_enriched_data;_save_metadata;_create_batch_metadata_dict;_log_pipeline_completion,,0,5,True,False,,1,SILENT_EMPTY_RETURN,False,ACTIVE_RISKY,Review/fix risks before trusting component output; add contract/golden tests.
src.pipeline.hybrid.results_processor.ResultsProcessor,utility_or_unknown,pipeline/hybrid/results_processor.py,ResultsProcessor,class,__init__;load_colab_results;_find_batch_directory;_find_results_file;_load_results_json;_convert_model_paths;_convert_single_model_path;build_models_metadata;_update_selected_features_from_ticker_results;_update_model_selected_features;extract_batch_name_from_path,,0,6,True,False,,2,SILENT_EMPTY_RETURN;TARGET_COLUMN_IN_NON_TARGET_COMPONENT,False,ACTIVE_RISKY,Review/fix risks before trusting component output; add contract/golden tests.
src.pipeline.hybrid.selected_features_processor.DiscoverSelectedFeaturesFilesConfig,utility_or_unknown,pipeline/hybrid/selected_features_processor.py,DiscoverSelectedFeaturesFilesConfig,class,,,0,2,True,False,,2,SILENT_EMPTY_RETURN;TARGET_COLUMN_IN_NON_TARGET_COMPONENT,False,ACTIVE_RISKY,Review/fix risks before trusting component output; add contract/golden tests.
src.pipeline.hybrid.selected_features_processor.ProcessSelectedFeaturesFileConfig,utility_or_unknown,pipeline/hybrid/selected_features_processor.py,ProcessSelectedFeaturesFileConfig,class,,,0,2,True,False,,2,SILENT_EMPTY_RETURN;TARGET_COLUMN_IN_NON_TARGET_COMPONENT,False,ACTIVE_RISKY,Review/fix risks before trusting component output; add contract/golden tests.
src.pipeline.hybrid.selected_features_processor.ProcessFilesToContextsConfig,context_map,pipeline/hybrid/selected_features_processor.py,ProcessFilesToContextsConfig,class,,,0,2,True,False,,2,SILENT_EMPTY_RETURN;TARGET_COLUMN_IN_NON_TARGET_COMPONENT,False,ACTIVE_RISKY,Review/fix risks before trusting component output; add contract/golden tests.
src.pipeline.hybrid.selected_features_processor.FeatureLoadRequest,utility_or_unknown,pipeline/hybrid/selected_features_processor.py,FeatureLoadRequest,class,,,0,2,True,False,,2,SILENT_EMPTY_RETURN;TARGET_COLUMN_IN_NON_TARGET_COMPONENT,False,ACTIVE_RISKY,Review/fix risks before trusting component output; add contract/golden tests.
src.pipeline.hybrid.selected_features_processor.SelectedFeaturesProcessor,utility_or_unknown,pipeline/hybrid/selected_features_processor.py,SelectedFeaturesProcessor,class,__init__;_discover_selected_features_files;_validate_files_exist;_extract_context_info,,0,4,True,False,,2,SILENT_EMPTY_RETURN;TARGET_COLUMN_IN_NON_TARGET_COMPONENT,False,ACTIVE_RISKY,Review/fix risks before trusting component output; add contract/golden tests.
src.pipeline.hybrid.storage_helpers.init_gdrive,utility_or_unknown,pipeline/hybrid/storage_helpers.py,init_gdrive,function,,,0,0,True,False,,0,,False,ACTIVE_NEEDS_RUNTIME_CONFIRMATION,Use runtime/lineage tracker to confirm execution and output usage.
src.pipeline.hybrid.storage_helpers.init_fallback_storage,utility_or_unknown,pipeline/hybrid/storage_helpers.py,init_fallback_storage,function,,,0,0,True,False,,0,,False,ACTIVE_NEEDS_RUNTIME_CONFIRMATION,Use runtime/lineage tracker to confirm execution and output usage.
src.pipeline.hybrid.storage_helpers.init_s3_storage,utility_or_unknown,pipeline/hybrid/storage_helpers.py,init_s3_storage,function,,,0,0,True,False,,0,,False,ACTIVE_NEEDS_RUNTIME_CONFIRMATION,Use runtime/lineage tracker to confirm execution and output usage.
src.pipeline.hybrid.storage_helpers.init_gcs_storage,utility_or_unknown,pipeline/hybrid/storage_helpers.py,init_gcs_storage,function,,,0,0,True,False,,0,,False,ACTIVE_NEEDS_RUNTIME_CONFIRMATION,Use runtime/lineage tracker to confirm execution and output usage.
src.pipeline.hybrid.storage_manager.StorageManager,utility_or_unknown,pipeline/hybrid/storage_manager.py,StorageManager,class,__init__;initialize_storage;_init_gdrive;_init_fallback_storage;_init_s3_storage;_init_gcs_storage;upload_to_storage;_upload_to_gdrive;_upload_to_s3;_upload_to_gcs,,0,7,True,False,,0,,False,ACTIVE_NEEDS_RUNTIME_CONFIRMATION,Use runtime/lineage tracker to confirm execution and output usage.
src.pipeline.hybrid.test_mode_manager.TestModeManager,utility_or_unknown,pipeline/hybrid/test_mode_manager.py,TestModeManager,class,__init__;_filter_data_for_test_mode;_should_skip_model;_should_skip_ticker;_should_skip_target;_should_skip_features,,0,6,True,False,,1,TARGET_COLUMN_IN_NON_TARGET_COMPONENT,False,ACTIVE_RISKY,Review/fix risks before trusting component output; add contract/golden tests.
src.pipeline.hybrid.__init__,utility_or_unknown,pipeline/hybrid/__init__.py,__init__,module,,,0,414,True,False,,0,,True,ACTIVE_WITH_TEST_REFERENCE,Keep; verify runtime output reaches downstream model/evaluation.
src.pipeline.stages.base_stage.BaseStage,pipeline_stage,pipeline/stages/base_stage.py,BaseStage,class,__init__;handle_stage_error,,0,16,True,False,,0,,False,ACTIVE_NEEDS_RUNTIME_CONFIRMATION,Use runtime/lineage tracker to confirm execution and output usage.
src.pipeline.stages.stage_0_data_generation.DataGenerator,pipeline_stage,pipeline/stages/stage_0_data_generation.py,DataGenerator,class,__init__;generate_synthetic_data;generate_synthetic_features;generate_synthetic_targets;_generate_price_series,,0,3,True,False,bb_lower;bb_upper;bb_width;close;day_of_week;ema_12;ema_26;high;hour;low;macd;macd_histogram;macd_signal;month;open;quarter;returns_1h;returns_24h;returns_4h;rsi;sma_20;sma_50;volatility;volume,2,FUTURE_SHIFT;TARGET_COLUMN_IN_NON_TARGET_COMPONENT,True,ACTIVE_RISKY,Review/fix risks before trusting component output; add contract/golden tests.
src.pipeline.stages.stage_0_setup.Stage0Setup,pipeline_stage,pipeline/stages/stage_0_setup.py,Stage0Setup,class,__init__,,0,0,True,True,,1,SILENT_EMPTY_RETURN,False,ACTIVE_RISKY,Review/fix risks before trusting component output; add contract/golden tests.
src.pipeline.stages.stage_1_collection.CollectionStage,pipeline_stage,pipeline/stages/stage_1_collection.py,CollectionStage,class,__init__;_prepare_collection;process_and_save_results;_handle_collector_result;_convert_to_dataframe;_save_collector_data;_convert_dates_in_dataframe;_get_unique_keys;_upsert_dataframe;fetch_all_data_from_db;_should_skip_table;_process_table_data;_find_collector_config;_combine_news_data;_check_news_temporal_alignment;_remove_news_duplicates;_get_hashable_columns;_log_summary;_find_date_column_in_df,,0,4,True,True,,1,SILENT_EMPTY_RETURN,False,ACTIVE_RISKY,Review/fix risks before trusting component output; add contract/golden tests.
src.pipeline.stages.stage_2_processing.ProcessingStage,pipeline_stage,pipeline/stages/stage_2_processing.py,ProcessingStage,class,,,0,4,True,True,,0,,False,ACTIVE_NEEDS_RUNTIME_CONFIRMATION,Use runtime/lineage tracker to confirm execution and output usage.
src.pipeline.stages.stage_3_feature_engineering.FeatureEngineeringStage,enricher,pipeline/stages/stage_3_feature_engineering.py,FeatureEngineeringStage,class,,,0,4,True,True,,0,,True,ACTIVE_WITH_TEST_REFERENCE,Keep; verify runtime output reaches downstream model/evaluation.
src.pipeline.stages.stage_3_improvements.validate_and_align_features_targets,pipeline_stage,pipeline/stages/stage_3_improvements.py,validate_and_align_features_targets,function,,,0,0,True,False,,1,TARGET_COLUMN_IN_NON_TARGET_COMPONENT,True,ACTIVE_RISKY,Review/fix risks before trusting component output; add contract/golden tests.
src.pipeline.stages.stage_3_improvements.calculate_data_quality_metrics,pipeline_stage,pipeline/stages/stage_3_improvements.py,calculate_data_quality_metrics,function,,,0,0,True,False,,1,TARGET_COLUMN_IN_NON_TARGET_COMPONENT,True,ACTIVE_RISKY,Review/fix risks before trusting component output; add contract/golden tests.
src.pipeline.stages.stage_3_improvements.log_data_quality_report,pipeline_stage,pipeline/stages/stage_3_improvements.py,log_data_quality_report,function,,,0,0,True,False,,1,TARGET_COLUMN_IN_NON_TARGET_COMPONENT,True,ACTIVE_RISKY,Review/fix risks before trusting component output; add contract/golden tests.
src.pipeline.stages.stage_4_modeling.TargetProcessingConfig,pipeline_stage,pipeline/stages/stage_4_modeling.py,TargetProcessingConfig,class,,,0,3,True,True,,2,SILENT_EMPTY_RETURN;TARGET_COLUMN_IN_NON_TARGET_COMPONENT,False,ACTIVE_RISKY,Review/fix risks before trusting component output; add contract/golden tests.
src.pipeline.stages.stage_4_modeling.ModelingStage,pipeline_stage,pipeline/stages/stage_4_modeling.py,ModelingStage,class,__init__;_init_infrastructure;_log_expert_to_diary,,0,2,True,True,,2,SILENT_EMPTY_RETURN;TARGET_COLUMN_IN_NON_TARGET_COMPONENT,False,ACTIVE_RISKY,Review/fix risks before trusting component output; add contract/golden tests.
src.pipeline.stages.stage_5_prediction.PredictionResultRequest,pipeline_stage,pipeline/stages/stage_5_prediction.py,PredictionResultRequest,class,,,0,6,True,True,,2,SILENT_EMPTY_RETURN;TARGET_COLUMN_IN_NON_TARGET_COMPONENT,True,ACTIVE_RISKY,Review/fix risks before trusting component output; add contract/golden tests.
src.pipeline.stages.stage_5_prediction.PredictionStage,pipeline_stage,pipeline/stages/stage_5_prediction.py,PredictionStage,class,__init__;_prepare_inputs;_validate_inputs;_ensure_local_models;_generate_predictions_for_contexts;_get_available_model_types;_process_single_context;_process_context_data;_prepare_ticker_data;_create_context_fingerprint;_load_target_scaler;_select_best_model_for_context;_create_prediction_result;_get_last_price;_prepare_final_results;update_selector_feedback;_save_stage_5_results,,0,7,True,True,,2,SILENT_EMPTY_RETURN;TARGET_COLUMN_IN_NON_TARGET_COMPONENT,True,ACTIVE_RISKY,Review/fix risks before trusting component output; add contract/golden tests.
src.pipeline.stages.stage_6_trading_execution.TradingExecutionStage,pipeline_stage,pipeline/stages/stage_6_trading_execution.py,TradingExecutionStage,class,__init__;_initialize_trading_stack;_apply_context_rules;_record_transactions_to_diary;_build_decision_record;_transaction_outcome;_transaction_timestamp;_transaction_prices;_extract_model_prediction;_safe_float;_find_latest_batch_name;_finalize_results,,0,0,True,True,,1,SILENT_EMPTY_RETURN,True,ACTIVE_RISKY,Review/fix risks before trusting component output; add contract/golden tests.
src.pipeline.stages.stage_7_evaluation.EvaluationStage,pipeline_stage,pipeline/stages/stage_7_evaluation.py,EvaluationStage,class,__init__;run;_load_signals_data;_signals_empty;_prepare_signals_df;_prediction_to_signal;_run_deep_analysis;_create_basic_evaluation,run,0,1,True,True,price;signal,1,SILENT_EMPTY_RETURN,False,ACTIVE_RISKY,Review/fix risks before trusting component output; add contract/golden tests.
src.pipeline.stages.__init__,pipeline_stage,pipeline/stages/__init__.py,__init__,module,,,0,415,True,False,,0,,True,ACTIVE_WITH_TEST_REFERENCE,Keep; verify runtime output reaches downstream model/evaluation.
src.pipeline.stages.cache.feature_cache_manager.FeatureEngineeringCacheManager,pipeline_stage,pipeline/stages/cache/feature_cache_manager.py,FeatureEngineeringCacheManager,class,__init__;get_cached_features;save_features;_generate_cache_key;_generate_config_hash,,0,0,True,False,,0,,False,ACTIVE_NEEDS_RUNTIME_CONFIRMATION,Use runtime/lineage tracker to confirm execution and output usage.
src.pipeline.stages.evaluation.analytics.calculate_financial_metrics,pipeline_stage,pipeline/stages/evaluation/analytics.py,calculate_financial_metrics,function,,,1,37,True,True,,2,SILENT_EMPTY_RETURN;TARGET_COLUMN_IN_NON_TARGET_COMPONENT,True,ACTIVE_RISKY,Review/fix risks before trusting component output; add contract/golden tests.
src.pipeline.stages.evaluation.analytics.run_deep_analysis,pipeline_stage,pipeline/stages/evaluation/analytics.py,run_deep_analysis,function,,,1,35,True,True,,2,SILENT_EMPTY_RETURN;TARGET_COLUMN_IN_NON_TARGET_COMPONENT,True,ACTIVE_RISKY,Review/fix risks before trusting component output; add contract/golden tests.
src.pipeline.stages.evaluation.analytics.create_evaluation_summary,pipeline_stage,pipeline/stages/evaluation/analytics.py,create_evaluation_summary,function,,,1,37,True,True,,2,SILENT_EMPTY_RETURN;TARGET_COLUMN_IN_NON_TARGET_COMPONENT,True,ACTIVE_RISKY,Review/fix risks before trusting component output; add contract/golden tests.
src.pipeline.stages.evaluation.backtest_adapter.prepare_pivot,pipeline_stage,pipeline/stages/evaluation/backtest_adapter.py,prepare_pivot,function,,,1,2,True,False,,1,SILENT_EMPTY_RETURN,True,ACTIVE_RISKY,Review/fix risks before trusting component output; add contract/golden tests.
src.pipeline.stages.evaluation.backtest_analyzer.BacktestAnalyzer,pipeline_stage,pipeline/stages/evaluation/backtest_analyzer.py,BacktestAnalyzer,class,__init__;prepare_pivot;create_simulation_data;_validate_signals_df;_prepare_pivot_data;_normalize_backtest_results;_create_portfolio_history;can_run_backtest,,0,3,True,False,,1,SILENT_EMPTY_RETURN,False,ACTIVE_RISKY,Review/fix risks before trusting component output; add contract/golden tests.
src.pipeline.stages.evaluation.backtest_analyzer.get_backtest_analyzer,pipeline_stage,pipeline/stages/evaluation/backtest_analyzer.py,get_backtest_analyzer,function,,,0,4,True,False,,1,SILENT_EMPTY_RETURN,False,ACTIVE_RISKY,Review/fix risks before trusting component output; add contract/golden tests.
src.pipeline.stages.evaluation.data_recovery.recover_missing_data,pipeline_stage,pipeline/stages/evaluation/data_recovery.py,recover_missing_data,function,,,1,1,True,False,,0,,False,ACTIVE_NEEDS_RUNTIME_CONFIRMATION,Use runtime/lineage tracker to confirm execution and output usage.
src.pipeline.stages.evaluation.io.save_evaluation_summary,pipeline_stage,pipeline/stages/evaluation/io.py,save_evaluation_summary,function,,,0,5,True,False,,1,SILENT_EMPTY_RETURN,True,ACTIVE_RISKY,Review/fix risks before trusting component output; add contract/golden tests.
src.pipeline.stages.evaluation.metrics_calculator.MetricsCalculator,calculator,pipeline/stages/evaluation/metrics_calculator.py,MetricsCalculator,class,__init__;calculate_financial_metrics;_calculate_basic_metrics;calculate_pattern_specific_metrics;analyze_chaos_efficiency;generate_expertise_map,,0,20,True,False,,1,SILENT_EMPTY_RETURN,True,ACTIVE_RISKY,Review/fix risks before trusting component output; add contract/golden tests.
src.pipeline.stages.evaluation.metrics_calculator.get_metrics_calculator,calculator,pipeline/stages/evaluation/metrics_calculator.py,get_metrics_calculator,function,,,0,14,True,False,,1,SILENT_EMPTY_RETURN,True,ACTIVE_RISKY,Review/fix risks before trusting component output; add contract/golden tests.
src.pipeline.stages.evaluation.reporting.plot_equity_curve,pipeline_stage,pipeline/stages/evaluation/reporting.py,plot_equity_curve,function,,,0,11,True,False,,0,,True,ACTIVE_WITH_TEST_REFERENCE,Keep; verify runtime output reaches downstream model/evaluation.
src.pipeline.stages.evaluation.reporting.save_report,pipeline_stage,pipeline/stages/evaluation/reporting.py,save_report,function,,,0,11,True,False,,0,,True,ACTIVE_WITH_TEST_REFERENCE,Keep; verify runtime output reaches downstream model/evaluation.
src.pipeline.stages.evaluation.report_generator.ReportGenerator,pipeline_stage,pipeline/stages/evaluation/report_generator.py,ReportGenerator,class,__init__;plot_equity_curve;create_evaluation_summary;generate_notification_message;save_summary,,0,3,True,False,,0,,False,ACTIVE_NEEDS_RUNTIME_CONFIRMATION,Use runtime/lineage tracker to confirm execution and output usage.
src.pipeline.stages.evaluation.report_generator.get_report_generator,pipeline_stage,pipeline/stages/evaluation/report_generator.py,get_report_generator,function,,,0,4,True,False,,0,,False,ACTIVE_NEEDS_RUNTIME_CONFIRMATION,Use runtime/lineage tracker to confirm execution and output usage.
src.pipeline.stages.evaluation.__init__,pipeline_stage,pipeline/stages/evaluation/__init__.py,__init__,module,,,0,415,True,False,,0,,True,ACTIVE_WITH_TEST_REFERENCE,Keep; verify runtime output reaches downstream model/evaluation.
src.pipeline.stages.features.orchestrator_manager.FeatureEngineeringOrchestratorManager,pipeline_stage,pipeline/stages/features/orchestrator_manager.py,FeatureEngineeringOrchestratorManager,class,__init__;run_enrichment;get_config_hash,,0,0,True,False,,0,,False,ACTIVE_NEEDS_RUNTIME_CONFIRMATION,Use runtime/lineage tracker to confirm execution and output usage.
src.pipeline.stages.feature_engineering.enricher.FeatureEnricher,enricher,pipeline/stages/feature_engineering/enricher.py,FeatureEnricher,class,__init__;enrich_features;add_macro_features,,0,16,True,True,,0,,True,ACTIVE_WITH_TEST_REFERENCE,Keep; verify runtime output reaches downstream model/evaluation.
src.pipeline.stages.feature_engineering.guards.FeatureGuards,enricher,pipeline/stages/feature_engineering/guards.py,FeatureGuards,class,__init__;_initialize_guards;apply_guards;_infer_timeframe,,0,6,True,False,,2,SILENT_EMPTY_RETURN;TARGET_COLUMN_IN_NON_TARGET_COMPONENT,True,ACTIVE_RISKY,Review/fix risks before trusting component output; add contract/golden tests.
src.pipeline.stages.feature_engineering.orchestrator.FeatureEngineeringStage,enricher,pipeline/stages/feature_engineering/orchestrator.py,FeatureEngineeringStage,class,__init__;_validate_and_prepare_market_data,,0,38,True,True,,1,TARGET_COLUMN_IN_NON_TARGET_COMPONENT,True,ACTIVE_RISKY,Review/fix risks before trusting component output; add contract/golden tests.
src.pipeline.stages.feature_engineering.targets.TargetGenerator,enricher,pipeline/stages/feature_engineering/targets.py,TargetGenerator,class,__init__;generate_targets;append_targets,,0,56,True,True,,1,TARGET_COLUMN_IN_NON_TARGET_COMPONENT,True,ACTIVE_RISKY,Review/fix risks before trusting component output; add contract/golden tests.
src.pipeline.stages.feature_engineering.__init__,enricher,pipeline/stages/feature_engineering/__init__.py,__init__,module,,,0,415,True,False,,0,,True,ACTIVE_WITH_TEST_REFERENCE,Keep; verify runtime output reaches downstream model/evaluation.
src.pipeline.stages.modeling.dataclasses.TargetProcessingConfig,pipeline_stage,pipeline/stages/modeling/dataclasses.py,TargetProcessingConfig,class,,,0,51,True,False,,1,TARGET_COLUMN_IN_NON_TARGET_COMPONENT,False,ACTIVE_RISKY,Review/fix risks before trusting component output; add contract/golden tests.
src.pipeline.stages.modeling.dataclasses.FeatureLoadingConfig,pipeline_stage,pipeline/stages/modeling/dataclasses.py,FeatureLoadingConfig,class,,,0,50,True,False,,1,TARGET_COLUMN_IN_NON_TARGET_COMPONENT,False,ACTIVE_RISKY,Review/fix risks before trusting component output; add contract/golden tests.
src.pipeline.stages.modeling.dataclasses.TrainingDebugInfo,pipeline_stage,pipeline/stages/modeling/dataclasses.py,TrainingDebugInfo,class,,,0,50,True,False,,1,TARGET_COLUMN_IN_NON_TARGET_COMPONENT,False,ACTIVE_RISKY,Review/fix risks before trusting component output; add contract/golden tests.
src.pipeline.stages.modeling.dataclasses.SyncFeatureLoadingConfig,pipeline_stage,pipeline/stages/modeling/dataclasses.py,SyncFeatureLoadingConfig,class,,,0,49,True,False,,1,TARGET_COLUMN_IN_NON_TARGET_COMPONENT,False,ACTIVE_RISKY,Review/fix risks before trusting component output; add contract/golden tests.
src.pipeline.stages.modeling.dataclasses.SuccessfulTrainingConfig,pipeline_stage,pipeline/stages/modeling/dataclasses.py,SuccessfulTrainingConfig,class,,,0,50,True,False,,1,TARGET_COLUMN_IN_NON_TARGET_COMPONENT,False,ACTIVE_RISKY,Review/fix risks before trusting component output; add contract/golden tests.
src.pipeline.stages.modeling.dataclasses.ChampionInfoConfig,pipeline_stage,pipeline/stages/modeling/dataclasses.py,ChampionInfoConfig,class,,,0,50,True,False,,1,TARGET_COLUMN_IN_NON_TARGET_COMPONENT,False,ACTIVE_RISKY,Review/fix risks before trusting component output; add contract/golden tests.
src.pipeline.stages.modeling.dataclasses.SingleModelTrainingConfig,pipeline_stage,pipeline/stages/modeling/dataclasses.py,SingleModelTrainingConfig,class,,,0,50,True,False,,1,TARGET_COLUMN_IN_NON_TARGET_COMPONENT,False,ACTIVE_RISKY,Review/fix risks before trusting component output; add contract/golden tests.
src.pipeline.stages.modeling.dataclasses.LightModelChampionConfig,pipeline_stage,pipeline/stages/modeling/dataclasses.py,LightModelChampionConfig,class,,,0,50,True,False,,1,TARGET_COLUMN_IN_NON_TARGET_COMPONENT,False,ACTIVE_RISKY,Review/fix risks before trusting component output; add contract/golden tests.
src.pipeline.stages.modeling.io.load_selected_features_sync,pipeline_stage,pipeline/stages/modeling/io.py,load_selected_features_sync,function,,,1,6,True,False,,2,SILENT_EMPTY_RETURN;TARGET_COLUMN_IN_NON_TARGET_COMPONENT,True,ACTIVE_RISKY,Review/fix risks before trusting component output; add contract/golden tests.
src.pipeline.stages.modeling.io.try_load_features_file_sync,pipeline_stage,pipeline/stages/modeling/io.py,try_load_features_file_sync,function,,,1,5,True,False,,2,SILENT_EMPTY_RETURN;TARGET_COLUMN_IN_NON_TARGET_COMPONENT,True,ACTIVE_RISKY,Review/fix risks before trusting component output; add contract/golden tests.
src.pipeline.stages.modeling.io.save_light_models_results,pipeline_stage,pipeline/stages/modeling/io.py,save_light_models_results,function,,,1,5,True,False,,2,SILENT_EMPTY_RETURN;TARGET_COLUMN_IN_NON_TARGET_COMPONENT,True,ACTIVE_RISKY,Review/fix risks before trusting component output; add contract/golden tests.
src.pipeline.stages.modeling.io.resolve_selected_features_batch_dir,pipeline_stage,pipeline/stages/modeling/io.py,resolve_selected_features_batch_dir,function,,,1,6,True,False,,2,SILENT_EMPTY_RETURN;TARGET_COLUMN_IN_NON_TARGET_COMPONENT,True,ACTIVE_RISKY,Review/fix risks before trusting component output; add contract/golden tests.
src.pipeline.stages.modeling.io.try_get_batch_name_from_runtime_params,pipeline_stage,pipeline/stages/modeling/io.py,try_get_batch_name_from_runtime_params,function,,,1,5,True,False,,2,SILENT_EMPTY_RETURN;TARGET_COLUMN_IN_NON_TARGET_COMPONENT,True,ACTIVE_RISKY,Review/fix risks before trusting component output; add contract/golden tests.
src.pipeline.stages.modeling.io.search_nested_runtime_params,pipeline_stage,pipeline/stages/modeling/io.py,search_nested_runtime_params,function,,,1,5,True,False,,2,SILENT_EMPTY_RETURN;TARGET_COLUMN_IN_NON_TARGET_COMPONENT,True,ACTIVE_RISKY,Review/fix risks before trusting component output; add contract/golden tests.
src.pipeline.stages.modeling.io.try_get_batch_name_from_file,pipeline_stage,pipeline/stages/modeling/io.py,try_get_batch_name_from_file,function,,,1,5,True,False,,2,SILENT_EMPTY_RETURN;TARGET_COLUMN_IN_NON_TARGET_COMPONENT,True,ACTIVE_RISKY,Review/fix risks before trusting component output; add contract/golden tests.
src.pipeline.stages.modeling.metrics.calculate_model_metrics,calculator,pipeline/stages/modeling/metrics.py,calculate_model_metrics,function,,,0,134,True,True,,1,TARGET_COLUMN_IN_NON_TARGET_COMPONENT,True,ACTIVE_RISKY,Review/fix risks before trusting component output; add contract/golden tests.
src.pipeline.stages.modeling.metrics.create_light_model_champion_info,calculator,pipeline/stages/modeling/metrics.py,create_light_model_champion_info,function,,,0,134,True,True,,1,TARGET_COLUMN_IN_NON_TARGET_COMPONENT,True,ACTIVE_RISKY,Review/fix risks before trusting component output; add contract/golden tests.
src.pipeline.stages.modeling.orchestration,pipeline_stage,pipeline/stages/modeling/orchestration.py,orchestration,module,,,0,5,True,False,,2,SILENT_EMPTY_RETURN;TARGET_COLUMN_IN_NON_TARGET_COMPONENT,False,ACTIVE_RISKY,Review/fix risks before trusting component output; add contract/golden tests.
src.pipeline.stages.modeling.training.train_light_models_locally,pipeline_stage,pipeline/stages/modeling/training.py,train_light_models_locally,function,,,0,88,True,True,,2,SILENT_EMPTY_RETURN;TARGET_COLUMN_IN_NON_TARGET_COMPONENT,True,ACTIVE_RISKY,Review/fix risks before trusting component output; add contract/golden tests.
src.pipeline.stages.modeling.training.train_single_light_model,pipeline_stage,pipeline/stages/modeling/training.py,train_single_light_model,function,,,0,87,True,True,,2,SILENT_EMPTY_RETURN;TARGET_COLUMN_IN_NON_TARGET_COMPONENT,True,ACTIVE_RISKY,Review/fix risks before trusting component output; add contract/golden tests.
src.pipeline.stages.modeling.utils.get_context_fingerprint,pipeline_stage,pipeline/stages/modeling/utils.py,get_context_fingerprint,function,,,0,52,True,False,,2,SILENT_EMPTY_RETURN;TARGET_COLUMN_IN_NON_TARGET_COMPONENT,True,ACTIVE_RISKY,Review/fix risks before trusting component output; add contract/golden tests.
src.pipeline.stages.modeling.utils.log_training_debug_info,pipeline_stage,pipeline/stages/modeling/utils.py,log_training_debug_info,function,,,0,52,True,False,,2,SILENT_EMPTY_RETURN;TARGET_COLUMN_IN_NON_TARGET_COMPONENT,True,ACTIVE_RISKY,Review/fix risks before trusting component output; add contract/golden tests.
src.pipeline.stages.modeling.utils.create_champion_info,pipeline_stage,pipeline/stages/modeling/utils.py,create_champion_info,function,,,0,52,True,False,,2,SILENT_EMPTY_RETURN;TARGET_COLUMN_IN_NON_TARGET_COMPONENT,True,ACTIVE_RISKY,Review/fix risks before trusting component output; add contract/golden tests.
src.pipeline.stages.modeling.utils.log_to_diary,pipeline_stage,pipeline/stages/modeling/utils.py,log_to_diary,function,,,0,52,True,False,,2,SILENT_EMPTY_RETURN;TARGET_COLUMN_IN_NON_TARGET_COMPONENT,True,ACTIVE_RISKY,Review/fix risks before trusting component output; add contract/golden tests.
src.pipeline.stages.modeling.utils.get_light_model_training_data,pipeline_stage,pipeline/stages/modeling/utils.py,get_light_model_training_data,function,,,0,52,True,False,,2,SILENT_EMPTY_RETURN;TARGET_COLUMN_IN_NON_TARGET_COMPONENT,True,ACTIVE_RISKY,Review/fix risks before trusting component output; add contract/golden tests.
src.pipeline.stages.modeling.utils.determine_task_type,pipeline_stage,pipeline/stages/modeling/utils.py,determine_task_type,function,,,0,52,True,False,,2,SILENT_EMPTY_RETURN;TARGET_COLUMN_IN_NON_TARGET_COMPONENT,True,ACTIVE_RISKY,Review/fix risks before trusting component output; add contract/golden tests.
src.pipeline.stages.modeling.utils.get_light_model_types,pipeline_stage,pipeline/stages/modeling/utils.py,get_light_model_types,function,,,0,52,True,False,,2,SILENT_EMPTY_RETURN;TARGET_COLUMN_IN_NON_TARGET_COMPONENT,True,ACTIVE_RISKY,Review/fix risks before trusting component output; add contract/golden tests.
src.pipeline.stages.modeling.__init__,pipeline_stage,pipeline/stages/modeling/__init__.py,__init__,module,,,0,415,True,False,,0,,True,ACTIVE_WITH_TEST_REFERENCE,Keep; verify runtime output reaches downstream model/evaluation.
src.pipeline.stages.monitoring.feature_monitoring.FeatureEngineeringMonitor,pipeline_stage,pipeline/stages/monitoring/feature_monitoring.py,FeatureEngineeringMonitor,class,__init__;run_pre_checks;run_post_checks;_build_data_summary,,0,0,True,False,,0,,True,ACTIVE_WITH_TEST_REFERENCE,Keep; verify runtime output reaches downstream model/evaluation.
src.pipeline.stages.news.news_manager.FeatureEngineeringNewsManager,pipeline_stage,pipeline/stages/news/news_manager.py,FeatureEngineeringNewsManager,class,__init__;process_news,,0,0,True,False,,1,SILENT_EMPTY_RETURN,False,ACTIVE_RISKY,Review/fix risks before trusting component output; add contract/golden tests.
src.pipeline.stages.prediction.anomaly_engine.AnomalyEngine,pipeline_stage,pipeline/stages/prediction/anomaly_engine.py,AnomalyEngine,class,__init__;calculate_anomaly_score;calculate_ensemble_confidence;_prepare_anomaly_data;_calculate_zscore_anomaly;_calculate_isolation_forest_anomaly;_calculate_lof_anomaly;_collect_raw_predictions;_calc_consensus_dispersion;_fetch_diary_accuracy;_calc_volatility_factor,,0,5,True,False,prediction_sign,0,,False,ACTIVE_OUTPUT_UNTESTED,Component appears to produce output columns; add lineage + correctness tests.
src.pipeline.stages.prediction.data_preparation_service.DataPreparationService,pipeline_stage,pipeline/stages/prediction/data_preparation_service.py,DataPreparationService,class,__init__;prepare_inputs;_extract_features_df;_extract_models_meta;_validate_inputs;prepare_ticker_data;prepare_context_data;_drop_incomplete_model_rows;create_context_fingerprint,,0,2,True,False,ticker,1,SILENT_EMPTY_RETURN,True,ACTIVE_RISKY,Review/fix risks before trusting component output; add contract/golden tests.
src.pipeline.stages.prediction.data_preparer.PredictionDataPreparer,pipeline_stage,pipeline/stages/prediction/data_preparer.py,PredictionDataPreparer,class,__init__;prepare_inputs;validate_inputs;get_available_model_types;_handle_missing_features;_filter_features_for_model;prepare_context_data;_drop_incomplete_model_rows;adaptive_re_enrichment;_set_datetime_index;_preserve_metadata_columns;_convert_to_numeric;_handle_infinite_values;_validate_numeric_data;prepare_ticker_data;_get_scaler_paths;_try_scaler_in_scalers_dir;_try_scaler_in_model_path;_try_scaler_in_batch_dirs;_try_scaler_from_model_parts;_try_scaler_recursive_search;load_target_scaler;_try_load_scaler;_create_fallback_scaler;_normalize_metadata_columns,,0,0,True,False,datetime;ticker,2,SILENT_EMPTY_RETURN;TARGET_COLUMN_IN_NON_TARGET_COMPONENT,False,ACTIVE_RISKY,Review/fix risks before trusting component output; add contract/golden tests.
src.pipeline.stages.prediction.model_resolver.ModelResolver,pipeline_stage,pipeline/stages/prediction/model_resolver.py,ModelResolver,class,__init__;check_local_models;log_model_status;_resolve_batch_from_kwargs;_resolve_batch_from_model_paths;_resolve_most_recent_batch;resolve_batch_directory;_find_available_model_files;_match_model_file;update_local_model_paths;load_available_models;load_models_metadata_from_disk;_try_load_direct_model;_resolve_batch_dir_from_context;_extract_batch_dir_from_path;_get_model_search_patterns;_search_and_load_models;_get_models_search_paths;_search_patterns_in_path;_try_load_model_from_path;_create_model_meta;_read_runtime_params_if_exists;_resolve_batch_directory_from_kwargs;_load_light_models_from_disk;_load_heavy_models_from_disk;_process_ticker_results_from_colab,,0,8,True,False,,2,SILENT_EMPTY_RETURN;TARGET_COLUMN_IN_NON_TARGET_COMPONENT,False,ACTIVE_RISKY,Review/fix risks before trusting component output; add contract/golden tests.
src.pipeline.stages.prediction.model_selection_service.ModelSelectionService,selector,pipeline/stages/prediction/model_selection_service.py,ModelSelectionService,class,__init__;get_available_model_types;filter_models_by_type;select_best_model_for_context;_get_prediction_model_candidates;_build_model_alias_map;_resolve_model_selection;_score_model_from_context_weights;_create_context_fingerprint;_get_current_context_pattern_seq,,0,2,True,False,,2,SILENT_EMPTY_RETURN;TARGET_COLUMN_IN_NON_TARGET_COMPONENT,True,ACTIVE_RISKY,Review/fix risks before trusting component output; add contract/golden tests.
src.pipeline.stages.prediction.prediction_context_manager.PredictionContextManager,context_map,pipeline/stages/prediction/prediction_context_manager.py,PredictionContextManager,class,__init__;prepare_ticker_data;create_context_fingerprint,,0,2,True,False,ticker,1,SILENT_EMPTY_RETURN,False,ACTIVE_RISKY,Review/fix risks before trusting component output; add contract/golden tests.
src.pipeline.stages.prediction.prediction_generator.PredictionGenerator,pipeline_stage,pipeline/stages/prediction/prediction_generator.py,PredictionGenerator,class,__init__;generate_prediction;generate_ensemble_prediction;generate_single_model_prediction;adjust_prediction_contextually;denormalize_prediction;extract_prediction_value,,0,5,True,False,,2,SILENT_EMPTY_RETURN;TARGET_COLUMN_IN_NON_TARGET_COMPONENT,False,ACTIVE_RISKY,Review/fix risks before trusting component output; add contract/golden tests.
src.pipeline.stages.prediction.result_builder.PredictionResultBuilder,pipeline_stage,pipeline/stages/prediction/result_builder.py,PredictionResultBuilder,class,__init__;_load_autoencoder_model;_load_autoencoder_features;_calculate_autoencoder_normalcy;_integrate_autoencoder_anomaly;_to_serializable;_get_timestamp;build_result;_get_last_price;prepare_final_results;_save_stage_5_results,,0,0,True,False,,2,SILENT_EMPTY_RETURN;TARGET_COLUMN_IN_NON_TARGET_COMPONENT,False,ACTIVE_RISKY,Review/fix risks before trusting component output; add contract/golden tests.
src.pipeline.stages.prediction.result_request.PredictionResultRequest,pipeline_stage,pipeline/stages/prediction/result_request.py,PredictionResultRequest,class,,,0,3,True,False,,0,,False,ACTIVE_NEEDS_RUNTIME_CONFIRMATION,Use runtime/lineage tracker to confirm execution and output usage.
src.pipeline.stages.prediction.scaler_service.ScalerService,pipeline_stage,pipeline/stages/prediction/scaler_service.py,ScalerService,class,__init__;load_target_scaler,,0,2,True,False,,2,SILENT_EMPTY_RETURN;TARGET_COLUMN_IN_NON_TARGET_COMPONENT,False,ACTIVE_RISKY,Review/fix risks before trusting component output; add contract/golden tests.
src.pipeline.stages.prediction.__init__,pipeline_stage,pipeline/stages/prediction/__init__.py,__init__,module,,,0,415,True,False,,0,,True,ACTIVE_WITH_TEST_REFERENCE,Keep; verify runtime output reaches downstream model/evaluation.
src.pipeline.stages.processing.data_handler.ProcessingDataHandler,pipeline_stage,pipeline/stages/processing/data_handler.py,ProcessingDataHandler,class,__init__;clean_and_normalize_market_data;group_by_timeframes;apply_intelligent_filtering;apply_normalization;_extract_filtered_data;_collect_dataframes;_transform_nested_dataframes,,0,4,True,False,,1,SILENT_EMPTY_RETURN,True,ACTIVE_RISKY,Review/fix risks before trusting component output; add contract/golden tests.
src.pipeline.stages.processing.orchestrator.ProcessingStage,pipeline_stage,pipeline/stages/processing/orchestrator.py,ProcessingStage,class,__init__;_extract_raw_data;_process_all_data_types;_finalize_results,,0,38,True,True,,1,SILENT_EMPTY_RETURN,True,ACTIVE_RISKY,Review/fix risks before trusting component output; add contract/golden tests.
src.pipeline.stages.processing.storage.ProcessingStorage,pipeline_stage,pipeline/stages/processing/storage.py,ProcessingStorage,class,__init__;save_cleaned_data_to_files;_save_nested_dataframes,,0,37,True,True,,0,,False,ACTIVE_NEEDS_RUNTIME_CONFIRMATION,Use runtime/lineage tracker to confirm execution and output usage.
src.pipeline.stages.processing.validator.ProcessingValidator,pipeline_stage,pipeline/stages/processing/validator.py,ProcessingValidator,class,__init__;run_system_validation;create_quality_metrics,,0,11,True,True,,0,,True,ACTIVE_WITH_TEST_REFERENCE,Keep; verify runtime output reaches downstream model/evaluation.
src.pipeline.stages.processing.__init__,pipeline_stage,pipeline/stages/processing/__init__.py,__init__,module,,,0,415,True,False,,0,,True,ACTIVE_WITH_TEST_REFERENCE,Keep; verify runtime output reaches downstream model/evaluation.
src.pipeline.stages.trading.data_io.TradingDataIO,pipeline_stage,pipeline/stages/trading/data_io.py,TradingDataIO,class,__init__;save_stage_6_results;_find_latest_batch_name,,0,2,True,False,,1,SILENT_EMPTY_RETURN,False,ACTIVE_RISKY,Review/fix risks before trusting component output; add contract/golden tests.
src.pipeline.stages.trading.recommendation_engine.TradingRecommendationEngine,pipeline_stage,pipeline/stages/trading/recommendation_engine.py,TradingRecommendationEngine,class,__init__;generate_recommendations;_initialize_recommendations_structure;_categorize_models;_get_champion_model_for_target;_populate_champion_by_target;_enhance_predictions_with_confidence;_analyze_news_impact;_detect_global_regime;_detect_ticker_regime;_compute_adaptive_parameters;_build_recommendation;_classify_recommendation;_generate_trading_recommendations;_extract_prediction_value;_check_news_warning;_fallback_recommendations;_determine_asset_class;_calculate_robust_confidence;_find_champion_model;_calculate_base_confidence;_calculate_error_ratios;_calculate_anomaly_penalty;_calculate_consensus_boost;_validate_with_monte_carlo;_create_consolidated_table;build_record;_safe_float,,0,4,True,False,ticker,2,SILENT_EMPTY_RETURN;TARGET_COLUMN_IN_NON_TARGET_COMPONENT,True,ACTIVE_RISKY,Review/fix risks before trusting component output; add contract/golden tests.
src.pipeline.stages.trading.__init__,pipeline_stage,pipeline/stages/trading/__init__.py,__init__,module,,,0,415,True,False,,0,,True,ACTIVE_WITH_TEST_REFERENCE,Keep; verify runtime output reaches downstream model/evaluation.
src.pipeline.stages.utils.collection_manager.CollectionManager,pipeline_stage,pipeline/stages/utils/collection_manager.py,CollectionManager,class,__init__;_convert_to_dataframe,,0,2,True,False,,1,SILENT_EMPTY_RETURN,False,ACTIVE_RISKY,Review/fix risks before trusting component output; add contract/golden tests.
src.pipeline.stages.utils.data_schema_mapper.DataSchemaMapper,pipeline_stage,pipeline/stages/utils/data_schema_mapper.py,DataSchemaMapper,class,map_to_schema;_get_schema_key;_handle_additional_data,,0,2,True,False,,0,,False,ACTIVE_NEEDS_RUNTIME_CONFIRMATION,Use runtime/lineage tracker to confirm execution and output usage.
src.processing.filters.news_filter.NewsFilter,utility_or_unknown,processing/filters/news_filter.py,NewsFilter,class,__init__;filter_news_data,,0,4,False,False,,0,,False,ACTIVE_NEEDS_RUNTIME_CONFIRMATION,Use runtime/lineage tracker to confirm execution and output usage.
src.processing.filters.orchestrator.IntelligentDataFilter,pipeline_stage,processing/filters/orchestrator.py,IntelligentDataFilter,class,__init__;filter_quality_data;_create_filtering_summary,,0,37,True,False,,0,,True,ACTIVE_WITH_TEST_REFERENCE,Keep; verify runtime output reaches downstream model/evaluation.
src.processing.filters.pattern_extractor.PatternExtractor,utility_or_unknown,processing/filters/pattern_extractor.py,PatternExtractor,class,extract_patterns;_extract_price_patterns,,0,4,False,False,,0,,False,ACTIVE_NEEDS_RUNTIME_CONFIRMATION,Use runtime/lineage tracker to confirm execution and output usage.
src.processing.filters.price_filter.PriceFilter,utility_or_unknown,processing/filters/price_filter.py,PriceFilter,class,__init__;filter_price_data;assess_price_quality;detect_and_classify_gaps;detect_and_classify_anomalies,,0,4,False,False,,1,SILENT_EMPTY_RETURN,False,ACTIVE_RISKY,Review/fix risks before trusting component output; add contract/golden tests.
src.processing.filters.social_filter.SocialFilter,utility_or_unknown,processing/filters/social_filter.py,SocialFilter,class,__init__;filter_reddit_data,,0,4,False,False,,0,,False,ACTIVE_NEEDS_RUNTIME_CONFIRMATION,Use runtime/lineage tracker to confirm execution and output usage.
src.processing.filters.__init__,utility_or_unknown,processing/filters/__init__.py,__init__,module,,,0,415,False,False,,0,,True,ACTIVE_WITH_TEST_REFERENCE,Keep; verify runtime output reaches downstream model/evaluation.
src.risk.analyzers.concentration_analyzer.ConcentrationAnalyzer,analyzer,risk/analyzers/concentration_analyzer.py,ConcentrationAnalyzer,class,__init__;analyze,analyze,0,2,False,False,,0,,False,ACTIVE_NEEDS_RUNTIME_CONFIRMATION,Use runtime/lineage tracker to confirm execution and output usage.
src.risk.analyzers.correlation_analyzer.CorrelationAnalyzer,analyzer,risk/analyzers/correlation_analyzer.py,CorrelationAnalyzer,class,__init__;analyze,analyze,0,2,False,False,,0,,False,ACTIVE_NEEDS_RUNTIME_CONFIRMATION,Use runtime/lineage tracker to confirm execution and output usage.
src.risk.kill_switch.alerts.AlertManager,risk,risk/kill_switch/alerts.py,AlertManager,class,__init__;send_alert,,0,18,False,True,,0,,False,ACTIVE_NEEDS_RUNTIME_CONFIRMATION,Use runtime/lineage tracker to confirm execution and output usage.
src.risk.kill_switch.calculator.KillSwitchCalculator,risk,risk/kill_switch/calculator.py,KillSwitchCalculator,class,__init__;calculate_risk_metrics;calculate_portfolio_metrics;_calculate_portfolio_returns;calculate_position_metrics;analyze_market_conditions;determine_risk_level;check_emergency_triggers,,0,22,False,False,,1,SILENT_EMPTY_RETURN,True,ACTIVE_RISKY,Review/fix risks before trusting component output; add contract/golden tests.
src.risk.kill_switch.config.KillSwitchConfig,risk,risk/kill_switch/config.py,KillSwitchConfig,class,__init__,,0,222,False,True,,0,,True,ACTIVE_WITH_TEST_REFERENCE,Keep; verify runtime output reaches downstream model/evaluation.
src.risk.kill_switch.executor.KillSwitchExecutor,risk,risk/kill_switch/executor.py,KillSwitchExecutor,class,__init__,,0,11,False,False,,0,,True,ACTIVE_WITH_TEST_REFERENCE,Keep; verify runtime output reaches downstream model/evaluation.
src.risk.kill_switch.manager.KillSwitchManager,risk,risk/kill_switch/manager.py,KillSwitchManager,class,__init__;_record_risk_event;get_risk_summary,,0,45,False,False,,0,,True,ACTIVE_WITH_TEST_REFERENCE,Keep; verify runtime output reaches downstream model/evaluation.
src.risk.kill_switch.__init__,risk,risk/kill_switch/__init__.py,__init__,module,,,0,415,False,False,,0,,True,ACTIVE_WITH_TEST_REFERENCE,Keep; verify runtime output reaches downstream model/evaluation.
src.targets.calculators.base_news_target_calculator.BaseNewsTargetCalculator,calculator,targets/calculators/base_news_target_calculator.py,BaseNewsTargetCalculator,class,__init__;_prepare_data;calculate,calculate,0,0,False,False,ticker,1,SILENT_EMPTY_RETURN,False,UNUSED_POTENTIALLY_VALUABLE,Do not delete; inspect logic and consider integration experiment/ablation.
src.targets.calculators.classification_calculator.ClassificationCalculator,calculator,targets/calculators/classification_calculator.py,ClassificationCalculator,class,calculate_binary;calculate_multiclass,,0,4,False,False,,0,,True,ACTIVE_WITH_TEST_REFERENCE,Keep; verify runtime output reaches downstream model/evaluation.
src.targets.calculators.indicator_prediction_calculator.IndicatorPredictionCalculator,calculator,targets/calculators/indicator_prediction_calculator.py,IndicatorPredictionCalculator,class,calculate,calculate,0,4,False,False,,0,,False,ACTIVE_NEEDS_RUNTIME_CONFIRMATION,Use runtime/lineage tracker to confirm execution and output usage.
src.targets.calculators.post_news_target_calculator.PostNewsTargetCalculator,calculator,targets/calculators/post_news_target_calculator.py,PostNewsTargetCalculator,class,calculate,calculate,0,0,False,False,interval;ticker,0,,False,UNUSED_POTENTIALLY_VALUABLE,Do not delete; inspect logic and consider integration experiment/ablation.
src.targets.calculators.pre_news_target_calculator.PreNewsTargetCalculator,calculator,targets/calculators/pre_news_target_calculator.py,PreNewsTargetCalculator,class,_filter_by_timeframe;_ensure_datetime_column;_get_upcoming_news;_calculate_target_return;calculate,calculate,0,0,False,False,interval;ticker,0,,False,UNUSED_POTENTIALLY_VALUABLE,Do not delete; inspect logic and consider integration experiment/ablation.
src.targets.calculators.regression_calculator.RegressionCalculator,calculator,targets/calculators/regression_calculator.py,RegressionCalculator,class,calculate,calculate,0,4,False,False,,0,,True,ACTIVE_WITH_TEST_REFERENCE,Keep; verify runtime output reaches downstream model/evaluation.
src.targets.calculators.__init__,calculator,targets/calculators/__init__.py,__init__,module,,,0,415,False,False,,0,,True,ACTIVE_WITH_TEST_REFERENCE,Keep; verify runtime output reaches downstream model/evaluation.
src.training.batch.batch_processor.BatchProcessor,utility_or_unknown,training/batch/batch_processor.py,BatchProcessor,class,__init__;create_progressive_batches;_create_fixed_batches;_prioritize_tickers;get_ticker_priority;estimate_batch_difficulty;aggregate_batch_metrics;create_empty_batch_result,,0,3,False,False,,0,,False,ACTIVE_NEEDS_RUNTIME_CONFIRMATION,Use runtime/lineage tracker to confirm execution and output usage.
src.training.security.path_security_validator.PathSecurityValidator,validator,training/security/path_security_validator.py,PathSecurityValidator,class,__init__;sanitize_path_input;_check_path_security_basics;_check_path_traversal;_check_path_bounds,,0,2,False,False,,0,,True,ACTIVE_WITH_TEST_REFERENCE,Keep; verify runtime output reaches downstream model/evaluation.
src.training.state.training_state_manager.TrainingState,utility_or_unknown,training/state/training_state_manager.py,TrainingState,class,,,0,1,False,False,,0,,False,ACTIVE_NEEDS_RUNTIME_CONFIRMATION,Use runtime/lineage tracker to confirm execution and output usage.
src.training.state.training_state_manager.TrainingStateManager,utility_or_unknown,training/state/training_state_manager.py,TrainingStateManager,class,__init__;initialize_state;update_processed_tickers;increment_batch_count;adjust_batch_size;should_skip_ticker;save_checkpoint;load_checkpoint;get_state_summary,,0,2,False,False,,0,,False,ACTIVE_NEEDS_RUNTIME_CONFIRMATION,Use runtime/lineage tracker to confirm execution and output usage.
