config_file,key,value,status,matched_files,recommendation
.archive_docs\draft\dean_os_agent_system_v7\dean_os\config\agent_registry.yaml,class_like_name,DomainAnalystAgent,POSSIBLY_MISSING,,Check if config references renamed/deleted component or if component is loaded dynamically.
.archive_docs\draft\dean_os_agent_system_v7\dean_os\config\agent_registry.yaml,class_like_name,PipelineManagerAgent,POSSIBLY_MISSING,,Check if config references renamed/deleted component or if component is loaded dynamically.
.archive_docs\draft\dean_os_agent_system_v7\dean_os\config\agent_registry.yaml,class_like_name,PipelineAuditAgent,POSSIBLY_MISSING,,Check if config references renamed/deleted component or if component is loaded dynamically.
.archive_docs\draft\dean_os_agent_system_v7\dean_os\config\agent_registry.yaml,class_like_name,AgentEvaluationControllerAgent,POSSIBLY_MISSING,,Check if config references renamed/deleted component or if component is loaded dynamically.
.archive_docs\draft\dean_os_agent_system_v7\dean_os\config\agent_registry.yaml,class_like_name,DataQualityAgent,FOUND_IN_SOURCE,agents/pipeline_bridge.py,Verify this reference is used through a registry/factory/pipeline path.
.archive_docs\draft\dean_os_agent_system_v7\dean_os\config\agent_registry.yaml,class_like_name,RiskAgent,POSSIBLY_MISSING,,Check if config references renamed/deleted component or if component is loaded dynamically.
.archive_docs\draft\dean_os_agent_system_v7\dean_os\config\agent_registry.yaml,class_like_name,ModelPerformanceAgent,FOUND_IN_SOURCE,agents/pipeline_bridge.py,Verify this reference is used through a registry/factory/pipeline path.
.archive_docs\draft\dean_os_agent_system_v7\dean_os\config\agent_registry.yaml,class_like_name,RegimeAgent,POSSIBLY_MISSING,,Check if config references renamed/deleted component or if component is loaded dynamically.
.archive_docs\draft\dean_os_agent_system_v7\dean_os\config\agent_registry.yaml,class_like_name,ContextSynthesisAgent,POSSIBLY_MISSING,,Check if config references renamed/deleted component or if component is loaded dynamically.
.archive_docs\draft\dean_os_agent_system_v7\dean_os\config\agent_registry.yaml,class_like_name,TuningAgent,FOUND_IN_SOURCE,agents/pipeline_bridge.py,Verify this reference is used through a registry/factory/pipeline path.
.archive_docs\draft\dean_os_agent_system_v7\dean_os\config\agent_registry.yaml,class_like_name,ChiefReviewAgent,POSSIBLY_MISSING,,Check if config references renamed/deleted component or if component is loaded dynamically.
.archive_docs\draft\dean_os_agent_system_v7\dean_os\config\agent_registry.yaml,class_like_name,PaperPortfolioAgent,POSSIBLY_MISSING,,Check if config references renamed/deleted component or if component is loaded dynamically.
.archive_docs\draft\dean_os_agent_system_v7\dean_os\config\agent_registry.yaml,class_like_name,DiaryBridgeAgent,POSSIBLY_MISSING,,Check if config references renamed/deleted component or if component is loaded dynamically.
.archive_docs\draft\dean_os_agent_system_v7\dean_os\config\agent_registry.yaml,class_like_name,SourceRoutingAgent,POSSIBLY_MISSING,,Check if config references renamed/deleted component or if component is loaded dynamically.
.archive_docs\draft\dean_os_agent_system_v7\dean_os\config\agent_registry.yaml,class_like_name,OperationsProposalAgent,POSSIBLY_MISSING,,Check if config references renamed/deleted component or if component is loaded dynamically.
.archive_docs\draft\dean_os_agent_system_v7\dean_os\config\agent_registry.yaml,class_like_name,NewsEventAnalyzerAgent,POSSIBLY_MISSING,,Check if config references renamed/deleted component or if component is loaded dynamically.
.archive_docs\draft\dean_os_agent_system_v7\dean_os\config\agent_registry.yaml,class_like_name,ResearchIngestionAgent,POSSIBLY_MISSING,,Check if config references renamed/deleted component or if component is loaded dynamically.
.archive_docs\draft\dean_os_agent_system_v7\dean_os\config\agent_registry.yaml,class_like_name,SpecialistResearchAgent,POSSIBLY_MISSING,,Check if config references renamed/deleted component or if component is loaded dynamically.
.archive_docs\draft\dean_os_agent_system_v7\dean_os\config\agent_registry.yaml,class_like_name,FinancialNLPAgent,POSSIBLY_MISSING,,Check if config references renamed/deleted component or if component is loaded dynamically.
.archive_docs\draft\dean_os_agent_system_v7\dean_os\config\agent_registry.yaml,class_like_name,EvidenceSynthesisAgent,POSSIBLY_MISSING,,Check if config references renamed/deleted component or if component is loaded dynamically.
.archive_docs\draft\dean_os_agent_system_v7\dean_os\config\agent_registry.yaml,class_like_name,MacroPolicyAgent,POSSIBLY_MISSING,,Check if config references renamed/deleted component or if component is loaded dynamically.
.archive_docs\draft\dean_os_agent_system_v7\dean_os\config\agent_registry.yaml,class_like_name,GeoPoliticalAgent,POSSIBLY_MISSING,,Check if config references renamed/deleted component or if component is loaded dynamically.
.archive_docs\draft\dean_os_agent_system_v7\dean_os\config\agent_registry.yaml,class_like_name,NewsCatalystAgent,POSSIBLY_MISSING,,Check if config references renamed/deleted component or if component is loaded dynamically.
.archive_docs\draft\dean_os_agent_system_v7\dean_os\config\agent_registry.yaml,class_like_name,SectorCycleAgent,POSSIBLY_MISSING,,Check if config references renamed/deleted component or if component is loaded dynamically.
.archive_docs\draft\dean_os_agent_system_v7\dean_os\config\agent_registry.yaml,class_like_name,IndustryMapAgent,POSSIBLY_MISSING,,Check if config references renamed/deleted component or if component is loaded dynamically.
.archive_docs\draft\dean_os_agent_system_v7\dean_os\config\agent_registry.yaml,class_like_name,HistoricalAnalogiesAgent,POSSIBLY_MISSING,,Check if config references renamed/deleted component or if component is loaded dynamically.
.archive_docs\draft\dean_os_agent_system_v7\dean_os\config\agent_registry.yaml,class_like_name,ValueScreeningAgent,POSSIBLY_MISSING,,Check if config references renamed/deleted component or if component is loaded dynamically.
.archive_docs\draft\dean_os_agent_system_v7\dean_os\config\agent_registry.yaml,class_like_name,ContrarianThesisAgent,POSSIBLY_MISSING,,Check if config references renamed/deleted component or if component is loaded dynamically.
.archive_docs\draft\dean_os_agent_system_v7\dean_os\config\agent_registry.yaml,class_like_name,UnifiedResearchAgent,FOUND_IN_SOURCE,agents/pipeline_bridge.py;agents/archive/cognitive_pipeline.py,Verify this reference is used through a registry/factory/pipeline path.
.archive_docs\draft\dean_os_agent_system_v7\dean_os\config\agent_registry.yaml,class_like_name,CoherenceScanAgent,POSSIBLY_MISSING,,Check if config references renamed/deleted component or if component is loaded dynamically.
.archive_docs\draft\dean_os_agent_system_v7\dean_os\config\agent_registry.yaml,class_like_name,FreshnessAuditAgent,POSSIBLY_MISSING,,Check if config references renamed/deleted component or if component is loaded dynamically.
.archive_docs\draft\dean_os_agent_system_v7\dean_os\config\agent_registry.yaml,class_like_name,PipelineReadinessAgent,POSSIBLY_MISSING,,Check if config references renamed/deleted component or if component is loaded dynamically.
.archive_docs\draft\dean_os_agent_system_v7\dean_os\config\agent_registry.yaml,class_path,dean_os.agents.domain_analyst,POSSIBLY_MISSING,,Check if config references renamed/deleted component or if component is loaded dynamically.
.archive_docs\draft\dean_os_agent_system_v7\dean_os\config\agent_registry.yaml,class_path,dean_os.agents.pipeline_manager,FOUND_IN_SOURCE,pipeline/hybrid_orchestrator.py;pipeline/hybrid/component_factory.py;pipeline/hybrid/orchestrator_interface.py;pipeline/hybrid/pipeline_manager.py;pipeline/hybrid/__init__.py,Verify this reference is used through a registry/factory/pipeline path.
.archive_docs\draft\dean_os_agent_system_v7\dean_os\config\agent_registry.yaml,class_path,dean_os.agents.pipeline_audit,POSSIBLY_MISSING,,Check if config references renamed/deleted component or if component is loaded dynamically.
.archive_docs\draft\dean_os_agent_system_v7\dean_os\config\agent_registry.yaml,class_path,dean_os.agents.agent_evaluation_controller,POSSIBLY_MISSING,,Check if config references renamed/deleted component or if component is loaded dynamically.
.archive_docs\draft\dean_os_agent_system_v7\dean_os\config\agent_registry.yaml,class_path,dean_os.agents.data_quality,FOUND_IN_SOURCE,monitoring/config.py;monitoring/dashboard.py;monitoring/monitoring_system.py;archive/model_selector_dead/context_prediction_mapper.py;archive/model_selector_dead/dynamic_weight_selector.py;archive/model_selector_dead/enhanced_context_analyzer.py;archive/monitoring/example_usage.py;archive/monitoring/tests.py;archive/training/pattern_aware_training.py;archive/pipeline/stages/stage_3_improvements.py;core/validation/validators.py;models/model_selector/smart_selector.py;processing/filters/price_filter.py,Verify this reference is used through a registry/factory/pipeline path.
.archive_docs\draft\dean_os_agent_system_v7\dean_os\config\agent_registry.yaml,class_path,dean_os.agents.risk,FOUND_IN_SOURCE,algorithms/adaptive_position_sizer.py;algorithms/metrics_mixin.py;algorithms/risk_parity_allocator.py;algorithms/__init__.py;archive/dean_integration.py;archive/financial_metrics.py;archive/legacy_smart_trader.py;config/unified_config_manager.py;dashboard/main_app.py;monitoring/health_hub.py;monitoring/ml_analytics.py;risk/elite_risk_metrics.py;risk/max_exposure_monitor.py;scripts/test_modular_pipeline.py;trading/adaptive_parameter_manager.py;trading/consensus_engine.py;trading/elite_risk_sizer.py;trading/portfolio_manager.py;trading/trading_orchestrator.py;trading/virtual_portfolio.py,Verify this reference is used through a registry/factory/pipeline path.
.archive_docs\draft\dean_os_agent_system_v7\dean_os\config\agent_registry.yaml,class_path,dean_os.agents.model_performance,FOUND_IN_SOURCE,agents/pipeline_bridge.py;archive/online_model_integration.py;dashboard/dashboard_data_bridge.py;dashboard/main_app.py;monitoring/config.py;monitoring/dashboard.py;monitoring/health_hub.py;monitoring/ml_analytics.py;monitoring/monitoring_system.py;trading/live_adaptive_ensemble.py;analytics/arena/performance_tracker.py;analytics/context/contextual_model_selector.py;analytics/signals/signal_analytics.py;archive/meta_learning/real_time_learning.py;archive/monitoring/example_usage.py;archive/monitoring/tests.py;archive/training/pattern_aware_training.py;ensembling/ensemble/archive/adaptive_ensemble.py;features/analysis/news_decay_modeler.py;models/analysis/regime_winner_analyzer.py,Verify this reference is used through a registry/factory/pipeline path.
.archive_docs\draft\dean_os_agent_system_v7\dean_os\config\agent_registry.yaml,class_path,dean_os.agents.regime,FOUND_IN_SOURCE,agents/pipeline_bridge.py;algorithms/adaptive_position_sizer.py;algorithms/__init__.py;devtools/rule_generator.py;ensembling/base_ensemble.py;ensembling/stacked_ensemble.py;features/feature_selector.py;models/__init__.py;scripts/test_modular_pipeline.py;trading/adaptive_parameter_manager.py;trading/consensus_engine.py;trading/live_adaptive_ensemble.py;trading/portfolio_manager.py;trading/trading_orchestrator.py;agents/archive/cognitive_pipeline.py;agents/modular_pipeline/orchestrator.py;agents/modular_pipeline/lenses/macro_regime_lens.py;algorithms/regime/clustering.py;algorithms/regime/metrics.py;algorithms/regime/rules.py,Verify this reference is used through a registry/factory/pipeline path.
.archive_docs\draft\dean_os_agent_system_v7\dean_os\config\agent_registry.yaml,class_path,dean_os.agents.context_synthesis,POSSIBLY_MISSING,,Check if config references renamed/deleted component or if component is loaded dynamically.
.archive_docs\draft\dean_os_agent_system_v7\dean_os\config\agent_registry.yaml,class_path,dean_os.agents.tuning,FOUND_IN_SOURCE,trading/adaptive_parameter_manager.py;archive/calibration/calibration_engine.py;archive/calibration/__init__.py;archive/patterns/pattern_tuning.py;devtools/experimentation/run_hyperparameter_tuning.py;features/analysis/news_decay_modeler.py;meta_learning/calibration/calibration_engine.py;meta_learning/security/constraint_engine.py,Verify this reference is used through a registry/factory/pipeline path.
.archive_docs\draft\dean_os_agent_system_v7\dean_os\config\agent_registry.yaml,class_path,dean_os.agents.chief_review,POSSIBLY_MISSING,,Check if config references renamed/deleted component or if component is loaded dynamically.
.archive_docs\draft\dean_os_agent_system_v7\dean_os\config\agent_registry.yaml,class_path,dean_os.agents.paper_portfolio,POSSIBLY_MISSING,,Check if config references renamed/deleted component or if component is loaded dynamically.
.archive_docs\draft\dean_os_agent_system_v7\dean_os\config\agent_registry.yaml,class_path,dean_os.agents.diary_bridge,POSSIBLY_MISSING,,Check if config references renamed/deleted component or if component is loaded dynamically.
.archive_docs\draft\dean_os_agent_system_v7\dean_os\config\agent_registry.yaml,class_path,dean_os.agents.source_routing,POSSIBLY_MISSING,,Check if config references renamed/deleted component or if component is loaded dynamically.
.archive_docs\draft\dean_os_agent_system_v7\dean_os\config\agent_registry.yaml,class_path,dean_os.agents.operations,FOUND_IN_SOURCE,cli/batch_manager.py;pipeline/pipeline_orchestrator.py;utils/path_safety.py;utils/path_utils.py;archive/utils/resource_limiter.py;core/file_management/file_manager.py;core/logging/log_standards.py;core/monitoring/memory_profiler.py;core/system/version_manager.py;core/validation/validators.py;data/management/connectors/bigquery_connector.py;features/utils/datetime_utils.py;pipeline/guards/temporal_leakage_guard.py;pipeline/hybrid/cache_manager.py;pipeline/hybrid/colab_manager.py;pipeline/hybrid/colab_workflow_manager.py;pipeline/hybrid/data_batch_manager.py;pipeline/hybrid/data_manager.py;pipeline/hybrid/data_processor.py;pipeline/hybrid/data_utils.py,Verify this reference is used through a registry/factory/pipeline path.
.archive_docs\draft\dean_os_agent_system_v7\dean_os\config\agent_registry.yaml,class_path,dean_os.agents.news_event_analyzer,POSSIBLY_MISSING,,Check if config references renamed/deleted component or if component is loaded dynamically.
.archive_docs\draft\dean_os_agent_system_v7\dean_os\config\agent_registry.yaml,class_path,dean_os.agents.research_agents,POSSIBLY_MISSING,,Check if config references renamed/deleted component or if component is loaded dynamically.
.archive_docs\draft\dean_os_agent_system_v7\dean_os\config\agent_registry.yaml,class_path,dean_os.agents.financial_nlp,POSSIBLY_MISSING,,Check if config references renamed/deleted component or if component is loaded dynamically.
.archive_docs\draft\dean_os_agent_system_v7\dean_os\config\agent_registry.yaml,model,null,FOUND_IN_SOURCE,cli/batch_manager.py;cli/pipeline_executor.py;analytics/utils/knn_model_wrapper.py;archive/model_selector_dead/dynamic_weight_selector.py;archive/model_selector_dead/enhanced_context_analyzer.py;archive/patterns/pattern_analyzer.py;archive/utils/missing_data_anomaly_detector.py;archive/pipeline/stages/stage_3_improvements.py;archive/pipeline/stages/prediction/result_builder.py;core/cache/cache_manager.py;core/utils/path_utils.py;core/validation/validators.py;data/collectors/free_google_trends_collector.py;data/validation/event_dataset_validator.py;features/enrichers/improved_sentiment_enricher.py;features/enrichers/sentiment_features_enricher.py;models/model_selector/smart_selector.py;pipeline/guards/safe_feature_combiner.py;pipeline/stages/collection/orchestrator.py;processing/filters/price_filter.py,Verify this reference is used through a registry/factory/pipeline path.
.archive_docs\draft\dean_os_agent_system_v7\dean_os\config\agent_registry.yaml,class_path,dean_os.agents.synthesis,FOUND_IN_SOURCE,trading/trading_orchestrator.py;archive/trading/signal_processor.py,Verify this reference is used through a registry/factory/pipeline path.
.archive_docs\draft\dean_os_agent_system_v7\dean_os\config\agent_registry.yaml,class_path,dean_os.agents.domain_research,FOUND_IN_SOURCE,agents/archive/cognitive_pipeline.py,Verify this reference is used through a registry/factory/pipeline path.
.archive_docs\draft\dean_os_agent_system_v7\dean_os\config\agent_registry.yaml,class_path,dean_os.agents.historical_analogies,POSSIBLY_MISSING,,Check if config references renamed/deleted component or if component is loaded dynamically.
.archive_docs\draft\dean_os_agent_system_v7\dean_os\config\agent_registry.yaml,class_path,dean_os.agents.unified_research_agent,POSSIBLY_MISSING,,Check if config references renamed/deleted component or if component is loaded dynamically.
.archive_docs\draft\dean_os_agent_system_v7\dean_os\config\agent_registry.yaml,class_path,dean_os.agents.coherence_scan,POSSIBLY_MISSING,,Check if config references renamed/deleted component or if component is loaded dynamically.
.archive_docs\draft\dean_os_agent_system_v7\dean_os\config\agent_registry.yaml,class_path,dean_os.agents.freshness_audit,POSSIBLY_MISSING,,Check if config references renamed/deleted component or if component is loaded dynamically.
.archive_docs\draft\dean_os_agent_system_v7\dean_os\config\agent_registry.yaml,class_path,dean_os.agents.pipeline_readiness,POSSIBLY_MISSING,,Check if config references renamed/deleted component or if component is loaded dynamically.
.archive_docs\draft\dean_os_agent_system_v7\dean_os\config\domain_profiles\semiconductor_ai_infrastructure.yaml,name,Semiconductor,POSSIBLY_MISSING,,Check if config references renamed/deleted component or if component is loaded dynamically.
.archive_docs\draft\dean_os_agent_system_v7\dean_os\config\macro_series_registry.yaml,name,ICE,FOUND_IN_SOURCE,processing/price_preprocessor.py;agents/modular_pipeline/lenses/financial_services_lens.py;archive/data/clean_price_anomalies.py;data/quality/news_price_availability_filter.py;features/nlp/deduplication_service.py;features/nlp/models/finbert_pipeline.py;pipeline/stages/feature_engineering/timeframe_context.py;pipeline/stages/prediction/data_preparation_service.py;pipeline/stages/prediction/model_selection_service.py;pipeline/stages/prediction/scaler_service.py;processing/filters/price_filter.py;scripts/simulation/shadow_arena.py,Verify this reference is used through a registry/factory/pipeline path.
.archive_docs\draft\dean_os_agent_system_v7\dean_os\config\macro_series_registry.yaml,name,Continued,POSSIBLY_MISSING,,Check if config references renamed/deleted component or if component is loaded dynamically.
.archive_docs\draft\dean_os_agent_system_v7\dean_os\config\macro_series_registry.yaml,name,Consumer,FOUND_IN_SOURCE,scripts/test_modular_pipeline.py;agents/modular_pipeline/orchestrator.py;agents/modular_pipeline/lenses/consumer_retail_lens.py;features/nlp/extractors/news_ticker_detector.py;pipeline/guards/macro_release_timing_guard.py,Verify this reference is used through a registry/factory/pipeline path.
.archive_docs\draft\dean_os_agent_system_v7\dean_os\config\macro_series_registry.yaml,name,Crude,FOUND_IN_SOURCE,agents/tools/eia_tool.py,Verify this reference is used through a registry/factory/pipeline path.
.archive_docs\draft\dean_os_agent_system_v7\dean_os\config\macro_series_registry.yaml,name,Chinese,POSSIBLY_MISSING,,Check if config references renamed/deleted component or if component is loaded dynamically.
.archive_docs\draft\dean_os_agent_system_v7\dean_os\config\macro_series_registry.yaml,name,U.S.,FOUND_IN_SOURCE,__init__.py;agents/pipeline_bridge.py;algorithms/adaptive_position_sizer.py;algorithms/metrics_mixin.py;algorithms/risk_parity_allocator.py;algorithms/transaction_cost_model.py;algorithms/__init__.py;analytics/analyzer_registry.py;analytics/interfaces.py;analytics/meta_pattern_miner.py;analytics/panic_correlation_analyzer.py;analytics/unified_analytics_engine.py;analytics/__init__.py;archive/dean_integration.py;archive/financial_metrics.py;archive/legacy_smart_trader.py;archive/online_model_integration.py;archive/portfolio_optimizer.py;cli/argument_parser.py;cli/argument_validator.py,Verify this reference is used through a registry/factory/pipeline path.
.archive_docs\draft\dean_os_agent_system_v7\dean_os\config\macro_series_registry.yaml,name,Manufacturers,POSSIBLY_MISSING,,Check if config references renamed/deleted component or if component is loaded dynamically.
.archive_docs\draft\dean_os_agent_system_v7\dean_os\config\macro_series_registry.yaml,name,Market,FOUND_IN_SOURCE,agents/pipeline_bridge.py;algorithms/adaptive_position_sizer.py;algorithms/__init__.py;archive/legacy_smart_trader.py;archive/portfolio_optimizer.py;dashboard/main_app.py;meta_learning/__init__.py;pipeline/timeframe_lineage.py;trading/adaptive_parameter_manager.py;trading/consensus_engine.py;validation/pipeline_schemas.py;agents/archive/veto_system.py;algorithms/regime/clustering.py;algorithms/regime/rules.py;algorithms/regime/types.py;analytics/analyzers/performance_attribution_analyzer.py;analytics/analyzers/risk_decomposition_analyzer.py;analytics/calculators/fama_french_factors.py;analytics/calculators/market_regime_calculator.py;analytics/context/market_context_analyzer.py,Verify this reference is used through a registry/factory/pipeline path.
.archive_docs\draft\dean_os_agent_system_v7\dean_os\config\macro_series_registry.yaml,name,Real,FOUND_IN_SOURCE,monitoring/data_freshness_monitor.py;monitoring/ml_analytics.py;monitoring/monitoring_system.py;monitoring/__init__.py;scripts/test_modular_pipeline.py;agents/modular_pipeline/orchestrator.py;agents/modular_pipeline/lenses/real_estate_construction_lens.py;analytics/context/ensemble_selector.py;archive/backtesting/engine.py;archive/calibration/calibration_engine.py;archive/meta_learning/real_time_learning.py;archive/models_dead/integrated_model_manager.py;archive/monitoring/example_usage.py;features/selection/volatility_driver_selector.py;meta_learning/awareness/context_engine.py;meta_learning/calibration/calibration_engine.py;meta_learning/security/constraint_engine.py;meta_learning/awareness/context/manager.py;models/monitoring/prediction_drift_monitor.py;models/monitoring/__init__.py,Verify this reference is used through a registry/factory/pipeline path.
.archive_docs\draft\dean_os_agent_system_v7\dean_os\config\macro_series_registry.yaml,name,Effective,FOUND_IN_SOURCE,analytics/analyzers/performance_attribution_analyzer.py,Verify this reference is used through a registry/factory/pipeline path.
.archive_docs\draft\dean_os_agent_system_v7\dean_os\config\macro_series_registry.yaml,name,Housing,POSSIBLY_MISSING,,Check if config references renamed/deleted component or if component is loaded dynamically.
.archive_docs\draft\dean_os_agent_system_v7\dean_os\config\macro_series_registry.yaml,name,Industrial,FOUND_IN_SOURCE,scripts/test_modular_pipeline.py;agents/modular_pipeline/orchestrator.py;agents/modular_pipeline/lenses/industrial_logistics_lens.py;features/nlp/extractors/news_ticker_detector.py,Verify this reference is used through a registry/factory/pipeline path.
.archive_docs\draft\dean_os_agent_system_v7\dean_os\config\macro_series_registry.yaml,name,All,FOUND_IN_SOURCE,algorithms/risk_parity_allocator.py;algorithms/__init__.py;archive/financial_metrics.py;core/version_checker.py;ensembling/caching.py;models/loader.py;processing/parallel_processor.py;sentiment/sentiment_models.py;trading/portfolio_manager.py;trading/post_inference_filter.py;training/base_trainer.py;training/batch_trainer.py;utils/path_safety.py;analytics/analyzers/performance_attribution_analyzer.py;analytics/arena/battle_groups.py;analytics/detectors/anomaly_detector.py;archive/backtesting/engine.py;archive/utils/missing_data_anomaly_detector.py;archive/pipeline/stages/stage_3_improvements.py;colab/models/sklearn_fallback.py,Verify this reference is used through a registry/factory/pipeline path.
.archive_docs\draft\dean_os_agent_system_v7\dean_os\config\macro_series_registry.yaml,name,Personal,POSSIBLY_MISSING,,Check if config references renamed/deleted component or if component is loaded dynamically.
.archive_docs\draft\dean_os_agent_system_v7\dean_os\config\macro_series_registry.yaml,name,New,FOUND_IN_SOURCE,cli/pipeline_executor.py;dashboard/main_app.py;features/news_clusterer.py;features/news_dataset_builder.py;features/news_impact_classifier.py;models/persistent_pool.py;scripts/test_modular_pipeline.py;trading/adaptive_parameter_manager.py;validation/pipeline_schemas.py;agents/archive/cognitive_extractor.py;analytics/analyzers/news_impact_analyzer.py;archive/calibration/adaptive_confidence_calibrator.py;archive/patterns/pattern_analyzer.py;archive/utils/feature_preparation.py;data/collectors/google_news_collector.py;data/collectors/newsapi_collector.py;data/quality/news_price_availability_filter.py;data/quality/temporal_alignment_checker.py;data/validation/event_dataset_validator.py;devtools/prototypes/live_trading_ticker_manager.py,Verify this reference is used through a registry/factory/pipeline path.
.archive_docs\draft\dean_os_agent_system_v7\dean_os\config\macro_series_registry.yaml,name,Producer,FOUND_IN_SOURCE,pipeline/guards/macro_release_timing_guard.py,Verify this reference is used through a registry/factory/pipeline path.
.archive_docs\draft\dean_os_agent_system_v7\dean_os\config\macro_series_registry.yaml,name,Advance,FOUND_IN_SOURCE,archive/legacy_smart_trader.py;archive/online_model_integration.py;simulation/simulation_engine.py;training/batch_trainer.py;validation/time_series_validator.py;analytics/analyzers/hedge_fund_analyzer.py;analytics/calculators/advanced_econometrics_calculator.py;analytics/calculators/econometrics_calculator.py;archive/algorithms/advanced_backtest_engine.py;archive/backtesting/engine.py;archive/calibration/adaptive_confidence_calibrator.py;archive/models_dead/integrated_model_manager.py;archive/model_selector_dead/selector.py;archive/patterns/pattern_analyzer.py;archive/validation/validation_protocols.py;archive/features/utils/hybrid_adaptive_technical_indicators.py;backtesting/advanced/advanced_engine.py;features/analysis/__init__.py;features/enrichers/advanced_analytics_enricher.py;features/validation/redundancy_detector.py,Verify this reference is used through a registry/factory/pipeline path.
.archive_docs\draft\dean_os_agent_system_v7\dean_os\config\macro_series_registry.yaml,name,10-Year,POSSIBLY_MISSING,,Check if config references renamed/deleted component or if component is loaded dynamically.
.archive_docs\draft\dean_os_agent_system_v7\dean_os\config\macro_series_registry.yaml,name,Total,FOUND_IN_SOURCE,dashboard/main_app.py;features/feature_orchestrator.py;monitoring/dashboard.py;risk/max_exposure_monitor.py;utils/trading_calendar.py;analytics/calculators/macro_score_calculator.py;analytics/signals/signal_analytics.py;archive/features/feature_selection_cache.py;archive/meta_learning/real_time_learning.py;archive/monitoring/tests.py;archive/patterns/pattern_analyzer.py;archive/risk/risk_manager.py;archive/pipeline/stages/stage_3_improvements.py;core/error_handling/error_handler.py;core/logging/log_standards.py;data/collectors/insider_collector.py;data/collectors/put_call_ratio_collector.py;main/modes/backtest.py;metrics/financial/portfolio_metrics.py;pipeline/hybrid/metadata_manager.py,Verify this reference is used through a registry/factory/pipeline path.
.archive_docs\draft\dean_os_agent_system_v7\dean_os\config\macro_series_registry.yaml,name,University,POSSIBLY_MISSING,,Check if config references renamed/deleted component or if component is loaded dynamically.
.archive_docs\draft\dean_os_agent_system_v7\dean_os\config\macro_series_registry.yaml,name,Unemployment,FOUND_IN_SOURCE,pipeline/guards/macro_release_timing_guard.py,Verify this reference is used through a registry/factory/pipeline path.
.archive_docs\draft\dean_os_agent_system_v7\dean_os\config\macro_series_registry.yaml,name,CBOE,FOUND_IN_SOURCE,data/collectors/put_call_ratio_collector.py,Verify this reference is used through a registry/factory/pipeline path.
.archive_docs\draft\dean_os_agent_system_v7\dean_os\config\macro_series_registry.yaml,name,Federal,FOUND_IN_SOURCE,features/news_clusterer.py;scripts/test_modular_pipeline.py;data/collectors/fred_collector.py;pipeline/guards/macro_release_timing_guard.py,Verify this reference is used through a registry/factory/pipeline path.
.archive_docs\draft\dean_os_agent_system_v7\dean_os\config\minimal_system_registry.yaml,class_like_name,PipelineControlAgent,POSSIBLY_MISSING,,Check if config references renamed/deleted component or if component is loaded dynamically.
.archive_docs\draft\dean_os_agent_system_v7\dean_os\config\minimal_system_registry.yaml,class_like_name,DataQualityAgent,FOUND_IN_SOURCE,agents/pipeline_bridge.py,Verify this reference is used through a registry/factory/pipeline path.
.archive_docs\draft\dean_os_agent_system_v7\dean_os\config\minimal_system_registry.yaml,class_like_name,RiskAgent,POSSIBLY_MISSING,,Check if config references renamed/deleted component or if component is loaded dynamically.
.archive_docs\draft\dean_os_agent_system_v7\dean_os\config\minimal_system_registry.yaml,class_like_name,RegimeAgent,POSSIBLY_MISSING,,Check if config references renamed/deleted component or if component is loaded dynamically.
.archive_docs\draft\dean_os_agent_system_v7\dean_os\config\minimal_system_registry.yaml,class_like_name,ContextSynthesisAgent,POSSIBLY_MISSING,,Check if config references renamed/deleted component or if component is loaded dynamically.
.archive_docs\draft\dean_os_agent_system_v7\dean_os\config\minimal_system_registry.yaml,class_like_name,TuningAgent,FOUND_IN_SOURCE,agents/pipeline_bridge.py,Verify this reference is used through a registry/factory/pipeline path.
.archive_docs\draft\dean_os_agent_system_v7\dean_os\config\minimal_system_registry.yaml,class_like_name,DomainAnalyticalAgent,POSSIBLY_MISSING,,Check if config references renamed/deleted component or if component is loaded dynamically.
.archive_docs\draft\dean_os_agent_system_v7\dean_os\config\minimal_system_registry.yaml,class_path,dean_os.agents.pipeline_control,FOUND_IN_SOURCE,pipeline/stages/evaluation/orchestrator.py;pipeline/stages/evaluation/pipeline_control_artifacts.py;pipeline/stages/modeling/io.py;pipeline/stages/modeling/orchestrator.py;pipeline/stages/modeling/pipeline_control_artifacts.py;pipeline/stages/modeling/training.py;pipeline/stages/modeling/walk_forward_validation.py,Verify this reference is used through a registry/factory/pipeline path.
.archive_docs\draft\dean_os_agent_system_v7\dean_os\config\minimal_system_registry.yaml,class_path,dean_os.agents.data_quality,FOUND_IN_SOURCE,monitoring/config.py;monitoring/dashboard.py;monitoring/monitoring_system.py;archive/model_selector_dead/context_prediction_mapper.py;archive/model_selector_dead/dynamic_weight_selector.py;archive/model_selector_dead/enhanced_context_analyzer.py;archive/monitoring/example_usage.py;archive/monitoring/tests.py;archive/training/pattern_aware_training.py;archive/pipeline/stages/stage_3_improvements.py;core/validation/validators.py;models/model_selector/smart_selector.py;processing/filters/price_filter.py,Verify this reference is used through a registry/factory/pipeline path.
.archive_docs\draft\dean_os_agent_system_v7\dean_os\config\minimal_system_registry.yaml,class_path,dean_os.agents.risk,FOUND_IN_SOURCE,algorithms/adaptive_position_sizer.py;algorithms/metrics_mixin.py;algorithms/risk_parity_allocator.py;algorithms/__init__.py;archive/dean_integration.py;archive/financial_metrics.py;archive/legacy_smart_trader.py;config/unified_config_manager.py;dashboard/main_app.py;monitoring/health_hub.py;monitoring/ml_analytics.py;risk/elite_risk_metrics.py;risk/max_exposure_monitor.py;scripts/test_modular_pipeline.py;trading/adaptive_parameter_manager.py;trading/consensus_engine.py;trading/elite_risk_sizer.py;trading/portfolio_manager.py;trading/trading_orchestrator.py;trading/virtual_portfolio.py,Verify this reference is used through a registry/factory/pipeline path.
.archive_docs\draft\dean_os_agent_system_v7\dean_os\config\minimal_system_registry.yaml,class_path,dean_os.agents.regime,FOUND_IN_SOURCE,agents/pipeline_bridge.py;algorithms/adaptive_position_sizer.py;algorithms/__init__.py;devtools/rule_generator.py;ensembling/base_ensemble.py;ensembling/stacked_ensemble.py;features/feature_selector.py;models/__init__.py;scripts/test_modular_pipeline.py;trading/adaptive_parameter_manager.py;trading/consensus_engine.py;trading/live_adaptive_ensemble.py;trading/portfolio_manager.py;trading/trading_orchestrator.py;agents/archive/cognitive_pipeline.py;agents/modular_pipeline/orchestrator.py;agents/modular_pipeline/lenses/macro_regime_lens.py;algorithms/regime/clustering.py;algorithms/regime/metrics.py;algorithms/regime/rules.py,Verify this reference is used through a registry/factory/pipeline path.
.archive_docs\draft\dean_os_agent_system_v7\dean_os\config\minimal_system_registry.yaml,class_path,dean_os.agents.context_synthesis,POSSIBLY_MISSING,,Check if config references renamed/deleted component or if component is loaded dynamically.
.archive_docs\draft\dean_os_agent_system_v7\dean_os\config\minimal_system_registry.yaml,class_path,dean_os.agents.tuning,FOUND_IN_SOURCE,trading/adaptive_parameter_manager.py;archive/calibration/calibration_engine.py;archive/calibration/__init__.py;archive/patterns/pattern_tuning.py;devtools/experimentation/run_hyperparameter_tuning.py;features/analysis/news_decay_modeler.py;meta_learning/calibration/calibration_engine.py;meta_learning/security/constraint_engine.py,Verify this reference is used through a registry/factory/pipeline path.
.archive_docs\draft\dean_os_agent_system_v7\dean_os\config\minimal_system_registry.yaml,class_path,dean_os.agents.domain_analytical,POSSIBLY_MISSING,,Check if config references renamed/deleted component or if component is loaded dynamically.
.archive_docs\draft\dean_os_agent_system_v7\dean_os\config\paper_trading.yaml,model,price_model,POSSIBLY_MISSING,,Check if config references renamed/deleted component or if component is loaded dynamically.
.archive_docs\draft\dean_os_agent_system_v7\dean_os\config\paper_trading.yaml,model,linear,FOUND_IN_SOURCE,archive/portfolio_optimizer.py;ensembling/base_ensemble.py;ensembling/stacked_ensemble.py;factories/model_factory.py;trading/consensus_engine.py;trading/live_adaptive_ensemble.py;training/constants.py;training/light_model_trainer.py;analytics/analyzers/risk_decomposition_analyzer.py;analytics/context/causal_effect_methods.py;analytics/context/counterfactual_generator.py;analytics/context/propensity_score_methods.py;analytics/engines/causal_engine.py;archive/calibration/adaptive_confidence_calibrator.py;archive/models/factory.py;archive/model_selector_dead/dynamic_weight_selector.py;archive/model_selector_dead/heavy_light_comparator.py;archive/training/pattern_aware_training.py;archive/utils/missing_data_anomaly_detector.py;archive/utils/smart_missing_data_handler.py,Verify this reference is used through a registry/factory/pipeline path.
.archive_docs\draft\dean_os_agent_system_v7\dean_os\config\semiconductor_issuer_identity_registry.yaml,name,NVIDIA,POSSIBLY_MISSING,,Check if config references renamed/deleted component or if component is loaded dynamically.
.archive_docs\draft\dean_os_agent_system_v7\dean_os\config\semiconductor_issuer_identity_registry.yaml,name,Advanced,FOUND_IN_SOURCE,archive/legacy_smart_trader.py;archive/online_model_integration.py;simulation/simulation_engine.py;training/batch_trainer.py;validation/time_series_validator.py;analytics/analyzers/hedge_fund_analyzer.py;analytics/calculators/advanced_econometrics_calculator.py;analytics/calculators/econometrics_calculator.py;archive/algorithms/advanced_backtest_engine.py;archive/backtesting/engine.py;archive/calibration/adaptive_confidence_calibrator.py;archive/models_dead/integrated_model_manager.py;archive/model_selector_dead/selector.py;archive/patterns/pattern_analyzer.py;archive/validation/validation_protocols.py;archive/features/utils/hybrid_adaptive_technical_indicators.py;backtesting/advanced/advanced_engine.py;features/analysis/__init__.py;features/enrichers/advanced_analytics_enricher.py;features/validation/redundancy_detector.py,Verify this reference is used through a registry/factory/pipeline path.
.archive_docs\draft\dean_os_agent_system_v7\dean_os\config\semiconductor_issuer_identity_registry.yaml,name,Intel,FOUND_IN_SOURCE,processing/data_filter.py;training/adaptive_training_manager.py;agents/archive/cognitive_extractor.py;analytics/context/ensemble_selector.py;archive/utils/smart_missing_data_handler.py;main/modes/intelligent.py;pipeline/stages/processing/orchestrator.py;processing/filters/news_filter.py;processing/filters/orchestrator.py;processing/filters/price_filter.py;processing/filters/social_filter.py;processing/filters/__init__.py,Verify this reference is used through a registry/factory/pipeline path.
.archive_docs\draft\dean_os_agent_system_v7\dean_os\config\semiconductor_issuer_identity_registry.yaml,name,Taiwan,POSSIBLY_MISSING,,Check if config references renamed/deleted component or if component is loaded dynamically.
.archive_docs\draft\dean_os_agent_system_v7\dean_os\draft\dean_os_after_385_advanced_governance_template_kits\01_existing_pipeline_integration_map\MODULE_TO_KIT_MAPPING_SCHEMA.yaml,name,module_to_kit_mapping_schema,POSSIBLY_MISSING,,Check if config references renamed/deleted component or if component is loaded dynamically.
.archive_docs\draft\dean_os_agent_system_v7\dean_os\draft\dean_os_after_385_advanced_governance_template_kits\02_data_provenance_reproducibility\FEATURE_MODEL_STATE_MANIFEST_TEMPLATE.yaml,name,feature_model_state_manifest_template,POSSIBLY_MISSING,,Check if config references renamed/deleted component or if component is loaded dynamically.
.archive_docs\draft\dean_os_agent_system_v7\dean_os\draft\dean_os_after_385_advanced_governance_template_kits\02_data_provenance_reproducibility\FEATURE_MODEL_STATE_MANIFEST_TEMPLATE.yaml,name,string,FOUND_IN_SOURCE,config/unified_config_manager.py;devtools/task_manager.py;features/feature_cache.py;features/feature_orchestrator.py;sentiment/sentiment_models.py;trading/adaptive_parameter_manager.py;utils/dynamic_module_loader.py;utils/path_utils.py;validation/validators.py;analytics/calculators/market_regime_calculator.py;analytics/context/market_phase_analyzer.py;analytics/signals/signal_analytics.py;archive/model_selector_dead/heavy_light_comparator.py;archive/model_selector_dead/selector.py;archive/reporting/results_manager.py;archive/utils/type_conversion.py;core/cache/cache_manager.py;core/error_handling/error_handler.py;core/logging/logger.py;core/logging/log_standards.py,Verify this reference is used through a registry/factory/pipeline path.
.archive_docs\draft\dean_os_agent_system_v7\dean_os\draft\dean_os_after_385_advanced_governance_template_kits\05_portfolio_capital_allocation_governance\CAPITAL_ALLOCATION_POLICY_TEMPLATE.yaml,name,capital_allocation_policy_template,POSSIBLY_MISSING,,Check if config references renamed/deleted component or if component is loaded dynamically.
.archive_docs\draft\dean_os_agent_system_v7\dean_os\draft\dean_os_after_385_automation_execution_governance_kit\AGENT_LEARNING_AUTOMATION_TEMPLATE.yaml,name,agent_learning_automation_template,POSSIBLY_MISSING,,Check if config references renamed/deleted component or if component is loaded dynamically.
.archive_docs\draft\dean_os_agent_system_v7\dean_os\draft\dean_os_after_385_automation_execution_governance_kit\ANALYST_ROUTING_REVIEW_QUEUE_TEMPLATE.yaml,name,analyst_routing_review_queue_template,POSSIBLY_MISSING,,Check if config references renamed/deleted component or if component is loaded dynamically.
.archive_docs\draft\dean_os_agent_system_v7\dean_os\draft\dean_os_after_385_automation_execution_governance_kit\COLLECTOR_HEALTH_AND_RUN_MANIFEST_TEMPLATE.yaml,name,collector_health_and_run_manifest_template,POSSIBLY_MISSING,,Check if config references renamed/deleted component or if component is loaded dynamically.
.archive_docs\draft\dean_os_agent_system_v7\dean_os\draft\dean_os_after_385_automation_execution_governance_kit\CONSTRAINED_EXECUTION_GATEWAY_TEMPLATE.yaml,name,constrained_execution_gateway_template,POSSIBLY_MISSING,,Check if config references renamed/deleted component or if component is loaded dynamically.
.archive_docs\draft\dean_os_agent_system_v7\dean_os\draft\dean_os_after_385_automation_execution_governance_kit\DAILY_AUTOMATION_RUN_TEMPLATE.yaml,name,daily_automation_run_template,POSSIBLY_MISSING,,Check if config references renamed/deleted component or if component is loaded dynamically.
.archive_docs\draft\dean_os_agent_system_v7\dean_os\draft\dean_os_after_385_automation_execution_governance_kit\MODEL_PROMOTION_AND_REPLAY_GATE_TEMPLATE.yaml,name,model_promotion_and_replay_gate_template,POSSIBLY_MISSING,,Check if config references renamed/deleted component or if component is loaded dynamically.
.archive_docs\draft\dean_os_agent_system_v7\dean_os\draft\dean_os_after_385_automation_execution_governance_kit\PIPELINE_CONTROLLER_AUTOMATION_TEMPLATE.yaml,name,pipeline_controller_automation_template,POSSIBLY_MISSING,,Check if config references renamed/deleted component or if component is loaded dynamically.
.archive_docs\draft\dean_os_agent_system_v7\dean_os\draft\dean_os_after_385_automation_execution_governance_kit\PIPELINE_DAILY_RUN_GOVERNOR_TEMPLATE.yaml,name,pipeline_daily_run_governor_template,POSSIBLY_MISSING,,Check if config references renamed/deleted component or if component is loaded dynamically.
.archive_docs\draft\dean_os_agent_system_v7\dean_os\draft\dean_os_after_385_automation_execution_governance_kit\RISK_LIMITS_KILL_SWITCH_TEMPLATE.yaml,name,risk_limits_kill_switch_template,POSSIBLY_MISSING,,Check if config references renamed/deleted component or if component is loaded dynamically.
.archive_docs\draft\dean_os_agent_system_v7\dean_os\draft\dean_os_after_385_automation_execution_governance_kit\SOURCE_QUALITY_DEDUPE_TEMPLATE.yaml,name,source_quality_dedupe_template,POSSIBLY_MISSING,,Check if config references renamed/deleted component or if component is loaded dynamically.
.archive_docs\draft\dean_os_agent_system_v7\dean_os\draft\dean_os_after_385_domain_learning_template_kit\CAUSAL_PATTERN_SCHEMA_TEMPLATE.yaml,name,causal_pattern_schema_template,POSSIBLY_MISSING,,Check if config references renamed/deleted component or if component is loaded dynamically.
.archive_docs\draft\dean_os_agent_system_v7\dean_os\draft\dean_os_after_385_domain_learning_template_kit\DAILY_DOMAIN_LEARNING_RUN_TEMPLATE.yaml,name,daily_domain_learning_run_template,POSSIBLY_MISSING,,Check if config references renamed/deleted component or if component is loaded dynamically.
.archive_docs\draft\dean_os_agent_system_v7\dean_os\draft\dean_os_after_385_domain_learning_template_kit\MATERIALITY_SCORING_TEMPLATE.yaml,name,materiality_scoring_template,POSSIBLY_MISSING,,Check if config references renamed/deleted component or if component is loaded dynamically.
.archive_docs\draft\dean_os_agent_system_v7\dean_os\draft\dean_os_after_385_domain_learning_template_kit\SAFE_AUTOMATION_BOUNDARY_TEMPLATE.yaml,name,safe_automation_boundary_template,POSSIBLY_MISSING,,Check if config references renamed/deleted component or if component is loaded dynamically.
.archive_docs\draft\dean_os_agent_system_v7\dean_os\draft\dean_os_after_385_eval_observability_audit_kit\AGENT_OUTPUT_QUALITY_METRICS.yaml,name,agent_output_quality_metrics,POSSIBLY_MISSING,,Check if config references renamed/deleted component or if component is loaded dynamically.
.archive_docs\draft\dean_os_agent_system_v7\dean_os\draft\dean_os_after_385_eval_observability_audit_kit\ALERTING_RULES_TEMPLATE.yaml,name,alerting_rules_template,POSSIBLY_MISSING,,Check if config references renamed/deleted component or if component is loaded dynamically.
.archive_docs\draft\dean_os_agent_system_v7\dean_os\draft\dean_os_after_385_eval_observability_audit_kit\CAUSAL_PATTERN_FALSE_POSITIVE_TESTS.yaml,name,causal_pattern_false_positive_tests,POSSIBLY_MISSING,,Check if config references renamed/deleted component or if component is loaded dynamically.
.archive_docs\draft\dean_os_agent_system_v7\dean_os\draft\dean_os_after_385_eval_observability_audit_kit\NUMERIC_UNIT_TRAP_TESTS.yaml,name,numeric_unit_trap_tests,POSSIBLY_MISSING,,Check if config references renamed/deleted component or if component is loaded dynamically.
.archive_docs\draft\dean_os_agent_system_v7\dean_os\draft\dean_os_after_385_eval_observability_audit_kit\RETRIEVAL_EVAL_TEMPLATE.yaml,name,retrieval_eval_template,POSSIBLY_MISSING,,Check if config references renamed/deleted component or if component is loaded dynamically.
.archive_docs\draft\dean_os_agent_system_v7\dean_os\draft\dean_os_after_385_eval_observability_audit_kit\SOURCE_GROUNDING_EVAL_TEMPLATE.yaml,name,source_grounding_eval_template,POSSIBLY_MISSING,,Check if config references renamed/deleted component or if component is loaded dynamically.
.archive_docs\draft\dean_os_agent_system_v7\dean_os\draft\dean_os_after_385_eval_observability_audit_kit\TIME_LEAKAGE_TESTS.yaml,name,time_leakage_tests,POSSIBLY_MISSING,,Check if config references renamed/deleted component or if component is loaded dynamically.
.archive_docs\draft\dean_os_agent_system_v7\dean_os\draft\dean_os_after_385_macro_regime_historical_hypothesis_kit\CAUSAL_GRAPH_TEMPLATE.yaml,name,causal_graph_template,POSSIBLY_MISSING,,Check if config references renamed/deleted component or if component is loaded dynamically.
.archive_docs\draft\dean_os_agent_system_v7\dean_os\draft\dean_os_after_385_macro_regime_historical_hypothesis_kit\CROSS_SECTIONAL_BASELINE_TEMPLATE.yaml,name,cross_sectional_baseline_template,POSSIBLY_MISSING,,Check if config references renamed/deleted component or if component is loaded dynamically.
.archive_docs\draft\dean_os_agent_system_v7\dean_os\draft\dean_os_after_385_macro_regime_historical_hypothesis_kit\DAILY_OPEN_HYPOTHESIS_UPDATE_RUN_TEMPLATE.yaml,name,daily_open_hypothesis_update_run_template,POSSIBLY_MISSING,,Check if config references renamed/deleted component or if component is loaded dynamically.
.archive_docs\draft\dean_os_agent_system_v7\dean_os\draft\dean_os_after_385_macro_regime_historical_hypothesis_kit\DATA_ALIGNMENT_FREQUENCY_TEMPLATE.yaml,name,data_alignment_frequency_template,POSSIBLY_MISSING,,Check if config references renamed/deleted component or if component is loaded dynamically.
.archive_docs\draft\dean_os_agent_system_v7\dean_os\draft\dean_os_after_385_macro_regime_historical_hypothesis_kit\EXPECTATION_GAP_SCHEMA.yaml,name,expectation_gap_schema,POSSIBLY_MISSING,,Check if config references renamed/deleted component or if component is loaded dynamically.
.archive_docs\draft\dean_os_agent_system_v7\dean_os\draft\dean_os_after_385_macro_regime_historical_hypothesis_kit\HISTORICAL_ANALOG_LIBRARY_TEMPLATE.yaml,name,historical_analog_library_template,POSSIBLY_MISSING,,Check if config references renamed/deleted component or if component is loaded dynamically.
.archive_docs\draft\dean_os_agent_system_v7\dean_os\draft\dean_os_after_385_macro_regime_historical_hypothesis_kit\HISTORICAL_DATA_USAGE_BOUNDARY_TEMPLATE.yaml,name,historical_data_usage_boundary_template,POSSIBLY_MISSING,,Check if config references renamed/deleted component or if component is loaded dynamically.
.archive_docs\draft\dean_os_agent_system_v7\dean_os\draft\dean_os_after_385_macro_regime_historical_hypothesis_kit\HISTORICAL_PRIOR_EVENT_DATABASE_TEMPLATE.yaml,name,historical_prior_event_database_template,POSSIBLY_MISSING,,Check if config references renamed/deleted component or if component is loaded dynamically.
.archive_docs\draft\dean_os_agent_system_v7\dean_os\draft\dean_os_after_385_macro_regime_historical_hypothesis_kit\HISTORICAL_PRIOR_EVENT_DATABASE_TEMPLATE.yaml,class,string,FOUND_IN_SOURCE,config/unified_config_manager.py;devtools/task_manager.py;features/feature_cache.py;features/feature_orchestrator.py;sentiment/sentiment_models.py;trading/adaptive_parameter_manager.py;utils/dynamic_module_loader.py;utils/path_utils.py;validation/validators.py;analytics/calculators/market_regime_calculator.py;analytics/context/market_phase_analyzer.py;analytics/signals/signal_analytics.py;archive/model_selector_dead/heavy_light_comparator.py;archive/model_selector_dead/selector.py;archive/reporting/results_manager.py;archive/utils/type_conversion.py;core/cache/cache_manager.py;core/error_handling/error_handler.py;core/logging/logger.py;core/logging/log_standards.py,Verify this reference is used through a registry/factory/pipeline path.
.archive_docs\draft\dean_os_agent_system_v7\dean_os\draft\dean_os_after_385_macro_regime_historical_hypothesis_kit\MACRO_REGIME_SNAPSHOT_SCHEMA.yaml,name,macro_regime_snapshot_schema,POSSIBLY_MISSING,,Check if config references renamed/deleted component or if component is loaded dynamically.
.archive_docs\draft\dean_os_agent_system_v7\dean_os\draft\dean_os_after_385_macro_regime_historical_hypothesis_kit\NARRATIVE_REGIME_TRACKING_TEMPLATE.yaml,name,narrative_regime_tracking_template,POSSIBLY_MISSING,,Check if config references renamed/deleted component or if component is loaded dynamically.
.archive_docs\draft\dean_os_agent_system_v7\dean_os\draft\dean_os_after_385_macro_regime_historical_hypothesis_kit\OUTCOME_REVIEW_TEMPLATE.yaml,name,outcome_review_template,POSSIBLY_MISSING,,Check if config references renamed/deleted component or if component is loaded dynamically.
.archive_docs\draft\dean_os_agent_system_v7\dean_os\draft\dean_os_after_385_macro_regime_historical_hypothesis_kit\PIPELINE_LEADING_RISK_MONITOR_TEMPLATE.yaml,name,pipeline_leading_risk_monitor_template,POSSIBLY_MISSING,,Check if config references renamed/deleted component or if component is loaded dynamically.
.archive_docs\draft\dean_os_agent_system_v7\dean_os\draft\dean_os_after_385_macro_regime_historical_hypothesis_kit\REFLEXIVITY_FEEDBACK_LOOP_TEMPLATE.yaml,name,reflexivity_feedback_loop_template,POSSIBLY_MISSING,,Check if config references renamed/deleted component or if component is loaded dynamically.
.archive_docs\draft\dean_os_agent_system_v7\dean_os\draft\dean_os_after_385_macro_regime_historical_hypothesis_kit\REGIME_CHANGING_EVENT_TEMPLATE.yaml,name,regime_changing_event_template,POSSIBLY_MISSING,,Check if config references renamed/deleted component or if component is loaded dynamically.
.archive_docs\draft\dean_os_agent_system_v7\dean_os\draft\dean_os_after_385_macro_regime_historical_hypothesis_kit\REGIME_CHANGING_EVENT_TEMPLATE.yaml,class,sector_event,POSSIBLY_MISSING,,Check if config references renamed/deleted component or if component is loaded dynamically.
.archive_docs\draft\dean_os_agent_system_v7\dean_os\draft\dean_os_after_385_macro_regime_historical_hypothesis_kit\REGIME_INDICATOR_CROSSWALK_TEMPLATE.yaml,name,regime_indicator_crosswalk_template,POSSIBLY_MISSING,,Check if config references renamed/deleted component or if component is loaded dynamically.
.archive_docs\draft\dean_os_agent_system_v7\dean_os\draft\dean_os_after_385_macro_regime_historical_hypothesis_kit\RISK_ARCHETYPE_DICTIONARY_TEMPLATE.yaml,name,risk_archetype_dictionary_template,POSSIBLY_MISSING,,Check if config references renamed/deleted component or if component is loaded dynamically.
.archive_docs\draft\dean_os_agent_system_v7\dean_os\draft\dean_os_after_385_macro_regime_historical_hypothesis_kit\SCENARIO_TREE_TEMPLATE.yaml,name,scenario_tree_template,POSSIBLY_MISSING,,Check if config references renamed/deleted component or if component is loaded dynamically.
.archive_docs\draft\dean_os_agent_system_v7\dean_os\draft\dean_os_after_385_macro_regime_historical_hypothesis_kit\VALIDATION_CIRCULARITY_CHECK_TEMPLATE.yaml,name,validation_circularity_check_template,POSSIBLY_MISSING,,Check if config references renamed/deleted component or if component is loaded dynamically.
.archive_docs\draft\dean_os_agent_system_v7\dean_os\draft\dean_os_after_385_operator_review_synchronous_learning_kit\FEEDBACK_TO_LEARNING_PIPELINE_TEMPLATE.yaml,name,feedback_to_learning_pipeline_template,POSSIBLY_MISSING,,Check if config references renamed/deleted component or if component is loaded dynamically.
.archive_docs\draft\dean_os_agent_system_v7\dean_os\draft\dean_os_after_385_operator_review_synchronous_learning_kit\REVIEW_QUEUE_PRIORITIZATION_TEMPLATE.yaml,name,review_queue_prioritization_template,POSSIBLY_MISSING,,Check if config references renamed/deleted component or if component is loaded dynamically.
.archive_docs\draft\dean_os_agent_system_v7\dean_os\draft\dean_os_after_385_scenario_stress_testing_kit\COMPONENT_STRESS_CHECK_MATRIX.yaml,name,component_stress_check_matrix,POSSIBLY_MISSING,,Check if config references renamed/deleted component or if component is loaded dynamically.
.archive_docs\draft\dean_os_agent_system_v7\dean_os\draft\dean_os_after_385_scenario_stress_testing_kit\STRESS_SCENARIO_SCHEMA.yaml,name,stress_scenario_schema,POSSIBLY_MISSING,,Check if config references renamed/deleted component or if component is loaded dynamically.
.archive_docs\draft\dean_os_agent_system_v7\dean_os\draft\dean_os_after_385_scenario_stress_testing_kit\STRESS_TEST_EXPECTED_BEHAVIOR_TEMPLATE.yaml,name,stress_test_expected_behavior_template,POSSIBLY_MISSING,,Check if config references renamed/deleted component or if component is loaded dynamically.
.archive_docs\draft\dean_os_agent_system_v7\dean_os\draft\dean_os_after_385_scenario_stress_testing_kit\STRESS_TEST_EXPECTED_BEHAVIOR_TEMPLATE.yaml,component,string,FOUND_IN_SOURCE,config/unified_config_manager.py;devtools/task_manager.py;features/feature_cache.py;features/feature_orchestrator.py;sentiment/sentiment_models.py;trading/adaptive_parameter_manager.py;utils/dynamic_module_loader.py;utils/path_utils.py;validation/validators.py;analytics/calculators/market_regime_calculator.py;analytics/context/market_phase_analyzer.py;analytics/signals/signal_analytics.py;archive/model_selector_dead/heavy_light_comparator.py;archive/model_selector_dead/selector.py;archive/reporting/results_manager.py;archive/utils/type_conversion.py;core/cache/cache_manager.py;core/error_handling/error_handler.py;core/logging/logger.py;core/logging/log_standards.py,Verify this reference is used through a registry/factory/pipeline path.
.archive_docs\draft\dean_os_agent_system_v7\dean_os\draft\dean_os_after_385_scenario_stress_testing_kit\STRESS_TEST_SCHEDULE_TEMPLATE.yaml,name,stress_test_schedule_template,POSSIBLY_MISSING,,Check if config references renamed/deleted component or if component is loaded dynamically.
.archive_docs\draft\dean_os_agent_system_v7\dean_os\draft\dean_os_after_385_strategy_library_playbook_governance_kit\PLAYBOOK_REGIME_COMPATIBILITY_MATRIX_TEMPLATE.yaml,name,playbook_regime_compatibility_matrix_template,POSSIBLY_MISSING,,Check if config references renamed/deleted component or if component is loaded dynamically.
.archive_docs\draft\dean_os_agent_system_v7\dean_os\draft\dean_os_after_385_strategy_library_playbook_governance_kit\STRATEGY_EVAL_REQUIREMENTS_TEMPLATE.yaml,name,strategy_eval_requirements_template,POSSIBLY_MISSING,,Check if config references renamed/deleted component or if component is loaded dynamically.
.archive_docs\draft\dean_os_agent_system_v7\dean_os\draft\dean_os_after_385_strategy_library_playbook_governance_kit\STRATEGY_INPUT_CONTRACT_TEMPLATE.yaml,name,strategy_input_contract_template,POSSIBLY_MISSING,,Check if config references renamed/deleted component or if component is loaded dynamically.
.archive_docs\draft\dean_os_agent_system_v7\dean_os\draft\dean_os_after_385_strategy_library_playbook_governance_kit\STRATEGY_PLAYBOOK_SCHEMA.yaml,name,strategy_playbook_schema,POSSIBLY_MISSING,,Check if config references renamed/deleted component or if component is loaded dynamically.
.archive_docs\draft\dean_os_agent_system_v7\dean_os\draft\dean_os_after_385_strategy_library_playbook_governance_kit\STRATEGY_PLAYBOOK_SCHEMA.yaml,name,string,FOUND_IN_SOURCE,config/unified_config_manager.py;devtools/task_manager.py;features/feature_cache.py;features/feature_orchestrator.py;sentiment/sentiment_models.py;trading/adaptive_parameter_manager.py;utils/dynamic_module_loader.py;utils/path_utils.py;validation/validators.py;analytics/calculators/market_regime_calculator.py;analytics/context/market_phase_analyzer.py;analytics/signals/signal_analytics.py;archive/model_selector_dead/heavy_light_comparator.py;archive/model_selector_dead/selector.py;archive/reporting/results_manager.py;archive/utils/type_conversion.py;core/cache/cache_manager.py;core/error_handling/error_handler.py;core/logging/logger.py;core/logging/log_standards.py,Verify this reference is used through a registry/factory/pipeline path.
.archive_docs\draft\dean_os_agent_system_v7\dean_os\draft\dean_os_after_385_strategy_library_playbook_governance_kit\STRATEGY_PROMOTION_GATE_TEMPLATE.yaml,name,strategy_promotion_gate_template,POSSIBLY_MISSING,,Check if config references renamed/deleted component or if component is loaded dynamically.
.archive_docs\draft\dean_os_agent_system_v7\dean_os\draft\dean_os_after_385_strategy_library_playbook_governance_kit\STRATEGY_TO_AGENT_ROLE_MAP.yaml,name,strategy_to_agent_role_map,POSSIBLY_MISSING,,Check if config references renamed/deleted component or if component is loaded dynamically.
.archive_docs\draft\dean_os_agent_system_v7\dean_os\draft\thinking\dean_os_analyst_ideas_codex_handoff_2026-06-26\IMPLEMENTATION_BACKLOG.json,class_like_name,MarketAlreadyPricedDetector,POSSIBLY_MISSING,,Check if config references renamed/deleted component or if component is loaded dynamically.
.archive_docs\draft\dean_os_agent_system_v7\dean_os\draft\thinking\dean_os_analyst_ideas_codex_handoff_2026-06-26\specs\daily_briefing_analyst_notes_spec_2026-06-26.json,class_like_name,MarketAlreadyPricedDetector,POSSIBLY_MISSING,,Check if config references renamed/deleted component or if component is loaded dynamically.
.archive_docs\draft\dean_os_agent_system_v7\src\config\analysis.yaml,class_like_name,MarketRegimeAnalyzer,FOUND_IN_SOURCE,analytics/context/market_regime_analyzer.py,Verify this reference is used through a registry/factory/pipeline path.
.archive_docs\draft\dean_os_agent_system_v7\src\config\analysis.yaml,class_like_name,AdaptiveConfidenceAnalyzer,FOUND_IN_SOURCE,trading/consensus_engine.py;analytics/analyzers/adaptive_confidence_analyzer.py,Verify this reference is used through a registry/factory/pipeline path.
.archive_docs\draft\dean_os_agent_system_v7\src\config\analysis.yaml,class_like_name,NewsImpactAnalyzer,FOUND_IN_SOURCE,analytics/analyzers/news_impact_analyzer.py;features/enrichers/news_impact_enricher.py,Verify this reference is used through a registry/factory/pipeline path.
.archive_docs\draft\dean_os_agent_system_v7\src\config\analysis.yaml,class_like_name,HedgeFundAnalyzer,FOUND_IN_SOURCE,analytics/analyzer_registry.py;dashboard/main_app.py;analytics/analyzers/hedge_fund_analyzer.py,Verify this reference is used through a registry/factory/pipeline path.
.archive_docs\draft\dean_os_agent_system_v7\src\config\analysis.yaml,class_like_name,MacroContextAnalyzer,FOUND_IN_SOURCE,analytics/context/macro_context_analyzer.py,Verify this reference is used through a registry/factory/pipeline path.
.archive_docs\draft\dean_os_agent_system_v7\src\config\analysis.yaml,class_like_name,CriticalSignalDetector,FOUND_IN_SOURCE,analytics/detectors/critical_signal_detector.py;pipeline/stages/prediction/orchestrator.py,Verify this reference is used through a registry/factory/pipeline path.
.archive_docs\draft\dean_os_agent_system_v7\src\config\analysis.yaml,class_like_name,PatternAnalyzer,FOUND_IN_SOURCE,archive/meta_learning/dean_trading_models.py;archive/patterns/pattern_analyzer.py;models/analysis/regime_winner_analyzer.py;models/analysis/regime/patterns.py;models/analysis/regime/__init__.py,Verify this reference is used through a registry/factory/pipeline path.
.archive_docs\draft\dean_os_agent_system_v7\src\config\analysis.yaml,class_like_name,RiskDecompositionAnalyzer,FOUND_IN_SOURCE,analytics/analyzers/risk_decomposition_analyzer.py,Verify this reference is used through a registry/factory/pipeline path.
.archive_docs\draft\dean_os_agent_system_v7\src\config\analysis.yaml,class_like_name,IAnalyzer,FOUND_IN_SOURCE,analytics/analyzer_registry.py;analytics/interfaces.py;analytics/unified_analytics_engine.py;analytics/analyzers/adaptive_confidence_analyzer.py;analytics/analyzers/causal_event_finder.py;analytics/analyzers/drift_analyzer.py;analytics/analyzers/hedge_fund_analyzer.py;analytics/analyzers/knn_similarity_finder.py;analytics/analyzers/model_comparison_analyzer.py;analytics/analyzers/news_impact_analyzer.py;analytics/analyzers/performance_attribution_analyzer.py;analytics/analyzers/risk_decomposition_analyzer.py;analytics/analyzers/shap_analyzer.py;analytics/analyzers/wrappers.py;analytics/context/contextual_model_selector.py;analytics/context/macro_context_analyzer.py;analytics/context/market_context_analyzer.py;analytics/context/market_phase_analyzer.py;analytics/context/market_regime_analyzer.py;analytics/context/prediction_adjuster.py,Verify this reference is used through a registry/factory/pipeline path.
.archive_docs\draft\dean_os_agent_system_v7\src\config\analysis.yaml,class_like_name,ModelHealthAnalyzer,FOUND_IN_SOURCE,models/analysis/model_health_analyzer.py,Verify this reference is used through a registry/factory/pipeline path.
.archive_docs\draft\dean_os_agent_system_v7\src\config\analysis.yaml,class_like_name,OverfittingAnalyzer,FOUND_IN_SOURCE,models/analysis/overfitting_detection/analyzer.py;models/analysis/overfitting_detection/manager.py;models/analysis/overfitting_detection/__init__.py,Verify this reference is used through a registry/factory/pipeline path.
.archive_docs\draft\dean_os_agent_system_v7\src\config\analysis.yaml,class_like_name,VolatilityCalculator,FOUND_IN_SOURCE,analytics/analyzers/wrappers.py;analytics/calculators/risk_reward_calculator.py;analytics/calculators/volatility_calculator.py;features/enrichers/derived_features_enricher.py;features/enrichers/technical_analysis_enricher.py,Verify this reference is used through a registry/factory/pipeline path.
.archive_docs\draft\dean_os_agent_system_v7\src\config\analysis.yaml,class_like_name,DrawdownCalculator,FOUND_IN_SOURCE,analytics/analyzers/hedge_fund_analyzer.py;analytics/analyzers/wrappers.py;analytics/calculators/drawdown_calculator.py;features/enrichers/technical_analysis_enricher.py,Verify this reference is used through a registry/factory/pipeline path.
.archive_docs\draft\dean_os_agent_system_v7\src\config\analysis.yaml,class_like_name,RiskRewardCalculator,FOUND_IN_SOURCE,analytics/analyzers/hedge_fund_analyzer.py;analytics/calculators/risk_reward_calculator.py;features/enrichers/technical_analysis_enricher.py,Verify this reference is used through a registry/factory/pipeline path.
.archive_docs\draft\dean_os_agent_system_v7\src\config\analysis.yaml,class_like_name,EconometricsCalculator,FOUND_IN_SOURCE,analytics/calculators/advanced_econometrics_calculator.py;analytics/calculators/econometrics_calculator.py;features/enrichers/technical_analysis_enricher.py;pipeline/stages/feature_engineering/orchestrator.py,Verify this reference is used through a registry/factory/pipeline path.
.archive_docs\draft\dean_os_agent_system_v7\src\config\analysis.yaml,class_like_name,SentimentStatsCalculator,FOUND_IN_SOURCE,analytics/calculators/sentiment_stats_calculator.py;features/enrichers/advanced_analytics_enricher.py;features/enrichers/technical_analysis_enricher.py,Verify this reference is used through a registry/factory/pipeline path.
.archive_docs\draft\dean_os_agent_system_v7\src\config\analysis.yaml,class_like_name,MarketRegimeDetector,FOUND_IN_SOURCE,algorithms/__init__.py;trading/consensus_engine.py;analytics/context/market_regime_analyzer.py;analytics/detectors/regime_detector.py;features/enrichers/technical_analysis_enricher.py;models/analysis/regime_winner_analyzer.py,Verify this reference is used through a registry/factory/pipeline path.
.archive_docs\draft\dean_os_agent_system_v7\src\config\analysis.yaml,class_like_name,MacroScoreCalculator,FOUND_IN_SOURCE,analytics/calculators/macro_score_calculator.py;analytics/context/macro_context_analyzer.py;features/enrichers/advanced_analytics_enricher.py;features/enrichers/technical_analysis_enricher.py,Verify this reference is used through a registry/factory/pipeline path.
.archive_docs\draft\dean_os_agent_system_v7\src\config\analysis.yaml,class_like_name,ExplainabilityCalculator,FOUND_IN_SOURCE,analytics/calculators/explainability_calculator.py;features/enrichers/technical_analysis_enricher.py,Verify this reference is used through a registry/factory/pipeline path.
.archive_docs\draft\dean_os_agent_system_v7\src\config\analysis.yaml,name,market_regime,FOUND_IN_SOURCE,agents/pipeline_bridge.py;algorithms/adaptive_position_sizer.py;ensembling/base_ensemble.py;ensembling/stacked_ensemble.py;features/feature_selector.py;trading/consensus_engine.py;trading/portfolio_manager.py;trading/trading_orchestrator.py;analytics/analyzers/adaptive_confidence_analyzer.py;analytics/calculators/market_regime_calculator.py;analytics/context/ensemble_selector.py;analytics/context/macro_context_analyzer.py;analytics/context/market_regime_analyzer.py;analytics/utils/analytics_math.py;archive/backtesting/engine.py;archive/features/feature_selection_cache.py;archive/meta_learning/real_time_learning.py;archive/model_selector_dead/context_prediction_mapper.py;archive/model_selector_dead/dynamic_weight_selector.py;archive/model_selector_dead/enhanced_context_analyzer.py,Verify this reference is used through a registry/factory/pipeline path.
.archive_docs\draft\dean_os_agent_system_v7\src\config\analysis.yaml,class,MarketRegimeAnalyzer,FOUND_IN_SOURCE,analytics/context/market_regime_analyzer.py,Verify this reference is used through a registry/factory/pipeline path.
.archive_docs\draft\dean_os_agent_system_v7\src\config\analysis.yaml,name,adaptive_confidence,FOUND_IN_SOURCE,trading/consensus_engine.py;analytics/analyzers/adaptive_confidence_analyzer.py;archive/calibration/adaptive_confidence_calibrator.py;models/calibration/adaptive_confidence_calibrator.py;models/calibration/prediction_ledger.py;pipeline/stages/prediction/orchestrator.py,Verify this reference is used through a registry/factory/pipeline path.
.archive_docs\draft\dean_os_agent_system_v7\src\config\analysis.yaml,class,AdaptiveConfidenceAnalyzer,FOUND_IN_SOURCE,trading/consensus_engine.py;analytics/analyzers/adaptive_confidence_analyzer.py,Verify this reference is used through a registry/factory/pipeline path.
.archive_docs\draft\dean_os_agent_system_v7\src\config\analysis.yaml,name,causal_event_finder,FOUND_IN_SOURCE,analytics/analyzer_registry.py;analytics/analyzers/causal_event_finder.py,Verify this reference is used through a registry/factory/pipeline path.
.archive_docs\draft\dean_os_agent_system_v7\src\config\analysis.yaml,class,CausalEngine,FOUND_IN_SOURCE,archive/dean_integration.py;analytics/analyzers/causal_event_finder.py;analytics/engines/causal_engine.py,Verify this reference is used through a registry/factory/pipeline path.
.archive_docs\draft\dean_os_agent_system_v7\src\config\analysis.yaml,name,knn_similarity,FOUND_IN_SOURCE,archive/dean_integration.py;analytics/analyzers/knn_similarity_finder.py;analytics/context/contextual_model_selector.py;archive/meta_learning/dean_trading_models.py;meta_learning/memory/knn_context_finder.py,Verify this reference is used through a registry/factory/pipeline path.
.archive_docs\draft\dean_os_agent_system_v7\src\config\analysis.yaml,class,KnnSimilarityFinder,FOUND_IN_SOURCE,archive/dean_integration.py;analytics/analyzers/knn_similarity_finder.py;analytics/context/contextual_model_selector.py;archive/meta_learning/dean_trading_models.py;meta_learning/memory/knn_context_finder.py,Verify this reference is used through a registry/factory/pipeline path.
.archive_docs\draft\dean_os_agent_system_v7\src\config\analysis.yaml,name,news_impact,FOUND_IN_SOURCE,config/unified_config_manager.py;features/news_dataset_builder.py;features/news_impact_classifier.py;analytics/analyzers/news_impact_analyzer.py;archive/models/feature_selector.py;features/analysis/news_decay_modeler.py;features/enrichers/news_impact_enricher.py;features/analysis/decay/decay_predictor.py;models/adapters/unified_model_adapter.py;pipeline/stages/trading/recommendation_engine.py,Verify this reference is used through a registry/factory/pipeline path.
.archive_docs\draft\dean_os_agent_system_v7\src\config\analysis.yaml,class,NewsImpactAnalyzer,FOUND_IN_SOURCE,analytics/analyzers/news_impact_analyzer.py;features/enrichers/news_impact_enricher.py,Verify this reference is used through a registry/factory/pipeline path.
.archive_docs\draft\dean_os_agent_system_v7\src\config\analysis.yaml,name,hedge_fund_style,POSSIBLY_MISSING,,Check if config references renamed/deleted component or if component is loaded dynamically.
.archive_docs\draft\dean_os_agent_system_v7\src\config\analysis.yaml,class,HedgeFundAnalyzer,FOUND_IN_SOURCE,analytics/analyzer_registry.py;dashboard/main_app.py;analytics/analyzers/hedge_fund_analyzer.py,Verify this reference is used through a registry/factory/pipeline path.
.archive_docs\draft\dean_os_agent_system_v7\src\config\analysis.yaml,name,macro_context,FOUND_IN_SOURCE,features/news_dataset_builder.py;analytics/context/macro_context_analyzer.py;data/collectors/sdmx_macro_collector.py;pipeline/stages/collection/orchestrator.py,Verify this reference is used through a registry/factory/pipeline path.
.archive_docs\draft\dean_os_agent_system_v7\src\config\analysis.yaml,class,MacroContextAnalyzer,FOUND_IN_SOURCE,analytics/context/macro_context_analyzer.py,Verify this reference is used through a registry/factory/pipeline path.
.archive_docs\draft\dean_os_agent_system_v7\src\config\analysis.yaml,name,critical_signals,POSSIBLY_MISSING,,Check if config references renamed/deleted component or if component is loaded dynamically.
.archive_docs\draft\dean_os_agent_system_v7\src\config\analysis.yaml,class,CriticalSignalDetector,FOUND_IN_SOURCE,analytics/detectors/critical_signal_detector.py;pipeline/stages/prediction/orchestrator.py,Verify this reference is used through a registry/factory/pipeline path.
.archive_docs\draft\dean_os_agent_system_v7\src\config\analysis.yaml,name,pattern_analysis,FOUND_IN_SOURCE,archive/patterns/pattern_analyzer.py,Verify this reference is used through a registry/factory/pipeline path.
.archive_docs\draft\dean_os_agent_system_v7\src\config\analysis.yaml,class,PatternAnalyzer,FOUND_IN_SOURCE,archive/meta_learning/dean_trading_models.py;archive/patterns/pattern_analyzer.py;models/analysis/regime_winner_analyzer.py;models/analysis/regime/patterns.py;models/analysis/regime/__init__.py,Verify this reference is used through a registry/factory/pipeline path.
.archive_docs\draft\dean_os_agent_system_v7\src\config\analysis.yaml,name,risk_decomposition,FOUND_IN_SOURCE,analytics/analyzers/risk_decomposition_analyzer.py,Verify this reference is used through a registry/factory/pipeline path.
.archive_docs\draft\dean_os_agent_system_v7\src\config\analysis.yaml,class,RiskDecompositionAnalyzer,FOUND_IN_SOURCE,analytics/analyzers/risk_decomposition_analyzer.py,Verify this reference is used through a registry/factory/pipeline path.
.archive_docs\draft\dean_os_agent_system_v7\src\config\analysis.yaml,name,model_health,FOUND_IN_SOURCE,archive/online_model_integration.py;archive/models_dead/integrated_model_manager.py;models/analysis/model_health_analyzer.py;models/health/model_health_evaluator.py;models/statistics/model_statistics.py,Verify this reference is used through a registry/factory/pipeline path.
.archive_docs\draft\dean_os_agent_system_v7\src\config\analysis.yaml,class,ModelHealthAnalyzer,FOUND_IN_SOURCE,models/analysis/model_health_analyzer.py,Verify this reference is used through a registry/factory/pipeline path.
.archive_docs\draft\dean_os_agent_system_v7\src\config\analysis.yaml,name,overfitting_detection,FOUND_IN_SOURCE,models/analysis/overfitting_detector.py;models/analysis/overfitting_detection/analyzer.py;models/analysis/overfitting_detection/config.py;models/analysis/overfitting_detection/manager.py;models/analysis/overfitting_detection/metrics.py;models/analysis/overfitting_detection/visualizer.py;models/analysis/overfitting_detection/__init__.py,Verify this reference is used through a registry/factory/pipeline path.
.archive_docs\draft\dean_os_agent_system_v7\src\config\analysis.yaml,class,OverfittingAnalyzer,FOUND_IN_SOURCE,models/analysis/overfitting_detection/analyzer.py;models/analysis/overfitting_detection/manager.py;models/analysis/overfitting_detection/__init__.py,Verify this reference is used through a registry/factory/pipeline path.
.archive_docs\draft\dean_os_agent_system_v7\src\config\analysis.yaml,class,VolatilityCalculator,FOUND_IN_SOURCE,analytics/analyzers/wrappers.py;analytics/calculators/risk_reward_calculator.py;analytics/calculators/volatility_calculator.py;features/enrichers/derived_features_enricher.py;features/enrichers/technical_analysis_enricher.py,Verify this reference is used through a registry/factory/pipeline path.
.archive_docs\draft\dean_os_agent_system_v7\src\config\analysis.yaml,class,DrawdownCalculator,FOUND_IN_SOURCE,analytics/analyzers/hedge_fund_analyzer.py;analytics/analyzers/wrappers.py;analytics/calculators/drawdown_calculator.py;features/enrichers/technical_analysis_enricher.py,Verify this reference is used through a registry/factory/pipeline path.
.archive_docs\draft\dean_os_agent_system_v7\src\config\analysis.yaml,class,RiskRewardCalculator,FOUND_IN_SOURCE,analytics/analyzers/hedge_fund_analyzer.py;analytics/calculators/risk_reward_calculator.py;features/enrichers/technical_analysis_enricher.py,Verify this reference is used through a registry/factory/pipeline path.
.archive_docs\draft\dean_os_agent_system_v7\src\config\analysis.yaml,class,FamaFrenchFactors,FOUND_IN_SOURCE,dashboard/main_app.py;analytics/analyzers/hedge_fund_analyzer.py;analytics/analyzers/wrappers.py;analytics/calculators/fama_french_factors.py;features/enrichers/technical_analysis_enricher.py,Verify this reference is used through a registry/factory/pipeline path.
.archive_docs\draft\dean_os_agent_system_v7\src\config\analysis.yaml,class,EconometricsCalculator,FOUND_IN_SOURCE,analytics/calculators/advanced_econometrics_calculator.py;analytics/calculators/econometrics_calculator.py;features/enrichers/technical_analysis_enricher.py;pipeline/stages/feature_engineering/orchestrator.py,Verify this reference is used through a registry/factory/pipeline path.
.archive_docs\draft\dean_os_agent_system_v7\src\config\analysis.yaml,class,SentimentStatsCalculator,FOUND_IN_SOURCE,analytics/calculators/sentiment_stats_calculator.py;features/enrichers/advanced_analytics_enricher.py;features/enrichers/technical_analysis_enricher.py,Verify this reference is used through a registry/factory/pipeline path.
.archive_docs\draft\dean_os_agent_system_v7\src\config\analysis.yaml,class,MacroScoreCalculator,FOUND_IN_SOURCE,analytics/calculators/macro_score_calculator.py;analytics/context/macro_context_analyzer.py;features/enrichers/advanced_analytics_enricher.py;features/enrichers/technical_analysis_enricher.py,Verify this reference is used through a registry/factory/pipeline path.
.archive_docs\draft\dean_os_agent_system_v7\src\config\analysis.yaml,class,ExplainabilityCalculator,FOUND_IN_SOURCE,analytics/calculators/explainability_calculator.py;features/enrichers/technical_analysis_enricher.py,Verify this reference is used through a registry/factory/pipeline path.
.archive_docs\draft\dean_os_agent_system_v7\src\config\cloud_storage.yaml,name,trading_multi_project,POSSIBLY_MISSING,,Check if config references renamed/deleted component or if component is loaded dynamically.
.archive_docs\draft\dean_os_agent_system_v7\src\config\collectors.yaml,class_like_name,LocalFileCollector,FOUND_IN_SOURCE,data/collectors/local_file_collector.py,Verify this reference is used through a registry/factory/pipeline path.
.archive_docs\draft\dean_os_agent_system_v7\src\config\collectors.yaml,class,LocalFileCollector,FOUND_IN_SOURCE,data/collectors/local_file_collector.py,Verify this reference is used through a registry/factory/pipeline path.
.archive_docs\draft\dean_os_agent_system_v7\src\config\collectors.yaml,name,local_market_data,POSSIBLY_MISSING,,Check if config references renamed/deleted component or if component is loaded dynamically.
.archive_docs\draft\dean_os_agent_system_v7\src\config\collectors.yaml,name,market_data_raw,FOUND_IN_SOURCE,cli/pipeline_executor.py;data/collectors/yf_collector.py;data/management/data_manager.py;main/modes/monster_test.py;pipeline/stages/collection/orchestrator.py;pipeline/stages/feature_engineering/orchestrator.py,Verify this reference is used through a registry/factory/pipeline path.
.archive_docs\draft\dean_os_agent_system_v7\src\config\collectors.yaml,name,google_trends_data,POSSIBLY_MISSING,,Check if config references renamed/deleted component or if component is loaded dynamically.
.archive_docs\draft\dean_os_agent_system_v7\src\config\collectors.yaml,name,fred_data,FOUND_IN_SOURCE,cli/pipeline_executor.py;data/collectors/fred_collector.py;features/enrichers/macro_features_enricher.py;pipeline/stages/collection/orchestrator.py;scripts/simulation/shadow_arena.py,Verify this reference is used through a registry/factory/pipeline path.
.archive_docs\draft\dean_os_agent_system_v7\src\config\collectors.yaml,name,google_news,FOUND_IN_SOURCE,cli/pipeline_executor.py;validation/validators.py;data/collectors/google_news_collector.py;pipeline/stages/collection/orchestrator.py;pipeline/stages/utils/collection_manager.py,Verify this reference is used through a registry/factory/pipeline path.
.archive_docs\draft\dean_os_agent_system_v7\src\config\collectors.yaml,name,rss_news,FOUND_IN_SOURCE,cli/pipeline_executor.py;data/collectors/rss_collector.py,Verify this reference is used through a registry/factory/pipeline path.
.archive_docs\draft\dean_os_agent_system_v7\src\config\collectors.yaml,name,newsapi_articles,FOUND_IN_SOURCE,cli/pipeline_executor.py;validation/validators.py;data/collectors/newsapi_collector.py,Verify this reference is used through a registry/factory/pipeline path.
.archive_docs\draft\dean_os_agent_system_v7\src\config\collectors.yaml,name,economic_calendar,FOUND_IN_SOURCE,cli/pipeline_executor.py;data/collectors/economic_calendar_collector.py;features/enrichers/economic_calendar_enricher.py;pipeline/stages/collection/orchestrator.py;pipeline/stages/utils/collection_manager.py,Verify this reference is used through a registry/factory/pipeline path.
.archive_docs\draft\dean_os_agent_system_v7\src\config\collectors.yaml,name,sec_filings,FOUND_IN_SOURCE,cli/pipeline_executor.py;data/collectors/sec_filings_collector.py;pipeline/stages/collection/orchestrator.py;pipeline/stages/utils/collection_manager.py,Verify this reference is used through a registry/factory/pipeline path.
.archive_docs\draft\dean_os_agent_system_v7\src\config\collectors.yaml,name,insider_trades,FOUND_IN_SOURCE,data/collectors/insider_collector.py,Verify this reference is used through a registry/factory/pipeline path.
.archive_docs\draft\dean_os_agent_system_v7\src\config\collectors.yaml,name,huggingface_data,FOUND_IN_SOURCE,cli/pipeline_data_loader.py;cli/pipeline_executor.py;data/collectors/huggingface_collector.py,Verify this reference is used through a registry/factory/pipeline path.
.archive_docs\draft\dean_os_agent_system_v7\src\config\collectors.yaml,name,zeroshot,POSSIBLY_MISSING,,Check if config references renamed/deleted component or if component is loaded dynamically.
.archive_docs\draft\dean_os_agent_system_v7\src\config\collectors.yaml,name,null,FOUND_IN_SOURCE,cli/batch_manager.py;cli/pipeline_executor.py;analytics/utils/knn_model_wrapper.py;archive/model_selector_dead/dynamic_weight_selector.py;archive/model_selector_dead/enhanced_context_analyzer.py;archive/patterns/pattern_analyzer.py;archive/utils/missing_data_anomaly_detector.py;archive/pipeline/stages/stage_3_improvements.py;archive/pipeline/stages/prediction/result_builder.py;core/cache/cache_manager.py;core/utils/path_utils.py;core/validation/validators.py;data/collectors/free_google_trends_collector.py;data/validation/event_dataset_validator.py;features/enrichers/improved_sentiment_enricher.py;features/enrichers/sentiment_features_enricher.py;models/model_selector/smart_selector.py;pipeline/guards/safe_feature_combiner.py;pipeline/stages/collection/orchestrator.py;processing/filters/price_filter.py,Verify this reference is used through a registry/factory/pipeline path.
.archive_docs\draft\dean_os_agent_system_v7\src\config\collectors.yaml,name,bigquery_data,POSSIBLY_MISSING,,Check if config references renamed/deleted component or if component is loaded dynamically.
.archive_docs\draft\dean_os_agent_system_v7\src\config\collectors.yaml,name,news_patterns,FOUND_IN_SOURCE,archive/patterns/pattern_analyzer.py;pipeline/stages/collection/orchestrator.py,Verify this reference is used through a registry/factory/pipeline path.
.archive_docs\draft\dean_os_agent_system_v7\src\config\collectors.yaml,name,vix_data,FOUND_IN_SOURCE,data/collectors/vix_collector.py;data/management/data_manager.py,Verify this reference is used through a registry/factory/pipeline path.
.archive_docs\draft\dean_os_agent_system_v7\src\config\collectors.yaml,name,put_call_ratio_data,FOUND_IN_SOURCE,data/collectors/put_call_ratio_collector.py,Verify this reference is used through a registry/factory/pipeline path.
.archive_docs\draft\dean_os_agent_system_v7\src\config\collectors.yaml,name,fear_greed_data,FOUND_IN_SOURCE,data/collectors/alternative_me_collector.py;data/collectors/fear_greed_collector.py,Verify this reference is used through a registry/factory/pipeline path.
.archive_docs\draft\dean_os_agent_system_v7\src\config\collectors.yaml,name,aaii_sentiment_data,FOUND_IN_SOURCE,data/collectors/aaii_sentiment_collector.py,Verify this reference is used through a registry/factory/pipeline path.
.archive_docs\draft\dean_os_agent_system_v7\src\config\collectors.yaml,name,cftc_data,FOUND_IN_SOURCE,data/collectors/cftc_collector.py,Verify this reference is used through a registry/factory/pipeline path.
.archive_docs\draft\dean_os_agent_system_v7\src\config\collectors.yaml,name,reddit_sentiment_data,POSSIBLY_MISSING,,Check if config references renamed/deleted component or if component is loaded dynamically.
.archive_docs\draft\dean_os_agent_system_v7\src\config\collectors.yaml,name,local_file_source,POSSIBLY_MISSING,,Check if config references renamed/deleted component or if component is loaded dynamically.
.archive_docs\draft\dean_os_agent_system_v7\src\config\collectors.yaml,class,LocalFileDataSource,FOUND_IN_SOURCE,archive/data_sources/local_file_data_source.py;archive/data_sources/__init__.py,Verify this reference is used through a registry/factory/pipeline path.
.archive_docs\draft\dean_os_agent_system_v7\src\config\context.yaml,name,Financial,FOUND_IN_SOURCE,algorithms/metrics_mixin.py;archive/financial_metrics.py;monitoring/health_hub.py;scripts/test_modular_pipeline.py;agents/modular_pipeline/orchestrator.py;agents/modular_pipeline/lenses/financial_services_lens.py;analytics/calculators/risk_reward_calculator.py;archive/validation/temporal_feature_separator.py;data/collectors/cftc_collector.py;features/nlp/extractors/keyword_extractor.py;features/nlp/extractors/news_ticker_detector.py;metrics/financial/financial_metrics_library.py;metrics/financial/portfolio_metrics.py;pipeline/stages/evaluation/metrics_calculator.py;pipeline/stages/evaluation/orchestrator.py;pipeline/stages/evaluation/report_generator.py;scripts/experiments/compare_layers.py,Verify this reference is used through a registry/factory/pipeline path.
.archive_docs\draft\dean_os_agent_system_v7\src\config\context.yaml,name,COVID-19,POSSIBLY_MISSING,,Check if config references renamed/deleted component or if component is loaded dynamically.
.archive_docs\draft\dean_os_agent_system_v7\src\config\context.yaml,name,Dot-com,POSSIBLY_MISSING,,Check if config references renamed/deleted component or if component is loaded dynamically.
.archive_docs\draft\dean_os_agent_system_v7\src\config\context.yaml,name,Black,FOUND_IN_SOURCE,algorithms/risk_parity_allocator.py;data/collectors/synthetic_generator.py;main/modes/monster_test.py;main/modes/shadow_battle.py;scripts/optimization/portfolio/optimizer.py,Verify this reference is used through a registry/factory/pipeline path.
.archive_docs\draft\dean_os_agent_system_v7\src\config\context.yaml,name,Great,FOUND_IN_SOURCE,archive/monitoring/tests.py,Verify this reference is used through a registry/factory/pipeline path.
.archive_docs\draft\dean_os_agent_system_v7\src\config\context.yaml,name,Inflation,FOUND_IN_SOURCE,agents/archive/cognitive_extractor.py;agents/archive/cognitive_pipeline.py;archive/models_dead/universal_registry.py;data/collectors/sdmx_macro_collector.py;features/validation/redundancy_detector.py;scripts/simulation/shadow_arena.py,Verify this reference is used through a registry/factory/pipeline path.
.archive_docs\draft\dean_os_agent_system_v7\src\config\context.yaml,name,Rate,FOUND_IN_SOURCE,dashboard/main_app.py;trading/live_adaptive_ensemble.py;utils/rate_limiter.py;agents/archive/cognitive_extractor.py;agents/tools/gdelt_tool.py;archive/calibration/calibration_engine.py;archive/meta_learning/real_time_learning.py;archive/models_dead/integrated_model_manager.py;core/clients/http_client_factory.py;core/clients/llm_client.py;data/collectors/insider_collector.py;data/collectors/wikimedia_attention_collector.py;features/enrichers/volume_enricher.py;meta_learning/calibration/calibration_engine.py;meta_learning/memory/diary_engine.py;meta_learning/security/agent_permissions.py;metrics/financial/financial_metrics_library.py;models/analysis/baselines/strategies.py;models/ensemble/calibration/strategies.py;pipeline/guards/macro_release_timing_guard.py,Verify this reference is used through a registry/factory/pipeline path.
.archive_docs\draft\dean_os_agent_system_v7\src\config\context.yaml,name,Banking,FOUND_IN_SOURCE,patterns/pattern_recognition_adjustment.py,Verify this reference is used through a registry/factory/pipeline path.
.archive_docs\draft\dean_os_agent_system_v7\src\config\context.yaml,name,Tech,FOUND_IN_SOURCE,patterns/pattern_recognition_adjustment.py;scripts/test_modular_pipeline.py;agents/modular_pipeline/orchestrator.py;agents/modular_pipeline/lenses/healthcare_biotech_lens.py;agents/modular_pipeline/lenses/technology_lens.py;archive/utils/smart_missing_data_handler.py;archive/features/utils/hybrid_adaptive_technical_indicators.py;archive/features/utils/modular_adaptive_technical_indicators.py;archive/features/utils/simple_adaptive_technical_indicators.py;features/enrichers/advanced_analytics_enricher.py;features/enrichers/nlp_features_enricher.py;features/enrichers/technical_analysis_enricher.py;features/selection/enhanced_smart_selector.py;features/utils/adaptive_indicators.py;features/utils/technical_indicators_lib.py;features/nlp/extractors/news_ticker_detector.py;scripts/simulation/shadow_arena.py,Verify this reference is used through a registry/factory/pipeline path.
.archive_docs\draft\dean_os_agent_system_v7\src\config\context.yaml,name,Crypto,FOUND_IN_SOURCE,data/collectors/newsapi_collector.py;data/collectors/sec_filings_collector.py;pipeline/stages/trading/recommendation_engine.py,Verify this reference is used through a registry/factory/pipeline path.
.archive_docs\draft\dean_os_agent_system_v7\src\config\context.yaml,name,Geopolitical,FOUND_IN_SOURCE,patterns/pattern_recognition_adjustment.py;scripts/test_modular_pipeline.py;agents/modular_pipeline/orchestrator.py;agents/modular_pipeline/lenses/geopolitical_risk_lens.py;archive/patterns/pattern_analyzer.py;scripts/simulation/shadow_arena.py,Verify this reference is used through a registry/factory/pipeline path.
.archive_docs\draft\dean_os_agent_system_v7\src\config\context.yaml,name,Energy,FOUND_IN_SOURCE,features/entity_linker.py;scripts/test_modular_pipeline.py;agents/modular_pipeline/orchestrator.py;agents/tools/eia_tool.py;agents/modular_pipeline/lenses/energy_commodity_lens.py;features/nlp/extractors/news_ticker_detector.py;scripts/simulation/shadow_arena.py,Verify this reference is used through a registry/factory/pipeline path.
.archive_docs\draft\dean_os_agent_system_v7\src\config\context.yaml,name,Supply,FOUND_IN_SOURCE,agents/archive/cognitive_extractor.py;agents/archive/cognitive_pipeline.py,Verify this reference is used through a registry/factory/pipeline path.
.archive_docs\draft\dean_os_agent_system_v7\src\config\context.yaml,name,Housing,POSSIBLY_MISSING,,Check if config references renamed/deleted component or if component is loaded dynamically.
.archive_docs\draft\dean_os_agent_system_v7\src\config\context.yaml,name,Flash,FOUND_IN_SOURCE,data/collectors/synthetic_generator.py;main/modes/shadow_battle.py,Verify this reference is used through a registry/factory/pipeline path.
.archive_docs\draft\dean_os_agent_system_v7\src\config\context.yaml,name,European,POSSIBLY_MISSING,,Check if config references renamed/deleted component or if component is loaded dynamically.
.archive_docs\draft\dean_os_agent_system_v7\src\config\context.yaml,name,Asian,POSSIBLY_MISSING,,Check if config references renamed/deleted component or if component is loaded dynamically.
.archive_docs\draft\dean_os_agent_system_v7\src\config\data_sources.yaml,name,local_file_source,POSSIBLY_MISSING,,Check if config references renamed/deleted component or if component is loaded dynamically.
.archive_docs\draft\dean_os_agent_system_v7\src\config\data_sources.yaml,class,LocalFileDataSource,FOUND_IN_SOURCE,archive/data_sources/local_file_data_source.py;archive/data_sources/__init__.py,Verify this reference is used through a registry/factory/pipeline path.
.archive_docs\draft\dean_os_agent_system_v7\src\config\enrichment.yaml,class_like_name,SignificanceFeaturesEnricher,FOUND_IN_SOURCE,features/enrichers/significance_features_enricher.py,Verify this reference is used through a registry/factory/pipeline path.
.archive_docs\draft\dean_os_agent_system_v7\src\config\enrichment.yaml,class_like_name,MarketContextEnricher,FOUND_IN_SOURCE,features/enrichers/market_context_enricher.py,Verify this reference is used through a registry/factory/pipeline path.
.archive_docs\draft\dean_os_agent_system_v7\src\config\enrichment.yaml,class_like_name,TimeFeaturesEnricher,FOUND_IN_SOURCE,features/enrichers/time_features_enricher.py,Verify this reference is used through a registry/factory/pipeline path.
.archive_docs\draft\dean_os_agent_system_v7\src\config\enrichment.yaml,model,name,FOUND_IN_SOURCE,agents/pipeline_bridge.py;algorithms/metrics_mixin.py;algorithms/risk_parity_allocator.py;analytics/analyzer_registry.py;analytics/meta_pattern_miner.py;analytics/panic_correlation_analyzer.py;analytics/unified_analytics_engine.py;archive/dean_integration.py;archive/online_model_integration.py;archive/portfolio_optimizer.py;cli/argument_parser.py;cli/argument_validator.py;cli/batch_manager.py;cli/pipeline_data_loader.py;cli/pipeline_executor.py;colab/__init__.py;config/target_type_registry.py;config/unified_config_manager.py;core/base_integration.py;core/version_checker.py,Verify this reference is used through a registry/factory/pipeline path.
.archive_docs\draft\dean_os_agent_system_v7\src\config\enrichment.yaml,model,en_core_web_sm,FOUND_IN_SOURCE,features/enrichers/keyword_entity_enricher.py;features/nlp/extractors/entity_extractor.py,Verify this reference is used through a registry/factory/pipeline path.
.archive_docs\draft\dean_os_agent_system_v7\src\config\enrichment.yaml,model_name,t5-small,FOUND_IN_SOURCE,features/nlp/scoring/summarizer.py,Verify this reference is used through a registry/factory/pipeline path.
.archive_docs\draft\dean_os_agent_system_v7\src\config\enrichment.yaml,class,SignificanceFeaturesEnricher,FOUND_IN_SOURCE,features/enrichers/significance_features_enricher.py,Verify this reference is used through a registry/factory/pipeline path.
.archive_docs\draft\dean_os_agent_system_v7\src\config\enrichment.yaml,class,MarketContextEnricher,FOUND_IN_SOURCE,features/enrichers/market_context_enricher.py,Verify this reference is used through a registry/factory/pipeline path.
.archive_docs\draft\dean_os_agent_system_v7\src\config\enrichment.yaml,class,TimeFeaturesEnricher,FOUND_IN_SOURCE,features/enrichers/time_features_enricher.py,Verify this reference is used through a registry/factory/pipeline path.
.archive_docs\draft\dean_os_agent_system_v7\src\config\error_handling.yaml,class_like_name,EnhancedErrorAnalyzer,POSSIBLY_MISSING,,Check if config references renamed/deleted component or if component is loaded dynamically.
.archive_docs\draft\dean_os_agent_system_v7\src\config\knowledge_base.yaml,name,bloomberg_markets,POSSIBLY_MISSING,,Check if config references renamed/deleted component or if component is loaded dynamically.
.archive_docs\draft\dean_os_agent_system_v7\src\config\knowledge_base.yaml,name,bloomberg_tech,POSSIBLY_MISSING,,Check if config references renamed/deleted component or if component is loaded dynamically.
.archive_docs\draft\dean_os_agent_system_v7\src\config\knowledge_base.yaml,name,bloomberg_economics,POSSIBLY_MISSING,,Check if config references renamed/deleted component or if component is loaded dynamically.
.archive_docs\draft\dean_os_agent_system_v7\src\config\knowledge_base.yaml,name,bloomberg_business,POSSIBLY_MISSING,,Check if config references renamed/deleted component or if component is loaded dynamically.
.archive_docs\draft\dean_os_agent_system_v7\src\config\knowledge_base.yaml,name,bloomberg_politics,POSSIBLY_MISSING,,Check if config references renamed/deleted component or if component is loaded dynamically.
.archive_docs\draft\dean_os_agent_system_v7\src\config\knowledge_base.yaml,name,cnbc_earnings,POSSIBLY_MISSING,,Check if config references renamed/deleted component or if component is loaded dynamically.
.archive_docs\draft\dean_os_agent_system_v7\src\config\knowledge_base.yaml,name,cnbc_world,POSSIBLY_MISSING,,Check if config references renamed/deleted component or if component is loaded dynamically.
.archive_docs\draft\dean_os_agent_system_v7\src\config\knowledge_base.yaml,name,yahoo_finance_general,POSSIBLY_MISSING,,Check if config references renamed/deleted component or if component is loaded dynamically.
.archive_docs\draft\dean_os_agent_system_v7\src\config\knowledge_base.yaml,name,bbc_business,POSSIBLY_MISSING,,Check if config references renamed/deleted component or if component is loaded dynamically.
.archive_docs\draft\dean_os_agent_system_v7\src\config\knowledge_base.yaml,name,financial_times,POSSIBLY_MISSING,,Check if config references renamed/deleted component or if component is loaded dynamically.
.archive_docs\draft\dean_os_agent_system_v7\src\config\knowledge_base.yaml,name,wsj,POSSIBLY_MISSING,,Check if config references renamed/deleted component or if component is loaded dynamically.
.archive_docs\draft\dean_os_agent_system_v7\src\config\knowledge_base.yaml,name,wsj_markets,POSSIBLY_MISSING,,Check if config references renamed/deleted component or if component is loaded dynamically.
.archive_docs\draft\dean_os_agent_system_v7\src\config\knowledge_base.yaml,name,marketwatch,POSSIBLY_MISSING,,Check if config references renamed/deleted component or if component is loaded dynamically.
.archive_docs\draft\dean_os_agent_system_v7\src\config\knowledge_base.yaml,name,seeking_alpha,POSSIBLY_MISSING,,Check if config references renamed/deleted component or if component is loaded dynamically.
.archive_docs\draft\dean_os_agent_system_v7\src\config\knowledge_base.yaml,name,investing_com,POSSIBLY_MISSING,,Check if config references renamed/deleted component or if component is loaded dynamically.
.archive_docs\draft\dean_os_agent_system_v7\src\config\knowledge_base.yaml,name,benzinga,POSSIBLY_MISSING,,Check if config references renamed/deleted component or if component is loaded dynamically.
.archive_docs\draft\dean_os_agent_system_v7\src\config\knowledge_base.yaml,name,ft_markets,POSSIBLY_MISSING,,Check if config references renamed/deleted component or if component is loaded dynamically.
.archive_docs\draft\dean_os_agent_system_v7\src\config\knowledge_base.yaml,name,zerohedge,POSSIBLY_MISSING,,Check if config references renamed/deleted component or if component is loaded dynamically.
.archive_docs\draft\dean_os_agent_system_v7\src\config\knowledge_base.yaml,name,cointelegraph_crypto,POSSIBLY_MISSING,,Check if config references renamed/deleted component or if component is loaded dynamically.
.archive_docs\draft\dean_os_agent_system_v7\src\config\knowledge_base.yaml,name,npr_business,POSSIBLY_MISSING,,Check if config references renamed/deleted component or if component is loaded dynamically.
.archive_docs\draft\dean_os_agent_system_v7\src\config\models.yaml,class_like_name,ModelFactory,FOUND_IN_SOURCE,factories/model_factory.py;factories/tree_model_factory.py;models/enhanced_factory.py;training/base_trainer.py;training/constants.py;training/light_model_trainer.py;training/unified_training_manager.py;archive/models/factory.py,Verify this reference is used through a registry/factory/pipeline path.
.archive_docs\draft\dean_os_agent_system_v7\src\config\models.yaml,class_like_name,CatBoostModel,FOUND_IN_SOURCE,factories/tree_model_factory.py;archive/models/factory.py;models/prototypes/prototype.py;models/tree/catboost_model.py,Verify this reference is used through a registry/factory/pipeline path.
.archive_docs\draft\dean_os_agent_system_v7\src\config\models.yaml,class_like_name,LightGBMModel,FOUND_IN_SOURCE,factories/tree_model_factory.py;archive/models/factory.py;models/tree/lightgbm_model.py,Verify this reference is used through a registry/factory/pipeline path.
.archive_docs\draft\dean_os_agent_system_v7\src\config\models.yaml,class_like_name,XGBoostModel,FOUND_IN_SOURCE,factories/tree_model_factory.py;archive/models/factory.py;models/tree/xgboost_model.py,Verify this reference is used through a registry/factory/pipeline path.
.archive_docs\draft\dean_os_agent_system_v7\src\config\models.yaml,class_like_name,RandomForestModel,FOUND_IN_SOURCE,factories/tree_model_factory.py;archive/models/factory.py;models/tree/random_forest_model.py,Verify this reference is used through a registry/factory/pipeline path.
.archive_docs\draft\dean_os_agent_system_v7\src\config\models.yaml,class_like_name,LinearModel,FOUND_IN_SOURCE,factories/model_factory.py;archive/models/factory.py;models/linear/linear_model.py,Verify this reference is used through a registry/factory/pipeline path.
.archive_docs\draft\dean_os_agent_system_v7\src\config\models.yaml,class_like_name,SVMModel,FOUND_IN_SOURCE,factories/model_factory.py;archive/models/factory.py;models/linear/svm_model.py,Verify this reference is used through a registry/factory/pipeline path.
.archive_docs\draft\dean_os_agent_system_v7\src\config\models.yaml,class_like_name,KNNModel,FOUND_IN_SOURCE,factories/model_factory.py;archive/models/factory.py;models/linear/knn_model.py,Verify this reference is used through a registry/factory/pipeline path.
.archive_docs\draft\dean_os_agent_system_v7\src\config\models.yaml,class_like_name,MLPModel,FOUND_IN_SOURCE,factories/model_factory.py;archive/models/factory.py;models/neural/mlp_model.py,Verify this reference is used through a registry/factory/pipeline path.
.archive_docs\draft\dean_os_agent_system_v7\src\config\models.yaml,class_like_name,CNNModel,FOUND_IN_SOURCE,factories/model_factory.py;models/loader.py;archive/models/factory.py;colab/models/architectures.py;colab/models/model_factory.py;colab/models/torch_models.py;models/neural/cnn_model.py,Verify this reference is used through a registry/factory/pipeline path.
.archive_docs\draft\dean_os_agent_system_v7\src\config\models.yaml,class_like_name,LSTMModel,FOUND_IN_SOURCE,factories/model_factory.py;models/loader.py;archive/models/factory.py;colab/models/architectures.py;colab/models/model_factory.py;colab/models/torch_models.py;models/neural/lstm_model.py,Verify this reference is used through a registry/factory/pipeline path.
.archive_docs\draft\dean_os_agent_system_v7\src\config\models.yaml,class_like_name,GRUModel,FOUND_IN_SOURCE,factories/model_factory.py;models/loader.py;archive/models/factory.py;colab/models/architectures.py;colab/models/model_factory.py;colab/models/torch_models.py;models/neural/gru_model.py,Verify this reference is used through a registry/factory/pipeline path.
.archive_docs\draft\dean_os_agent_system_v7\src\config\models.yaml,class_like_name,TransformerModel,FOUND_IN_SOURCE,factories/model_factory.py;models/loader.py;archive/models/factory.py;colab/models/architectures.py;colab/models/model_factory.py;colab/models/torch_models.py;models/neural/transformer_model.py,Verify this reference is used through a registry/factory/pipeline path.
.archive_docs\draft\dean_os_agent_system_v7\src\config\models.yaml,class_like_name,TabNetModel,FOUND_IN_SOURCE,factories/model_factory.py;archive/models/factory.py;models/neural/tabnet_model.py,Verify this reference is used through a registry/factory/pipeline path.
.archive_docs\draft\dean_os_agent_system_v7\src\config\models.yaml,class_like_name,AutoencoderModel,FOUND_IN_SOURCE,factories/model_factory.py;models/loader.py;archive/models/factory.py;colab/models/architectures.py;colab/models/model_factory.py;colab/models/torch_models.py;models/neural/autoencoder_model.py,Verify this reference is used through a registry/factory/pipeline path.
.archive_docs\draft\dean_os_agent_system_v7\src\config\models.yaml,class_like_name,EnsembleModel,FOUND_IN_SOURCE,factories/model_factory.py;archive/models/factory.py;archive/models_dead/enhanced_ensemble.py;ensembling/ensemble/ensemble_model.py;models/ensemble/ensemble_model.py,Verify this reference is used through a registry/factory/pipeline path.
.archive_docs\draft\dean_os_agent_system_v7\src\config\models.yaml,model,is_present,FOUND_IN_SOURCE,core/security/secure_secrets_manager.py,Verify this reference is used through a registry/factory/pipeline path.
.archive_docs\draft\dean_os_agent_system_v7\src\config\models.yaml,class,CatBoostModel,FOUND_IN_SOURCE,factories/tree_model_factory.py;archive/models/factory.py;models/prototypes/prototype.py;models/tree/catboost_model.py,Verify this reference is used through a registry/factory/pipeline path.
.archive_docs\draft\dean_os_agent_system_v7\src\config\models.yaml,class,LightGBMModel,FOUND_IN_SOURCE,factories/tree_model_factory.py;archive/models/factory.py;models/tree/lightgbm_model.py,Verify this reference is used through a registry/factory/pipeline path.
.archive_docs\draft\dean_os_agent_system_v7\src\config\models.yaml,class,XGBoostModel,FOUND_IN_SOURCE,factories/tree_model_factory.py;archive/models/factory.py;models/tree/xgboost_model.py,Verify this reference is used through a registry/factory/pipeline path.
.archive_docs\draft\dean_os_agent_system_v7\src\config\models.yaml,class,RandomForestModel,FOUND_IN_SOURCE,factories/tree_model_factory.py;archive/models/factory.py;models/tree/random_forest_model.py,Verify this reference is used through a registry/factory/pipeline path.
.archive_docs\draft\dean_os_agent_system_v7\src\config\models.yaml,class,LinearModel,FOUND_IN_SOURCE,factories/model_factory.py;archive/models/factory.py;models/linear/linear_model.py,Verify this reference is used through a registry/factory/pipeline path.
.archive_docs\draft\dean_os_agent_system_v7\src\config\models.yaml,class,SVMModel,FOUND_IN_SOURCE,factories/model_factory.py;archive/models/factory.py;models/linear/svm_model.py,Verify this reference is used through a registry/factory/pipeline path.
.archive_docs\draft\dean_os_agent_system_v7\src\config\models.yaml,class,KNNModel,FOUND_IN_SOURCE,factories/model_factory.py;archive/models/factory.py;models/linear/knn_model.py,Verify this reference is used through a registry/factory/pipeline path.
.archive_docs\draft\dean_os_agent_system_v7\src\config\models.yaml,class,MLPModel,FOUND_IN_SOURCE,factories/model_factory.py;archive/models/factory.py;models/neural/mlp_model.py,Verify this reference is used through a registry/factory/pipeline path.
.archive_docs\draft\dean_os_agent_system_v7\src\config\models.yaml,class,CNNModel,FOUND_IN_SOURCE,factories/model_factory.py;models/loader.py;archive/models/factory.py;colab/models/architectures.py;colab/models/model_factory.py;colab/models/torch_models.py;models/neural/cnn_model.py,Verify this reference is used through a registry/factory/pipeline path.
.archive_docs\draft\dean_os_agent_system_v7\src\config\models.yaml,class,LSTMModel,FOUND_IN_SOURCE,factories/model_factory.py;models/loader.py;archive/models/factory.py;colab/models/architectures.py;colab/models/model_factory.py;colab/models/torch_models.py;models/neural/lstm_model.py,Verify this reference is used through a registry/factory/pipeline path.
.archive_docs\draft\dean_os_agent_system_v7\src\config\models.yaml,class,GRUModel,FOUND_IN_SOURCE,factories/model_factory.py;models/loader.py;archive/models/factory.py;colab/models/architectures.py;colab/models/model_factory.py;colab/models/torch_models.py;models/neural/gru_model.py,Verify this reference is used through a registry/factory/pipeline path.
.archive_docs\draft\dean_os_agent_system_v7\src\config\models.yaml,class,TransformerModel,FOUND_IN_SOURCE,factories/model_factory.py;models/loader.py;archive/models/factory.py;colab/models/architectures.py;colab/models/model_factory.py;colab/models/torch_models.py;models/neural/transformer_model.py,Verify this reference is used through a registry/factory/pipeline path.
.archive_docs\draft\dean_os_agent_system_v7\src\config\models.yaml,class,TabNetModel,FOUND_IN_SOURCE,factories/model_factory.py;archive/models/factory.py;models/neural/tabnet_model.py,Verify this reference is used through a registry/factory/pipeline path.
.archive_docs\draft\dean_os_agent_system_v7\src\config\models.yaml,class,AutoencoderModel,FOUND_IN_SOURCE,factories/model_factory.py;models/loader.py;archive/models/factory.py;colab/models/architectures.py;colab/models/model_factory.py;colab/models/torch_models.py;models/neural/autoencoder_model.py,Verify this reference is used through a registry/factory/pipeline path.
.archive_docs\draft\dean_os_agent_system_v7\src\config\models.yaml,class,EnsembleModel,FOUND_IN_SOURCE,factories/model_factory.py;archive/models/factory.py;archive/models_dead/enhanced_ensemble.py;ensembling/ensemble/ensemble_model.py;models/ensemble/ensemble_model.py,Verify this reference is used through a registry/factory/pipeline path.
.archive_docs\draft\dean_os_agent_system_v7\src\config\models.yaml,model,data,FOUND_IN_SOURCE,agents/pipeline_bridge.py;algorithms/adaptive_position_sizer.py;algorithms/metrics_mixin.py;algorithms/risk_parity_allocator.py;analytics/interfaces.py;analytics/meta_pattern_miner.py;analytics/panic_correlation_analyzer.py;analytics/unified_analytics_engine.py;analytics/__init__.py;archive/dean_integration.py;archive/legacy_smart_trader.py;archive/online_model_integration.py;archive/portfolio_optimizer.py;cli/argument_validator.py;cli/batch_manager.py;cli/pipeline_data_loader.py;cli/pipeline_executor.py;colab/__init__.py;config/unified_config_manager.py;core/exceptions.py,Verify this reference is used through a registry/factory/pipeline path.
.archive_docs\draft\dean_os_agent_system_v7\src\config\models.yaml,model_name,yiyanghkust,FOUND_IN_SOURCE,features/nlp/models/sentiment_core.py,Verify this reference is used through a registry/factory/pipeline path.
.archive_docs\draft\dean_os_agent_system_v7\src\config\monitoring_config.yaml,name,Trading,FOUND_IN_SOURCE,archive/dean_integration.py;cli/argument_parser.py;config/unified_config_manager.py;dashboard/main_app.py;features/news_dataset_builder.py;meta_learning/__init__.py;monitoring/dashboard.py;trading/adaptive_parameter_manager.py;trading/consensus_engine.py;trading/elite_risk_sizer.py;trading/live_adaptive_ensemble.py;trading/portfolio_manager.py;trading/post_inference_filter.py;trading/trader.py;trading/trading_orchestrator.py;trading/virtual_portfolio.py;trading/__init__.py;utils/trading_calendar.py;validation/time_series_validator.py;analytics/arena/arena_battle.py,Verify this reference is used through a registry/factory/pipeline path.
.archive_docs\draft\dean_os_agent_system_v7\src\config\processing.yaml,name,target_regression_1d,POSSIBLY_MISSING,,Check if config references renamed/deleted component or if component is loaded dynamically.
.archive_docs\draft\dean_os_agent_system_v7\src\config\processing.yaml,name,target_binary_1d_0_0,POSSIBLY_MISSING,,Check if config references renamed/deleted component or if component is loaded dynamically.
.archive_docs\draft\dean_os_agent_system_v7\src\config\processing.yaml,name,target_multiclass_1d,POSSIBLY_MISSING,,Check if config references renamed/deleted component or if component is loaded dynamically.
.archive_docs\draft\dean_os_agent_system_v7\src\config\processing.yaml,name,target_rsi_prediction_3d,POSSIBLY_MISSING,,Check if config references renamed/deleted component or if component is loaded dynamically.
.archive_docs\draft\dean_os_agent_system_v7\src\config\sentiment.yaml,model,finbert,FOUND_IN_SOURCE,features/news_clusterer.py;sentiment/sentiment_models.py;agents/archive/veto_system.py;features/enrichers/finbert_sentiment.py;features/enrichers/sentiment_features_enricher.py;features/nlp/models/finbert_pipeline.py;features/nlp/models/sentiment_core.py;models/adapters/sentiment_integration.py;pipeline/stages/feature_engineering/orchestrator.py,Verify this reference is used through a registry/factory/pipeline path.
.archive_docs\draft\dean_os_agent_system_v7\src\config\sentiment.yaml,model_name,ProsusAI,FOUND_IN_SOURCE,features/news_clusterer.py;sentiment/sentiment_models.py;features/enrichers/finbert_sentiment.py;features/nlp/models/finbert_pipeline.py,Verify this reference is used through a registry/factory/pipeline path.
.archive_docs\draft\dean_os_agent_system_v7\src\config\sentiment.yaml,model_name,cardiffnlp,POSSIBLY_MISSING,,Check if config references renamed/deleted component or if component is loaded dynamically.
.archive_docs\draft\dean_os_agent_system_v7\src\config\simulation.yaml,name,COVID-like,POSSIBLY_MISSING,,Check if config references renamed/deleted component or if component is loaded dynamically.
.archive_docs\draft\dean_os_agent_system_v7\src\config\simulation.yaml,name,Rate,FOUND_IN_SOURCE,dashboard/main_app.py;trading/live_adaptive_ensemble.py;utils/rate_limiter.py;agents/archive/cognitive_extractor.py;agents/tools/gdelt_tool.py;archive/calibration/calibration_engine.py;archive/meta_learning/real_time_learning.py;archive/models_dead/integrated_model_manager.py;core/clients/http_client_factory.py;core/clients/llm_client.py;data/collectors/insider_collector.py;data/collectors/wikimedia_attention_collector.py;features/enrichers/volume_enricher.py;meta_learning/calibration/calibration_engine.py;meta_learning/memory/diary_engine.py;meta_learning/security/agent_permissions.py;metrics/financial/financial_metrics_library.py;models/analysis/baselines/strategies.py;models/ensemble/calibration/strategies.py;pipeline/guards/macro_release_timing_guard.py,Verify this reference is used through a registry/factory/pipeline path.
.archive_docs\draft\dean_os_agent_system_v7\src\config\simulation.yaml,name,Short,FOUND_IN_SOURCE,risk/elite_risk_metrics.py;sentiment/sentiment_models.py;agents/archive/cognitive_extractor.py;features/enrichers/technical_analysis_enricher.py;models/neural/lstm_model.py,Verify this reference is used through a registry/factory/pipeline path.
.archive_docs\draft\dean_os_agent_system_v7\src\config\transformers.yaml,class,StandardScalerTransformer,FOUND_IN_SOURCE,features/transformers/transformers.py;features/transformers/__init__.py,Verify this reference is used through a registry/factory/pipeline path.
.archive_docs\draft\dean_os_agent_system_v7\src\config\transformers.yaml,class,MinMaxScalerTransformer,FOUND_IN_SOURCE,features/transformers/transformers.py;features/transformers/__init__.py,Verify this reference is used through a registry/factory/pipeline path.
.archive_docs\draft\dean_os_agent_system_v7\src\config\unified_config.yaml,class_like_name,CriticalSignalDetector,FOUND_IN_SOURCE,analytics/detectors/critical_signal_detector.py;pipeline/stages/prediction/orchestrator.py,Verify this reference is used through a registry/factory/pipeline path.
.archive_docs\draft\dean_os_agent_system_v7\src\config\unified_config.yaml,class_like_name,NewsImpactAnalyzer,FOUND_IN_SOURCE,analytics/analyzers/news_impact_analyzer.py;features/enrichers/news_impact_enricher.py,Verify this reference is used through a registry/factory/pipeline path.
.archive_docs\draft\dean_os_agent_system_v7\src\config\unified_config.yaml,class_like_name,MacroContextAnalyzer,FOUND_IN_SOURCE,analytics/context/macro_context_analyzer.py,Verify this reference is used through a registry/factory/pipeline path.
.archive_docs\draft\dean_os_agent_system_v7\src\config\unified_config.yaml,class_like_name,SignificanceAnalyzer,FOUND_IN_SOURCE,features/enrichers/significance_features_enricher.py,Verify this reference is used through a registry/factory/pipeline path.
.archive_docs\draft\dean_os_agent_system_v7\src\config\unified_config.yaml,class_like_name,VolatilityCalculator,FOUND_IN_SOURCE,analytics/analyzers/wrappers.py;analytics/calculators/risk_reward_calculator.py;analytics/calculators/volatility_calculator.py;features/enrichers/derived_features_enricher.py;features/enrichers/technical_analysis_enricher.py,Verify this reference is used through a registry/factory/pipeline path.
.archive_docs\draft\dean_os_agent_system_v7\src\config\unified_config.yaml,class_like_name,DrawdownCalculator,FOUND_IN_SOURCE,analytics/analyzers/hedge_fund_analyzer.py;analytics/analyzers/wrappers.py;analytics/calculators/drawdown_calculator.py;features/enrichers/technical_analysis_enricher.py,Verify this reference is used through a registry/factory/pipeline path.
.archive_docs\draft\dean_os_agent_system_v7\src\config\unified_config.yaml,class_like_name,CollectionStage,FOUND_IN_SOURCE,pipeline/pipeline_orchestrator.py;main/modes/training_data_pipeline.py;pipeline/stages/stage_1_collection.py;pipeline/stages/collection/orchestrator.py;pipeline/stages/utils/collection_manager.py,Verify this reference is used through a registry/factory/pipeline path.
.archive_docs\draft\dean_os_agent_system_v7\src\config\unified_config.yaml,class_like_name,ProcessingStage,FOUND_IN_SOURCE,pipeline/pipeline_orchestrator.py;validation/validators.py;pipeline/stages/stage_2_processing.py;pipeline/stages/feature_engineering/orchestrator.py;pipeline/stages/processing/orchestrator.py;pipeline/stages/processing/__init__.py,Verify this reference is used through a registry/factory/pipeline path.
.archive_docs\draft\dean_os_agent_system_v7\src\config\unified_config.yaml,class_like_name,FeatureEngineeringStage,FOUND_IN_SOURCE,pipeline/pipeline_orchestrator.py;features/validation/feature_leakage_guard.py;pipeline/stages/stage_3_feature_engineering.py;pipeline/stages/feature_engineering/orchestrator.py;pipeline/stages/feature_engineering/__init__.py,Verify this reference is used through a registry/factory/pipeline path.
.archive_docs\draft\dean_os_agent_system_v7\src\config\unified_config.yaml,class_like_name,ModelingStage,FOUND_IN_SOURCE,pipeline/pipeline_orchestrator.py;pipeline/stages/stage_4_modeling.py;pipeline/stages/modeling/orchestrator.py;pipeline/stages/modeling/utils.py,Verify this reference is used through a registry/factory/pipeline path.
.archive_docs\draft\dean_os_agent_system_v7\src\config\unified_config.yaml,class_like_name,PredictionStage,FOUND_IN_SOURCE,pipeline/stages/stage_5_prediction.py;pipeline/stages/prediction/anomaly_engine.py;pipeline/stages/prediction/model_resolver.py;pipeline/stages/prediction/orchestrator.py;pipeline/stages/prediction/prediction_generator.py,Verify this reference is used through a registry/factory/pipeline path.
.archive_docs\draft\dean_os_agent_system_v7\src\config\unified_config.yaml,class_like_name,TradingExecutionStage,FOUND_IN_SOURCE,pipeline/stages/stage_6_trading_execution.py;pipeline/stages/trading/orchestrator.py,Verify this reference is used through a registry/factory/pipeline path.
.archive_docs\draft\dean_os_agent_system_v7\src\config\unified_config.yaml,class_like_name,EvaluationStage,FOUND_IN_SOURCE,agents/pipeline_bridge.py;validation/validators.py;pipeline/stages/stage_7_evaluation.py;pipeline/stages/evaluation/orchestrator.py,Verify this reference is used through a registry/factory/pipeline path.
.archive_docs\draft\dean_os_agent_system_v7\src\config\unified_config.yaml,name,VIX,FOUND_IN_SOURCE,archive/features/context_aware_feature_selector.py;archive/model_selector_dead/dynamic_weight_selector.py;archive/model_selector_dead/enhanced_context_analyzer.py;data/collectors/vix_collector.py;data/management/data_manager.py;ensembling/ensemble/archive/adaptive_ensemble.py;features/enrichers/advanced_analytics_enricher.py;features/enrichers/context_map_enricher.py;features/enrichers/technical_analysis_enricher.py;meta_learning/evolution/dual_loops.py;meta_learning/awareness/context/manager.py;models/adapters/data_preparation.py;models/model_selector/smart_selector.py;pipeline/stages/collection/orchestrator.py;scripts/simulation/shadow_arena.py,Verify this reference is used through a registry/factory/pipeline path.
.archive_docs\draft\dean_os_agent_system_v7\src\config\unified_config.yaml,name,yield_curve_slope,FOUND_IN_SOURCE,analytics/context/market_context_analyzer.py;features/enrichers/context_map_enricher.py;features/enrichers/market_context_enricher.py,Verify this reference is used through a registry/factory/pipeline path.
.archive_docs\draft\dean_os_agent_system_v7\src\config\unified_config.yaml,name,fed_funds_rate,FOUND_IN_SOURCE,features/enrichers/macro_features_enricher.py,Verify this reference is used through a registry/factory/pipeline path.
.archive_docs\draft\dean_os_agent_system_v7\src\config\unified_config.yaml,name,unemployment_rate,POSSIBLY_MISSING,,Check if config references renamed/deleted component or if component is loaded dynamically.
.archive_docs\draft\dean_os_agent_system_v7\src\config\unified_config.yaml,name,cpi_inflation,POSSIBLY_MISSING,,Check if config references renamed/deleted component or if component is loaded dynamically.
.archive_docs\draft\dean_os_agent_system_v7\src\config\unified_config.yaml,name,rolling_vol_10d,POSSIBLY_MISSING,,Check if config references renamed/deleted component or if component is loaded dynamically.
.archive_docs\draft\dean_os_agent_system_v7\src\config\unified_config.yaml,class,VolatilityCalculator,FOUND_IN_SOURCE,analytics/analyzers/wrappers.py;analytics/calculators/risk_reward_calculator.py;analytics/calculators/volatility_calculator.py;features/enrichers/derived_features_enricher.py;features/enrichers/technical_analysis_enricher.py,Verify this reference is used through a registry/factory/pipeline path.
.archive_docs\draft\dean_os_agent_system_v7\src\config\unified_config.yaml,name,calculate_rolling_volatility,FOUND_IN_SOURCE,analytics/analyzers/wrappers.py;analytics/calculators/volatility_calculator.py;features/enrichers/derived_features_enricher.py;features/enrichers/technical_analysis_enricher.py;metrics/utils/calculation_tools.py,Verify this reference is used through a registry/factory/pipeline path.
.archive_docs\draft\dean_os_agent_system_v7\src\config\unified_config.yaml,name,max_drawdown_30d,POSSIBLY_MISSING,,Check if config references renamed/deleted component or if component is loaded dynamically.
.archive_docs\draft\dean_os_agent_system_v7\src\config\unified_config.yaml,class,DrawdownCalculator,FOUND_IN_SOURCE,analytics/analyzers/hedge_fund_analyzer.py;analytics/analyzers/wrappers.py;analytics/calculators/drawdown_calculator.py;features/enrichers/technical_analysis_enricher.py,Verify this reference is used through a registry/factory/pipeline path.
.archive_docs\draft\dean_os_agent_system_v7\src\config\unified_config.yaml,name,calculate_rolling_max_drawdown,POSSIBLY_MISSING,,Check if config references renamed/deleted component or if component is loaded dynamically.
.archive_docs\draft\dean_os_agent_system_v7\src\config\unified_config.yaml,name,Stage_0_Setup,FOUND_IN_SOURCE,pipeline/stages/stage_0_setup.py,Verify this reference is used through a registry/factory/pipeline path.
.archive_docs\draft\dean_os_agent_system_v7\src\config\unified_config.yaml,class_path,src.pipeline.stages.stage_0_setup.Stage0Setup,FOUND_IN_SOURCE,pipeline/stages/stage_0_setup.py,Verify this reference is used through a registry/factory/pipeline path.
.archive_docs\draft\dean_os_agent_system_v7\src\config\unified_config.yaml,name,Stage_1_Collection,FOUND_IN_SOURCE,pipeline/stages/stage_1_collection.py,Verify this reference is used through a registry/factory/pipeline path.
.archive_docs\draft\dean_os_agent_system_v7\src\config\unified_config.yaml,class_path,src.pipeline.stages.stage_1_collection.CollectionStage,FOUND_IN_SOURCE,pipeline/pipeline_orchestrator.py;main/modes/training_data_pipeline.py;pipeline/stages/stage_1_collection.py;pipeline/stages/collection/orchestrator.py;pipeline/stages/utils/collection_manager.py,Verify this reference is used through a registry/factory/pipeline path.
.archive_docs\draft\dean_os_agent_system_v7\src\config\unified_config.yaml,name,Stage_2_Processing,FOUND_IN_SOURCE,pipeline/stages/stage_2_processing.py,Verify this reference is used through a registry/factory/pipeline path.
.archive_docs\draft\dean_os_agent_system_v7\src\config\unified_config.yaml,class_path,src.pipeline.stages.stage_2_processing.ProcessingStage,FOUND_IN_SOURCE,pipeline/pipeline_orchestrator.py;validation/validators.py;pipeline/stages/stage_2_processing.py;pipeline/stages/feature_engineering/orchestrator.py;pipeline/stages/processing/orchestrator.py;pipeline/stages/processing/__init__.py,Verify this reference is used through a registry/factory/pipeline path.
.archive_docs\draft\dean_os_agent_system_v7\src\config\unified_config.yaml,name,Stage_3_Feature_Engineering,FOUND_IN_SOURCE,pipeline/stages/stage_3_feature_engineering.py,Verify this reference is used through a registry/factory/pipeline path.
.archive_docs\draft\dean_os_agent_system_v7\src\config\unified_config.yaml,class_path,src.pipeline.stages.stage_3_feature_engineering.FeatureEngineeringStage,FOUND_IN_SOURCE,pipeline/pipeline_orchestrator.py;features/validation/feature_leakage_guard.py;pipeline/stages/stage_3_feature_engineering.py;pipeline/stages/feature_engineering/orchestrator.py;pipeline/stages/feature_engineering/__init__.py,Verify this reference is used through a registry/factory/pipeline path.
.archive_docs\draft\dean_os_agent_system_v7\src\config\unified_config.yaml,name,Stage_4_Modeling,FOUND_IN_SOURCE,pipeline/stages/stage_4_modeling.py,Verify this reference is used through a registry/factory/pipeline path.
.archive_docs\draft\dean_os_agent_system_v7\src\config\unified_config.yaml,class_path,src.pipeline.stages.stage_4_modeling.ModelingStage,FOUND_IN_SOURCE,pipeline/pipeline_orchestrator.py;pipeline/stages/stage_4_modeling.py;pipeline/stages/modeling/orchestrator.py;pipeline/stages/modeling/utils.py,Verify this reference is used through a registry/factory/pipeline path.
.archive_docs\draft\dean_os_agent_system_v7\src\config\unified_config.yaml,name,Stage_5_Prediction,FOUND_IN_SOURCE,pipeline/stages/stage_5_prediction.py,Verify this reference is used through a registry/factory/pipeline path.
.archive_docs\draft\dean_os_agent_system_v7\src\config\unified_config.yaml,class_path,src.pipeline.stages.stage_5_prediction.PredictionStage,FOUND_IN_SOURCE,pipeline/stages/stage_5_prediction.py;pipeline/stages/prediction/anomaly_engine.py;pipeline/stages/prediction/model_resolver.py;pipeline/stages/prediction/orchestrator.py;pipeline/stages/prediction/prediction_generator.py,Verify this reference is used through a registry/factory/pipeline path.
.archive_docs\draft\dean_os_agent_system_v7\src\config\unified_config.yaml,name,Stage_6_Trading_Execution,FOUND_IN_SOURCE,pipeline/stages/stage_6_trading_execution.py,Verify this reference is used through a registry/factory/pipeline path.
.archive_docs\draft\dean_os_agent_system_v7\src\config\unified_config.yaml,class_path,src.pipeline.stages.stage_6_trading_execution.TradingExecutionStage,FOUND_IN_SOURCE,pipeline/stages/stage_6_trading_execution.py;pipeline/stages/trading/orchestrator.py,Verify this reference is used through a registry/factory/pipeline path.
.archive_docs\draft\dean_os_agent_system_v7\src\config\unified_config.yaml,name,Stage_7_Evaluation,FOUND_IN_SOURCE,pipeline/stages/stage_7_evaluation.py,Verify this reference is used through a registry/factory/pipeline path.
.archive_docs\draft\dean_os_agent_system_v7\src\config\unified_config.yaml,class_path,src.pipeline.stages.stage_7_evaluation.EvaluationStage,FOUND_IN_SOURCE,agents/pipeline_bridge.py;validation/validators.py;pipeline/stages/stage_7_evaluation.py;pipeline/stages/evaluation/orchestrator.py,Verify this reference is used through a registry/factory/pipeline path.
.archive_docs\draft\thinking\dean_os_analyst_ideas_codex_handoff_2026-06-26\IMPLEMENTATION_BACKLOG.json,class_like_name,MarketAlreadyPricedDetector,POSSIBLY_MISSING,,Check if config references renamed/deleted component or if component is loaded dynamically.
.archive_docs\draft\thinking\dean_os_analyst_ideas_codex_handoff_2026-06-26\specs\daily_briefing_analyst_notes_spec_2026-06-26.json,class_like_name,MarketAlreadyPricedDetector,POSSIBLY_MISSING,,Check if config references renamed/deleted component or if component is loaded dynamically.
.claude\settings.local.json,class_like_name,PipelineManagerAgent,POSSIBLY_MISSING,,Check if config references renamed/deleted component or if component is loaded dynamically.
.claude\settings.local.json,class_like_name,TestBiasDetector,POSSIBLY_MISSING,,Check if config references renamed/deleted component or if component is loaded dynamically.
.claude\settings.local.json,class_path,dean_os.agents.pipeline_manager,FOUND_IN_SOURCE,pipeline/hybrid_orchestrator.py;pipeline/hybrid/component_factory.py;pipeline/hybrid/orchestrator_interface.py;pipeline/hybrid/pipeline_manager.py;pipeline/hybrid/__init__.py,Verify this reference is used through a registry/factory/pipeline path.
.claude\worktrees\reverent-gagarin-c7b5be\.github\workflows\build.yml,name,Build,FOUND_IN_SOURCE,agents/pipeline_bridge.py;analytics/meta_pattern_miner.py;features/news_dataset_builder.py;models/loader.py;monitoring/health_hub.py;monitoring/ml_analytics.py;simulation/simulation_engine.py;trading/adaptive_parameter_manager.py;trading/consensus_engine.py;trading/trading_orchestrator.py;analytics/analyzers/model_comparison_analyzer.py;analytics/calculators/econometrics_calculator.py;analytics/context/contextual_model_selector.py;analytics/context/market_phase_analyzer.py;archive/trading/signal_processor.py;archive/training/pattern_aware_training.py;archive/utils/missing_data_anomaly_detector.py;archive/pipeline/stages/prediction/result_builder.py;data/collectors/synthetic_generator.py;data/quality/news_price_availability_filter.py,Verify this reference is used through a registry/factory/pipeline path.
.claude\worktrees\reverent-gagarin-c7b5be\.github\workflows\build.yml,name,SonarQube,POSSIBLY_MISSING,,Check if config references renamed/deleted component or if component is loaded dynamically.
.claude\worktrees\reverent-gagarin-c7b5be\.github\workflows\ci.yml,name,Checkout,POSSIBLY_MISSING,,Check if config references renamed/deleted component or if component is loaded dynamically.
.claude\worktrees\reverent-gagarin-c7b5be\.github\workflows\ci.yml,name,Set,FOUND_IN_SOURCE,config/unified_config_manager.py;features/news_dataset_builder.py;monitoring/feature_drift_monitor.py;monitoring/health_hub.py;trading/adaptive_parameter_manager.py;training/adaptive_training_manager.py;training/progressive_trainer.py;training/unified_training_manager.py;analytics/calculators/fama_french_factors.py;analytics/signals/significance_detector.py;archive/reporting/visualization.py;colab/environment/setup.py;colab/models/model_factory.py;colab/models/sklearn_fallback.py;core/logging/log_standards.py;data/collectors/google_news_collector.py;data/collectors/yf_collector.py;data/management/asset_manager.py;data/validation/event_dataset_validator.py;features/builders/news_event_dataset_builder.py,Verify this reference is used through a registry/factory/pipeline path.
.claude\worktrees\reverent-gagarin-c7b5be\.github\workflows\ci.yml,name,Upgrade,POSSIBLY_MISSING,,Check if config references renamed/deleted component or if component is loaded dynamically.
.claude\worktrees\reverent-gagarin-c7b5be\.github\workflows\ci.yml,name,Install,FOUND_IN_SOURCE,monitoring/feature_drift_monitor.py;archive/calibration/calibration_engine.py;data/collectors/yf_collector.py;features/monitoring/feature_drift_detector.py;meta_learning/calibration/calibration_engine.py,Verify this reference is used through a registry/factory/pipeline path.
.claude\worktrees\reverent-gagarin-c7b5be\.github\workflows\ci.yml,name,Run,FOUND_IN_SOURCE,algorithms/risk_parity_allocator.py;analytics/unified_analytics_engine.py;cli/pipeline_executor.py;colab/__init__.py;dashboard/dashboard_data_bridge.py;dashboard/main_app.py;devtools/rule_generator.py;factories/tree_model_factory.py;features/feature_cache.py;features/feature_orchestrator.py;features/news_dataset_builder.py;features/news_impact_classifier.py;main/system_orchestrator.py;models/loader.py;models/model_pool.py;monitoring/config.py;monitoring/health_hub.py;monitoring/monitoring_system.py;pipeline/hybrid_orchestrator.py;pipeline/pipeline_orchestrator.py,Verify this reference is used through a registry/factory/pipeline path.
.claude\worktrees\reverent-gagarin-c7b5be\.github\workflows\ci.yml,name,Upload,FOUND_IN_SOURCE,core/cloud/gcs_manager.py;pipeline/hybrid/storage_manager.py,Verify this reference is used through a registry/factory/pipeline path.
.claude\worktrees\reverent-gagarin-c7b5be\.github\workflows\ci.yml,name,coverage-report,POSSIBLY_MISSING,,Check if config references renamed/deleted component or if component is loaded dynamically.
.claude\worktrees\reverent-gagarin-c7b5be\.github\workflows\ci.yml,name,Download,FOUND_IN_SOURCE,sentiment/sentiment_models.py;analytics/calculators/fama_french_factors.py;core/cloud/gcs_manager.py;data/collectors/huggingface_collector.py;data/collectors/vix_collector.py;data/collectors/yf_collector.py,Verify this reference is used through a registry/factory/pipeline path.
.claude\worktrees\reverent-gagarin-c7b5be\analysis_reports\step_by_step_analysis_report.json,class_like_name,FeatureEngineeringStage,FOUND_IN_SOURCE,pipeline/pipeline_orchestrator.py;features/validation/feature_leakage_guard.py;pipeline/stages/stage_3_feature_engineering.py;pipeline/stages/feature_engineering/orchestrator.py;pipeline/stages/feature_engineering/__init__.py,Verify this reference is used through a registry/factory/pipeline path.
.claude\worktrees\reverent-gagarin-c7b5be\audit_engagement_report.json,class_like_name,DrawdownAnalyzer,FOUND_IN_SOURCE,analytics/analyzer_registry.py;analytics/analyzers/wrappers.py,Verify this reference is used through a registry/factory/pipeline path.
.claude\worktrees\reverent-gagarin-c7b5be\audit_engagement_report.json,class_like_name,FamaFrenchAnalyzer,FOUND_IN_SOURCE,analytics/analyzer_registry.py;analytics/analyzers/wrappers.py,Verify this reference is used through a registry/factory/pipeline path.
.claude\worktrees\reverent-gagarin-c7b5be\audit_engagement_report.json,class_like_name,VolatilityAnalyzer,FOUND_IN_SOURCE,analytics/analyzer_registry.py;analytics/analyzers/wrappers.py,Verify this reference is used through a registry/factory/pipeline path.
.claude\worktrees\reverent-gagarin-c7b5be\audit_engagement_report.json,class_like_name,LSTMModel,FOUND_IN_SOURCE,factories/model_factory.py;models/loader.py;archive/models/factory.py;colab/models/architectures.py;colab/models/model_factory.py;colab/models/torch_models.py;models/neural/lstm_model.py,Verify this reference is used through a registry/factory/pipeline path.
.claude\worktrees\reverent-gagarin-c7b5be\audit_engagement_report.json,class_like_name,GRUModel,FOUND_IN_SOURCE,factories/model_factory.py;models/loader.py;archive/models/factory.py;colab/models/architectures.py;colab/models/model_factory.py;colab/models/torch_models.py;models/neural/gru_model.py,Verify this reference is used through a registry/factory/pipeline path.
.claude\worktrees\reverent-gagarin-c7b5be\audit_engagement_report.json,class_like_name,CNNModel,FOUND_IN_SOURCE,factories/model_factory.py;models/loader.py;archive/models/factory.py;colab/models/architectures.py;colab/models/model_factory.py;colab/models/torch_models.py;models/neural/cnn_model.py,Verify this reference is used through a registry/factory/pipeline path.
.claude\worktrees\reverent-gagarin-c7b5be\audit_engagement_report.json,class_like_name,TransformerModel,FOUND_IN_SOURCE,factories/model_factory.py;models/loader.py;archive/models/factory.py;colab/models/architectures.py;colab/models/model_factory.py;colab/models/torch_models.py;models/neural/transformer_model.py,Verify this reference is used through a registry/factory/pipeline path.
.claude\worktrees\reverent-gagarin-c7b5be\audit_engagement_report.json,class_like_name,AutoencoderModel,FOUND_IN_SOURCE,factories/model_factory.py;models/loader.py;archive/models/factory.py;colab/models/architectures.py;colab/models/model_factory.py;colab/models/torch_models.py;models/neural/autoencoder_model.py,Verify this reference is used through a registry/factory/pipeline path.
.claude\worktrees\reverent-gagarin-c7b5be\audit_engagement_report.json,class_like_name,NewsGlobalEnricher,FOUND_IN_SOURCE,features/news_dataset_builder.py;features/builders/news_event_dataset_builder.py;features/builders/news_event/enricher.py,Verify this reference is used through a registry/factory/pipeline path.
.claude\worktrees\reverent-gagarin-c7b5be\audit_engagement_report.json,class_like_name,RegimeDetector,FOUND_IN_SOURCE,algorithms/__init__.py;trading/consensus_engine.py;analytics/context/market_regime_analyzer.py;analytics/detectors/regime_detector.py;features/enrichers/technical_analysis_enricher.py;models/analysis/regime_winner_analyzer.py;models/analysis/regime/detector.py;models/analysis/regime/__init__.py,Verify this reference is used through a registry/factory/pipeline path.
.claude\worktrees\reverent-gagarin-c7b5be\audit_engagement_report.json,class_like_name,ConcentrationAnalyzer,FOUND_IN_SOURCE,risk/max_exposure_monitor.py;risk/analyzers/concentration_analyzer.py,Verify this reference is used through a registry/factory/pipeline path.
.claude\worktrees\reverent-gagarin-c7b5be\audit_engagement_report.json,class_like_name,CorrelationAnalyzer,FOUND_IN_SOURCE,analytics/panic_correlation_analyzer.py;models/__init__.py;risk/max_exposure_monitor.py;models/ensemble/model_correlation_analyzer.py;models/ensemble/__init__.py;risk/analyzers/correlation_analyzer.py,Verify this reference is used through a registry/factory/pipeline path.
.claude\worktrees\reverent-gagarin-c7b5be\audit_engagement_report.json,class_like_name,ExposureCalculator,FOUND_IN_SOURCE,archive/risk/exposure_calculator.py,Verify this reference is used through a registry/factory/pipeline path.
.claude\worktrees\reverent-gagarin-c7b5be\audit_engagement_report.json,class_like_name,VaRCalculator,FOUND_IN_SOURCE,algorithms/adaptive_position_sizer.py;risk/analyzers/var_calculator.py,Verify this reference is used through a registry/factory/pipeline path.
.claude\worktrees\reverent-gagarin-c7b5be\audit_engagement_report.json,class_like_name,BaseNewsTargetCalculator,FOUND_IN_SOURCE,targets/calculators/base_news_target_calculator.py,Verify this reference is used through a registry/factory/pipeline path.
.claude\worktrees\reverent-gagarin-c7b5be\audit_engagement_report_final.json,class_like_name,DrawdownAnalyzer,FOUND_IN_SOURCE,analytics/analyzer_registry.py;analytics/analyzers/wrappers.py,Verify this reference is used through a registry/factory/pipeline path.
.claude\worktrees\reverent-gagarin-c7b5be\audit_engagement_report_final.json,class_like_name,FamaFrenchAnalyzer,FOUND_IN_SOURCE,analytics/analyzer_registry.py;analytics/analyzers/wrappers.py,Verify this reference is used through a registry/factory/pipeline path.
.claude\worktrees\reverent-gagarin-c7b5be\audit_engagement_report_final.json,class_like_name,VolatilityAnalyzer,FOUND_IN_SOURCE,analytics/analyzer_registry.py;analytics/analyzers/wrappers.py,Verify this reference is used through a registry/factory/pipeline path.
.claude\worktrees\reverent-gagarin-c7b5be\audit_engagement_report_final.json,class_like_name,LSTMModel,FOUND_IN_SOURCE,factories/model_factory.py;models/loader.py;archive/models/factory.py;colab/models/architectures.py;colab/models/model_factory.py;colab/models/torch_models.py;models/neural/lstm_model.py,Verify this reference is used through a registry/factory/pipeline path.
.claude\worktrees\reverent-gagarin-c7b5be\audit_engagement_report_final.json,class_like_name,GRUModel,FOUND_IN_SOURCE,factories/model_factory.py;models/loader.py;archive/models/factory.py;colab/models/architectures.py;colab/models/model_factory.py;colab/models/torch_models.py;models/neural/gru_model.py,Verify this reference is used through a registry/factory/pipeline path.
.claude\worktrees\reverent-gagarin-c7b5be\audit_engagement_report_final.json,class_like_name,CNNModel,FOUND_IN_SOURCE,factories/model_factory.py;models/loader.py;archive/models/factory.py;colab/models/architectures.py;colab/models/model_factory.py;colab/models/torch_models.py;models/neural/cnn_model.py,Verify this reference is used through a registry/factory/pipeline path.
.claude\worktrees\reverent-gagarin-c7b5be\audit_engagement_report_final.json,class_like_name,TransformerModel,FOUND_IN_SOURCE,factories/model_factory.py;models/loader.py;archive/models/factory.py;colab/models/architectures.py;colab/models/model_factory.py;colab/models/torch_models.py;models/neural/transformer_model.py,Verify this reference is used through a registry/factory/pipeline path.
.claude\worktrees\reverent-gagarin-c7b5be\audit_engagement_report_final.json,class_like_name,AutoencoderModel,FOUND_IN_SOURCE,factories/model_factory.py;models/loader.py;archive/models/factory.py;colab/models/architectures.py;colab/models/model_factory.py;colab/models/torch_models.py;models/neural/autoencoder_model.py,Verify this reference is used through a registry/factory/pipeline path.
.claude\worktrees\reverent-gagarin-c7b5be\audit_engagement_report_final.json,class_like_name,NewsGlobalEnricher,FOUND_IN_SOURCE,features/news_dataset_builder.py;features/builders/news_event_dataset_builder.py;features/builders/news_event/enricher.py,Verify this reference is used through a registry/factory/pipeline path.
.claude\worktrees\reverent-gagarin-c7b5be\audit_engagement_report_final.json,class_like_name,RegimeDetector,FOUND_IN_SOURCE,algorithms/__init__.py;trading/consensus_engine.py;analytics/context/market_regime_analyzer.py;analytics/detectors/regime_detector.py;features/enrichers/technical_analysis_enricher.py;models/analysis/regime_winner_analyzer.py;models/analysis/regime/detector.py;models/analysis/regime/__init__.py,Verify this reference is used through a registry/factory/pipeline path.
.claude\worktrees\reverent-gagarin-c7b5be\audit_engagement_report_final.json,class_like_name,ConcentrationAnalyzer,FOUND_IN_SOURCE,risk/max_exposure_monitor.py;risk/analyzers/concentration_analyzer.py,Verify this reference is used through a registry/factory/pipeline path.
.claude\worktrees\reverent-gagarin-c7b5be\audit_engagement_report_final.json,class_like_name,CorrelationAnalyzer,FOUND_IN_SOURCE,analytics/panic_correlation_analyzer.py;models/__init__.py;risk/max_exposure_monitor.py;models/ensemble/model_correlation_analyzer.py;models/ensemble/__init__.py;risk/analyzers/correlation_analyzer.py,Verify this reference is used through a registry/factory/pipeline path.
.claude\worktrees\reverent-gagarin-c7b5be\audit_engagement_report_final.json,class_like_name,ExposureCalculator,FOUND_IN_SOURCE,archive/risk/exposure_calculator.py,Verify this reference is used through a registry/factory/pipeline path.
.claude\worktrees\reverent-gagarin-c7b5be\audit_engagement_report_final.json,class_like_name,VaRCalculator,FOUND_IN_SOURCE,algorithms/adaptive_position_sizer.py;risk/analyzers/var_calculator.py,Verify this reference is used through a registry/factory/pipeline path.
.claude\worktrees\reverent-gagarin-c7b5be\audit_engagement_report_final.json,class_like_name,BaseNewsTargetCalculator,FOUND_IN_SOURCE,targets/calculators/base_news_target_calculator.py,Verify this reference is used through a registry/factory/pipeline path.
.claude\worktrees\reverent-gagarin-c7b5be\audit_engagement_report_post_fix.json,class_like_name,DrawdownAnalyzer,FOUND_IN_SOURCE,analytics/analyzer_registry.py;analytics/analyzers/wrappers.py,Verify this reference is used through a registry/factory/pipeline path.
.claude\worktrees\reverent-gagarin-c7b5be\audit_engagement_report_post_fix.json,class_like_name,FamaFrenchAnalyzer,FOUND_IN_SOURCE,analytics/analyzer_registry.py;analytics/analyzers/wrappers.py,Verify this reference is used through a registry/factory/pipeline path.
.claude\worktrees\reverent-gagarin-c7b5be\audit_engagement_report_post_fix.json,class_like_name,VolatilityAnalyzer,FOUND_IN_SOURCE,analytics/analyzer_registry.py;analytics/analyzers/wrappers.py,Verify this reference is used through a registry/factory/pipeline path.
.claude\worktrees\reverent-gagarin-c7b5be\audit_engagement_report_post_fix.json,class_like_name,LSTMModel,FOUND_IN_SOURCE,factories/model_factory.py;models/loader.py;archive/models/factory.py;colab/models/architectures.py;colab/models/model_factory.py;colab/models/torch_models.py;models/neural/lstm_model.py,Verify this reference is used through a registry/factory/pipeline path.
.claude\worktrees\reverent-gagarin-c7b5be\audit_engagement_report_post_fix.json,class_like_name,GRUModel,FOUND_IN_SOURCE,factories/model_factory.py;models/loader.py;archive/models/factory.py;colab/models/architectures.py;colab/models/model_factory.py;colab/models/torch_models.py;models/neural/gru_model.py,Verify this reference is used through a registry/factory/pipeline path.
.claude\worktrees\reverent-gagarin-c7b5be\audit_engagement_report_post_fix.json,class_like_name,CNNModel,FOUND_IN_SOURCE,factories/model_factory.py;models/loader.py;archive/models/factory.py;colab/models/architectures.py;colab/models/model_factory.py;colab/models/torch_models.py;models/neural/cnn_model.py,Verify this reference is used through a registry/factory/pipeline path.
.claude\worktrees\reverent-gagarin-c7b5be\audit_engagement_report_post_fix.json,class_like_name,TransformerModel,FOUND_IN_SOURCE,factories/model_factory.py;models/loader.py;archive/models/factory.py;colab/models/architectures.py;colab/models/model_factory.py;colab/models/torch_models.py;models/neural/transformer_model.py,Verify this reference is used through a registry/factory/pipeline path.
.claude\worktrees\reverent-gagarin-c7b5be\audit_engagement_report_post_fix.json,class_like_name,AutoencoderModel,FOUND_IN_SOURCE,factories/model_factory.py;models/loader.py;archive/models/factory.py;colab/models/architectures.py;colab/models/model_factory.py;colab/models/torch_models.py;models/neural/autoencoder_model.py,Verify this reference is used through a registry/factory/pipeline path.
.claude\worktrees\reverent-gagarin-c7b5be\audit_engagement_report_post_fix.json,class_like_name,NewsGlobalEnricher,FOUND_IN_SOURCE,features/news_dataset_builder.py;features/builders/news_event_dataset_builder.py;features/builders/news_event/enricher.py,Verify this reference is used through a registry/factory/pipeline path.
.claude\worktrees\reverent-gagarin-c7b5be\audit_engagement_report_post_fix.json,class_like_name,RegimeDetector,FOUND_IN_SOURCE,algorithms/__init__.py;trading/consensus_engine.py;analytics/context/market_regime_analyzer.py;analytics/detectors/regime_detector.py;features/enrichers/technical_analysis_enricher.py;models/analysis/regime_winner_analyzer.py;models/analysis/regime/detector.py;models/analysis/regime/__init__.py,Verify this reference is used through a registry/factory/pipeline path.
.claude\worktrees\reverent-gagarin-c7b5be\audit_engagement_report_post_fix.json,class_like_name,ConcentrationAnalyzer,FOUND_IN_SOURCE,risk/max_exposure_monitor.py;risk/analyzers/concentration_analyzer.py,Verify this reference is used through a registry/factory/pipeline path.
.claude\worktrees\reverent-gagarin-c7b5be\audit_engagement_report_post_fix.json,class_like_name,CorrelationAnalyzer,FOUND_IN_SOURCE,analytics/panic_correlation_analyzer.py;models/__init__.py;risk/max_exposure_monitor.py;models/ensemble/model_correlation_analyzer.py;models/ensemble/__init__.py;risk/analyzers/correlation_analyzer.py,Verify this reference is used through a registry/factory/pipeline path.
.claude\worktrees\reverent-gagarin-c7b5be\audit_engagement_report_post_fix.json,class_like_name,ExposureCalculator,FOUND_IN_SOURCE,archive/risk/exposure_calculator.py,Verify this reference is used through a registry/factory/pipeline path.
.claude\worktrees\reverent-gagarin-c7b5be\audit_engagement_report_post_fix.json,class_like_name,VaRCalculator,FOUND_IN_SOURCE,algorithms/adaptive_position_sizer.py;risk/analyzers/var_calculator.py,Verify this reference is used through a registry/factory/pipeline path.
.claude\worktrees\reverent-gagarin-c7b5be\audit_engagement_report_post_fix.json,class_like_name,BaseNewsTargetCalculator,FOUND_IN_SOURCE,targets/calculators/base_news_target_calculator.py,Verify this reference is used through a registry/factory/pipeline path.
.claude\worktrees\reverent-gagarin-c7b5be\audit_logic_report.json,class_like_name,ModelFactory,FOUND_IN_SOURCE,factories/model_factory.py;factories/tree_model_factory.py;models/enhanced_factory.py;training/base_trainer.py;training/constants.py;training/light_model_trainer.py;training/unified_training_manager.py;archive/models/factory.py,Verify this reference is used through a registry/factory/pipeline path.
.claude\worktrees\reverent-gagarin-c7b5be\audit_reports\findings.json,class_like_name,ModelFactory,FOUND_IN_SOURCE,factories/model_factory.py;factories/tree_model_factory.py;models/enhanced_factory.py;training/base_trainer.py;training/constants.py;training/light_model_trainer.py;training/unified_training_manager.py;archive/models/factory.py,Verify this reference is used through a registry/factory/pipeline path.
.claude\worktrees\reverent-gagarin-c7b5be\audit_reports\findings.json,class_like_name,PathSecurityValidator,FOUND_IN_SOURCE,training/progressive_trainer.py;training/security/path_security_validator.py,Verify this reference is used through a registry/factory/pipeline path.
.claude\worktrees\reverent-gagarin-c7b5be\audit_reports\findings.json,class_like_name,MarketContextAnalyzer,FOUND_IN_SOURCE,analytics/context/market_context_analyzer.py;features/enrichers/market_context_enricher.py;pipeline/stages/prediction/orchestrator.py,Verify this reference is used through a registry/factory/pipeline path.
.claude\worktrees\reverent-gagarin-c7b5be\audit_reports\findings.json,class_like_name,IAnalyzer,FOUND_IN_SOURCE,analytics/analyzer_registry.py;analytics/interfaces.py;analytics/unified_analytics_engine.py;analytics/analyzers/adaptive_confidence_analyzer.py;analytics/analyzers/causal_event_finder.py;analytics/analyzers/drift_analyzer.py;analytics/analyzers/hedge_fund_analyzer.py;analytics/analyzers/knn_similarity_finder.py;analytics/analyzers/model_comparison_analyzer.py;analytics/analyzers/news_impact_analyzer.py;analytics/analyzers/performance_attribution_analyzer.py;analytics/analyzers/risk_decomposition_analyzer.py;analytics/analyzers/shap_analyzer.py;analytics/analyzers/wrappers.py;analytics/context/contextual_model_selector.py;analytics/context/macro_context_analyzer.py;analytics/context/market_context_analyzer.py;analytics/context/market_phase_analyzer.py;analytics/context/market_regime_analyzer.py;analytics/context/prediction_adjuster.py,Verify this reference is used through a registry/factory/pipeline path.
.claude\worktrees\reverent-gagarin-c7b5be\audit_reports\findings.json,class_like_name,NewsImpactEnricher,FOUND_IN_SOURCE,features/enrichers/news_impact_enricher.py,Verify this reference is used through a registry/factory/pipeline path.
.claude\worktrees\reverent-gagarin-c7b5be\audit_reports_execution_src\findings.json,class_like_name,RiskRewardCalculator,FOUND_IN_SOURCE,analytics/analyzers/hedge_fund_analyzer.py;analytics/calculators/risk_reward_calculator.py;features/enrichers/technical_analysis_enricher.py,Verify this reference is used through a registry/factory/pipeline path.
.claude\worktrees\reverent-gagarin-c7b5be\audit_reports_execution_src\findings.json,class_like_name,LSTMModel,FOUND_IN_SOURCE,factories/model_factory.py;models/loader.py;archive/models/factory.py;colab/models/architectures.py;colab/models/model_factory.py;colab/models/torch_models.py;models/neural/lstm_model.py,Verify this reference is used through a registry/factory/pipeline path.
.claude\worktrees\reverent-gagarin-c7b5be\audit_reports_execution_src\findings.json,class_like_name,GRUModel,FOUND_IN_SOURCE,factories/model_factory.py;models/loader.py;archive/models/factory.py;colab/models/architectures.py;colab/models/model_factory.py;colab/models/torch_models.py;models/neural/gru_model.py,Verify this reference is used through a registry/factory/pipeline path.
.claude\worktrees\reverent-gagarin-c7b5be\audit_reports_execution_src\findings.json,class_like_name,CNNModel,FOUND_IN_SOURCE,factories/model_factory.py;models/loader.py;archive/models/factory.py;colab/models/architectures.py;colab/models/model_factory.py;colab/models/torch_models.py;models/neural/cnn_model.py,Verify this reference is used through a registry/factory/pipeline path.
.claude\worktrees\reverent-gagarin-c7b5be\audit_reports_execution_src\findings.json,class_like_name,TransformerModel,FOUND_IN_SOURCE,factories/model_factory.py;models/loader.py;archive/models/factory.py;colab/models/architectures.py;colab/models/model_factory.py;colab/models/torch_models.py;models/neural/transformer_model.py,Verify this reference is used through a registry/factory/pipeline path.
.claude\worktrees\reverent-gagarin-c7b5be\audit_reports_execution_src\findings.json,class_like_name,AutoencoderModel,FOUND_IN_SOURCE,factories/model_factory.py;models/loader.py;archive/models/factory.py;colab/models/architectures.py;colab/models/model_factory.py;colab/models/torch_models.py;models/neural/autoencoder_model.py,Verify this reference is used through a registry/factory/pipeline path.
.claude\worktrees\reverent-gagarin-c7b5be\audit_reports_execution_src\findings.json,class_like_name,ModelFactory,FOUND_IN_SOURCE,factories/model_factory.py;factories/tree_model_factory.py;models/enhanced_factory.py;training/base_trainer.py;training/constants.py;training/light_model_trainer.py;training/unified_training_manager.py;archive/models/factory.py,Verify this reference is used through a registry/factory/pipeline path.
.claude\worktrees\reverent-gagarin-c7b5be\audit_reports_execution_src\findings.json,class_like_name,PathSecurityValidator,FOUND_IN_SOURCE,training/progressive_trainer.py;training/security/path_security_validator.py,Verify this reference is used through a registry/factory/pipeline path.
.claude\worktrees\reverent-gagarin-c7b5be\audit_reports_execution_src\findings.json,class_like_name,MarketContextAnalyzer,FOUND_IN_SOURCE,analytics/context/market_context_analyzer.py;features/enrichers/market_context_enricher.py;pipeline/stages/prediction/orchestrator.py,Verify this reference is used through a registry/factory/pipeline path.
.claude\worktrees\reverent-gagarin-c7b5be\audit_reports_execution_src\findings.json,class_like_name,IAnalyzer,FOUND_IN_SOURCE,analytics/analyzer_registry.py;analytics/interfaces.py;analytics/unified_analytics_engine.py;analytics/analyzers/adaptive_confidence_analyzer.py;analytics/analyzers/causal_event_finder.py;analytics/analyzers/drift_analyzer.py;analytics/analyzers/hedge_fund_analyzer.py;analytics/analyzers/knn_similarity_finder.py;analytics/analyzers/model_comparison_analyzer.py;analytics/analyzers/news_impact_analyzer.py;analytics/analyzers/performance_attribution_analyzer.py;analytics/analyzers/risk_decomposition_analyzer.py;analytics/analyzers/shap_analyzer.py;analytics/analyzers/wrappers.py;analytics/context/contextual_model_selector.py;analytics/context/macro_context_analyzer.py;analytics/context/market_context_analyzer.py;analytics/context/market_phase_analyzer.py;analytics/context/market_regime_analyzer.py;analytics/context/prediction_adjuster.py,Verify this reference is used through a registry/factory/pipeline path.
.claude\worktrees\reverent-gagarin-c7b5be\audit_reports_execution_src\findings.json,class_like_name,NewsImpactEnricher,FOUND_IN_SOURCE,features/enrichers/news_impact_enricher.py,Verify this reference is used through a registry/factory/pipeline path.
.claude\worktrees\reverent-gagarin-c7b5be\audit_reports_execution_src\findings.json,model,joblib.load,FOUND_IN_SOURCE,agents/pipeline_bridge.py;analytics/unified_analytics_engine.py;cli/pipeline_data_loader.py;cli/pipeline_executor.py;colab/__init__.py;config/target_type_registry.py;config/unified_config_manager.py;core/exceptions.py;dashboard/main_app.py;devtools/rule_generator.py;devtools/task_manager.py;ensembling/base_ensemble.py;ensembling/stacked_ensemble.py;features/feature_cache.py;features/news_impact_classifier.py;models/artifact_store.py;models/interfaces.py;models/loader.py;models/model_pool.py;models/persistent_pool.py,Verify this reference is used through a registry/factory/pipeline path.
.claude\worktrees\reverent-gagarin-c7b5be\diagnostic_reports\feature_lineage_report.json,class_like_name,TimeFeaturesEnricher,FOUND_IN_SOURCE,features/enrichers/time_features_enricher.py,Verify this reference is used through a registry/factory/pipeline path.
.claude\worktrees\reverent-gagarin-c7b5be\diagnostic_reports\feature_lineage_report.json,class_like_name,TechnicalAnalysisEnricher,FOUND_IN_SOURCE,features/enrichers/advanced_analytics_enricher.py;features/enrichers/technical_analysis_enricher.py;features/selection/enhanced_smart_selector.py;features/utils/adaptive_indicators.py,Verify this reference is used through a registry/factory/pipeline path.
.claude\worktrees\reverent-gagarin-c7b5be\diagnostic_reports\feature_lineage_report.json,class_like_name,DerivedFeaturesEnricher,FOUND_IN_SOURCE,features/enrichers/derived_features_enricher.py,Verify this reference is used through a registry/factory/pipeline path.
.claude\worktrees\reverent-gagarin-c7b5be\diagnostic_reports\feature_lineage_report.json,class_like_name,MacroFeaturesEnricher,FOUND_IN_SOURCE,features/enrichers/macro_features_enricher.py,Verify this reference is used through a registry/factory/pipeline path.
.claude\worktrees\reverent-gagarin-c7b5be\diagnostic_reports\feature_lineage_report.json,class_like_name,NLPFeaturesEnricher,FOUND_IN_SOURCE,features/enrichers/nlp_features_enricher.py;features/enrichers/sentiment_features_enricher.py,Verify this reference is used through a registry/factory/pipeline path.
.claude\worktrees\reverent-gagarin-c7b5be\diagnostic_reports\feature_lineage_report.json,class_like_name,KeywordEntityEnricher,FOUND_IN_SOURCE,features/enrichers/keyword_entity_enricher.py,Verify this reference is used through a registry/factory/pipeline path.
.claude\worktrees\reverent-gagarin-c7b5be\diagnostic_reports\feature_lineage_report.json,class_like_name,NewsQualityEnricher,FOUND_IN_SOURCE,features/enrichers/news_quality_enricher.py,Verify this reference is used through a registry/factory/pipeline path.
.claude\worktrees\reverent-gagarin-c7b5be\diagnostic_reports\feature_lineage_report.json,class_like_name,SentimentFeaturesEnricher,FOUND_IN_SOURCE,features/enrichers/sentiment_features_enricher.py,Verify this reference is used through a registry/factory/pipeline path.
.claude\worktrees\reverent-gagarin-c7b5be\diagnostic_reports\feature_lineage_report.json,class_like_name,NewsImpactEnricher,FOUND_IN_SOURCE,features/enrichers/news_impact_enricher.py,Verify this reference is used through a registry/factory/pipeline path.
.claude\worktrees\reverent-gagarin-c7b5be\diagnostic_reports\feature_lineage_report.json,class_like_name,HypeEnricher,FOUND_IN_SOURCE,features/enrichers/hype_enricher.py,Verify this reference is used through a registry/factory/pipeline path.
.claude\worktrees\reverent-gagarin-c7b5be\diagnostic_reports\feature_lineage_report.json,class_like_name,SignificanceFeaturesEnricher,FOUND_IN_SOURCE,features/enrichers/significance_features_enricher.py,Verify this reference is used through a registry/factory/pipeline path.
.claude\worktrees\reverent-gagarin-c7b5be\diagnostic_reports\feature_lineage_report.json,class_like_name,DecayFeaturesEnricher,FOUND_IN_SOURCE,features/enrichers/decay_features_enricher.py,Verify this reference is used through a registry/factory/pipeline path.
.claude\worktrees\reverent-gagarin-c7b5be\diagnostic_reports\feature_lineage_report.json,class_like_name,AdvancedAnalyticsEnricher,FOUND_IN_SOURCE,features/enrichers/advanced_analytics_enricher.py,Verify this reference is used through a registry/factory/pipeline path.
.claude\worktrees\reverent-gagarin-c7b5be\diagnostic_reports\feature_lineage_report.json,class_like_name,ContextMapEnricher,FOUND_IN_SOURCE,features/feature_orchestrator.py;features/enrichers/context_map_enricher.py,Verify this reference is used through a registry/factory/pipeline path.
.claude\worktrees\reverent-gagarin-c7b5be\diagnostic_reports\feature_lineage_report.json,class_like_name,MarketContextEnricher,FOUND_IN_SOURCE,features/enrichers/market_context_enricher.py,Verify this reference is used through a registry/factory/pipeline path.
.claude\worktrees\reverent-gagarin-c7b5be\full_cmx.json,class_like_name,EnsembleSelector,FOUND_IN_SOURCE,analytics/analyzer_registry.py;analytics/context/ensemble_selector.py;archive/integration/ensemble_selector.py,Verify this reference is used through a registry/factory/pipeline path.
.claude\worktrees\reverent-gagarin-c7b5be\full_cmx.json,class_like_name,RedundancyDetector,FOUND_IN_SOURCE,features/validation/redundancy_detector.py;features/validation/__init__.py,Verify this reference is used through a registry/factory/pipeline path.
.claude\worktrees\reverent-gagarin-c7b5be\full_cmx.json,class_like_name,MacroReleaseTimingGuard,FOUND_IN_SOURCE,pipeline/guards/macro_release_timing_guard.py;pipeline/guards/__init__.py,Verify this reference is used through a registry/factory/pipeline path.
.claude\worktrees\reverent-gagarin-c7b5be\full_cmx.json,class_like_name,TemporalLeakageGuard,FOUND_IN_SOURCE,pipeline/guards/temporal_leakage_guard.py;pipeline/guards/__init__.py,Verify this reference is used through a registry/factory/pipeline path.
.claude\worktrees\reverent-gagarin-c7b5be\full_cmx.json,class_like_name,PredictionStage,FOUND_IN_SOURCE,pipeline/stages/stage_5_prediction.py;pipeline/stages/prediction/anomaly_engine.py;pipeline/stages/prediction/model_resolver.py;pipeline/stages/prediction/orchestrator.py;pipeline/stages/prediction/prediction_generator.py,Verify this reference is used through a registry/factory/pipeline path.
.claude\worktrees\reverent-gagarin-c7b5be\pyproject.toml,name,trading-project,FOUND_IN_SOURCE,colab/environment/colab_environment.py;colab/environment/setup.py;main/modes/historical_replay.py;main/modes/shadow_battle.py,Verify this reference is used through a registry/factory/pipeline path.
.claude\worktrees\reverent-gagarin-c7b5be\reports_clean_v1\audit_report_20260527_110132.json,class_like_name,ModelFactory,FOUND_IN_SOURCE,factories/model_factory.py;factories/tree_model_factory.py;models/enhanced_factory.py;training/base_trainer.py;training/constants.py;training/light_model_trainer.py;training/unified_training_manager.py;archive/models/factory.py,Verify this reference is used through a registry/factory/pipeline path.
.claude\worktrees\reverent-gagarin-c7b5be\reports_clean_v1\audit_report_20260527_110132.json,class_like_name,MacroScoreCalculator,FOUND_IN_SOURCE,analytics/calculators/macro_score_calculator.py;analytics/context/macro_context_analyzer.py;features/enrichers/advanced_analytics_enricher.py;features/enrichers/technical_analysis_enricher.py,Verify this reference is used through a registry/factory/pipeline path.
.claude\worktrees\reverent-gagarin-c7b5be\reports_clean_v1\audit_report_20260527_110132.json,class_like_name,TransformerModel,FOUND_IN_SOURCE,factories/model_factory.py;models/loader.py;archive/models/factory.py;colab/models/architectures.py;colab/models/model_factory.py;colab/models/torch_models.py;models/neural/transformer_model.py,Verify this reference is used through a registry/factory/pipeline path.
.claude\worktrees\reverent-gagarin-c7b5be\reports_clean_v1\audit_report_20260527_110132.json,class_like_name,PortfolioMetricsCalculator,FOUND_IN_SOURCE,metrics/calculator.py;trading/virtual_portfolio.py;analytics/calculators/drawdown_calculator.py;metrics/financial/portfolio_metrics.py;pipeline/stages/evaluation/metrics_calculator.py,Verify this reference is used through a registry/factory/pipeline path.
.claude\worktrees\reverent-gagarin-c7b5be\reports_clean_v1\audit_report_20260527_110132.json,class_like_name,FeatureLeakageGuard,FOUND_IN_SOURCE,features/validation/feature_leakage_guard.py;features/validation/__init__.py;pipeline/hybrid/colab_manager.py,Verify this reference is used through a registry/factory/pipeline path.
.claude\worktrees\reverent-gagarin-c7b5be\reports_clean_v1\audit_report_20260527_110132.json,name,1.0,FOUND_IN_SOURCE,agents/pipeline_bridge.py;algorithms/adaptive_position_sizer.py;algorithms/metrics_mixin.py;algorithms/risk_parity_allocator.py;algorithms/transaction_cost_model.py;analytics/meta_pattern_miner.py;analytics/panic_correlation_analyzer.py;analytics/unified_analytics_engine.py;archive/dean_integration.py;archive/financial_metrics.py;archive/legacy_smart_trader.py;archive/online_model_integration.py;archive/portfolio_optimizer.py;cli/argument_parser.py;cli/batch_manager.py;cli/pipeline_executor.py;core/base_integration.py;core/version_checker.py;dashboard/dashboard_data_bridge.py;dashboard/main_app.py,Verify this reference is used through a registry/factory/pipeline path.
.claude\worktrees\reverent-gagarin-c7b5be\reports_clean_v1\audit_report_20260527_110132.json,name,record.get,FOUND_IN_SOURCE,agents/pipeline_bridge.py;algorithms/adaptive_position_sizer.py;algorithms/metrics_mixin.py;algorithms/risk_parity_allocator.py;algorithms/transaction_cost_model.py;analytics/analyzer_registry.py;analytics/meta_pattern_miner.py;analytics/panic_correlation_analyzer.py;analytics/unified_analytics_engine.py;archive/dean_integration.py;archive/financial_metrics.py;archive/legacy_smart_trader.py;archive/online_model_integration.py;archive/portfolio_optimizer.py;cli/argument_parser.py;cli/argument_validator.py;cli/batch_manager.py;cli/pipeline_data_loader.py;cli/pipeline_executor.py;colab/__init__.py,Verify this reference is used through a registry/factory/pipeline path.
.claude\worktrees\reverent-gagarin-c7b5be\reports_clean_v1\audit_report_20260527_110132.json,name,name,FOUND_IN_SOURCE,agents/pipeline_bridge.py;algorithms/metrics_mixin.py;algorithms/risk_parity_allocator.py;analytics/analyzer_registry.py;analytics/meta_pattern_miner.py;analytics/panic_correlation_analyzer.py;analytics/unified_analytics_engine.py;archive/dean_integration.py;archive/online_model_integration.py;archive/portfolio_optimizer.py;cli/argument_parser.py;cli/argument_validator.py;cli/batch_manager.py;cli/pipeline_data_loader.py;cli/pipeline_executor.py;colab/__init__.py;config/target_type_registry.py;config/unified_config_manager.py;core/base_integration.py;core/version_checker.py,Verify this reference is used through a registry/factory/pipeline path.
.claude\worktrees\reverent-gagarin-c7b5be\reports_clean_v1\audit_report_20260527_110132.json,calculator,MacroScoreCalculator,FOUND_IN_SOURCE,analytics/calculators/macro_score_calculator.py;analytics/context/macro_context_analyzer.py;features/enrichers/advanced_analytics_enricher.py;features/enrichers/technical_analysis_enricher.py,Verify this reference is used through a registry/factory/pipeline path.
.claude\worktrees\reverent-gagarin-c7b5be\reports_clean_v1\audit_report_20260527_110132.json,model,SentenceTransformer,FOUND_IN_SOURCE,features/news_clusterer.py;archive/models_dead/knowledge_ingestor.py,Verify this reference is used through a registry/factory/pipeline path.
.claude\worktrees\reverent-gagarin-c7b5be\reports_clean_v1\audit_report_20260527_110132.json,model,AutoModelForSequenceClassification.from_pretrained,FOUND_IN_SOURCE,sentiment/sentiment_models.py;features/enrichers/finbert_sentiment.py;features/nlp/models/finbert_pipeline.py;features/nlp/models/roberta_sentiment.py;features/nlp/models/sentiment_core.py,Verify this reference is used through a registry/factory/pipeline path.
.claude\worktrees\reverent-gagarin-c7b5be\reports_clean_v1\audit_report_20260527_110132.json,model,RandomForestRegressor,FOUND_IN_SOURCE,archive/portfolio_optimizer.py;analytics/context/causal_effect_methods.py;archive/calibration/calibration_engine.py;archive/features/context_aware_feature_selector.py;archive/meta_learning/dean_trading_models.py;archive/models_dead/neural_network_model.py;archive/training/pattern_aware_training.py;colab/models/model_factory.py;colab/models/sklearn_fallback.py;colab/models/torch_models.py;devtools/experimentation/run_hyperparameter_tuning.py;features/selection/smart_selector.py;features/selection/volatility_driver_selector.py;meta_learning/calibration/calibration_engine.py;models/model_selector/smart_selector.py;models/neural/transformer_model.py;models/tree/random_forest_model.py;models/analysis/baselines/models.py,Verify this reference is used through a registry/factory/pipeline path.
.claude\worktrees\reverent-gagarin-c7b5be\reports_clean_v1\audit_report_20260527_110132.json,model,max,FOUND_IN_SOURCE,agents/pipeline_bridge.py;algorithms/adaptive_position_sizer.py;algorithms/metrics_mixin.py;algorithms/risk_parity_allocator.py;algorithms/transaction_cost_model.py;analytics/unified_analytics_engine.py;archive/dean_integration.py;archive/financial_metrics.py;archive/online_model_integration.py;archive/portfolio_optimizer.py;cli/argument_parser.py;cli/argument_validator.py;cli/batch_manager.py;cli/pipeline_executor.py;core/base_integration.py;core/version_checker.py;dashboard/dashboard_data_bridge.py;dashboard/main_app.py;ensembling/base_ensemble.py;ensembling/caching.py,Verify this reference is used through a registry/factory/pipeline path.
.claude\worktrees\reverent-gagarin-c7b5be\reports_clean_v1\audit_report_20260527_110132.json,model,TransformerModel,FOUND_IN_SOURCE,factories/model_factory.py;models/loader.py;archive/models/factory.py;colab/models/architectures.py;colab/models/model_factory.py;colab/models/torch_models.py;models/neural/transformer_model.py,Verify this reference is used through a registry/factory/pipeline path.
.claude\worktrees\reverent-gagarin-c7b5be\reports_clean_v1\audit_report_20260527_110132.json,model,IsolationForest,FOUND_IN_SOURCE,monitoring/ml_analytics.py;analytics/detectors/anomaly_detector.py;pipeline/stages/prediction/anomaly_engine.py,Verify this reference is used through a registry/factory/pipeline path.
.claude\worktrees\reverent-gagarin-c7b5be\reports_clean_v1\audit_report_20260527_110132.json,name,batch_name,FOUND_IN_SOURCE,cli/argument_validator.py;cli/batch_manager.py;cli/pipeline_executor.py;config/unified_config_manager.py;main/system_orchestrator.py;pipeline/hybrid_orchestrator.py;archive/calibration/calibration_engine.py;archive/models_dead/enhanced_ensemble.py;archive/pipeline/stages/prediction/result_builder.py;colab/config/config_loader.py;colab/environment/colab_environment.py;colab/environment/setup.py;meta_learning/calibration/calibration_engine.py;pipeline/hybrid/cache_manager.py;pipeline/hybrid/colab_manager.py;pipeline/hybrid/colab_workflow_manager.py;pipeline/hybrid/component_factory.py;pipeline/hybrid/contracts.py;pipeline/hybrid/data_batch_manager.py;pipeline/hybrid/data_cache_manager.py,Verify this reference is used through a registry/factory/pipeline path.
.claude\worktrees\reverent-gagarin-c7b5be\reports_clean_v1\audit_report_20260527_110132.json,model,historical_performance,POSSIBLY_MISSING,,Check if config references renamed/deleted component or if component is loaded dynamically.
.claude\worktrees\reverent-gagarin-c7b5be\reports_clean_v1\audit_report_20260527_110132.json,calculator,PortfolioMetricsCalculator,FOUND_IN_SOURCE,metrics/calculator.py;trading/virtual_portfolio.py;analytics/calculators/drawdown_calculator.py;metrics/financial/portfolio_metrics.py;pipeline/stages/evaluation/metrics_calculator.py,Verify this reference is used through a registry/factory/pipeline path.
.claude\worktrees\reverent-gagarin-c7b5be\reports_clean_v1\audit_report_20260527_110132.json,model,lgb.LGBMClassifier,FOUND_IN_SOURCE,models/tree/lightgbm_model.py,Verify this reference is used through a registry/factory/pipeline path.
.claude\worktrees\reverent-gagarin-c7b5be\reports_clean_v1\audit_report_20260527_110132.json,model,lgb.LGBMRegressor,FOUND_IN_SOURCE,models/tree/lightgbm_model.py,Verify this reference is used through a registry/factory/pipeline path.
.claude\worktrees\reverent-gagarin-c7b5be\reports_clean_v1\audit_report_20260527_110132.json,model,xgb.XGBClassifier,FOUND_IN_SOURCE,models/tree/xgboost_model.py,Verify this reference is used through a registry/factory/pipeline path.
.claude\worktrees\reverent-gagarin-c7b5be\reports_clean_v1\audit_report_20260527_110132.json,model,xgb.XGBRegressor,FOUND_IN_SOURCE,ensembling/stacked_ensemble.py;models/tree/xgboost_model.py,Verify this reference is used through a registry/factory/pipeline path.
.claude\worktrees\reverent-gagarin-c7b5be\reports_run_src\audit_report_20260527_103300.json,class_like_name,ModelFactory,FOUND_IN_SOURCE,factories/model_factory.py;factories/tree_model_factory.py;models/enhanced_factory.py;training/base_trainer.py;training/constants.py;training/light_model_trainer.py;training/unified_training_manager.py;archive/models/factory.py,Verify this reference is used through a registry/factory/pipeline path.
.claude\worktrees\reverent-gagarin-c7b5be\reports_run_src\audit_report_20260527_103300.json,class_like_name,MacroScoreCalculator,FOUND_IN_SOURCE,analytics/calculators/macro_score_calculator.py;analytics/context/macro_context_analyzer.py;features/enrichers/advanced_analytics_enricher.py;features/enrichers/technical_analysis_enricher.py,Verify this reference is used through a registry/factory/pipeline path.
.claude\worktrees\reverent-gagarin-c7b5be\reports_run_src\audit_report_20260527_103300.json,class_like_name,TransformerModel,FOUND_IN_SOURCE,factories/model_factory.py;models/loader.py;archive/models/factory.py;colab/models/architectures.py;colab/models/model_factory.py;colab/models/torch_models.py;models/neural/transformer_model.py,Verify this reference is used through a registry/factory/pipeline path.
.claude\worktrees\reverent-gagarin-c7b5be\reports_run_src\audit_report_20260527_103300.json,class_like_name,PortfolioMetricsCalculator,FOUND_IN_SOURCE,metrics/calculator.py;trading/virtual_portfolio.py;analytics/calculators/drawdown_calculator.py;metrics/financial/portfolio_metrics.py;pipeline/stages/evaluation/metrics_calculator.py,Verify this reference is used through a registry/factory/pipeline path.
.claude\worktrees\reverent-gagarin-c7b5be\reports_run_src\audit_report_20260527_103300.json,class_like_name,FeatureLeakageGuard,FOUND_IN_SOURCE,features/validation/feature_leakage_guard.py;features/validation/__init__.py;pipeline/hybrid/colab_manager.py,Verify this reference is used through a registry/factory/pipeline path.
.claude\worktrees\reverent-gagarin-c7b5be\reports_run_src\audit_report_20260527_103300.json,name,1.0,FOUND_IN_SOURCE,agents/pipeline_bridge.py;algorithms/adaptive_position_sizer.py;algorithms/metrics_mixin.py;algorithms/risk_parity_allocator.py;algorithms/transaction_cost_model.py;analytics/meta_pattern_miner.py;analytics/panic_correlation_analyzer.py;analytics/unified_analytics_engine.py;archive/dean_integration.py;archive/financial_metrics.py;archive/legacy_smart_trader.py;archive/online_model_integration.py;archive/portfolio_optimizer.py;cli/argument_parser.py;cli/batch_manager.py;cli/pipeline_executor.py;core/base_integration.py;core/version_checker.py;dashboard/dashboard_data_bridge.py;dashboard/main_app.py,Verify this reference is used through a registry/factory/pipeline path.
.claude\worktrees\reverent-gagarin-c7b5be\reports_run_src\audit_report_20260527_103300.json,name,record.get,FOUND_IN_SOURCE,agents/pipeline_bridge.py;algorithms/adaptive_position_sizer.py;algorithms/metrics_mixin.py;algorithms/risk_parity_allocator.py;algorithms/transaction_cost_model.py;analytics/analyzer_registry.py;analytics/meta_pattern_miner.py;analytics/panic_correlation_analyzer.py;analytics/unified_analytics_engine.py;archive/dean_integration.py;archive/financial_metrics.py;archive/legacy_smart_trader.py;archive/online_model_integration.py;archive/portfolio_optimizer.py;cli/argument_parser.py;cli/argument_validator.py;cli/batch_manager.py;cli/pipeline_data_loader.py;cli/pipeline_executor.py;colab/__init__.py,Verify this reference is used through a registry/factory/pipeline path.
.claude\worktrees\reverent-gagarin-c7b5be\reports_run_src\audit_report_20260527_103300.json,name,name,FOUND_IN_SOURCE,agents/pipeline_bridge.py;algorithms/metrics_mixin.py;algorithms/risk_parity_allocator.py;analytics/analyzer_registry.py;analytics/meta_pattern_miner.py;analytics/panic_correlation_analyzer.py;analytics/unified_analytics_engine.py;archive/dean_integration.py;archive/online_model_integration.py;archive/portfolio_optimizer.py;cli/argument_parser.py;cli/argument_validator.py;cli/batch_manager.py;cli/pipeline_data_loader.py;cli/pipeline_executor.py;colab/__init__.py;config/target_type_registry.py;config/unified_config_manager.py;core/base_integration.py;core/version_checker.py,Verify this reference is used through a registry/factory/pipeline path.
.claude\worktrees\reverent-gagarin-c7b5be\reports_run_src\audit_report_20260527_103300.json,calculator,MacroScoreCalculator,FOUND_IN_SOURCE,analytics/calculators/macro_score_calculator.py;analytics/context/macro_context_analyzer.py;features/enrichers/advanced_analytics_enricher.py;features/enrichers/technical_analysis_enricher.py,Verify this reference is used through a registry/factory/pipeline path.
.claude\worktrees\reverent-gagarin-c7b5be\reports_run_src\audit_report_20260527_103300.json,model,SentenceTransformer,FOUND_IN_SOURCE,features/news_clusterer.py;archive/models_dead/knowledge_ingestor.py,Verify this reference is used through a registry/factory/pipeline path.
.claude\worktrees\reverent-gagarin-c7b5be\reports_run_src\audit_report_20260527_103300.json,model,AutoModelForSequenceClassification.from_pretrained,FOUND_IN_SOURCE,sentiment/sentiment_models.py;features/enrichers/finbert_sentiment.py;features/nlp/models/finbert_pipeline.py;features/nlp/models/roberta_sentiment.py;features/nlp/models/sentiment_core.py,Verify this reference is used through a registry/factory/pipeline path.
.claude\worktrees\reverent-gagarin-c7b5be\reports_run_src\audit_report_20260527_103300.json,model,RandomForestRegressor,FOUND_IN_SOURCE,archive/portfolio_optimizer.py;analytics/context/causal_effect_methods.py;archive/calibration/calibration_engine.py;archive/features/context_aware_feature_selector.py;archive/meta_learning/dean_trading_models.py;archive/models_dead/neural_network_model.py;archive/training/pattern_aware_training.py;colab/models/model_factory.py;colab/models/sklearn_fallback.py;colab/models/torch_models.py;devtools/experimentation/run_hyperparameter_tuning.py;features/selection/smart_selector.py;features/selection/volatility_driver_selector.py;meta_learning/calibration/calibration_engine.py;models/model_selector/smart_selector.py;models/neural/transformer_model.py;models/tree/random_forest_model.py;models/analysis/baselines/models.py,Verify this reference is used through a registry/factory/pipeline path.
.claude\worktrees\reverent-gagarin-c7b5be\reports_run_src\audit_report_20260527_103300.json,model,max,FOUND_IN_SOURCE,agents/pipeline_bridge.py;algorithms/adaptive_position_sizer.py;algorithms/metrics_mixin.py;algorithms/risk_parity_allocator.py;algorithms/transaction_cost_model.py;analytics/unified_analytics_engine.py;archive/dean_integration.py;archive/financial_metrics.py;archive/online_model_integration.py;archive/portfolio_optimizer.py;cli/argument_parser.py;cli/argument_validator.py;cli/batch_manager.py;cli/pipeline_executor.py;core/base_integration.py;core/version_checker.py;dashboard/dashboard_data_bridge.py;dashboard/main_app.py;ensembling/base_ensemble.py;ensembling/caching.py,Verify this reference is used through a registry/factory/pipeline path.
.claude\worktrees\reverent-gagarin-c7b5be\reports_run_src\audit_report_20260527_103300.json,model,TransformerModel,FOUND_IN_SOURCE,factories/model_factory.py;models/loader.py;archive/models/factory.py;colab/models/architectures.py;colab/models/model_factory.py;colab/models/torch_models.py;models/neural/transformer_model.py,Verify this reference is used through a registry/factory/pipeline path.
.claude\worktrees\reverent-gagarin-c7b5be\reports_run_src\audit_report_20260527_103300.json,model,IsolationForest,FOUND_IN_SOURCE,monitoring/ml_analytics.py;analytics/detectors/anomaly_detector.py;pipeline/stages/prediction/anomaly_engine.py,Verify this reference is used through a registry/factory/pipeline path.
.claude\worktrees\reverent-gagarin-c7b5be\reports_run_src\audit_report_20260527_103300.json,name,batch_name,FOUND_IN_SOURCE,cli/argument_validator.py;cli/batch_manager.py;cli/pipeline_executor.py;config/unified_config_manager.py;main/system_orchestrator.py;pipeline/hybrid_orchestrator.py;archive/calibration/calibration_engine.py;archive/models_dead/enhanced_ensemble.py;archive/pipeline/stages/prediction/result_builder.py;colab/config/config_loader.py;colab/environment/colab_environment.py;colab/environment/setup.py;meta_learning/calibration/calibration_engine.py;pipeline/hybrid/cache_manager.py;pipeline/hybrid/colab_manager.py;pipeline/hybrid/colab_workflow_manager.py;pipeline/hybrid/component_factory.py;pipeline/hybrid/contracts.py;pipeline/hybrid/data_batch_manager.py;pipeline/hybrid/data_cache_manager.py,Verify this reference is used through a registry/factory/pipeline path.
.claude\worktrees\reverent-gagarin-c7b5be\reports_run_src\audit_report_20260527_103300.json,model,historical_performance,POSSIBLY_MISSING,,Check if config references renamed/deleted component or if component is loaded dynamically.
.claude\worktrees\reverent-gagarin-c7b5be\reports_run_src\audit_report_20260527_103300.json,calculator,PortfolioMetricsCalculator,FOUND_IN_SOURCE,metrics/calculator.py;trading/virtual_portfolio.py;analytics/calculators/drawdown_calculator.py;metrics/financial/portfolio_metrics.py;pipeline/stages/evaluation/metrics_calculator.py,Verify this reference is used through a registry/factory/pipeline path.
.claude\worktrees\reverent-gagarin-c7b5be\reports_run_src\audit_report_20260527_103300.json,model,lgb.LGBMClassifier,FOUND_IN_SOURCE,models/tree/lightgbm_model.py,Verify this reference is used through a registry/factory/pipeline path.
.claude\worktrees\reverent-gagarin-c7b5be\reports_run_src\audit_report_20260527_103300.json,model,lgb.LGBMRegressor,FOUND_IN_SOURCE,models/tree/lightgbm_model.py,Verify this reference is used through a registry/factory/pipeline path.
.claude\worktrees\reverent-gagarin-c7b5be\reports_run_src\audit_report_20260527_103300.json,model,xgb.XGBClassifier,FOUND_IN_SOURCE,models/tree/xgboost_model.py,Verify this reference is used through a registry/factory/pipeline path.
.claude\worktrees\reverent-gagarin-c7b5be\reports_run_src\audit_report_20260527_103300.json,model,xgb.XGBRegressor,FOUND_IN_SOURCE,ensembling/stacked_ensemble.py;models/tree/xgboost_model.py,Verify this reference is used through a registry/factory/pipeline path.
.claude\worktrees\reverent-gagarin-c7b5be\src\config\analysis.yaml,class_like_name,MarketRegimeAnalyzer,FOUND_IN_SOURCE,analytics/context/market_regime_analyzer.py,Verify this reference is used through a registry/factory/pipeline path.
.claude\worktrees\reverent-gagarin-c7b5be\src\config\analysis.yaml,class_like_name,AdaptiveConfidenceAnalyzer,FOUND_IN_SOURCE,trading/consensus_engine.py;analytics/analyzers/adaptive_confidence_analyzer.py,Verify this reference is used through a registry/factory/pipeline path.
.claude\worktrees\reverent-gagarin-c7b5be\src\config\analysis.yaml,class_like_name,NewsImpactAnalyzer,FOUND_IN_SOURCE,analytics/analyzers/news_impact_analyzer.py;features/enrichers/news_impact_enricher.py,Verify this reference is used through a registry/factory/pipeline path.
.claude\worktrees\reverent-gagarin-c7b5be\src\config\analysis.yaml,class_like_name,HedgeFundAnalyzer,FOUND_IN_SOURCE,analytics/analyzer_registry.py;dashboard/main_app.py;analytics/analyzers/hedge_fund_analyzer.py,Verify this reference is used through a registry/factory/pipeline path.
.claude\worktrees\reverent-gagarin-c7b5be\src\config\analysis.yaml,class_like_name,MacroContextAnalyzer,FOUND_IN_SOURCE,analytics/context/macro_context_analyzer.py,Verify this reference is used through a registry/factory/pipeline path.
.claude\worktrees\reverent-gagarin-c7b5be\src\config\analysis.yaml,class_like_name,CriticalSignalDetector,FOUND_IN_SOURCE,analytics/detectors/critical_signal_detector.py;pipeline/stages/prediction/orchestrator.py,Verify this reference is used through a registry/factory/pipeline path.
.claude\worktrees\reverent-gagarin-c7b5be\src\config\analysis.yaml,class_like_name,PatternAnalyzer,FOUND_IN_SOURCE,archive/meta_learning/dean_trading_models.py;archive/patterns/pattern_analyzer.py;models/analysis/regime_winner_analyzer.py;models/analysis/regime/patterns.py;models/analysis/regime/__init__.py,Verify this reference is used through a registry/factory/pipeline path.
.claude\worktrees\reverent-gagarin-c7b5be\src\config\analysis.yaml,class_like_name,RiskDecompositionAnalyzer,FOUND_IN_SOURCE,analytics/analyzers/risk_decomposition_analyzer.py,Verify this reference is used through a registry/factory/pipeline path.
.claude\worktrees\reverent-gagarin-c7b5be\src\config\analysis.yaml,class_like_name,VolatilityCalculator,FOUND_IN_SOURCE,analytics/analyzers/wrappers.py;analytics/calculators/risk_reward_calculator.py;analytics/calculators/volatility_calculator.py;features/enrichers/derived_features_enricher.py;features/enrichers/technical_analysis_enricher.py,Verify this reference is used through a registry/factory/pipeline path.
.claude\worktrees\reverent-gagarin-c7b5be\src\config\analysis.yaml,class_like_name,DrawdownCalculator,FOUND_IN_SOURCE,analytics/analyzers/hedge_fund_analyzer.py;analytics/analyzers/wrappers.py;analytics/calculators/drawdown_calculator.py;features/enrichers/technical_analysis_enricher.py,Verify this reference is used through a registry/factory/pipeline path.
.claude\worktrees\reverent-gagarin-c7b5be\src\config\analysis.yaml,class_like_name,RiskRewardCalculator,FOUND_IN_SOURCE,analytics/analyzers/hedge_fund_analyzer.py;analytics/calculators/risk_reward_calculator.py;features/enrichers/technical_analysis_enricher.py,Verify this reference is used through a registry/factory/pipeline path.
.claude\worktrees\reverent-gagarin-c7b5be\src\config\analysis.yaml,class_like_name,EconometricsCalculator,FOUND_IN_SOURCE,analytics/calculators/advanced_econometrics_calculator.py;analytics/calculators/econometrics_calculator.py;features/enrichers/technical_analysis_enricher.py;pipeline/stages/feature_engineering/orchestrator.py,Verify this reference is used through a registry/factory/pipeline path.
.claude\worktrees\reverent-gagarin-c7b5be\src\config\analysis.yaml,class_like_name,SentimentStatsCalculator,FOUND_IN_SOURCE,analytics/calculators/sentiment_stats_calculator.py;features/enrichers/advanced_analytics_enricher.py;features/enrichers/technical_analysis_enricher.py,Verify this reference is used through a registry/factory/pipeline path.
.claude\worktrees\reverent-gagarin-c7b5be\src\config\analysis.yaml,class_like_name,MarketRegimeDetector,FOUND_IN_SOURCE,algorithms/__init__.py;trading/consensus_engine.py;analytics/context/market_regime_analyzer.py;analytics/detectors/regime_detector.py;features/enrichers/technical_analysis_enricher.py;models/analysis/regime_winner_analyzer.py,Verify this reference is used through a registry/factory/pipeline path.
.claude\worktrees\reverent-gagarin-c7b5be\src\config\analysis.yaml,class_like_name,MacroScoreCalculator,FOUND_IN_SOURCE,analytics/calculators/macro_score_calculator.py;analytics/context/macro_context_analyzer.py;features/enrichers/advanced_analytics_enricher.py;features/enrichers/technical_analysis_enricher.py,Verify this reference is used through a registry/factory/pipeline path.
.claude\worktrees\reverent-gagarin-c7b5be\src\config\analysis.yaml,class_like_name,ExplainabilityCalculator,FOUND_IN_SOURCE,analytics/calculators/explainability_calculator.py;features/enrichers/technical_analysis_enricher.py,Verify this reference is used through a registry/factory/pipeline path.
.claude\worktrees\reverent-gagarin-c7b5be\src\config\analysis.yaml,name,market_regime,FOUND_IN_SOURCE,agents/pipeline_bridge.py;algorithms/adaptive_position_sizer.py;ensembling/base_ensemble.py;ensembling/stacked_ensemble.py;features/feature_selector.py;trading/consensus_engine.py;trading/portfolio_manager.py;trading/trading_orchestrator.py;analytics/analyzers/adaptive_confidence_analyzer.py;analytics/calculators/market_regime_calculator.py;analytics/context/ensemble_selector.py;analytics/context/macro_context_analyzer.py;analytics/context/market_regime_analyzer.py;analytics/utils/analytics_math.py;archive/backtesting/engine.py;archive/features/feature_selection_cache.py;archive/meta_learning/real_time_learning.py;archive/model_selector_dead/context_prediction_mapper.py;archive/model_selector_dead/dynamic_weight_selector.py;archive/model_selector_dead/enhanced_context_analyzer.py,Verify this reference is used through a registry/factory/pipeline path.
.claude\worktrees\reverent-gagarin-c7b5be\src\config\analysis.yaml,class,MarketRegimeAnalyzer,FOUND_IN_SOURCE,analytics/context/market_regime_analyzer.py,Verify this reference is used through a registry/factory/pipeline path.
.claude\worktrees\reverent-gagarin-c7b5be\src\config\analysis.yaml,name,adaptive_confidence,FOUND_IN_SOURCE,trading/consensus_engine.py;analytics/analyzers/adaptive_confidence_analyzer.py;archive/calibration/adaptive_confidence_calibrator.py;models/calibration/adaptive_confidence_calibrator.py;models/calibration/prediction_ledger.py;pipeline/stages/prediction/orchestrator.py,Verify this reference is used through a registry/factory/pipeline path.
.claude\worktrees\reverent-gagarin-c7b5be\src\config\analysis.yaml,class,AdaptiveConfidenceAnalyzer,FOUND_IN_SOURCE,trading/consensus_engine.py;analytics/analyzers/adaptive_confidence_analyzer.py,Verify this reference is used through a registry/factory/pipeline path.
.claude\worktrees\reverent-gagarin-c7b5be\src\config\analysis.yaml,name,causal_event_finder,FOUND_IN_SOURCE,analytics/analyzer_registry.py;analytics/analyzers/causal_event_finder.py,Verify this reference is used through a registry/factory/pipeline path.
.claude\worktrees\reverent-gagarin-c7b5be\src\config\analysis.yaml,class,CausalEngine,FOUND_IN_SOURCE,archive/dean_integration.py;analytics/analyzers/causal_event_finder.py;analytics/engines/causal_engine.py,Verify this reference is used through a registry/factory/pipeline path.
.claude\worktrees\reverent-gagarin-c7b5be\src\config\analysis.yaml,name,knn_similarity,FOUND_IN_SOURCE,archive/dean_integration.py;analytics/analyzers/knn_similarity_finder.py;analytics/context/contextual_model_selector.py;archive/meta_learning/dean_trading_models.py;meta_learning/memory/knn_context_finder.py,Verify this reference is used through a registry/factory/pipeline path.
.claude\worktrees\reverent-gagarin-c7b5be\src\config\analysis.yaml,class,KnnSimilarityFinder,FOUND_IN_SOURCE,archive/dean_integration.py;analytics/analyzers/knn_similarity_finder.py;analytics/context/contextual_model_selector.py;archive/meta_learning/dean_trading_models.py;meta_learning/memory/knn_context_finder.py,Verify this reference is used through a registry/factory/pipeline path.
.claude\worktrees\reverent-gagarin-c7b5be\src\config\analysis.yaml,name,news_impact,FOUND_IN_SOURCE,config/unified_config_manager.py;features/news_dataset_builder.py;features/news_impact_classifier.py;analytics/analyzers/news_impact_analyzer.py;archive/models/feature_selector.py;features/analysis/news_decay_modeler.py;features/enrichers/news_impact_enricher.py;features/analysis/decay/decay_predictor.py;models/adapters/unified_model_adapter.py;pipeline/stages/trading/recommendation_engine.py,Verify this reference is used through a registry/factory/pipeline path.
.claude\worktrees\reverent-gagarin-c7b5be\src\config\analysis.yaml,class,NewsImpactAnalyzer,FOUND_IN_SOURCE,analytics/analyzers/news_impact_analyzer.py;features/enrichers/news_impact_enricher.py,Verify this reference is used through a registry/factory/pipeline path.
.claude\worktrees\reverent-gagarin-c7b5be\src\config\analysis.yaml,name,hedge_fund_style,POSSIBLY_MISSING,,Check if config references renamed/deleted component or if component is loaded dynamically.
.claude\worktrees\reverent-gagarin-c7b5be\src\config\analysis.yaml,class,HedgeFundAnalyzer,FOUND_IN_SOURCE,analytics/analyzer_registry.py;dashboard/main_app.py;analytics/analyzers/hedge_fund_analyzer.py,Verify this reference is used through a registry/factory/pipeline path.
.claude\worktrees\reverent-gagarin-c7b5be\src\config\analysis.yaml,name,macro_context,FOUND_IN_SOURCE,features/news_dataset_builder.py;analytics/context/macro_context_analyzer.py;data/collectors/sdmx_macro_collector.py;pipeline/stages/collection/orchestrator.py,Verify this reference is used through a registry/factory/pipeline path.
.claude\worktrees\reverent-gagarin-c7b5be\src\config\analysis.yaml,class,MacroContextAnalyzer,FOUND_IN_SOURCE,analytics/context/macro_context_analyzer.py,Verify this reference is used through a registry/factory/pipeline path.
.claude\worktrees\reverent-gagarin-c7b5be\src\config\analysis.yaml,name,critical_signals,POSSIBLY_MISSING,,Check if config references renamed/deleted component or if component is loaded dynamically.
.claude\worktrees\reverent-gagarin-c7b5be\src\config\analysis.yaml,class,CriticalSignalDetector,FOUND_IN_SOURCE,analytics/detectors/critical_signal_detector.py;pipeline/stages/prediction/orchestrator.py,Verify this reference is used through a registry/factory/pipeline path.
.claude\worktrees\reverent-gagarin-c7b5be\src\config\analysis.yaml,name,pattern_analysis,FOUND_IN_SOURCE,archive/patterns/pattern_analyzer.py,Verify this reference is used through a registry/factory/pipeline path.
.claude\worktrees\reverent-gagarin-c7b5be\src\config\analysis.yaml,class,PatternAnalyzer,FOUND_IN_SOURCE,archive/meta_learning/dean_trading_models.py;archive/patterns/pattern_analyzer.py;models/analysis/regime_winner_analyzer.py;models/analysis/regime/patterns.py;models/analysis/regime/__init__.py,Verify this reference is used through a registry/factory/pipeline path.
.claude\worktrees\reverent-gagarin-c7b5be\src\config\analysis.yaml,name,risk_decomposition,FOUND_IN_SOURCE,analytics/analyzers/risk_decomposition_analyzer.py,Verify this reference is used through a registry/factory/pipeline path.
.claude\worktrees\reverent-gagarin-c7b5be\src\config\analysis.yaml,class,RiskDecompositionAnalyzer,FOUND_IN_SOURCE,analytics/analyzers/risk_decomposition_analyzer.py,Verify this reference is used through a registry/factory/pipeline path.
.claude\worktrees\reverent-gagarin-c7b5be\src\config\analysis.yaml,class,VolatilityCalculator,FOUND_IN_SOURCE,analytics/analyzers/wrappers.py;analytics/calculators/risk_reward_calculator.py;analytics/calculators/volatility_calculator.py;features/enrichers/derived_features_enricher.py;features/enrichers/technical_analysis_enricher.py,Verify this reference is used through a registry/factory/pipeline path.
.claude\worktrees\reverent-gagarin-c7b5be\src\config\analysis.yaml,class,DrawdownCalculator,FOUND_IN_SOURCE,analytics/analyzers/hedge_fund_analyzer.py;analytics/analyzers/wrappers.py;analytics/calculators/drawdown_calculator.py;features/enrichers/technical_analysis_enricher.py,Verify this reference is used through a registry/factory/pipeline path.
.claude\worktrees\reverent-gagarin-c7b5be\src\config\analysis.yaml,class,RiskRewardCalculator,FOUND_IN_SOURCE,analytics/analyzers/hedge_fund_analyzer.py;analytics/calculators/risk_reward_calculator.py;features/enrichers/technical_analysis_enricher.py,Verify this reference is used through a registry/factory/pipeline path.
.claude\worktrees\reverent-gagarin-c7b5be\src\config\analysis.yaml,class,FamaFrenchFactors,FOUND_IN_SOURCE,dashboard/main_app.py;analytics/analyzers/hedge_fund_analyzer.py;analytics/analyzers/wrappers.py;analytics/calculators/fama_french_factors.py;features/enrichers/technical_analysis_enricher.py,Verify this reference is used through a registry/factory/pipeline path.
.claude\worktrees\reverent-gagarin-c7b5be\src\config\analysis.yaml,class,EconometricsCalculator,FOUND_IN_SOURCE,analytics/calculators/advanced_econometrics_calculator.py;analytics/calculators/econometrics_calculator.py;features/enrichers/technical_analysis_enricher.py;pipeline/stages/feature_engineering/orchestrator.py,Verify this reference is used through a registry/factory/pipeline path.
.claude\worktrees\reverent-gagarin-c7b5be\src\config\analysis.yaml,class,SentimentStatsCalculator,FOUND_IN_SOURCE,analytics/calculators/sentiment_stats_calculator.py;features/enrichers/advanced_analytics_enricher.py;features/enrichers/technical_analysis_enricher.py,Verify this reference is used through a registry/factory/pipeline path.
.claude\worktrees\reverent-gagarin-c7b5be\src\config\analysis.yaml,class,MarketRegimeDetector,FOUND_IN_SOURCE,algorithms/__init__.py;trading/consensus_engine.py;analytics/context/market_regime_analyzer.py;analytics/detectors/regime_detector.py;features/enrichers/technical_analysis_enricher.py;models/analysis/regime_winner_analyzer.py,Verify this reference is used through a registry/factory/pipeline path.
.claude\worktrees\reverent-gagarin-c7b5be\src\config\analysis.yaml,class,MacroScoreCalculator,FOUND_IN_SOURCE,analytics/calculators/macro_score_calculator.py;analytics/context/macro_context_analyzer.py;features/enrichers/advanced_analytics_enricher.py;features/enrichers/technical_analysis_enricher.py,Verify this reference is used through a registry/factory/pipeline path.
.claude\worktrees\reverent-gagarin-c7b5be\src\config\analysis.yaml,class,ExplainabilityCalculator,FOUND_IN_SOURCE,analytics/calculators/explainability_calculator.py;features/enrichers/technical_analysis_enricher.py,Verify this reference is used through a registry/factory/pipeline path.
.claude\worktrees\reverent-gagarin-c7b5be\src\config\cloud_storage.yaml,name,trading_multi_project,POSSIBLY_MISSING,,Check if config references renamed/deleted component or if component is loaded dynamically.
.claude\worktrees\reverent-gagarin-c7b5be\src\config\collectors.yaml,name,market_data_raw,FOUND_IN_SOURCE,cli/pipeline_executor.py;data/collectors/yf_collector.py;data/management/data_manager.py;main/modes/monster_test.py;pipeline/stages/collection/orchestrator.py;pipeline/stages/feature_engineering/orchestrator.py,Verify this reference is used through a registry/factory/pipeline path.
.claude\worktrees\reverent-gagarin-c7b5be\src\config\collectors.yaml,name,fred_data,FOUND_IN_SOURCE,cli/pipeline_executor.py;data/collectors/fred_collector.py;features/enrichers/macro_features_enricher.py;pipeline/stages/collection/orchestrator.py;scripts/simulation/shadow_arena.py,Verify this reference is used through a registry/factory/pipeline path.
.claude\worktrees\reverent-gagarin-c7b5be\src\config\collectors.yaml,name,google_news,FOUND_IN_SOURCE,cli/pipeline_executor.py;validation/validators.py;data/collectors/google_news_collector.py;pipeline/stages/collection/orchestrator.py;pipeline/stages/utils/collection_manager.py,Verify this reference is used through a registry/factory/pipeline path.
.claude\worktrees\reverent-gagarin-c7b5be\src\config\collectors.yaml,name,rss_news,FOUND_IN_SOURCE,cli/pipeline_executor.py;data/collectors/rss_collector.py,Verify this reference is used through a registry/factory/pipeline path.
.claude\worktrees\reverent-gagarin-c7b5be\src\config\collectors.yaml,name,newsapi_articles,FOUND_IN_SOURCE,cli/pipeline_executor.py;validation/validators.py;data/collectors/newsapi_collector.py,Verify this reference is used through a registry/factory/pipeline path.
.claude\worktrees\reverent-gagarin-c7b5be\src\config\collectors.yaml,name,NEWS_API_KEY,FOUND_IN_SOURCE,devtools/system_validator.py;core/security/secure_secrets_manager.py;data/collectors/newsapi_collector.py,Verify this reference is used through a registry/factory/pipeline path.
.claude\worktrees\reverent-gagarin-c7b5be\src\config\collectors.yaml,name,economic_calendar,FOUND_IN_SOURCE,cli/pipeline_executor.py;data/collectors/economic_calendar_collector.py;features/enrichers/economic_calendar_enricher.py;pipeline/stages/collection/orchestrator.py;pipeline/stages/utils/collection_manager.py,Verify this reference is used through a registry/factory/pipeline path.
.claude\worktrees\reverent-gagarin-c7b5be\src\config\collectors.yaml,name,google_trends_data,POSSIBLY_MISSING,,Check if config references renamed/deleted component or if component is loaded dynamically.
.claude\worktrees\reverent-gagarin-c7b5be\src\config\collectors.yaml,name,sec_filings,FOUND_IN_SOURCE,cli/pipeline_executor.py;data/collectors/sec_filings_collector.py;pipeline/stages/collection/orchestrator.py;pipeline/stages/utils/collection_manager.py,Verify this reference is used through a registry/factory/pipeline path.
.claude\worktrees\reverent-gagarin-c7b5be\src\config\collectors.yaml,name,insider_trades,FOUND_IN_SOURCE,data/collectors/insider_collector.py,Verify this reference is used through a registry/factory/pipeline path.
.claude\worktrees\reverent-gagarin-c7b5be\src\config\collectors.yaml,name,huggingface_data,FOUND_IN_SOURCE,cli/pipeline_data_loader.py;cli/pipeline_executor.py;data/collectors/huggingface_collector.py,Verify this reference is used through a registry/factory/pipeline path.
.claude\worktrees\reverent-gagarin-c7b5be\src\config\collectors.yaml,name,m-ric,POSSIBLY_MISSING,,Check if config references renamed/deleted component or if component is loaded dynamically.
.claude\worktrees\reverent-gagarin-c7b5be\src\config\collectors.yaml,name,bigquery_data,POSSIBLY_MISSING,,Check if config references renamed/deleted component or if component is loaded dynamically.
.claude\worktrees\reverent-gagarin-c7b5be\src\config\collectors.yaml,name,fear_greed_data,FOUND_IN_SOURCE,data/collectors/alternative_me_collector.py;data/collectors/fear_greed_collector.py,Verify this reference is used through a registry/factory/pipeline path.
.claude\worktrees\reverent-gagarin-c7b5be\src\config\collectors.yaml,name,vix_data,FOUND_IN_SOURCE,data/collectors/vix_collector.py;data/management/data_manager.py,Verify this reference is used through a registry/factory/pipeline path.
.claude\worktrees\reverent-gagarin-c7b5be\src\config\collectors.yaml,name,put_call_ratio_data,FOUND_IN_SOURCE,data/collectors/put_call_ratio_collector.py,Verify this reference is used through a registry/factory/pipeline path.
.claude\worktrees\reverent-gagarin-c7b5be\src\config\collectors.yaml,name,cftc_data,FOUND_IN_SOURCE,data/collectors/cftc_collector.py,Verify this reference is used through a registry/factory/pipeline path.
.claude\worktrees\reverent-gagarin-c7b5be\src\config\collectors.yaml,name,aaii_sentiment_data,FOUND_IN_SOURCE,data/collectors/aaii_sentiment_collector.py,Verify this reference is used through a registry/factory/pipeline path.
.claude\worktrees\reverent-gagarin-c7b5be\src\config\collectors.yaml,name,reddit_sentiment_data,POSSIBLY_MISSING,,Check if config references renamed/deleted component or if component is loaded dynamically.
.claude\worktrees\reverent-gagarin-c7b5be\src\config\context.yaml,name,Financial,FOUND_IN_SOURCE,algorithms/metrics_mixin.py;archive/financial_metrics.py;monitoring/health_hub.py;scripts/test_modular_pipeline.py;agents/modular_pipeline/orchestrator.py;agents/modular_pipeline/lenses/financial_services_lens.py;analytics/calculators/risk_reward_calculator.py;archive/validation/temporal_feature_separator.py;data/collectors/cftc_collector.py;features/nlp/extractors/keyword_extractor.py;features/nlp/extractors/news_ticker_detector.py;metrics/financial/financial_metrics_library.py;metrics/financial/portfolio_metrics.py;pipeline/stages/evaluation/metrics_calculator.py;pipeline/stages/evaluation/orchestrator.py;pipeline/stages/evaluation/report_generator.py;scripts/experiments/compare_layers.py,Verify this reference is used through a registry/factory/pipeline path.
.claude\worktrees\reverent-gagarin-c7b5be\src\config\context.yaml,name,COVID-19,POSSIBLY_MISSING,,Check if config references renamed/deleted component or if component is loaded dynamically.
.claude\worktrees\reverent-gagarin-c7b5be\src\config\context.yaml,name,Dot-com,POSSIBLY_MISSING,,Check if config references renamed/deleted component or if component is loaded dynamically.
.claude\worktrees\reverent-gagarin-c7b5be\src\config\context.yaml,name,Black,FOUND_IN_SOURCE,algorithms/risk_parity_allocator.py;data/collectors/synthetic_generator.py;main/modes/monster_test.py;main/modes/shadow_battle.py;scripts/optimization/portfolio/optimizer.py,Verify this reference is used through a registry/factory/pipeline path.
.claude\worktrees\reverent-gagarin-c7b5be\src\config\context.yaml,name,Great,FOUND_IN_SOURCE,archive/monitoring/tests.py,Verify this reference is used through a registry/factory/pipeline path.
.claude\worktrees\reverent-gagarin-c7b5be\src\config\context.yaml,name,Inflation,FOUND_IN_SOURCE,agents/archive/cognitive_extractor.py;agents/archive/cognitive_pipeline.py;archive/models_dead/universal_registry.py;data/collectors/sdmx_macro_collector.py;features/validation/redundancy_detector.py;scripts/simulation/shadow_arena.py,Verify this reference is used through a registry/factory/pipeline path.
.claude\worktrees\reverent-gagarin-c7b5be\src\config\context.yaml,name,Rate,FOUND_IN_SOURCE,dashboard/main_app.py;trading/live_adaptive_ensemble.py;utils/rate_limiter.py;agents/archive/cognitive_extractor.py;agents/tools/gdelt_tool.py;archive/calibration/calibration_engine.py;archive/meta_learning/real_time_learning.py;archive/models_dead/integrated_model_manager.py;core/clients/http_client_factory.py;core/clients/llm_client.py;data/collectors/insider_collector.py;data/collectors/wikimedia_attention_collector.py;features/enrichers/volume_enricher.py;meta_learning/calibration/calibration_engine.py;meta_learning/memory/diary_engine.py;meta_learning/security/agent_permissions.py;metrics/financial/financial_metrics_library.py;models/analysis/baselines/strategies.py;models/ensemble/calibration/strategies.py;pipeline/guards/macro_release_timing_guard.py,Verify this reference is used through a registry/factory/pipeline path.
.claude\worktrees\reverent-gagarin-c7b5be\src\config\context.yaml,name,Banking,FOUND_IN_SOURCE,patterns/pattern_recognition_adjustment.py,Verify this reference is used through a registry/factory/pipeline path.
.claude\worktrees\reverent-gagarin-c7b5be\src\config\context.yaml,name,Tech,FOUND_IN_SOURCE,patterns/pattern_recognition_adjustment.py;scripts/test_modular_pipeline.py;agents/modular_pipeline/orchestrator.py;agents/modular_pipeline/lenses/healthcare_biotech_lens.py;agents/modular_pipeline/lenses/technology_lens.py;archive/utils/smart_missing_data_handler.py;archive/features/utils/hybrid_adaptive_technical_indicators.py;archive/features/utils/modular_adaptive_technical_indicators.py;archive/features/utils/simple_adaptive_technical_indicators.py;features/enrichers/advanced_analytics_enricher.py;features/enrichers/nlp_features_enricher.py;features/enrichers/technical_analysis_enricher.py;features/selection/enhanced_smart_selector.py;features/utils/adaptive_indicators.py;features/utils/technical_indicators_lib.py;features/nlp/extractors/news_ticker_detector.py;scripts/simulation/shadow_arena.py,Verify this reference is used through a registry/factory/pipeline path.
.claude\worktrees\reverent-gagarin-c7b5be\src\config\context.yaml,name,Crypto,FOUND_IN_SOURCE,data/collectors/newsapi_collector.py;data/collectors/sec_filings_collector.py;pipeline/stages/trading/recommendation_engine.py,Verify this reference is used through a registry/factory/pipeline path.
.claude\worktrees\reverent-gagarin-c7b5be\src\config\context.yaml,name,Geopolitical,FOUND_IN_SOURCE,patterns/pattern_recognition_adjustment.py;scripts/test_modular_pipeline.py;agents/modular_pipeline/orchestrator.py;agents/modular_pipeline/lenses/geopolitical_risk_lens.py;archive/patterns/pattern_analyzer.py;scripts/simulation/shadow_arena.py,Verify this reference is used through a registry/factory/pipeline path.
.claude\worktrees\reverent-gagarin-c7b5be\src\config\context.yaml,name,Energy,FOUND_IN_SOURCE,features/entity_linker.py;scripts/test_modular_pipeline.py;agents/modular_pipeline/orchestrator.py;agents/tools/eia_tool.py;agents/modular_pipeline/lenses/energy_commodity_lens.py;features/nlp/extractors/news_ticker_detector.py;scripts/simulation/shadow_arena.py,Verify this reference is used through a registry/factory/pipeline path.
.claude\worktrees\reverent-gagarin-c7b5be\src\config\context.yaml,name,Supply,FOUND_IN_SOURCE,agents/archive/cognitive_extractor.py;agents/archive/cognitive_pipeline.py,Verify this reference is used through a registry/factory/pipeline path.
.claude\worktrees\reverent-gagarin-c7b5be\src\config\context.yaml,name,Housing,POSSIBLY_MISSING,,Check if config references renamed/deleted component or if component is loaded dynamically.
.claude\worktrees\reverent-gagarin-c7b5be\src\config\context.yaml,name,Flash,FOUND_IN_SOURCE,data/collectors/synthetic_generator.py;main/modes/shadow_battle.py,Verify this reference is used through a registry/factory/pipeline path.
.claude\worktrees\reverent-gagarin-c7b5be\src\config\context.yaml,name,European,POSSIBLY_MISSING,,Check if config references renamed/deleted component or if component is loaded dynamically.
.claude\worktrees\reverent-gagarin-c7b5be\src\config\context.yaml,name,Asian,POSSIBLY_MISSING,,Check if config references renamed/deleted component or if component is loaded dynamically.
.claude\worktrees\reverent-gagarin-c7b5be\src\config\data_sources.yaml,name,local_file_source,POSSIBLY_MISSING,,Check if config references renamed/deleted component or if component is loaded dynamically.
.claude\worktrees\reverent-gagarin-c7b5be\src\config\data_sources.yaml,class,LocalFileDataSource,FOUND_IN_SOURCE,archive/data_sources/local_file_data_source.py;archive/data_sources/__init__.py,Verify this reference is used through a registry/factory/pipeline path.
.claude\worktrees\reverent-gagarin-c7b5be\src\config\enrichment.yaml,class_like_name,SignificanceFeaturesEnricher,FOUND_IN_SOURCE,features/enrichers/significance_features_enricher.py,Verify this reference is used through a registry/factory/pipeline path.
.claude\worktrees\reverent-gagarin-c7b5be\src\config\enrichment.yaml,class_like_name,MarketContextEnricher,FOUND_IN_SOURCE,features/enrichers/market_context_enricher.py,Verify this reference is used through a registry/factory/pipeline path.
.claude\worktrees\reverent-gagarin-c7b5be\src\config\enrichment.yaml,class_like_name,TimeFeaturesEnricher,FOUND_IN_SOURCE,features/enrichers/time_features_enricher.py,Verify this reference is used through a registry/factory/pipeline path.
.claude\worktrees\reverent-gagarin-c7b5be\src\config\enrichment.yaml,model,name,FOUND_IN_SOURCE,agents/pipeline_bridge.py;algorithms/metrics_mixin.py;algorithms/risk_parity_allocator.py;analytics/analyzer_registry.py;analytics/meta_pattern_miner.py;analytics/panic_correlation_analyzer.py;analytics/unified_analytics_engine.py;archive/dean_integration.py;archive/online_model_integration.py;archive/portfolio_optimizer.py;cli/argument_parser.py;cli/argument_validator.py;cli/batch_manager.py;cli/pipeline_data_loader.py;cli/pipeline_executor.py;colab/__init__.py;config/target_type_registry.py;config/unified_config_manager.py;core/base_integration.py;core/version_checker.py,Verify this reference is used through a registry/factory/pipeline path.
.claude\worktrees\reverent-gagarin-c7b5be\src\config\enrichment.yaml,model,en_core_web_sm,FOUND_IN_SOURCE,features/enrichers/keyword_entity_enricher.py;features/nlp/extractors/entity_extractor.py,Verify this reference is used through a registry/factory/pipeline path.
.claude\worktrees\reverent-gagarin-c7b5be\src\config\enrichment.yaml,model_name,t5-small,FOUND_IN_SOURCE,features/nlp/scoring/summarizer.py,Verify this reference is used through a registry/factory/pipeline path.
.claude\worktrees\reverent-gagarin-c7b5be\src\config\enrichment.yaml,class,SignificanceFeaturesEnricher,FOUND_IN_SOURCE,features/enrichers/significance_features_enricher.py,Verify this reference is used through a registry/factory/pipeline path.
.claude\worktrees\reverent-gagarin-c7b5be\src\config\enrichment.yaml,class,MarketContextEnricher,FOUND_IN_SOURCE,features/enrichers/market_context_enricher.py,Verify this reference is used through a registry/factory/pipeline path.
.claude\worktrees\reverent-gagarin-c7b5be\src\config\enrichment.yaml,class,TimeFeaturesEnricher,FOUND_IN_SOURCE,features/enrichers/time_features_enricher.py,Verify this reference is used through a registry/factory/pipeline path.
.claude\worktrees\reverent-gagarin-c7b5be\src\config\error_handling.yaml,class_like_name,EnhancedErrorAnalyzer,POSSIBLY_MISSING,,Check if config references renamed/deleted component or if component is loaded dynamically.
.claude\worktrees\reverent-gagarin-c7b5be\src\config\knowledge_base.yaml,name,bloomberg_markets,POSSIBLY_MISSING,,Check if config references renamed/deleted component or if component is loaded dynamically.
.claude\worktrees\reverent-gagarin-c7b5be\src\config\knowledge_base.yaml,name,bloomberg_tech,POSSIBLY_MISSING,,Check if config references renamed/deleted component or if component is loaded dynamically.
.claude\worktrees\reverent-gagarin-c7b5be\src\config\knowledge_base.yaml,name,bloomberg_economics,POSSIBLY_MISSING,,Check if config references renamed/deleted component or if component is loaded dynamically.
.claude\worktrees\reverent-gagarin-c7b5be\src\config\knowledge_base.yaml,name,bloomberg_business,POSSIBLY_MISSING,,Check if config references renamed/deleted component or if component is loaded dynamically.
.claude\worktrees\reverent-gagarin-c7b5be\src\config\knowledge_base.yaml,name,bloomberg_politics,POSSIBLY_MISSING,,Check if config references renamed/deleted component or if component is loaded dynamically.
.claude\worktrees\reverent-gagarin-c7b5be\src\config\knowledge_base.yaml,name,cnbc_earnings,POSSIBLY_MISSING,,Check if config references renamed/deleted component or if component is loaded dynamically.
.claude\worktrees\reverent-gagarin-c7b5be\src\config\knowledge_base.yaml,name,cnbc_world,POSSIBLY_MISSING,,Check if config references renamed/deleted component or if component is loaded dynamically.
.claude\worktrees\reverent-gagarin-c7b5be\src\config\knowledge_base.yaml,name,yahoo_finance_general,POSSIBLY_MISSING,,Check if config references renamed/deleted component or if component is loaded dynamically.
.claude\worktrees\reverent-gagarin-c7b5be\src\config\knowledge_base.yaml,name,bbc_business,POSSIBLY_MISSING,,Check if config references renamed/deleted component or if component is loaded dynamically.
.claude\worktrees\reverent-gagarin-c7b5be\src\config\knowledge_base.yaml,name,financial_times,POSSIBLY_MISSING,,Check if config references renamed/deleted component or if component is loaded dynamically.
.claude\worktrees\reverent-gagarin-c7b5be\src\config\knowledge_base.yaml,name,wsj,POSSIBLY_MISSING,,Check if config references renamed/deleted component or if component is loaded dynamically.
.claude\worktrees\reverent-gagarin-c7b5be\src\config\knowledge_base.yaml,name,wsj_markets,POSSIBLY_MISSING,,Check if config references renamed/deleted component or if component is loaded dynamically.
.claude\worktrees\reverent-gagarin-c7b5be\src\config\knowledge_base.yaml,name,marketwatch,POSSIBLY_MISSING,,Check if config references renamed/deleted component or if component is loaded dynamically.
.claude\worktrees\reverent-gagarin-c7b5be\src\config\knowledge_base.yaml,name,seeking_alpha,POSSIBLY_MISSING,,Check if config references renamed/deleted component or if component is loaded dynamically.
.claude\worktrees\reverent-gagarin-c7b5be\src\config\knowledge_base.yaml,name,investing_com,POSSIBLY_MISSING,,Check if config references renamed/deleted component or if component is loaded dynamically.
.claude\worktrees\reverent-gagarin-c7b5be\src\config\knowledge_base.yaml,name,benzinga,POSSIBLY_MISSING,,Check if config references renamed/deleted component or if component is loaded dynamically.
.claude\worktrees\reverent-gagarin-c7b5be\src\config\knowledge_base.yaml,name,ft_markets,POSSIBLY_MISSING,,Check if config references renamed/deleted component or if component is loaded dynamically.
.claude\worktrees\reverent-gagarin-c7b5be\src\config\knowledge_base.yaml,name,zerohedge,POSSIBLY_MISSING,,Check if config references renamed/deleted component or if component is loaded dynamically.
.claude\worktrees\reverent-gagarin-c7b5be\src\config\knowledge_base.yaml,name,cointelegraph_crypto,POSSIBLY_MISSING,,Check if config references renamed/deleted component or if component is loaded dynamically.
.claude\worktrees\reverent-gagarin-c7b5be\src\config\knowledge_base.yaml,name,npr_business,POSSIBLY_MISSING,,Check if config references renamed/deleted component or if component is loaded dynamically.
.claude\worktrees\reverent-gagarin-c7b5be\src\config\models.yaml,class_like_name,ModelFactory,FOUND_IN_SOURCE,factories/model_factory.py;factories/tree_model_factory.py;models/enhanced_factory.py;training/base_trainer.py;training/constants.py;training/light_model_trainer.py;training/unified_training_manager.py;archive/models/factory.py,Verify this reference is used through a registry/factory/pipeline path.
.claude\worktrees\reverent-gagarin-c7b5be\src\config\models.yaml,class_like_name,CatBoostModel,FOUND_IN_SOURCE,factories/tree_model_factory.py;archive/models/factory.py;models/prototypes/prototype.py;models/tree/catboost_model.py,Verify this reference is used through a registry/factory/pipeline path.
.claude\worktrees\reverent-gagarin-c7b5be\src\config\models.yaml,class_like_name,LightGBMModel,FOUND_IN_SOURCE,factories/tree_model_factory.py;archive/models/factory.py;models/tree/lightgbm_model.py,Verify this reference is used through a registry/factory/pipeline path.
.claude\worktrees\reverent-gagarin-c7b5be\src\config\models.yaml,class_like_name,XGBoostModel,FOUND_IN_SOURCE,factories/tree_model_factory.py;archive/models/factory.py;models/tree/xgboost_model.py,Verify this reference is used through a registry/factory/pipeline path.
.claude\worktrees\reverent-gagarin-c7b5be\src\config\models.yaml,class_like_name,RandomForestModel,FOUND_IN_SOURCE,factories/tree_model_factory.py;archive/models/factory.py;models/tree/random_forest_model.py,Verify this reference is used through a registry/factory/pipeline path.
.claude\worktrees\reverent-gagarin-c7b5be\src\config\models.yaml,class_like_name,LinearModel,FOUND_IN_SOURCE,factories/model_factory.py;archive/models/factory.py;models/linear/linear_model.py,Verify this reference is used through a registry/factory/pipeline path.
.claude\worktrees\reverent-gagarin-c7b5be\src\config\models.yaml,class_like_name,SVMModel,FOUND_IN_SOURCE,factories/model_factory.py;archive/models/factory.py;models/linear/svm_model.py,Verify this reference is used through a registry/factory/pipeline path.
.claude\worktrees\reverent-gagarin-c7b5be\src\config\models.yaml,class_like_name,KNNModel,FOUND_IN_SOURCE,factories/model_factory.py;archive/models/factory.py;models/linear/knn_model.py,Verify this reference is used through a registry/factory/pipeline path.
.claude\worktrees\reverent-gagarin-c7b5be\src\config\models.yaml,class_like_name,MLPModel,FOUND_IN_SOURCE,factories/model_factory.py;archive/models/factory.py;models/neural/mlp_model.py,Verify this reference is used through a registry/factory/pipeline path.
.claude\worktrees\reverent-gagarin-c7b5be\src\config\models.yaml,class_like_name,CNNModel,FOUND_IN_SOURCE,factories/model_factory.py;models/loader.py;archive/models/factory.py;colab/models/architectures.py;colab/models/model_factory.py;colab/models/torch_models.py;models/neural/cnn_model.py,Verify this reference is used through a registry/factory/pipeline path.
.claude\worktrees\reverent-gagarin-c7b5be\src\config\models.yaml,class_like_name,LSTMModel,FOUND_IN_SOURCE,factories/model_factory.py;models/loader.py;archive/models/factory.py;colab/models/architectures.py;colab/models/model_factory.py;colab/models/torch_models.py;models/neural/lstm_model.py,Verify this reference is used through a registry/factory/pipeline path.
.claude\worktrees\reverent-gagarin-c7b5be\src\config\models.yaml,class_like_name,GRUModel,FOUND_IN_SOURCE,factories/model_factory.py;models/loader.py;archive/models/factory.py;colab/models/architectures.py;colab/models/model_factory.py;colab/models/torch_models.py;models/neural/gru_model.py,Verify this reference is used through a registry/factory/pipeline path.
.claude\worktrees\reverent-gagarin-c7b5be\src\config\models.yaml,class_like_name,TransformerModel,FOUND_IN_SOURCE,factories/model_factory.py;models/loader.py;archive/models/factory.py;colab/models/architectures.py;colab/models/model_factory.py;colab/models/torch_models.py;models/neural/transformer_model.py,Verify this reference is used through a registry/factory/pipeline path.
.claude\worktrees\reverent-gagarin-c7b5be\src\config\models.yaml,class_like_name,TabNetModel,FOUND_IN_SOURCE,factories/model_factory.py;archive/models/factory.py;models/neural/tabnet_model.py,Verify this reference is used through a registry/factory/pipeline path.
.claude\worktrees\reverent-gagarin-c7b5be\src\config\models.yaml,class_like_name,AutoencoderModel,FOUND_IN_SOURCE,factories/model_factory.py;models/loader.py;archive/models/factory.py;colab/models/architectures.py;colab/models/model_factory.py;colab/models/torch_models.py;models/neural/autoencoder_model.py,Verify this reference is used through a registry/factory/pipeline path.
.claude\worktrees\reverent-gagarin-c7b5be\src\config\models.yaml,class_like_name,EnsembleModel,FOUND_IN_SOURCE,factories/model_factory.py;archive/models/factory.py;archive/models_dead/enhanced_ensemble.py;ensembling/ensemble/ensemble_model.py;models/ensemble/ensemble_model.py,Verify this reference is used through a registry/factory/pipeline path.
.claude\worktrees\reverent-gagarin-c7b5be\src\config\models.yaml,model,is_present,FOUND_IN_SOURCE,core/security/secure_secrets_manager.py,Verify this reference is used through a registry/factory/pipeline path.
.claude\worktrees\reverent-gagarin-c7b5be\src\config\models.yaml,class,CatBoostModel,FOUND_IN_SOURCE,factories/tree_model_factory.py;archive/models/factory.py;models/prototypes/prototype.py;models/tree/catboost_model.py,Verify this reference is used through a registry/factory/pipeline path.
.claude\worktrees\reverent-gagarin-c7b5be\src\config\models.yaml,class,LightGBMModel,FOUND_IN_SOURCE,factories/tree_model_factory.py;archive/models/factory.py;models/tree/lightgbm_model.py,Verify this reference is used through a registry/factory/pipeline path.
.claude\worktrees\reverent-gagarin-c7b5be\src\config\models.yaml,class,XGBoostModel,FOUND_IN_SOURCE,factories/tree_model_factory.py;archive/models/factory.py;models/tree/xgboost_model.py,Verify this reference is used through a registry/factory/pipeline path.
.claude\worktrees\reverent-gagarin-c7b5be\src\config\models.yaml,class,RandomForestModel,FOUND_IN_SOURCE,factories/tree_model_factory.py;archive/models/factory.py;models/tree/random_forest_model.py,Verify this reference is used through a registry/factory/pipeline path.
.claude\worktrees\reverent-gagarin-c7b5be\src\config\models.yaml,class,LinearModel,FOUND_IN_SOURCE,factories/model_factory.py;archive/models/factory.py;models/linear/linear_model.py,Verify this reference is used through a registry/factory/pipeline path.
.claude\worktrees\reverent-gagarin-c7b5be\src\config\models.yaml,class,SVMModel,FOUND_IN_SOURCE,factories/model_factory.py;archive/models/factory.py;models/linear/svm_model.py,Verify this reference is used through a registry/factory/pipeline path.
.claude\worktrees\reverent-gagarin-c7b5be\src\config\models.yaml,class,KNNModel,FOUND_IN_SOURCE,factories/model_factory.py;archive/models/factory.py;models/linear/knn_model.py,Verify this reference is used through a registry/factory/pipeline path.
.claude\worktrees\reverent-gagarin-c7b5be\src\config\models.yaml,class,MLPModel,FOUND_IN_SOURCE,factories/model_factory.py;archive/models/factory.py;models/neural/mlp_model.py,Verify this reference is used through a registry/factory/pipeline path.
.claude\worktrees\reverent-gagarin-c7b5be\src\config\models.yaml,class,CNNModel,FOUND_IN_SOURCE,factories/model_factory.py;models/loader.py;archive/models/factory.py;colab/models/architectures.py;colab/models/model_factory.py;colab/models/torch_models.py;models/neural/cnn_model.py,Verify this reference is used through a registry/factory/pipeline path.
.claude\worktrees\reverent-gagarin-c7b5be\src\config\models.yaml,class,LSTMModel,FOUND_IN_SOURCE,factories/model_factory.py;models/loader.py;archive/models/factory.py;colab/models/architectures.py;colab/models/model_factory.py;colab/models/torch_models.py;models/neural/lstm_model.py,Verify this reference is used through a registry/factory/pipeline path.
.claude\worktrees\reverent-gagarin-c7b5be\src\config\models.yaml,class,GRUModel,FOUND_IN_SOURCE,factories/model_factory.py;models/loader.py;archive/models/factory.py;colab/models/architectures.py;colab/models/model_factory.py;colab/models/torch_models.py;models/neural/gru_model.py,Verify this reference is used through a registry/factory/pipeline path.
.claude\worktrees\reverent-gagarin-c7b5be\src\config\models.yaml,class,TransformerModel,FOUND_IN_SOURCE,factories/model_factory.py;models/loader.py;archive/models/factory.py;colab/models/architectures.py;colab/models/model_factory.py;colab/models/torch_models.py;models/neural/transformer_model.py,Verify this reference is used through a registry/factory/pipeline path.
.claude\worktrees\reverent-gagarin-c7b5be\src\config\models.yaml,class,TabNetModel,FOUND_IN_SOURCE,factories/model_factory.py;archive/models/factory.py;models/neural/tabnet_model.py,Verify this reference is used through a registry/factory/pipeline path.
.claude\worktrees\reverent-gagarin-c7b5be\src\config\models.yaml,class,AutoencoderModel,FOUND_IN_SOURCE,factories/model_factory.py;models/loader.py;archive/models/factory.py;colab/models/architectures.py;colab/models/model_factory.py;colab/models/torch_models.py;models/neural/autoencoder_model.py,Verify this reference is used through a registry/factory/pipeline path.
.claude\worktrees\reverent-gagarin-c7b5be\src\config\models.yaml,class,EnsembleModel,FOUND_IN_SOURCE,factories/model_factory.py;archive/models/factory.py;archive/models_dead/enhanced_ensemble.py;ensembling/ensemble/ensemble_model.py;models/ensemble/ensemble_model.py,Verify this reference is used through a registry/factory/pipeline path.
.claude\worktrees\reverent-gagarin-c7b5be\src\config\models.yaml,model,data,FOUND_IN_SOURCE,agents/pipeline_bridge.py;algorithms/adaptive_position_sizer.py;algorithms/metrics_mixin.py;algorithms/risk_parity_allocator.py;analytics/interfaces.py;analytics/meta_pattern_miner.py;analytics/panic_correlation_analyzer.py;analytics/unified_analytics_engine.py;analytics/__init__.py;archive/dean_integration.py;archive/legacy_smart_trader.py;archive/online_model_integration.py;archive/portfolio_optimizer.py;cli/argument_validator.py;cli/batch_manager.py;cli/pipeline_data_loader.py;cli/pipeline_executor.py;colab/__init__.py;config/unified_config_manager.py;core/exceptions.py,Verify this reference is used through a registry/factory/pipeline path.
.claude\worktrees\reverent-gagarin-c7b5be\src\config\models.yaml,model_name,yiyanghkust,FOUND_IN_SOURCE,features/nlp/models/sentiment_core.py,Verify this reference is used through a registry/factory/pipeline path.
.claude\worktrees\reverent-gagarin-c7b5be\src\config\monitoring_config.yaml,name,Trading,FOUND_IN_SOURCE,archive/dean_integration.py;cli/argument_parser.py;config/unified_config_manager.py;dashboard/main_app.py;features/news_dataset_builder.py;meta_learning/__init__.py;monitoring/dashboard.py;trading/adaptive_parameter_manager.py;trading/consensus_engine.py;trading/elite_risk_sizer.py;trading/live_adaptive_ensemble.py;trading/portfolio_manager.py;trading/post_inference_filter.py;trading/trader.py;trading/trading_orchestrator.py;trading/virtual_portfolio.py;trading/__init__.py;utils/trading_calendar.py;validation/time_series_validator.py;analytics/arena/arena_battle.py,Verify this reference is used through a registry/factory/pipeline path.
.claude\worktrees\reverent-gagarin-c7b5be\src\config\processing.yaml,name,target_regression_1d,POSSIBLY_MISSING,,Check if config references renamed/deleted component or if component is loaded dynamically.
.claude\worktrees\reverent-gagarin-c7b5be\src\config\processing.yaml,name,target_binary_1d_0_0,POSSIBLY_MISSING,,Check if config references renamed/deleted component or if component is loaded dynamically.
.claude\worktrees\reverent-gagarin-c7b5be\src\config\processing.yaml,name,target_multiclass_1d,POSSIBLY_MISSING,,Check if config references renamed/deleted component or if component is loaded dynamically.
.claude\worktrees\reverent-gagarin-c7b5be\src\config\processing.yaml,name,target_rsi_prediction_3d,POSSIBLY_MISSING,,Check if config references renamed/deleted component or if component is loaded dynamically.
.claude\worktrees\reverent-gagarin-c7b5be\src\config\sentiment.yaml,model,finbert,FOUND_IN_SOURCE,features/news_clusterer.py;sentiment/sentiment_models.py;agents/archive/veto_system.py;features/enrichers/finbert_sentiment.py;features/enrichers/sentiment_features_enricher.py;features/nlp/models/finbert_pipeline.py;features/nlp/models/sentiment_core.py;models/adapters/sentiment_integration.py;pipeline/stages/feature_engineering/orchestrator.py,Verify this reference is used through a registry/factory/pipeline path.
.claude\worktrees\reverent-gagarin-c7b5be\src\config\sentiment.yaml,model_name,ProsusAI,FOUND_IN_SOURCE,features/news_clusterer.py;sentiment/sentiment_models.py;features/enrichers/finbert_sentiment.py;features/nlp/models/finbert_pipeline.py,Verify this reference is used through a registry/factory/pipeline path.
.claude\worktrees\reverent-gagarin-c7b5be\src\config\sentiment.yaml,model_name,cardiffnlp,POSSIBLY_MISSING,,Check if config references renamed/deleted component or if component is loaded dynamically.
.claude\worktrees\reverent-gagarin-c7b5be\src\config\simulation.yaml,name,COVID-like,POSSIBLY_MISSING,,Check if config references renamed/deleted component or if component is loaded dynamically.
.claude\worktrees\reverent-gagarin-c7b5be\src\config\simulation.yaml,name,Rate,FOUND_IN_SOURCE,dashboard/main_app.py;trading/live_adaptive_ensemble.py;utils/rate_limiter.py;agents/archive/cognitive_extractor.py;agents/tools/gdelt_tool.py;archive/calibration/calibration_engine.py;archive/meta_learning/real_time_learning.py;archive/models_dead/integrated_model_manager.py;core/clients/http_client_factory.py;core/clients/llm_client.py;data/collectors/insider_collector.py;data/collectors/wikimedia_attention_collector.py;features/enrichers/volume_enricher.py;meta_learning/calibration/calibration_engine.py;meta_learning/memory/diary_engine.py;meta_learning/security/agent_permissions.py;metrics/financial/financial_metrics_library.py;models/analysis/baselines/strategies.py;models/ensemble/calibration/strategies.py;pipeline/guards/macro_release_timing_guard.py,Verify this reference is used through a registry/factory/pipeline path.
.claude\worktrees\reverent-gagarin-c7b5be\src\config\simulation.yaml,name,Short,FOUND_IN_SOURCE,risk/elite_risk_metrics.py;sentiment/sentiment_models.py;agents/archive/cognitive_extractor.py;features/enrichers/technical_analysis_enricher.py;models/neural/lstm_model.py,Verify this reference is used through a registry/factory/pipeline path.
.claude\worktrees\reverent-gagarin-c7b5be\src\config\transformers.yaml,class,StandardScalerTransformer,FOUND_IN_SOURCE,features/transformers/transformers.py;features/transformers/__init__.py,Verify this reference is used through a registry/factory/pipeline path.
.claude\worktrees\reverent-gagarin-c7b5be\src\config\transformers.yaml,class,MinMaxScalerTransformer,FOUND_IN_SOURCE,features/transformers/transformers.py;features/transformers/__init__.py,Verify this reference is used through a registry/factory/pipeline path.
.claude\worktrees\reverent-gagarin-c7b5be\src\config\unified_config.yaml,class_like_name,CriticalSignalDetector,FOUND_IN_SOURCE,analytics/detectors/critical_signal_detector.py;pipeline/stages/prediction/orchestrator.py,Verify this reference is used through a registry/factory/pipeline path.
.claude\worktrees\reverent-gagarin-c7b5be\src\config\unified_config.yaml,class_like_name,MacroContextAnalyzer,FOUND_IN_SOURCE,analytics/context/macro_context_analyzer.py,Verify this reference is used through a registry/factory/pipeline path.
.claude\worktrees\reverent-gagarin-c7b5be\src\config\unified_config.yaml,class_like_name,NewsImpactAnalyzer,FOUND_IN_SOURCE,analytics/analyzers/news_impact_analyzer.py;features/enrichers/news_impact_enricher.py,Verify this reference is used through a registry/factory/pipeline path.
.claude\worktrees\reverent-gagarin-c7b5be\src\config\unified_config.yaml,class_like_name,MarketContextAnalyzer,FOUND_IN_SOURCE,analytics/context/market_context_analyzer.py;features/enrichers/market_context_enricher.py;pipeline/stages/prediction/orchestrator.py,Verify this reference is used through a registry/factory/pipeline path.
.claude\worktrees\reverent-gagarin-c7b5be\src\config\unified_config.yaml,class_like_name,MarketPhaseAnalyzer,FOUND_IN_SOURCE,analytics/context/market_phase_analyzer.py;features/enrichers/advanced_analytics_enricher.py,Verify this reference is used through a registry/factory/pipeline path.
.claude\worktrees\reverent-gagarin-c7b5be\src\config\unified_config.yaml,class_like_name,HedgeFundAnalyzer,FOUND_IN_SOURCE,analytics/analyzer_registry.py;dashboard/main_app.py;analytics/analyzers/hedge_fund_analyzer.py,Verify this reference is used through a registry/factory/pipeline path.
.claude\worktrees\reverent-gagarin-c7b5be\src\config\unified_config.yaml,class_like_name,AdaptiveConfidenceAnalyzer,FOUND_IN_SOURCE,trading/consensus_engine.py;analytics/analyzers/adaptive_confidence_analyzer.py,Verify this reference is used through a registry/factory/pipeline path.
.claude\worktrees\reverent-gagarin-c7b5be\src\config\unified_config.yaml,class_like_name,SignificanceAnalyzer,FOUND_IN_SOURCE,features/enrichers/significance_features_enricher.py,Verify this reference is used through a registry/factory/pipeline path.
.claude\worktrees\reverent-gagarin-c7b5be\src\config\unified_config.yaml,class_like_name,VolatilityCalculator,FOUND_IN_SOURCE,analytics/analyzers/wrappers.py;analytics/calculators/risk_reward_calculator.py;analytics/calculators/volatility_calculator.py;features/enrichers/derived_features_enricher.py;features/enrichers/technical_analysis_enricher.py,Verify this reference is used through a registry/factory/pipeline path.
.claude\worktrees\reverent-gagarin-c7b5be\src\config\unified_config.yaml,class_like_name,DrawdownCalculator,FOUND_IN_SOURCE,analytics/analyzers/hedge_fund_analyzer.py;analytics/analyzers/wrappers.py;analytics/calculators/drawdown_calculator.py;features/enrichers/technical_analysis_enricher.py,Verify this reference is used through a registry/factory/pipeline path.
.claude\worktrees\reverent-gagarin-c7b5be\src\config\unified_config.yaml,class_like_name,CollectionStage,FOUND_IN_SOURCE,pipeline/pipeline_orchestrator.py;main/modes/training_data_pipeline.py;pipeline/stages/stage_1_collection.py;pipeline/stages/collection/orchestrator.py;pipeline/stages/utils/collection_manager.py,Verify this reference is used through a registry/factory/pipeline path.
.claude\worktrees\reverent-gagarin-c7b5be\src\config\unified_config.yaml,class_like_name,ProcessingStage,FOUND_IN_SOURCE,pipeline/pipeline_orchestrator.py;validation/validators.py;pipeline/stages/stage_2_processing.py;pipeline/stages/feature_engineering/orchestrator.py;pipeline/stages/processing/orchestrator.py;pipeline/stages/processing/__init__.py,Verify this reference is used through a registry/factory/pipeline path.
.claude\worktrees\reverent-gagarin-c7b5be\src\config\unified_config.yaml,class_like_name,FeatureEngineeringStage,FOUND_IN_SOURCE,pipeline/pipeline_orchestrator.py;features/validation/feature_leakage_guard.py;pipeline/stages/stage_3_feature_engineering.py;pipeline/stages/feature_engineering/orchestrator.py;pipeline/stages/feature_engineering/__init__.py,Verify this reference is used through a registry/factory/pipeline path.
.claude\worktrees\reverent-gagarin-c7b5be\src\config\unified_config.yaml,class_like_name,ModelingStage,FOUND_IN_SOURCE,pipeline/pipeline_orchestrator.py;pipeline/stages/stage_4_modeling.py;pipeline/stages/modeling/orchestrator.py;pipeline/stages/modeling/utils.py,Verify this reference is used through a registry/factory/pipeline path.
.claude\worktrees\reverent-gagarin-c7b5be\src\config\unified_config.yaml,class_like_name,PredictionStage,FOUND_IN_SOURCE,pipeline/stages/stage_5_prediction.py;pipeline/stages/prediction/anomaly_engine.py;pipeline/stages/prediction/model_resolver.py;pipeline/stages/prediction/orchestrator.py;pipeline/stages/prediction/prediction_generator.py,Verify this reference is used through a registry/factory/pipeline path.
.claude\worktrees\reverent-gagarin-c7b5be\src\config\unified_config.yaml,class_like_name,TradingExecutionStage,FOUND_IN_SOURCE,pipeline/stages/stage_6_trading_execution.py;pipeline/stages/trading/orchestrator.py,Verify this reference is used through a registry/factory/pipeline path.
.claude\worktrees\reverent-gagarin-c7b5be\src\config\unified_config.yaml,class_like_name,EvaluationStage,FOUND_IN_SOURCE,agents/pipeline_bridge.py;validation/validators.py;pipeline/stages/stage_7_evaluation.py;pipeline/stages/evaluation/orchestrator.py,Verify this reference is used through a registry/factory/pipeline path.
.claude\worktrees\reverent-gagarin-c7b5be\src\config\unified_config.yaml,name,critical_signal_detector,FOUND_IN_SOURCE,analytics/detectors/critical_signal_detector.py;pipeline/stages/prediction/orchestrator.py,Verify this reference is used through a registry/factory/pipeline path.
.claude\worktrees\reverent-gagarin-c7b5be\src\config\unified_config.yaml,class,CriticalSignalDetector,FOUND_IN_SOURCE,analytics/detectors/critical_signal_detector.py;pipeline/stages/prediction/orchestrator.py,Verify this reference is used through a registry/factory/pipeline path.
.claude\worktrees\reverent-gagarin-c7b5be\src\config\unified_config.yaml,name,macro_context_analyzer,FOUND_IN_SOURCE,analytics/context/macro_context_analyzer.py,Verify this reference is used through a registry/factory/pipeline path.
.claude\worktrees\reverent-gagarin-c7b5be\src\config\unified_config.yaml,class,MacroContextAnalyzer,FOUND_IN_SOURCE,analytics/context/macro_context_analyzer.py,Verify this reference is used through a registry/factory/pipeline path.
.claude\worktrees\reverent-gagarin-c7b5be\src\config\unified_config.yaml,name,news_impact_analyzer,FOUND_IN_SOURCE,analytics/analyzers/news_impact_analyzer.py;features/enrichers/news_impact_enricher.py;pipeline/stages/trading/recommendation_engine.py,Verify this reference is used through a registry/factory/pipeline path.
.claude\worktrees\reverent-gagarin-c7b5be\src\config\unified_config.yaml,class,NewsImpactAnalyzer,FOUND_IN_SOURCE,analytics/analyzers/news_impact_analyzer.py;features/enrichers/news_impact_enricher.py,Verify this reference is used through a registry/factory/pipeline path.
.claude\worktrees\reverent-gagarin-c7b5be\src\config\unified_config.yaml,name,market_context_analyzer,FOUND_IN_SOURCE,analytics/context/market_context_analyzer.py;features/enrichers/market_context_enricher.py;pipeline/stages/prediction/orchestrator.py,Verify this reference is used through a registry/factory/pipeline path.
.claude\worktrees\reverent-gagarin-c7b5be\src\config\unified_config.yaml,class,MarketContextAnalyzer,FOUND_IN_SOURCE,analytics/context/market_context_analyzer.py;features/enrichers/market_context_enricher.py;pipeline/stages/prediction/orchestrator.py,Verify this reference is used through a registry/factory/pipeline path.
.claude\worktrees\reverent-gagarin-c7b5be\src\config\unified_config.yaml,name,market_phase_analyzer,FOUND_IN_SOURCE,analytics/context/market_phase_analyzer.py;features/enrichers/advanced_analytics_enricher.py,Verify this reference is used through a registry/factory/pipeline path.
.claude\worktrees\reverent-gagarin-c7b5be\src\config\unified_config.yaml,class,MarketPhaseAnalyzer,FOUND_IN_SOURCE,analytics/context/market_phase_analyzer.py;features/enrichers/advanced_analytics_enricher.py,Verify this reference is used through a registry/factory/pipeline path.
.claude\worktrees\reverent-gagarin-c7b5be\src\config\unified_config.yaml,name,prediction_adjuster,FOUND_IN_SOURCE,analytics/context/prediction_adjuster.py;pipeline/stages/prediction/orchestrator.py,Verify this reference is used through a registry/factory/pipeline path.
.claude\worktrees\reverent-gagarin-c7b5be\src\config\unified_config.yaml,class,PredictionAdjuster,FOUND_IN_SOURCE,analytics/context/prediction_adjuster.py;pipeline/stages/prediction/orchestrator.py,Verify this reference is used through a registry/factory/pipeline path.
.claude\worktrees\reverent-gagarin-c7b5be\src\config\unified_config.yaml,name,hedge_fund_style,POSSIBLY_MISSING,,Check if config references renamed/deleted component or if component is loaded dynamically.
.claude\worktrees\reverent-gagarin-c7b5be\src\config\unified_config.yaml,class,HedgeFundAnalyzer,FOUND_IN_SOURCE,analytics/analyzer_registry.py;dashboard/main_app.py;analytics/analyzers/hedge_fund_analyzer.py,Verify this reference is used through a registry/factory/pipeline path.
.claude\worktrees\reverent-gagarin-c7b5be\src\config\unified_config.yaml,name,adaptive_confidence,FOUND_IN_SOURCE,trading/consensus_engine.py;analytics/analyzers/adaptive_confidence_analyzer.py;archive/calibration/adaptive_confidence_calibrator.py;models/calibration/adaptive_confidence_calibrator.py;models/calibration/prediction_ledger.py;pipeline/stages/prediction/orchestrator.py,Verify this reference is used through a registry/factory/pipeline path.
.claude\worktrees\reverent-gagarin-c7b5be\src\config\unified_config.yaml,class,AdaptiveConfidenceAnalyzer,FOUND_IN_SOURCE,trading/consensus_engine.py;analytics/analyzers/adaptive_confidence_analyzer.py,Verify this reference is used through a registry/factory/pipeline path.
.claude\worktrees\reverent-gagarin-c7b5be\src\config\unified_config.yaml,name,causal_events,POSSIBLY_MISSING,,Check if config references renamed/deleted component or if component is loaded dynamically.
.claude\worktrees\reverent-gagarin-c7b5be\src\config\unified_config.yaml,class,CausalEventFinder,FOUND_IN_SOURCE,analytics/analyzer_registry.py;analytics/analyzers/causal_event_finder.py,Verify this reference is used through a registry/factory/pipeline path.
.claude\worktrees\reverent-gagarin-c7b5be\src\config\unified_config.yaml,name,knn_similarity,FOUND_IN_SOURCE,archive/dean_integration.py;analytics/analyzers/knn_similarity_finder.py;analytics/context/contextual_model_selector.py;archive/meta_learning/dean_trading_models.py;meta_learning/memory/knn_context_finder.py,Verify this reference is used through a registry/factory/pipeline path.
.claude\worktrees\reverent-gagarin-c7b5be\src\config\unified_config.yaml,class,KnnSimilarityFinder,FOUND_IN_SOURCE,archive/dean_integration.py;analytics/analyzers/knn_similarity_finder.py;analytics/context/contextual_model_selector.py;archive/meta_learning/dean_trading_models.py;meta_learning/memory/knn_context_finder.py,Verify this reference is used through a registry/factory/pipeline path.
.claude\worktrees\reverent-gagarin-c7b5be\src\config\unified_config.yaml,name,VIX,FOUND_IN_SOURCE,archive/features/context_aware_feature_selector.py;archive/model_selector_dead/dynamic_weight_selector.py;archive/model_selector_dead/enhanced_context_analyzer.py;data/collectors/vix_collector.py;data/management/data_manager.py;ensembling/ensemble/archive/adaptive_ensemble.py;features/enrichers/advanced_analytics_enricher.py;features/enrichers/context_map_enricher.py;features/enrichers/technical_analysis_enricher.py;meta_learning/evolution/dual_loops.py;meta_learning/awareness/context/manager.py;models/adapters/data_preparation.py;models/model_selector/smart_selector.py;pipeline/stages/collection/orchestrator.py;scripts/simulation/shadow_arena.py,Verify this reference is used through a registry/factory/pipeline path.
.claude\worktrees\reverent-gagarin-c7b5be\src\config\unified_config.yaml,name,yield_curve_slope,FOUND_IN_SOURCE,analytics/context/market_context_analyzer.py;features/enrichers/context_map_enricher.py;features/enrichers/market_context_enricher.py,Verify this reference is used through a registry/factory/pipeline path.
.claude\worktrees\reverent-gagarin-c7b5be\src\config\unified_config.yaml,name,fed_funds_rate,FOUND_IN_SOURCE,features/enrichers/macro_features_enricher.py,Verify this reference is used through a registry/factory/pipeline path.
.claude\worktrees\reverent-gagarin-c7b5be\src\config\unified_config.yaml,name,unemployment_rate,POSSIBLY_MISSING,,Check if config references renamed/deleted component or if component is loaded dynamically.
.claude\worktrees\reverent-gagarin-c7b5be\src\config\unified_config.yaml,name,cpi_inflation,POSSIBLY_MISSING,,Check if config references renamed/deleted component or if component is loaded dynamically.
.claude\worktrees\reverent-gagarin-c7b5be\src\config\unified_config.yaml,name,rolling_vol_10d,POSSIBLY_MISSING,,Check if config references renamed/deleted component or if component is loaded dynamically.
.claude\worktrees\reverent-gagarin-c7b5be\src\config\unified_config.yaml,class,VolatilityCalculator,FOUND_IN_SOURCE,analytics/analyzers/wrappers.py;analytics/calculators/risk_reward_calculator.py;analytics/calculators/volatility_calculator.py;features/enrichers/derived_features_enricher.py;features/enrichers/technical_analysis_enricher.py,Verify this reference is used through a registry/factory/pipeline path.
.claude\worktrees\reverent-gagarin-c7b5be\src\config\unified_config.yaml,name,calculate_rolling_volatility,FOUND_IN_SOURCE,analytics/analyzers/wrappers.py;analytics/calculators/volatility_calculator.py;features/enrichers/derived_features_enricher.py;features/enrichers/technical_analysis_enricher.py;metrics/utils/calculation_tools.py,Verify this reference is used through a registry/factory/pipeline path.
.claude\worktrees\reverent-gagarin-c7b5be\src\config\unified_config.yaml,name,max_drawdown_30d,POSSIBLY_MISSING,,Check if config references renamed/deleted component or if component is loaded dynamically.
.claude\worktrees\reverent-gagarin-c7b5be\src\config\unified_config.yaml,class,DrawdownCalculator,FOUND_IN_SOURCE,analytics/analyzers/hedge_fund_analyzer.py;analytics/analyzers/wrappers.py;analytics/calculators/drawdown_calculator.py;features/enrichers/technical_analysis_enricher.py,Verify this reference is used through a registry/factory/pipeline path.
.claude\worktrees\reverent-gagarin-c7b5be\src\config\unified_config.yaml,name,calculate_rolling_max_drawdown,POSSIBLY_MISSING,,Check if config references renamed/deleted component or if component is loaded dynamically.
.claude\worktrees\reverent-gagarin-c7b5be\src\config\unified_config.yaml,name,Stage_0_Setup,FOUND_IN_SOURCE,pipeline/stages/stage_0_setup.py,Verify this reference is used through a registry/factory/pipeline path.
.claude\worktrees\reverent-gagarin-c7b5be\src\config\unified_config.yaml,class_path,src.pipeline.stages.stage_0_setup.Stage0Setup,FOUND_IN_SOURCE,pipeline/stages/stage_0_setup.py,Verify this reference is used through a registry/factory/pipeline path.
.claude\worktrees\reverent-gagarin-c7b5be\src\config\unified_config.yaml,name,Stage_1_Collection,FOUND_IN_SOURCE,pipeline/stages/stage_1_collection.py,Verify this reference is used through a registry/factory/pipeline path.
.claude\worktrees\reverent-gagarin-c7b5be\src\config\unified_config.yaml,class_path,src.pipeline.stages.stage_1_collection.CollectionStage,FOUND_IN_SOURCE,pipeline/pipeline_orchestrator.py;main/modes/training_data_pipeline.py;pipeline/stages/stage_1_collection.py;pipeline/stages/collection/orchestrator.py;pipeline/stages/utils/collection_manager.py,Verify this reference is used through a registry/factory/pipeline path.
.claude\worktrees\reverent-gagarin-c7b5be\src\config\unified_config.yaml,name,Stage_2_Processing,FOUND_IN_SOURCE,pipeline/stages/stage_2_processing.py,Verify this reference is used through a registry/factory/pipeline path.
.claude\worktrees\reverent-gagarin-c7b5be\src\config\unified_config.yaml,class_path,src.pipeline.stages.stage_2_processing.ProcessingStage,FOUND_IN_SOURCE,pipeline/pipeline_orchestrator.py;validation/validators.py;pipeline/stages/stage_2_processing.py;pipeline/stages/feature_engineering/orchestrator.py;pipeline/stages/processing/orchestrator.py;pipeline/stages/processing/__init__.py,Verify this reference is used through a registry/factory/pipeline path.
.claude\worktrees\reverent-gagarin-c7b5be\src\config\unified_config.yaml,name,Stage_3_Feature_Engineering,FOUND_IN_SOURCE,pipeline/stages/stage_3_feature_engineering.py,Verify this reference is used through a registry/factory/pipeline path.
.claude\worktrees\reverent-gagarin-c7b5be\src\config\unified_config.yaml,class_path,src.pipeline.stages.stage_3_feature_engineering.FeatureEngineeringStage,FOUND_IN_SOURCE,pipeline/pipeline_orchestrator.py;features/validation/feature_leakage_guard.py;pipeline/stages/stage_3_feature_engineering.py;pipeline/stages/feature_engineering/orchestrator.py;pipeline/stages/feature_engineering/__init__.py,Verify this reference is used through a registry/factory/pipeline path.
.claude\worktrees\reverent-gagarin-c7b5be\src\config\unified_config.yaml,name,Stage_4_Modeling,FOUND_IN_SOURCE,pipeline/stages/stage_4_modeling.py,Verify this reference is used through a registry/factory/pipeline path.
.claude\worktrees\reverent-gagarin-c7b5be\src\config\unified_config.yaml,class_path,src.pipeline.stages.stage_4_modeling.ModelingStage,FOUND_IN_SOURCE,pipeline/pipeline_orchestrator.py;pipeline/stages/stage_4_modeling.py;pipeline/stages/modeling/orchestrator.py;pipeline/stages/modeling/utils.py,Verify this reference is used through a registry/factory/pipeline path.
.claude\worktrees\reverent-gagarin-c7b5be\src\config\unified_config.yaml,name,Stage_5_Prediction,FOUND_IN_SOURCE,pipeline/stages/stage_5_prediction.py,Verify this reference is used through a registry/factory/pipeline path.
.claude\worktrees\reverent-gagarin-c7b5be\src\config\unified_config.yaml,class_path,src.pipeline.stages.stage_5_prediction.PredictionStage,FOUND_IN_SOURCE,pipeline/stages/stage_5_prediction.py;pipeline/stages/prediction/anomaly_engine.py;pipeline/stages/prediction/model_resolver.py;pipeline/stages/prediction/orchestrator.py;pipeline/stages/prediction/prediction_generator.py,Verify this reference is used through a registry/factory/pipeline path.
.claude\worktrees\reverent-gagarin-c7b5be\src\config\unified_config.yaml,name,Stage_6_Trading_Execution,FOUND_IN_SOURCE,pipeline/stages/stage_6_trading_execution.py,Verify this reference is used through a registry/factory/pipeline path.
.claude\worktrees\reverent-gagarin-c7b5be\src\config\unified_config.yaml,class_path,src.pipeline.stages.stage_6_trading_execution.TradingExecutionStage,FOUND_IN_SOURCE,pipeline/stages/stage_6_trading_execution.py;pipeline/stages/trading/orchestrator.py,Verify this reference is used through a registry/factory/pipeline path.
.claude\worktrees\reverent-gagarin-c7b5be\src\config\unified_config.yaml,name,Stage_7_Evaluation,FOUND_IN_SOURCE,pipeline/stages/stage_7_evaluation.py,Verify this reference is used through a registry/factory/pipeline path.
.claude\worktrees\reverent-gagarin-c7b5be\src\config\unified_config.yaml,class_path,src.pipeline.stages.stage_7_evaluation.EvaluationStage,FOUND_IN_SOURCE,agents/pipeline_bridge.py;validation/validators.py;pipeline/stages/stage_7_evaluation.py;pipeline/stages/evaluation/orchestrator.py,Verify this reference is used through a registry/factory/pipeline path.
.github\workflows\build.yml,name,Build,FOUND_IN_SOURCE,agents/pipeline_bridge.py;analytics/meta_pattern_miner.py;features/news_dataset_builder.py;models/loader.py;monitoring/health_hub.py;monitoring/ml_analytics.py;simulation/simulation_engine.py;trading/adaptive_parameter_manager.py;trading/consensus_engine.py;trading/trading_orchestrator.py;analytics/analyzers/model_comparison_analyzer.py;analytics/calculators/econometrics_calculator.py;analytics/context/contextual_model_selector.py;analytics/context/market_phase_analyzer.py;archive/trading/signal_processor.py;archive/training/pattern_aware_training.py;archive/utils/missing_data_anomaly_detector.py;archive/pipeline/stages/prediction/result_builder.py;data/collectors/synthetic_generator.py;data/quality/news_price_availability_filter.py,Verify this reference is used through a registry/factory/pipeline path.
.github\workflows\build.yml,name,SonarQube,POSSIBLY_MISSING,,Check if config references renamed/deleted component or if component is loaded dynamically.
.github\workflows\ci.yml,name,Checkout,POSSIBLY_MISSING,,Check if config references renamed/deleted component or if component is loaded dynamically.
.github\workflows\ci.yml,name,Set,FOUND_IN_SOURCE,config/unified_config_manager.py;features/news_dataset_builder.py;monitoring/feature_drift_monitor.py;monitoring/health_hub.py;trading/adaptive_parameter_manager.py;training/adaptive_training_manager.py;training/progressive_trainer.py;training/unified_training_manager.py;analytics/calculators/fama_french_factors.py;analytics/signals/significance_detector.py;archive/reporting/visualization.py;colab/environment/setup.py;colab/models/model_factory.py;colab/models/sklearn_fallback.py;core/logging/log_standards.py;data/collectors/google_news_collector.py;data/collectors/yf_collector.py;data/management/asset_manager.py;data/validation/event_dataset_validator.py;features/builders/news_event_dataset_builder.py,Verify this reference is used through a registry/factory/pipeline path.
.github\workflows\ci.yml,name,Upgrade,POSSIBLY_MISSING,,Check if config references renamed/deleted component or if component is loaded dynamically.
.github\workflows\ci.yml,name,Install,FOUND_IN_SOURCE,monitoring/feature_drift_monitor.py;archive/calibration/calibration_engine.py;data/collectors/yf_collector.py;features/monitoring/feature_drift_detector.py;meta_learning/calibration/calibration_engine.py,Verify this reference is used through a registry/factory/pipeline path.
.github\workflows\ci.yml,name,Run,FOUND_IN_SOURCE,algorithms/risk_parity_allocator.py;analytics/unified_analytics_engine.py;cli/pipeline_executor.py;colab/__init__.py;dashboard/dashboard_data_bridge.py;dashboard/main_app.py;devtools/rule_generator.py;factories/tree_model_factory.py;features/feature_cache.py;features/feature_orchestrator.py;features/news_dataset_builder.py;features/news_impact_classifier.py;main/system_orchestrator.py;models/loader.py;models/model_pool.py;monitoring/config.py;monitoring/health_hub.py;monitoring/monitoring_system.py;pipeline/hybrid_orchestrator.py;pipeline/pipeline_orchestrator.py,Verify this reference is used through a registry/factory/pipeline path.
.github\workflows\ci.yml,name,Verify,POSSIBLY_MISSING,,Check if config references renamed/deleted component or if component is loaded dynamically.
.github\workflows\ci.yml,name,Upload,FOUND_IN_SOURCE,core/cloud/gcs_manager.py;pipeline/hybrid/storage_manager.py,Verify this reference is used through a registry/factory/pipeline path.
.github\workflows\ci.yml,name,coverage-report,POSSIBLY_MISSING,,Check if config references renamed/deleted component or if component is loaded dynamically.
.github\workflows\ci.yml,name,Download,FOUND_IN_SOURCE,sentiment/sentiment_models.py;analytics/calculators/fama_french_factors.py;core/cloud/gcs_manager.py;data/collectors/huggingface_collector.py;data/collectors/vix_collector.py;data/collectors/yf_collector.py,Verify this reference is used through a registry/factory/pipeline path.
audit_13_after_fixes.json,class_like_name,ModelFactory,FOUND_IN_SOURCE,factories/model_factory.py;factories/tree_model_factory.py;models/enhanced_factory.py;training/base_trainer.py;training/constants.py;training/light_model_trainer.py;training/unified_training_manager.py;archive/models/factory.py,Verify this reference is used through a registry/factory/pipeline path.
audit_engagement_report.json,class_like_name,DrawdownAnalyzer,FOUND_IN_SOURCE,analytics/analyzer_registry.py;analytics/analyzers/wrappers.py,Verify this reference is used through a registry/factory/pipeline path.
audit_engagement_report.json,class_like_name,FamaFrenchAnalyzer,FOUND_IN_SOURCE,analytics/analyzer_registry.py;analytics/analyzers/wrappers.py,Verify this reference is used through a registry/factory/pipeline path.
audit_engagement_report.json,class_like_name,VolatilityAnalyzer,FOUND_IN_SOURCE,analytics/analyzer_registry.py;analytics/analyzers/wrappers.py,Verify this reference is used through a registry/factory/pipeline path.
audit_engagement_report.json,class_like_name,LSTMModel,FOUND_IN_SOURCE,factories/model_factory.py;models/loader.py;archive/models/factory.py;colab/models/architectures.py;colab/models/model_factory.py;colab/models/torch_models.py;models/neural/lstm_model.py,Verify this reference is used through a registry/factory/pipeline path.
audit_engagement_report.json,class_like_name,GRUModel,FOUND_IN_SOURCE,factories/model_factory.py;models/loader.py;archive/models/factory.py;colab/models/architectures.py;colab/models/model_factory.py;colab/models/torch_models.py;models/neural/gru_model.py,Verify this reference is used through a registry/factory/pipeline path.
audit_engagement_report.json,class_like_name,CNNModel,FOUND_IN_SOURCE,factories/model_factory.py;models/loader.py;archive/models/factory.py;colab/models/architectures.py;colab/models/model_factory.py;colab/models/torch_models.py;models/neural/cnn_model.py,Verify this reference is used through a registry/factory/pipeline path.
audit_engagement_report.json,class_like_name,TransformerModel,FOUND_IN_SOURCE,factories/model_factory.py;models/loader.py;archive/models/factory.py;colab/models/architectures.py;colab/models/model_factory.py;colab/models/torch_models.py;models/neural/transformer_model.py,Verify this reference is used through a registry/factory/pipeline path.
audit_engagement_report.json,class_like_name,AutoencoderModel,FOUND_IN_SOURCE,factories/model_factory.py;models/loader.py;archive/models/factory.py;colab/models/architectures.py;colab/models/model_factory.py;colab/models/torch_models.py;models/neural/autoencoder_model.py,Verify this reference is used through a registry/factory/pipeline path.
audit_engagement_report.json,class_like_name,NewsGlobalEnricher,FOUND_IN_SOURCE,features/news_dataset_builder.py;features/builders/news_event_dataset_builder.py;features/builders/news_event/enricher.py,Verify this reference is used through a registry/factory/pipeline path.
audit_engagement_report.json,class_like_name,RegimeDetector,FOUND_IN_SOURCE,algorithms/__init__.py;trading/consensus_engine.py;analytics/context/market_regime_analyzer.py;analytics/detectors/regime_detector.py;features/enrichers/technical_analysis_enricher.py;models/analysis/regime_winner_analyzer.py;models/analysis/regime/detector.py;models/analysis/regime/__init__.py,Verify this reference is used through a registry/factory/pipeline path.
audit_engagement_report.json,class_like_name,ConcentrationAnalyzer,FOUND_IN_SOURCE,risk/max_exposure_monitor.py;risk/analyzers/concentration_analyzer.py,Verify this reference is used through a registry/factory/pipeline path.
audit_engagement_report.json,class_like_name,CorrelationAnalyzer,FOUND_IN_SOURCE,analytics/panic_correlation_analyzer.py;models/__init__.py;risk/max_exposure_monitor.py;models/ensemble/model_correlation_analyzer.py;models/ensemble/__init__.py;risk/analyzers/correlation_analyzer.py,Verify this reference is used through a registry/factory/pipeline path.
audit_engagement_report.json,class_like_name,ExposureCalculator,FOUND_IN_SOURCE,archive/risk/exposure_calculator.py,Verify this reference is used through a registry/factory/pipeline path.
audit_engagement_report.json,class_like_name,VaRCalculator,FOUND_IN_SOURCE,algorithms/adaptive_position_sizer.py;risk/analyzers/var_calculator.py,Verify this reference is used through a registry/factory/pipeline path.
audit_engagement_report.json,class_like_name,BaseNewsTargetCalculator,FOUND_IN_SOURCE,targets/calculators/base_news_target_calculator.py,Verify this reference is used through a registry/factory/pipeline path.
audit_engagement_report_final.json,class_like_name,DrawdownAnalyzer,FOUND_IN_SOURCE,analytics/analyzer_registry.py;analytics/analyzers/wrappers.py,Verify this reference is used through a registry/factory/pipeline path.
audit_engagement_report_final.json,class_like_name,FamaFrenchAnalyzer,FOUND_IN_SOURCE,analytics/analyzer_registry.py;analytics/analyzers/wrappers.py,Verify this reference is used through a registry/factory/pipeline path.
audit_engagement_report_final.json,class_like_name,VolatilityAnalyzer,FOUND_IN_SOURCE,analytics/analyzer_registry.py;analytics/analyzers/wrappers.py,Verify this reference is used through a registry/factory/pipeline path.
audit_engagement_report_final.json,class_like_name,LSTMModel,FOUND_IN_SOURCE,factories/model_factory.py;models/loader.py;archive/models/factory.py;colab/models/architectures.py;colab/models/model_factory.py;colab/models/torch_models.py;models/neural/lstm_model.py,Verify this reference is used through a registry/factory/pipeline path.
audit_engagement_report_final.json,class_like_name,GRUModel,FOUND_IN_SOURCE,factories/model_factory.py;models/loader.py;archive/models/factory.py;colab/models/architectures.py;colab/models/model_factory.py;colab/models/torch_models.py;models/neural/gru_model.py,Verify this reference is used through a registry/factory/pipeline path.
audit_engagement_report_final.json,class_like_name,CNNModel,FOUND_IN_SOURCE,factories/model_factory.py;models/loader.py;archive/models/factory.py;colab/models/architectures.py;colab/models/model_factory.py;colab/models/torch_models.py;models/neural/cnn_model.py,Verify this reference is used through a registry/factory/pipeline path.
audit_engagement_report_final.json,class_like_name,TransformerModel,FOUND_IN_SOURCE,factories/model_factory.py;models/loader.py;archive/models/factory.py;colab/models/architectures.py;colab/models/model_factory.py;colab/models/torch_models.py;models/neural/transformer_model.py,Verify this reference is used through a registry/factory/pipeline path.
audit_engagement_report_final.json,class_like_name,AutoencoderModel,FOUND_IN_SOURCE,factories/model_factory.py;models/loader.py;archive/models/factory.py;colab/models/architectures.py;colab/models/model_factory.py;colab/models/torch_models.py;models/neural/autoencoder_model.py,Verify this reference is used through a registry/factory/pipeline path.
audit_engagement_report_final.json,class_like_name,NewsGlobalEnricher,FOUND_IN_SOURCE,features/news_dataset_builder.py;features/builders/news_event_dataset_builder.py;features/builders/news_event/enricher.py,Verify this reference is used through a registry/factory/pipeline path.
audit_engagement_report_final.json,class_like_name,RegimeDetector,FOUND_IN_SOURCE,algorithms/__init__.py;trading/consensus_engine.py;analytics/context/market_regime_analyzer.py;analytics/detectors/regime_detector.py;features/enrichers/technical_analysis_enricher.py;models/analysis/regime_winner_analyzer.py;models/analysis/regime/detector.py;models/analysis/regime/__init__.py,Verify this reference is used through a registry/factory/pipeline path.
audit_engagement_report_final.json,class_like_name,ConcentrationAnalyzer,FOUND_IN_SOURCE,risk/max_exposure_monitor.py;risk/analyzers/concentration_analyzer.py,Verify this reference is used through a registry/factory/pipeline path.
audit_engagement_report_final.json,class_like_name,CorrelationAnalyzer,FOUND_IN_SOURCE,analytics/panic_correlation_analyzer.py;models/__init__.py;risk/max_exposure_monitor.py;models/ensemble/model_correlation_analyzer.py;models/ensemble/__init__.py;risk/analyzers/correlation_analyzer.py,Verify this reference is used through a registry/factory/pipeline path.
audit_engagement_report_final.json,class_like_name,ExposureCalculator,FOUND_IN_SOURCE,archive/risk/exposure_calculator.py,Verify this reference is used through a registry/factory/pipeline path.
audit_engagement_report_final.json,class_like_name,VaRCalculator,FOUND_IN_SOURCE,algorithms/adaptive_position_sizer.py;risk/analyzers/var_calculator.py,Verify this reference is used through a registry/factory/pipeline path.
audit_engagement_report_final.json,class_like_name,BaseNewsTargetCalculator,FOUND_IN_SOURCE,targets/calculators/base_news_target_calculator.py,Verify this reference is used through a registry/factory/pipeline path.
audit_engagement_report_new.json,class_like_name,DrawdownAnalyzer,FOUND_IN_SOURCE,analytics/analyzer_registry.py;analytics/analyzers/wrappers.py,Verify this reference is used through a registry/factory/pipeline path.
audit_engagement_report_new.json,class_like_name,FamaFrenchAnalyzer,FOUND_IN_SOURCE,analytics/analyzer_registry.py;analytics/analyzers/wrappers.py,Verify this reference is used through a registry/factory/pipeline path.
audit_engagement_report_new.json,class_like_name,VolatilityAnalyzer,FOUND_IN_SOURCE,analytics/analyzer_registry.py;analytics/analyzers/wrappers.py,Verify this reference is used through a registry/factory/pipeline path.
audit_engagement_report_new.json,class_like_name,LSTMModel,FOUND_IN_SOURCE,factories/model_factory.py;models/loader.py;archive/models/factory.py;colab/models/architectures.py;colab/models/model_factory.py;colab/models/torch_models.py;models/neural/lstm_model.py,Verify this reference is used through a registry/factory/pipeline path.
audit_engagement_report_new.json,class_like_name,GRUModel,FOUND_IN_SOURCE,factories/model_factory.py;models/loader.py;archive/models/factory.py;colab/models/architectures.py;colab/models/model_factory.py;colab/models/torch_models.py;models/neural/gru_model.py,Verify this reference is used through a registry/factory/pipeline path.
audit_engagement_report_new.json,class_like_name,CNNModel,FOUND_IN_SOURCE,factories/model_factory.py;models/loader.py;archive/models/factory.py;colab/models/architectures.py;colab/models/model_factory.py;colab/models/torch_models.py;models/neural/cnn_model.py,Verify this reference is used through a registry/factory/pipeline path.
audit_engagement_report_new.json,class_like_name,TransformerModel,FOUND_IN_SOURCE,factories/model_factory.py;models/loader.py;archive/models/factory.py;colab/models/architectures.py;colab/models/model_factory.py;colab/models/torch_models.py;models/neural/transformer_model.py,Verify this reference is used through a registry/factory/pipeline path.
audit_engagement_report_new.json,class_like_name,AutoencoderModel,FOUND_IN_SOURCE,factories/model_factory.py;models/loader.py;archive/models/factory.py;colab/models/architectures.py;colab/models/model_factory.py;colab/models/torch_models.py;models/neural/autoencoder_model.py,Verify this reference is used through a registry/factory/pipeline path.
audit_engagement_report_new.json,class_like_name,NewsGlobalEnricher,FOUND_IN_SOURCE,features/news_dataset_builder.py;features/builders/news_event_dataset_builder.py;features/builders/news_event/enricher.py,Verify this reference is used through a registry/factory/pipeline path.
audit_engagement_report_new.json,class_like_name,RegimeDetector,FOUND_IN_SOURCE,algorithms/__init__.py;trading/consensus_engine.py;analytics/context/market_regime_analyzer.py;analytics/detectors/regime_detector.py;features/enrichers/technical_analysis_enricher.py;models/analysis/regime_winner_analyzer.py;models/analysis/regime/detector.py;models/analysis/regime/__init__.py,Verify this reference is used through a registry/factory/pipeline path.
audit_engagement_report_new.json,class_like_name,ConcentrationAnalyzer,FOUND_IN_SOURCE,risk/max_exposure_monitor.py;risk/analyzers/concentration_analyzer.py,Verify this reference is used through a registry/factory/pipeline path.
audit_engagement_report_new.json,class_like_name,CorrelationAnalyzer,FOUND_IN_SOURCE,analytics/panic_correlation_analyzer.py;models/__init__.py;risk/max_exposure_monitor.py;models/ensemble/model_correlation_analyzer.py;models/ensemble/__init__.py;risk/analyzers/correlation_analyzer.py,Verify this reference is used through a registry/factory/pipeline path.
audit_engagement_report_new.json,class_like_name,ExposureCalculator,FOUND_IN_SOURCE,archive/risk/exposure_calculator.py,Verify this reference is used through a registry/factory/pipeline path.
audit_engagement_report_new.json,class_like_name,VaRCalculator,FOUND_IN_SOURCE,algorithms/adaptive_position_sizer.py;risk/analyzers/var_calculator.py,Verify this reference is used through a registry/factory/pipeline path.
audit_engagement_report_new.json,class_like_name,BaseNewsTargetCalculator,FOUND_IN_SOURCE,targets/calculators/base_news_target_calculator.py,Verify this reference is used through a registry/factory/pipeline path.
audit_engagement_report_post_fix.json,class_like_name,DrawdownAnalyzer,FOUND_IN_SOURCE,analytics/analyzer_registry.py;analytics/analyzers/wrappers.py,Verify this reference is used through a registry/factory/pipeline path.
audit_engagement_report_post_fix.json,class_like_name,FamaFrenchAnalyzer,FOUND_IN_SOURCE,analytics/analyzer_registry.py;analytics/analyzers/wrappers.py,Verify this reference is used through a registry/factory/pipeline path.
audit_engagement_report_post_fix.json,class_like_name,VolatilityAnalyzer,FOUND_IN_SOURCE,analytics/analyzer_registry.py;analytics/analyzers/wrappers.py,Verify this reference is used through a registry/factory/pipeline path.
audit_engagement_report_post_fix.json,class_like_name,LSTMModel,FOUND_IN_SOURCE,factories/model_factory.py;models/loader.py;archive/models/factory.py;colab/models/architectures.py;colab/models/model_factory.py;colab/models/torch_models.py;models/neural/lstm_model.py,Verify this reference is used through a registry/factory/pipeline path.
audit_engagement_report_post_fix.json,class_like_name,GRUModel,FOUND_IN_SOURCE,factories/model_factory.py;models/loader.py;archive/models/factory.py;colab/models/architectures.py;colab/models/model_factory.py;colab/models/torch_models.py;models/neural/gru_model.py,Verify this reference is used through a registry/factory/pipeline path.
audit_engagement_report_post_fix.json,class_like_name,CNNModel,FOUND_IN_SOURCE,factories/model_factory.py;models/loader.py;archive/models/factory.py;colab/models/architectures.py;colab/models/model_factory.py;colab/models/torch_models.py;models/neural/cnn_model.py,Verify this reference is used through a registry/factory/pipeline path.
audit_engagement_report_post_fix.json,class_like_name,TransformerModel,FOUND_IN_SOURCE,factories/model_factory.py;models/loader.py;archive/models/factory.py;colab/models/architectures.py;colab/models/model_factory.py;colab/models/torch_models.py;models/neural/transformer_model.py,Verify this reference is used through a registry/factory/pipeline path.
audit_engagement_report_post_fix.json,class_like_name,AutoencoderModel,FOUND_IN_SOURCE,factories/model_factory.py;models/loader.py;archive/models/factory.py;colab/models/architectures.py;colab/models/model_factory.py;colab/models/torch_models.py;models/neural/autoencoder_model.py,Verify this reference is used through a registry/factory/pipeline path.
audit_engagement_report_post_fix.json,class_like_name,NewsGlobalEnricher,FOUND_IN_SOURCE,features/news_dataset_builder.py;features/builders/news_event_dataset_builder.py;features/builders/news_event/enricher.py,Verify this reference is used through a registry/factory/pipeline path.
audit_engagement_report_post_fix.json,class_like_name,RegimeDetector,FOUND_IN_SOURCE,algorithms/__init__.py;trading/consensus_engine.py;analytics/context/market_regime_analyzer.py;analytics/detectors/regime_detector.py;features/enrichers/technical_analysis_enricher.py;models/analysis/regime_winner_analyzer.py;models/analysis/regime/detector.py;models/analysis/regime/__init__.py,Verify this reference is used through a registry/factory/pipeline path.
audit_engagement_report_post_fix.json,class_like_name,ConcentrationAnalyzer,FOUND_IN_SOURCE,risk/max_exposure_monitor.py;risk/analyzers/concentration_analyzer.py,Verify this reference is used through a registry/factory/pipeline path.
audit_engagement_report_post_fix.json,class_like_name,CorrelationAnalyzer,FOUND_IN_SOURCE,analytics/panic_correlation_analyzer.py;models/__init__.py;risk/max_exposure_monitor.py;models/ensemble/model_correlation_analyzer.py;models/ensemble/__init__.py;risk/analyzers/correlation_analyzer.py,Verify this reference is used through a registry/factory/pipeline path.
audit_engagement_report_post_fix.json,class_like_name,ExposureCalculator,FOUND_IN_SOURCE,archive/risk/exposure_calculator.py,Verify this reference is used through a registry/factory/pipeline path.
audit_engagement_report_post_fix.json,class_like_name,VaRCalculator,FOUND_IN_SOURCE,algorithms/adaptive_position_sizer.py;risk/analyzers/var_calculator.py,Verify this reference is used through a registry/factory/pipeline path.
audit_engagement_report_post_fix.json,class_like_name,BaseNewsTargetCalculator,FOUND_IN_SOURCE,targets/calculators/base_news_target_calculator.py,Verify this reference is used through a registry/factory/pipeline path.
audit_final.json,class_like_name,ModelFactory,FOUND_IN_SOURCE,factories/model_factory.py;factories/tree_model_factory.py;models/enhanced_factory.py;training/base_trainer.py;training/constants.py;training/light_model_trainer.py;training/unified_training_manager.py;archive/models/factory.py,Verify this reference is used through a registry/factory/pipeline path.
audit_final_check.json,class_like_name,ModelFactory,FOUND_IN_SOURCE,factories/model_factory.py;factories/tree_model_factory.py;models/enhanced_factory.py;training/base_trainer.py;training/constants.py;training/light_model_trainer.py;training/unified_training_manager.py;archive/models/factory.py,Verify this reference is used through a registry/factory/pipeline path.
audit_logic_report.json,class_like_name,ModelFactory,FOUND_IN_SOURCE,factories/model_factory.py;factories/tree_model_factory.py;models/enhanced_factory.py;training/base_trainer.py;training/constants.py;training/light_model_trainer.py;training/unified_training_manager.py;archive/models/factory.py,Verify this reference is used through a registry/factory/pipeline path.
audit_logic_report_final.json,class_like_name,ModelFactory,FOUND_IN_SOURCE,factories/model_factory.py;factories/tree_model_factory.py;models/enhanced_factory.py;training/base_trainer.py;training/constants.py;training/light_model_trainer.py;training/unified_training_manager.py;archive/models/factory.py,Verify this reference is used through a registry/factory/pipeline path.
audit_logic_report_final.json,class_like_name,HttpClientFactory,FOUND_IN_SOURCE,pipeline/pipeline_factory.py;pipeline/pipeline_orchestrator.py;utils/rate_limiter.py;core/clients/http_client_factory.py;data/collectors/aaii_sentiment_collector.py;data/collectors/alternative_me_collector.py;data/collectors/base_collector.py;data/collectors/cftc_collector.py;data/collectors/collector_factory.py;data/collectors/economic_calendar_collector.py;data/collectors/fear_greed_collector.py;data/collectors/fred_collector.py;data/collectors/google_news_collector.py;data/collectors/huggingface_collector.py;data/collectors/insider_collector.py;data/collectors/market_data_collector.py;data/collectors/newsapi_collector.py;data/collectors/put_call_ratio_collector.py;data/collectors/reddit_sentiment_collector.py;data/collectors/rss_collector.py,Verify this reference is used through a registry/factory/pipeline path.
audit_logic_report_final.json,class_like_name,ImportanceStabilityAnalyzer,FOUND_IN_SOURCE,features/analysis/importance_stability_analyzer.py;features/analysis/regime_importance_tracker.py,Verify this reference is used through a registry/factory/pipeline path.
audit_logic_report_final.json,class_like_name,MacroScoreCalculator,FOUND_IN_SOURCE,analytics/calculators/macro_score_calculator.py;analytics/context/macro_context_analyzer.py;features/enrichers/advanced_analytics_enricher.py;features/enrichers/technical_analysis_enricher.py,Verify this reference is used through a registry/factory/pipeline path.
audit_logic_report_final.json,class_like_name,TransformerModel,FOUND_IN_SOURCE,factories/model_factory.py;models/loader.py;archive/models/factory.py;colab/models/architectures.py;colab/models/model_factory.py;colab/models/torch_models.py;models/neural/transformer_model.py,Verify this reference is used through a registry/factory/pipeline path.
audit_logic_report_final.json,class_like_name,CorrelationAnalyzer,FOUND_IN_SOURCE,analytics/panic_correlation_analyzer.py;models/__init__.py;risk/max_exposure_monitor.py;models/ensemble/model_correlation_analyzer.py;models/ensemble/__init__.py;risk/analyzers/correlation_analyzer.py,Verify this reference is used through a registry/factory/pipeline path.
audit_logic_report_final.json,class_like_name,PortfolioMetricsCalculator,FOUND_IN_SOURCE,metrics/calculator.py;trading/virtual_portfolio.py;analytics/calculators/drawdown_calculator.py;metrics/financial/portfolio_metrics.py;pipeline/stages/evaluation/metrics_calculator.py,Verify this reference is used through a registry/factory/pipeline path.
audit_logic_report_final.json,class_like_name,FeatureLeakageGuard,FOUND_IN_SOURCE,features/validation/feature_leakage_guard.py;features/validation/__init__.py;pipeline/hybrid/colab_manager.py,Verify this reference is used through a registry/factory/pipeline path.
audit_logic_report_final.json,name,1.0,FOUND_IN_SOURCE,agents/pipeline_bridge.py;algorithms/adaptive_position_sizer.py;algorithms/metrics_mixin.py;algorithms/risk_parity_allocator.py;algorithms/transaction_cost_model.py;analytics/meta_pattern_miner.py;analytics/panic_correlation_analyzer.py;analytics/unified_analytics_engine.py;archive/dean_integration.py;archive/financial_metrics.py;archive/legacy_smart_trader.py;archive/online_model_integration.py;archive/portfolio_optimizer.py;cli/argument_parser.py;cli/batch_manager.py;cli/pipeline_executor.py;core/base_integration.py;core/version_checker.py;dashboard/dashboard_data_bridge.py;dashboard/main_app.py,Verify this reference is used through a registry/factory/pipeline path.
audit_logic_report_final.json,model,KnnModelWrapper,FOUND_IN_SOURCE,analytics/analyzers/knn_similarity_finder.py;analytics/utils/knn_model_wrapper.py,Verify this reference is used through a registry/factory/pipeline path.
audit_logic_report_final.json,calculator,FamaFrenchFactors,FOUND_IN_SOURCE,dashboard/main_app.py;analytics/analyzers/hedge_fund_analyzer.py;analytics/analyzers/wrappers.py;analytics/calculators/fama_french_factors.py;features/enrichers/technical_analysis_enricher.py,Verify this reference is used through a registry/factory/pipeline path.
audit_logic_report_final.json,name,record.get,FOUND_IN_SOURCE,agents/pipeline_bridge.py;algorithms/adaptive_position_sizer.py;algorithms/metrics_mixin.py;algorithms/risk_parity_allocator.py;algorithms/transaction_cost_model.py;analytics/analyzer_registry.py;analytics/meta_pattern_miner.py;analytics/panic_correlation_analyzer.py;analytics/unified_analytics_engine.py;archive/dean_integration.py;archive/financial_metrics.py;archive/legacy_smart_trader.py;archive/online_model_integration.py;archive/portfolio_optimizer.py;cli/argument_parser.py;cli/argument_validator.py;cli/batch_manager.py;cli/pipeline_data_loader.py;cli/pipeline_executor.py;colab/__init__.py,Verify this reference is used through a registry/factory/pipeline path.
audit_logic_report_final.json,name,name,FOUND_IN_SOURCE,agents/pipeline_bridge.py;algorithms/metrics_mixin.py;algorithms/risk_parity_allocator.py;analytics/analyzer_registry.py;analytics/meta_pattern_miner.py;analytics/panic_correlation_analyzer.py;analytics/unified_analytics_engine.py;archive/dean_integration.py;archive/online_model_integration.py;archive/portfolio_optimizer.py;cli/argument_parser.py;cli/argument_validator.py;cli/batch_manager.py;cli/pipeline_data_loader.py;cli/pipeline_executor.py;colab/__init__.py;config/target_type_registry.py;config/unified_config_manager.py;core/base_integration.py;core/version_checker.py,Verify this reference is used through a registry/factory/pipeline path.
audit_logic_report_final.json,model,RandomForestRegressor,FOUND_IN_SOURCE,archive/portfolio_optimizer.py;analytics/context/causal_effect_methods.py;archive/calibration/calibration_engine.py;archive/features/context_aware_feature_selector.py;archive/meta_learning/dean_trading_models.py;archive/models_dead/neural_network_model.py;archive/training/pattern_aware_training.py;colab/models/model_factory.py;colab/models/sklearn_fallback.py;colab/models/torch_models.py;devtools/experimentation/run_hyperparameter_tuning.py;features/selection/smart_selector.py;features/selection/volatility_driver_selector.py;meta_learning/calibration/calibration_engine.py;models/model_selector/smart_selector.py;models/neural/transformer_model.py;models/tree/random_forest_model.py;models/analysis/baselines/models.py,Verify this reference is used through a registry/factory/pipeline path.
audit_logic_report_final.json,class,_import_model_class,FOUND_IN_SOURCE,ensembling/ensemble/ensemble_model.py,Verify this reference is used through a registry/factory/pipeline path.
audit_logic_report_final.json,calculator,MacroScoreCalculator,FOUND_IN_SOURCE,analytics/calculators/macro_score_calculator.py;analytics/context/macro_context_analyzer.py;features/enrichers/advanced_analytics_enricher.py;features/enrichers/technical_analysis_enricher.py,Verify this reference is used through a registry/factory/pipeline path.
audit_logic_report_final.json,model,SentenceTransformer,FOUND_IN_SOURCE,features/news_clusterer.py;archive/models_dead/knowledge_ingestor.py,Verify this reference is used through a registry/factory/pipeline path.
audit_logic_report_final.json,model,AutoModelForSequenceClassification.from_pretrained,FOUND_IN_SOURCE,sentiment/sentiment_models.py;features/enrichers/finbert_sentiment.py;features/nlp/models/finbert_pipeline.py;features/nlp/models/roberta_sentiment.py;features/nlp/models/sentiment_core.py,Verify this reference is used through a registry/factory/pipeline path.
audit_logic_report_final.json,model_name,record.get,FOUND_IN_SOURCE,agents/pipeline_bridge.py;algorithms/adaptive_position_sizer.py;algorithms/metrics_mixin.py;algorithms/risk_parity_allocator.py;algorithms/transaction_cost_model.py;analytics/analyzer_registry.py;analytics/meta_pattern_miner.py;analytics/panic_correlation_analyzer.py;analytics/unified_analytics_engine.py;archive/dean_integration.py;archive/financial_metrics.py;archive/legacy_smart_trader.py;archive/online_model_integration.py;archive/portfolio_optimizer.py;cli/argument_parser.py;cli/argument_validator.py;cli/batch_manager.py;cli/pipeline_data_loader.py;cli/pipeline_executor.py;colab/__init__.py,Verify this reference is used through a registry/factory/pipeline path.
audit_logic_report_final.json,model_name,record,FOUND_IN_SOURCE,agents/pipeline_bridge.py;analytics/meta_pattern_miner.py;analytics/unified_analytics_engine.py;archive/legacy_smart_trader.py;cli/pipeline_executor.py;dashboard/dashboard_data_bridge.py;monitoring/ml_analytics.py;monitoring/monitoring_system.py;processing/cleaners.py;trading/live_adaptive_ensemble.py;trading/trading_orchestrator.py;trading/virtual_portfolio.py;training/base_trainer.py;utils/json_utils.py;agents/archive/veto_system.py;agents/modular_pipeline/base_lens.py;agents/tools/eia_tool.py;agents/tools/gdelt_tool.py;analytics/analyzers/model_comparison_analyzer.py;analytics/arena/arena_orchestrator.py,Verify this reference is used through a registry/factory/pipeline path.
audit_logic_report_final.json,model,max,FOUND_IN_SOURCE,agents/pipeline_bridge.py;algorithms/adaptive_position_sizer.py;algorithms/metrics_mixin.py;algorithms/risk_parity_allocator.py;algorithms/transaction_cost_model.py;analytics/unified_analytics_engine.py;archive/dean_integration.py;archive/financial_metrics.py;archive/online_model_integration.py;archive/portfolio_optimizer.py;cli/argument_parser.py;cli/argument_validator.py;cli/batch_manager.py;cli/pipeline_executor.py;core/base_integration.py;core/version_checker.py;dashboard/dashboard_data_bridge.py;dashboard/main_app.py;ensembling/base_ensemble.py;ensembling/caching.py,Verify this reference is used through a registry/factory/pipeline path.
audit_logic_report_final.json,model,TransformerModel,FOUND_IN_SOURCE,factories/model_factory.py;models/loader.py;archive/models/factory.py;colab/models/architectures.py;colab/models/model_factory.py;colab/models/torch_models.py;models/neural/transformer_model.py,Verify this reference is used through a registry/factory/pipeline path.
audit_logic_report_final.json,model,IsolationForest,FOUND_IN_SOURCE,monitoring/ml_analytics.py;analytics/detectors/anomaly_detector.py;pipeline/stages/prediction/anomaly_engine.py,Verify this reference is used through a registry/factory/pipeline path.
audit_logic_report_final.json,name,batch_name,FOUND_IN_SOURCE,cli/argument_validator.py;cli/batch_manager.py;cli/pipeline_executor.py;config/unified_config_manager.py;main/system_orchestrator.py;pipeline/hybrid_orchestrator.py;archive/calibration/calibration_engine.py;archive/models_dead/enhanced_ensemble.py;archive/pipeline/stages/prediction/result_builder.py;colab/config/config_loader.py;colab/environment/colab_environment.py;colab/environment/setup.py;meta_learning/calibration/calibration_engine.py;pipeline/hybrid/cache_manager.py;pipeline/hybrid/colab_manager.py;pipeline/hybrid/colab_workflow_manager.py;pipeline/hybrid/component_factory.py;pipeline/hybrid/contracts.py;pipeline/hybrid/data_batch_manager.py;pipeline/hybrid/data_cache_manager.py,Verify this reference is used through a registry/factory/pipeline path.
audit_logic_report_final.json,calculator,PortfolioMetricsCalculator,FOUND_IN_SOURCE,metrics/calculator.py;trading/virtual_portfolio.py;analytics/calculators/drawdown_calculator.py;metrics/financial/portfolio_metrics.py;pipeline/stages/evaluation/metrics_calculator.py,Verify this reference is used through a registry/factory/pipeline path.
audit_logic_report_new.json,class_like_name,ModelFactory,FOUND_IN_SOURCE,factories/model_factory.py;factories/tree_model_factory.py;models/enhanced_factory.py;training/base_trainer.py;training/constants.py;training/light_model_trainer.py;training/unified_training_manager.py;archive/models/factory.py,Verify this reference is used through a registry/factory/pipeline path.
audit_logic_report_new.json,class_like_name,HttpClientFactory,FOUND_IN_SOURCE,pipeline/pipeline_factory.py;pipeline/pipeline_orchestrator.py;utils/rate_limiter.py;core/clients/http_client_factory.py;data/collectors/aaii_sentiment_collector.py;data/collectors/alternative_me_collector.py;data/collectors/base_collector.py;data/collectors/cftc_collector.py;data/collectors/collector_factory.py;data/collectors/economic_calendar_collector.py;data/collectors/fear_greed_collector.py;data/collectors/fred_collector.py;data/collectors/google_news_collector.py;data/collectors/huggingface_collector.py;data/collectors/insider_collector.py;data/collectors/market_data_collector.py;data/collectors/newsapi_collector.py;data/collectors/put_call_ratio_collector.py;data/collectors/reddit_sentiment_collector.py;data/collectors/rss_collector.py,Verify this reference is used through a registry/factory/pipeline path.
audit_logic_report_new.json,class_like_name,ImportanceStabilityAnalyzer,FOUND_IN_SOURCE,features/analysis/importance_stability_analyzer.py;features/analysis/regime_importance_tracker.py,Verify this reference is used through a registry/factory/pipeline path.
audit_logic_report_new.json,class_like_name,MacroScoreCalculator,FOUND_IN_SOURCE,analytics/calculators/macro_score_calculator.py;analytics/context/macro_context_analyzer.py;features/enrichers/advanced_analytics_enricher.py;features/enrichers/technical_analysis_enricher.py,Verify this reference is used through a registry/factory/pipeline path.
audit_logic_report_new.json,class_like_name,TransformerModel,FOUND_IN_SOURCE,factories/model_factory.py;models/loader.py;archive/models/factory.py;colab/models/architectures.py;colab/models/model_factory.py;colab/models/torch_models.py;models/neural/transformer_model.py,Verify this reference is used through a registry/factory/pipeline path.
audit_logic_report_new.json,class_like_name,CorrelationAnalyzer,FOUND_IN_SOURCE,analytics/panic_correlation_analyzer.py;models/__init__.py;risk/max_exposure_monitor.py;models/ensemble/model_correlation_analyzer.py;models/ensemble/__init__.py;risk/analyzers/correlation_analyzer.py,Verify this reference is used through a registry/factory/pipeline path.
audit_logic_report_new.json,class_like_name,PortfolioMetricsCalculator,FOUND_IN_SOURCE,metrics/calculator.py;trading/virtual_portfolio.py;analytics/calculators/drawdown_calculator.py;metrics/financial/portfolio_metrics.py;pipeline/stages/evaluation/metrics_calculator.py,Verify this reference is used through a registry/factory/pipeline path.
audit_logic_report_new.json,class_like_name,FeatureLeakageGuard,FOUND_IN_SOURCE,features/validation/feature_leakage_guard.py;features/validation/__init__.py;pipeline/hybrid/colab_manager.py,Verify this reference is used through a registry/factory/pipeline path.
audit_logic_report_new.json,name,1.0,FOUND_IN_SOURCE,agents/pipeline_bridge.py;algorithms/adaptive_position_sizer.py;algorithms/metrics_mixin.py;algorithms/risk_parity_allocator.py;algorithms/transaction_cost_model.py;analytics/meta_pattern_miner.py;analytics/panic_correlation_analyzer.py;analytics/unified_analytics_engine.py;archive/dean_integration.py;archive/financial_metrics.py;archive/legacy_smart_trader.py;archive/online_model_integration.py;archive/portfolio_optimizer.py;cli/argument_parser.py;cli/batch_manager.py;cli/pipeline_executor.py;core/base_integration.py;core/version_checker.py;dashboard/dashboard_data_bridge.py;dashboard/main_app.py,Verify this reference is used through a registry/factory/pipeline path.
audit_logic_report_new.json,model,KnnModelWrapper,FOUND_IN_SOURCE,analytics/analyzers/knn_similarity_finder.py;analytics/utils/knn_model_wrapper.py,Verify this reference is used through a registry/factory/pipeline path.
audit_logic_report_new.json,calculator,FamaFrenchFactors,FOUND_IN_SOURCE,dashboard/main_app.py;analytics/analyzers/hedge_fund_analyzer.py;analytics/analyzers/wrappers.py;analytics/calculators/fama_french_factors.py;features/enrichers/technical_analysis_enricher.py,Verify this reference is used through a registry/factory/pipeline path.
audit_logic_report_new.json,name,record.get,FOUND_IN_SOURCE,agents/pipeline_bridge.py;algorithms/adaptive_position_sizer.py;algorithms/metrics_mixin.py;algorithms/risk_parity_allocator.py;algorithms/transaction_cost_model.py;analytics/analyzer_registry.py;analytics/meta_pattern_miner.py;analytics/panic_correlation_analyzer.py;analytics/unified_analytics_engine.py;archive/dean_integration.py;archive/financial_metrics.py;archive/legacy_smart_trader.py;archive/online_model_integration.py;archive/portfolio_optimizer.py;cli/argument_parser.py;cli/argument_validator.py;cli/batch_manager.py;cli/pipeline_data_loader.py;cli/pipeline_executor.py;colab/__init__.py,Verify this reference is used through a registry/factory/pipeline path.
audit_logic_report_new.json,name,name,FOUND_IN_SOURCE,agents/pipeline_bridge.py;algorithms/metrics_mixin.py;algorithms/risk_parity_allocator.py;analytics/analyzer_registry.py;analytics/meta_pattern_miner.py;analytics/panic_correlation_analyzer.py;analytics/unified_analytics_engine.py;archive/dean_integration.py;archive/online_model_integration.py;archive/portfolio_optimizer.py;cli/argument_parser.py;cli/argument_validator.py;cli/batch_manager.py;cli/pipeline_data_loader.py;cli/pipeline_executor.py;colab/__init__.py;config/target_type_registry.py;config/unified_config_manager.py;core/base_integration.py;core/version_checker.py,Verify this reference is used through a registry/factory/pipeline path.
audit_logic_report_new.json,model,RandomForestRegressor,FOUND_IN_SOURCE,archive/portfolio_optimizer.py;analytics/context/causal_effect_methods.py;archive/calibration/calibration_engine.py;archive/features/context_aware_feature_selector.py;archive/meta_learning/dean_trading_models.py;archive/models_dead/neural_network_model.py;archive/training/pattern_aware_training.py;colab/models/model_factory.py;colab/models/sklearn_fallback.py;colab/models/torch_models.py;devtools/experimentation/run_hyperparameter_tuning.py;features/selection/smart_selector.py;features/selection/volatility_driver_selector.py;meta_learning/calibration/calibration_engine.py;models/model_selector/smart_selector.py;models/neural/transformer_model.py;models/tree/random_forest_model.py;models/analysis/baselines/models.py,Verify this reference is used through a registry/factory/pipeline path.
audit_logic_report_new.json,class,_import_model_class,FOUND_IN_SOURCE,ensembling/ensemble/ensemble_model.py,Verify this reference is used through a registry/factory/pipeline path.
audit_logic_report_new.json,calculator,MacroScoreCalculator,FOUND_IN_SOURCE,analytics/calculators/macro_score_calculator.py;analytics/context/macro_context_analyzer.py;features/enrichers/advanced_analytics_enricher.py;features/enrichers/technical_analysis_enricher.py,Verify this reference is used through a registry/factory/pipeline path.
audit_logic_report_new.json,model,SentenceTransformer,FOUND_IN_SOURCE,features/news_clusterer.py;archive/models_dead/knowledge_ingestor.py,Verify this reference is used through a registry/factory/pipeline path.
audit_logic_report_new.json,model,AutoModelForSequenceClassification.from_pretrained,FOUND_IN_SOURCE,sentiment/sentiment_models.py;features/enrichers/finbert_sentiment.py;features/nlp/models/finbert_pipeline.py;features/nlp/models/roberta_sentiment.py;features/nlp/models/sentiment_core.py,Verify this reference is used through a registry/factory/pipeline path.
audit_logic_report_new.json,model_name,record.get,FOUND_IN_SOURCE,agents/pipeline_bridge.py;algorithms/adaptive_position_sizer.py;algorithms/metrics_mixin.py;algorithms/risk_parity_allocator.py;algorithms/transaction_cost_model.py;analytics/analyzer_registry.py;analytics/meta_pattern_miner.py;analytics/panic_correlation_analyzer.py;analytics/unified_analytics_engine.py;archive/dean_integration.py;archive/financial_metrics.py;archive/legacy_smart_trader.py;archive/online_model_integration.py;archive/portfolio_optimizer.py;cli/argument_parser.py;cli/argument_validator.py;cli/batch_manager.py;cli/pipeline_data_loader.py;cli/pipeline_executor.py;colab/__init__.py,Verify this reference is used through a registry/factory/pipeline path.
audit_logic_report_new.json,model_name,record,FOUND_IN_SOURCE,agents/pipeline_bridge.py;analytics/meta_pattern_miner.py;analytics/unified_analytics_engine.py;archive/legacy_smart_trader.py;cli/pipeline_executor.py;dashboard/dashboard_data_bridge.py;monitoring/ml_analytics.py;monitoring/monitoring_system.py;processing/cleaners.py;trading/live_adaptive_ensemble.py;trading/trading_orchestrator.py;trading/virtual_portfolio.py;training/base_trainer.py;utils/json_utils.py;agents/archive/veto_system.py;agents/modular_pipeline/base_lens.py;agents/tools/eia_tool.py;agents/tools/gdelt_tool.py;analytics/analyzers/model_comparison_analyzer.py;analytics/arena/arena_orchestrator.py,Verify this reference is used through a registry/factory/pipeline path.
audit_logic_report_new.json,model,max,FOUND_IN_SOURCE,agents/pipeline_bridge.py;algorithms/adaptive_position_sizer.py;algorithms/metrics_mixin.py;algorithms/risk_parity_allocator.py;algorithms/transaction_cost_model.py;analytics/unified_analytics_engine.py;archive/dean_integration.py;archive/financial_metrics.py;archive/online_model_integration.py;archive/portfolio_optimizer.py;cli/argument_parser.py;cli/argument_validator.py;cli/batch_manager.py;cli/pipeline_executor.py;core/base_integration.py;core/version_checker.py;dashboard/dashboard_data_bridge.py;dashboard/main_app.py;ensembling/base_ensemble.py;ensembling/caching.py,Verify this reference is used through a registry/factory/pipeline path.
audit_logic_report_new.json,model,TransformerModel,FOUND_IN_SOURCE,factories/model_factory.py;models/loader.py;archive/models/factory.py;colab/models/architectures.py;colab/models/model_factory.py;colab/models/torch_models.py;models/neural/transformer_model.py,Verify this reference is used through a registry/factory/pipeline path.
audit_logic_report_new.json,model,IsolationForest,FOUND_IN_SOURCE,monitoring/ml_analytics.py;analytics/detectors/anomaly_detector.py;pipeline/stages/prediction/anomaly_engine.py,Verify this reference is used through a registry/factory/pipeline path.
audit_logic_report_new.json,name,batch_name,FOUND_IN_SOURCE,cli/argument_validator.py;cli/batch_manager.py;cli/pipeline_executor.py;config/unified_config_manager.py;main/system_orchestrator.py;pipeline/hybrid_orchestrator.py;archive/calibration/calibration_engine.py;archive/models_dead/enhanced_ensemble.py;archive/pipeline/stages/prediction/result_builder.py;colab/config/config_loader.py;colab/environment/colab_environment.py;colab/environment/setup.py;meta_learning/calibration/calibration_engine.py;pipeline/hybrid/cache_manager.py;pipeline/hybrid/colab_manager.py;pipeline/hybrid/colab_workflow_manager.py;pipeline/hybrid/component_factory.py;pipeline/hybrid/contracts.py;pipeline/hybrid/data_batch_manager.py;pipeline/hybrid/data_cache_manager.py,Verify this reference is used through a registry/factory/pipeline path.
audit_logic_report_new.json,calculator,PortfolioMetricsCalculator,FOUND_IN_SOURCE,metrics/calculator.py;trading/virtual_portfolio.py;analytics/calculators/drawdown_calculator.py;metrics/financial/portfolio_metrics.py;pipeline/stages/evaluation/metrics_calculator.py,Verify this reference is used through a registry/factory/pipeline path.
config\domain_profiles\agriculture.yaml,name,Agriculture,FOUND_IN_SOURCE,scripts/test_modular_pipeline.py;agents/modular_pipeline/orchestrator.py;agents/modular_pipeline/lenses/agriculture_food_lens.py,Verify this reference is used through a registry/factory/pipeline path.
config\domain_profiles\communication_services.yaml,name,Communication,POSSIBLY_MISSING,,Check if config references renamed/deleted component or if component is loaded dynamically.
config\domain_profiles\consumer_discretionary.yaml,name,Consumer,FOUND_IN_SOURCE,scripts/test_modular_pipeline.py;agents/modular_pipeline/orchestrator.py;agents/modular_pipeline/lenses/consumer_retail_lens.py;features/nlp/extractors/news_ticker_detector.py;pipeline/guards/macro_release_timing_guard.py,Verify this reference is used through a registry/factory/pipeline path.
config\domain_profiles\consumer_staples.yaml,name,Consumer,FOUND_IN_SOURCE,scripts/test_modular_pipeline.py;agents/modular_pipeline/orchestrator.py;agents/modular_pipeline/lenses/consumer_retail_lens.py;features/nlp/extractors/news_ticker_detector.py;pipeline/guards/macro_release_timing_guard.py,Verify this reference is used through a registry/factory/pipeline path.
config\domain_profiles\energy.yaml,name,Energy,FOUND_IN_SOURCE,features/entity_linker.py;scripts/test_modular_pipeline.py;agents/modular_pipeline/orchestrator.py;agents/tools/eia_tool.py;agents/modular_pipeline/lenses/energy_commodity_lens.py;features/nlp/extractors/news_ticker_detector.py;scripts/simulation/shadow_arena.py,Verify this reference is used through a registry/factory/pipeline path.
config\domain_profiles\geopolitics.yaml,name,Geopolitics,FOUND_IN_SOURCE,scripts/test_modular_pipeline.py,Verify this reference is used through a registry/factory/pipeline path.
config\domain_profiles\healthcare.yaml,name,Health,FOUND_IN_SOURCE,dashboard/main_app.py;monitoring/dashboard.py;monitoring/health_hub.py;monitoring/monitoring_system.py;monitoring/__init__.py;patterns/pattern_recognition_adjustment.py;pipeline/pipeline_factory.py;pipeline/pipeline_orchestrator.py;scripts/test_modular_pipeline.py;agents/modular_pipeline/orchestrator.py;agents/modular_pipeline/lenses/healthcare_biotech_lens.py;archive/models_dead/integrated_model_manager.py;archive/monitoring/tests.py;features/nlp/extractors/news_ticker_detector.py;models/actions/action_trigger.py;models/analysis/model_health_analyzer.py;models/health/model_health_evaluator.py;models/statistics/model_statistics.py;pipeline/stages/processing/orchestrator.py;scripts/monitoring/run_health_check.py,Verify this reference is used through a registry/factory/pipeline path.
config\domain_profiles\industrials.yaml,name,Industrials,POSSIBLY_MISSING,,Check if config references renamed/deleted component or if component is loaded dynamically.
config\domain_profiles\liquidity_credit.yaml,name,Liquidity,FOUND_IN_SOURCE,algorithms/adaptive_position_sizer.py;risk/elite_risk_metrics.py;analytics/analyzers/risk_decomposition_analyzer.py;archive/risk/kill_switch/config.py;data/collectors/synthetic_generator.py;meta_learning/security/constraint_validators.py;pipeline/stages/evaluation/orchestrator.py,Verify this reference is used through a registry/factory/pipeline path.
config\domain_profiles\logistics.yaml,name,Logistics,FOUND_IN_SOURCE,scripts/test_modular_pipeline.py;agents/modular_pipeline/orchestrator.py;agents/modular_pipeline/lenses/industrial_logistics_lens.py,Verify this reference is used through a registry/factory/pipeline path.
config\domain_profiles\macro_policy.yaml,name,Macro,FOUND_IN_SOURCE,cli/pipeline_executor.py;features/news_dataset_builder.py;scripts/test_modular_pipeline.py;trading/post_inference_filter.py;trading/trading_orchestrator.py;validation/pipeline_schemas.py;agents/modular_pipeline/orchestrator.py;agents/tools/comtrade_tool.py;agents/modular_pipeline/lenses/macro_regime_lens.py;analytics/calculators/macro_score_calculator.py;analytics/context/macro_context_analyzer.py;archive/models_dead/universal_registry.py;archive/utils/smart_missing_data_handler.py;data/collectors/sdmx_macro_collector.py;data/quality/temporal_alignment_checker.py;features/builders/news_event_dataset_builder.py;features/enrichers/advanced_analytics_enricher.py;features/enrichers/context_map_enricher.py;features/enrichers/macro_features_enricher.py;features/enrichers/technical_analysis_enricher.py,Verify this reference is used through a registry/factory/pipeline path.
config\domain_profiles\metals_mining.yaml,name,Metals,FOUND_IN_SOURCE,scripts/test_modular_pipeline.py;agents/modular_pipeline/orchestrator.py;agents/modular_pipeline/lenses/metals_mining_lens.py,Verify this reference is used through a registry/factory/pipeline path.
config\domain_profiles\real_estate.yaml,name,Real,FOUND_IN_SOURCE,monitoring/data_freshness_monitor.py;monitoring/ml_analytics.py;monitoring/monitoring_system.py;monitoring/__init__.py;scripts/test_modular_pipeline.py;agents/modular_pipeline/orchestrator.py;agents/modular_pipeline/lenses/real_estate_construction_lens.py;analytics/context/ensemble_selector.py;archive/backtesting/engine.py;archive/calibration/calibration_engine.py;archive/meta_learning/real_time_learning.py;archive/models_dead/integrated_model_manager.py;archive/monitoring/example_usage.py;features/selection/volatility_driver_selector.py;meta_learning/awareness/context_engine.py;meta_learning/calibration/calibration_engine.py;meta_learning/security/constraint_engine.py;meta_learning/awareness/context/manager.py;models/monitoring/prediction_drift_monitor.py;models/monitoring/__init__.py,Verify this reference is used through a registry/factory/pipeline path.
config\domain_profiles\semiconductor_ai_infrastructure.yaml,name,Semiconductors,POSSIBLY_MISSING,,Check if config references renamed/deleted component or if component is loaded dynamically.
config\domain_profiles\utilities_power.yaml,name,Utilities,FOUND_IN_SOURCE,pipeline/target_column_utils.py;utils/path_safety.py;analytics/utils/analytics_math.py;archive/utils/type_conversion.py;core/utils/prediction_utils.py;pipeline/hybrid/data_utils.py,Verify this reference is used through a registry/factory/pipeline path.
dean_os\config\agent_registry.yaml,class_like_name,DomainAnalystAgent,POSSIBLY_MISSING,,Check if config references renamed/deleted component or if component is loaded dynamically.
dean_os\config\agent_registry.yaml,class_like_name,PipelineManagerAgent,POSSIBLY_MISSING,,Check if config references renamed/deleted component or if component is loaded dynamically.
dean_os\config\agent_registry.yaml,class_like_name,PipelineAuditAgent,POSSIBLY_MISSING,,Check if config references renamed/deleted component or if component is loaded dynamically.
dean_os\config\agent_registry.yaml,class_like_name,AgentEvaluationControllerAgent,POSSIBLY_MISSING,,Check if config references renamed/deleted component or if component is loaded dynamically.
dean_os\config\agent_registry.yaml,class_like_name,DataQualityAgent,FOUND_IN_SOURCE,agents/pipeline_bridge.py,Verify this reference is used through a registry/factory/pipeline path.
dean_os\config\agent_registry.yaml,class_like_name,RiskAgent,POSSIBLY_MISSING,,Check if config references renamed/deleted component or if component is loaded dynamically.
dean_os\config\agent_registry.yaml,class_like_name,ModelPerformanceAgent,FOUND_IN_SOURCE,agents/pipeline_bridge.py,Verify this reference is used through a registry/factory/pipeline path.
dean_os\config\agent_registry.yaml,class_like_name,RegimeAgent,POSSIBLY_MISSING,,Check if config references renamed/deleted component or if component is loaded dynamically.
dean_os\config\agent_registry.yaml,class_like_name,ContextSynthesisAgent,POSSIBLY_MISSING,,Check if config references renamed/deleted component or if component is loaded dynamically.
dean_os\config\agent_registry.yaml,class_like_name,TuningAgent,FOUND_IN_SOURCE,agents/pipeline_bridge.py,Verify this reference is used through a registry/factory/pipeline path.
dean_os\config\agent_registry.yaml,class_like_name,ChiefReviewAgent,POSSIBLY_MISSING,,Check if config references renamed/deleted component or if component is loaded dynamically.
dean_os\config\agent_registry.yaml,class_like_name,PaperPortfolioAgent,POSSIBLY_MISSING,,Check if config references renamed/deleted component or if component is loaded dynamically.
dean_os\config\agent_registry.yaml,class_like_name,DiaryBridgeAgent,POSSIBLY_MISSING,,Check if config references renamed/deleted component or if component is loaded dynamically.
dean_os\config\agent_registry.yaml,class_like_name,SourceRoutingAgent,POSSIBLY_MISSING,,Check if config references renamed/deleted component or if component is loaded dynamically.
dean_os\config\agent_registry.yaml,class_like_name,OperationsProposalAgent,POSSIBLY_MISSING,,Check if config references renamed/deleted component or if component is loaded dynamically.
dean_os\config\agent_registry.yaml,class_like_name,NewsEventAnalyzerAgent,POSSIBLY_MISSING,,Check if config references renamed/deleted component or if component is loaded dynamically.
dean_os\config\agent_registry.yaml,class_like_name,ResearchIngestionAgent,POSSIBLY_MISSING,,Check if config references renamed/deleted component or if component is loaded dynamically.
dean_os\config\agent_registry.yaml,class_like_name,SpecialistResearchAgent,POSSIBLY_MISSING,,Check if config references renamed/deleted component or if component is loaded dynamically.
dean_os\config\agent_registry.yaml,class_like_name,FinancialNLPAgent,POSSIBLY_MISSING,,Check if config references renamed/deleted component or if component is loaded dynamically.
dean_os\config\agent_registry.yaml,class_like_name,EvidenceSynthesisAgent,POSSIBLY_MISSING,,Check if config references renamed/deleted component or if component is loaded dynamically.
dean_os\config\agent_registry.yaml,class_like_name,MacroPolicyAgent,POSSIBLY_MISSING,,Check if config references renamed/deleted component or if component is loaded dynamically.
dean_os\config\agent_registry.yaml,class_like_name,GeoPoliticalAgent,POSSIBLY_MISSING,,Check if config references renamed/deleted component or if component is loaded dynamically.
dean_os\config\agent_registry.yaml,class_like_name,NewsCatalystAgent,POSSIBLY_MISSING,,Check if config references renamed/deleted component or if component is loaded dynamically.
dean_os\config\agent_registry.yaml,class_like_name,SectorCycleAgent,POSSIBLY_MISSING,,Check if config references renamed/deleted component or if component is loaded dynamically.
dean_os\config\agent_registry.yaml,class_like_name,IndustryMapAgent,POSSIBLY_MISSING,,Check if config references renamed/deleted component or if component is loaded dynamically.
dean_os\config\agent_registry.yaml,class_like_name,HistoricalAnalogiesAgent,POSSIBLY_MISSING,,Check if config references renamed/deleted component or if component is loaded dynamically.
dean_os\config\agent_registry.yaml,class_like_name,ValueScreeningAgent,POSSIBLY_MISSING,,Check if config references renamed/deleted component or if component is loaded dynamically.
dean_os\config\agent_registry.yaml,class_like_name,ContrarianThesisAgent,POSSIBLY_MISSING,,Check if config references renamed/deleted component or if component is loaded dynamically.
dean_os\config\agent_registry.yaml,class_like_name,UnifiedResearchAgent,FOUND_IN_SOURCE,agents/pipeline_bridge.py;agents/archive/cognitive_pipeline.py,Verify this reference is used through a registry/factory/pipeline path.
dean_os\config\agent_registry.yaml,class_like_name,CoherenceScanAgent,POSSIBLY_MISSING,,Check if config references renamed/deleted component or if component is loaded dynamically.
dean_os\config\agent_registry.yaml,class_like_name,FreshnessAuditAgent,POSSIBLY_MISSING,,Check if config references renamed/deleted component or if component is loaded dynamically.
dean_os\config\agent_registry.yaml,class_like_name,PipelineReadinessAgent,POSSIBLY_MISSING,,Check if config references renamed/deleted component or if component is loaded dynamically.
dean_os\config\agent_registry.yaml,class_path,dean_os.agents.domain_analyst,POSSIBLY_MISSING,,Check if config references renamed/deleted component or if component is loaded dynamically.
dean_os\config\agent_registry.yaml,class_path,dean_os.agents.pipeline_manager,FOUND_IN_SOURCE,pipeline/hybrid_orchestrator.py;pipeline/hybrid/component_factory.py;pipeline/hybrid/orchestrator_interface.py;pipeline/hybrid/pipeline_manager.py;pipeline/hybrid/__init__.py,Verify this reference is used through a registry/factory/pipeline path.
dean_os\config\agent_registry.yaml,class_path,dean_os.agents.pipeline_audit,POSSIBLY_MISSING,,Check if config references renamed/deleted component or if component is loaded dynamically.
dean_os\config\agent_registry.yaml,class_path,dean_os.agents.agent_evaluation_controller,POSSIBLY_MISSING,,Check if config references renamed/deleted component or if component is loaded dynamically.
dean_os\config\agent_registry.yaml,class_path,dean_os.agents.data_quality,FOUND_IN_SOURCE,monitoring/config.py;monitoring/dashboard.py;monitoring/monitoring_system.py;archive/model_selector_dead/context_prediction_mapper.py;archive/model_selector_dead/dynamic_weight_selector.py;archive/model_selector_dead/enhanced_context_analyzer.py;archive/monitoring/example_usage.py;archive/monitoring/tests.py;archive/training/pattern_aware_training.py;archive/pipeline/stages/stage_3_improvements.py;core/validation/validators.py;models/model_selector/smart_selector.py;processing/filters/price_filter.py,Verify this reference is used through a registry/factory/pipeline path.
dean_os\config\agent_registry.yaml,class_path,dean_os.agents.risk,FOUND_IN_SOURCE,algorithms/adaptive_position_sizer.py;algorithms/metrics_mixin.py;algorithms/risk_parity_allocator.py;algorithms/__init__.py;archive/dean_integration.py;archive/financial_metrics.py;archive/legacy_smart_trader.py;config/unified_config_manager.py;dashboard/main_app.py;monitoring/health_hub.py;monitoring/ml_analytics.py;risk/elite_risk_metrics.py;risk/max_exposure_monitor.py;scripts/test_modular_pipeline.py;trading/adaptive_parameter_manager.py;trading/consensus_engine.py;trading/elite_risk_sizer.py;trading/portfolio_manager.py;trading/trading_orchestrator.py;trading/virtual_portfolio.py,Verify this reference is used through a registry/factory/pipeline path.
dean_os\config\agent_registry.yaml,class_path,dean_os.agents.model_performance,FOUND_IN_SOURCE,agents/pipeline_bridge.py;archive/online_model_integration.py;dashboard/dashboard_data_bridge.py;dashboard/main_app.py;monitoring/config.py;monitoring/dashboard.py;monitoring/health_hub.py;monitoring/ml_analytics.py;monitoring/monitoring_system.py;trading/live_adaptive_ensemble.py;analytics/arena/performance_tracker.py;analytics/context/contextual_model_selector.py;analytics/signals/signal_analytics.py;archive/meta_learning/real_time_learning.py;archive/monitoring/example_usage.py;archive/monitoring/tests.py;archive/training/pattern_aware_training.py;ensembling/ensemble/archive/adaptive_ensemble.py;features/analysis/news_decay_modeler.py;models/analysis/regime_winner_analyzer.py,Verify this reference is used through a registry/factory/pipeline path.
dean_os\config\agent_registry.yaml,class_path,dean_os.agents.regime,FOUND_IN_SOURCE,agents/pipeline_bridge.py;algorithms/adaptive_position_sizer.py;algorithms/__init__.py;devtools/rule_generator.py;ensembling/base_ensemble.py;ensembling/stacked_ensemble.py;features/feature_selector.py;models/__init__.py;scripts/test_modular_pipeline.py;trading/adaptive_parameter_manager.py;trading/consensus_engine.py;trading/live_adaptive_ensemble.py;trading/portfolio_manager.py;trading/trading_orchestrator.py;agents/archive/cognitive_pipeline.py;agents/modular_pipeline/orchestrator.py;agents/modular_pipeline/lenses/macro_regime_lens.py;algorithms/regime/clustering.py;algorithms/regime/metrics.py;algorithms/regime/rules.py,Verify this reference is used through a registry/factory/pipeline path.
dean_os\config\agent_registry.yaml,class_path,dean_os.agents.context_synthesis,POSSIBLY_MISSING,,Check if config references renamed/deleted component or if component is loaded dynamically.
dean_os\config\agent_registry.yaml,class_path,dean_os.agents.tuning,FOUND_IN_SOURCE,trading/adaptive_parameter_manager.py;archive/calibration/calibration_engine.py;archive/calibration/__init__.py;archive/patterns/pattern_tuning.py;devtools/experimentation/run_hyperparameter_tuning.py;features/analysis/news_decay_modeler.py;meta_learning/calibration/calibration_engine.py;meta_learning/security/constraint_engine.py,Verify this reference is used through a registry/factory/pipeline path.
dean_os\config\agent_registry.yaml,class_path,dean_os.agents.chief_review,POSSIBLY_MISSING,,Check if config references renamed/deleted component or if component is loaded dynamically.
dean_os\config\agent_registry.yaml,class_path,dean_os.agents.paper_portfolio,POSSIBLY_MISSING,,Check if config references renamed/deleted component or if component is loaded dynamically.
dean_os\config\agent_registry.yaml,class_path,dean_os.agents.diary_bridge,POSSIBLY_MISSING,,Check if config references renamed/deleted component or if component is loaded dynamically.
dean_os\config\agent_registry.yaml,class_path,dean_os.agents.source_routing,POSSIBLY_MISSING,,Check if config references renamed/deleted component or if component is loaded dynamically.
dean_os\config\agent_registry.yaml,class_path,dean_os.agents.operations,FOUND_IN_SOURCE,cli/batch_manager.py;pipeline/pipeline_orchestrator.py;utils/path_safety.py;utils/path_utils.py;archive/utils/resource_limiter.py;core/file_management/file_manager.py;core/logging/log_standards.py;core/monitoring/memory_profiler.py;core/system/version_manager.py;core/validation/validators.py;data/management/connectors/bigquery_connector.py;features/utils/datetime_utils.py;pipeline/guards/temporal_leakage_guard.py;pipeline/hybrid/cache_manager.py;pipeline/hybrid/colab_manager.py;pipeline/hybrid/colab_workflow_manager.py;pipeline/hybrid/data_batch_manager.py;pipeline/hybrid/data_manager.py;pipeline/hybrid/data_processor.py;pipeline/hybrid/data_utils.py,Verify this reference is used through a registry/factory/pipeline path.
dean_os\config\agent_registry.yaml,class_path,dean_os.agents.news_event_analyzer,POSSIBLY_MISSING,,Check if config references renamed/deleted component or if component is loaded dynamically.
dean_os\config\agent_registry.yaml,class_path,dean_os.agents.research_agents,POSSIBLY_MISSING,,Check if config references renamed/deleted component or if component is loaded dynamically.
dean_os\config\agent_registry.yaml,class_path,dean_os.agents.financial_nlp,POSSIBLY_MISSING,,Check if config references renamed/deleted component or if component is loaded dynamically.
dean_os\config\agent_registry.yaml,model,null,FOUND_IN_SOURCE,cli/batch_manager.py;cli/pipeline_executor.py;analytics/utils/knn_model_wrapper.py;archive/model_selector_dead/dynamic_weight_selector.py;archive/model_selector_dead/enhanced_context_analyzer.py;archive/patterns/pattern_analyzer.py;archive/utils/missing_data_anomaly_detector.py;archive/pipeline/stages/stage_3_improvements.py;archive/pipeline/stages/prediction/result_builder.py;core/cache/cache_manager.py;core/utils/path_utils.py;core/validation/validators.py;data/collectors/free_google_trends_collector.py;data/validation/event_dataset_validator.py;features/enrichers/improved_sentiment_enricher.py;features/enrichers/sentiment_features_enricher.py;models/model_selector/smart_selector.py;pipeline/guards/safe_feature_combiner.py;pipeline/stages/collection/orchestrator.py;processing/filters/price_filter.py,Verify this reference is used through a registry/factory/pipeline path.
dean_os\config\agent_registry.yaml,class_path,dean_os.agents.synthesis,FOUND_IN_SOURCE,trading/trading_orchestrator.py;archive/trading/signal_processor.py,Verify this reference is used through a registry/factory/pipeline path.
dean_os\config\agent_registry.yaml,class_path,dean_os.agents.domain_research,FOUND_IN_SOURCE,agents/archive/cognitive_pipeline.py,Verify this reference is used through a registry/factory/pipeline path.
dean_os\config\agent_registry.yaml,class_path,dean_os.agents.historical_analogies,POSSIBLY_MISSING,,Check if config references renamed/deleted component or if component is loaded dynamically.
dean_os\config\agent_registry.yaml,class_path,dean_os.agents.unified_research_agent,POSSIBLY_MISSING,,Check if config references renamed/deleted component or if component is loaded dynamically.
dean_os\config\agent_registry.yaml,class_path,dean_os.agents.coherence_scan,POSSIBLY_MISSING,,Check if config references renamed/deleted component or if component is loaded dynamically.
dean_os\config\agent_registry.yaml,class_path,dean_os.agents.freshness_audit,POSSIBLY_MISSING,,Check if config references renamed/deleted component or if component is loaded dynamically.
dean_os\config\agent_registry.yaml,class_path,dean_os.agents.pipeline_readiness,POSSIBLY_MISSING,,Check if config references renamed/deleted component or if component is loaded dynamically.
dean_os\config\macro_series_registry.yaml,name,ICE,FOUND_IN_SOURCE,processing/price_preprocessor.py;agents/modular_pipeline/lenses/financial_services_lens.py;archive/data/clean_price_anomalies.py;data/quality/news_price_availability_filter.py;features/nlp/deduplication_service.py;features/nlp/models/finbert_pipeline.py;pipeline/stages/feature_engineering/timeframe_context.py;pipeline/stages/prediction/data_preparation_service.py;pipeline/stages/prediction/model_selection_service.py;pipeline/stages/prediction/scaler_service.py;processing/filters/price_filter.py;scripts/simulation/shadow_arena.py,Verify this reference is used through a registry/factory/pipeline path.
dean_os\config\macro_series_registry.yaml,name,Continued,POSSIBLY_MISSING,,Check if config references renamed/deleted component or if component is loaded dynamically.
dean_os\config\macro_series_registry.yaml,name,Consumer,FOUND_IN_SOURCE,scripts/test_modular_pipeline.py;agents/modular_pipeline/orchestrator.py;agents/modular_pipeline/lenses/consumer_retail_lens.py;features/nlp/extractors/news_ticker_detector.py;pipeline/guards/macro_release_timing_guard.py,Verify this reference is used through a registry/factory/pipeline path.
dean_os\config\macro_series_registry.yaml,name,Crude,FOUND_IN_SOURCE,agents/tools/eia_tool.py,Verify this reference is used through a registry/factory/pipeline path.
dean_os\config\macro_series_registry.yaml,name,Chinese,POSSIBLY_MISSING,,Check if config references renamed/deleted component or if component is loaded dynamically.
dean_os\config\macro_series_registry.yaml,name,U.S.,FOUND_IN_SOURCE,__init__.py;agents/pipeline_bridge.py;algorithms/adaptive_position_sizer.py;algorithms/metrics_mixin.py;algorithms/risk_parity_allocator.py;algorithms/transaction_cost_model.py;algorithms/__init__.py;analytics/analyzer_registry.py;analytics/interfaces.py;analytics/meta_pattern_miner.py;analytics/panic_correlation_analyzer.py;analytics/unified_analytics_engine.py;analytics/__init__.py;archive/dean_integration.py;archive/financial_metrics.py;archive/legacy_smart_trader.py;archive/online_model_integration.py;archive/portfolio_optimizer.py;cli/argument_parser.py;cli/argument_validator.py,Verify this reference is used through a registry/factory/pipeline path.
dean_os\config\macro_series_registry.yaml,name,Manufacturers,POSSIBLY_MISSING,,Check if config references renamed/deleted component or if component is loaded dynamically.
dean_os\config\macro_series_registry.yaml,name,Market,FOUND_IN_SOURCE,agents/pipeline_bridge.py;algorithms/adaptive_position_sizer.py;algorithms/__init__.py;archive/legacy_smart_trader.py;archive/portfolio_optimizer.py;dashboard/main_app.py;meta_learning/__init__.py;pipeline/timeframe_lineage.py;trading/adaptive_parameter_manager.py;trading/consensus_engine.py;validation/pipeline_schemas.py;agents/archive/veto_system.py;algorithms/regime/clustering.py;algorithms/regime/rules.py;algorithms/regime/types.py;analytics/analyzers/performance_attribution_analyzer.py;analytics/analyzers/risk_decomposition_analyzer.py;analytics/calculators/fama_french_factors.py;analytics/calculators/market_regime_calculator.py;analytics/context/market_context_analyzer.py,Verify this reference is used through a registry/factory/pipeline path.
dean_os\config\macro_series_registry.yaml,name,Real,FOUND_IN_SOURCE,monitoring/data_freshness_monitor.py;monitoring/ml_analytics.py;monitoring/monitoring_system.py;monitoring/__init__.py;scripts/test_modular_pipeline.py;agents/modular_pipeline/orchestrator.py;agents/modular_pipeline/lenses/real_estate_construction_lens.py;analytics/context/ensemble_selector.py;archive/backtesting/engine.py;archive/calibration/calibration_engine.py;archive/meta_learning/real_time_learning.py;archive/models_dead/integrated_model_manager.py;archive/monitoring/example_usage.py;features/selection/volatility_driver_selector.py;meta_learning/awareness/context_engine.py;meta_learning/calibration/calibration_engine.py;meta_learning/security/constraint_engine.py;meta_learning/awareness/context/manager.py;models/monitoring/prediction_drift_monitor.py;models/monitoring/__init__.py,Verify this reference is used through a registry/factory/pipeline path.
dean_os\config\macro_series_registry.yaml,name,Effective,FOUND_IN_SOURCE,analytics/analyzers/performance_attribution_analyzer.py,Verify this reference is used through a registry/factory/pipeline path.
dean_os\config\macro_series_registry.yaml,name,Housing,POSSIBLY_MISSING,,Check if config references renamed/deleted component or if component is loaded dynamically.
dean_os\config\macro_series_registry.yaml,name,Industrial,FOUND_IN_SOURCE,scripts/test_modular_pipeline.py;agents/modular_pipeline/orchestrator.py;agents/modular_pipeline/lenses/industrial_logistics_lens.py;features/nlp/extractors/news_ticker_detector.py,Verify this reference is used through a registry/factory/pipeline path.
dean_os\config\macro_series_registry.yaml,name,All,FOUND_IN_SOURCE,algorithms/risk_parity_allocator.py;algorithms/__init__.py;archive/financial_metrics.py;core/version_checker.py;ensembling/caching.py;models/loader.py;processing/parallel_processor.py;sentiment/sentiment_models.py;trading/portfolio_manager.py;trading/post_inference_filter.py;training/base_trainer.py;training/batch_trainer.py;utils/path_safety.py;analytics/analyzers/performance_attribution_analyzer.py;analytics/arena/battle_groups.py;analytics/detectors/anomaly_detector.py;archive/backtesting/engine.py;archive/utils/missing_data_anomaly_detector.py;archive/pipeline/stages/stage_3_improvements.py;colab/models/sklearn_fallback.py,Verify this reference is used through a registry/factory/pipeline path.
dean_os\config\macro_series_registry.yaml,name,Personal,POSSIBLY_MISSING,,Check if config references renamed/deleted component or if component is loaded dynamically.
dean_os\config\macro_series_registry.yaml,name,New,FOUND_IN_SOURCE,cli/pipeline_executor.py;dashboard/main_app.py;features/news_clusterer.py;features/news_dataset_builder.py;features/news_impact_classifier.py;models/persistent_pool.py;scripts/test_modular_pipeline.py;trading/adaptive_parameter_manager.py;validation/pipeline_schemas.py;agents/archive/cognitive_extractor.py;analytics/analyzers/news_impact_analyzer.py;archive/calibration/adaptive_confidence_calibrator.py;archive/patterns/pattern_analyzer.py;archive/utils/feature_preparation.py;data/collectors/google_news_collector.py;data/collectors/newsapi_collector.py;data/quality/news_price_availability_filter.py;data/quality/temporal_alignment_checker.py;data/validation/event_dataset_validator.py;devtools/prototypes/live_trading_ticker_manager.py,Verify this reference is used through a registry/factory/pipeline path.
dean_os\config\macro_series_registry.yaml,name,Producer,FOUND_IN_SOURCE,pipeline/guards/macro_release_timing_guard.py,Verify this reference is used through a registry/factory/pipeline path.
dean_os\config\macro_series_registry.yaml,name,Advance,FOUND_IN_SOURCE,archive/legacy_smart_trader.py;archive/online_model_integration.py;simulation/simulation_engine.py;training/batch_trainer.py;validation/time_series_validator.py;analytics/analyzers/hedge_fund_analyzer.py;analytics/calculators/advanced_econometrics_calculator.py;analytics/calculators/econometrics_calculator.py;archive/algorithms/advanced_backtest_engine.py;archive/backtesting/engine.py;archive/calibration/adaptive_confidence_calibrator.py;archive/models_dead/integrated_model_manager.py;archive/model_selector_dead/selector.py;archive/patterns/pattern_analyzer.py;archive/validation/validation_protocols.py;archive/features/utils/hybrid_adaptive_technical_indicators.py;backtesting/advanced/advanced_engine.py;features/analysis/__init__.py;features/enrichers/advanced_analytics_enricher.py;features/validation/redundancy_detector.py,Verify this reference is used through a registry/factory/pipeline path.
dean_os\config\macro_series_registry.yaml,name,10-Year,POSSIBLY_MISSING,,Check if config references renamed/deleted component or if component is loaded dynamically.
dean_os\config\macro_series_registry.yaml,name,Total,FOUND_IN_SOURCE,dashboard/main_app.py;features/feature_orchestrator.py;monitoring/dashboard.py;risk/max_exposure_monitor.py;utils/trading_calendar.py;analytics/calculators/macro_score_calculator.py;analytics/signals/signal_analytics.py;archive/features/feature_selection_cache.py;archive/meta_learning/real_time_learning.py;archive/monitoring/tests.py;archive/patterns/pattern_analyzer.py;archive/risk/risk_manager.py;archive/pipeline/stages/stage_3_improvements.py;core/error_handling/error_handler.py;core/logging/log_standards.py;data/collectors/insider_collector.py;data/collectors/put_call_ratio_collector.py;main/modes/backtest.py;metrics/financial/portfolio_metrics.py;pipeline/hybrid/metadata_manager.py,Verify this reference is used through a registry/factory/pipeline path.
dean_os\config\macro_series_registry.yaml,name,University,POSSIBLY_MISSING,,Check if config references renamed/deleted component or if component is loaded dynamically.
dean_os\config\macro_series_registry.yaml,name,Unemployment,FOUND_IN_SOURCE,pipeline/guards/macro_release_timing_guard.py,Verify this reference is used through a registry/factory/pipeline path.
dean_os\config\macro_series_registry.yaml,name,CBOE,FOUND_IN_SOURCE,data/collectors/put_call_ratio_collector.py,Verify this reference is used through a registry/factory/pipeline path.
dean_os\config\macro_series_registry.yaml,name,Federal,FOUND_IN_SOURCE,features/news_clusterer.py;scripts/test_modular_pipeline.py;data/collectors/fred_collector.py;pipeline/guards/macro_release_timing_guard.py,Verify this reference is used through a registry/factory/pipeline path.
dean_os\config\paper_trading.yaml,model,price_model,POSSIBLY_MISSING,,Check if config references renamed/deleted component or if component is loaded dynamically.
dean_os\config\paper_trading.yaml,model,linear,FOUND_IN_SOURCE,archive/portfolio_optimizer.py;ensembling/base_ensemble.py;ensembling/stacked_ensemble.py;factories/model_factory.py;trading/consensus_engine.py;trading/live_adaptive_ensemble.py;training/constants.py;training/light_model_trainer.py;analytics/analyzers/risk_decomposition_analyzer.py;analytics/context/causal_effect_methods.py;analytics/context/counterfactual_generator.py;analytics/context/propensity_score_methods.py;analytics/engines/causal_engine.py;archive/calibration/adaptive_confidence_calibrator.py;archive/models/factory.py;archive/model_selector_dead/dynamic_weight_selector.py;archive/model_selector_dead/heavy_light_comparator.py;archive/training/pattern_aware_training.py;archive/utils/missing_data_anomaly_detector.py;archive/utils/smart_missing_data_handler.py,Verify this reference is used through a registry/factory/pipeline path.
dean_os\config\semiconductor_issuer_identity_registry.yaml,name,NVIDIA,POSSIBLY_MISSING,,Check if config references renamed/deleted component or if component is loaded dynamically.
dean_os\config\semiconductor_issuer_identity_registry.yaml,name,Advanced,FOUND_IN_SOURCE,archive/legacy_smart_trader.py;archive/online_model_integration.py;simulation/simulation_engine.py;training/batch_trainer.py;validation/time_series_validator.py;analytics/analyzers/hedge_fund_analyzer.py;analytics/calculators/advanced_econometrics_calculator.py;analytics/calculators/econometrics_calculator.py;archive/algorithms/advanced_backtest_engine.py;archive/backtesting/engine.py;archive/calibration/adaptive_confidence_calibrator.py;archive/models_dead/integrated_model_manager.py;archive/model_selector_dead/selector.py;archive/patterns/pattern_analyzer.py;archive/validation/validation_protocols.py;archive/features/utils/hybrid_adaptive_technical_indicators.py;backtesting/advanced/advanced_engine.py;features/analysis/__init__.py;features/enrichers/advanced_analytics_enricher.py;features/validation/redundancy_detector.py,Verify this reference is used through a registry/factory/pipeline path.
dean_os\config\semiconductor_issuer_identity_registry.yaml,name,Intel,FOUND_IN_SOURCE,processing/data_filter.py;training/adaptive_training_manager.py;agents/archive/cognitive_extractor.py;analytics/context/ensemble_selector.py;archive/utils/smart_missing_data_handler.py;main/modes/intelligent.py;pipeline/stages/processing/orchestrator.py;processing/filters/news_filter.py;processing/filters/orchestrator.py;processing/filters/price_filter.py;processing/filters/social_filter.py;processing/filters/__init__.py,Verify this reference is used through a registry/factory/pipeline path.
dean_os\config\semiconductor_issuer_identity_registry.yaml,name,Taiwan,POSSIBLY_MISSING,,Check if config references renamed/deleted component or if component is loaded dynamically.
dean_os\config\semiconductor_issuer_identity_registry.yaml,name,ASML,POSSIBLY_MISSING,,Check if config references renamed/deleted component or if component is loaded dynamically.
dean_os\config\semiconductor_issuer_identity_registry.yaml,name,Applied,FOUND_IN_SOURCE,ensembling/base_ensemble.py;ensembling/stacked_ensemble.py;trading/adaptive_parameter_manager.py;trading/post_inference_filter.py;analytics/context/dynamic_router.py;analytics/detectors/anomaly_detector.py;data/management/data_manager.py;features/validation/redundancy_detector.py;pipeline/stages/prediction/orchestrator.py,Verify this reference is used through a registry/factory/pipeline path.
dean_os\config\semiconductor_issuer_identity_registry.yaml,name,Lam,POSSIBLY_MISSING,,Check if config references renamed/deleted component or if component is loaded dynamically.
dean_os\config\semiconductor_issuer_identity_registry.yaml,name,KLA,FOUND_IN_SOURCE,pipeline/stages/trading/recommendation_engine.py,Verify this reference is used through a registry/factory/pipeline path.
dean_os\config\semiconductor_issuer_identity_registry.yaml,name,Broadcom,POSSIBLY_MISSING,,Check if config references renamed/deleted component or if component is loaded dynamically.
dean_os\config\semiconductor_issuer_identity_registry.yaml,name,Micron,POSSIBLY_MISSING,,Check if config references renamed/deleted component or if component is loaded dynamically.
dean_os\config\semiconductor_issuer_identity_registry.yaml,name,Arm,FOUND_IN_SOURCE,features/nlp/processors/news_harmonizer.py,Verify this reference is used through a registry/factory/pipeline path.
dean_os\config\semiconductor_issuer_identity_registry.yaml,name,QUALCOMM,POSSIBLY_MISSING,,Check if config references renamed/deleted component or if component is loaded dynamically.
dean_os\draft\dean_os_agent_system_v7\dean_os\config\agent_registry.yaml,class_like_name,DomainAnalystAgent,POSSIBLY_MISSING,,Check if config references renamed/deleted component or if component is loaded dynamically.
dean_os\draft\dean_os_agent_system_v7\dean_os\config\agent_registry.yaml,class_like_name,PipelineManagerAgent,POSSIBLY_MISSING,,Check if config references renamed/deleted component or if component is loaded dynamically.
dean_os\draft\dean_os_agent_system_v7\dean_os\config\agent_registry.yaml,class_like_name,PipelineAuditAgent,POSSIBLY_MISSING,,Check if config references renamed/deleted component or if component is loaded dynamically.
dean_os\draft\dean_os_agent_system_v7\dean_os\config\agent_registry.yaml,class_like_name,AgentEvaluationControllerAgent,POSSIBLY_MISSING,,Check if config references renamed/deleted component or if component is loaded dynamically.
dean_os\draft\dean_os_agent_system_v7\dean_os\config\agent_registry.yaml,class_like_name,DataQualityAgent,FOUND_IN_SOURCE,agents/pipeline_bridge.py,Verify this reference is used through a registry/factory/pipeline path.
dean_os\draft\dean_os_agent_system_v7\dean_os\config\agent_registry.yaml,class_like_name,RiskAgent,POSSIBLY_MISSING,,Check if config references renamed/deleted component or if component is loaded dynamically.
dean_os\draft\dean_os_agent_system_v7\dean_os\config\agent_registry.yaml,class_like_name,ModelPerformanceAgent,FOUND_IN_SOURCE,agents/pipeline_bridge.py,Verify this reference is used through a registry/factory/pipeline path.
dean_os\draft\dean_os_agent_system_v7\dean_os\config\agent_registry.yaml,class_like_name,RegimeAgent,POSSIBLY_MISSING,,Check if config references renamed/deleted component or if component is loaded dynamically.
dean_os\draft\dean_os_agent_system_v7\dean_os\config\agent_registry.yaml,class_like_name,ContextSynthesisAgent,POSSIBLY_MISSING,,Check if config references renamed/deleted component or if component is loaded dynamically.
dean_os\draft\dean_os_agent_system_v7\dean_os\config\agent_registry.yaml,class_like_name,TuningAgent,FOUND_IN_SOURCE,agents/pipeline_bridge.py,Verify this reference is used through a registry/factory/pipeline path.
dean_os\draft\dean_os_agent_system_v7\dean_os\config\agent_registry.yaml,class_like_name,ChiefReviewAgent,POSSIBLY_MISSING,,Check if config references renamed/deleted component or if component is loaded dynamically.
dean_os\draft\dean_os_agent_system_v7\dean_os\config\agent_registry.yaml,class_like_name,PaperPortfolioAgent,POSSIBLY_MISSING,,Check if config references renamed/deleted component or if component is loaded dynamically.
dean_os\draft\dean_os_agent_system_v7\dean_os\config\agent_registry.yaml,class_like_name,DiaryBridgeAgent,POSSIBLY_MISSING,,Check if config references renamed/deleted component or if component is loaded dynamically.
dean_os\draft\dean_os_agent_system_v7\dean_os\config\agent_registry.yaml,class_like_name,SourceRoutingAgent,POSSIBLY_MISSING,,Check if config references renamed/deleted component or if component is loaded dynamically.
dean_os\draft\dean_os_agent_system_v7\dean_os\config\agent_registry.yaml,class_like_name,OperationsProposalAgent,POSSIBLY_MISSING,,Check if config references renamed/deleted component or if component is loaded dynamically.
dean_os\draft\dean_os_agent_system_v7\dean_os\config\agent_registry.yaml,class_like_name,NewsEventAnalyzerAgent,POSSIBLY_MISSING,,Check if config references renamed/deleted component or if component is loaded dynamically.
dean_os\draft\dean_os_agent_system_v7\dean_os\config\agent_registry.yaml,class_like_name,ResearchIngestionAgent,POSSIBLY_MISSING,,Check if config references renamed/deleted component or if component is loaded dynamically.
dean_os\draft\dean_os_agent_system_v7\dean_os\config\agent_registry.yaml,class_like_name,SpecialistResearchAgent,POSSIBLY_MISSING,,Check if config references renamed/deleted component or if component is loaded dynamically.
dean_os\draft\dean_os_agent_system_v7\dean_os\config\agent_registry.yaml,class_like_name,FinancialNLPAgent,POSSIBLY_MISSING,,Check if config references renamed/deleted component or if component is loaded dynamically.
dean_os\draft\dean_os_agent_system_v7\dean_os\config\agent_registry.yaml,class_like_name,EvidenceSynthesisAgent,POSSIBLY_MISSING,,Check if config references renamed/deleted component or if component is loaded dynamically.
dean_os\draft\dean_os_agent_system_v7\dean_os\config\agent_registry.yaml,class_like_name,MacroPolicyAgent,POSSIBLY_MISSING,,Check if config references renamed/deleted component or if component is loaded dynamically.
dean_os\draft\dean_os_agent_system_v7\dean_os\config\agent_registry.yaml,class_like_name,GeoPoliticalAgent,POSSIBLY_MISSING,,Check if config references renamed/deleted component or if component is loaded dynamically.
dean_os\draft\dean_os_agent_system_v7\dean_os\config\agent_registry.yaml,class_like_name,NewsCatalystAgent,POSSIBLY_MISSING,,Check if config references renamed/deleted component or if component is loaded dynamically.
dean_os\draft\dean_os_agent_system_v7\dean_os\config\agent_registry.yaml,class_like_name,SectorCycleAgent,POSSIBLY_MISSING,,Check if config references renamed/deleted component or if component is loaded dynamically.
dean_os\draft\dean_os_agent_system_v7\dean_os\config\agent_registry.yaml,class_like_name,IndustryMapAgent,POSSIBLY_MISSING,,Check if config references renamed/deleted component or if component is loaded dynamically.
dean_os\draft\dean_os_agent_system_v7\dean_os\config\agent_registry.yaml,class_like_name,HistoricalAnalogiesAgent,POSSIBLY_MISSING,,Check if config references renamed/deleted component or if component is loaded dynamically.
dean_os\draft\dean_os_agent_system_v7\dean_os\config\agent_registry.yaml,class_like_name,ValueScreeningAgent,POSSIBLY_MISSING,,Check if config references renamed/deleted component or if component is loaded dynamically.
dean_os\draft\dean_os_agent_system_v7\dean_os\config\agent_registry.yaml,class_like_name,ContrarianThesisAgent,POSSIBLY_MISSING,,Check if config references renamed/deleted component or if component is loaded dynamically.
dean_os\draft\dean_os_agent_system_v7\dean_os\config\agent_registry.yaml,class_like_name,UnifiedResearchAgent,FOUND_IN_SOURCE,agents/pipeline_bridge.py;agents/archive/cognitive_pipeline.py,Verify this reference is used through a registry/factory/pipeline path.
dean_os\draft\dean_os_agent_system_v7\dean_os\config\agent_registry.yaml,class_like_name,CoherenceScanAgent,POSSIBLY_MISSING,,Check if config references renamed/deleted component or if component is loaded dynamically.
dean_os\draft\dean_os_agent_system_v7\dean_os\config\agent_registry.yaml,class_like_name,FreshnessAuditAgent,POSSIBLY_MISSING,,Check if config references renamed/deleted component or if component is loaded dynamically.
dean_os\draft\dean_os_agent_system_v7\dean_os\config\agent_registry.yaml,class_like_name,PipelineReadinessAgent,POSSIBLY_MISSING,,Check if config references renamed/deleted component or if component is loaded dynamically.
dean_os\draft\dean_os_agent_system_v7\dean_os\config\agent_registry.yaml,class_path,dean_os.agents.domain_analyst,POSSIBLY_MISSING,,Check if config references renamed/deleted component or if component is loaded dynamically.
dean_os\draft\dean_os_agent_system_v7\dean_os\config\agent_registry.yaml,class_path,dean_os.agents.pipeline_manager,FOUND_IN_SOURCE,pipeline/hybrid_orchestrator.py;pipeline/hybrid/component_factory.py;pipeline/hybrid/orchestrator_interface.py;pipeline/hybrid/pipeline_manager.py;pipeline/hybrid/__init__.py,Verify this reference is used through a registry/factory/pipeline path.
dean_os\draft\dean_os_agent_system_v7\dean_os\config\agent_registry.yaml,class_path,dean_os.agents.pipeline_audit,POSSIBLY_MISSING,,Check if config references renamed/deleted component or if component is loaded dynamically.
dean_os\draft\dean_os_agent_system_v7\dean_os\config\agent_registry.yaml,class_path,dean_os.agents.agent_evaluation_controller,POSSIBLY_MISSING,,Check if config references renamed/deleted component or if component is loaded dynamically.
dean_os\draft\dean_os_agent_system_v7\dean_os\config\agent_registry.yaml,class_path,dean_os.agents.data_quality,FOUND_IN_SOURCE,monitoring/config.py;monitoring/dashboard.py;monitoring/monitoring_system.py;archive/model_selector_dead/context_prediction_mapper.py;archive/model_selector_dead/dynamic_weight_selector.py;archive/model_selector_dead/enhanced_context_analyzer.py;archive/monitoring/example_usage.py;archive/monitoring/tests.py;archive/training/pattern_aware_training.py;archive/pipeline/stages/stage_3_improvements.py;core/validation/validators.py;models/model_selector/smart_selector.py;processing/filters/price_filter.py,Verify this reference is used through a registry/factory/pipeline path.
dean_os\draft\dean_os_agent_system_v7\dean_os\config\agent_registry.yaml,class_path,dean_os.agents.risk,FOUND_IN_SOURCE,algorithms/adaptive_position_sizer.py;algorithms/metrics_mixin.py;algorithms/risk_parity_allocator.py;algorithms/__init__.py;archive/dean_integration.py;archive/financial_metrics.py;archive/legacy_smart_trader.py;config/unified_config_manager.py;dashboard/main_app.py;monitoring/health_hub.py;monitoring/ml_analytics.py;risk/elite_risk_metrics.py;risk/max_exposure_monitor.py;scripts/test_modular_pipeline.py;trading/adaptive_parameter_manager.py;trading/consensus_engine.py;trading/elite_risk_sizer.py;trading/portfolio_manager.py;trading/trading_orchestrator.py;trading/virtual_portfolio.py,Verify this reference is used through a registry/factory/pipeline path.
dean_os\draft\dean_os_agent_system_v7\dean_os\config\agent_registry.yaml,class_path,dean_os.agents.model_performance,FOUND_IN_SOURCE,agents/pipeline_bridge.py;archive/online_model_integration.py;dashboard/dashboard_data_bridge.py;dashboard/main_app.py;monitoring/config.py;monitoring/dashboard.py;monitoring/health_hub.py;monitoring/ml_analytics.py;monitoring/monitoring_system.py;trading/live_adaptive_ensemble.py;analytics/arena/performance_tracker.py;analytics/context/contextual_model_selector.py;analytics/signals/signal_analytics.py;archive/meta_learning/real_time_learning.py;archive/monitoring/example_usage.py;archive/monitoring/tests.py;archive/training/pattern_aware_training.py;ensembling/ensemble/archive/adaptive_ensemble.py;features/analysis/news_decay_modeler.py;models/analysis/regime_winner_analyzer.py,Verify this reference is used through a registry/factory/pipeline path.
dean_os\draft\dean_os_agent_system_v7\dean_os\config\agent_registry.yaml,class_path,dean_os.agents.regime,FOUND_IN_SOURCE,agents/pipeline_bridge.py;algorithms/adaptive_position_sizer.py;algorithms/__init__.py;devtools/rule_generator.py;ensembling/base_ensemble.py;ensembling/stacked_ensemble.py;features/feature_selector.py;models/__init__.py;scripts/test_modular_pipeline.py;trading/adaptive_parameter_manager.py;trading/consensus_engine.py;trading/live_adaptive_ensemble.py;trading/portfolio_manager.py;trading/trading_orchestrator.py;agents/archive/cognitive_pipeline.py;agents/modular_pipeline/orchestrator.py;agents/modular_pipeline/lenses/macro_regime_lens.py;algorithms/regime/clustering.py;algorithms/regime/metrics.py;algorithms/regime/rules.py,Verify this reference is used through a registry/factory/pipeline path.
dean_os\draft\dean_os_agent_system_v7\dean_os\config\agent_registry.yaml,class_path,dean_os.agents.context_synthesis,POSSIBLY_MISSING,,Check if config references renamed/deleted component or if component is loaded dynamically.
dean_os\draft\dean_os_agent_system_v7\dean_os\config\agent_registry.yaml,class_path,dean_os.agents.tuning,FOUND_IN_SOURCE,trading/adaptive_parameter_manager.py;archive/calibration/calibration_engine.py;archive/calibration/__init__.py;archive/patterns/pattern_tuning.py;devtools/experimentation/run_hyperparameter_tuning.py;features/analysis/news_decay_modeler.py;meta_learning/calibration/calibration_engine.py;meta_learning/security/constraint_engine.py,Verify this reference is used through a registry/factory/pipeline path.
dean_os\draft\dean_os_agent_system_v7\dean_os\config\agent_registry.yaml,class_path,dean_os.agents.chief_review,POSSIBLY_MISSING,,Check if config references renamed/deleted component or if component is loaded dynamically.
dean_os\draft\dean_os_agent_system_v7\dean_os\config\agent_registry.yaml,class_path,dean_os.agents.paper_portfolio,POSSIBLY_MISSING,,Check if config references renamed/deleted component or if component is loaded dynamically.
dean_os\draft\dean_os_agent_system_v7\dean_os\config\agent_registry.yaml,class_path,dean_os.agents.diary_bridge,POSSIBLY_MISSING,,Check if config references renamed/deleted component or if component is loaded dynamically.
dean_os\draft\dean_os_agent_system_v7\dean_os\config\agent_registry.yaml,class_path,dean_os.agents.source_routing,POSSIBLY_MISSING,,Check if config references renamed/deleted component or if component is loaded dynamically.
dean_os\draft\dean_os_agent_system_v7\dean_os\config\agent_registry.yaml,class_path,dean_os.agents.operations,FOUND_IN_SOURCE,cli/batch_manager.py;pipeline/pipeline_orchestrator.py;utils/path_safety.py;utils/path_utils.py;archive/utils/resource_limiter.py;core/file_management/file_manager.py;core/logging/log_standards.py;core/monitoring/memory_profiler.py;core/system/version_manager.py;core/validation/validators.py;data/management/connectors/bigquery_connector.py;features/utils/datetime_utils.py;pipeline/guards/temporal_leakage_guard.py;pipeline/hybrid/cache_manager.py;pipeline/hybrid/colab_manager.py;pipeline/hybrid/colab_workflow_manager.py;pipeline/hybrid/data_batch_manager.py;pipeline/hybrid/data_manager.py;pipeline/hybrid/data_processor.py;pipeline/hybrid/data_utils.py,Verify this reference is used through a registry/factory/pipeline path.
dean_os\draft\dean_os_agent_system_v7\dean_os\config\agent_registry.yaml,class_path,dean_os.agents.news_event_analyzer,POSSIBLY_MISSING,,Check if config references renamed/deleted component or if component is loaded dynamically.
dean_os\draft\dean_os_agent_system_v7\dean_os\config\agent_registry.yaml,class_path,dean_os.agents.research_agents,POSSIBLY_MISSING,,Check if config references renamed/deleted component or if component is loaded dynamically.
dean_os\draft\dean_os_agent_system_v7\dean_os\config\agent_registry.yaml,class_path,dean_os.agents.financial_nlp,POSSIBLY_MISSING,,Check if config references renamed/deleted component or if component is loaded dynamically.
dean_os\draft\dean_os_agent_system_v7\dean_os\config\agent_registry.yaml,model,null,FOUND_IN_SOURCE,cli/batch_manager.py;cli/pipeline_executor.py;analytics/utils/knn_model_wrapper.py;archive/model_selector_dead/dynamic_weight_selector.py;archive/model_selector_dead/enhanced_context_analyzer.py;archive/patterns/pattern_analyzer.py;archive/utils/missing_data_anomaly_detector.py;archive/pipeline/stages/stage_3_improvements.py;archive/pipeline/stages/prediction/result_builder.py;core/cache/cache_manager.py;core/utils/path_utils.py;core/validation/validators.py;data/collectors/free_google_trends_collector.py;data/validation/event_dataset_validator.py;features/enrichers/improved_sentiment_enricher.py;features/enrichers/sentiment_features_enricher.py;models/model_selector/smart_selector.py;pipeline/guards/safe_feature_combiner.py;pipeline/stages/collection/orchestrator.py;processing/filters/price_filter.py,Verify this reference is used through a registry/factory/pipeline path.
dean_os\draft\dean_os_agent_system_v7\dean_os\config\agent_registry.yaml,class_path,dean_os.agents.synthesis,FOUND_IN_SOURCE,trading/trading_orchestrator.py;archive/trading/signal_processor.py,Verify this reference is used through a registry/factory/pipeline path.
dean_os\draft\dean_os_agent_system_v7\dean_os\config\agent_registry.yaml,class_path,dean_os.agents.domain_research,FOUND_IN_SOURCE,agents/archive/cognitive_pipeline.py,Verify this reference is used through a registry/factory/pipeline path.
dean_os\draft\dean_os_agent_system_v7\dean_os\config\agent_registry.yaml,class_path,dean_os.agents.historical_analogies,POSSIBLY_MISSING,,Check if config references renamed/deleted component or if component is loaded dynamically.
dean_os\draft\dean_os_agent_system_v7\dean_os\config\agent_registry.yaml,class_path,dean_os.agents.unified_research_agent,POSSIBLY_MISSING,,Check if config references renamed/deleted component or if component is loaded dynamically.
dean_os\draft\dean_os_agent_system_v7\dean_os\config\agent_registry.yaml,class_path,dean_os.agents.coherence_scan,POSSIBLY_MISSING,,Check if config references renamed/deleted component or if component is loaded dynamically.
dean_os\draft\dean_os_agent_system_v7\dean_os\config\agent_registry.yaml,class_path,dean_os.agents.freshness_audit,POSSIBLY_MISSING,,Check if config references renamed/deleted component or if component is loaded dynamically.
dean_os\draft\dean_os_agent_system_v7\dean_os\config\agent_registry.yaml,class_path,dean_os.agents.pipeline_readiness,POSSIBLY_MISSING,,Check if config references renamed/deleted component or if component is loaded dynamically.
dean_os\draft\dean_os_agent_system_v7\dean_os\config\domain_profiles\semiconductor_ai_infrastructure.yaml,name,Semiconductor,POSSIBLY_MISSING,,Check if config references renamed/deleted component or if component is loaded dynamically.
dean_os\draft\dean_os_agent_system_v7\dean_os\config\macro_series_registry.yaml,name,ICE,FOUND_IN_SOURCE,processing/price_preprocessor.py;agents/modular_pipeline/lenses/financial_services_lens.py;archive/data/clean_price_anomalies.py;data/quality/news_price_availability_filter.py;features/nlp/deduplication_service.py;features/nlp/models/finbert_pipeline.py;pipeline/stages/feature_engineering/timeframe_context.py;pipeline/stages/prediction/data_preparation_service.py;pipeline/stages/prediction/model_selection_service.py;pipeline/stages/prediction/scaler_service.py;processing/filters/price_filter.py;scripts/simulation/shadow_arena.py,Verify this reference is used through a registry/factory/pipeline path.
dean_os\draft\dean_os_agent_system_v7\dean_os\config\macro_series_registry.yaml,name,Continued,POSSIBLY_MISSING,,Check if config references renamed/deleted component or if component is loaded dynamically.
dean_os\draft\dean_os_agent_system_v7\dean_os\config\macro_series_registry.yaml,name,Consumer,FOUND_IN_SOURCE,scripts/test_modular_pipeline.py;agents/modular_pipeline/orchestrator.py;agents/modular_pipeline/lenses/consumer_retail_lens.py;features/nlp/extractors/news_ticker_detector.py;pipeline/guards/macro_release_timing_guard.py,Verify this reference is used through a registry/factory/pipeline path.
dean_os\draft\dean_os_agent_system_v7\dean_os\config\macro_series_registry.yaml,name,Crude,FOUND_IN_SOURCE,agents/tools/eia_tool.py,Verify this reference is used through a registry/factory/pipeline path.
dean_os\draft\dean_os_agent_system_v7\dean_os\config\macro_series_registry.yaml,name,Chinese,POSSIBLY_MISSING,,Check if config references renamed/deleted component or if component is loaded dynamically.
dean_os\draft\dean_os_agent_system_v7\dean_os\config\macro_series_registry.yaml,name,U.S.,FOUND_IN_SOURCE,__init__.py;agents/pipeline_bridge.py;algorithms/adaptive_position_sizer.py;algorithms/metrics_mixin.py;algorithms/risk_parity_allocator.py;algorithms/transaction_cost_model.py;algorithms/__init__.py;analytics/analyzer_registry.py;analytics/interfaces.py;analytics/meta_pattern_miner.py;analytics/panic_correlation_analyzer.py;analytics/unified_analytics_engine.py;analytics/__init__.py;archive/dean_integration.py;archive/financial_metrics.py;archive/legacy_smart_trader.py;archive/online_model_integration.py;archive/portfolio_optimizer.py;cli/argument_parser.py;cli/argument_validator.py,Verify this reference is used through a registry/factory/pipeline path.
dean_os\draft\dean_os_agent_system_v7\dean_os\config\macro_series_registry.yaml,name,Manufacturers,POSSIBLY_MISSING,,Check if config references renamed/deleted component or if component is loaded dynamically.
dean_os\draft\dean_os_agent_system_v7\dean_os\config\macro_series_registry.yaml,name,Market,FOUND_IN_SOURCE,agents/pipeline_bridge.py;algorithms/adaptive_position_sizer.py;algorithms/__init__.py;archive/legacy_smart_trader.py;archive/portfolio_optimizer.py;dashboard/main_app.py;meta_learning/__init__.py;pipeline/timeframe_lineage.py;trading/adaptive_parameter_manager.py;trading/consensus_engine.py;validation/pipeline_schemas.py;agents/archive/veto_system.py;algorithms/regime/clustering.py;algorithms/regime/rules.py;algorithms/regime/types.py;analytics/analyzers/performance_attribution_analyzer.py;analytics/analyzers/risk_decomposition_analyzer.py;analytics/calculators/fama_french_factors.py;analytics/calculators/market_regime_calculator.py;analytics/context/market_context_analyzer.py,Verify this reference is used through a registry/factory/pipeline path.
dean_os\draft\dean_os_agent_system_v7\dean_os\config\macro_series_registry.yaml,name,Real,FOUND_IN_SOURCE,monitoring/data_freshness_monitor.py;monitoring/ml_analytics.py;monitoring/monitoring_system.py;monitoring/__init__.py;scripts/test_modular_pipeline.py;agents/modular_pipeline/orchestrator.py;agents/modular_pipeline/lenses/real_estate_construction_lens.py;analytics/context/ensemble_selector.py;archive/backtesting/engine.py;archive/calibration/calibration_engine.py;archive/meta_learning/real_time_learning.py;archive/models_dead/integrated_model_manager.py;archive/monitoring/example_usage.py;features/selection/volatility_driver_selector.py;meta_learning/awareness/context_engine.py;meta_learning/calibration/calibration_engine.py;meta_learning/security/constraint_engine.py;meta_learning/awareness/context/manager.py;models/monitoring/prediction_drift_monitor.py;models/monitoring/__init__.py,Verify this reference is used through a registry/factory/pipeline path.
dean_os\draft\dean_os_agent_system_v7\dean_os\config\macro_series_registry.yaml,name,Effective,FOUND_IN_SOURCE,analytics/analyzers/performance_attribution_analyzer.py,Verify this reference is used through a registry/factory/pipeline path.
dean_os\draft\dean_os_agent_system_v7\dean_os\config\macro_series_registry.yaml,name,Housing,POSSIBLY_MISSING,,Check if config references renamed/deleted component or if component is loaded dynamically.
dean_os\draft\dean_os_agent_system_v7\dean_os\config\macro_series_registry.yaml,name,Industrial,FOUND_IN_SOURCE,scripts/test_modular_pipeline.py;agents/modular_pipeline/orchestrator.py;agents/modular_pipeline/lenses/industrial_logistics_lens.py;features/nlp/extractors/news_ticker_detector.py,Verify this reference is used through a registry/factory/pipeline path.
dean_os\draft\dean_os_agent_system_v7\dean_os\config\macro_series_registry.yaml,name,All,FOUND_IN_SOURCE,algorithms/risk_parity_allocator.py;algorithms/__init__.py;archive/financial_metrics.py;core/version_checker.py;ensembling/caching.py;models/loader.py;processing/parallel_processor.py;sentiment/sentiment_models.py;trading/portfolio_manager.py;trading/post_inference_filter.py;training/base_trainer.py;training/batch_trainer.py;utils/path_safety.py;analytics/analyzers/performance_attribution_analyzer.py;analytics/arena/battle_groups.py;analytics/detectors/anomaly_detector.py;archive/backtesting/engine.py;archive/utils/missing_data_anomaly_detector.py;archive/pipeline/stages/stage_3_improvements.py;colab/models/sklearn_fallback.py,Verify this reference is used through a registry/factory/pipeline path.
dean_os\draft\dean_os_agent_system_v7\dean_os\config\macro_series_registry.yaml,name,Personal,POSSIBLY_MISSING,,Check if config references renamed/deleted component or if component is loaded dynamically.
dean_os\draft\dean_os_agent_system_v7\dean_os\config\macro_series_registry.yaml,name,New,FOUND_IN_SOURCE,cli/pipeline_executor.py;dashboard/main_app.py;features/news_clusterer.py;features/news_dataset_builder.py;features/news_impact_classifier.py;models/persistent_pool.py;scripts/test_modular_pipeline.py;trading/adaptive_parameter_manager.py;validation/pipeline_schemas.py;agents/archive/cognitive_extractor.py;analytics/analyzers/news_impact_analyzer.py;archive/calibration/adaptive_confidence_calibrator.py;archive/patterns/pattern_analyzer.py;archive/utils/feature_preparation.py;data/collectors/google_news_collector.py;data/collectors/newsapi_collector.py;data/quality/news_price_availability_filter.py;data/quality/temporal_alignment_checker.py;data/validation/event_dataset_validator.py;devtools/prototypes/live_trading_ticker_manager.py,Verify this reference is used through a registry/factory/pipeline path.
dean_os\draft\dean_os_agent_system_v7\dean_os\config\macro_series_registry.yaml,name,Producer,FOUND_IN_SOURCE,pipeline/guards/macro_release_timing_guard.py,Verify this reference is used through a registry/factory/pipeline path.
dean_os\draft\dean_os_agent_system_v7\dean_os\config\macro_series_registry.yaml,name,Advance,FOUND_IN_SOURCE,archive/legacy_smart_trader.py;archive/online_model_integration.py;simulation/simulation_engine.py;training/batch_trainer.py;validation/time_series_validator.py;analytics/analyzers/hedge_fund_analyzer.py;analytics/calculators/advanced_econometrics_calculator.py;analytics/calculators/econometrics_calculator.py;archive/algorithms/advanced_backtest_engine.py;archive/backtesting/engine.py;archive/calibration/adaptive_confidence_calibrator.py;archive/models_dead/integrated_model_manager.py;archive/model_selector_dead/selector.py;archive/patterns/pattern_analyzer.py;archive/validation/validation_protocols.py;archive/features/utils/hybrid_adaptive_technical_indicators.py;backtesting/advanced/advanced_engine.py;features/analysis/__init__.py;features/enrichers/advanced_analytics_enricher.py;features/validation/redundancy_detector.py,Verify this reference is used through a registry/factory/pipeline path.
dean_os\draft\dean_os_agent_system_v7\dean_os\config\macro_series_registry.yaml,name,10-Year,POSSIBLY_MISSING,,Check if config references renamed/deleted component or if component is loaded dynamically.
dean_os\draft\dean_os_agent_system_v7\dean_os\config\macro_series_registry.yaml,name,Total,FOUND_IN_SOURCE,dashboard/main_app.py;features/feature_orchestrator.py;monitoring/dashboard.py;risk/max_exposure_monitor.py;utils/trading_calendar.py;analytics/calculators/macro_score_calculator.py;analytics/signals/signal_analytics.py;archive/features/feature_selection_cache.py;archive/meta_learning/real_time_learning.py;archive/monitoring/tests.py;archive/patterns/pattern_analyzer.py;archive/risk/risk_manager.py;archive/pipeline/stages/stage_3_improvements.py;core/error_handling/error_handler.py;core/logging/log_standards.py;data/collectors/insider_collector.py;data/collectors/put_call_ratio_collector.py;main/modes/backtest.py;metrics/financial/portfolio_metrics.py;pipeline/hybrid/metadata_manager.py,Verify this reference is used through a registry/factory/pipeline path.
dean_os\draft\dean_os_agent_system_v7\dean_os\config\macro_series_registry.yaml,name,University,POSSIBLY_MISSING,,Check if config references renamed/deleted component or if component is loaded dynamically.
dean_os\draft\dean_os_agent_system_v7\dean_os\config\macro_series_registry.yaml,name,Unemployment,FOUND_IN_SOURCE,pipeline/guards/macro_release_timing_guard.py,Verify this reference is used through a registry/factory/pipeline path.
dean_os\draft\dean_os_agent_system_v7\dean_os\config\macro_series_registry.yaml,name,CBOE,FOUND_IN_SOURCE,data/collectors/put_call_ratio_collector.py,Verify this reference is used through a registry/factory/pipeline path.
dean_os\draft\dean_os_agent_system_v7\dean_os\config\macro_series_registry.yaml,name,Federal,FOUND_IN_SOURCE,features/news_clusterer.py;scripts/test_modular_pipeline.py;data/collectors/fred_collector.py;pipeline/guards/macro_release_timing_guard.py,Verify this reference is used through a registry/factory/pipeline path.
dean_os\draft\dean_os_agent_system_v7\dean_os\config\minimal_system_registry.yaml,class_like_name,PipelineControlAgent,POSSIBLY_MISSING,,Check if config references renamed/deleted component or if component is loaded dynamically.
dean_os\draft\dean_os_agent_system_v7\dean_os\config\minimal_system_registry.yaml,class_like_name,DataQualityAgent,FOUND_IN_SOURCE,agents/pipeline_bridge.py,Verify this reference is used through a registry/factory/pipeline path.
dean_os\draft\dean_os_agent_system_v7\dean_os\config\minimal_system_registry.yaml,class_like_name,RiskAgent,POSSIBLY_MISSING,,Check if config references renamed/deleted component or if component is loaded dynamically.
dean_os\draft\dean_os_agent_system_v7\dean_os\config\minimal_system_registry.yaml,class_like_name,RegimeAgent,POSSIBLY_MISSING,,Check if config references renamed/deleted component or if component is loaded dynamically.
dean_os\draft\dean_os_agent_system_v7\dean_os\config\minimal_system_registry.yaml,class_like_name,ContextSynthesisAgent,POSSIBLY_MISSING,,Check if config references renamed/deleted component or if component is loaded dynamically.
dean_os\draft\dean_os_agent_system_v7\dean_os\config\minimal_system_registry.yaml,class_like_name,TuningAgent,FOUND_IN_SOURCE,agents/pipeline_bridge.py,Verify this reference is used through a registry/factory/pipeline path.
dean_os\draft\dean_os_agent_system_v7\dean_os\config\minimal_system_registry.yaml,class_like_name,DomainAnalyticalAgent,POSSIBLY_MISSING,,Check if config references renamed/deleted component or if component is loaded dynamically.
dean_os\draft\dean_os_agent_system_v7\dean_os\config\minimal_system_registry.yaml,class_path,dean_os.agents.pipeline_control,FOUND_IN_SOURCE,pipeline/stages/evaluation/orchestrator.py;pipeline/stages/evaluation/pipeline_control_artifacts.py;pipeline/stages/modeling/io.py;pipeline/stages/modeling/orchestrator.py;pipeline/stages/modeling/pipeline_control_artifacts.py;pipeline/stages/modeling/training.py;pipeline/stages/modeling/walk_forward_validation.py,Verify this reference is used through a registry/factory/pipeline path.
dean_os\draft\dean_os_agent_system_v7\dean_os\config\minimal_system_registry.yaml,class_path,dean_os.agents.data_quality,FOUND_IN_SOURCE,monitoring/config.py;monitoring/dashboard.py;monitoring/monitoring_system.py;archive/model_selector_dead/context_prediction_mapper.py;archive/model_selector_dead/dynamic_weight_selector.py;archive/model_selector_dead/enhanced_context_analyzer.py;archive/monitoring/example_usage.py;archive/monitoring/tests.py;archive/training/pattern_aware_training.py;archive/pipeline/stages/stage_3_improvements.py;core/validation/validators.py;models/model_selector/smart_selector.py;processing/filters/price_filter.py,Verify this reference is used through a registry/factory/pipeline path.
dean_os\draft\dean_os_agent_system_v7\dean_os\config\minimal_system_registry.yaml,class_path,dean_os.agents.risk,FOUND_IN_SOURCE,algorithms/adaptive_position_sizer.py;algorithms/metrics_mixin.py;algorithms/risk_parity_allocator.py;algorithms/__init__.py;archive/dean_integration.py;archive/financial_metrics.py;archive/legacy_smart_trader.py;config/unified_config_manager.py;dashboard/main_app.py;monitoring/health_hub.py;monitoring/ml_analytics.py;risk/elite_risk_metrics.py;risk/max_exposure_monitor.py;scripts/test_modular_pipeline.py;trading/adaptive_parameter_manager.py;trading/consensus_engine.py;trading/elite_risk_sizer.py;trading/portfolio_manager.py;trading/trading_orchestrator.py;trading/virtual_portfolio.py,Verify this reference is used through a registry/factory/pipeline path.
dean_os\draft\dean_os_agent_system_v7\dean_os\config\minimal_system_registry.yaml,class_path,dean_os.agents.regime,FOUND_IN_SOURCE,agents/pipeline_bridge.py;algorithms/adaptive_position_sizer.py;algorithms/__init__.py;devtools/rule_generator.py;ensembling/base_ensemble.py;ensembling/stacked_ensemble.py;features/feature_selector.py;models/__init__.py;scripts/test_modular_pipeline.py;trading/adaptive_parameter_manager.py;trading/consensus_engine.py;trading/live_adaptive_ensemble.py;trading/portfolio_manager.py;trading/trading_orchestrator.py;agents/archive/cognitive_pipeline.py;agents/modular_pipeline/orchestrator.py;agents/modular_pipeline/lenses/macro_regime_lens.py;algorithms/regime/clustering.py;algorithms/regime/metrics.py;algorithms/regime/rules.py,Verify this reference is used through a registry/factory/pipeline path.
dean_os\draft\dean_os_agent_system_v7\dean_os\config\minimal_system_registry.yaml,class_path,dean_os.agents.context_synthesis,POSSIBLY_MISSING,,Check if config references renamed/deleted component or if component is loaded dynamically.
dean_os\draft\dean_os_agent_system_v7\dean_os\config\minimal_system_registry.yaml,class_path,dean_os.agents.tuning,FOUND_IN_SOURCE,trading/adaptive_parameter_manager.py;archive/calibration/calibration_engine.py;archive/calibration/__init__.py;archive/patterns/pattern_tuning.py;devtools/experimentation/run_hyperparameter_tuning.py;features/analysis/news_decay_modeler.py;meta_learning/calibration/calibration_engine.py;meta_learning/security/constraint_engine.py,Verify this reference is used through a registry/factory/pipeline path.
dean_os\draft\dean_os_agent_system_v7\dean_os\config\minimal_system_registry.yaml,class_path,dean_os.agents.domain_analytical,POSSIBLY_MISSING,,Check if config references renamed/deleted component or if component is loaded dynamically.
dean_os\draft\dean_os_agent_system_v7\dean_os\config\paper_trading.yaml,model,price_model,POSSIBLY_MISSING,,Check if config references renamed/deleted component or if component is loaded dynamically.
dean_os\draft\dean_os_agent_system_v7\dean_os\config\paper_trading.yaml,model,linear,FOUND_IN_SOURCE,archive/portfolio_optimizer.py;ensembling/base_ensemble.py;ensembling/stacked_ensemble.py;factories/model_factory.py;trading/consensus_engine.py;trading/live_adaptive_ensemble.py;training/constants.py;training/light_model_trainer.py;analytics/analyzers/risk_decomposition_analyzer.py;analytics/context/causal_effect_methods.py;analytics/context/counterfactual_generator.py;analytics/context/propensity_score_methods.py;analytics/engines/causal_engine.py;archive/calibration/adaptive_confidence_calibrator.py;archive/models/factory.py;archive/model_selector_dead/dynamic_weight_selector.py;archive/model_selector_dead/heavy_light_comparator.py;archive/training/pattern_aware_training.py;archive/utils/missing_data_anomaly_detector.py;archive/utils/smart_missing_data_handler.py,Verify this reference is used through a registry/factory/pipeline path.
dean_os\draft\dean_os_agent_system_v7\dean_os\config\semiconductor_issuer_identity_registry.yaml,name,NVIDIA,POSSIBLY_MISSING,,Check if config references renamed/deleted component or if component is loaded dynamically.
dean_os\draft\dean_os_agent_system_v7\dean_os\config\semiconductor_issuer_identity_registry.yaml,name,Advanced,FOUND_IN_SOURCE,archive/legacy_smart_trader.py;archive/online_model_integration.py;simulation/simulation_engine.py;training/batch_trainer.py;validation/time_series_validator.py;analytics/analyzers/hedge_fund_analyzer.py;analytics/calculators/advanced_econometrics_calculator.py;analytics/calculators/econometrics_calculator.py;archive/algorithms/advanced_backtest_engine.py;archive/backtesting/engine.py;archive/calibration/adaptive_confidence_calibrator.py;archive/models_dead/integrated_model_manager.py;archive/model_selector_dead/selector.py;archive/patterns/pattern_analyzer.py;archive/validation/validation_protocols.py;archive/features/utils/hybrid_adaptive_technical_indicators.py;backtesting/advanced/advanced_engine.py;features/analysis/__init__.py;features/enrichers/advanced_analytics_enricher.py;features/validation/redundancy_detector.py,Verify this reference is used through a registry/factory/pipeline path.
dean_os\draft\dean_os_agent_system_v7\dean_os\config\semiconductor_issuer_identity_registry.yaml,name,Intel,FOUND_IN_SOURCE,processing/data_filter.py;training/adaptive_training_manager.py;agents/archive/cognitive_extractor.py;analytics/context/ensemble_selector.py;archive/utils/smart_missing_data_handler.py;main/modes/intelligent.py;pipeline/stages/processing/orchestrator.py;processing/filters/news_filter.py;processing/filters/orchestrator.py;processing/filters/price_filter.py;processing/filters/social_filter.py;processing/filters/__init__.py,Verify this reference is used through a registry/factory/pipeline path.
dean_os\draft\dean_os_agent_system_v7\dean_os\config\semiconductor_issuer_identity_registry.yaml,name,Taiwan,POSSIBLY_MISSING,,Check if config references renamed/deleted component or if component is loaded dynamically.
dean_os\draft\dean_os_agent_system_v7\dean_os\draft\dean_os_after_385_advanced_governance_template_kits\01_existing_pipeline_integration_map\MODULE_TO_KIT_MAPPING_SCHEMA.yaml,name,module_to_kit_mapping_schema,POSSIBLY_MISSING,,Check if config references renamed/deleted component or if component is loaded dynamically.
dean_os\draft\dean_os_agent_system_v7\dean_os\draft\dean_os_after_385_advanced_governance_template_kits\02_data_provenance_reproducibility\FEATURE_MODEL_STATE_MANIFEST_TEMPLATE.yaml,name,feature_model_state_manifest_template,POSSIBLY_MISSING,,Check if config references renamed/deleted component or if component is loaded dynamically.
dean_os\draft\dean_os_agent_system_v7\dean_os\draft\dean_os_after_385_advanced_governance_template_kits\02_data_provenance_reproducibility\FEATURE_MODEL_STATE_MANIFEST_TEMPLATE.yaml,name,string,FOUND_IN_SOURCE,config/unified_config_manager.py;devtools/task_manager.py;features/feature_cache.py;features/feature_orchestrator.py;sentiment/sentiment_models.py;trading/adaptive_parameter_manager.py;utils/dynamic_module_loader.py;utils/path_utils.py;validation/validators.py;analytics/calculators/market_regime_calculator.py;analytics/context/market_phase_analyzer.py;analytics/signals/signal_analytics.py;archive/model_selector_dead/heavy_light_comparator.py;archive/model_selector_dead/selector.py;archive/reporting/results_manager.py;archive/utils/type_conversion.py;core/cache/cache_manager.py;core/error_handling/error_handler.py;core/logging/logger.py;core/logging/log_standards.py,Verify this reference is used through a registry/factory/pipeline path.
dean_os\draft\dean_os_agent_system_v7\dean_os\draft\dean_os_after_385_advanced_governance_template_kits\05_portfolio_capital_allocation_governance\CAPITAL_ALLOCATION_POLICY_TEMPLATE.yaml,name,capital_allocation_policy_template,POSSIBLY_MISSING,,Check if config references renamed/deleted component or if component is loaded dynamically.
dean_os\draft\dean_os_agent_system_v7\dean_os\draft\dean_os_after_385_automation_execution_governance_kit\AGENT_LEARNING_AUTOMATION_TEMPLATE.yaml,name,agent_learning_automation_template,POSSIBLY_MISSING,,Check if config references renamed/deleted component or if component is loaded dynamically.
dean_os\draft\dean_os_agent_system_v7\dean_os\draft\dean_os_after_385_automation_execution_governance_kit\ANALYST_ROUTING_REVIEW_QUEUE_TEMPLATE.yaml,name,analyst_routing_review_queue_template,POSSIBLY_MISSING,,Check if config references renamed/deleted component or if component is loaded dynamically.
dean_os\draft\dean_os_agent_system_v7\dean_os\draft\dean_os_after_385_automation_execution_governance_kit\COLLECTOR_HEALTH_AND_RUN_MANIFEST_TEMPLATE.yaml,name,collector_health_and_run_manifest_template,POSSIBLY_MISSING,,Check if config references renamed/deleted component or if component is loaded dynamically.
dean_os\draft\dean_os_agent_system_v7\dean_os\draft\dean_os_after_385_automation_execution_governance_kit\CONSTRAINED_EXECUTION_GATEWAY_TEMPLATE.yaml,name,constrained_execution_gateway_template,POSSIBLY_MISSING,,Check if config references renamed/deleted component or if component is loaded dynamically.
dean_os\draft\dean_os_agent_system_v7\dean_os\draft\dean_os_after_385_automation_execution_governance_kit\DAILY_AUTOMATION_RUN_TEMPLATE.yaml,name,daily_automation_run_template,POSSIBLY_MISSING,,Check if config references renamed/deleted component or if component is loaded dynamically.
dean_os\draft\dean_os_agent_system_v7\dean_os\draft\dean_os_after_385_automation_execution_governance_kit\MODEL_PROMOTION_AND_REPLAY_GATE_TEMPLATE.yaml,name,model_promotion_and_replay_gate_template,POSSIBLY_MISSING,,Check if config references renamed/deleted component or if component is loaded dynamically.
dean_os\draft\dean_os_agent_system_v7\dean_os\draft\dean_os_after_385_automation_execution_governance_kit\PIPELINE_CONTROLLER_AUTOMATION_TEMPLATE.yaml,name,pipeline_controller_automation_template,POSSIBLY_MISSING,,Check if config references renamed/deleted component or if component is loaded dynamically.
dean_os\draft\dean_os_agent_system_v7\dean_os\draft\dean_os_after_385_automation_execution_governance_kit\PIPELINE_DAILY_RUN_GOVERNOR_TEMPLATE.yaml,name,pipeline_daily_run_governor_template,POSSIBLY_MISSING,,Check if config references renamed/deleted component or if component is loaded dynamically.
dean_os\draft\dean_os_agent_system_v7\dean_os\draft\dean_os_after_385_automation_execution_governance_kit\RISK_LIMITS_KILL_SWITCH_TEMPLATE.yaml,name,risk_limits_kill_switch_template,POSSIBLY_MISSING,,Check if config references renamed/deleted component or if component is loaded dynamically.
dean_os\draft\dean_os_agent_system_v7\dean_os\draft\dean_os_after_385_automation_execution_governance_kit\SOURCE_QUALITY_DEDUPE_TEMPLATE.yaml,name,source_quality_dedupe_template,POSSIBLY_MISSING,,Check if config references renamed/deleted component or if component is loaded dynamically.
dean_os\draft\dean_os_agent_system_v7\dean_os\draft\dean_os_after_385_domain_learning_template_kit\CAUSAL_PATTERN_SCHEMA_TEMPLATE.yaml,name,causal_pattern_schema_template,POSSIBLY_MISSING,,Check if config references renamed/deleted component or if component is loaded dynamically.
dean_os\draft\dean_os_agent_system_v7\dean_os\draft\dean_os_after_385_domain_learning_template_kit\DAILY_DOMAIN_LEARNING_RUN_TEMPLATE.yaml,name,daily_domain_learning_run_template,POSSIBLY_MISSING,,Check if config references renamed/deleted component or if component is loaded dynamically.
dean_os\draft\dean_os_agent_system_v7\dean_os\draft\dean_os_after_385_domain_learning_template_kit\MATERIALITY_SCORING_TEMPLATE.yaml,name,materiality_scoring_template,POSSIBLY_MISSING,,Check if config references renamed/deleted component or if component is loaded dynamically.
dean_os\draft\dean_os_agent_system_v7\dean_os\draft\dean_os_after_385_domain_learning_template_kit\SAFE_AUTOMATION_BOUNDARY_TEMPLATE.yaml,name,safe_automation_boundary_template,POSSIBLY_MISSING,,Check if config references renamed/deleted component or if component is loaded dynamically.
dean_os\draft\dean_os_agent_system_v7\dean_os\draft\dean_os_after_385_eval_observability_audit_kit\AGENT_OUTPUT_QUALITY_METRICS.yaml,name,agent_output_quality_metrics,POSSIBLY_MISSING,,Check if config references renamed/deleted component or if component is loaded dynamically.
dean_os\draft\dean_os_agent_system_v7\dean_os\draft\dean_os_after_385_eval_observability_audit_kit\ALERTING_RULES_TEMPLATE.yaml,name,alerting_rules_template,POSSIBLY_MISSING,,Check if config references renamed/deleted component or if component is loaded dynamically.
dean_os\draft\dean_os_agent_system_v7\dean_os\draft\dean_os_after_385_eval_observability_audit_kit\CAUSAL_PATTERN_FALSE_POSITIVE_TESTS.yaml,name,causal_pattern_false_positive_tests,POSSIBLY_MISSING,,Check if config references renamed/deleted component or if component is loaded dynamically.
dean_os\draft\dean_os_agent_system_v7\dean_os\draft\dean_os_after_385_eval_observability_audit_kit\NUMERIC_UNIT_TRAP_TESTS.yaml,name,numeric_unit_trap_tests,POSSIBLY_MISSING,,Check if config references renamed/deleted component or if component is loaded dynamically.
dean_os\draft\dean_os_agent_system_v7\dean_os\draft\dean_os_after_385_eval_observability_audit_kit\RETRIEVAL_EVAL_TEMPLATE.yaml,name,retrieval_eval_template,POSSIBLY_MISSING,,Check if config references renamed/deleted component or if component is loaded dynamically.
dean_os\draft\dean_os_agent_system_v7\dean_os\draft\dean_os_after_385_eval_observability_audit_kit\SOURCE_GROUNDING_EVAL_TEMPLATE.yaml,name,source_grounding_eval_template,POSSIBLY_MISSING,,Check if config references renamed/deleted component or if component is loaded dynamically.
dean_os\draft\dean_os_agent_system_v7\dean_os\draft\dean_os_after_385_eval_observability_audit_kit\TIME_LEAKAGE_TESTS.yaml,name,time_leakage_tests,POSSIBLY_MISSING,,Check if config references renamed/deleted component or if component is loaded dynamically.
dean_os\draft\dean_os_agent_system_v7\dean_os\draft\dean_os_after_385_macro_regime_historical_hypothesis_kit\CAUSAL_GRAPH_TEMPLATE.yaml,name,causal_graph_template,POSSIBLY_MISSING,,Check if config references renamed/deleted component or if component is loaded dynamically.
dean_os\draft\dean_os_agent_system_v7\dean_os\draft\dean_os_after_385_macro_regime_historical_hypothesis_kit\CROSS_SECTIONAL_BASELINE_TEMPLATE.yaml,name,cross_sectional_baseline_template,POSSIBLY_MISSING,,Check if config references renamed/deleted component or if component is loaded dynamically.
dean_os\draft\dean_os_agent_system_v7\dean_os\draft\dean_os_after_385_macro_regime_historical_hypothesis_kit\DAILY_OPEN_HYPOTHESIS_UPDATE_RUN_TEMPLATE.yaml,name,daily_open_hypothesis_update_run_template,POSSIBLY_MISSING,,Check if config references renamed/deleted component or if component is loaded dynamically.
dean_os\draft\dean_os_agent_system_v7\dean_os\draft\dean_os_after_385_macro_regime_historical_hypothesis_kit\DATA_ALIGNMENT_FREQUENCY_TEMPLATE.yaml,name,data_alignment_frequency_template,POSSIBLY_MISSING,,Check if config references renamed/deleted component or if component is loaded dynamically.
dean_os\draft\dean_os_agent_system_v7\dean_os\draft\dean_os_after_385_macro_regime_historical_hypothesis_kit\EXPECTATION_GAP_SCHEMA.yaml,name,expectation_gap_schema,POSSIBLY_MISSING,,Check if config references renamed/deleted component or if component is loaded dynamically.
dean_os\draft\dean_os_agent_system_v7\dean_os\draft\dean_os_after_385_macro_regime_historical_hypothesis_kit\HISTORICAL_ANALOG_LIBRARY_TEMPLATE.yaml,name,historical_analog_library_template,POSSIBLY_MISSING,,Check if config references renamed/deleted component or if component is loaded dynamically.
dean_os\draft\dean_os_agent_system_v7\dean_os\draft\dean_os_after_385_macro_regime_historical_hypothesis_kit\HISTORICAL_DATA_USAGE_BOUNDARY_TEMPLATE.yaml,name,historical_data_usage_boundary_template,POSSIBLY_MISSING,,Check if config references renamed/deleted component or if component is loaded dynamically.
dean_os\draft\dean_os_agent_system_v7\dean_os\draft\dean_os_after_385_macro_regime_historical_hypothesis_kit\HISTORICAL_PRIOR_EVENT_DATABASE_TEMPLATE.yaml,name,historical_prior_event_database_template,POSSIBLY_MISSING,,Check if config references renamed/deleted component or if component is loaded dynamically.
dean_os\draft\dean_os_agent_system_v7\dean_os\draft\dean_os_after_385_macro_regime_historical_hypothesis_kit\HISTORICAL_PRIOR_EVENT_DATABASE_TEMPLATE.yaml,class,string,FOUND_IN_SOURCE,config/unified_config_manager.py;devtools/task_manager.py;features/feature_cache.py;features/feature_orchestrator.py;sentiment/sentiment_models.py;trading/adaptive_parameter_manager.py;utils/dynamic_module_loader.py;utils/path_utils.py;validation/validators.py;analytics/calculators/market_regime_calculator.py;analytics/context/market_phase_analyzer.py;analytics/signals/signal_analytics.py;archive/model_selector_dead/heavy_light_comparator.py;archive/model_selector_dead/selector.py;archive/reporting/results_manager.py;archive/utils/type_conversion.py;core/cache/cache_manager.py;core/error_handling/error_handler.py;core/logging/logger.py;core/logging/log_standards.py,Verify this reference is used through a registry/factory/pipeline path.
dean_os\draft\dean_os_agent_system_v7\dean_os\draft\dean_os_after_385_macro_regime_historical_hypothesis_kit\MACRO_REGIME_SNAPSHOT_SCHEMA.yaml,name,macro_regime_snapshot_schema,POSSIBLY_MISSING,,Check if config references renamed/deleted component or if component is loaded dynamically.
dean_os\draft\dean_os_agent_system_v7\dean_os\draft\dean_os_after_385_macro_regime_historical_hypothesis_kit\NARRATIVE_REGIME_TRACKING_TEMPLATE.yaml,name,narrative_regime_tracking_template,POSSIBLY_MISSING,,Check if config references renamed/deleted component or if component is loaded dynamically.
dean_os\draft\dean_os_agent_system_v7\dean_os\draft\dean_os_after_385_macro_regime_historical_hypothesis_kit\OUTCOME_REVIEW_TEMPLATE.yaml,name,outcome_review_template,POSSIBLY_MISSING,,Check if config references renamed/deleted component or if component is loaded dynamically.
dean_os\draft\dean_os_agent_system_v7\dean_os\draft\dean_os_after_385_macro_regime_historical_hypothesis_kit\PIPELINE_LEADING_RISK_MONITOR_TEMPLATE.yaml,name,pipeline_leading_risk_monitor_template,POSSIBLY_MISSING,,Check if config references renamed/deleted component or if component is loaded dynamically.
dean_os\draft\dean_os_agent_system_v7\dean_os\draft\dean_os_after_385_macro_regime_historical_hypothesis_kit\REFLEXIVITY_FEEDBACK_LOOP_TEMPLATE.yaml,name,reflexivity_feedback_loop_template,POSSIBLY_MISSING,,Check if config references renamed/deleted component or if component is loaded dynamically.
dean_os\draft\dean_os_agent_system_v7\dean_os\draft\dean_os_after_385_macro_regime_historical_hypothesis_kit\REGIME_CHANGING_EVENT_TEMPLATE.yaml,name,regime_changing_event_template,POSSIBLY_MISSING,,Check if config references renamed/deleted component or if component is loaded dynamically.
dean_os\draft\dean_os_agent_system_v7\dean_os\draft\dean_os_after_385_macro_regime_historical_hypothesis_kit\REGIME_CHANGING_EVENT_TEMPLATE.yaml,class,sector_event,POSSIBLY_MISSING,,Check if config references renamed/deleted component or if component is loaded dynamically.
dean_os\draft\dean_os_agent_system_v7\dean_os\draft\dean_os_after_385_macro_regime_historical_hypothesis_kit\REGIME_INDICATOR_CROSSWALK_TEMPLATE.yaml,name,regime_indicator_crosswalk_template,POSSIBLY_MISSING,,Check if config references renamed/deleted component or if component is loaded dynamically.
dean_os\draft\dean_os_agent_system_v7\dean_os\draft\dean_os_after_385_macro_regime_historical_hypothesis_kit\RISK_ARCHETYPE_DICTIONARY_TEMPLATE.yaml,name,risk_archetype_dictionary_template,POSSIBLY_MISSING,,Check if config references renamed/deleted component or if component is loaded dynamically.
dean_os\draft\dean_os_agent_system_v7\dean_os\draft\dean_os_after_385_macro_regime_historical_hypothesis_kit\SCENARIO_TREE_TEMPLATE.yaml,name,scenario_tree_template,POSSIBLY_MISSING,,Check if config references renamed/deleted component or if component is loaded dynamically.
dean_os\draft\dean_os_agent_system_v7\dean_os\draft\dean_os_after_385_macro_regime_historical_hypothesis_kit\VALIDATION_CIRCULARITY_CHECK_TEMPLATE.yaml,name,validation_circularity_check_template,POSSIBLY_MISSING,,Check if config references renamed/deleted component or if component is loaded dynamically.
dean_os\draft\dean_os_agent_system_v7\dean_os\draft\dean_os_after_385_operator_review_synchronous_learning_kit\FEEDBACK_TO_LEARNING_PIPELINE_TEMPLATE.yaml,name,feedback_to_learning_pipeline_template,POSSIBLY_MISSING,,Check if config references renamed/deleted component or if component is loaded dynamically.
dean_os\draft\dean_os_agent_system_v7\dean_os\draft\dean_os_after_385_operator_review_synchronous_learning_kit\REVIEW_QUEUE_PRIORITIZATION_TEMPLATE.yaml,name,review_queue_prioritization_template,POSSIBLY_MISSING,,Check if config references renamed/deleted component or if component is loaded dynamically.
dean_os\draft\dean_os_agent_system_v7\dean_os\draft\dean_os_after_385_scenario_stress_testing_kit\COMPONENT_STRESS_CHECK_MATRIX.yaml,name,component_stress_check_matrix,POSSIBLY_MISSING,,Check if config references renamed/deleted component or if component is loaded dynamically.
dean_os\draft\dean_os_agent_system_v7\dean_os\draft\dean_os_after_385_scenario_stress_testing_kit\STRESS_SCENARIO_SCHEMA.yaml,name,stress_scenario_schema,POSSIBLY_MISSING,,Check if config references renamed/deleted component or if component is loaded dynamically.
dean_os\draft\dean_os_agent_system_v7\dean_os\draft\dean_os_after_385_scenario_stress_testing_kit\STRESS_TEST_EXPECTED_BEHAVIOR_TEMPLATE.yaml,name,stress_test_expected_behavior_template,POSSIBLY_MISSING,,Check if config references renamed/deleted component or if component is loaded dynamically.
dean_os\draft\dean_os_agent_system_v7\dean_os\draft\dean_os_after_385_scenario_stress_testing_kit\STRESS_TEST_EXPECTED_BEHAVIOR_TEMPLATE.yaml,component,string,FOUND_IN_SOURCE,config/unified_config_manager.py;devtools/task_manager.py;features/feature_cache.py;features/feature_orchestrator.py;sentiment/sentiment_models.py;trading/adaptive_parameter_manager.py;utils/dynamic_module_loader.py;utils/path_utils.py;validation/validators.py;analytics/calculators/market_regime_calculator.py;analytics/context/market_phase_analyzer.py;analytics/signals/signal_analytics.py;archive/model_selector_dead/heavy_light_comparator.py;archive/model_selector_dead/selector.py;archive/reporting/results_manager.py;archive/utils/type_conversion.py;core/cache/cache_manager.py;core/error_handling/error_handler.py;core/logging/logger.py;core/logging/log_standards.py,Verify this reference is used through a registry/factory/pipeline path.
dean_os\draft\dean_os_agent_system_v7\dean_os\draft\dean_os_after_385_scenario_stress_testing_kit\STRESS_TEST_SCHEDULE_TEMPLATE.yaml,name,stress_test_schedule_template,POSSIBLY_MISSING,,Check if config references renamed/deleted component or if component is loaded dynamically.
dean_os\draft\dean_os_agent_system_v7\dean_os\draft\dean_os_after_385_strategy_library_playbook_governance_kit\PLAYBOOK_REGIME_COMPATIBILITY_MATRIX_TEMPLATE.yaml,name,playbook_regime_compatibility_matrix_template,POSSIBLY_MISSING,,Check if config references renamed/deleted component or if component is loaded dynamically.
dean_os\draft\dean_os_agent_system_v7\dean_os\draft\dean_os_after_385_strategy_library_playbook_governance_kit\STRATEGY_EVAL_REQUIREMENTS_TEMPLATE.yaml,name,strategy_eval_requirements_template,POSSIBLY_MISSING,,Check if config references renamed/deleted component or if component is loaded dynamically.
dean_os\draft\dean_os_agent_system_v7\dean_os\draft\dean_os_after_385_strategy_library_playbook_governance_kit\STRATEGY_INPUT_CONTRACT_TEMPLATE.yaml,name,strategy_input_contract_template,POSSIBLY_MISSING,,Check if config references renamed/deleted component or if component is loaded dynamically.
dean_os\draft\dean_os_agent_system_v7\dean_os\draft\dean_os_after_385_strategy_library_playbook_governance_kit\STRATEGY_PLAYBOOK_SCHEMA.yaml,name,strategy_playbook_schema,POSSIBLY_MISSING,,Check if config references renamed/deleted component or if component is loaded dynamically.
dean_os\draft\dean_os_agent_system_v7\dean_os\draft\dean_os_after_385_strategy_library_playbook_governance_kit\STRATEGY_PLAYBOOK_SCHEMA.yaml,name,string,FOUND_IN_SOURCE,config/unified_config_manager.py;devtools/task_manager.py;features/feature_cache.py;features/feature_orchestrator.py;sentiment/sentiment_models.py;trading/adaptive_parameter_manager.py;utils/dynamic_module_loader.py;utils/path_utils.py;validation/validators.py;analytics/calculators/market_regime_calculator.py;analytics/context/market_phase_analyzer.py;analytics/signals/signal_analytics.py;archive/model_selector_dead/heavy_light_comparator.py;archive/model_selector_dead/selector.py;archive/reporting/results_manager.py;archive/utils/type_conversion.py;core/cache/cache_manager.py;core/error_handling/error_handler.py;core/logging/logger.py;core/logging/log_standards.py,Verify this reference is used through a registry/factory/pipeline path.
dean_os\draft\dean_os_agent_system_v7\dean_os\draft\dean_os_after_385_strategy_library_playbook_governance_kit\STRATEGY_PROMOTION_GATE_TEMPLATE.yaml,name,strategy_promotion_gate_template,POSSIBLY_MISSING,,Check if config references renamed/deleted component or if component is loaded dynamically.
dean_os\draft\dean_os_agent_system_v7\dean_os\draft\dean_os_after_385_strategy_library_playbook_governance_kit\STRATEGY_TO_AGENT_ROLE_MAP.yaml,name,strategy_to_agent_role_map,POSSIBLY_MISSING,,Check if config references renamed/deleted component or if component is loaded dynamically.
dean_os\draft\dean_os_agent_system_v7\dean_os\draft\thinking\dean_os_analyst_ideas_codex_handoff_2026-06-26\IMPLEMENTATION_BACKLOG.json,class_like_name,MarketAlreadyPricedDetector,POSSIBLY_MISSING,,Check if config references renamed/deleted component or if component is loaded dynamically.
dean_os\draft\dean_os_agent_system_v7\dean_os\draft\thinking\dean_os_analyst_ideas_codex_handoff_2026-06-26\specs\daily_briefing_analyst_notes_spec_2026-06-26.json,class_like_name,MarketAlreadyPricedDetector,POSSIBLY_MISSING,,Check if config references renamed/deleted component or if component is loaded dynamically.
dean_os\draft\dean_os_agent_system_v7\src\config\analysis.yaml,class_like_name,MarketRegimeAnalyzer,FOUND_IN_SOURCE,analytics/context/market_regime_analyzer.py,Verify this reference is used through a registry/factory/pipeline path.
dean_os\draft\dean_os_agent_system_v7\src\config\analysis.yaml,class_like_name,AdaptiveConfidenceAnalyzer,FOUND_IN_SOURCE,trading/consensus_engine.py;analytics/analyzers/adaptive_confidence_analyzer.py,Verify this reference is used through a registry/factory/pipeline path.
dean_os\draft\dean_os_agent_system_v7\src\config\analysis.yaml,class_like_name,NewsImpactAnalyzer,FOUND_IN_SOURCE,analytics/analyzers/news_impact_analyzer.py;features/enrichers/news_impact_enricher.py,Verify this reference is used through a registry/factory/pipeline path.
dean_os\draft\dean_os_agent_system_v7\src\config\analysis.yaml,class_like_name,HedgeFundAnalyzer,FOUND_IN_SOURCE,analytics/analyzer_registry.py;dashboard/main_app.py;analytics/analyzers/hedge_fund_analyzer.py,Verify this reference is used through a registry/factory/pipeline path.
dean_os\draft\dean_os_agent_system_v7\src\config\analysis.yaml,class_like_name,MacroContextAnalyzer,FOUND_IN_SOURCE,analytics/context/macro_context_analyzer.py,Verify this reference is used through a registry/factory/pipeline path.
dean_os\draft\dean_os_agent_system_v7\src\config\analysis.yaml,class_like_name,CriticalSignalDetector,FOUND_IN_SOURCE,analytics/detectors/critical_signal_detector.py;pipeline/stages/prediction/orchestrator.py,Verify this reference is used through a registry/factory/pipeline path.
dean_os\draft\dean_os_agent_system_v7\src\config\analysis.yaml,class_like_name,PatternAnalyzer,FOUND_IN_SOURCE,archive/meta_learning/dean_trading_models.py;archive/patterns/pattern_analyzer.py;models/analysis/regime_winner_analyzer.py;models/analysis/regime/patterns.py;models/analysis/regime/__init__.py,Verify this reference is used through a registry/factory/pipeline path.
dean_os\draft\dean_os_agent_system_v7\src\config\analysis.yaml,class_like_name,RiskDecompositionAnalyzer,FOUND_IN_SOURCE,analytics/analyzers/risk_decomposition_analyzer.py,Verify this reference is used through a registry/factory/pipeline path.
dean_os\draft\dean_os_agent_system_v7\src\config\analysis.yaml,class_like_name,IAnalyzer,FOUND_IN_SOURCE,analytics/analyzer_registry.py;analytics/interfaces.py;analytics/unified_analytics_engine.py;analytics/analyzers/adaptive_confidence_analyzer.py;analytics/analyzers/causal_event_finder.py;analytics/analyzers/drift_analyzer.py;analytics/analyzers/hedge_fund_analyzer.py;analytics/analyzers/knn_similarity_finder.py;analytics/analyzers/model_comparison_analyzer.py;analytics/analyzers/news_impact_analyzer.py;analytics/analyzers/performance_attribution_analyzer.py;analytics/analyzers/risk_decomposition_analyzer.py;analytics/analyzers/shap_analyzer.py;analytics/analyzers/wrappers.py;analytics/context/contextual_model_selector.py;analytics/context/macro_context_analyzer.py;analytics/context/market_context_analyzer.py;analytics/context/market_phase_analyzer.py;analytics/context/market_regime_analyzer.py;analytics/context/prediction_adjuster.py,Verify this reference is used through a registry/factory/pipeline path.
dean_os\draft\dean_os_agent_system_v7\src\config\analysis.yaml,class_like_name,ModelHealthAnalyzer,FOUND_IN_SOURCE,models/analysis/model_health_analyzer.py,Verify this reference is used through a registry/factory/pipeline path.
dean_os\draft\dean_os_agent_system_v7\src\config\analysis.yaml,class_like_name,OverfittingAnalyzer,FOUND_IN_SOURCE,models/analysis/overfitting_detection/analyzer.py;models/analysis/overfitting_detection/manager.py;models/analysis/overfitting_detection/__init__.py,Verify this reference is used through a registry/factory/pipeline path.
dean_os\draft\dean_os_agent_system_v7\src\config\analysis.yaml,class_like_name,VolatilityCalculator,FOUND_IN_SOURCE,analytics/analyzers/wrappers.py;analytics/calculators/risk_reward_calculator.py;analytics/calculators/volatility_calculator.py;features/enrichers/derived_features_enricher.py;features/enrichers/technical_analysis_enricher.py,Verify this reference is used through a registry/factory/pipeline path.
dean_os\draft\dean_os_agent_system_v7\src\config\analysis.yaml,class_like_name,DrawdownCalculator,FOUND_IN_SOURCE,analytics/analyzers/hedge_fund_analyzer.py;analytics/analyzers/wrappers.py;analytics/calculators/drawdown_calculator.py;features/enrichers/technical_analysis_enricher.py,Verify this reference is used through a registry/factory/pipeline path.
dean_os\draft\dean_os_agent_system_v7\src\config\analysis.yaml,class_like_name,RiskRewardCalculator,FOUND_IN_SOURCE,analytics/analyzers/hedge_fund_analyzer.py;analytics/calculators/risk_reward_calculator.py;features/enrichers/technical_analysis_enricher.py,Verify this reference is used through a registry/factory/pipeline path.
dean_os\draft\dean_os_agent_system_v7\src\config\analysis.yaml,class_like_name,EconometricsCalculator,FOUND_IN_SOURCE,analytics/calculators/advanced_econometrics_calculator.py;analytics/calculators/econometrics_calculator.py;features/enrichers/technical_analysis_enricher.py;pipeline/stages/feature_engineering/orchestrator.py,Verify this reference is used through a registry/factory/pipeline path.
dean_os\draft\dean_os_agent_system_v7\src\config\analysis.yaml,class_like_name,SentimentStatsCalculator,FOUND_IN_SOURCE,analytics/calculators/sentiment_stats_calculator.py;features/enrichers/advanced_analytics_enricher.py;features/enrichers/technical_analysis_enricher.py,Verify this reference is used through a registry/factory/pipeline path.
dean_os\draft\dean_os_agent_system_v7\src\config\analysis.yaml,class_like_name,MarketRegimeDetector,FOUND_IN_SOURCE,algorithms/__init__.py;trading/consensus_engine.py;analytics/context/market_regime_analyzer.py;analytics/detectors/regime_detector.py;features/enrichers/technical_analysis_enricher.py;models/analysis/regime_winner_analyzer.py,Verify this reference is used through a registry/factory/pipeline path.
dean_os\draft\dean_os_agent_system_v7\src\config\analysis.yaml,class_like_name,MacroScoreCalculator,FOUND_IN_SOURCE,analytics/calculators/macro_score_calculator.py;analytics/context/macro_context_analyzer.py;features/enrichers/advanced_analytics_enricher.py;features/enrichers/technical_analysis_enricher.py,Verify this reference is used through a registry/factory/pipeline path.
dean_os\draft\dean_os_agent_system_v7\src\config\analysis.yaml,class_like_name,ExplainabilityCalculator,FOUND_IN_SOURCE,analytics/calculators/explainability_calculator.py;features/enrichers/technical_analysis_enricher.py,Verify this reference is used through a registry/factory/pipeline path.
dean_os\draft\dean_os_agent_system_v7\src\config\analysis.yaml,name,market_regime,FOUND_IN_SOURCE,agents/pipeline_bridge.py;algorithms/adaptive_position_sizer.py;ensembling/base_ensemble.py;ensembling/stacked_ensemble.py;features/feature_selector.py;trading/consensus_engine.py;trading/portfolio_manager.py;trading/trading_orchestrator.py;analytics/analyzers/adaptive_confidence_analyzer.py;analytics/calculators/market_regime_calculator.py;analytics/context/ensemble_selector.py;analytics/context/macro_context_analyzer.py;analytics/context/market_regime_analyzer.py;analytics/utils/analytics_math.py;archive/backtesting/engine.py;archive/features/feature_selection_cache.py;archive/meta_learning/real_time_learning.py;archive/model_selector_dead/context_prediction_mapper.py;archive/model_selector_dead/dynamic_weight_selector.py;archive/model_selector_dead/enhanced_context_analyzer.py,Verify this reference is used through a registry/factory/pipeline path.
dean_os\draft\dean_os_agent_system_v7\src\config\analysis.yaml,class,MarketRegimeAnalyzer,FOUND_IN_SOURCE,analytics/context/market_regime_analyzer.py,Verify this reference is used through a registry/factory/pipeline path.
dean_os\draft\dean_os_agent_system_v7\src\config\analysis.yaml,name,adaptive_confidence,FOUND_IN_SOURCE,trading/consensus_engine.py;analytics/analyzers/adaptive_confidence_analyzer.py;archive/calibration/adaptive_confidence_calibrator.py;models/calibration/adaptive_confidence_calibrator.py;models/calibration/prediction_ledger.py;pipeline/stages/prediction/orchestrator.py,Verify this reference is used through a registry/factory/pipeline path.
dean_os\draft\dean_os_agent_system_v7\src\config\analysis.yaml,class,AdaptiveConfidenceAnalyzer,FOUND_IN_SOURCE,trading/consensus_engine.py;analytics/analyzers/adaptive_confidence_analyzer.py,Verify this reference is used through a registry/factory/pipeline path.
dean_os\draft\dean_os_agent_system_v7\src\config\analysis.yaml,name,causal_event_finder,FOUND_IN_SOURCE,analytics/analyzer_registry.py;analytics/analyzers/causal_event_finder.py,Verify this reference is used through a registry/factory/pipeline path.
dean_os\draft\dean_os_agent_system_v7\src\config\analysis.yaml,class,CausalEngine,FOUND_IN_SOURCE,archive/dean_integration.py;analytics/analyzers/causal_event_finder.py;analytics/engines/causal_engine.py,Verify this reference is used through a registry/factory/pipeline path.
dean_os\draft\dean_os_agent_system_v7\src\config\analysis.yaml,name,knn_similarity,FOUND_IN_SOURCE,archive/dean_integration.py;analytics/analyzers/knn_similarity_finder.py;analytics/context/contextual_model_selector.py;archive/meta_learning/dean_trading_models.py;meta_learning/memory/knn_context_finder.py,Verify this reference is used through a registry/factory/pipeline path.
dean_os\draft\dean_os_agent_system_v7\src\config\analysis.yaml,class,KnnSimilarityFinder,FOUND_IN_SOURCE,archive/dean_integration.py;analytics/analyzers/knn_similarity_finder.py;analytics/context/contextual_model_selector.py;archive/meta_learning/dean_trading_models.py;meta_learning/memory/knn_context_finder.py,Verify this reference is used through a registry/factory/pipeline path.
dean_os\draft\dean_os_agent_system_v7\src\config\analysis.yaml,name,news_impact,FOUND_IN_SOURCE,config/unified_config_manager.py;features/news_dataset_builder.py;features/news_impact_classifier.py;analytics/analyzers/news_impact_analyzer.py;archive/models/feature_selector.py;features/analysis/news_decay_modeler.py;features/enrichers/news_impact_enricher.py;features/analysis/decay/decay_predictor.py;models/adapters/unified_model_adapter.py;pipeline/stages/trading/recommendation_engine.py,Verify this reference is used through a registry/factory/pipeline path.
dean_os\draft\dean_os_agent_system_v7\src\config\analysis.yaml,class,NewsImpactAnalyzer,FOUND_IN_SOURCE,analytics/analyzers/news_impact_analyzer.py;features/enrichers/news_impact_enricher.py,Verify this reference is used through a registry/factory/pipeline path.
dean_os\draft\dean_os_agent_system_v7\src\config\analysis.yaml,name,hedge_fund_style,POSSIBLY_MISSING,,Check if config references renamed/deleted component or if component is loaded dynamically.
dean_os\draft\dean_os_agent_system_v7\src\config\analysis.yaml,class,HedgeFundAnalyzer,FOUND_IN_SOURCE,analytics/analyzer_registry.py;dashboard/main_app.py;analytics/analyzers/hedge_fund_analyzer.py,Verify this reference is used through a registry/factory/pipeline path.
dean_os\draft\dean_os_agent_system_v7\src\config\analysis.yaml,name,macro_context,FOUND_IN_SOURCE,features/news_dataset_builder.py;analytics/context/macro_context_analyzer.py;data/collectors/sdmx_macro_collector.py;pipeline/stages/collection/orchestrator.py,Verify this reference is used through a registry/factory/pipeline path.
dean_os\draft\dean_os_agent_system_v7\src\config\analysis.yaml,class,MacroContextAnalyzer,FOUND_IN_SOURCE,analytics/context/macro_context_analyzer.py,Verify this reference is used through a registry/factory/pipeline path.
dean_os\draft\dean_os_agent_system_v7\src\config\analysis.yaml,name,critical_signals,POSSIBLY_MISSING,,Check if config references renamed/deleted component or if component is loaded dynamically.
dean_os\draft\dean_os_agent_system_v7\src\config\analysis.yaml,class,CriticalSignalDetector,FOUND_IN_SOURCE,analytics/detectors/critical_signal_detector.py;pipeline/stages/prediction/orchestrator.py,Verify this reference is used through a registry/factory/pipeline path.
dean_os\draft\dean_os_agent_system_v7\src\config\analysis.yaml,name,pattern_analysis,FOUND_IN_SOURCE,archive/patterns/pattern_analyzer.py,Verify this reference is used through a registry/factory/pipeline path.
dean_os\draft\dean_os_agent_system_v7\src\config\analysis.yaml,class,PatternAnalyzer,FOUND_IN_SOURCE,archive/meta_learning/dean_trading_models.py;archive/patterns/pattern_analyzer.py;models/analysis/regime_winner_analyzer.py;models/analysis/regime/patterns.py;models/analysis/regime/__init__.py,Verify this reference is used through a registry/factory/pipeline path.
dean_os\draft\dean_os_agent_system_v7\src\config\analysis.yaml,name,risk_decomposition,FOUND_IN_SOURCE,analytics/analyzers/risk_decomposition_analyzer.py,Verify this reference is used through a registry/factory/pipeline path.
dean_os\draft\dean_os_agent_system_v7\src\config\analysis.yaml,class,RiskDecompositionAnalyzer,FOUND_IN_SOURCE,analytics/analyzers/risk_decomposition_analyzer.py,Verify this reference is used through a registry/factory/pipeline path.
dean_os\draft\dean_os_agent_system_v7\src\config\analysis.yaml,name,model_health,FOUND_IN_SOURCE,archive/online_model_integration.py;archive/models_dead/integrated_model_manager.py;models/analysis/model_health_analyzer.py;models/health/model_health_evaluator.py;models/statistics/model_statistics.py,Verify this reference is used through a registry/factory/pipeline path.
dean_os\draft\dean_os_agent_system_v7\src\config\analysis.yaml,class,ModelHealthAnalyzer,FOUND_IN_SOURCE,models/analysis/model_health_analyzer.py,Verify this reference is used through a registry/factory/pipeline path.
dean_os\draft\dean_os_agent_system_v7\src\config\analysis.yaml,name,overfitting_detection,FOUND_IN_SOURCE,models/analysis/overfitting_detector.py;models/analysis/overfitting_detection/analyzer.py;models/analysis/overfitting_detection/config.py;models/analysis/overfitting_detection/manager.py;models/analysis/overfitting_detection/metrics.py;models/analysis/overfitting_detection/visualizer.py;models/analysis/overfitting_detection/__init__.py,Verify this reference is used through a registry/factory/pipeline path.
dean_os\draft\dean_os_agent_system_v7\src\config\analysis.yaml,class,OverfittingAnalyzer,FOUND_IN_SOURCE,models/analysis/overfitting_detection/analyzer.py;models/analysis/overfitting_detection/manager.py;models/analysis/overfitting_detection/__init__.py,Verify this reference is used through a registry/factory/pipeline path.
dean_os\draft\dean_os_agent_system_v7\src\config\analysis.yaml,class,VolatilityCalculator,FOUND_IN_SOURCE,analytics/analyzers/wrappers.py;analytics/calculators/risk_reward_calculator.py;analytics/calculators/volatility_calculator.py;features/enrichers/derived_features_enricher.py;features/enrichers/technical_analysis_enricher.py,Verify this reference is used through a registry/factory/pipeline path.
dean_os\draft\dean_os_agent_system_v7\src\config\analysis.yaml,class,DrawdownCalculator,FOUND_IN_SOURCE,analytics/analyzers/hedge_fund_analyzer.py;analytics/analyzers/wrappers.py;analytics/calculators/drawdown_calculator.py;features/enrichers/technical_analysis_enricher.py,Verify this reference is used through a registry/factory/pipeline path.
dean_os\draft\dean_os_agent_system_v7\src\config\analysis.yaml,class,RiskRewardCalculator,FOUND_IN_SOURCE,analytics/analyzers/hedge_fund_analyzer.py;analytics/calculators/risk_reward_calculator.py;features/enrichers/technical_analysis_enricher.py,Verify this reference is used through a registry/factory/pipeline path.
dean_os\draft\dean_os_agent_system_v7\src\config\analysis.yaml,class,FamaFrenchFactors,FOUND_IN_SOURCE,dashboard/main_app.py;analytics/analyzers/hedge_fund_analyzer.py;analytics/analyzers/wrappers.py;analytics/calculators/fama_french_factors.py;features/enrichers/technical_analysis_enricher.py,Verify this reference is used through a registry/factory/pipeline path.
dean_os\draft\dean_os_agent_system_v7\src\config\analysis.yaml,class,EconometricsCalculator,FOUND_IN_SOURCE,analytics/calculators/advanced_econometrics_calculator.py;analytics/calculators/econometrics_calculator.py;features/enrichers/technical_analysis_enricher.py;pipeline/stages/feature_engineering/orchestrator.py,Verify this reference is used through a registry/factory/pipeline path.
dean_os\draft\dean_os_agent_system_v7\src\config\analysis.yaml,class,SentimentStatsCalculator,FOUND_IN_SOURCE,analytics/calculators/sentiment_stats_calculator.py;features/enrichers/advanced_analytics_enricher.py;features/enrichers/technical_analysis_enricher.py,Verify this reference is used through a registry/factory/pipeline path.
dean_os\draft\dean_os_agent_system_v7\src\config\analysis.yaml,class,MacroScoreCalculator,FOUND_IN_SOURCE,analytics/calculators/macro_score_calculator.py;analytics/context/macro_context_analyzer.py;features/enrichers/advanced_analytics_enricher.py;features/enrichers/technical_analysis_enricher.py,Verify this reference is used through a registry/factory/pipeline path.
dean_os\draft\dean_os_agent_system_v7\src\config\analysis.yaml,class,ExplainabilityCalculator,FOUND_IN_SOURCE,analytics/calculators/explainability_calculator.py;features/enrichers/technical_analysis_enricher.py,Verify this reference is used through a registry/factory/pipeline path.
dean_os\draft\dean_os_agent_system_v7\src\config\cloud_storage.yaml,name,trading_multi_project,POSSIBLY_MISSING,,Check if config references renamed/deleted component or if component is loaded dynamically.
dean_os\draft\dean_os_agent_system_v7\src\config\collectors.yaml,class_like_name,LocalFileCollector,FOUND_IN_SOURCE,data/collectors/local_file_collector.py,Verify this reference is used through a registry/factory/pipeline path.
dean_os\draft\dean_os_agent_system_v7\src\config\collectors.yaml,class,LocalFileCollector,FOUND_IN_SOURCE,data/collectors/local_file_collector.py,Verify this reference is used through a registry/factory/pipeline path.
dean_os\draft\dean_os_agent_system_v7\src\config\collectors.yaml,name,local_market_data,POSSIBLY_MISSING,,Check if config references renamed/deleted component or if component is loaded dynamically.
dean_os\draft\dean_os_agent_system_v7\src\config\collectors.yaml,name,market_data_raw,FOUND_IN_SOURCE,cli/pipeline_executor.py;data/collectors/yf_collector.py;data/management/data_manager.py;main/modes/monster_test.py;pipeline/stages/collection/orchestrator.py;pipeline/stages/feature_engineering/orchestrator.py,Verify this reference is used through a registry/factory/pipeline path.
dean_os\draft\dean_os_agent_system_v7\src\config\collectors.yaml,name,google_trends_data,POSSIBLY_MISSING,,Check if config references renamed/deleted component or if component is loaded dynamically.
dean_os\draft\dean_os_agent_system_v7\src\config\collectors.yaml,name,fred_data,FOUND_IN_SOURCE,cli/pipeline_executor.py;data/collectors/fred_collector.py;features/enrichers/macro_features_enricher.py;pipeline/stages/collection/orchestrator.py;scripts/simulation/shadow_arena.py,Verify this reference is used through a registry/factory/pipeline path.
dean_os\draft\dean_os_agent_system_v7\src\config\collectors.yaml,name,google_news,FOUND_IN_SOURCE,cli/pipeline_executor.py;validation/validators.py;data/collectors/google_news_collector.py;pipeline/stages/collection/orchestrator.py;pipeline/stages/utils/collection_manager.py,Verify this reference is used through a registry/factory/pipeline path.
dean_os\draft\dean_os_agent_system_v7\src\config\collectors.yaml,name,rss_news,FOUND_IN_SOURCE,cli/pipeline_executor.py;data/collectors/rss_collector.py,Verify this reference is used through a registry/factory/pipeline path.
dean_os\draft\dean_os_agent_system_v7\src\config\collectors.yaml,name,newsapi_articles,FOUND_IN_SOURCE,cli/pipeline_executor.py;validation/validators.py;data/collectors/newsapi_collector.py,Verify this reference is used through a registry/factory/pipeline path.
dean_os\draft\dean_os_agent_system_v7\src\config\collectors.yaml,name,economic_calendar,FOUND_IN_SOURCE,cli/pipeline_executor.py;data/collectors/economic_calendar_collector.py;features/enrichers/economic_calendar_enricher.py;pipeline/stages/collection/orchestrator.py;pipeline/stages/utils/collection_manager.py,Verify this reference is used through a registry/factory/pipeline path.
dean_os\draft\dean_os_agent_system_v7\src\config\collectors.yaml,name,sec_filings,FOUND_IN_SOURCE,cli/pipeline_executor.py;data/collectors/sec_filings_collector.py;pipeline/stages/collection/orchestrator.py;pipeline/stages/utils/collection_manager.py,Verify this reference is used through a registry/factory/pipeline path.
dean_os\draft\dean_os_agent_system_v7\src\config\collectors.yaml,name,insider_trades,FOUND_IN_SOURCE,data/collectors/insider_collector.py,Verify this reference is used through a registry/factory/pipeline path.
dean_os\draft\dean_os_agent_system_v7\src\config\collectors.yaml,name,huggingface_data,FOUND_IN_SOURCE,cli/pipeline_data_loader.py;cli/pipeline_executor.py;data/collectors/huggingface_collector.py,Verify this reference is used through a registry/factory/pipeline path.
dean_os\draft\dean_os_agent_system_v7\src\config\collectors.yaml,name,zeroshot,POSSIBLY_MISSING,,Check if config references renamed/deleted component or if component is loaded dynamically.
dean_os\draft\dean_os_agent_system_v7\src\config\collectors.yaml,name,null,FOUND_IN_SOURCE,cli/batch_manager.py;cli/pipeline_executor.py;analytics/utils/knn_model_wrapper.py;archive/model_selector_dead/dynamic_weight_selector.py;archive/model_selector_dead/enhanced_context_analyzer.py;archive/patterns/pattern_analyzer.py;archive/utils/missing_data_anomaly_detector.py;archive/pipeline/stages/stage_3_improvements.py;archive/pipeline/stages/prediction/result_builder.py;core/cache/cache_manager.py;core/utils/path_utils.py;core/validation/validators.py;data/collectors/free_google_trends_collector.py;data/validation/event_dataset_validator.py;features/enrichers/improved_sentiment_enricher.py;features/enrichers/sentiment_features_enricher.py;models/model_selector/smart_selector.py;pipeline/guards/safe_feature_combiner.py;pipeline/stages/collection/orchestrator.py;processing/filters/price_filter.py,Verify this reference is used through a registry/factory/pipeline path.
dean_os\draft\dean_os_agent_system_v7\src\config\collectors.yaml,name,bigquery_data,POSSIBLY_MISSING,,Check if config references renamed/deleted component or if component is loaded dynamically.
dean_os\draft\dean_os_agent_system_v7\src\config\collectors.yaml,name,news_patterns,FOUND_IN_SOURCE,archive/patterns/pattern_analyzer.py;pipeline/stages/collection/orchestrator.py,Verify this reference is used through a registry/factory/pipeline path.
dean_os\draft\dean_os_agent_system_v7\src\config\collectors.yaml,name,vix_data,FOUND_IN_SOURCE,data/collectors/vix_collector.py;data/management/data_manager.py,Verify this reference is used through a registry/factory/pipeline path.
dean_os\draft\dean_os_agent_system_v7\src\config\collectors.yaml,name,put_call_ratio_data,FOUND_IN_SOURCE,data/collectors/put_call_ratio_collector.py,Verify this reference is used through a registry/factory/pipeline path.
dean_os\draft\dean_os_agent_system_v7\src\config\collectors.yaml,name,fear_greed_data,FOUND_IN_SOURCE,data/collectors/alternative_me_collector.py;data/collectors/fear_greed_collector.py,Verify this reference is used through a registry/factory/pipeline path.
dean_os\draft\dean_os_agent_system_v7\src\config\collectors.yaml,name,aaii_sentiment_data,FOUND_IN_SOURCE,data/collectors/aaii_sentiment_collector.py,Verify this reference is used through a registry/factory/pipeline path.
dean_os\draft\dean_os_agent_system_v7\src\config\collectors.yaml,name,cftc_data,FOUND_IN_SOURCE,data/collectors/cftc_collector.py,Verify this reference is used through a registry/factory/pipeline path.
dean_os\draft\dean_os_agent_system_v7\src\config\collectors.yaml,name,reddit_sentiment_data,POSSIBLY_MISSING,,Check if config references renamed/deleted component or if component is loaded dynamically.
dean_os\draft\dean_os_agent_system_v7\src\config\collectors.yaml,name,local_file_source,POSSIBLY_MISSING,,Check if config references renamed/deleted component or if component is loaded dynamically.
dean_os\draft\dean_os_agent_system_v7\src\config\collectors.yaml,class,LocalFileDataSource,FOUND_IN_SOURCE,archive/data_sources/local_file_data_source.py;archive/data_sources/__init__.py,Verify this reference is used through a registry/factory/pipeline path.
dean_os\draft\dean_os_agent_system_v7\src\config\context.yaml,name,Financial,FOUND_IN_SOURCE,algorithms/metrics_mixin.py;archive/financial_metrics.py;monitoring/health_hub.py;scripts/test_modular_pipeline.py;agents/modular_pipeline/orchestrator.py;agents/modular_pipeline/lenses/financial_services_lens.py;analytics/calculators/risk_reward_calculator.py;archive/validation/temporal_feature_separator.py;data/collectors/cftc_collector.py;features/nlp/extractors/keyword_extractor.py;features/nlp/extractors/news_ticker_detector.py;metrics/financial/financial_metrics_library.py;metrics/financial/portfolio_metrics.py;pipeline/stages/evaluation/metrics_calculator.py;pipeline/stages/evaluation/orchestrator.py;pipeline/stages/evaluation/report_generator.py;scripts/experiments/compare_layers.py,Verify this reference is used through a registry/factory/pipeline path.
dean_os\draft\dean_os_agent_system_v7\src\config\context.yaml,name,COVID-19,POSSIBLY_MISSING,,Check if config references renamed/deleted component or if component is loaded dynamically.
dean_os\draft\dean_os_agent_system_v7\src\config\context.yaml,name,Dot-com,POSSIBLY_MISSING,,Check if config references renamed/deleted component or if component is loaded dynamically.
dean_os\draft\dean_os_agent_system_v7\src\config\context.yaml,name,Black,FOUND_IN_SOURCE,algorithms/risk_parity_allocator.py;data/collectors/synthetic_generator.py;main/modes/monster_test.py;main/modes/shadow_battle.py;scripts/optimization/portfolio/optimizer.py,Verify this reference is used through a registry/factory/pipeline path.
dean_os\draft\dean_os_agent_system_v7\src\config\context.yaml,name,Great,FOUND_IN_SOURCE,archive/monitoring/tests.py,Verify this reference is used through a registry/factory/pipeline path.
dean_os\draft\dean_os_agent_system_v7\src\config\context.yaml,name,Inflation,FOUND_IN_SOURCE,agents/archive/cognitive_extractor.py;agents/archive/cognitive_pipeline.py;archive/models_dead/universal_registry.py;data/collectors/sdmx_macro_collector.py;features/validation/redundancy_detector.py;scripts/simulation/shadow_arena.py,Verify this reference is used through a registry/factory/pipeline path.
dean_os\draft\dean_os_agent_system_v7\src\config\context.yaml,name,Rate,FOUND_IN_SOURCE,dashboard/main_app.py;trading/live_adaptive_ensemble.py;utils/rate_limiter.py;agents/archive/cognitive_extractor.py;agents/tools/gdelt_tool.py;archive/calibration/calibration_engine.py;archive/meta_learning/real_time_learning.py;archive/models_dead/integrated_model_manager.py;core/clients/http_client_factory.py;core/clients/llm_client.py;data/collectors/insider_collector.py;data/collectors/wikimedia_attention_collector.py;features/enrichers/volume_enricher.py;meta_learning/calibration/calibration_engine.py;meta_learning/memory/diary_engine.py;meta_learning/security/agent_permissions.py;metrics/financial/financial_metrics_library.py;models/analysis/baselines/strategies.py;models/ensemble/calibration/strategies.py;pipeline/guards/macro_release_timing_guard.py,Verify this reference is used through a registry/factory/pipeline path.
dean_os\draft\dean_os_agent_system_v7\src\config\context.yaml,name,Banking,FOUND_IN_SOURCE,patterns/pattern_recognition_adjustment.py,Verify this reference is used through a registry/factory/pipeline path.
dean_os\draft\dean_os_agent_system_v7\src\config\context.yaml,name,Tech,FOUND_IN_SOURCE,patterns/pattern_recognition_adjustment.py;scripts/test_modular_pipeline.py;agents/modular_pipeline/orchestrator.py;agents/modular_pipeline/lenses/healthcare_biotech_lens.py;agents/modular_pipeline/lenses/technology_lens.py;archive/utils/smart_missing_data_handler.py;archive/features/utils/hybrid_adaptive_technical_indicators.py;archive/features/utils/modular_adaptive_technical_indicators.py;archive/features/utils/simple_adaptive_technical_indicators.py;features/enrichers/advanced_analytics_enricher.py;features/enrichers/nlp_features_enricher.py;features/enrichers/technical_analysis_enricher.py;features/selection/enhanced_smart_selector.py;features/utils/adaptive_indicators.py;features/utils/technical_indicators_lib.py;features/nlp/extractors/news_ticker_detector.py;scripts/simulation/shadow_arena.py,Verify this reference is used through a registry/factory/pipeline path.
dean_os\draft\dean_os_agent_system_v7\src\config\context.yaml,name,Crypto,FOUND_IN_SOURCE,data/collectors/newsapi_collector.py;data/collectors/sec_filings_collector.py;pipeline/stages/trading/recommendation_engine.py,Verify this reference is used through a registry/factory/pipeline path.
dean_os\draft\dean_os_agent_system_v7\src\config\context.yaml,name,Geopolitical,FOUND_IN_SOURCE,patterns/pattern_recognition_adjustment.py;scripts/test_modular_pipeline.py;agents/modular_pipeline/orchestrator.py;agents/modular_pipeline/lenses/geopolitical_risk_lens.py;archive/patterns/pattern_analyzer.py;scripts/simulation/shadow_arena.py,Verify this reference is used through a registry/factory/pipeline path.
dean_os\draft\dean_os_agent_system_v7\src\config\context.yaml,name,Energy,FOUND_IN_SOURCE,features/entity_linker.py;scripts/test_modular_pipeline.py;agents/modular_pipeline/orchestrator.py;agents/tools/eia_tool.py;agents/modular_pipeline/lenses/energy_commodity_lens.py;features/nlp/extractors/news_ticker_detector.py;scripts/simulation/shadow_arena.py,Verify this reference is used through a registry/factory/pipeline path.
dean_os\draft\dean_os_agent_system_v7\src\config\context.yaml,name,Supply,FOUND_IN_SOURCE,agents/archive/cognitive_extractor.py;agents/archive/cognitive_pipeline.py,Verify this reference is used through a registry/factory/pipeline path.
dean_os\draft\dean_os_agent_system_v7\src\config\context.yaml,name,Housing,POSSIBLY_MISSING,,Check if config references renamed/deleted component or if component is loaded dynamically.
dean_os\draft\dean_os_agent_system_v7\src\config\context.yaml,name,Flash,FOUND_IN_SOURCE,data/collectors/synthetic_generator.py;main/modes/shadow_battle.py,Verify this reference is used through a registry/factory/pipeline path.
dean_os\draft\dean_os_agent_system_v7\src\config\context.yaml,name,European,POSSIBLY_MISSING,,Check if config references renamed/deleted component or if component is loaded dynamically.
dean_os\draft\dean_os_agent_system_v7\src\config\context.yaml,name,Asian,POSSIBLY_MISSING,,Check if config references renamed/deleted component or if component is loaded dynamically.
dean_os\draft\dean_os_agent_system_v7\src\config\data_sources.yaml,name,local_file_source,POSSIBLY_MISSING,,Check if config references renamed/deleted component or if component is loaded dynamically.
dean_os\draft\dean_os_agent_system_v7\src\config\data_sources.yaml,class,LocalFileDataSource,FOUND_IN_SOURCE,archive/data_sources/local_file_data_source.py;archive/data_sources/__init__.py,Verify this reference is used through a registry/factory/pipeline path.
dean_os\draft\dean_os_agent_system_v7\src\config\enrichment.yaml,class_like_name,SignificanceFeaturesEnricher,FOUND_IN_SOURCE,features/enrichers/significance_features_enricher.py,Verify this reference is used through a registry/factory/pipeline path.
dean_os\draft\dean_os_agent_system_v7\src\config\enrichment.yaml,class_like_name,MarketContextEnricher,FOUND_IN_SOURCE,features/enrichers/market_context_enricher.py,Verify this reference is used through a registry/factory/pipeline path.
dean_os\draft\dean_os_agent_system_v7\src\config\enrichment.yaml,class_like_name,TimeFeaturesEnricher,FOUND_IN_SOURCE,features/enrichers/time_features_enricher.py,Verify this reference is used through a registry/factory/pipeline path.
dean_os\draft\dean_os_agent_system_v7\src\config\enrichment.yaml,model,name,FOUND_IN_SOURCE,agents/pipeline_bridge.py;algorithms/metrics_mixin.py;algorithms/risk_parity_allocator.py;analytics/analyzer_registry.py;analytics/meta_pattern_miner.py;analytics/panic_correlation_analyzer.py;analytics/unified_analytics_engine.py;archive/dean_integration.py;archive/online_model_integration.py;archive/portfolio_optimizer.py;cli/argument_parser.py;cli/argument_validator.py;cli/batch_manager.py;cli/pipeline_data_loader.py;cli/pipeline_executor.py;colab/__init__.py;config/target_type_registry.py;config/unified_config_manager.py;core/base_integration.py;core/version_checker.py,Verify this reference is used through a registry/factory/pipeline path.
dean_os\draft\dean_os_agent_system_v7\src\config\enrichment.yaml,model,en_core_web_sm,FOUND_IN_SOURCE,features/enrichers/keyword_entity_enricher.py;features/nlp/extractors/entity_extractor.py,Verify this reference is used through a registry/factory/pipeline path.
dean_os\draft\dean_os_agent_system_v7\src\config\enrichment.yaml,model_name,t5-small,FOUND_IN_SOURCE,features/nlp/scoring/summarizer.py,Verify this reference is used through a registry/factory/pipeline path.
dean_os\draft\dean_os_agent_system_v7\src\config\enrichment.yaml,class,SignificanceFeaturesEnricher,FOUND_IN_SOURCE,features/enrichers/significance_features_enricher.py,Verify this reference is used through a registry/factory/pipeline path.
dean_os\draft\dean_os_agent_system_v7\src\config\enrichment.yaml,class,MarketContextEnricher,FOUND_IN_SOURCE,features/enrichers/market_context_enricher.py,Verify this reference is used through a registry/factory/pipeline path.
dean_os\draft\dean_os_agent_system_v7\src\config\enrichment.yaml,class,TimeFeaturesEnricher,FOUND_IN_SOURCE,features/enrichers/time_features_enricher.py,Verify this reference is used through a registry/factory/pipeline path.
dean_os\draft\dean_os_agent_system_v7\src\config\error_handling.yaml,class_like_name,EnhancedErrorAnalyzer,POSSIBLY_MISSING,,Check if config references renamed/deleted component or if component is loaded dynamically.
dean_os\draft\dean_os_agent_system_v7\src\config\knowledge_base.yaml,name,bloomberg_markets,POSSIBLY_MISSING,,Check if config references renamed/deleted component or if component is loaded dynamically.
dean_os\draft\dean_os_agent_system_v7\src\config\knowledge_base.yaml,name,bloomberg_tech,POSSIBLY_MISSING,,Check if config references renamed/deleted component or if component is loaded dynamically.
dean_os\draft\dean_os_agent_system_v7\src\config\knowledge_base.yaml,name,bloomberg_economics,POSSIBLY_MISSING,,Check if config references renamed/deleted component or if component is loaded dynamically.
dean_os\draft\dean_os_agent_system_v7\src\config\knowledge_base.yaml,name,bloomberg_business,POSSIBLY_MISSING,,Check if config references renamed/deleted component or if component is loaded dynamically.
dean_os\draft\dean_os_agent_system_v7\src\config\knowledge_base.yaml,name,bloomberg_politics,POSSIBLY_MISSING,,Check if config references renamed/deleted component or if component is loaded dynamically.
dean_os\draft\dean_os_agent_system_v7\src\config\knowledge_base.yaml,name,cnbc_earnings,POSSIBLY_MISSING,,Check if config references renamed/deleted component or if component is loaded dynamically.
dean_os\draft\dean_os_agent_system_v7\src\config\knowledge_base.yaml,name,cnbc_world,POSSIBLY_MISSING,,Check if config references renamed/deleted component or if component is loaded dynamically.
dean_os\draft\dean_os_agent_system_v7\src\config\knowledge_base.yaml,name,yahoo_finance_general,POSSIBLY_MISSING,,Check if config references renamed/deleted component or if component is loaded dynamically.
dean_os\draft\dean_os_agent_system_v7\src\config\knowledge_base.yaml,name,bbc_business,POSSIBLY_MISSING,,Check if config references renamed/deleted component or if component is loaded dynamically.
dean_os\draft\dean_os_agent_system_v7\src\config\knowledge_base.yaml,name,financial_times,POSSIBLY_MISSING,,Check if config references renamed/deleted component or if component is loaded dynamically.
dean_os\draft\dean_os_agent_system_v7\src\config\knowledge_base.yaml,name,wsj,POSSIBLY_MISSING,,Check if config references renamed/deleted component or if component is loaded dynamically.
dean_os\draft\dean_os_agent_system_v7\src\config\knowledge_base.yaml,name,wsj_markets,POSSIBLY_MISSING,,Check if config references renamed/deleted component or if component is loaded dynamically.
dean_os\draft\dean_os_agent_system_v7\src\config\knowledge_base.yaml,name,marketwatch,POSSIBLY_MISSING,,Check if config references renamed/deleted component or if component is loaded dynamically.
dean_os\draft\dean_os_agent_system_v7\src\config\knowledge_base.yaml,name,seeking_alpha,POSSIBLY_MISSING,,Check if config references renamed/deleted component or if component is loaded dynamically.
dean_os\draft\dean_os_agent_system_v7\src\config\knowledge_base.yaml,name,investing_com,POSSIBLY_MISSING,,Check if config references renamed/deleted component or if component is loaded dynamically.
dean_os\draft\dean_os_agent_system_v7\src\config\knowledge_base.yaml,name,benzinga,POSSIBLY_MISSING,,Check if config references renamed/deleted component or if component is loaded dynamically.
dean_os\draft\dean_os_agent_system_v7\src\config\knowledge_base.yaml,name,ft_markets,POSSIBLY_MISSING,,Check if config references renamed/deleted component or if component is loaded dynamically.
dean_os\draft\dean_os_agent_system_v7\src\config\knowledge_base.yaml,name,zerohedge,POSSIBLY_MISSING,,Check if config references renamed/deleted component or if component is loaded dynamically.
dean_os\draft\dean_os_agent_system_v7\src\config\knowledge_base.yaml,name,cointelegraph_crypto,POSSIBLY_MISSING,,Check if config references renamed/deleted component or if component is loaded dynamically.
dean_os\draft\dean_os_agent_system_v7\src\config\knowledge_base.yaml,name,npr_business,POSSIBLY_MISSING,,Check if config references renamed/deleted component or if component is loaded dynamically.
dean_os\draft\dean_os_agent_system_v7\src\config\models.yaml,class_like_name,ModelFactory,FOUND_IN_SOURCE,factories/model_factory.py;factories/tree_model_factory.py;models/enhanced_factory.py;training/base_trainer.py;training/constants.py;training/light_model_trainer.py;training/unified_training_manager.py;archive/models/factory.py,Verify this reference is used through a registry/factory/pipeline path.
dean_os\draft\dean_os_agent_system_v7\src\config\models.yaml,class_like_name,CatBoostModel,FOUND_IN_SOURCE,factories/tree_model_factory.py;archive/models/factory.py;models/prototypes/prototype.py;models/tree/catboost_model.py,Verify this reference is used through a registry/factory/pipeline path.
dean_os\draft\dean_os_agent_system_v7\src\config\models.yaml,class_like_name,LightGBMModel,FOUND_IN_SOURCE,factories/tree_model_factory.py;archive/models/factory.py;models/tree/lightgbm_model.py,Verify this reference is used through a registry/factory/pipeline path.
dean_os\draft\dean_os_agent_system_v7\src\config\models.yaml,class_like_name,XGBoostModel,FOUND_IN_SOURCE,factories/tree_model_factory.py;archive/models/factory.py;models/tree/xgboost_model.py,Verify this reference is used through a registry/factory/pipeline path.
dean_os\draft\dean_os_agent_system_v7\src\config\models.yaml,class_like_name,RandomForestModel,FOUND_IN_SOURCE,factories/tree_model_factory.py;archive/models/factory.py;models/tree/random_forest_model.py,Verify this reference is used through a registry/factory/pipeline path.
dean_os\draft\dean_os_agent_system_v7\src\config\models.yaml,class_like_name,LinearModel,FOUND_IN_SOURCE,factories/model_factory.py;archive/models/factory.py;models/linear/linear_model.py,Verify this reference is used through a registry/factory/pipeline path.
dean_os\draft\dean_os_agent_system_v7\src\config\models.yaml,class_like_name,SVMModel,FOUND_IN_SOURCE,factories/model_factory.py;archive/models/factory.py;models/linear/svm_model.py,Verify this reference is used through a registry/factory/pipeline path.
dean_os\draft\dean_os_agent_system_v7\src\config\models.yaml,class_like_name,KNNModel,FOUND_IN_SOURCE,factories/model_factory.py;archive/models/factory.py;models/linear/knn_model.py,Verify this reference is used through a registry/factory/pipeline path.
dean_os\draft\dean_os_agent_system_v7\src\config\models.yaml,class_like_name,MLPModel,FOUND_IN_SOURCE,factories/model_factory.py;archive/models/factory.py;models/neural/mlp_model.py,Verify this reference is used through a registry/factory/pipeline path.
dean_os\draft\dean_os_agent_system_v7\src\config\models.yaml,class_like_name,CNNModel,FOUND_IN_SOURCE,factories/model_factory.py;models/loader.py;archive/models/factory.py;colab/models/architectures.py;colab/models/model_factory.py;colab/models/torch_models.py;models/neural/cnn_model.py,Verify this reference is used through a registry/factory/pipeline path.
dean_os\draft\dean_os_agent_system_v7\src\config\models.yaml,class_like_name,LSTMModel,FOUND_IN_SOURCE,factories/model_factory.py;models/loader.py;archive/models/factory.py;colab/models/architectures.py;colab/models/model_factory.py;colab/models/torch_models.py;models/neural/lstm_model.py,Verify this reference is used through a registry/factory/pipeline path.
dean_os\draft\dean_os_agent_system_v7\src\config\models.yaml,class_like_name,GRUModel,FOUND_IN_SOURCE,factories/model_factory.py;models/loader.py;archive/models/factory.py;colab/models/architectures.py;colab/models/model_factory.py;colab/models/torch_models.py;models/neural/gru_model.py,Verify this reference is used through a registry/factory/pipeline path.
dean_os\draft\dean_os_agent_system_v7\src\config\models.yaml,class_like_name,TransformerModel,FOUND_IN_SOURCE,factories/model_factory.py;models/loader.py;archive/models/factory.py;colab/models/architectures.py;colab/models/model_factory.py;colab/models/torch_models.py;models/neural/transformer_model.py,Verify this reference is used through a registry/factory/pipeline path.
dean_os\draft\dean_os_agent_system_v7\src\config\models.yaml,class_like_name,TabNetModel,FOUND_IN_SOURCE,factories/model_factory.py;archive/models/factory.py;models/neural/tabnet_model.py,Verify this reference is used through a registry/factory/pipeline path.
dean_os\draft\dean_os_agent_system_v7\src\config\models.yaml,class_like_name,AutoencoderModel,FOUND_IN_SOURCE,factories/model_factory.py;models/loader.py;archive/models/factory.py;colab/models/architectures.py;colab/models/model_factory.py;colab/models/torch_models.py;models/neural/autoencoder_model.py,Verify this reference is used through a registry/factory/pipeline path.
dean_os\draft\dean_os_agent_system_v7\src\config\models.yaml,class_like_name,EnsembleModel,FOUND_IN_SOURCE,factories/model_factory.py;archive/models/factory.py;archive/models_dead/enhanced_ensemble.py;ensembling/ensemble/ensemble_model.py;models/ensemble/ensemble_model.py,Verify this reference is used through a registry/factory/pipeline path.
dean_os\draft\dean_os_agent_system_v7\src\config\models.yaml,model,is_present,FOUND_IN_SOURCE,core/security/secure_secrets_manager.py,Verify this reference is used through a registry/factory/pipeline path.
dean_os\draft\dean_os_agent_system_v7\src\config\models.yaml,class,CatBoostModel,FOUND_IN_SOURCE,factories/tree_model_factory.py;archive/models/factory.py;models/prototypes/prototype.py;models/tree/catboost_model.py,Verify this reference is used through a registry/factory/pipeline path.
dean_os\draft\dean_os_agent_system_v7\src\config\models.yaml,class,LightGBMModel,FOUND_IN_SOURCE,factories/tree_model_factory.py;archive/models/factory.py;models/tree/lightgbm_model.py,Verify this reference is used through a registry/factory/pipeline path.
dean_os\draft\dean_os_agent_system_v7\src\config\models.yaml,class,XGBoostModel,FOUND_IN_SOURCE,factories/tree_model_factory.py;archive/models/factory.py;models/tree/xgboost_model.py,Verify this reference is used through a registry/factory/pipeline path.
dean_os\draft\dean_os_agent_system_v7\src\config\models.yaml,class,RandomForestModel,FOUND_IN_SOURCE,factories/tree_model_factory.py;archive/models/factory.py;models/tree/random_forest_model.py,Verify this reference is used through a registry/factory/pipeline path.
dean_os\draft\dean_os_agent_system_v7\src\config\models.yaml,class,LinearModel,FOUND_IN_SOURCE,factories/model_factory.py;archive/models/factory.py;models/linear/linear_model.py,Verify this reference is used through a registry/factory/pipeline path.
dean_os\draft\dean_os_agent_system_v7\src\config\models.yaml,class,SVMModel,FOUND_IN_SOURCE,factories/model_factory.py;archive/models/factory.py;models/linear/svm_model.py,Verify this reference is used through a registry/factory/pipeline path.
dean_os\draft\dean_os_agent_system_v7\src\config\models.yaml,class,KNNModel,FOUND_IN_SOURCE,factories/model_factory.py;archive/models/factory.py;models/linear/knn_model.py,Verify this reference is used through a registry/factory/pipeline path.
dean_os\draft\dean_os_agent_system_v7\src\config\models.yaml,class,MLPModel,FOUND_IN_SOURCE,factories/model_factory.py;archive/models/factory.py;models/neural/mlp_model.py,Verify this reference is used through a registry/factory/pipeline path.
dean_os\draft\dean_os_agent_system_v7\src\config\models.yaml,class,CNNModel,FOUND_IN_SOURCE,factories/model_factory.py;models/loader.py;archive/models/factory.py;colab/models/architectures.py;colab/models/model_factory.py;colab/models/torch_models.py;models/neural/cnn_model.py,Verify this reference is used through a registry/factory/pipeline path.
dean_os\draft\dean_os_agent_system_v7\src\config\models.yaml,class,LSTMModel,FOUND_IN_SOURCE,factories/model_factory.py;models/loader.py;archive/models/factory.py;colab/models/architectures.py;colab/models/model_factory.py;colab/models/torch_models.py;models/neural/lstm_model.py,Verify this reference is used through a registry/factory/pipeline path.
dean_os\draft\dean_os_agent_system_v7\src\config\models.yaml,class,GRUModel,FOUND_IN_SOURCE,factories/model_factory.py;models/loader.py;archive/models/factory.py;colab/models/architectures.py;colab/models/model_factory.py;colab/models/torch_models.py;models/neural/gru_model.py,Verify this reference is used through a registry/factory/pipeline path.
dean_os\draft\dean_os_agent_system_v7\src\config\models.yaml,class,TransformerModel,FOUND_IN_SOURCE,factories/model_factory.py;models/loader.py;archive/models/factory.py;colab/models/architectures.py;colab/models/model_factory.py;colab/models/torch_models.py;models/neural/transformer_model.py,Verify this reference is used through a registry/factory/pipeline path.
dean_os\draft\dean_os_agent_system_v7\src\config\models.yaml,class,TabNetModel,FOUND_IN_SOURCE,factories/model_factory.py;archive/models/factory.py;models/neural/tabnet_model.py,Verify this reference is used through a registry/factory/pipeline path.
dean_os\draft\dean_os_agent_system_v7\src\config\models.yaml,class,AutoencoderModel,FOUND_IN_SOURCE,factories/model_factory.py;models/loader.py;archive/models/factory.py;colab/models/architectures.py;colab/models/model_factory.py;colab/models/torch_models.py;models/neural/autoencoder_model.py,Verify this reference is used through a registry/factory/pipeline path.
dean_os\draft\dean_os_agent_system_v7\src\config\models.yaml,class,EnsembleModel,FOUND_IN_SOURCE,factories/model_factory.py;archive/models/factory.py;archive/models_dead/enhanced_ensemble.py;ensembling/ensemble/ensemble_model.py;models/ensemble/ensemble_model.py,Verify this reference is used through a registry/factory/pipeline path.
dean_os\draft\dean_os_agent_system_v7\src\config\models.yaml,model,data,FOUND_IN_SOURCE,agents/pipeline_bridge.py;algorithms/adaptive_position_sizer.py;algorithms/metrics_mixin.py;algorithms/risk_parity_allocator.py;analytics/interfaces.py;analytics/meta_pattern_miner.py;analytics/panic_correlation_analyzer.py;analytics/unified_analytics_engine.py;analytics/__init__.py;archive/dean_integration.py;archive/legacy_smart_trader.py;archive/online_model_integration.py;archive/portfolio_optimizer.py;cli/argument_validator.py;cli/batch_manager.py;cli/pipeline_data_loader.py;cli/pipeline_executor.py;colab/__init__.py;config/unified_config_manager.py;core/exceptions.py,Verify this reference is used through a registry/factory/pipeline path.
dean_os\draft\dean_os_agent_system_v7\src\config\models.yaml,model_name,yiyanghkust,FOUND_IN_SOURCE,features/nlp/models/sentiment_core.py,Verify this reference is used through a registry/factory/pipeline path.
dean_os\draft\dean_os_agent_system_v7\src\config\monitoring_config.yaml,name,Trading,FOUND_IN_SOURCE,archive/dean_integration.py;cli/argument_parser.py;config/unified_config_manager.py;dashboard/main_app.py;features/news_dataset_builder.py;meta_learning/__init__.py;monitoring/dashboard.py;trading/adaptive_parameter_manager.py;trading/consensus_engine.py;trading/elite_risk_sizer.py;trading/live_adaptive_ensemble.py;trading/portfolio_manager.py;trading/post_inference_filter.py;trading/trader.py;trading/trading_orchestrator.py;trading/virtual_portfolio.py;trading/__init__.py;utils/trading_calendar.py;validation/time_series_validator.py;analytics/arena/arena_battle.py,Verify this reference is used through a registry/factory/pipeline path.
dean_os\draft\dean_os_agent_system_v7\src\config\processing.yaml,name,target_regression_1d,POSSIBLY_MISSING,,Check if config references renamed/deleted component or if component is loaded dynamically.
dean_os\draft\dean_os_agent_system_v7\src\config\processing.yaml,name,target_binary_1d_0_0,POSSIBLY_MISSING,,Check if config references renamed/deleted component or if component is loaded dynamically.
dean_os\draft\dean_os_agent_system_v7\src\config\processing.yaml,name,target_multiclass_1d,POSSIBLY_MISSING,,Check if config references renamed/deleted component or if component is loaded dynamically.
dean_os\draft\dean_os_agent_system_v7\src\config\processing.yaml,name,target_rsi_prediction_3d,POSSIBLY_MISSING,,Check if config references renamed/deleted component or if component is loaded dynamically.
dean_os\draft\dean_os_agent_system_v7\src\config\sentiment.yaml,model,finbert,FOUND_IN_SOURCE,features/news_clusterer.py;sentiment/sentiment_models.py;agents/archive/veto_system.py;features/enrichers/finbert_sentiment.py;features/enrichers/sentiment_features_enricher.py;features/nlp/models/finbert_pipeline.py;features/nlp/models/sentiment_core.py;models/adapters/sentiment_integration.py;pipeline/stages/feature_engineering/orchestrator.py,Verify this reference is used through a registry/factory/pipeline path.
dean_os\draft\dean_os_agent_system_v7\src\config\sentiment.yaml,model_name,ProsusAI,FOUND_IN_SOURCE,features/news_clusterer.py;sentiment/sentiment_models.py;features/enrichers/finbert_sentiment.py;features/nlp/models/finbert_pipeline.py,Verify this reference is used through a registry/factory/pipeline path.
dean_os\draft\dean_os_agent_system_v7\src\config\sentiment.yaml,model_name,cardiffnlp,POSSIBLY_MISSING,,Check if config references renamed/deleted component or if component is loaded dynamically.
dean_os\draft\dean_os_agent_system_v7\src\config\simulation.yaml,name,COVID-like,POSSIBLY_MISSING,,Check if config references renamed/deleted component or if component is loaded dynamically.
dean_os\draft\dean_os_agent_system_v7\src\config\simulation.yaml,name,Rate,FOUND_IN_SOURCE,dashboard/main_app.py;trading/live_adaptive_ensemble.py;utils/rate_limiter.py;agents/archive/cognitive_extractor.py;agents/tools/gdelt_tool.py;archive/calibration/calibration_engine.py;archive/meta_learning/real_time_learning.py;archive/models_dead/integrated_model_manager.py;core/clients/http_client_factory.py;core/clients/llm_client.py;data/collectors/insider_collector.py;data/collectors/wikimedia_attention_collector.py;features/enrichers/volume_enricher.py;meta_learning/calibration/calibration_engine.py;meta_learning/memory/diary_engine.py;meta_learning/security/agent_permissions.py;metrics/financial/financial_metrics_library.py;models/analysis/baselines/strategies.py;models/ensemble/calibration/strategies.py;pipeline/guards/macro_release_timing_guard.py,Verify this reference is used through a registry/factory/pipeline path.
dean_os\draft\dean_os_agent_system_v7\src\config\simulation.yaml,name,Short,FOUND_IN_SOURCE,risk/elite_risk_metrics.py;sentiment/sentiment_models.py;agents/archive/cognitive_extractor.py;features/enrichers/technical_analysis_enricher.py;models/neural/lstm_model.py,Verify this reference is used through a registry/factory/pipeline path.
dean_os\draft\dean_os_agent_system_v7\src\config\transformers.yaml,class,StandardScalerTransformer,FOUND_IN_SOURCE,features/transformers/transformers.py;features/transformers/__init__.py,Verify this reference is used through a registry/factory/pipeline path.
dean_os\draft\dean_os_agent_system_v7\src\config\transformers.yaml,class,MinMaxScalerTransformer,FOUND_IN_SOURCE,features/transformers/transformers.py;features/transformers/__init__.py,Verify this reference is used through a registry/factory/pipeline path.
dean_os\draft\dean_os_agent_system_v7\src\config\unified_config.yaml,class_like_name,CriticalSignalDetector,FOUND_IN_SOURCE,analytics/detectors/critical_signal_detector.py;pipeline/stages/prediction/orchestrator.py,Verify this reference is used through a registry/factory/pipeline path.
dean_os\draft\dean_os_agent_system_v7\src\config\unified_config.yaml,class_like_name,NewsImpactAnalyzer,FOUND_IN_SOURCE,analytics/analyzers/news_impact_analyzer.py;features/enrichers/news_impact_enricher.py,Verify this reference is used through a registry/factory/pipeline path.
dean_os\draft\dean_os_agent_system_v7\src\config\unified_config.yaml,class_like_name,MacroContextAnalyzer,FOUND_IN_SOURCE,analytics/context/macro_context_analyzer.py,Verify this reference is used through a registry/factory/pipeline path.
dean_os\draft\dean_os_agent_system_v7\src\config\unified_config.yaml,class_like_name,SignificanceAnalyzer,FOUND_IN_SOURCE,features/enrichers/significance_features_enricher.py,Verify this reference is used through a registry/factory/pipeline path.
dean_os\draft\dean_os_agent_system_v7\src\config\unified_config.yaml,class_like_name,VolatilityCalculator,FOUND_IN_SOURCE,analytics/analyzers/wrappers.py;analytics/calculators/risk_reward_calculator.py;analytics/calculators/volatility_calculator.py;features/enrichers/derived_features_enricher.py;features/enrichers/technical_analysis_enricher.py,Verify this reference is used through a registry/factory/pipeline path.
dean_os\draft\dean_os_agent_system_v7\src\config\unified_config.yaml,class_like_name,DrawdownCalculator,FOUND_IN_SOURCE,analytics/analyzers/hedge_fund_analyzer.py;analytics/analyzers/wrappers.py;analytics/calculators/drawdown_calculator.py;features/enrichers/technical_analysis_enricher.py,Verify this reference is used through a registry/factory/pipeline path.
dean_os\draft\dean_os_agent_system_v7\src\config\unified_config.yaml,class_like_name,CollectionStage,FOUND_IN_SOURCE,pipeline/pipeline_orchestrator.py;main/modes/training_data_pipeline.py;pipeline/stages/stage_1_collection.py;pipeline/stages/collection/orchestrator.py;pipeline/stages/utils/collection_manager.py,Verify this reference is used through a registry/factory/pipeline path.
dean_os\draft\dean_os_agent_system_v7\src\config\unified_config.yaml,class_like_name,ProcessingStage,FOUND_IN_SOURCE,pipeline/pipeline_orchestrator.py;validation/validators.py;pipeline/stages/stage_2_processing.py;pipeline/stages/feature_engineering/orchestrator.py;pipeline/stages/processing/orchestrator.py;pipeline/stages/processing/__init__.py,Verify this reference is used through a registry/factory/pipeline path.
dean_os\draft\dean_os_agent_system_v7\src\config\unified_config.yaml,class_like_name,FeatureEngineeringStage,FOUND_IN_SOURCE,pipeline/pipeline_orchestrator.py;features/validation/feature_leakage_guard.py;pipeline/stages/stage_3_feature_engineering.py;pipeline/stages/feature_engineering/orchestrator.py;pipeline/stages/feature_engineering/__init__.py,Verify this reference is used through a registry/factory/pipeline path.
dean_os\draft\dean_os_agent_system_v7\src\config\unified_config.yaml,class_like_name,ModelingStage,FOUND_IN_SOURCE,pipeline/pipeline_orchestrator.py;pipeline/stages/stage_4_modeling.py;pipeline/stages/modeling/orchestrator.py;pipeline/stages/modeling/utils.py,Verify this reference is used through a registry/factory/pipeline path.
dean_os\draft\dean_os_agent_system_v7\src\config\unified_config.yaml,class_like_name,PredictionStage,FOUND_IN_SOURCE,pipeline/stages/stage_5_prediction.py;pipeline/stages/prediction/anomaly_engine.py;pipeline/stages/prediction/model_resolver.py;pipeline/stages/prediction/orchestrator.py;pipeline/stages/prediction/prediction_generator.py,Verify this reference is used through a registry/factory/pipeline path.
dean_os\draft\dean_os_agent_system_v7\src\config\unified_config.yaml,class_like_name,TradingExecutionStage,FOUND_IN_SOURCE,pipeline/stages/stage_6_trading_execution.py;pipeline/stages/trading/orchestrator.py,Verify this reference is used through a registry/factory/pipeline path.
dean_os\draft\dean_os_agent_system_v7\src\config\unified_config.yaml,class_like_name,EvaluationStage,FOUND_IN_SOURCE,agents/pipeline_bridge.py;validation/validators.py;pipeline/stages/stage_7_evaluation.py;pipeline/stages/evaluation/orchestrator.py,Verify this reference is used through a registry/factory/pipeline path.
dean_os\draft\dean_os_agent_system_v7\src\config\unified_config.yaml,name,VIX,FOUND_IN_SOURCE,archive/features/context_aware_feature_selector.py;archive/model_selector_dead/dynamic_weight_selector.py;archive/model_selector_dead/enhanced_context_analyzer.py;data/collectors/vix_collector.py;data/management/data_manager.py;ensembling/ensemble/archive/adaptive_ensemble.py;features/enrichers/advanced_analytics_enricher.py;features/enrichers/context_map_enricher.py;features/enrichers/technical_analysis_enricher.py;meta_learning/evolution/dual_loops.py;meta_learning/awareness/context/manager.py;models/adapters/data_preparation.py;models/model_selector/smart_selector.py;pipeline/stages/collection/orchestrator.py;scripts/simulation/shadow_arena.py,Verify this reference is used through a registry/factory/pipeline path.
dean_os\draft\dean_os_agent_system_v7\src\config\unified_config.yaml,name,yield_curve_slope,FOUND_IN_SOURCE,analytics/context/market_context_analyzer.py;features/enrichers/context_map_enricher.py;features/enrichers/market_context_enricher.py,Verify this reference is used through a registry/factory/pipeline path.
dean_os\draft\dean_os_agent_system_v7\src\config\unified_config.yaml,name,fed_funds_rate,FOUND_IN_SOURCE,features/enrichers/macro_features_enricher.py,Verify this reference is used through a registry/factory/pipeline path.
dean_os\draft\dean_os_agent_system_v7\src\config\unified_config.yaml,name,unemployment_rate,POSSIBLY_MISSING,,Check if config references renamed/deleted component or if component is loaded dynamically.
dean_os\draft\dean_os_agent_system_v7\src\config\unified_config.yaml,name,cpi_inflation,POSSIBLY_MISSING,,Check if config references renamed/deleted component or if component is loaded dynamically.
dean_os\draft\dean_os_agent_system_v7\src\config\unified_config.yaml,name,rolling_vol_10d,POSSIBLY_MISSING,,Check if config references renamed/deleted component or if component is loaded dynamically.
dean_os\draft\dean_os_agent_system_v7\src\config\unified_config.yaml,class,VolatilityCalculator,FOUND_IN_SOURCE,analytics/analyzers/wrappers.py;analytics/calculators/risk_reward_calculator.py;analytics/calculators/volatility_calculator.py;features/enrichers/derived_features_enricher.py;features/enrichers/technical_analysis_enricher.py,Verify this reference is used through a registry/factory/pipeline path.
dean_os\draft\dean_os_agent_system_v7\src\config\unified_config.yaml,name,calculate_rolling_volatility,FOUND_IN_SOURCE,analytics/analyzers/wrappers.py;analytics/calculators/volatility_calculator.py;features/enrichers/derived_features_enricher.py;features/enrichers/technical_analysis_enricher.py;metrics/utils/calculation_tools.py,Verify this reference is used through a registry/factory/pipeline path.
dean_os\draft\dean_os_agent_system_v7\src\config\unified_config.yaml,name,max_drawdown_30d,POSSIBLY_MISSING,,Check if config references renamed/deleted component or if component is loaded dynamically.
dean_os\draft\dean_os_agent_system_v7\src\config\unified_config.yaml,class,DrawdownCalculator,FOUND_IN_SOURCE,analytics/analyzers/hedge_fund_analyzer.py;analytics/analyzers/wrappers.py;analytics/calculators/drawdown_calculator.py;features/enrichers/technical_analysis_enricher.py,Verify this reference is used through a registry/factory/pipeline path.
dean_os\draft\dean_os_agent_system_v7\src\config\unified_config.yaml,name,calculate_rolling_max_drawdown,POSSIBLY_MISSING,,Check if config references renamed/deleted component or if component is loaded dynamically.
dean_os\draft\dean_os_agent_system_v7\src\config\unified_config.yaml,name,Stage_0_Setup,FOUND_IN_SOURCE,pipeline/stages/stage_0_setup.py,Verify this reference is used through a registry/factory/pipeline path.
dean_os\draft\dean_os_agent_system_v7\src\config\unified_config.yaml,class_path,src.pipeline.stages.stage_0_setup.Stage0Setup,FOUND_IN_SOURCE,pipeline/stages/stage_0_setup.py,Verify this reference is used through a registry/factory/pipeline path.
dean_os\draft\dean_os_agent_system_v7\src\config\unified_config.yaml,name,Stage_1_Collection,FOUND_IN_SOURCE,pipeline/stages/stage_1_collection.py,Verify this reference is used through a registry/factory/pipeline path.
dean_os\draft\dean_os_agent_system_v7\src\config\unified_config.yaml,class_path,src.pipeline.stages.stage_1_collection.CollectionStage,FOUND_IN_SOURCE,pipeline/pipeline_orchestrator.py;main/modes/training_data_pipeline.py;pipeline/stages/stage_1_collection.py;pipeline/stages/collection/orchestrator.py;pipeline/stages/utils/collection_manager.py,Verify this reference is used through a registry/factory/pipeline path.
dean_os\draft\dean_os_agent_system_v7\src\config\unified_config.yaml,name,Stage_2_Processing,FOUND_IN_SOURCE,pipeline/stages/stage_2_processing.py,Verify this reference is used through a registry/factory/pipeline path.
dean_os\draft\dean_os_agent_system_v7\src\config\unified_config.yaml,class_path,src.pipeline.stages.stage_2_processing.ProcessingStage,FOUND_IN_SOURCE,pipeline/pipeline_orchestrator.py;validation/validators.py;pipeline/stages/stage_2_processing.py;pipeline/stages/feature_engineering/orchestrator.py;pipeline/stages/processing/orchestrator.py;pipeline/stages/processing/__init__.py,Verify this reference is used through a registry/factory/pipeline path.
dean_os\draft\dean_os_agent_system_v7\src\config\unified_config.yaml,name,Stage_3_Feature_Engineering,FOUND_IN_SOURCE,pipeline/stages/stage_3_feature_engineering.py,Verify this reference is used through a registry/factory/pipeline path.
dean_os\draft\dean_os_agent_system_v7\src\config\unified_config.yaml,class_path,src.pipeline.stages.stage_3_feature_engineering.FeatureEngineeringStage,FOUND_IN_SOURCE,pipeline/pipeline_orchestrator.py;features/validation/feature_leakage_guard.py;pipeline/stages/stage_3_feature_engineering.py;pipeline/stages/feature_engineering/orchestrator.py;pipeline/stages/feature_engineering/__init__.py,Verify this reference is used through a registry/factory/pipeline path.
dean_os\draft\dean_os_agent_system_v7\src\config\unified_config.yaml,name,Stage_4_Modeling,FOUND_IN_SOURCE,pipeline/stages/stage_4_modeling.py,Verify this reference is used through a registry/factory/pipeline path.
dean_os\draft\dean_os_agent_system_v7\src\config\unified_config.yaml,class_path,src.pipeline.stages.stage_4_modeling.ModelingStage,FOUND_IN_SOURCE,pipeline/pipeline_orchestrator.py;pipeline/stages/stage_4_modeling.py;pipeline/stages/modeling/orchestrator.py;pipeline/stages/modeling/utils.py,Verify this reference is used through a registry/factory/pipeline path.
dean_os\draft\dean_os_agent_system_v7\src\config\unified_config.yaml,name,Stage_5_Prediction,FOUND_IN_SOURCE,pipeline/stages/stage_5_prediction.py,Verify this reference is used through a registry/factory/pipeline path.
dean_os\draft\dean_os_agent_system_v7\src\config\unified_config.yaml,class_path,src.pipeline.stages.stage_5_prediction.PredictionStage,FOUND_IN_SOURCE,pipeline/stages/stage_5_prediction.py;pipeline/stages/prediction/anomaly_engine.py;pipeline/stages/prediction/model_resolver.py;pipeline/stages/prediction/orchestrator.py;pipeline/stages/prediction/prediction_generator.py,Verify this reference is used through a registry/factory/pipeline path.
dean_os\draft\dean_os_agent_system_v7\src\config\unified_config.yaml,name,Stage_6_Trading_Execution,FOUND_IN_SOURCE,pipeline/stages/stage_6_trading_execution.py,Verify this reference is used through a registry/factory/pipeline path.
dean_os\draft\dean_os_agent_system_v7\src\config\unified_config.yaml,class_path,src.pipeline.stages.stage_6_trading_execution.TradingExecutionStage,FOUND_IN_SOURCE,pipeline/stages/stage_6_trading_execution.py;pipeline/stages/trading/orchestrator.py,Verify this reference is used through a registry/factory/pipeline path.
dean_os\draft\dean_os_agent_system_v7\src\config\unified_config.yaml,name,Stage_7_Evaluation,FOUND_IN_SOURCE,pipeline/stages/stage_7_evaluation.py,Verify this reference is used through a registry/factory/pipeline path.
dean_os\draft\dean_os_agent_system_v7\src\config\unified_config.yaml,class_path,src.pipeline.stages.stage_7_evaluation.EvaluationStage,FOUND_IN_SOURCE,agents/pipeline_bridge.py;validation/validators.py;pipeline/stages/stage_7_evaluation.py;pipeline/stages/evaluation/orchestrator.py,Verify this reference is used through a registry/factory/pipeline path.
dean_os\draft\thinking\dean_os_analyst_ideas_codex_handoff_2026-06-26\IMPLEMENTATION_BACKLOG.json,class_like_name,MarketAlreadyPricedDetector,POSSIBLY_MISSING,,Check if config references renamed/deleted component or if component is loaded dynamically.
dean_os\draft\thinking\dean_os_analyst_ideas_codex_handoff_2026-06-26\specs\daily_briefing_analyst_notes_spec_2026-06-26.json,class_like_name,MarketAlreadyPricedDetector,POSSIBLY_MISSING,,Check if config references renamed/deleted component or if component is loaded dynamically.
diagnostic_reports\feature_lineage_report.json,class_like_name,TimeFeaturesEnricher,FOUND_IN_SOURCE,features/enrichers/time_features_enricher.py,Verify this reference is used through a registry/factory/pipeline path.
diagnostic_reports\feature_lineage_report.json,class_like_name,TechnicalAnalysisEnricher,FOUND_IN_SOURCE,features/enrichers/advanced_analytics_enricher.py;features/enrichers/technical_analysis_enricher.py;features/selection/enhanced_smart_selector.py;features/utils/adaptive_indicators.py,Verify this reference is used through a registry/factory/pipeline path.
diagnostic_reports\feature_lineage_report.json,class_like_name,DerivedFeaturesEnricher,FOUND_IN_SOURCE,features/enrichers/derived_features_enricher.py,Verify this reference is used through a registry/factory/pipeline path.
diagnostic_reports\feature_lineage_report.json,class_like_name,VolumeEnricher,FOUND_IN_SOURCE,features/enrichers/volume_enricher.py,Verify this reference is used through a registry/factory/pipeline path.
diagnostic_reports\feature_lineage_report.json,class_like_name,MacroFeaturesEnricher,FOUND_IN_SOURCE,features/enrichers/macro_features_enricher.py,Verify this reference is used through a registry/factory/pipeline path.
diagnostic_reports\feature_lineage_report.json,class_like_name,NLPFeaturesEnricher,FOUND_IN_SOURCE,features/enrichers/nlp_features_enricher.py;features/enrichers/sentiment_features_enricher.py,Verify this reference is used through a registry/factory/pipeline path.
diagnostic_reports\feature_lineage_report.json,class_like_name,VolatilityEnricher,FOUND_IN_SOURCE,features/enrichers/volatility_enricher.py,Verify this reference is used through a registry/factory/pipeline path.
diagnostic_reports\feature_lineage_report.json,class_like_name,KeywordEntityEnricher,FOUND_IN_SOURCE,features/enrichers/keyword_entity_enricher.py,Verify this reference is used through a registry/factory/pipeline path.
diagnostic_reports\feature_lineage_report.json,class_like_name,NewsQualityEnricher,FOUND_IN_SOURCE,features/enrichers/news_quality_enricher.py,Verify this reference is used through a registry/factory/pipeline path.
diagnostic_reports\feature_lineage_report.json,class_like_name,SentimentFeaturesEnricher,FOUND_IN_SOURCE,features/enrichers/sentiment_features_enricher.py,Verify this reference is used through a registry/factory/pipeline path.
diagnostic_reports\feature_lineage_report.json,class_like_name,NewsImpactEnricher,FOUND_IN_SOURCE,features/enrichers/news_impact_enricher.py,Verify this reference is used through a registry/factory/pipeline path.
diagnostic_reports\feature_lineage_report.json,class_like_name,HypeEnricher,FOUND_IN_SOURCE,features/enrichers/hype_enricher.py,Verify this reference is used through a registry/factory/pipeline path.
diagnostic_reports\feature_lineage_report.json,class_like_name,SignificanceFeaturesEnricher,FOUND_IN_SOURCE,features/enrichers/significance_features_enricher.py,Verify this reference is used through a registry/factory/pipeline path.
diagnostic_reports\feature_lineage_report.json,class_like_name,DecayFeaturesEnricher,FOUND_IN_SOURCE,features/enrichers/decay_features_enricher.py,Verify this reference is used through a registry/factory/pipeline path.
diagnostic_reports\feature_lineage_report.json,class_like_name,AdvancedAnalyticsEnricher,FOUND_IN_SOURCE,features/enrichers/advanced_analytics_enricher.py,Verify this reference is used through a registry/factory/pipeline path.
diagnostic_reports\feature_lineage_report.json,class_like_name,ContextMapEnricher,FOUND_IN_SOURCE,features/feature_orchestrator.py;features/enrichers/context_map_enricher.py,Verify this reference is used through a registry/factory/pipeline path.
diagnostic_reports\feature_lineage_report.json,class_like_name,MarketContextEnricher,FOUND_IN_SOURCE,features/enrichers/market_context_enricher.py,Verify this reference is used through a registry/factory/pipeline path.
full_cmx.json,class_like_name,EnsembleSelector,FOUND_IN_SOURCE,analytics/analyzer_registry.py;analytics/context/ensemble_selector.py;archive/integration/ensemble_selector.py,Verify this reference is used through a registry/factory/pipeline path.
full_cmx.json,class_like_name,RedundancyDetector,FOUND_IN_SOURCE,features/validation/redundancy_detector.py;features/validation/__init__.py,Verify this reference is used through a registry/factory/pipeline path.
full_cmx.json,class_like_name,MacroReleaseTimingGuard,FOUND_IN_SOURCE,pipeline/guards/macro_release_timing_guard.py;pipeline/guards/__init__.py,Verify this reference is used through a registry/factory/pipeline path.
full_cmx.json,class_like_name,TemporalLeakageGuard,FOUND_IN_SOURCE,pipeline/guards/temporal_leakage_guard.py;pipeline/guards/__init__.py,Verify this reference is used through a registry/factory/pipeline path.
full_cmx.json,class_like_name,PredictionStage,FOUND_IN_SOURCE,pipeline/stages/stage_5_prediction.py;pipeline/stages/prediction/anomaly_engine.py;pipeline/stages/prediction/model_resolver.py;pipeline/stages/prediction/orchestrator.py;pipeline/stages/prediction/prediction_generator.py,Verify this reference is used through a registry/factory/pipeline path.
high_severity_issues.json,class_like_name,ModelFactory,FOUND_IN_SOURCE,factories/model_factory.py;factories/tree_model_factory.py;models/enhanced_factory.py;training/base_trainer.py;training/constants.py;training/light_model_trainer.py;training/unified_training_manager.py;archive/models/factory.py,Verify this reference is used through a registry/factory/pipeline path.
medium_severity_check.json,class_like_name,ModelFactory,FOUND_IN_SOURCE,factories/model_factory.py;factories/tree_model_factory.py;models/enhanced_factory.py;training/base_trainer.py;training/constants.py;training/light_model_trainer.py;training/unified_training_manager.py;archive/models/factory.py,Verify this reference is used through a registry/factory/pipeline path.
pyproject.toml,name,trading-project,FOUND_IN_SOURCE,colab/environment/colab_environment.py;colab/environment/setup.py;main/modes/historical_replay.py;main/modes/shadow_battle.py,Verify this reference is used through a registry/factory/pipeline path.
src\config\analysis.yaml,class_like_name,MarketRegimeAnalyzer,FOUND_IN_SOURCE,analytics/context/market_regime_analyzer.py,Verify this reference is used through a registry/factory/pipeline path.
src\config\analysis.yaml,class_like_name,AdaptiveConfidenceAnalyzer,FOUND_IN_SOURCE,trading/consensus_engine.py;analytics/analyzers/adaptive_confidence_analyzer.py,Verify this reference is used through a registry/factory/pipeline path.
src\config\analysis.yaml,class_like_name,NewsImpactAnalyzer,FOUND_IN_SOURCE,analytics/analyzers/news_impact_analyzer.py;features/enrichers/news_impact_enricher.py,Verify this reference is used through a registry/factory/pipeline path.
src\config\analysis.yaml,class_like_name,HedgeFundAnalyzer,FOUND_IN_SOURCE,analytics/analyzer_registry.py;dashboard/main_app.py;analytics/analyzers/hedge_fund_analyzer.py,Verify this reference is used through a registry/factory/pipeline path.
src\config\analysis.yaml,class_like_name,MacroContextAnalyzer,FOUND_IN_SOURCE,analytics/context/macro_context_analyzer.py,Verify this reference is used through a registry/factory/pipeline path.
src\config\analysis.yaml,class_like_name,CriticalSignalDetector,FOUND_IN_SOURCE,analytics/detectors/critical_signal_detector.py;pipeline/stages/prediction/orchestrator.py,Verify this reference is used through a registry/factory/pipeline path.
src\config\analysis.yaml,class_like_name,PatternAnalyzer,FOUND_IN_SOURCE,archive/meta_learning/dean_trading_models.py;archive/patterns/pattern_analyzer.py;models/analysis/regime_winner_analyzer.py;models/analysis/regime/patterns.py;models/analysis/regime/__init__.py,Verify this reference is used through a registry/factory/pipeline path.
src\config\analysis.yaml,class_like_name,RiskDecompositionAnalyzer,FOUND_IN_SOURCE,analytics/analyzers/risk_decomposition_analyzer.py,Verify this reference is used through a registry/factory/pipeline path.
src\config\analysis.yaml,class_like_name,IAnalyzer,FOUND_IN_SOURCE,analytics/analyzer_registry.py;analytics/interfaces.py;analytics/unified_analytics_engine.py;analytics/analyzers/adaptive_confidence_analyzer.py;analytics/analyzers/causal_event_finder.py;analytics/analyzers/drift_analyzer.py;analytics/analyzers/hedge_fund_analyzer.py;analytics/analyzers/knn_similarity_finder.py;analytics/analyzers/model_comparison_analyzer.py;analytics/analyzers/news_impact_analyzer.py;analytics/analyzers/performance_attribution_analyzer.py;analytics/analyzers/risk_decomposition_analyzer.py;analytics/analyzers/shap_analyzer.py;analytics/analyzers/wrappers.py;analytics/context/contextual_model_selector.py;analytics/context/macro_context_analyzer.py;analytics/context/market_context_analyzer.py;analytics/context/market_phase_analyzer.py;analytics/context/market_regime_analyzer.py;analytics/context/prediction_adjuster.py,Verify this reference is used through a registry/factory/pipeline path.
src\config\analysis.yaml,class_like_name,ModelHealthAnalyzer,FOUND_IN_SOURCE,models/analysis/model_health_analyzer.py,Verify this reference is used through a registry/factory/pipeline path.
src\config\analysis.yaml,class_like_name,OverfittingAnalyzer,FOUND_IN_SOURCE,models/analysis/overfitting_detection/analyzer.py;models/analysis/overfitting_detection/manager.py;models/analysis/overfitting_detection/__init__.py,Verify this reference is used through a registry/factory/pipeline path.
src\config\analysis.yaml,class_like_name,VolatilityCalculator,FOUND_IN_SOURCE,analytics/analyzers/wrappers.py;analytics/calculators/risk_reward_calculator.py;analytics/calculators/volatility_calculator.py;features/enrichers/derived_features_enricher.py;features/enrichers/technical_analysis_enricher.py,Verify this reference is used through a registry/factory/pipeline path.
src\config\analysis.yaml,class_like_name,DrawdownCalculator,FOUND_IN_SOURCE,analytics/analyzers/hedge_fund_analyzer.py;analytics/analyzers/wrappers.py;analytics/calculators/drawdown_calculator.py;features/enrichers/technical_analysis_enricher.py,Verify this reference is used through a registry/factory/pipeline path.
src\config\analysis.yaml,class_like_name,RiskRewardCalculator,FOUND_IN_SOURCE,analytics/analyzers/hedge_fund_analyzer.py;analytics/calculators/risk_reward_calculator.py;features/enrichers/technical_analysis_enricher.py,Verify this reference is used through a registry/factory/pipeline path.
src\config\analysis.yaml,class_like_name,EconometricsCalculator,FOUND_IN_SOURCE,analytics/calculators/advanced_econometrics_calculator.py;analytics/calculators/econometrics_calculator.py;features/enrichers/technical_analysis_enricher.py;pipeline/stages/feature_engineering/orchestrator.py,Verify this reference is used through a registry/factory/pipeline path.
src\config\analysis.yaml,class_like_name,SentimentStatsCalculator,FOUND_IN_SOURCE,analytics/calculators/sentiment_stats_calculator.py;features/enrichers/advanced_analytics_enricher.py;features/enrichers/technical_analysis_enricher.py,Verify this reference is used through a registry/factory/pipeline path.
src\config\analysis.yaml,class_like_name,MarketRegimeDetector,FOUND_IN_SOURCE,algorithms/__init__.py;trading/consensus_engine.py;analytics/context/market_regime_analyzer.py;analytics/detectors/regime_detector.py;features/enrichers/technical_analysis_enricher.py;models/analysis/regime_winner_analyzer.py,Verify this reference is used through a registry/factory/pipeline path.
src\config\analysis.yaml,class_like_name,MacroScoreCalculator,FOUND_IN_SOURCE,analytics/calculators/macro_score_calculator.py;analytics/context/macro_context_analyzer.py;features/enrichers/advanced_analytics_enricher.py;features/enrichers/technical_analysis_enricher.py,Verify this reference is used through a registry/factory/pipeline path.
src\config\analysis.yaml,class_like_name,ExplainabilityCalculator,FOUND_IN_SOURCE,analytics/calculators/explainability_calculator.py;features/enrichers/technical_analysis_enricher.py,Verify this reference is used through a registry/factory/pipeline path.
src\config\analysis.yaml,name,market_regime,FOUND_IN_SOURCE,agents/pipeline_bridge.py;algorithms/adaptive_position_sizer.py;ensembling/base_ensemble.py;ensembling/stacked_ensemble.py;features/feature_selector.py;trading/consensus_engine.py;trading/portfolio_manager.py;trading/trading_orchestrator.py;analytics/analyzers/adaptive_confidence_analyzer.py;analytics/calculators/market_regime_calculator.py;analytics/context/ensemble_selector.py;analytics/context/macro_context_analyzer.py;analytics/context/market_regime_analyzer.py;analytics/utils/analytics_math.py;archive/backtesting/engine.py;archive/features/feature_selection_cache.py;archive/meta_learning/real_time_learning.py;archive/model_selector_dead/context_prediction_mapper.py;archive/model_selector_dead/dynamic_weight_selector.py;archive/model_selector_dead/enhanced_context_analyzer.py,Verify this reference is used through a registry/factory/pipeline path.
src\config\analysis.yaml,class,MarketRegimeAnalyzer,FOUND_IN_SOURCE,analytics/context/market_regime_analyzer.py,Verify this reference is used through a registry/factory/pipeline path.
src\config\analysis.yaml,name,adaptive_confidence,FOUND_IN_SOURCE,trading/consensus_engine.py;analytics/analyzers/adaptive_confidence_analyzer.py;archive/calibration/adaptive_confidence_calibrator.py;models/calibration/adaptive_confidence_calibrator.py;models/calibration/prediction_ledger.py;pipeline/stages/prediction/orchestrator.py,Verify this reference is used through a registry/factory/pipeline path.
src\config\analysis.yaml,class,AdaptiveConfidenceAnalyzer,FOUND_IN_SOURCE,trading/consensus_engine.py;analytics/analyzers/adaptive_confidence_analyzer.py,Verify this reference is used through a registry/factory/pipeline path.
src\config\analysis.yaml,name,causal_event_finder,FOUND_IN_SOURCE,analytics/analyzer_registry.py;analytics/analyzers/causal_event_finder.py,Verify this reference is used through a registry/factory/pipeline path.
src\config\analysis.yaml,class,CausalEngine,FOUND_IN_SOURCE,archive/dean_integration.py;analytics/analyzers/causal_event_finder.py;analytics/engines/causal_engine.py,Verify this reference is used through a registry/factory/pipeline path.
src\config\analysis.yaml,name,knn_similarity,FOUND_IN_SOURCE,archive/dean_integration.py;analytics/analyzers/knn_similarity_finder.py;analytics/context/contextual_model_selector.py;archive/meta_learning/dean_trading_models.py;meta_learning/memory/knn_context_finder.py,Verify this reference is used through a registry/factory/pipeline path.
src\config\analysis.yaml,class,KnnSimilarityFinder,FOUND_IN_SOURCE,archive/dean_integration.py;analytics/analyzers/knn_similarity_finder.py;analytics/context/contextual_model_selector.py;archive/meta_learning/dean_trading_models.py;meta_learning/memory/knn_context_finder.py,Verify this reference is used through a registry/factory/pipeline path.
src\config\analysis.yaml,name,news_impact,FOUND_IN_SOURCE,config/unified_config_manager.py;features/news_dataset_builder.py;features/news_impact_classifier.py;analytics/analyzers/news_impact_analyzer.py;archive/models/feature_selector.py;features/analysis/news_decay_modeler.py;features/enrichers/news_impact_enricher.py;features/analysis/decay/decay_predictor.py;models/adapters/unified_model_adapter.py;pipeline/stages/trading/recommendation_engine.py,Verify this reference is used through a registry/factory/pipeline path.
src\config\analysis.yaml,class,NewsImpactAnalyzer,FOUND_IN_SOURCE,analytics/analyzers/news_impact_analyzer.py;features/enrichers/news_impact_enricher.py,Verify this reference is used through a registry/factory/pipeline path.
src\config\analysis.yaml,name,hedge_fund_style,POSSIBLY_MISSING,,Check if config references renamed/deleted component or if component is loaded dynamically.
src\config\analysis.yaml,class,HedgeFundAnalyzer,FOUND_IN_SOURCE,analytics/analyzer_registry.py;dashboard/main_app.py;analytics/analyzers/hedge_fund_analyzer.py,Verify this reference is used through a registry/factory/pipeline path.
src\config\analysis.yaml,name,macro_context,FOUND_IN_SOURCE,features/news_dataset_builder.py;analytics/context/macro_context_analyzer.py;data/collectors/sdmx_macro_collector.py;pipeline/stages/collection/orchestrator.py,Verify this reference is used through a registry/factory/pipeline path.
src\config\analysis.yaml,class,MacroContextAnalyzer,FOUND_IN_SOURCE,analytics/context/macro_context_analyzer.py,Verify this reference is used through a registry/factory/pipeline path.
src\config\analysis.yaml,name,critical_signals,POSSIBLY_MISSING,,Check if config references renamed/deleted component or if component is loaded dynamically.
src\config\analysis.yaml,class,CriticalSignalDetector,FOUND_IN_SOURCE,analytics/detectors/critical_signal_detector.py;pipeline/stages/prediction/orchestrator.py,Verify this reference is used through a registry/factory/pipeline path.
src\config\analysis.yaml,name,pattern_analysis,FOUND_IN_SOURCE,archive/patterns/pattern_analyzer.py,Verify this reference is used through a registry/factory/pipeline path.
src\config\analysis.yaml,class,PatternAnalyzer,FOUND_IN_SOURCE,archive/meta_learning/dean_trading_models.py;archive/patterns/pattern_analyzer.py;models/analysis/regime_winner_analyzer.py;models/analysis/regime/patterns.py;models/analysis/regime/__init__.py,Verify this reference is used through a registry/factory/pipeline path.
src\config\analysis.yaml,name,risk_decomposition,FOUND_IN_SOURCE,analytics/analyzers/risk_decomposition_analyzer.py,Verify this reference is used through a registry/factory/pipeline path.
src\config\analysis.yaml,class,RiskDecompositionAnalyzer,FOUND_IN_SOURCE,analytics/analyzers/risk_decomposition_analyzer.py,Verify this reference is used through a registry/factory/pipeline path.
src\config\analysis.yaml,name,model_health,FOUND_IN_SOURCE,archive/online_model_integration.py;archive/models_dead/integrated_model_manager.py;models/analysis/model_health_analyzer.py;models/health/model_health_evaluator.py;models/statistics/model_statistics.py,Verify this reference is used through a registry/factory/pipeline path.
src\config\analysis.yaml,class,ModelHealthAnalyzer,FOUND_IN_SOURCE,models/analysis/model_health_analyzer.py,Verify this reference is used through a registry/factory/pipeline path.
src\config\analysis.yaml,name,overfitting_detection,FOUND_IN_SOURCE,models/analysis/overfitting_detector.py;models/analysis/overfitting_detection/analyzer.py;models/analysis/overfitting_detection/config.py;models/analysis/overfitting_detection/manager.py;models/analysis/overfitting_detection/metrics.py;models/analysis/overfitting_detection/visualizer.py;models/analysis/overfitting_detection/__init__.py,Verify this reference is used through a registry/factory/pipeline path.
src\config\analysis.yaml,class,OverfittingAnalyzer,FOUND_IN_SOURCE,models/analysis/overfitting_detection/analyzer.py;models/analysis/overfitting_detection/manager.py;models/analysis/overfitting_detection/__init__.py,Verify this reference is used through a registry/factory/pipeline path.
src\config\analysis.yaml,class,VolatilityCalculator,FOUND_IN_SOURCE,analytics/analyzers/wrappers.py;analytics/calculators/risk_reward_calculator.py;analytics/calculators/volatility_calculator.py;features/enrichers/derived_features_enricher.py;features/enrichers/technical_analysis_enricher.py,Verify this reference is used through a registry/factory/pipeline path.
src\config\analysis.yaml,class,DrawdownCalculator,FOUND_IN_SOURCE,analytics/analyzers/hedge_fund_analyzer.py;analytics/analyzers/wrappers.py;analytics/calculators/drawdown_calculator.py;features/enrichers/technical_analysis_enricher.py,Verify this reference is used through a registry/factory/pipeline path.
src\config\analysis.yaml,class,RiskRewardCalculator,FOUND_IN_SOURCE,analytics/analyzers/hedge_fund_analyzer.py;analytics/calculators/risk_reward_calculator.py;features/enrichers/technical_analysis_enricher.py,Verify this reference is used through a registry/factory/pipeline path.
src\config\analysis.yaml,class,FamaFrenchFactors,FOUND_IN_SOURCE,dashboard/main_app.py;analytics/analyzers/hedge_fund_analyzer.py;analytics/analyzers/wrappers.py;analytics/calculators/fama_french_factors.py;features/enrichers/technical_analysis_enricher.py,Verify this reference is used through a registry/factory/pipeline path.
src\config\analysis.yaml,class,EconometricsCalculator,FOUND_IN_SOURCE,analytics/calculators/advanced_econometrics_calculator.py;analytics/calculators/econometrics_calculator.py;features/enrichers/technical_analysis_enricher.py;pipeline/stages/feature_engineering/orchestrator.py,Verify this reference is used through a registry/factory/pipeline path.
src\config\analysis.yaml,class,SentimentStatsCalculator,FOUND_IN_SOURCE,analytics/calculators/sentiment_stats_calculator.py;features/enrichers/advanced_analytics_enricher.py;features/enrichers/technical_analysis_enricher.py,Verify this reference is used through a registry/factory/pipeline path.
src\config\analysis.yaml,class,MacroScoreCalculator,FOUND_IN_SOURCE,analytics/calculators/macro_score_calculator.py;analytics/context/macro_context_analyzer.py;features/enrichers/advanced_analytics_enricher.py;features/enrichers/technical_analysis_enricher.py,Verify this reference is used through a registry/factory/pipeline path.
src\config\analysis.yaml,class,ExplainabilityCalculator,FOUND_IN_SOURCE,analytics/calculators/explainability_calculator.py;features/enrichers/technical_analysis_enricher.py,Verify this reference is used through a registry/factory/pipeline path.
src\config\cloud_storage.yaml,name,trading_multi_project,POSSIBLY_MISSING,,Check if config references renamed/deleted component or if component is loaded dynamically.
src\config\collectors.yaml,class_like_name,LocalFileCollector,FOUND_IN_SOURCE,data/collectors/local_file_collector.py,Verify this reference is used through a registry/factory/pipeline path.
src\config\collectors.yaml,name,aaii_sentiment_data,FOUND_IN_SOURCE,data/collectors/aaii_sentiment_collector.py,Verify this reference is used through a registry/factory/pipeline path.
src\config\collectors.yaml,name,bigquery_data,POSSIBLY_MISSING,,Check if config references renamed/deleted component or if component is loaded dynamically.
src\config\collectors.yaml,name,cftc_data,FOUND_IN_SOURCE,data/collectors/cftc_collector.py,Verify this reference is used through a registry/factory/pipeline path.
src\config\collectors.yaml,name,news_patterns,FOUND_IN_SOURCE,archive/patterns/pattern_analyzer.py;pipeline/stages/collection/orchestrator.py,Verify this reference is used through a registry/factory/pipeline path.
src\config\collectors.yaml,name,economic_calendar,FOUND_IN_SOURCE,cli/pipeline_executor.py;data/collectors/economic_calendar_collector.py;features/enrichers/economic_calendar_enricher.py;pipeline/stages/collection/orchestrator.py;pipeline/stages/utils/collection_manager.py,Verify this reference is used through a registry/factory/pipeline path.
src\config\collectors.yaml,name,fear_greed_data,FOUND_IN_SOURCE,data/collectors/alternative_me_collector.py;data/collectors/fear_greed_collector.py,Verify this reference is used through a registry/factory/pipeline path.
src\config\collectors.yaml,name,fred_data,FOUND_IN_SOURCE,cli/pipeline_executor.py;data/collectors/fred_collector.py;features/enrichers/macro_features_enricher.py;pipeline/stages/collection/orchestrator.py;scripts/simulation/shadow_arena.py,Verify this reference is used through a registry/factory/pipeline path.
src\config\collectors.yaml,name,google_trends_data,POSSIBLY_MISSING,,Check if config references renamed/deleted component or if component is loaded dynamically.
src\config\collectors.yaml,name,google_news,FOUND_IN_SOURCE,cli/pipeline_executor.py;validation/validators.py;data/collectors/google_news_collector.py;pipeline/stages/collection/orchestrator.py;pipeline/stages/utils/collection_manager.py,Verify this reference is used through a registry/factory/pipeline path.
src\config\collectors.yaml,name,zeroshot,POSSIBLY_MISSING,,Check if config references renamed/deleted component or if component is loaded dynamically.
src\config\collectors.yaml,name,null,FOUND_IN_SOURCE,cli/batch_manager.py;cli/pipeline_executor.py;analytics/utils/knn_model_wrapper.py;archive/model_selector_dead/dynamic_weight_selector.py;archive/model_selector_dead/enhanced_context_analyzer.py;archive/patterns/pattern_analyzer.py;archive/utils/missing_data_anomaly_detector.py;archive/pipeline/stages/stage_3_improvements.py;archive/pipeline/stages/prediction/result_builder.py;core/cache/cache_manager.py;core/utils/path_utils.py;core/validation/validators.py;data/collectors/free_google_trends_collector.py;data/validation/event_dataset_validator.py;features/enrichers/improved_sentiment_enricher.py;features/enrichers/sentiment_features_enricher.py;models/model_selector/smart_selector.py;pipeline/guards/safe_feature_combiner.py;pipeline/stages/collection/orchestrator.py;processing/filters/price_filter.py,Verify this reference is used through a registry/factory/pipeline path.
src\config\collectors.yaml,name,huggingface_data,FOUND_IN_SOURCE,cli/pipeline_data_loader.py;cli/pipeline_executor.py;data/collectors/huggingface_collector.py,Verify this reference is used through a registry/factory/pipeline path.
src\config\collectors.yaml,name,insider_trades,FOUND_IN_SOURCE,data/collectors/insider_collector.py,Verify this reference is used through a registry/factory/pipeline path.
src\config\collectors.yaml,class,LocalFileCollector,FOUND_IN_SOURCE,data/collectors/local_file_collector.py,Verify this reference is used through a registry/factory/pipeline path.
src\config\collectors.yaml,name,local_market_data,POSSIBLY_MISSING,,Check if config references renamed/deleted component or if component is loaded dynamically.
src\config\collectors.yaml,name,newsapi_articles,FOUND_IN_SOURCE,cli/pipeline_executor.py;validation/validators.py;data/collectors/newsapi_collector.py,Verify this reference is used through a registry/factory/pipeline path.
src\config\collectors.yaml,name,put_call_ratio_data,FOUND_IN_SOURCE,data/collectors/put_call_ratio_collector.py,Verify this reference is used through a registry/factory/pipeline path.
src\config\collectors.yaml,name,sociological_sentiment_data,FOUND_IN_SOURCE,data/collectors/reddit_sentiment_collector.py,Verify this reference is used through a registry/factory/pipeline path.
src\config\collectors.yaml,name,rss_news,FOUND_IN_SOURCE,cli/pipeline_executor.py;data/collectors/rss_collector.py,Verify this reference is used through a registry/factory/pipeline path.
src\config\collectors.yaml,name,sec_filings,FOUND_IN_SOURCE,cli/pipeline_executor.py;data/collectors/sec_filings_collector.py;pipeline/stages/collection/orchestrator.py;pipeline/stages/utils/collection_manager.py,Verify this reference is used through a registry/factory/pipeline path.
src\config\collectors.yaml,name,vix_data,FOUND_IN_SOURCE,data/collectors/vix_collector.py;data/management/data_manager.py,Verify this reference is used through a registry/factory/pipeline path.
src\config\collectors.yaml,name,market_data_raw,FOUND_IN_SOURCE,cli/pipeline_executor.py;data/collectors/yf_collector.py;data/management/data_manager.py;main/modes/monster_test.py;pipeline/stages/collection/orchestrator.py;pipeline/stages/feature_engineering/orchestrator.py,Verify this reference is used through a registry/factory/pipeline path.
src\config\collectors.yaml,name,wikipedia_attention_data,FOUND_IN_SOURCE,data/collectors/wikimedia_attention_collector.py,Verify this reference is used through a registry/factory/pipeline path.
src\config\collectors.yaml,name,macro_sdmx_data,FOUND_IN_SOURCE,data/collectors/sdmx_macro_collector.py,Verify this reference is used through a registry/factory/pipeline path.
src\config\context.yaml,name,Financial,FOUND_IN_SOURCE,algorithms/metrics_mixin.py;archive/financial_metrics.py;monitoring/health_hub.py;scripts/test_modular_pipeline.py;agents/modular_pipeline/orchestrator.py;agents/modular_pipeline/lenses/financial_services_lens.py;analytics/calculators/risk_reward_calculator.py;archive/validation/temporal_feature_separator.py;data/collectors/cftc_collector.py;features/nlp/extractors/keyword_extractor.py;features/nlp/extractors/news_ticker_detector.py;metrics/financial/financial_metrics_library.py;metrics/financial/portfolio_metrics.py;pipeline/stages/evaluation/metrics_calculator.py;pipeline/stages/evaluation/orchestrator.py;pipeline/stages/evaluation/report_generator.py;scripts/experiments/compare_layers.py,Verify this reference is used through a registry/factory/pipeline path.
src\config\context.yaml,name,COVID-19,POSSIBLY_MISSING,,Check if config references renamed/deleted component or if component is loaded dynamically.
src\config\context.yaml,name,Dot-com,POSSIBLY_MISSING,,Check if config references renamed/deleted component or if component is loaded dynamically.
src\config\context.yaml,name,Black,FOUND_IN_SOURCE,algorithms/risk_parity_allocator.py;data/collectors/synthetic_generator.py;main/modes/monster_test.py;main/modes/shadow_battle.py;scripts/optimization/portfolio/optimizer.py,Verify this reference is used through a registry/factory/pipeline path.
src\config\context.yaml,name,Great,FOUND_IN_SOURCE,archive/monitoring/tests.py,Verify this reference is used through a registry/factory/pipeline path.
src\config\context.yaml,name,Inflation,FOUND_IN_SOURCE,agents/archive/cognitive_extractor.py;agents/archive/cognitive_pipeline.py;archive/models_dead/universal_registry.py;data/collectors/sdmx_macro_collector.py;features/validation/redundancy_detector.py;scripts/simulation/shadow_arena.py,Verify this reference is used through a registry/factory/pipeline path.
src\config\context.yaml,name,Rate,FOUND_IN_SOURCE,dashboard/main_app.py;trading/live_adaptive_ensemble.py;utils/rate_limiter.py;agents/archive/cognitive_extractor.py;agents/tools/gdelt_tool.py;archive/calibration/calibration_engine.py;archive/meta_learning/real_time_learning.py;archive/models_dead/integrated_model_manager.py;core/clients/http_client_factory.py;core/clients/llm_client.py;data/collectors/insider_collector.py;data/collectors/wikimedia_attention_collector.py;features/enrichers/volume_enricher.py;meta_learning/calibration/calibration_engine.py;meta_learning/memory/diary_engine.py;meta_learning/security/agent_permissions.py;metrics/financial/financial_metrics_library.py;models/analysis/baselines/strategies.py;models/ensemble/calibration/strategies.py;pipeline/guards/macro_release_timing_guard.py,Verify this reference is used through a registry/factory/pipeline path.
src\config\context.yaml,name,Banking,FOUND_IN_SOURCE,patterns/pattern_recognition_adjustment.py,Verify this reference is used through a registry/factory/pipeline path.
src\config\context.yaml,name,Tech,FOUND_IN_SOURCE,patterns/pattern_recognition_adjustment.py;scripts/test_modular_pipeline.py;agents/modular_pipeline/orchestrator.py;agents/modular_pipeline/lenses/healthcare_biotech_lens.py;agents/modular_pipeline/lenses/technology_lens.py;archive/utils/smart_missing_data_handler.py;archive/features/utils/hybrid_adaptive_technical_indicators.py;archive/features/utils/modular_adaptive_technical_indicators.py;archive/features/utils/simple_adaptive_technical_indicators.py;features/enrichers/advanced_analytics_enricher.py;features/enrichers/nlp_features_enricher.py;features/enrichers/technical_analysis_enricher.py;features/selection/enhanced_smart_selector.py;features/utils/adaptive_indicators.py;features/utils/technical_indicators_lib.py;features/nlp/extractors/news_ticker_detector.py;scripts/simulation/shadow_arena.py,Verify this reference is used through a registry/factory/pipeline path.
src\config\context.yaml,name,Crypto,FOUND_IN_SOURCE,data/collectors/newsapi_collector.py;data/collectors/sec_filings_collector.py;pipeline/stages/trading/recommendation_engine.py,Verify this reference is used through a registry/factory/pipeline path.
src\config\context.yaml,name,Geopolitical,FOUND_IN_SOURCE,patterns/pattern_recognition_adjustment.py;scripts/test_modular_pipeline.py;agents/modular_pipeline/orchestrator.py;agents/modular_pipeline/lenses/geopolitical_risk_lens.py;archive/patterns/pattern_analyzer.py;scripts/simulation/shadow_arena.py,Verify this reference is used through a registry/factory/pipeline path.
src\config\context.yaml,name,Energy,FOUND_IN_SOURCE,features/entity_linker.py;scripts/test_modular_pipeline.py;agents/modular_pipeline/orchestrator.py;agents/tools/eia_tool.py;agents/modular_pipeline/lenses/energy_commodity_lens.py;features/nlp/extractors/news_ticker_detector.py;scripts/simulation/shadow_arena.py,Verify this reference is used through a registry/factory/pipeline path.
src\config\context.yaml,name,Supply,FOUND_IN_SOURCE,agents/archive/cognitive_extractor.py;agents/archive/cognitive_pipeline.py,Verify this reference is used through a registry/factory/pipeline path.
src\config\context.yaml,name,Housing,POSSIBLY_MISSING,,Check if config references renamed/deleted component or if component is loaded dynamically.
src\config\context.yaml,name,Flash,FOUND_IN_SOURCE,data/collectors/synthetic_generator.py;main/modes/shadow_battle.py,Verify this reference is used through a registry/factory/pipeline path.
src\config\context.yaml,name,European,POSSIBLY_MISSING,,Check if config references renamed/deleted component or if component is loaded dynamically.
src\config\context.yaml,name,Asian,POSSIBLY_MISSING,,Check if config references renamed/deleted component or if component is loaded dynamically.
src\config\data_sources.yaml,name,local_file_source,POSSIBLY_MISSING,,Check if config references renamed/deleted component or if component is loaded dynamically.
src\config\data_sources.yaml,class,LocalFileDataSource,FOUND_IN_SOURCE,archive/data_sources/local_file_data_source.py;archive/data_sources/__init__.py,Verify this reference is used through a registry/factory/pipeline path.
src\config\enrichment.yaml,class_like_name,SignificanceFeaturesEnricher,FOUND_IN_SOURCE,features/enrichers/significance_features_enricher.py,Verify this reference is used through a registry/factory/pipeline path.
src\config\enrichment.yaml,class_like_name,MarketContextEnricher,FOUND_IN_SOURCE,features/enrichers/market_context_enricher.py,Verify this reference is used through a registry/factory/pipeline path.
src\config\enrichment.yaml,class_like_name,EconomicCalendarEnricher,FOUND_IN_SOURCE,features/enrichers/economic_calendar_enricher.py,Verify this reference is used through a registry/factory/pipeline path.
src\config\enrichment.yaml,class_like_name,TimeFeaturesEnricher,FOUND_IN_SOURCE,features/enrichers/time_features_enricher.py,Verify this reference is used through a registry/factory/pipeline path.
src\config\enrichment.yaml,model,name,FOUND_IN_SOURCE,agents/pipeline_bridge.py;algorithms/metrics_mixin.py;algorithms/risk_parity_allocator.py;analytics/analyzer_registry.py;analytics/meta_pattern_miner.py;analytics/panic_correlation_analyzer.py;analytics/unified_analytics_engine.py;archive/dean_integration.py;archive/online_model_integration.py;archive/portfolio_optimizer.py;cli/argument_parser.py;cli/argument_validator.py;cli/batch_manager.py;cli/pipeline_data_loader.py;cli/pipeline_executor.py;colab/__init__.py;config/target_type_registry.py;config/unified_config_manager.py;core/base_integration.py;core/version_checker.py,Verify this reference is used through a registry/factory/pipeline path.
src\config\enrichment.yaml,model,en_core_web_sm,FOUND_IN_SOURCE,features/enrichers/keyword_entity_enricher.py;features/nlp/extractors/entity_extractor.py,Verify this reference is used through a registry/factory/pipeline path.
src\config\enrichment.yaml,model_name,t5-small,FOUND_IN_SOURCE,features/nlp/scoring/summarizer.py,Verify this reference is used through a registry/factory/pipeline path.
src\config\enrichment.yaml,class,SignificanceFeaturesEnricher,FOUND_IN_SOURCE,features/enrichers/significance_features_enricher.py,Verify this reference is used through a registry/factory/pipeline path.
src\config\enrichment.yaml,class,MarketContextEnricher,FOUND_IN_SOURCE,features/enrichers/market_context_enricher.py,Verify this reference is used through a registry/factory/pipeline path.
src\config\enrichment.yaml,class,EconomicCalendarEnricher,FOUND_IN_SOURCE,features/enrichers/economic_calendar_enricher.py,Verify this reference is used through a registry/factory/pipeline path.
src\config\enrichment.yaml,class,TimeFeaturesEnricher,FOUND_IN_SOURCE,features/enrichers/time_features_enricher.py,Verify this reference is used through a registry/factory/pipeline path.
src\config\error_handling.yaml,class_like_name,EnhancedErrorAnalyzer,POSSIBLY_MISSING,,Check if config references renamed/deleted component or if component is loaded dynamically.
src\config\knowledge_base.yaml,name,bloomberg_markets,POSSIBLY_MISSING,,Check if config references renamed/deleted component or if component is loaded dynamically.
src\config\knowledge_base.yaml,name,bloomberg_tech,POSSIBLY_MISSING,,Check if config references renamed/deleted component or if component is loaded dynamically.
src\config\knowledge_base.yaml,name,bloomberg_economics,POSSIBLY_MISSING,,Check if config references renamed/deleted component or if component is loaded dynamically.
src\config\knowledge_base.yaml,name,bloomberg_business,POSSIBLY_MISSING,,Check if config references renamed/deleted component or if component is loaded dynamically.
src\config\knowledge_base.yaml,name,bloomberg_politics,POSSIBLY_MISSING,,Check if config references renamed/deleted component or if component is loaded dynamically.
src\config\knowledge_base.yaml,name,cnbc_earnings,POSSIBLY_MISSING,,Check if config references renamed/deleted component or if component is loaded dynamically.
src\config\knowledge_base.yaml,name,cnbc_world,POSSIBLY_MISSING,,Check if config references renamed/deleted component or if component is loaded dynamically.
src\config\knowledge_base.yaml,name,yahoo_finance_general,POSSIBLY_MISSING,,Check if config references renamed/deleted component or if component is loaded dynamically.
src\config\knowledge_base.yaml,name,bbc_business,POSSIBLY_MISSING,,Check if config references renamed/deleted component or if component is loaded dynamically.
src\config\knowledge_base.yaml,name,financial_times,POSSIBLY_MISSING,,Check if config references renamed/deleted component or if component is loaded dynamically.
src\config\knowledge_base.yaml,name,wsj,POSSIBLY_MISSING,,Check if config references renamed/deleted component or if component is loaded dynamically.
src\config\knowledge_base.yaml,name,wsj_markets,POSSIBLY_MISSING,,Check if config references renamed/deleted component or if component is loaded dynamically.
src\config\knowledge_base.yaml,name,marketwatch,POSSIBLY_MISSING,,Check if config references renamed/deleted component or if component is loaded dynamically.
src\config\knowledge_base.yaml,name,seeking_alpha,POSSIBLY_MISSING,,Check if config references renamed/deleted component or if component is loaded dynamically.
src\config\knowledge_base.yaml,name,investing_com,POSSIBLY_MISSING,,Check if config references renamed/deleted component or if component is loaded dynamically.
src\config\knowledge_base.yaml,name,benzinga,POSSIBLY_MISSING,,Check if config references renamed/deleted component or if component is loaded dynamically.
src\config\knowledge_base.yaml,name,ft_markets,POSSIBLY_MISSING,,Check if config references renamed/deleted component or if component is loaded dynamically.
src\config\knowledge_base.yaml,name,zerohedge,POSSIBLY_MISSING,,Check if config references renamed/deleted component or if component is loaded dynamically.
src\config\knowledge_base.yaml,name,cointelegraph_crypto,POSSIBLY_MISSING,,Check if config references renamed/deleted component or if component is loaded dynamically.
src\config\knowledge_base.yaml,name,npr_business,POSSIBLY_MISSING,,Check if config references renamed/deleted component or if component is loaded dynamically.
src\config\knowledge_base.yaml,name,nber_working_papers,POSSIBLY_MISSING,,Check if config references renamed/deleted component or if component is loaded dynamically.
src\config\knowledge_base.yaml,name,ecb_working_papers,POSSIBLY_MISSING,,Check if config references renamed/deleted component or if component is loaded dynamically.
src\config\knowledge_base.yaml,name,bis_research,POSSIBLY_MISSING,,Check if config references renamed/deleted component or if component is loaded dynamically.
src\config\knowledge_base.yaml,name,usda_agriculture,POSSIBLY_MISSING,,Check if config references renamed/deleted component or if component is loaded dynamically.
src\config\knowledge_base.yaml,name,fierce_biotech,POSSIBLY_MISSING,,Check if config references renamed/deleted component or if component is loaded dynamically.
src\config\knowledge_base.yaml,name,techcrunch,POSSIBLY_MISSING,,Check if config references renamed/deleted component or if component is loaded dynamically.
src\config\knowledge_base.yaml,name,oilprice_energy,POSSIBLY_MISSING,,Check if config references renamed/deleted component or if component is loaded dynamically.
src\config\knowledge_base.yaml,name,mining_com_metals,POSSIBLY_MISSING,,Check if config references renamed/deleted component or if component is loaded dynamically.
src\config\knowledge_base.yaml,name,inman_real_estate,POSSIBLY_MISSING,,Check if config references renamed/deleted component or if component is loaded dynamically.
src\config\models.yaml,class_like_name,ModelFactory,FOUND_IN_SOURCE,factories/model_factory.py;factories/tree_model_factory.py;models/enhanced_factory.py;training/base_trainer.py;training/constants.py;training/light_model_trainer.py;training/unified_training_manager.py;archive/models/factory.py,Verify this reference is used through a registry/factory/pipeline path.
src\config\models.yaml,class_like_name,CatBoostModel,FOUND_IN_SOURCE,factories/tree_model_factory.py;archive/models/factory.py;models/prototypes/prototype.py;models/tree/catboost_model.py,Verify this reference is used through a registry/factory/pipeline path.
src\config\models.yaml,class_like_name,LightGBMModel,FOUND_IN_SOURCE,factories/tree_model_factory.py;archive/models/factory.py;models/tree/lightgbm_model.py,Verify this reference is used through a registry/factory/pipeline path.
src\config\models.yaml,class_like_name,XGBoostModel,FOUND_IN_SOURCE,factories/tree_model_factory.py;archive/models/factory.py;models/tree/xgboost_model.py,Verify this reference is used through a registry/factory/pipeline path.
src\config\models.yaml,class_like_name,RandomForestModel,FOUND_IN_SOURCE,factories/tree_model_factory.py;archive/models/factory.py;models/tree/random_forest_model.py,Verify this reference is used through a registry/factory/pipeline path.
src\config\models.yaml,class_like_name,LinearModel,FOUND_IN_SOURCE,factories/model_factory.py;archive/models/factory.py;models/linear/linear_model.py,Verify this reference is used through a registry/factory/pipeline path.
src\config\models.yaml,class_like_name,SVMModel,FOUND_IN_SOURCE,factories/model_factory.py;archive/models/factory.py;models/linear/svm_model.py,Verify this reference is used through a registry/factory/pipeline path.
src\config\models.yaml,class_like_name,KNNModel,FOUND_IN_SOURCE,factories/model_factory.py;archive/models/factory.py;models/linear/knn_model.py,Verify this reference is used through a registry/factory/pipeline path.
src\config\models.yaml,class_like_name,MLPModel,FOUND_IN_SOURCE,factories/model_factory.py;archive/models/factory.py;models/neural/mlp_model.py,Verify this reference is used through a registry/factory/pipeline path.
src\config\models.yaml,class_like_name,CNNModel,FOUND_IN_SOURCE,factories/model_factory.py;models/loader.py;archive/models/factory.py;colab/models/architectures.py;colab/models/model_factory.py;colab/models/torch_models.py;models/neural/cnn_model.py,Verify this reference is used through a registry/factory/pipeline path.
src\config\models.yaml,class_like_name,LSTMModel,FOUND_IN_SOURCE,factories/model_factory.py;models/loader.py;archive/models/factory.py;colab/models/architectures.py;colab/models/model_factory.py;colab/models/torch_models.py;models/neural/lstm_model.py,Verify this reference is used through a registry/factory/pipeline path.
src\config\models.yaml,class_like_name,GRUModel,FOUND_IN_SOURCE,factories/model_factory.py;models/loader.py;archive/models/factory.py;colab/models/architectures.py;colab/models/model_factory.py;colab/models/torch_models.py;models/neural/gru_model.py,Verify this reference is used through a registry/factory/pipeline path.
src\config\models.yaml,class_like_name,TransformerModel,FOUND_IN_SOURCE,factories/model_factory.py;models/loader.py;archive/models/factory.py;colab/models/architectures.py;colab/models/model_factory.py;colab/models/torch_models.py;models/neural/transformer_model.py,Verify this reference is used through a registry/factory/pipeline path.
src\config\models.yaml,class_like_name,TabNetModel,FOUND_IN_SOURCE,factories/model_factory.py;archive/models/factory.py;models/neural/tabnet_model.py,Verify this reference is used through a registry/factory/pipeline path.
src\config\models.yaml,class_like_name,AutoencoderModel,FOUND_IN_SOURCE,factories/model_factory.py;models/loader.py;archive/models/factory.py;colab/models/architectures.py;colab/models/model_factory.py;colab/models/torch_models.py;models/neural/autoencoder_model.py,Verify this reference is used through a registry/factory/pipeline path.
src\config\models.yaml,class_like_name,EnsembleModel,FOUND_IN_SOURCE,factories/model_factory.py;archive/models/factory.py;archive/models_dead/enhanced_ensemble.py;ensembling/ensemble/ensemble_model.py;models/ensemble/ensemble_model.py,Verify this reference is used through a registry/factory/pipeline path.
src\config\models.yaml,model,is_present,FOUND_IN_SOURCE,core/security/secure_secrets_manager.py,Verify this reference is used through a registry/factory/pipeline path.
src\config\models.yaml,class,CatBoostModel,FOUND_IN_SOURCE,factories/tree_model_factory.py;archive/models/factory.py;models/prototypes/prototype.py;models/tree/catboost_model.py,Verify this reference is used through a registry/factory/pipeline path.
src\config\models.yaml,class,LightGBMModel,FOUND_IN_SOURCE,factories/tree_model_factory.py;archive/models/factory.py;models/tree/lightgbm_model.py,Verify this reference is used through a registry/factory/pipeline path.
src\config\models.yaml,class,XGBoostModel,FOUND_IN_SOURCE,factories/tree_model_factory.py;archive/models/factory.py;models/tree/xgboost_model.py,Verify this reference is used through a registry/factory/pipeline path.
src\config\models.yaml,class,RandomForestModel,FOUND_IN_SOURCE,factories/tree_model_factory.py;archive/models/factory.py;models/tree/random_forest_model.py,Verify this reference is used through a registry/factory/pipeline path.
src\config\models.yaml,class,LinearModel,FOUND_IN_SOURCE,factories/model_factory.py;archive/models/factory.py;models/linear/linear_model.py,Verify this reference is used through a registry/factory/pipeline path.
src\config\models.yaml,class,SVMModel,FOUND_IN_SOURCE,factories/model_factory.py;archive/models/factory.py;models/linear/svm_model.py,Verify this reference is used through a registry/factory/pipeline path.
src\config\models.yaml,class,KNNModel,FOUND_IN_SOURCE,factories/model_factory.py;archive/models/factory.py;models/linear/knn_model.py,Verify this reference is used through a registry/factory/pipeline path.
src\config\models.yaml,class,MLPModel,FOUND_IN_SOURCE,factories/model_factory.py;archive/models/factory.py;models/neural/mlp_model.py,Verify this reference is used through a registry/factory/pipeline path.
src\config\models.yaml,class,CNNModel,FOUND_IN_SOURCE,factories/model_factory.py;models/loader.py;archive/models/factory.py;colab/models/architectures.py;colab/models/model_factory.py;colab/models/torch_models.py;models/neural/cnn_model.py,Verify this reference is used through a registry/factory/pipeline path.
src\config\models.yaml,class,LSTMModel,FOUND_IN_SOURCE,factories/model_factory.py;models/loader.py;archive/models/factory.py;colab/models/architectures.py;colab/models/model_factory.py;colab/models/torch_models.py;models/neural/lstm_model.py,Verify this reference is used through a registry/factory/pipeline path.
src\config\models.yaml,class,GRUModel,FOUND_IN_SOURCE,factories/model_factory.py;models/loader.py;archive/models/factory.py;colab/models/architectures.py;colab/models/model_factory.py;colab/models/torch_models.py;models/neural/gru_model.py,Verify this reference is used through a registry/factory/pipeline path.
src\config\models.yaml,class,TransformerModel,FOUND_IN_SOURCE,factories/model_factory.py;models/loader.py;archive/models/factory.py;colab/models/architectures.py;colab/models/model_factory.py;colab/models/torch_models.py;models/neural/transformer_model.py,Verify this reference is used through a registry/factory/pipeline path.
src\config\models.yaml,class,TabNetModel,FOUND_IN_SOURCE,factories/model_factory.py;archive/models/factory.py;models/neural/tabnet_model.py,Verify this reference is used through a registry/factory/pipeline path.
src\config\models.yaml,class,AutoencoderModel,FOUND_IN_SOURCE,factories/model_factory.py;models/loader.py;archive/models/factory.py;colab/models/architectures.py;colab/models/model_factory.py;colab/models/torch_models.py;models/neural/autoencoder_model.py,Verify this reference is used through a registry/factory/pipeline path.
src\config\models.yaml,class,EnsembleModel,FOUND_IN_SOURCE,factories/model_factory.py;archive/models/factory.py;archive/models_dead/enhanced_ensemble.py;ensembling/ensemble/ensemble_model.py;models/ensemble/ensemble_model.py,Verify this reference is used through a registry/factory/pipeline path.
src\config\models.yaml,model,data,FOUND_IN_SOURCE,agents/pipeline_bridge.py;algorithms/adaptive_position_sizer.py;algorithms/metrics_mixin.py;algorithms/risk_parity_allocator.py;analytics/interfaces.py;analytics/meta_pattern_miner.py;analytics/panic_correlation_analyzer.py;analytics/unified_analytics_engine.py;analytics/__init__.py;archive/dean_integration.py;archive/legacy_smart_trader.py;archive/online_model_integration.py;archive/portfolio_optimizer.py;cli/argument_validator.py;cli/batch_manager.py;cli/pipeline_data_loader.py;cli/pipeline_executor.py;colab/__init__.py;config/unified_config_manager.py;core/exceptions.py,Verify this reference is used through a registry/factory/pipeline path.
src\config\models.yaml,model_name,yiyanghkust,FOUND_IN_SOURCE,features/nlp/models/sentiment_core.py,Verify this reference is used through a registry/factory/pipeline path.
src\config\monitoring_config.yaml,name,Trading,FOUND_IN_SOURCE,archive/dean_integration.py;cli/argument_parser.py;config/unified_config_manager.py;dashboard/main_app.py;features/news_dataset_builder.py;meta_learning/__init__.py;monitoring/dashboard.py;trading/adaptive_parameter_manager.py;trading/consensus_engine.py;trading/elite_risk_sizer.py;trading/live_adaptive_ensemble.py;trading/portfolio_manager.py;trading/post_inference_filter.py;trading/trader.py;trading/trading_orchestrator.py;trading/virtual_portfolio.py;trading/__init__.py;utils/trading_calendar.py;validation/time_series_validator.py;analytics/arena/arena_battle.py,Verify this reference is used through a registry/factory/pipeline path.
src\config\processing.yaml,name,target_regression_1d,POSSIBLY_MISSING,,Check if config references renamed/deleted component or if component is loaded dynamically.
src\config\processing.yaml,name,target_binary_1d_0_0,POSSIBLY_MISSING,,Check if config references renamed/deleted component or if component is loaded dynamically.
src\config\processing.yaml,name,target_multiclass_1d,POSSIBLY_MISSING,,Check if config references renamed/deleted component or if component is loaded dynamically.
src\config\processing.yaml,name,target_rsi_prediction_3d,POSSIBLY_MISSING,,Check if config references renamed/deleted component or if component is loaded dynamically.
src\config\sentiment.yaml,model,finbert,FOUND_IN_SOURCE,features/news_clusterer.py;sentiment/sentiment_models.py;agents/archive/veto_system.py;features/enrichers/finbert_sentiment.py;features/enrichers/sentiment_features_enricher.py;features/nlp/models/finbert_pipeline.py;features/nlp/models/sentiment_core.py;models/adapters/sentiment_integration.py;pipeline/stages/feature_engineering/orchestrator.py,Verify this reference is used through a registry/factory/pipeline path.
src\config\sentiment.yaml,model_name,ProsusAI,FOUND_IN_SOURCE,features/news_clusterer.py;sentiment/sentiment_models.py;features/enrichers/finbert_sentiment.py;features/nlp/models/finbert_pipeline.py,Verify this reference is used through a registry/factory/pipeline path.
src\config\sentiment.yaml,model_name,cardiffnlp,POSSIBLY_MISSING,,Check if config references renamed/deleted component or if component is loaded dynamically.
src\config\sentiment.yaml,model_name,distilbert-base-uncased-finetuned-sst-2-english,POSSIBLY_MISSING,,Check if config references renamed/deleted component or if component is loaded dynamically.
src\config\simulation.yaml,name,COVID-like,POSSIBLY_MISSING,,Check if config references renamed/deleted component or if component is loaded dynamically.
src\config\simulation.yaml,name,Rate,FOUND_IN_SOURCE,dashboard/main_app.py;trading/live_adaptive_ensemble.py;utils/rate_limiter.py;agents/archive/cognitive_extractor.py;agents/tools/gdelt_tool.py;archive/calibration/calibration_engine.py;archive/meta_learning/real_time_learning.py;archive/models_dead/integrated_model_manager.py;core/clients/http_client_factory.py;core/clients/llm_client.py;data/collectors/insider_collector.py;data/collectors/wikimedia_attention_collector.py;features/enrichers/volume_enricher.py;meta_learning/calibration/calibration_engine.py;meta_learning/memory/diary_engine.py;meta_learning/security/agent_permissions.py;metrics/financial/financial_metrics_library.py;models/analysis/baselines/strategies.py;models/ensemble/calibration/strategies.py;pipeline/guards/macro_release_timing_guard.py,Verify this reference is used through a registry/factory/pipeline path.
src\config\simulation.yaml,name,Short,FOUND_IN_SOURCE,risk/elite_risk_metrics.py;sentiment/sentiment_models.py;agents/archive/cognitive_extractor.py;features/enrichers/technical_analysis_enricher.py;models/neural/lstm_model.py,Verify this reference is used through a registry/factory/pipeline path.
src\config\transformers.yaml,class,StandardScalerTransformer,FOUND_IN_SOURCE,features/transformers/transformers.py;features/transformers/__init__.py,Verify this reference is used through a registry/factory/pipeline path.
src\config\transformers.yaml,class,MinMaxScalerTransformer,FOUND_IN_SOURCE,features/transformers/transformers.py;features/transformers/__init__.py,Verify this reference is used through a registry/factory/pipeline path.
src\config\unified_config.yaml,class_like_name,CriticalSignalDetector,FOUND_IN_SOURCE,analytics/detectors/critical_signal_detector.py;pipeline/stages/prediction/orchestrator.py,Verify this reference is used through a registry/factory/pipeline path.
src\config\unified_config.yaml,class_like_name,NewsImpactAnalyzer,FOUND_IN_SOURCE,analytics/analyzers/news_impact_analyzer.py;features/enrichers/news_impact_enricher.py,Verify this reference is used through a registry/factory/pipeline path.
src\config\unified_config.yaml,class_like_name,MacroContextAnalyzer,FOUND_IN_SOURCE,analytics/context/macro_context_analyzer.py,Verify this reference is used through a registry/factory/pipeline path.
src\config\unified_config.yaml,class_like_name,SignificanceAnalyzer,FOUND_IN_SOURCE,features/enrichers/significance_features_enricher.py,Verify this reference is used through a registry/factory/pipeline path.
src\config\unified_config.yaml,class_like_name,VolatilityCalculator,FOUND_IN_SOURCE,analytics/analyzers/wrappers.py;analytics/calculators/risk_reward_calculator.py;analytics/calculators/volatility_calculator.py;features/enrichers/derived_features_enricher.py;features/enrichers/technical_analysis_enricher.py,Verify this reference is used through a registry/factory/pipeline path.
src\config\unified_config.yaml,class_like_name,DrawdownCalculator,FOUND_IN_SOURCE,analytics/analyzers/hedge_fund_analyzer.py;analytics/analyzers/wrappers.py;analytics/calculators/drawdown_calculator.py;features/enrichers/technical_analysis_enricher.py,Verify this reference is used through a registry/factory/pipeline path.
src\config\unified_config.yaml,class_like_name,CollectionStage,FOUND_IN_SOURCE,pipeline/pipeline_orchestrator.py;main/modes/training_data_pipeline.py;pipeline/stages/stage_1_collection.py;pipeline/stages/collection/orchestrator.py;pipeline/stages/utils/collection_manager.py,Verify this reference is used through a registry/factory/pipeline path.
src\config\unified_config.yaml,class_like_name,ProcessingStage,FOUND_IN_SOURCE,pipeline/pipeline_orchestrator.py;validation/validators.py;pipeline/stages/stage_2_processing.py;pipeline/stages/feature_engineering/orchestrator.py;pipeline/stages/processing/orchestrator.py;pipeline/stages/processing/__init__.py,Verify this reference is used through a registry/factory/pipeline path.
src\config\unified_config.yaml,class_like_name,FeatureEngineeringStage,FOUND_IN_SOURCE,pipeline/pipeline_orchestrator.py;features/validation/feature_leakage_guard.py;pipeline/stages/stage_3_feature_engineering.py;pipeline/stages/feature_engineering/orchestrator.py;pipeline/stages/feature_engineering/__init__.py,Verify this reference is used through a registry/factory/pipeline path.
src\config\unified_config.yaml,class_like_name,ModelingStage,FOUND_IN_SOURCE,pipeline/pipeline_orchestrator.py;pipeline/stages/stage_4_modeling.py;pipeline/stages/modeling/orchestrator.py;pipeline/stages/modeling/utils.py,Verify this reference is used through a registry/factory/pipeline path.
src\config\unified_config.yaml,class_like_name,PredictionStage,FOUND_IN_SOURCE,pipeline/stages/stage_5_prediction.py;pipeline/stages/prediction/anomaly_engine.py;pipeline/stages/prediction/model_resolver.py;pipeline/stages/prediction/orchestrator.py;pipeline/stages/prediction/prediction_generator.py,Verify this reference is used through a registry/factory/pipeline path.
src\config\unified_config.yaml,class_like_name,TradingExecutionStage,FOUND_IN_SOURCE,pipeline/stages/stage_6_trading_execution.py;pipeline/stages/trading/orchestrator.py,Verify this reference is used through a registry/factory/pipeline path.
src\config\unified_config.yaml,class_like_name,EvaluationStage,FOUND_IN_SOURCE,agents/pipeline_bridge.py;validation/validators.py;pipeline/stages/stage_7_evaluation.py;pipeline/stages/evaluation/orchestrator.py,Verify this reference is used through a registry/factory/pipeline path.
src\config\unified_config.yaml,name,VIX,FOUND_IN_SOURCE,archive/features/context_aware_feature_selector.py;archive/model_selector_dead/dynamic_weight_selector.py;archive/model_selector_dead/enhanced_context_analyzer.py;data/collectors/vix_collector.py;data/management/data_manager.py;ensembling/ensemble/archive/adaptive_ensemble.py;features/enrichers/advanced_analytics_enricher.py;features/enrichers/context_map_enricher.py;features/enrichers/technical_analysis_enricher.py;meta_learning/evolution/dual_loops.py;meta_learning/awareness/context/manager.py;models/adapters/data_preparation.py;models/model_selector/smart_selector.py;pipeline/stages/collection/orchestrator.py;scripts/simulation/shadow_arena.py,Verify this reference is used through a registry/factory/pipeline path.
src\config\unified_config.yaml,name,yield_curve_slope,FOUND_IN_SOURCE,analytics/context/market_context_analyzer.py;features/enrichers/context_map_enricher.py;features/enrichers/market_context_enricher.py,Verify this reference is used through a registry/factory/pipeline path.
src\config\unified_config.yaml,name,fed_funds_rate,FOUND_IN_SOURCE,features/enrichers/macro_features_enricher.py,Verify this reference is used through a registry/factory/pipeline path.
src\config\unified_config.yaml,name,unemployment_rate,POSSIBLY_MISSING,,Check if config references renamed/deleted component or if component is loaded dynamically.
src\config\unified_config.yaml,name,cpi_inflation,POSSIBLY_MISSING,,Check if config references renamed/deleted component or if component is loaded dynamically.
src\config\unified_config.yaml,name,rolling_vol_10d,POSSIBLY_MISSING,,Check if config references renamed/deleted component or if component is loaded dynamically.
src\config\unified_config.yaml,class,VolatilityCalculator,FOUND_IN_SOURCE,analytics/analyzers/wrappers.py;analytics/calculators/risk_reward_calculator.py;analytics/calculators/volatility_calculator.py;features/enrichers/derived_features_enricher.py;features/enrichers/technical_analysis_enricher.py,Verify this reference is used through a registry/factory/pipeline path.
src\config\unified_config.yaml,name,calculate_rolling_volatility,FOUND_IN_SOURCE,analytics/analyzers/wrappers.py;analytics/calculators/volatility_calculator.py;features/enrichers/derived_features_enricher.py;features/enrichers/technical_analysis_enricher.py;metrics/utils/calculation_tools.py,Verify this reference is used through a registry/factory/pipeline path.
src\config\unified_config.yaml,name,max_drawdown_30d,POSSIBLY_MISSING,,Check if config references renamed/deleted component or if component is loaded dynamically.
src\config\unified_config.yaml,class,DrawdownCalculator,FOUND_IN_SOURCE,analytics/analyzers/hedge_fund_analyzer.py;analytics/analyzers/wrappers.py;analytics/calculators/drawdown_calculator.py;features/enrichers/technical_analysis_enricher.py,Verify this reference is used through a registry/factory/pipeline path.
src\config\unified_config.yaml,name,calculate_rolling_max_drawdown,POSSIBLY_MISSING,,Check if config references renamed/deleted component or if component is loaded dynamically.
src\config\unified_config.yaml,name,Stage_0_Setup,FOUND_IN_SOURCE,pipeline/stages/stage_0_setup.py,Verify this reference is used through a registry/factory/pipeline path.
src\config\unified_config.yaml,class_path,src.pipeline.stages.stage_0_setup.Stage0Setup,FOUND_IN_SOURCE,pipeline/stages/stage_0_setup.py,Verify this reference is used through a registry/factory/pipeline path.
src\config\unified_config.yaml,name,Stage_1_Collection,FOUND_IN_SOURCE,pipeline/stages/stage_1_collection.py,Verify this reference is used through a registry/factory/pipeline path.
src\config\unified_config.yaml,class_path,src.pipeline.stages.stage_1_collection.CollectionStage,FOUND_IN_SOURCE,pipeline/pipeline_orchestrator.py;main/modes/training_data_pipeline.py;pipeline/stages/stage_1_collection.py;pipeline/stages/collection/orchestrator.py;pipeline/stages/utils/collection_manager.py,Verify this reference is used through a registry/factory/pipeline path.
src\config\unified_config.yaml,name,Stage_2_Processing,FOUND_IN_SOURCE,pipeline/stages/stage_2_processing.py,Verify this reference is used through a registry/factory/pipeline path.
src\config\unified_config.yaml,class_path,src.pipeline.stages.stage_2_processing.ProcessingStage,FOUND_IN_SOURCE,pipeline/pipeline_orchestrator.py;validation/validators.py;pipeline/stages/stage_2_processing.py;pipeline/stages/feature_engineering/orchestrator.py;pipeline/stages/processing/orchestrator.py;pipeline/stages/processing/__init__.py,Verify this reference is used through a registry/factory/pipeline path.
src\config\unified_config.yaml,name,Stage_3_Feature_Engineering,FOUND_IN_SOURCE,pipeline/stages/stage_3_feature_engineering.py,Verify this reference is used through a registry/factory/pipeline path.
src\config\unified_config.yaml,class_path,src.pipeline.stages.stage_3_feature_engineering.FeatureEngineeringStage,FOUND_IN_SOURCE,pipeline/pipeline_orchestrator.py;features/validation/feature_leakage_guard.py;pipeline/stages/stage_3_feature_engineering.py;pipeline/stages/feature_engineering/orchestrator.py;pipeline/stages/feature_engineering/__init__.py,Verify this reference is used through a registry/factory/pipeline path.
src\config\unified_config.yaml,name,Stage_4_Modeling,FOUND_IN_SOURCE,pipeline/stages/stage_4_modeling.py,Verify this reference is used through a registry/factory/pipeline path.
src\config\unified_config.yaml,class_path,src.pipeline.stages.stage_4_modeling.ModelingStage,FOUND_IN_SOURCE,pipeline/pipeline_orchestrator.py;pipeline/stages/stage_4_modeling.py;pipeline/stages/modeling/orchestrator.py;pipeline/stages/modeling/utils.py,Verify this reference is used through a registry/factory/pipeline path.
src\config\unified_config.yaml,name,Stage_5_Prediction,FOUND_IN_SOURCE,pipeline/stages/stage_5_prediction.py,Verify this reference is used through a registry/factory/pipeline path.
src\config\unified_config.yaml,class_path,src.pipeline.stages.stage_5_prediction.PredictionStage,FOUND_IN_SOURCE,pipeline/stages/stage_5_prediction.py;pipeline/stages/prediction/anomaly_engine.py;pipeline/stages/prediction/model_resolver.py;pipeline/stages/prediction/orchestrator.py;pipeline/stages/prediction/prediction_generator.py,Verify this reference is used through a registry/factory/pipeline path.
src\config\unified_config.yaml,name,Stage_6_Trading_Execution,FOUND_IN_SOURCE,pipeline/stages/stage_6_trading_execution.py,Verify this reference is used through a registry/factory/pipeline path.
src\config\unified_config.yaml,class_path,src.pipeline.stages.stage_6_trading_execution.TradingExecutionStage,FOUND_IN_SOURCE,pipeline/stages/stage_6_trading_execution.py;pipeline/stages/trading/orchestrator.py,Verify this reference is used through a registry/factory/pipeline path.
src\config\unified_config.yaml,name,Stage_7_Evaluation,FOUND_IN_SOURCE,pipeline/stages/stage_7_evaluation.py,Verify this reference is used through a registry/factory/pipeline path.
src\config\unified_config.yaml,class_path,src.pipeline.stages.stage_7_evaluation.EvaluationStage,FOUND_IN_SOURCE,agents/pipeline_bridge.py;validation/validators.py;pipeline/stages/stage_7_evaluation.py;pipeline/stages/evaluation/orchestrator.py,Verify this reference is used through a registry/factory/pipeline path.
