measured_on,target,sealed_from,tests_screened,feature,history,coverage,varies,constant,time_sd,ic_in,ic_out,ic_daily,t_daily,n_dates,blocks_agree,t_recent,t_hac,hac_lag,hac_ratio,p_out,p_naive,kept_sign,ic_within,passes_fdr,passes_fdr_naive,verdict
2026-09-10,target_relative_return_5d,2023-09-01,262,FRED_SAHMREALTIME_1d,108898,0.17468455144225678,0.0,False,2.472828953294554,,-0.03860990242018139,,,0,0,,,0,,,,False,-0.03942732103452697,False,False,market-wide: use as interaction
2026-09-10,target_relative_return_5d,2023-09-01,262,FRED_ICSA_1d,362249,0.5810878443626704,0.0,False,482637.29373339517,-0.001908218991480896,-0.03768990853746793,,,0,0,,,0,,,,True,-0.03371245463983719,False,False,market-wide: use as interaction
2026-09-10,target_relative_return_5d,2023-09-01,262,FRED_DCOILWTICO_1d,623165,0.999626241983452,0.0,False,28.301630381278713,0.01465611018916811,0.03168521316908485,,,0,0,,,0,,,,True,0.037337020678697104,False,False,market-wide: use as interaction
2026-09-10,target_relative_return_5d,2023-09-01,262,FRED_CCSA_1d,355548,0.5703386921356822,0.0,False,3042032.210840703,0.0008485203400589215,-0.031184995388177268,,,0,0,,,0,,,,False,-0.032369208457992585,False,False,market-wide: use as interaction
2026-09-10,target_relative_return_5d,2023-09-01,262,MAX_DRAWDOWN_1d,623398,1.0,1.0,False,0.1421824599069526,-0.021571623003744357,-0.02992191203232791,-0.034297945418659485,-7.394614065868117,1763,4,-1.9169347670749066,-3.697826291462934,35,1.999719154720667,0.0002241140915293627,2.1818865781364215e-13,True,-0.006172554124677144,True,True,"labels the name, not the moment"
2026-09-10,target_relative_return_5d,2023-09-01,262,CURRENT_DRAWDOWN_1d,623398,1.0,1.0,False,0.1404068471654715,-0.02157910429094366,-0.029623808884656506,-0.03400385493126632,-7.319942169107557,1763,4,-1.8705507687917455,-3.6523623021552396,35,2.00416649925121,0.000267432554749376,3.753542409249669e-13,True,-0.005952638176423338,True,True,"labels the name, not the moment"
2026-09-10,target_relative_return_5d,2023-09-01,262,cftc_gold_ls_ratio_1d,187651,0.30101315692382713,0.0,False,1.7610632424812078,-0.01759713186448494,-0.028919922580077015,,,0,0,,,0,,,,True,-0.029161840700370194,False,False,market-wide: use as interaction
2026-09-10,target_relative_return_5d,2023-09-01,262,cftc_gold_net_pct_1d,187651,0.30101315692382713,0.0,False,18.588152238585053,-0.01759713186448494,-0.028919922580077015,,,0,0,,,0,,,,True,-0.029078735345984937,False,False,market-wide: use as interaction
2026-09-10,target_relative_return_5d,2023-09-01,262,FRED_T5YIFR_1d,504748,0.8096721516591326,0.0,False,0.3448880930555322,0.010331139005488986,0.027502603994574257,,,0,0,,,0,,,,True,0.018651257965113976,False,False,market-wide: use as interaction
2026-09-10,target_relative_return_5d,2023-09-01,262,FRED_T10YIE_1d,504748,0.8096721516591326,0.0,False,0.4101341668178759,0.009123369906714016,0.026602405199278017,,,0,0,,,0,,,,True,0.02619652270910155,False,False,market-wide: use as interaction
2026-09-10,target_relative_return_5d,2023-09-01,262,FRED_WPU101_1d,223974,0.3592793047138425,0.0,False,74.37378230378829,0.02006874395796729,0.026169534261905388,,,0,0,,,0,,,,True,0.029065718931261416,False,False,market-wide: use as interaction
2026-09-10,target_relative_return_5d,2023-09-01,262,FRED_WPU0561_1d,223974,0.3592793047138425,0.0,False,52.21250489066585,0.0352918447464229,0.025406061186546463,,,0,0,,,0,,,,True,0.026979415831022587,False,False,market-wide: use as interaction
2026-09-10,target_relative_return_5d,2023-09-01,262,FRED_DGS10_1d,623165,0.999626241983452,0.0,False,1.5174559413153266,-0.0071096199622796355,0.02415703792714298,,,0,0,,,0,,,,False,0.006572194553258615,False,False,market-wide: use as interaction
2026-09-10,target_relative_return_5d,2023-09-01,262,FRED_T5YIE_1d,504748,0.8096721516591326,0.0,False,0.5824573256294303,0.007161406452426012,0.02413645114531283,,,0,0,,,0,,,,True,0.02670381140101264,False,False,market-wide: use as interaction
2026-09-10,target_relative_return_5d,2023-09-01,262,AUTOCORR_1d,623398,1.0,1.0,False,0.0395454403603128,0.0013006307422733531,0.02318673364297647,0.005769596576017112,1.7860220286818551,1763,3,1.2527692362658294,0.8839972451833688,31,2.020393206441925,0.3768183014716371,0.07426760379362958,True,0.02881574060614715,False,False,inside the noise for this many tests
2026-09-10,target_relative_return_5d,2023-09-01,262,HURST_EXPONENT_1d,623398,1.0,1.0,False,0.024909506064643674,-0.0022972666117733738,-0.023096380282921887,-0.010052620477629465,-2.651441810586597,1763,3,-1.5260623325324556,-1.213949863496342,34,2.1841444118211615,0.22492955483142515,0.008086728459235306,True,-0.022536146721440876,False,False,inside the noise for this many tests
2026-09-10,target_relative_return_5d,2023-09-01,262,FRED_GS10_1d,623348,0.9999197944170498,0.0,False,1.515407928787505,-0.007675374270911053,0.022908278908958253,,,0,0,,,0,,,,False,0.00572179596234164,False,False,market-wide: use as interaction
2026-09-10,target_relative_return_5d,2023-09-01,262,FRED_DGORDER_1d,574105,0.9209285239926981,0.0,False,30896.331181686808,0.009045261984118291,0.020592836990682654,,,0,0,,,0,,,,True,0.0415033276946058,False,False,market-wide: use as interaction
2026-09-10,target_relative_return_5d,2023-09-01,262,FRED_GS2_1d,623348,0.9999197944170498,0.0,False,1.9931266261795326,-0.009664570549601844,0.020040470834249185,,,0,0,,,0,,,,False,0.012463650453115774,False,False,market-wide: use as interaction
2026-09-10,target_relative_return_5d,2023-09-01,262,FRED_UNRATE_1d,621885,0.9975729790599264,0.0,False,1.883614495445476,0.006930408804708754,-0.019950537820046594,,,0,0,,,0,,,,False,-0.03123989451378466,False,False,market-wide: use as interaction
2026-09-10,target_relative_return_5d,2023-09-01,262,context_pattern_id_1d,17971,0.028827490623967354,0.7366176470588235,False,inf,-0.006626012948947731,-0.018730558559459074,,,2,0,,,0,,,,True,0.016957806490537505,False,False,too thin to judge
2026-09-10,target_relative_return_5d,2023-09-01,262,SKEWNESS_1d,623398,1.0,1.0,False,2.5977301108173507,-0.003084811864163662,-0.01836334771434619,-0.009636974714589932,-2.866655514072444,1763,3,-2.803909272817745,-1.430467484674869,31,2.0039990735783877,0.15276019792395978,0.004197625710522984,True,-0.010086625337045258,False,False,inside the noise for this many tests
2026-09-10,target_relative_return_5d,2023-09-01,262,FRED_WTREGEN_1d,505500,0.8108784436267039,0.0,False,348483.2599962807,0.0011202014075533042,-0.018022094833562364,,,0,0,,,0,,,,False,-0.002969618334245122,False,False,market-wide: use as interaction
2026-09-10,target_relative_return_5d,2023-09-01,262,FRED_PPIACO_1d,619031,0.992994844385128,0.0,False,36.019334135080015,0.014137028426670119,0.017912858496061636,,,0,0,,,0,,,,True,0.03209939853390029,False,False,market-wide: use as interaction
2026-09-10,target_relative_return_5d,2023-09-01,262,cftc_sp500_ls_ratio_1d,187651,0.30101315692382713,0.0,False,0.36076658819412644,-0.01759713186448494,0.01789192354407859,,,0,0,,,0,,,,False,0.017134527090190768,False,False,market-wide: use as interaction
2026-09-10,target_relative_return_5d,2023-09-01,262,cftc_sp500_net_pct_1d,187651,0.30101315692382713,0.0,False,18.546438842764715,-0.01759713186448494,0.01789192354407859,,,0,0,,,0,,,,False,0.017039279683026244,False,False,market-wide: use as interaction
2026-09-10,target_relative_return_5d,2023-09-01,262,market_context_fed_funds_trend_1d,623398,1.0,0.3610294117647059,False,0.45165253387877213,-0.001956794572728096,0.017534797952158593,0.005709460358401798,0.9219604697339543,469,3,-0.497563701445093,0.5384390898339829,12,1.7122836865693065,0.5905299390315062,0.3570242291285062,False,0.02136627587768048,False,False,sign flipped out of sample
2026-09-10,target_relative_return_5d,2023-09-01,262,significant_events_30d_1d,623398,1.0,1.0,False,3.6126581314698005,-0.008149780476225133,-0.017505577883132034,-0.01634384491422906,-3.602727045514757,1763,4,-0.986234682096188,-1.8947218999749806,33,1.9014542691264245,0.05829283808829149,0.0003236339569012696,True,-0.011051730144486181,False,True,inside the noise for this many tests
2026-09-10,target_relative_return_5d,2023-09-01,262,FRED_RRPONTSYD_1d,502657,0.8063179541801546,0.0,False,574.6161004431199,-0.003962209338614342,0.016669861661769314,,,0,0,,,0,,,,False,0.021443622217002686,False,False,market-wide: use as interaction
2026-09-10,target_relative_return_5d,2023-09-01,262,FRED_CAPUTLB50001SQ_1d,225649,0.3619661917426748,0.0,False,3.1986031791261302,0.01860155147504646,0.01654607023901088,,,0,0,,,0,,,,True,0.01520066086264679,False,False,market-wide: use as interaction
2026-09-10,target_relative_return_5d,2023-09-01,262,VOLATILITY_50_1d,623398,1.0,1.0,False,0.19823396433030419,0.0006378041852263035,-0.015831111106542867,-0.0037323119375454756,-0.5507801079916321,1763,2,-1.818558382530067,-0.2829639568190566,35,1.9464673670217034,0.7772377047591014,0.581854245615469,False,0.0022349216506495,False,False,sign flipped out of sample
2026-09-10,target_relative_return_5d,2023-09-01,262,SHARPE_RATIO_1d,623398,1.0,1.0,False,0.5044515997137483,0.015606991416044517,0.015592893054118743,0.01596064349103937,2.5203626940410646,1763,4,2.045593764538692,1.3582903437662845,35,1.8555404635010297,0.1745454545555347,0.011811100213284522,True,0.00898775382007712,False,False,inside the noise for this many tests
2026-09-10,target_relative_return_5d,2023-09-01,262,FRED_INDPRO_1d,621336,0.996692321759133,0.0,False,14.582868498962776,-0.008141990623885204,0.015544623972003806,,,0,0,,,0,,,,False,-0.009766130713426776,False,False,market-wide: use as interaction
2026-09-10,target_relative_return_5d,2023-09-01,262,ACCELERATION_10_1d,623398,1.0,1.0,False,13.734928293804057,-0.01287631840335485,-0.015331854203437642,-0.012892766207631927,-2.8206539617217015,1763,3,0.596630748723632,-1.541212792965196,23,1.8301521857309149,0.12344456632454663,0.004846274372015077,True,-0.015262236932574924,False,False,inside the noise for this many tests
2026-09-10,target_relative_return_5d,2023-09-01,262,FRED_T10Y3M_1d,623165,0.999626241983452,0.0,False,1.2002315376243526,0.0051330517737824145,0.015142201213940321,,,0,0,,,0,,,,True,0.007599169955449,False,False,market-wide: use as interaction
2026-09-10,target_relative_return_5d,2023-09-01,262,state_SMA_200_1d,623398,1.0,0.9752941176470589,False,0.4716846564415798,0.007829433696823885,0.01514199626085438,0.017065882099943402,3.174286492105654,1763,4,0.9087302673469213,1.7373052695428208,35,1.8271322534703305,0.08250803951162351,0.0015279979083780049,True,0.0002748312857418494,False,True,"labels the name, not the moment"
2026-09-10,target_relative_return_5d,2023-09-01,262,market_context_fed_funds_velocity_1d,623398,1.0,0.1625,False,0.17857954211283691,0.002323739744909471,0.015121928686429906,0.02217973749296812,2.715413524785721,224,4,1.1719315727436215,1.8356680720480372,8,1.479250833052928,0.06773838527258572,0.007137689503089288,True,0.01921390047922874,False,False,inside the noise for this many tests
2026-09-10,target_relative_return_5d,2023-09-01,262,state_champion_1d,623398,1.0,0.0,False,0.9641574534774726,-0.0074535623127381274,-0.01506982645119229,,,0,0,,,0,,,,True,5.380681125742943e-07,False,False,market-wide: use as interaction
2026-09-10,target_relative_return_5d,2023-09-01,262,FRED_MANEMP_1d,621885,0.9975729790599264,0.0,False,2460.2125451697875,-0.008824862104841862,0.014847691362307888,,,0,0,,,0,,,,False,-0.01383506967787802,False,False,market-wide: use as interaction
2026-09-10,target_relative_return_5d,2023-09-01,262,FRED_TOTALSA_1d,275628,0.44213808834805374,0.0,False,1.7004945273943697,-0.004228194182544761,0.014521492017744926,,,0,0,,,0,,,,False,0.0116791954633414,False,False,market-wide: use as interaction
2026-09-10,target_relative_return_5d,2023-09-01,262,fund_return_on_equity_1d,238742,0.3829688256940189,0.5301470588235294,False,0.07811335311379217,0.0021116461791704827,0.014390020730747728,0.01984791395817387,4.622226222832905,1763,4,1.4280315207399366,2.063325362400875,34,2.2401829139804237,0.039227909582644695,4.072399931167761e-06,True,-0.004744880690751213,False,True,"labels the name, not the moment"
2026-09-10,target_relative_return_5d,2023-09-01,262,market_context_volume_ratio_1d,623398,1.0,1.0,False,0.1172299911662232,0.0031206440358187894,0.01418179835915376,0.0055098032100199135,1.7037568154245142,1763,2,-0.7230754469963214,0.9414302555487242,25,1.809753622621209,0.34661346438917184,0.08860285477090421,True,0.01684967058883809,False,False,inside the noise for this many tests
2026-09-10,target_relative_return_5d,2023-09-01,262,FRED_FEDFUNDS_1d,619397,0.9935819492523236,0.0,False,2.1273684317061514,-0.009936817012491364,0.013336981436039676,,,0,0,,,0,,,,False,0.004212422574186278,False,False,market-wide: use as interaction
2026-09-10,target_relative_return_5d,2023-09-01,262,SORTINO_RATIO_1d,623398,1.0,1.0,False,0.7616293388929948,0.015559388351966685,0.013294412865254412,0.014190241477029845,2.2416080432107064,1763,4,1.8898586790097989,1.202679470845337,35,1.8638449375336301,0.2292619664836814,0.025110753206866433,True,0.01112187350133086,False,False,inside the noise for this many tests
2026-09-10,target_relative_return_5d,2023-09-01,262,insider_net_value_30d_1d,107087,0.1717795052277999,0.5816176470588236,False,10.921236240188371,-0.004649385304681201,-0.013110124041587182,-0.019406657518037485,-6.256373159916669,1756,3,0.33644470810590793,-3.1881963489218133,30,1.9623550356402781,0.0014568656022760766,4.939351142517137e-10,True,0.002550627769609857,False,True,"labels the name, not the moment"
2026-09-10,target_relative_return_5d,2023-09-01,262,FRED_DSPIC96_1d,620731,0.9957218342054354,0.0,False,3321.436088525599,0.01052787001140104,-0.013100606112285931,,,0,0,,,0,,,,False,0.013185642212447527,False,False,market-wide: use as interaction
2026-09-10,target_relative_return_5d,2023-09-01,262,ROLLING_SKEW_20_1d,623398,1.0,1.0,False,0.23011763717166575,-0.01154594252006783,-0.01306579766381034,-0.0109607701898601,-2.9556142183488707,1763,3,-1.3379941436394687,-1.7196464228152142,28,1.7187336763741625,0.08567234315668505,0.0031619149208316115,True,-0.0111561307459582,False,False,inside the noise for this many tests
2026-09-10,target_relative_return_5d,2023-09-01,262,day_of_year_1d,623398,1.0,0.0,False,104.68204206642432,-0.0014241790522196566,-0.012886035508141484,,,0,0,,,0,,,,True,-0.012904713145942335,False,False,market-wide: use as interaction
2026-09-10,target_relative_return_5d,2023-09-01,262,market_context_volatility_ratio_1d,623398,1.0,1.0,False,0.1664904158820098,-0.004118818109352925,0.012586810326389761,0.009782698120409498,2.5920476941448505,1763,3,0.3351616091817759,1.4410561734889173,20,1.7987138474062996,0.14974649394144404,0.009619513599859358,False,0.012393584555660092,False,False,sign flipped out of sample
2026-09-10,target_relative_return_5d,2023-09-01,262,LEVEL_DIST_SUPPORT_20_1d,623398,1.0,1.0,False,0.08550151456680083,-0.019155776649482245,-0.012510004381692074,-0.004636723659095471,-0.9201792633154265,1763,2,-0.6798100976418059,-0.46846394795477714,26,1.964247766200048,0.6395107930204285,0.35760504718990194,True,-0.004613626245882886,False,False,inside the noise for this many tests
2026-09-10,target_relative_return_5d,2023-09-01,262,cftc_crude_ls_ratio_1d,187651,0.30101315692382713,0.0,False,1.5351316495971061,-0.01759713186448494,0.012171792179445551,,,0,0,,,0,,,,False,0.010208781840352102,False,False,market-wide: use as interaction
2026-09-10,target_relative_return_5d,2023-09-01,262,cftc_crude_net_pct_1d,187651,0.30101315692382713,0.0,False,14.872386984425363,-0.01759713186448494,0.012171792179445551,,,0,0,,,0,,,,False,0.011106207122156715,False,False,market-wide: use as interaction
2026-09-10,target_relative_return_5d,2023-09-01,262,state_FRED_NFCI_1d,623398,1.0,0.0,False,0.43074083341802766,-0.0023864976375644617,-0.012040112491351505,,,0,0,,,0,,,,True,0.0051133999113660185,False,False,market-wide: use as interaction
2026-09-10,target_relative_return_5d,2023-09-01,262,week_of_year_1d,623398,1.0,0.0,False,14.960793331084439,-7.740470880552912e-05,-0.011943076996448847,,,0,0,,,0,,,,True,-0.01187056731302999,False,False,market-wide: use as interaction
2026-09-10,target_relative_return_5d,2023-09-01,262,peer_divergence_1d,617434,0.990433078065698,1.0,False,6.870684726345996e-05,-0.022192173675772284,-0.011820660314580476,-0.01238017173382498,-3.9827129256061875,1763,4,-2.025841603140694,-3.8941232127909116,4,1.0227495916216232,0.00010223191647963367,7.090462773567003e-05,True,-0.01036947152562775,True,True,"survives, worth testing"
2026-09-10,target_relative_return_5d,2023-09-01,262,quarter_1d,623398,1.0,0.0,False,1.1145918646306656,-0.002485856059932146,-0.011792643243297743,,,0,0,,,0,,,,True,-0.011420610559890135,False,False,market-wide: use as interaction
2026-09-10,target_relative_return_5d,2023-09-01,262,month_of_year_1d,623398,1.0,0.0,False,3.4264258854745258,-0.0013192908099465335,-0.011752843382509285,,,0,0,,,0,,,,True,-0.011229120892288108,False,False,market-wide: use as interaction
2026-09-10,target_relative_return_5d,2023-09-01,262,market_context_volatility_20d_1d,623398,1.0,1.0,False,0.01367360401896324,6.534539253659412e-05,-0.011571693435395745,0.0008206763443634351,0.1271569220926444,1763,2,-2.0226182614598276,0.0644004498748255,33,1.974472574955579,0.9486586769719976,0.8988307087464429,False,0.0009977818611375618,False,False,sign flipped out of sample
2026-09-10,target_relative_return_5d,2023-09-01,262,ROLLING_VOL_20_1d,623398,1.0,1.0,False,0.21706173480086208,6.534454994210695e-05,-0.011571690111061498,0.0008206763443634351,0.1271569220926444,1763,2,-2.0226182614598276,0.0644004498748255,33,1.974472574955579,0.9486586769719976,0.8988307087464429,False,0.0009977789565830495,False,False,sign flipped out of sample
2026-09-10,target_relative_return_5d,2023-09-01,262,VOLATILITY_20_1d,623398,1.0,1.0,False,0.21706173480086208,6.534454994210695e-05,-0.011571690111061498,0.0008206763443634351,0.1271569220926444,1763,2,-2.0226182614598276,0.0644004498748255,33,1.974472574955579,0.9486586769719976,0.8988307087464429,False,0.0009977789565830495,False,False,sign flipped out of sample
2026-09-10,target_relative_return_5d,2023-09-01,262,state_fund_data_available_1d,623398,1.0,0.0072058823529411765,False,0.010939194491912631,0.002178903791460872,0.011503241906944801,,,25,0,,,0,,,,True,0.005079547264563244,False,False,market-wide: use as interaction
2026-09-10,target_relative_return_5d,2023-09-01,262,day_of_month_1d,623398,1.0,0.0,False,8.757677444988849,-0.0014456978431684432,-0.011488529017127564,,,0,0,,,0,,,,True,-0.011311497011138223,False,False,market-wide: use as interaction
2026-09-10,target_relative_return_5d,2023-09-01,262,volatility_20_1d,623398,1.0,1.0,False,0.21387015522231276,0.0002872838502651358,-0.011167414366436607,0.0008179766596584498,0.12681680064972015,1763,2,-1.9412117088079484,0.06451507979681056,33,1.9656923784195581,0.9485674183884909,0.899099867704382,False,0.0012669474049513047,False,False,sign flipped out of sample
2026-09-10,target_relative_return_5d,2023-09-01,262,FRED_PCEPILFE_1d,554374,0.8892777968488831,0.0,False,5.173801465143752,-0.0036924293861174,-0.0111386446008412,,,0,0,,,0,,,,True,-0.006632604012019158,False,False,market-wide: use as interaction
2026-09-10,target_relative_return_5d,2023-09-01,262,cftc_dow_ls_ratio_1d,187651,0.30101315692382713,0.0,False,2.4879659383973314,0.01759713186448494,0.011028147408382824,,,0,0,,,0,,,,True,0.007052128016119958,False,False,market-wide: use as interaction
2026-09-10,target_relative_return_5d,2023-09-01,262,cftc_dow_net_pct_1d,187651,0.30101315692382713,0.0,False,42.77673694783002,0.01759713186448494,0.011028147408382824,,,0,0,,,0,,,,True,0.008621244197087213,False,False,market-wide: use as interaction
2026-09-10,target_relative_return_5d,2023-09-01,262,FRED_VIXCLS_1d,623165,0.999626241983452,0.0,False,8.329050437867684,-0.010085593025367273,-0.0107418155981602,,,0,0,,,0,,,,True,-0.013248097355091677,False,False,market-wide: use as interaction
2026-09-10,target_relative_return_5d,2023-09-01,262,ATR_14_1d,623398,1.0,1.0,False,1.3194372697135084,-0.014662608228967594,-0.010394778603791318,-0.003903231075040079,-1.0476732545371639,1763,3,-1.886962566259721,-0.5346974380067208,32,1.9593758639329695,0.5929265567191258,0.29493286131274754,True,-0.017539984263648348,False,False,inside the noise for this many tests
2026-09-10,target_relative_return_5d,2023-09-01,262,state_FRED_CSUSHPINSA_1d,623398,1.0,0.0,False,0.12005459480395629,-0.002409112239412903,0.010229967102724898,,,0,0,,,0,,,,False,0.029606983923363066,False,False,market-wide: use as interaction
2026-09-10,target_relative_return_5d,2023-09-01,262,VELOCITY_10_1d,623398,1.0,1.0,False,11.241715601694219,-0.019389968685116124,-0.010193807988460809,-0.008380826335426965,-1.753732758040728,1763,3,1.2064824291573881,-1.0071718643669134,26,1.741244786601626,0.31399048016243575,0.07965016185355941,True,-0.009880777310891434,False,False,inside the noise for this many tests
2026-09-10,target_relative_return_5d,2023-09-01,262,atr_14_1d,623398,1.0,1.0,False,1.423193275456753,-0.01499722358350005,-0.010180104091183624,-0.0037222314380906505,-1.0065461573045331,1763,3,-1.8356720210838642,-0.5151159056716366,32,1.9540187872710757,0.6065366431630363,0.31429112352164223,True,-0.017195070832570356,False,False,inside the noise for this many tests
2026-09-10,target_relative_return_5d,2023-09-01,262,market_context_trend_5d_1d,623398,1.0,1.0,False,2.122086926643981,-0.025647389519935424,-0.010148945845378609,-0.009715265870420587,-2.0588747308096975,1763,3,-0.9476994571951213,-1.2964380717423445,22,1.5881011023092513,0.1949943672514138,0.03965293816564921,True,-0.009543291425740244,False,False,inside the noise for this many tests
2026-09-10,target_relative_return_5d,2023-09-01,262,FRED_DEXCHUS_1d,623165,0.999626241983452,0.0,False,0.8254108083712584,-0.012050860597162608,-0.009999932682882623,,,0,0,,,0,,,,True,-0.031588588639065704,False,False,market-wide: use as interaction
2026-09-10,target_relative_return_5d,2023-09-01,262,CDL_LOWER_WICK_RATIO_1d,623398,1.0,1.0,False,0.0842392489715823,-0.015152693463028088,-0.009983455281887937,-0.007529441252750217,-1.9941360842060252,1763,3,0.5046103108054123,-1.9989679687462192,4,0.9975828104223078,0.045765180655120884,0.046291060503283625,True,-0.01040495711983023,False,False,inside the noise for this many tests
2026-09-10,target_relative_return_5d,2023-09-01,262,VELOCITY_5_1d,623398,1.0,1.0,False,9.289819902672805,-0.02507908253043323,-0.009907203181493686,-0.009540195679735129,-2.0005575709092205,1763,3,-0.4352570076129717,-1.1954630998735754,21,1.6734582364949506,0.23206701054478168,0.0455932806938964,True,-0.009306893147141929,False,False,inside the noise for this many tests
2026-09-10,target_relative_return_5d,2023-09-01,262,FRED_DEXUSEU_1d,585328,0.938931469141704,0.0,False,0.1576852893727381,0.0056213482476879795,-0.009805248647913297,,,0,0,,,0,,,,False,-0.015065816474356005,False,False,market-wide: use as interaction
2026-09-10,target_relative_return_5d,2023-09-01,262,volatility_10_1d,623398,1.0,1.0,False,0.22838925615343858,-0.000636071720234034,-0.00978975272112273,-0.0009796216884172184,-0.16227320880028712,1763,2,-2.4670670490152062,-0.08226988839821932,32,1.9724496040983985,0.9344414430439085,0.8711093176014684,True,0.005366571841830462,False,False,inside the noise for this many tests
2026-09-10,target_relative_return_5d,2023-09-01,262,AATR_14_1d,623398,1.0,1.0,False,1.9649682091870593,-0.015077870102391398,-0.009704233733079317,-0.004610092292111488,-1.2345495767228036,1763,3,-1.9519035839362358,-0.631765351810472,32,1.9541267547910184,0.5276221720826417,0.21716279953681586,True,-0.01663832472620129,False,False,inside the noise for this many tests
2026-09-10,target_relative_return_5d,2023-09-01,262,volume,623398,1.0,1.0,False,12229131.508977655,0.007481237592248727,0.009431711601407293,0.009026283749273703,2.3267029053263504,1763,3,-1.1256393198841106,1.1424834105383492,29,2.036531019938386,0.25340835662893724,0.020093948686978075,True,0.016833463361530743,False,False,inside the noise for this many tests
2026-09-10,target_relative_return_5d,2023-09-01,262,volume_rs_1d,623398,1.0,1.0,False,0.26013573543898083,0.009037774520358623,0.009378070987996609,0.003763225436122773,1.1718222795418325,1763,2,-0.021665191728764667,0.8067439316410675,11,1.452533119348202,0.41992290450179304,0.24142683892882083,True,0.01571479430337291,False,False,inside the noise for this many tests
2026-09-10,target_relative_return_5d,2023-09-01,262,FRED_RSAFS_1d,536778,0.8610518480970424,0.0,False,100749.25621523129,0.0036298314073399244,-0.009197302453642173,,,0,0,,,0,,,,False,0.004511399616417204,False,False,market-wide: use as interaction
2026-09-10,target_relative_return_5d,2023-09-01,262,ROLLING_VOL_10_1d,623398,1.0,1.0,False,0.2345880817983001,-0.0015519342231657988,-0.008930149177550903,-0.0004138491314835333,-0.06829449804751014,1763,2,-2.6482187203743632,-0.034668302496898874,32,1.96994064112655,0.9723481634490769,0.9455589526734443,True,0.005623225046646565,False,False,inside the noise for this many tests
2026-09-10,target_relative_return_5d,2023-09-01,262,ROLLING_KURT_10_1d,623398,1.0,1.0,False,15.670876473448692,0.005241377216292457,-0.008919639571463312,-0.008202978420492328,-2.581182452592296,1763,4,-0.7247520368436869,-1.8530697829912721,17,1.3929224232590347,0.06403944206493241,0.0099264284109539,False,-0.00834976855808088,False,False,sign flipped out of sample
2026-09-10,target_relative_return_5d,2023-09-01,262,FRED_WPU055_1d,223974,0.3592793047138425,0.0,False,44.03057631526971,0.030471842009784103,0.008743383155740494,,,0,0,,,0,,,,True,0.012808397615586824,False,False,market-wide: use as interaction
2026-09-10,target_relative_return_5d,2023-09-01,262,fund_earnings_yield_1d,261501,0.41947680294129913,0.5301470588235294,False,133.6709327836716,-0.002617709698529764,0.008732641550119801,0.00808271851518797,2.254681714625284,1763,3,1.741270046648645,1.081432229157298,34,2.0849033844517804,0.2796528758216222,0.024275647103259235,False,0.0020243025667617343,False,False,sign flipped out of sample
2026-09-10,target_relative_return_5d,2023-09-01,262,FRED_WPU01_1d,223974,0.3592793047138425,0.0,False,32.8985220682645,0.01696312514376764,0.008686472143303344,,,0,0,,,0,,,,True,0.01180357525834022,False,False,market-wide: use as interaction
2026-09-10,target_relative_return_5d,2023-09-01,262,peer_return_excess_1d,617434,0.990433078065698,1.0,False,0.00048155699226213954,0.0016580452163553964,0.008283934037279533,0.010934419674607815,2.249163204224172,1763,4,1.2393394998717233,2.248746008532761,4,1.0001855237051354,0.024651767793298123,0.02462516773936242,True,0.008860652816839532,False,False,inside the noise for this many tests
2026-09-10,target_relative_return_5d,2023-09-01,262,state_cftc_dow_ls_ratio_1d,623398,1.0,0.0,False,0.2097045435961987,-0.0006613532806763908,-0.008248866826005221,,,0,0,,,0,,,,True,-0.019816445337256294,False,False,market-wide: use as interaction
2026-09-10,target_relative_return_5d,2023-09-01,262,obv_1d,623398,1.0,1.0,False,1512013347.899793,0.001593413180909226,0.008188382125215799,0.011373969786131605,3.614650110883397,1763,4,1.774904196662764,1.7858776454203318,30,2.0240189019403045,0.074290992823519,0.0003092039078191244,True,0.0020133974602888714,False,True,"labels the name, not the moment"
2026-09-10,target_relative_return_5d,2023-09-01,262,peer_volatility_1d,617434,0.990433078065698,0.9998529411764706,False,0.005650795059116761,0.001118582795461921,-0.008167148766116765,-0.004099607948953805,-0.8802183212352238,1763,1,-2.9871166384258383,-0.527783837593572,18,1.667762933492953,0.597715830525821,0.37886108629218374,False,-0.004054517598708404,False,False,sign flipped out of sample
2026-09-10,target_relative_return_5d,2023-09-01,262,MACD_Histogram_1d,623398,1.0,1.0,False,1.2085476167928892,-0.016224805264607064,-0.00791770828195817,-0.008892400485186528,-1.8754733653369413,1763,3,0.9171225627773781,-0.9155348960336761,31,2.04850014288036,0.36003616856792753,0.06089287705523123,True,-0.007648469783958643,False,False,inside the noise for this many tests
2026-09-10,target_relative_return_5d,2023-09-01,262,state_MACD_1d,623398,1.0,1.0,False,0.1259442230092177,0.0005267154644647343,0.007854336861739487,0.00778708555377106,2.649222979884492,1763,4,0.2761591751766038,1.7319077330665378,15,1.5296559564369774,0.0834650048978956,0.00813980130756093,True,0.0003365859493507407,False,False,"labels the name, not the moment"
2026-09-10,target_relative_return_5d,2023-09-01,262,state_FRED_DGS10_1d,623398,1.0,0.0,False,0.7764695264238111,-0.0012817967922137408,0.0077888061966426446,,,0,0,,,0,,,,False,0.016025127093174343,False,False,market-wide: use as interaction
2026-09-10,target_relative_return_5d,2023-09-01,262,state_SMA_100_1d,623398,1.0,0.9852941176470589,False,0.42117229156987807,-0.00038562833155119714,0.0076965532415144405,0.00983355333136573,1.8631449017169075,1763,4,0.7395891770833338,1.066553826478026,33,1.7468831440691412,0.28631947483214476,0.0626081538716893,False,-0.006598114496020764,False,False,sign flipped out of sample
2026-09-10,target_relative_return_5d,2023-09-01,262,LEVEL_BREAKOUT_DOWN_20_1d,623398,1.0,0.7363235294117647,False,0.08580327278202689,0.016423338640328303,0.007683360232818583,0.0029149424722137098,0.8019525830968335,1345,2,-0.8201165714294718,0.5914164543103593,10,1.3559862551203057,0.5543408734912678,0.42272215569080307,True,0.014442536821327975,False,False,inside the noise for this many tests
2026-09-10,target_relative_return_5d,2023-09-01,262,volume_sma_5_1d,623398,1.0,1.0,False,11157851.189889617,0.006066932775427998,0.007660272908949399,0.007685668792219877,1.969293775976157,1763,3,-1.550705864193132,0.9409652163276984,30,2.092844391912501,0.34685166707007475,0.04907582925479495,True,0.014719456251749943,False,False,inside the noise for this many tests
2026-09-10,target_relative_return_5d,2023-09-01,262,context_velocity_1d,623398,1.0,0.9997058823529412,False,0.01923550922687735,-0.0021807174740703273,0.007647433982956143,0.002198637242623846,0.8969123468020676,1763,2,1.479641676483853,0.5398820807996375,24,1.661311569136765,0.5893465786232488,0.3698882171687443,False,-0.0011913095724874919,False,False,sign flipped out of sample
2026-09-10,target_relative_return_5d,2023-09-01,262,VELOCITY_1_1d,623398,1.0,1.0,False,4.206291969873611,-0.020707891742585877,-0.007440859885169197,-0.007431840883718855,-1.6183009716055956,1763,4,-0.5617031969970293,-1.5980719744748926,4,1.0126583767526178,0.11020625835944878,0.10577672720000098,True,-0.0069389719194612705,False,False,inside the noise for this many tests
2026-09-10,target_relative_return_5d,2023-09-01,262,state_FRED_WPU055_1d,623398,1.0,0.0,False,0.12127102297813351,-0.0009684275352623515,-0.0074329688700163635,,,0,0,,,0,,,,True,-0.018154723382138867,False,False,market-wide: use as interaction
2026-09-10,target_relative_return_5d,2023-09-01,262,insider_available_1d,623398,1.0,0.6141176470588235,False,0.19632012825046768,-0.003860513713425669,-0.007308622032928133,-0.010247579752498228,-2.9703835819201827,1763,3,1.276951388049098,-1.3861425767239617,33,2.142913457676518,0.16587875431631685,0.0030145103970793665,True,0.0013408752650520147,False,False,"labels the name, not the moment"
2026-09-10,target_relative_return_5d,2023-09-01,262,state_EMA_5_1d,623398,1.0,0.9979411764705882,False,0.3816690785580773,-0.02382519514274118,-0.0072413651962932825,-0.006745584535257348,-1.4480835281580056,1763,3,-0.2655989515166513,-0.9217722294450826,17,1.5709776036860736,0.3567735873136916,0.14777160162400077,True,-0.014788121659998318,False,False,inside the noise for this many tests
2026-09-10,target_relative_return_5d,2023-09-01,262,significance_intensity_7d_1d,623398,1.0,1.0,False,0.13246444003671415,-0.00945395831154581,-0.007180856794922727,-0.004610155034517672,-1.1592076419859074,1763,2,-1.025780863948506,-0.5933356870253595,27,1.9537129947424892,0.5530326717095816,0.24652862553618649,True,-0.003963115751685804,False,False,inside the noise for this many tests
2026-09-10,target_relative_return_5d,2023-09-01,262,significant_events_7d_1d,623398,1.0,1.0,False,0.927251057972294,-0.00945395831154581,-0.007180856794922727,-0.004610155034517672,-1.1592076419859074,1763,2,-1.025780863948506,-0.5933356870253595,27,1.9537129947424892,0.5530326717095816,0.24652862553618649,True,-0.003963115751685804,False,False,inside the noise for this many tests
2026-09-10,target_relative_return_5d,2023-09-01,262,is_significant_decayed_1d,623398,1.0,0.9998529411764706,False,0.13946048298428254,-0.006776326366627934,-0.007174966647552161,-0.00815195636820608,-2.2300451012455564,1763,3,-0.9397170501339215,-1.2240551986338284,21,1.8218501124250903,0.22109504968033208,0.025869988465450196,True,0.002062515867566057,False,False,"labels the name, not the moment"
2026-09-10,target_relative_return_5d,2023-09-01,262,days_since_last_significant_1d,623398,1.0,0.9998529411764706,False,8.84891807368285,0.006776326366627934,0.007174966647552161,0.00815195636820608,2.2300451012455564,1763,3,0.9397170501339214,1.2240551986338284,21,1.8218501124250903,0.22109504968033208,0.025869988465450196,True,-0.004549179738781505,False,False,inside the noise for this many tests
2026-09-10,target_relative_return_5d,2023-09-01,262,market_context_trend_alignment_1d,623398,1.0,0.9995588235294117,False,0.28025123665023544,-0.003285116294215373,0.007169404605635582,0.006732121107345354,1.9740277491809382,1763,3,1.2876583308151877,1.33122251050618,17,1.4828683661834565,0.1832880173890936,0.048534566079285586,False,0.006167480912136394,False,False,sign flipped out of sample
2026-09-10,target_relative_return_5d,2023-09-01,262,state_FRED_FEDFUNDS_1d,623398,1.0,0.0,False,0.19395357383812756,1.3060760313178336e-05,0.00709163708796953,,,0,0,,,0,,,,True,0.02402497034011526,False,False,market-wide: use as interaction
2026-09-10,target_relative_return_5d,2023-09-01,262,FRED_UMCSENT_1d,592762,0.9508564352147424,0.0,False,13.724743022367758,-0.004170980195697547,0.007062615058408209,,,0,0,,,0,,,,False,0.0038706687440432674,False,False,market-wide: use as interaction
2026-09-10,target_relative_return_5d,2023-09-01,262,state_peer_divergence_1d,623398,1.0,0.9998529411764706,False,0.057911557135399264,0.002132698305174217,0.007039983186982038,0.006301210608013979,2.6647148170036137,1763,4,1.9264848823007963,2.499310554599634,4,1.0661799559480818,0.012533886801255223,0.0077756729087277085,True,0.0069167232823088955,False,False,inside the noise for this many tests
2026-09-10,target_relative_return_5d,2023-09-01,262,state_CURRENT_DRAWDOWN_1d,623398,1.0,0.9995588235294117,False,0.28124170237769813,0.014788430643673994,0.006992966642256244,0.007917910076609084,1.9887583590911306,1763,4,0.4952802074925445,2.0016314177514274,4,0.9935687167247015,0.04547746308321137,0.046882325398208385,True,0.015112351959372038,False,False,inside the noise for this many tests
2026-09-10,target_relative_return_5d,2023-09-01,262,macro_composite_score_1d,623165,0.999626241983452,0.9988235294117647,False,5.5204397194585155,-0.0017836197665345407,-0.006812520892817582,0.0001295084746172889,0.044349277938384536,1763,2,1.4038131449426057,0.026907701881114385,18,1.6482001374302355,0.9785363975621498,0.9646310174063936,True,-0.007605331527573805,False,False,inside the noise for this many tests
2026-09-10,target_relative_return_5d,2023-09-01,262,LEVEL_DIST_RESISTANCE_20_1d,623398,1.0,0.9994117647058823,False,0.29185923450499507,0.018224510001886005,-0.0068082577223364076,-0.002864103174633375,-0.4906803959278094,1763,1,-2.621956265217535,-0.2836047332795226,29,1.7301558766446667,0.7767466279548929,0.6237136144410128,False,0.007168263914077415,False,False,sign flipped out of sample
2026-09-10,target_relative_return_5d,2023-09-01,262,peer_breadth_excess_1d,617434,0.990433078065698,0.9995588235294117,False,0.0055182658061357455,0.0018212258394736153,0.0066864538853880365,0.005825720144311632,1.241600878496792,1762,3,1.634510913557222,1.2172439233199264,4,1.0200099213561356,0.2236745158612959,0.21454920241826567,True,0.0060719912010508146,False,False,inside the noise for this many tests
2026-09-10,target_relative_return_5d,2023-09-01,262,ACCELERATION_5_1d,623398,1.0,1.0,False,10.140438851225392,-0.011527323489169017,-0.006627939799647948,-0.009845572386667313,-2.180657073943238,1763,3,-1.8132253027867813,-1.3144659398630674,18,1.6589681085007077,0.18886052666354164,0.02934067032137407,True,-0.006530653594604492,False,False,inside the noise for this many tests
2026-09-10,target_relative_return_5d,2023-09-01,262,state_ARSI_14_1d,623398,1.0,0.9998529411764706,False,0.2551721865520363,-0.011447580793262916,-0.006615259360809336,-0.006780595319839017,-1.9868372595880852,1763,4,-0.4865248366503197,-1.878670088923582,4,1.0575764586354168,0.060454530153893384,0.04709508056307298,True,-0.009650364276796315,False,False,inside the noise for this many tests
2026-09-10,target_relative_return_5d,2023-09-01,262,KURTOSIS_1d,623398,1.0,1.0,False,38.28984551422398,-3.9947003845918595e-05,-0.0065785864192877104,0.004651299585480336,1.324262407506655,1763,2,0.9020589202429274,0.6542128192819874,33,2.024207365670488,0.5130600800336313,0.18558765881744388,True,-0.000168886064193388,False,False,"labels the name, not the moment"
2026-09-10,target_relative_return_5d,2023-09-01,262,state_LAG_1_1d,623398,1.0,0.9998529411764706,False,0.3667432826834101,-0.015568836937345495,-0.006566111333862783,-0.004270376326932991,-0.9680184627012501,1763,3,-0.6957509427826274,-0.9342122579858408,4,1.036186856280708,0.3503224184740129,0.33316799881390113,True,-0.016201988729530315,False,False,inside the noise for this many tests
2026-09-10,target_relative_return_5d,2023-09-01,262,FRED_PERMIT_1d,573405,0.919805645831395,0.0,False,449.5566209125149,-0.0023701505037662285,0.006565279237179728,,,0,0,,,0,,,,False,0.008470414414887972,False,False,market-wide: use as interaction
2026-09-10,target_relative_return_5d,2023-09-01,262,state_MAX_DRAWDOWN_1d,623398,1.0,0.9995588235294117,False,0.27855025804114114,0.014481714448154423,0.006457621978456252,0.007759860917398487,1.9546303586431166,1763,4,0.3404858441209022,1.944598578185335,4,1.0051587924470988,0.05198224455300401,0.0507846586385675,True,0.015044383498772192,False,False,inside the noise for this many tests
2026-09-10,target_relative_return_5d,2023-09-01,262,volume_sma_10_1d,623398,1.0,1.0,False,10790409.39798295,0.005337518265749271,0.006438993955437317,0.007367940292717399,1.885008010484791,1763,3,-1.3738787549516878,0.9034792750657104,30,2.086387659913609,0.3663950822112644,0.05959318858058926,True,0.012416921435788323,False,False,inside the noise for this many tests
2026-09-10,target_relative_return_5d,2023-09-01,262,state_SMA_5_1d,623398,1.0,0.9992647058823529,False,0.3787573313713641,-0.022299641825399962,-0.00637254582614492,-0.005073805744517135,-1.079205299605046,1763,2,0.5537707327774911,-0.6405567586968952,21,1.6847926197836198,0.5218939937427481,0.2806439244629334,True,-0.01351983651151332,False,False,inside the noise for this many tests
2026-09-10,target_relative_return_5d,2023-09-01,262,FRED_WALCL_1d,505500,0.8108784436267039,0.0,False,2467249.6811070708,0.0065563677886101915,-0.006368940890147713,,,0,0,,,0,,,,False,0.006559512926804978,False,False,market-wide: use as interaction
2026-09-10,target_relative_return_5d,2023-09-01,262,ROLLING_SKEW_10_1d,623398,1.0,1.0,False,0.23666840545579637,-0.005277929358423352,-0.00626544825248149,-0.008686453392141469,-2.4699181797590466,1763,3,-1.8445428191518995,-1.4110997747850096,21,1.750349779579091,0.15839173315446617,0.01360851944391487,True,-0.003901161593611494,False,False,inside the noise for this many tests
2026-09-10,target_relative_return_5d,2023-09-01,262,state_volume_sma_10_1d,623398,1.0,1.0,False,0.32254337441317543,0.003767432896001321,0.006234108799748912,0.0011120822194048306,0.36551336631029263,1763,2,-1.5662126207065872,0.2586887147174079,11,1.4129467020220816,0.7959056423913637,0.7147721036169417,True,-8.168594000045165e-05,False,False,"labels the name, not the moment"
2026-09-10,target_relative_return_5d,2023-09-01,262,state_MACD_Signal_1d,623398,1.0,1.0,False,0.14297969703576616,0.003604211170980051,0.00619521721483611,0.006305195031859275,2.188851137792538,1763,3,1.8023979809187636,1.2517699756288614,23,1.7486049197600444,0.2108198404803369,0.028738499379950815,True,-0.00026835093896359236,False,False,"labels the name, not the moment"
2026-09-10,target_relative_return_5d,2023-09-01,262,state_is_significant_decayed_1d,623398,1.0,1.0,False,0.15086456465937473,0.0006196534559563668,-0.00619443215627462,-0.006889805378828357,-2.50012139347591,1763,4,-1.6645401810481406,-1.8263280211643806,8,1.3689333813549827,0.0679700016639256,0.012505338339641634,False,-0.0026277379788766865,False,False,sign flipped out of sample
2026-09-10,target_relative_return_5d,2023-09-01,262,state_wiki_attention_z_1d,623398,1.0,0.2948529411764706,False,0.03995133391750703,-0.0012496925284021148,0.006171260618484977,0.005467539719471305,2.426957391611956,1763,3,1.136894173742417,2.1287014586208133,4,1.140111677841562,0.033417340821878916,0.015325731723113533,False,-0.0002745161823009511,False,False,sign flipped out of sample
2026-09-10,target_relative_return_5d,2023-09-01,262,fund_days_since_report_1d,286383,0.4593903092406456,0.5301470588235294,False,17.98868397489463,0.0011742188746078379,-0.006122925456872858,0.006523689043974186,2.0021513226639556,1763,2,-0.40324289920437245,0.9280820614808153,31,2.157299883018311,0.35349211704557015,0.045421478991732676,False,-0.006049808748824645,False,False,sign flipped out of sample
2026-09-10,target_relative_return_5d,2023-09-01,262,state_volatility_10_1d,623398,1.0,0.9988235294117647,False,0.21555039617137553,0.0007546763557762607,0.006091353785041973,0.004505439589035576,1.3363432484507447,1763,4,0.35925381749713126,1.3093326152165057,4,1.02062931368266,0.1905924162889354,0.18160964928732198,True,-0.003522266024903477,False,False,inside the noise for this many tests
2026-09-10,target_relative_return_5d,2023-09-01,262,state_cftc_nasdaq_net_pct_1d,623398,1.0,0.0,False,0.19925629355368255,0.0006613532806763908,0.006055820759287149,,,0,0,,,0,,,,True,-0.015408146440588074,False,False,market-wide: use as interaction
2026-09-10,target_relative_return_5d,2023-09-01,262,MARKET_PREMIUM_1d,623398,1.0,1.0,False,0.018951614185106158,-0.02324407428463188,-0.006047168299933151,-0.005415306192129455,-1.0241642655097822,1763,3,-0.3101271309188668,-1.0257751477194197,4,0.9984295952059095,0.30513838251768904,0.30589827814269976,True,-0.004823755053216812,False,False,inside the noise for this many tests
2026-09-10,target_relative_return_5d,2023-09-01,262,returns_1d,623398,1.0,1.0,False,0.01898829439965083,-0.021760482884675476,-0.006046123543946875,-0.0047991241417061365,-0.9086515706066526,1763,2,-0.2814351750761843,-0.9140682095968155,4,0.9940741413679051,0.36080606710469443,0.36365833906691725,True,-0.004650521628174502,False,False,inside the noise for this many tests
2026-09-10,target_relative_return_5d,2023-09-01,262,state_CDL_ENGULFING_BEAR_1d,623398,1.0,0.3941176470588235,False,0.013339078336399737,-0.000889055772961338,-0.006003347285140754,-0.009281115209879816,-2.547991261875624,771,4,-1.6715561145684215,-2.5574700454220562,4,0.9962936873636509,0.010734161112037467,0.0110276954960725,True,0.0031926399623067865,False,False,inside the noise for this many tests
2026-09-10,target_relative_return_5d,2023-09-01,262,FRED_HOUST_1d,621336,0.996692321759133,0.0,False,423.464371234348,-0.0055906200370248,0.005997578526064956,,,0,0,,,0,,,,False,0.00445730451060611,False,False,market-wide: use as interaction
2026-09-10,target_relative_return_5d,2023-09-01,262,FRED_PAYEMS_1d,621885,0.9975729790599264,0.0,False,8485.483875389056,0.00912862910016117,0.005987001190330942,,,0,0,,,0,,,,True,0.02754957539536796,False,False,market-wide: use as interaction
2026-09-10,target_relative_return_5d,2023-09-01,262,state_low_1d,623398,1.0,0.9998529411764706,False,0.3584274582153769,-0.012511924958991739,-0.005922760018189781,-0.0036009470280270943,-0.8184370777821158,1763,3,-0.35217142040344823,-0.7845896188082876,4,1.043140334975677,0.43279968708794714,0.41321832670363834,True,-0.009656860784387244,False,False,inside the noise for this many tests
2026-09-10,target_relative_return_5d,2023-09-01,262,is_significant_1d,623398,1.0,0.9897058823529412,False,0.17252575644780654,-0.0033621954794908395,-0.005838931786195066,-0.006623815035124968,-1.8771910518691073,1752,3,-0.09228936844333378,-1.7106399391891942,5,1.097361875438764,0.08732473161805426,0.06065805218949475,True,0.004448424353897151,False,False,inside the noise for this many tests
2026-09-10,target_relative_return_5d,2023-09-01,262,state_FRED_ICSA_1d,623398,1.0,0.0,False,0.28436986012990617,0.00153168394597797,0.005809827876178705,,,0,0,,,0,,,,True,-0.0159167933179125,False,False,market-wide: use as interaction
2026-09-10,target_relative_return_5d,2023-09-01,262,state_FRED_PAYEMS_1d,623398,1.0,0.0,False,0.2116372458631759,8.015786948888227e-05,0.005708613644525765,,,0,0,,,0,,,,True,0.023514310305271763,False,False,market-wide: use as interaction
2026-09-10,target_relative_return_5d,2023-09-01,262,state_ROLLING_KURT_10_1d,623398,1.0,0.9995588235294117,False,0.060921600949268545,0.0013554293003093763,0.005704447857575964,0.006269793804361697,2.560874111147449,1763,3,0.6006058413887879,2.512285135975265,4,1.0193405495564187,0.012083934449890614,0.010523578365363889,True,0.009240006318585322,False,False,inside the noise for this many tests
2026-09-10,target_relative_return_5d,2023-09-01,262,volume_roc_1d,623398,1.0,1.0,False,2.3689328953539537,0.006673481461952408,0.005698248496476468,0.0023512741283372544,0.7402298447240275,1763,2,0.9376758367419384,0.5640548453788095,10,1.3123366473820501,0.57278859240965,0.4592591607640477,True,0.014675649023633195,False,False,inside the noise for this many tests
2026-09-10,target_relative_return_5d,2023-09-01,262,state_EMA_10_1d,623398,1.0,0.9961764705882353,False,0.3913651229554889,-0.02091505674072122,-0.00568574701154641,-0.0033933333323984353,-0.7074237199272662,1763,2,0.8404797243777457,-0.42390384097766837,23,1.6688306439868608,0.6716876862650888,0.4793967534954062,True,-0.014072648110495665,False,False,inside the noise for this many tests
2026-09-10,target_relative_return_5d,2023-09-01,262,CDL_UPPER_WICK_RATIO_1d,623398,1.0,1.0,False,0.07823440913932804,0.017940962208629296,0.005620344079537263,0.008433730644401536,2.2716537491620445,1763,4,0.22417962714201348,2.336255849582382,4,0.9723480198318666,0.01958951628391094,0.023227543335177698,True,0.006973224130153539,False,False,inside the noise for this many tests
2026-09-10,target_relative_return_5d,2023-09-01,262,state_cftc_crude_net_pct_1d,623398,1.0,0.0,False,0.2079254707652201,0.0006613532806763908,0.005489460622191314,,,0,0,,,0,,,,True,0.022481956155044055,False,False,market-wide: use as interaction
2026-09-10,target_relative_return_5d,2023-09-01,262,filing_data_available_1d,623398,1.0,0.9979411764705882,False,0.06446607711666792,0.009189548081815557,0.005453689723669375,0.0070780102089382105,4.291972034391383,1763,2,-2.0827925854532277,1.9518919015087037,30,2.1988779353374683,0.051109255467579835,1.8671655775856037e-05,True,0.02079621011005887,False,True,inside the noise for this many tests
2026-09-10,target_relative_return_5d,2023-09-01,262,state_FRED_GS10_1d,623398,1.0,0.0,False,0.21417197484238448,-0.002368303144591524,-0.005427166764956329,,,0,0,,,0,,,,True,0.020326337060736763,False,False,market-wide: use as interaction
2026-09-10,target_relative_return_5d,2023-09-01,262,state_FRED_WPU101_1d,623398,1.0,0.0,False,0.12127637355588267,-0.00036145667942196234,0.005368141927832464,,,0,0,,,0,,,,False,-0.005931546258466077,False,False,market-wide: use as interaction
2026-09-10,target_relative_return_5d,2023-09-01,262,state_ABB_Upper_1d,623398,1.0,0.9992647058823529,False,0.20130117315084747,-0.0061894197437246555,0.005264889166236184,0.005925078658391485,1.618071813591188,1763,3,2.468905992142534,0.9355404228325371,20,1.7295584178951344,0.34963805873326936,0.10582610220575367,False,-0.0038168626599191227,False,False,sign flipped out of sample
2026-09-10,target_relative_return_5d,2023-09-01,262,state_open_1d,623398,1.0,0.9997058823529412,False,0.3622390630341402,-0.012749185767756894,-0.005225415368935817,-0.0007122617121946718,-0.15954618350426833,1763,2,0.16591943208655713,-0.1587087672906594,4,1.0052764332299,0.8739165181364706,0.8732568610864815,True,-0.014153200228416304,False,False,inside the noise for this many tests
2026-09-10,target_relative_return_5d,2023-09-01,262,volatility_5_1d,623398,1.0,1.0,False,0.2498331894493046,-0.0014553428655336555,-0.0051926489094143375,0.0032025233127137174,0.5655562584735694,1763,2,-2.8571176851473785,0.28862991855031206,30,1.9594512631059255,0.7728985481231069,0.5717674778943402,True,0.009371528994707582,False,False,inside the noise for this many tests
2026-09-10,target_relative_return_5d,2023-09-01,262,state_VELOCITY_10_1d,623398,1.0,0.9988235294117647,False,0.08560474382557395,-0.00014995019041556947,0.005185730727983281,0.00335299348098259,1.2587478190642454,1763,2,-0.017308726119056737,1.22641900976493,4,1.0263603295789683,0.22020490132616838,0.20828817971707492,False,0.008488351400457068,False,False,sign flipped out of sample
2026-09-10,target_relative_return_5d,2023-09-01,262,state_high_1d,623398,1.0,0.9998529411764706,False,0.3379661864737762,-0.015381525740261883,-0.005126598223707672,-0.005411574619037961,-1.2307404810736335,1763,3,-0.41673200275847944,-1.1469131456914219,5,1.0730895235590625,0.25157323357422673,0.2185842081842868,True,-0.0150612362902549,False,False,inside the noise for this many tests
2026-09-10,target_relative_return_5d,2023-09-01,262,market_context_volatility_5d_1d,623398,1.0,1.0,False,0.0164697581644552,-0.002767256657980515,-0.005123035638811658,0.0022927314880351493,0.4036772495260605,1763,2,-2.8287714561968786,0.20682185704141962,30,1.9518113573712725,0.8361728826122834,0.6864990550529557,True,0.00910605739844213,False,False,inside the noise for this many tests
2026-09-10,target_relative_return_5d,2023-09-01,262,VOLATILITY_5_1d,623398,1.0,1.0,False,0.0164697581644552,-0.002767256657980515,-0.005123035638811658,0.0022927314880351493,0.4036772495260605,1763,2,-2.8287714561968786,0.20682185704141962,30,1.9518113573712725,0.8361728826122834,0.6864990550529557,True,0.00910605739844213,False,False,inside the noise for this many tests
2026-09-10,target_relative_return_5d,2023-09-01,262,state_BB_Upper_1d,623398,1.0,0.9980882352941176,False,0.26180982649952,-0.006805741437544763,0.005062525511599456,0.005240004937306024,1.3320147546658672,1763,3,0.9182056328974046,0.8347459946686341,20,1.5957126637003296,0.40397389995817967,0.18302760272717367,False,-0.0059278839367945925,False,False,sign flipped out of sample
2026-09-10,target_relative_return_5d,2023-09-01,262,state_EMA_20_1d,623398,1.0,0.9930882352941176,False,0.40331878998003157,-0.01661768608994963,-0.005061598427378398,-0.0007689060404781309,-0.1591714359537832,1763,3,0.9785429857022483,-0.09900713997028346,26,1.607676335278019,0.9211438631350697,0.873552049731933,True,-0.015226480968250453,False,False,inside the noise for this many tests
2026-09-10,target_relative_return_5d,2023-09-01,262,market_return_1d,623398,1.0,1.0,False,0.018988294278469396,-0.005642151596439979,-0.005060044540181185,0.004799111430220493,0.9086472176927859,1763,2,0.28146726128089994,0.9140626189894301,4,0.9940754591817448,0.3608090037236038,0.3636606368684979,True,-0.004496533926869962,False,False,inside the noise for this many tests
2026-09-10,target_relative_return_5d,2023-09-01,262,market_context_price_to_ma20_1d,623398,1.0,1.0,False,0.05674494627881259,-0.02367312653396131,-0.004951502508107207,-0.001140522061611684,-0.20620948135298592,1763,3,1.1946727880711943,-0.1215271997484382,29,1.696817517229397,0.9032873293142069,0.836651105304538,True,-0.004456642156987664,False,False,inside the noise for this many tests
2026-09-10,target_relative_return_5d,2023-09-01,262,FRED_CSUSHPINSA_1d,231147,0.3707855976438808,0.0,False,51.891973813406715,0.0034158324269840893,-0.004948437168062502,,,0,0,,,0,,,,False,-0.003558806641861051,False,False,market-wide: use as interaction
2026-09-10,target_relative_return_5d,2023-09-01,262,price_volume_trend_1d,623398,1.0,1.0,False,1194383.8641275954,-0.019353359114898504,-0.004872037527103958,-0.0021581981109815196,-0.43483178231036224,1763,2,0.037661719503081455,-0.44269099443816773,4,0.982246731407356,0.6580435953568609,0.6637377827690085,True,0.005693868869049586,False,False,inside the noise for this many tests
2026-09-10,target_relative_return_5d,2023-09-01,262,state_RSI_14_1d,623398,1.0,0.9982352941176471,False,0.38645482284775984,-0.016249636961969467,-0.00486380441544816,-0.004469182625286768,-1.000210865977836,1763,2,-0.3956951624508296,-1.0253020906840475,4,0.9755279688452878,0.3053614058776948,0.31734580860892153,True,-0.012327193815504994,False,False,inside the noise for this many tests
2026-09-10,target_relative_return_5d,2023-09-01,262,CCI_1d,623398,1.0,1.0,False,58.430473445328495,-0.01616722226815337,-0.004761226915609788,-0.002432848176387951,-0.4756921197063575,1763,3,1.841830003671564,-0.2634547953564869,28,1.8055929445607062,0.7922308660672247,0.634352703922882,True,-0.0067549648365445155,False,False,inside the noise for this many tests
2026-09-10,target_relative_return_5d,2023-09-01,262,state_FRED_GDP_1d,623398,1.0,0.0,False,0.205349191182996,0.0016659377896264778,-0.004734108608680146,,,0,0,,,0,,,,False,0.018886949191431003,False,False,market-wide: use as interaction
2026-09-10,target_relative_return_5d,2023-09-01,262,state_LEVEL_DIST_SUPPORT_20_1d,623398,1.0,1.0,False,0.20512427969329042,-0.010897314657688258,-0.004730871218341456,-0.003156071410053055,-0.9488162809483363,1763,3,-1.1698467228021625,-0.9172298858127281,4,1.034436726958172,0.35914771518889077,0.34284417293537894,True,-0.010098119993059658,False,False,inside the noise for this many tests
2026-09-10,target_relative_return_5d,2023-09-01,262,state_volume_sma_5_1d,623398,1.0,1.0,False,0.319225622356829,0.00400725988931464,0.0046883475368983685,0.0011233938449259305,0.37087548058008146,1763,2,-0.07270971615968597,0.29184163891888043,9,1.2708107107470332,0.7704420622954307,0.7107748615083301,True,-0.00581735373610044,False,False,inside the noise for this many tests
2026-09-10,target_relative_return_5d,2023-09-01,262,state_EMA_200_1d,623398,1.0,0.9591176470588235,False,0.5095390485818216,-0.0011739347865095632,0.00466172205499413,0.009160046226021682,1.6866157213649966,1763,4,0.9169954988352964,0.9577839363450917,33,1.7609563674675215,0.338303117343527,0.09185428764401087,False,-0.009084505057142655,False,False,sign flipped out of sample
2026-09-10,target_relative_return_5d,2023-09-01,262,filing_count_30d_1d,532115,0.853571875431105,0.9979411764705882,False,9.333082719585466,-0.003081127755627874,0.004639041383698685,-0.00013371765300360715,-0.04168704402346043,1763,3,-0.7920708766121544,-0.020828897491415452,30,2.0014042529443326,0.9833845041972554,0.9667529053895426,False,-0.0012919896582139214,False,False,sign flipped out of sample
2026-09-10,target_relative_return_5d,2023-09-01,262,state_ATR_14_1d,623398,1.0,0.9942647058823529,False,0.33681498752349653,0.0023121894928094253,0.004587788467238484,-0.0005909176692435555,-0.1767052476104086,1762,3,-0.02045222011043462,-0.15426733563939696,6,1.145448236841665,0.8774166284159461,0.8597602381798665,True,-0.007014407037618063,False,False,inside the noise for this many tests
2026-09-10,target_relative_return_5d,2023-09-01,262,FRED_PCEPI_1d,554374,0.8892777968488831,0.0,False,5.295963876283347,-0.0032303050373005834,-0.0044728250219743205,,,0,0,,,0,,,,True,-0.0019600011970899948,False,False,market-wide: use as interaction
2026-09-10,target_relative_return_5d,2023-09-01,262,peer_breadth_1d,617434,0.990433078065698,0.9994117647058823,False,0.24055038548071678,-0.0018287586910790859,0.004450024979548619,0.006162224237572505,1.3348635172166594,1762,3,1.678050876436859,1.3102793309033944,4,1.018762553703961,0.19027223168512625,0.1820935655986943,False,0.0033819471351775807,False,False,sign flipped out of sample
2026-09-10,target_relative_return_5d,2023-09-01,262,ROLLING_KURT_20_1d,623398,1.0,1.0,False,0.8322100429768683,0.005318481460322893,-0.004380256896425647,-0.006078759438978466,-1.8677698762251003,1763,3,-1.7383962906348043,-1.1104357911910379,24,1.6820151971342319,0.26696279436123943,0.06196004486677055,False,-0.0007807372292035326,False,False,sign flipped out of sample
2026-09-10,target_relative_return_5d,2023-09-01,262,state_cftc_crude_ls_ratio_1d,623398,1.0,0.0,False,0.20792942368336317,0.0006613532806763908,0.0043471601491266955,,,0,0,,,0,,,,True,0.01985887696786275,False,False,market-wide: use as interaction
2026-09-10,target_relative_return_5d,2023-09-01,262,state_LAG_5_1d,623398,1.0,1.0,False,0.3615675420442092,-0.0027560731390012475,-0.0043237876580970854,-0.0023819317467708503,-0.5428481592590723,1763,2,0.3650517805382899,-0.5082150516985365,4,1.0681465600925952,0.611366153697847,0.587303008925415,True,-0.01418032960047207,False,False,inside the noise for this many tests
2026-09-10,target_relative_return_5d,2023-09-01,262,MOMENTUM_ZSCORE_1d,623398,1.0,1.0,False,0.5440584691180088,-0.01649316583017617,-0.004257777489956359,-0.004198189738035786,-0.8670044492769382,1763,3,-0.35086396828635535,-0.8591590332907086,4,1.0091315061382529,0.39036964894318216,0.38605762301577884,True,-0.0034145118022623506,False,False,inside the noise for this many tests
2026-09-10,target_relative_return_5d,2023-09-01,262,gk_volatility_1d,623398,1.0,1.0,False,0.27494075264443807,-0.00027100374787292165,-0.004238711911369908,0.007354017436368866,1.4650273852261513,1763,3,-1.6338568795003998,0.7813619219359363,33,1.8749664452502826,0.4346946310852129,0.14309184981236336,True,0.006276551224817977,False,False,inside the noise for this many tests
2026-09-10,target_relative_return_5d,2023-09-01,262,RSI_VELOCITY_1d,623398,1.0,1.0,False,4.369918599721219,-0.019476084215734435,-0.004210076399495569,-0.005414375817966201,-1.0886385546300774,1763,3,-0.3456278568816223,-0.7839408198412315,16,1.3886744089312189,0.43318020484986264,0.276462183165492,True,-0.00344773000535182,False,False,inside the noise for this many tests
2026-09-10,target_relative_return_5d,2023-09-01,262,peer_return_1d,617434,0.990433078065698,1.0,False,0.019023468208423693,-0.002870193283508812,0.004194721316789205,0.01104814681653357,2.284034317707688,1763,4,1.2701013032503266,2.283272243277135,4,1.0003337641548424,0.022532923444014048,0.022488000508454994,False,0.0048129681954954305,False,False,sign flipped out of sample
2026-09-10,target_relative_return_5d,2023-09-01,262,state_peer_return_excess_1d,623398,1.0,0.9997058823529412,False,0.09762966507930324,0.002999547933313619,0.0041578606264462,0.003597745373314167,1.2552623244020567,1763,2,1.9166561888924907,1.225514081938468,4,1.024274092727302,0.22054536859625432,0.20954999577834021,True,0.0030411987278989366,False,False,inside the noise for this many tests
2026-09-10,target_relative_return_5d,2023-09-01,262,state_HURST_EXPONENT_1d,623398,1.0,0.9977941176470588,False,0.11433150618307147,0.0050252422445163075,0.004146641764922149,0.0032710516384256844,1.256760889789244,1763,3,1.6658211892545898,0.9196282373187927,10,1.366596673296345,0.357892943042336,0.20900680902207444,True,0.005033136366857591,False,False,inside the noise for this many tests
2026-09-10,target_relative_return_5d,2023-09-01,262,state_FRED_DGORDER_1d,623398,1.0,0.0,False,0.26281043891770123,-0.0010863424953641671,-0.00413827818676419,,,0,0,,,0,,,,True,0.02233095593208538,False,False,market-wide: use as interaction
2026-09-10,target_relative_return_5d,2023-09-01,262,state_significance_intensity_7d_1d,623398,1.0,0.9967647058823529,False,0.12908380741273956,0.0016500957554373614,-0.004126368237928783,-0.005852508453583598,-1.8645891364061036,1760,3,-0.656022682598763,-1.9206555706301751,4,0.9708086993413004,0.05493664420804885,0.062405453322926734,False,0.005733089566508753,False,False,sign flipped out of sample
2026-09-10,target_relative_return_5d,2023-09-01,262,state_FRED_DCOILWTICO_1d,623398,1.0,0.0,False,0.7638461164247593,-0.0008516396735980263,0.004117038002184086,,,0,0,,,0,,,,False,0.0035422407491871844,False,False,market-wide: use as interaction
2026-09-10,target_relative_return_5d,2023-09-01,262,state_significant_events_7d_1d,623398,1.0,0.9967647058823529,False,0.12908168153846056,0.001624914155946618,-0.004106419042018353,-0.005845319156792173,-1.8619888824570021,1760,3,-0.6549394773658272,-1.918213252080945,4,0.9706891975837678,0.05524570449457425,0.06277130706136397,False,0.005663320780223822,False,False,sign flipped out of sample
2026-09-10,target_relative_return_5d,2023-09-01,262,wiki_attention_available_1d,623398,1.0,0.29514705882352943,False,0.44138983673287574,-0.003592779094891597,-0.004054025592153163,-0.004388915621943463,-1.963171346336884,1763,3,-4.8029443811686505,-0.8342842498625871,32,2.3531204702237076,0.40423391581051094,0.04978335356688352,True,0.02367327571855673,False,False,inside the noise for this many tests
2026-09-10,target_relative_return_5d,2023-09-01,262,state_SMA_10_1d,623398,1.0,0.9985294117647059,False,0.3848641709318383,-0.015505147367241711,-0.003925480989245211,2.3367444876990967e-05,0.004926772813248189,1763,2,1.794895530241385,0.002929498814457757,25,1.6817801014062272,0.9976629330866256,0.9960695776540491,True,-0.013092841517531605,False,False,inside the noise for this many tests
2026-09-10,target_relative_return_5d,2023-09-01,262,state_EMA_100_1d,623398,1.0,0.9758823529411764,False,0.45704103669965934,-0.007816522626122542,0.003802823489568349,0.008348743986740516,1.5688392996405789,1763,4,1.287315434329144,0.9283921916807953,32,1.6898454270713916,0.35333132566558634,0.11686494164857902,False,-0.01012563363967625,False,False,sign flipped out of sample
2026-09-10,target_relative_return_5d,2023-09-01,262,state_atr_14_1d,623398,1.0,0.9998529411764706,False,0.320342397310539,0.0015429591819943816,0.003796265478673349,-0.0011301814682767018,-0.32567472415273385,1763,1,0.6235578589773254,-0.27791683158512936,5,1.171842390024426,0.7811088088403815,0.7447091396552429,True,-0.0005851204280282609,False,False,"labels the name, not the moment"
2026-09-10,target_relative_return_5d,2023-09-01,262,state_FRED_T10YIE_1d,623398,1.0,0.0,False,0.6722735574019962,-0.00301013295468768,0.0037695731848651857,,,0,0,,,0,,,,False,0.005452076624491079,False,False,market-wide: use as interaction
2026-09-10,target_relative_return_5d,2023-09-01,262,state_FRED_PCEPI_1d,623398,1.0,0.0,False,0.19620164571815207,0.0014006007156517006,0.0037621456317444763,,,0,0,,,0,,,,True,0.0223749257404883,False,False,market-wide: use as interaction
2026-09-10,target_relative_return_5d,2023-09-01,262,state_FRED_MANEMP_1d,623398,1.0,0.0,False,0.21214681837993987,0.0012636770794295865,0.0037348292605729693,,,0,0,,,0,,,,True,0.02355028651264756,False,False,market-wide: use as interaction
2026-09-10,target_relative_return_5d,2023-09-01,262,state_FRED_HOUST_1d,623398,1.0,0.0,False,0.2152443914069541,0.003007260852572471,-0.003697665818274396,,,0,0,,,0,,,,False,-0.008070052733829753,False,False,market-wide: use as interaction
2026-09-10,target_relative_return_5d,2023-09-01,262,state_volatility_5_1d,623398,1.0,0.9992647058823529,False,0.20772358075601596,-0.0008371081371719751,0.0036715229259722776,0.002591983649007763,0.773082506972896,1763,3,0.27249145714239836,0.8535927263468304,4,0.9056807574749395,0.3934467151970814,0.4395772470422912,False,-0.004639287312631897,False,False,sign flipped out of sample
2026-09-10,target_relative_return_5d,2023-09-01,262,MACD_1d,623398,1.0,1.0,False,3.4107846838926394,-0.009569008269930967,-0.0036524101339787366,0.0012015084138851096,0.2491130679562685,1763,2,0.8037268793197485,0.15797328678544348,31,1.5769316004332394,0.874495949844559,0.8033023555396328,True,-0.004342608274365745,False,False,inside the noise for this many tests
2026-09-10,target_relative_return_5d,2023-09-01,262,FRED_CPIAUCSL_1d,621397,0.9967901725703323,0.0,False,37.35193885151062,0.011110517347580678,-0.0035777995244797843,,,0,0,,,0,,,,False,0.02137789889421835,False,False,market-wide: use as interaction
2026-09-10,target_relative_return_5d,2023-09-01,262,state_LEVEL_POSITION_20_1d,623398,1.0,1.0,False,0.2203765988426692,-0.010176308841161894,-0.003539104916543362,-0.002569863258573111,-0.7640024989995218,1763,3,-0.8852579625955306,-0.7602975824330189,4,1.0048729821744886,0.4471784467671682,0.444968045699218,True,-0.006894537708081129,False,False,inside the noise for this many tests
2026-09-10,target_relative_return_5d,2023-09-01,262,state_close_1d,623398,1.0,0.9998529411764706,False,0.36937745771769104,-0.018669857407437148,-0.0035351266883272337,-0.003134647587316303,-0.7003788212401459,1763,2,0.23647569013717973,-0.699576520988763,4,1.0011468370182708,0.4842841523454591,0.48378322536997886,True,-0.013157468113400033,False,False,inside the noise for this many tests
2026-09-10,target_relative_return_5d,2023-09-01,262,state_CDL_OUTSIDE_BAR_1d,623398,1.0,0.9436764705882353,False,0.048001750744935755,-0.0003673546232998159,-0.00350007998405446,-0.004796918420517801,-1.7839996498466433,1684,3,-1.3242441262457678,-1.8711885624863829,4,0.9534045288712724,0.061492330587826806,0.07460383944692753,True,0.0017781051796248012,False,False,inside the noise for this many tests
2026-09-10,target_relative_return_5d,2023-09-01,262,state_ACCELERATION_5_1d,623398,1.0,0.9985294117647059,False,0.07899498501275833,-0.0008771721539795069,-0.0034306300664017175,-0.0027771690239212585,-1.0786692088849958,1763,3,-1.222066412467782,-1.08805328988877,4,0.9913753479806734,0.2767203860385973,0.28088285654297945,True,-0.007516992884042659,False,False,inside the noise for this many tests
2026-09-10,target_relative_return_5d,2023-09-01,262,state_fund_return_on_equity_1d,623398,1.0,0.12676470588235295,False,0.004363283744151345,-0.00019381431749410493,0.003429979027981332,0.005574804754511763,1.198454948428595,493,4,0.7512937752182839,1.334563468832517,4,0.8980127033426215,0.1826365453113524,0.23131690611530847,False,-0.012156683851717176,False,False,sign flipped out of sample
2026-09-10,target_relative_return_5d,2023-09-01,262,state_wiki_attention_available_1d,623398,1.0,0.003088235294117647,False,0.00876002674011197,0.0002515512149766881,0.003428957937936521,,,1,0,,,0,,,,True,0.01762826936570814,False,False,market-wide: use as interaction
2026-09-10,target_relative_return_5d,2023-09-01,262,Williams_R_1d,623398,1.0,1.0,False,16.204153691013072,-0.022131978402769842,-0.0034240656883094086,-0.001148863656214263,-0.22535594754361252,1763,2,1.284775798483957,-0.1280966867373204,25,1.7592644531527613,0.8980870759887605,0.8217285124464464,True,-0.0070402657206945435,False,False,inside the noise for this many tests
2026-09-10,target_relative_return_5d,2023-09-01,262,Stoch_K_1d,623398,1.0,1.0,False,16.204153690106928,-0.0221333494856739,-0.003424002658990394,-0.001146955724610549,-0.22498129073004178,1763,2,1.284775798483957,-0.12788207772719015,25,1.759287108315464,0.8982568875442147,0.8220199170596512,True,-0.007040267303871621,False,False,inside the noise for this many tests
2026-09-10,target_relative_return_5d,2023-09-01,262,context_anxiety_index_1d,623398,1.0,0.49323529411764705,False,0.013247376836838673,-0.0006917727003007277,0.0034135500001678796,0.0010640616669959511,0.363712880304311,1021,2,1.041679429707052,0.21483630518354196,18,1.6929767992126783,0.8299378906228542,0.7161477961120855,False,-0.004754240074249284,False,False,sign flipped out of sample
2026-09-10,target_relative_return_5d,2023-09-01,262,state_FRED_CAPUTLB50001SQ_1d,623398,1.0,0.0,False,0.12661585490192068,-0.00014611667131411273,-0.003397663310859161,,,0,0,,,0,,,,True,0.02405899422007311,False,False,market-wide: use as interaction
2026-09-10,target_relative_return_5d,2023-09-01,262,state_CDL_MARUBOZU_1d,623398,1.0,0.4466176470588235,False,0.012564888948996206,0.001285246229240827,-0.0033468002416717265,-0.004817879041529244,-1.189363211725104,671,4,-0.13889615888143875,-1.1896271968516867,4,0.9997780942405475,0.23461434471720688,0.23471809325002294,False,0.002379510045630334,False,False,sign flipped out of sample
2026-09-10,target_relative_return_5d,2023-09-01,262,CDL_BODY_RATIO_1d,623398,1.0,1.0,False,0.08082007641785371,-0.0008193708503204292,0.00334185852716338,0.0009744112449857476,0.28309969584889894,1763,1,-0.23825011452699732,0.28690639422822717,4,0.9867319151615,0.774217727800719,0.7771336699466451,False,0.002047954396886468,False,False,sign flipped out of sample
2026-09-10,target_relative_return_5d,2023-09-01,262,state_ABB_Mid_1d,623398,1.0,0.9988235294117647,False,0.27928447268170375,-0.009618303654292306,0.003318727760938548,0.006447042675947013,1.567342826066106,1763,3,1.6051993834012661,0.944787532137859,22,1.658936822038213,0.34489689200813156,0.11721413946511157,False,-0.005712483339138979,False,False,sign flipped out of sample
2026-09-10,target_relative_return_5d,2023-09-01,262,FRED_NFCI_1d,623043,0.9994305403610535,0.0,False,0.5205858459241682,-0.007159055238957039,-0.003288128595662237,,,0,0,,,0,,,,True,-0.012299541622415373,False,False,market-wide: use as interaction
2026-09-10,target_relative_return_5d,2023-09-01,262,state_sentiment_std_5_1d,623398,1.0,0.0002941176470588235,False,0.00019662034453693297,-0.0009484835480282332,0.0032866695230510507,,,1,0,,,0,,,,False,0.0032452591570614918,False,False,market-wide: use as interaction
2026-09-10,target_relative_return_5d,2023-09-01,262,state_sentiment_sma_20_1d,623398,1.0,0.0002941176470588235,False,0.00019662034453693297,-0.0009484835480282332,0.0032866695230510507,,,1,0,,,0,,,,False,0.0032452591570614918,False,False,market-wide: use as interaction
2026-09-10,target_relative_return_5d,2023-09-01,262,state_fear_greed_available_1d,623398,1.0,0.000588235294117647,False,0.0005488385930950301,-0.0014110773955648918,0.0032866695230510507,,,1,0,,,0,,,,False,0.009339738581083851,False,False,market-wide: use as interaction
2026-09-10,target_relative_return_5d,2023-09-01,262,state_sentiment_ema_1d,623398,1.0,0.0002941176470588235,False,0.00019662034453693297,-0.0009484835480282332,0.0032866695230510507,,,1,0,,,0,,,,False,0.0032452591570614918,False,False,market-wide: use as interaction
2026-09-10,target_relative_return_5d,2023-09-01,262,state_sentiment_sma_50_1d,623398,1.0,0.0002941176470588235,False,0.00019662034453693297,-0.0009484835480282332,0.0032866695230510507,,,1,0,,,0,,,,False,0.0032452591570614918,False,False,market-wide: use as interaction
2026-09-10,target_relative_return_5d,2023-09-01,262,state_news_intensity_1d,623398,1.0,0.0002941176470588235,False,0.00019662034453693297,-0.0009484835480282332,0.0032866695230510507,,,1,0,,,0,,,,False,0.0032452591570614918,False,False,market-wide: use as interaction
2026-09-10,target_relative_return_5d,2023-09-01,262,state_sentiment_sma_5_1d,623398,1.0,0.0002941176470588235,False,0.00019662034453693297,-0.0009484835480282332,0.0032866695230510507,,,1,0,,,0,,,,False,0.0032452591570614918,False,False,market-wide: use as interaction
2026-09-10,target_relative_return_5d,2023-09-01,262,state_sentiment_std_20_1d,623398,1.0,0.0002941176470588235,False,0.00019662034453693297,-0.0009484835480282332,0.0032866695230510507,,,1,0,,,0,,,,False,0.0032452591570614918,False,False,market-wide: use as interaction
2026-09-10,target_relative_return_5d,2023-09-01,262,state_sentiment_std_50_1d,623398,1.0,0.0002941176470588235,False,0.00019662034453693297,-0.0009484835480282332,0.0032866695230510507,,,1,0,,,0,,,,False,0.0032452591570614918,False,False,market-wide: use as interaction
2026-09-10,target_relative_return_5d,2023-09-01,262,state_sentiment_velocity_1d,623398,1.0,0.0002941176470588235,False,0.00019662034453693297,-0.0009484835480282332,0.0032866695230510507,,,1,0,,,0,,,,False,0.0032452591570614918,False,False,market-wide: use as interaction
2026-09-10,target_relative_return_5d,2023-09-01,262,state_sentiment_decay_weighted_1d,623398,1.0,0.0002941176470588235,False,0.00019662034453693297,-0.0009484835480282332,0.0032866695230510507,,,1,0,,,0,,,,False,0.0032452591570614918,False,False,market-wide: use as interaction
2026-09-10,target_relative_return_5d,2023-09-01,262,state_FRED_GS2_1d,623398,1.0,0.0,False,0.21214743011045836,-0.000732781531427213,0.003272355814004373,,,0,0,,,0,,,,False,0.020742704411491578,False,False,market-wide: use as interaction
2026-09-10,target_relative_return_5d,2023-09-01,262,state_obv_1d,623398,1.0,1.0,False,0.24266256911473952,-0.01358716768795054,-0.0032070273260217104,-0.0031640913237876646,-1.0132332390745853,1763,4,-0.8390556842158616,-0.9985383699642721,4,1.014716379011894,0.3181554751627074,0.3110878797631937,True,-0.008744040234441586,False,False,inside the noise for this many tests
2026-09-10,target_relative_return_5d,2023-09-01,262,state_MOMENTUM_ZSCORE_1d,623398,1.0,0.9989705882352942,False,0.08632463043009171,0.0037594608600983763,-0.0032025515964108106,-0.0017678727881693347,-0.7004557838635788,1763,3,0.27530061524155797,-0.6799795033514282,4,1.030113084896278,0.4966067654772919,0.4837351875120657,False,0.002625085841302882,False,False,sign flipped out of sample
2026-09-10,target_relative_return_5d,2023-09-01,262,state_CDL_ENGULFING_BULL_1d,623398,1.0,0.3664705882352941,False,0.011493574090957295,0.0049792818169309624,-0.0031815879031894746,-0.0061378138737863954,-1.5557532632970335,673,4,-0.6594577479149099,-1.6008161553752558,4,0.9718500516583937,0.10988761516133343,0.12023758053985988,False,0.007885504661238036,False,False,sign flipped out of sample
2026-09-10,target_relative_return_5d,2023-09-01,262,state_MACD_Histogram_1d,623398,1.0,0.9935294117647059,False,0.08146826454768086,-0.00035293302510088507,0.0031611986388190402,0.0023210887609491737,0.9278215254301868,1763,3,0.4597112622077904,0.9166106363826599,5,1.0122308083743932,0.35947214371890424,0.35362723141730823,False,0.003139874422740777,False,False,sign flipped out of sample
2026-09-10,target_relative_return_5d,2023-09-01,262,CDL_OUTSIDE_BAR_1d,623398,1.0,0.981764705882353,False,0.07830254932526788,-0.001854300224643076,0.0031504251079650628,0.0006323301348201519,0.22705931216975983,1728,2,3.135203110107158,0.22306862224373394,4,1.0178899653653013,0.8235084791069267,0.8204044958791714,False,-0.0022012657117588606,False,False,sign flipped out of sample
2026-09-10,target_relative_return_5d,2023-09-01,262,state_cftc_nasdaq_ls_ratio_1d,623398,1.0,0.0,False,0.21283959455065546,0.0006613532806763908,0.003144867235327533,,,0,0,,,0,,,,True,0.006930839496613764,False,False,market-wide: use as interaction
2026-09-10,target_relative_return_5d,2023-09-01,262,state_CCI_1d,623398,1.0,0.9988235294117647,False,0.08452779238427821,0.0005010449165132059,0.0031317019943488808,0.001584689352145478,0.6070824073268746,1763,2,0.32663612500095957,0.5957184064477489,4,1.0190761285132834,0.5514398688197519,0.5438744433981396,True,0.004423267784281202,False,False,inside the noise for this many tests
2026-09-10,target_relative_return_5d,2023-09-01,262,state_volatility_20_1d,623398,1.0,0.9975,False,0.21862834003862316,0.000856581283761988,0.003117635152518024,0.002076261209005834,0.6221533589198043,1763,2,-0.14564639067467416,0.603448900611732,4,1.030995927391882,0.5462877708263066,0.5339215279090253,True,-0.0008735145462478341,False,False,"labels the name, not the moment"
2026-09-10,target_relative_return_5d,2023-09-01,262,state_volume_1d,623398,1.0,0.9998529411764706,False,0.2977191510289283,0.0039245291080482955,0.003089039729695912,0.0020846337127013326,0.6849655595497335,1763,2,1.456451567053352,0.9095448860305066,8,0.753086043437728,0.3631869710631723,0.49345574705122275,True,-0.006394477515920853,False,False,inside the noise for this many tests
2026-09-10,target_relative_return_5d,2023-09-01,262,state_FRED_WPU01_1d,623398,1.0,0.0,False,0.12308164767542502,0.0009082647650261344,0.0030747716422025654,,,0,0,,,0,,,,True,0.017056462794768183,False,False,market-wide: use as interaction
2026-09-10,target_relative_return_5d,2023-09-01,262,CDL_DOJI_1d,623398,1.0,0.995735294117647,False,0.04618363396209105,0.000682272873297449,-0.0030674429606917537,-0.0007369711051646323,-0.2907247341240545,1758,2,-1.8919356234593316,-0.29654752204701745,4,0.9803647392405465,0.7668470299453686,0.7712961648479908,False,0.0026058289013835213,False,False,sign flipped out of sample
2026-09-10,target_relative_return_5d,2023-09-01,262,state_AATR_14_1d,623398,1.0,0.9998529411764706,False,0.2456283172879248,-0.0017326313176467488,0.0030657102732363616,0.0007559142329834345,0.26112402639110693,1763,3,0.741743523800793,0.21852386917240646,6,1.1949450985836731,0.8270462691711539,0.7940273799868957,False,-0.0018221863200510648,False,False,sign flipped out of sample
2026-09-10,target_relative_return_5d,2023-09-01,262,LEVEL_BREAKOUT_UP_20_1d,623398,1.0,0.8823529411764706,False,0.089242837187122,-0.012171012635700303,0.0030613942299179534,0.0017168502014493136,0.4800668304251025,1587,3,1.4141213885927657,0.34696560208000593,12,1.3836150544814096,0.7286631920365045,0.6312460735139901,False,-0.025934604145808313,False,False,sign flipped out of sample
2026-09-10,target_relative_return_5d,2023-09-01,262,state_FRED_UNRATE_1d,623398,1.0,0.0,False,0.18899673053301136,-0.0025690956020336963,-0.003052310763703386,,,0,0,,,0,,,,True,-0.028510849959670403,False,False,market-wide: use as interaction
2026-09-10,target_relative_return_5d,2023-09-01,262,MACD_Signal_1d,623398,1.0,1.0,False,3.0295235141357444,-0.007981376902185726,-0.0029932676635665914,0.0018032584034634771,0.3706104292891136,1763,2,-0.024573579407571048,0.2199910773935311,31,1.6846611857177598,0.8259035874693136,0.7109722608174811,True,-0.0038734707685706745,False,False,inside the noise for this many tests
2026-09-10,target_relative_return_5d,2023-09-01,262,state_cftc_sp500_net_pct_1d,623398,1.0,0.0,False,0.19740443714711503,0.0006613532806763908,-0.0029674157629559243,,,0,0,,,0,,,,False,-0.017418985706219133,False,False,market-wide: use as interaction
2026-09-10,target_relative_return_5d,2023-09-01,262,Stoch_D_1d,623398,1.0,1.0,False,14.99027259327231,-0.019660154699978914,-0.002942223527946324,0.0002718170331519624,0.05256312882384678,1763,2,1.54983115905931,0.028632364501114883,31,1.8357942049040374,0.9771610420089265,0.9580859535792398,True,-0.00702245621123079,False,False,inside the noise for this many tests
2026-09-10,target_relative_return_5d,2023-09-01,262,state_LEVEL_DIST_RESISTANCE_20_1d,623398,1.0,0.9972058823529412,False,0.17080407093003197,0.010125046375646322,0.00292760872676829,0.0016723374531231793,0.5553032600373474,1763,2,1.4747806298420079,0.4993689903898135,5,1.112009897939139,0.6175818052953609,0.5787577401316635,True,0.010780327987190736,False,False,inside the noise for this many tests
2026-09-10,target_relative_return_5d,2023-09-01,262,FRED_T10Y2Y_1d,623165,0.999626241983452,0.0,False,0.9440523278006767,0.00451776206840387,-0.0029197315444329246,,,0,0,,,0,,,,False,-0.010150667043119156,False,False,market-wide: use as interaction
2026-09-10,target_relative_return_5d,2023-09-01,262,state_FRED_T5YIFR_1d,623398,1.0,0.0,False,0.6574518653703026,-0.0027492942246138846,0.0028453909422209694,,,0,0,,,0,,,,False,-0.0036468444729484514,False,False,market-wide: use as interaction
2026-09-10,target_relative_return_5d,2023-09-01,262,state_FRED_WTREGEN_1d,623398,1.0,0.0,False,0.3555969582001129,-0.0001572368643025429,-0.0028224142732717872,,,0,0,,,0,,,,True,-0.020498206671611237,False,False,market-wide: use as interaction
2026-09-10,target_relative_return_5d,2023-09-01,262,state_FRED_SAHMREALTIME_1d,623398,1.0,0.0,False,0.0727279805976658,,0.002778008469645792,,,0,0,,,0,,,,False,-0.023444491220197622,False,False,market-wide: use as interaction
2026-09-10,target_relative_return_5d,2023-09-01,262,state_LEVEL_BREAKOUT_UP_20_1d,623398,1.0,0.663235294117647,False,0.02943461100039302,0.004134248219708854,0.0027522571472964282,0.0010483417306008534,0.3371626791758313,1253,3,0.13790665738655702,0.32681375923153716,4,1.031666108454639,0.7438633791095206,0.7360507817412559,True,0.02791433589125956,False,False,inside the noise for this many tests
2026-09-10,target_relative_return_5d,2023-09-01,262,fund_data_available_1d,623398,1.0,0.5308823529411765,False,0.3993493980436894,0.008923012926891462,0.002716936663094989,0.0028215104109496287,1.1327424958350292,1763,2,1.4851048907332514,0.6342703915369677,30,1.7858984290440563,0.5259867114954355,0.25747652046750247,True,0.010527181115496715,False,False,inside the noise for this many tests
2026-09-10,target_relative_return_5d,2023-09-01,262,state_filing_periodic_30d_1d,623398,1.0,0.27852941176470586,False,0.015155751547847308,-0.00026673896029109245,0.0025210781453019917,0.004786070362628527,1.0874533822393608,531,3,0.16528023413074475,1.0886407369875684,4,0.9989093236107505,0.2768071147302987,0.2773307741326416,False,0.0007709234389990408,False,False,sign flipped out of sample
2026-09-10,target_relative_return_5d,2023-09-01,262,state_FRED_T10Y2Y_1d,623398,1.0,0.0,False,0.7512743212259702,-0.0011156108350474899,-0.002474593112592171,,,0,0,,,0,,,,True,-0.002962499387311816,False,False,market-wide: use as interaction
2026-09-10,target_relative_return_5d,2023-09-01,262,state_FRED_CPIAUCSL_1d,623398,1.0,0.0,False,0.21255908161319675,-0.0007102053378647799,0.0024491999400283364,,,0,0,,,0,,,,False,0.01518387317421216,False,False,market-wide: use as interaction
2026-09-10,target_relative_return_5d,2023-09-01,262,fund_current_ratio_1d,240664,0.3860519283026253,0.5301470588235294,False,0.643708743148036,0.003936126706019146,0.0023772062523526034,0.004205101455635487,0.746145369697817,1763,2,-2.929922017867858,0.37046366570346045,34,2.014085155371412,0.7110815726511486,0.4556791385178066,True,0.008408676004067198,False,False,inside the noise for this many tests
2026-09-10,target_relative_return_5d,2023-09-01,262,context_velocity_rank_1d,621308,0.9966474066326809,0.9972058823529412,False,0.05477777957300642,-0.0018187510212830853,0.002346478428110023,-0.0010344525426539961,-0.3854318187456163,1763,2,-1.0871335008184109,-0.2076564614985629,26,1.8561031810141082,0.8355212123613246,0.6999640365891191,False,0.004347456659197911,False,False,sign flipped out of sample
2026-09-10,target_relative_return_5d,2023-09-01,262,CDL_HAMMER_1d,623398,1.0,0.8719117647058824,False,0.04382198890615714,-0.004069188474937679,-0.002339508142706835,-0.002498979285817877,-0.8811820164338401,1574,3,-0.08066193205089037,-0.8422760960367108,4,1.0461914098954004,0.39976146797600076,0.378353929562138,True,-0.017936864216867097,False,False,inside the noise for this many tests
2026-09-10,target_relative_return_5d,2023-09-01,262,state_FRED_INDPRO_1d,623398,1.0,0.0,False,0.22457755221233508,0.0008751809350224737,0.0022438109337701334,,,0,0,,,0,,,,True,0.015827278448972908,False,False,market-wide: use as interaction
2026-09-10,target_relative_return_5d,2023-09-01,262,state_ROLLING_VOL_10_1d,623398,1.0,0.9986764705882353,False,0.21736684189024655,-0.001104029480464449,0.0022393346307936763,0.001157153362873702,0.34895781309847096,1763,2,-0.4662226247884418,0.3528786973793476,4,0.9888888609315466,0.724221589749666,0.7271626754794794,False,-0.006968607651647515,False,False,sign flipped out of sample
2026-09-10,target_relative_return_5d,2023-09-01,262,state_Williams_R_1d,623398,1.0,1.0,False,0.2458012617228389,0.008988675097246521,0.00223393563813739,0.0028375393111170176,0.8625005760803814,1763,2,-0.07657818114090388,0.9580850637092164,4,0.9002338192615376,0.33815130579700736,0.38852948818937694,True,-0.0009092527003801464,False,False,inside the noise for this many tests
2026-09-10,target_relative_return_5d,2023-09-01,262,state_FRED_UMCSENT_1d,623398,1.0,0.0,False,0.2079460667249522,0.0008821727814460487,0.0022021694562812132,,,0,0,,,0,,,,True,0.0224165771936029,False,False,market-wide: use as interaction
2026-09-10,target_relative_return_5d,2023-09-01,262,state_fund_debt_to_equity_1d,623398,1.0,0.07720588235294118,False,0.0031765284253204296,0.002608449012113694,0.002185403372786897,0.005723455731618109,0.8961264708298856,281,3,1.401606740624022,0.9450880798150081,4,0.9481936022357765,0.3454287307005838,0.37095499050011027,True,0.0018906822577015984,False,False,inside the noise for this many tests
2026-09-10,target_relative_return_5d,2023-09-01,262,state_FRED_PCU334413334413_1d,623398,1.0,0.0,False,0.110485912507828,0.0007144320916402574,0.002154345576123118,,,0,0,,,0,,,,True,-0.0006708718240241619,False,False,market-wide: use as interaction
2026-09-10,target_relative_return_5d,2023-09-01,262,state_Stoch_D_1d,623398,1.0,0.9997058823529412,False,0.3201097029191486,-0.01298367662048933,-0.002124889282281447,-0.002995016295476205,-0.7431411748499761,1763,2,-1.0022708033473757,-0.6147042920114988,13,1.2089409241282387,0.5388293939936029,0.45749528271535844,True,-0.006720032748194977,False,False,inside the noise for this many tests
2026-09-10,target_relative_return_5d,2023-09-01,262,state_FRED_PPIACO_1d,623398,1.0,0.0,False,0.21823389968229193,-0.001222580325270583,-0.0020910383225618244,,,0,0,,,0,,,,True,-0.0019567228049015206,False,False,market-wide: use as interaction
2026-09-10,target_relative_return_5d,2023-09-01,262,state_CDL_HAMMER_1d,623398,1.0,0.5233823529411765,False,0.013627024094202638,0.0011617117941353234,-0.002078272086259595,-0.0016621829739493917,-0.5116298303626211,984,2,-0.8998185699830002,-0.5138838567353227,4,0.9956137435664524,0.6074486867653021,0.6090250120287637,False,0.011075319949560474,False,False,sign flipped out of sample
2026-09-10,target_relative_return_5d,2023-09-01,262,CDL_MARUBOZU_1d,623398,1.0,0.8808823529411764,False,0.04522837390073211,-0.0028117032167860683,0.0020663398065594394,-0.0005292550953528672,-0.18054835477881168,1477,3,-0.3256019996478918,-0.18541010578157566,4,0.9737783925947844,0.8529328569407643,0.8567468821949321,False,-0.00015387412255006626,False,False,sign flipped out of sample
2026-09-10,target_relative_return_5d,2023-09-01,262,ARSI_14_1d,623398,1.0,1.0,False,6.494988794626401,-0.018030115335602587,-0.0020530751202823346,0.0008315230105555143,0.16450137806404602,1763,2,2.1868150806553834,0.09354405516320585,32,1.7585444395909635,0.9254819872810239,0.8693553302650918,True,-0.0063560399686598875,False,False,inside the noise for this many tests
2026-09-10,target_relative_return_5d,2023-09-01,262,state_FRED_T5YIE_1d,623398,1.0,0.0,False,0.6710486371448127,-0.0019227854454674914,0.0020360866924722305,,,0,0,,,0,,,,False,0.004889754371556893,False,False,market-wide: use as interaction
2026-09-10,target_relative_return_5d,2023-09-01,262,state_market_breadth_1d,623398,1.0,0.8161764705882353,False,0.4738136946328515,-0.00035447222796628495,0.0020284280523173086,-0.002184450808634505,-0.8041642320847475,1438,3,-1.1018069152401075,-0.8708627852518211,5,0.9234109502706711,0.38397453684202165,0.4214351440646372,False,-0.001863969604380625,False,False,sign flipped out of sample
2026-09-10,target_relative_return_5d,2023-09-01,262,state_gk_volatility_1d,623398,1.0,0.9975,False,0.24297816171555578,0.0034194888426135636,0.0020068895348602563,0.0011808126652484944,0.3641301303454043,1763,3,-1.912628804031884,0.3508350969351461,4,1.0378953916709077,0.7257540051640763,0.7158045278310634,True,-0.005531600740679296,False,False,inside the noise for this many tests
2026-09-10,target_relative_return_5d,2023-09-01,262,state_KURTOSIS_1d,623398,1.0,0.9922058823529412,False,0.17898778161751538,0.001990425967242092,0.001968618653551326,0.0020735582181066574,0.7145454143213054,1763,4,0.6699460429722793,0.6772719900936803,4,1.055034646010489,0.49832230935884947,0.47498463618341846,True,-0.00582459323819788,False,False,inside the noise for this many tests
2026-09-10,target_relative_return_5d,2023-09-01,262,state_BB_Lower_1d,623398,1.0,0.9994117647058823,False,0.28248295579206745,-0.002704871752311194,-0.0019603227756239457,0.0012127008084351592,0.3161038994508444,1763,2,1.1724253991444948,0.2099044880387677,20,1.5059415946955002,0.8337664866464095,0.7519610869572775,True,-0.009062190903639838,False,False,inside the noise for this many tests
2026-09-10,target_relative_return_5d,2023-09-01,262,state_CDL_DOJI_1d,623398,1.0,0.9823529411764705,False,0.030792007548375164,-0.0003636322238915814,0.001959625508202817,0.00037566477530230874,0.15194823493491544,1746,1,1.4482505570421125,0.15956566623815524,4,0.9522614639926948,0.8732416931730576,0.879245328978917,False,-0.00022821990112857418,False,False,sign flipped out of sample
2026-09-10,target_relative_return_5d,2023-09-01,262,state_FRED_WPU0561_1d,623398,1.0,0.0,False,0.12187086849162486,0.0008176533056078051,0.0019575339208292557,,,0,0,,,0,,,,True,0.02472762454536771,False,False,market-wide: use as interaction
2026-09-10,target_relative_return_5d,2023-09-01,262,state_FRED_VIXCLS_1d,623398,1.0,0.0,False,0.7504908141406395,0.0003600645033514227,0.0019482254198741856,,,0,0,,,0,,,,True,-0.0031736102643800303,False,False,market-wide: use as interaction
2026-09-10,target_relative_return_5d,2023-09-01,262,FRED_GDP_1d,620792,0.9958196850166346,0.0,False,4837.694221545267,0.011054744529901343,-0.0018708388340658874,,,0,0,,,0,,,,False,0.02144762235420187,False,False,market-wide: use as interaction
2026-09-10,target_relative_return_5d,2023-09-01,262,state_days_since_last_significant_1d,623398,1.0,0.9995588235294117,False,0.17578650523647205,0.001992365923676072,0.0018639433843287401,0.0037518968757168716,1.1921876692222475,1763,3,0.9577991123753015,1.045465848065252,9,1.140341094286839,0.295951116523398,0.23334820212197857,True,-0.000985092040605654,False,False,inside the noise for this many tests
2026-09-10,target_relative_return_5d,2023-09-01,262,state_CDL_LOWER_WICK_RATIO_1d,623398,1.0,0.9997058823529412,False,0.15804718384777705,-0.0026575434807933253,0.0018238113750164873,0.0018608097294295016,0.6392217940601878,1763,3,0.41590054455565423,0.9492626798555727,11,0.6733876803809914,0.3426172066918829,0.5227617451388877,False,-0.0015809557019118563,False,False,sign flipped out of sample
2026-09-10,target_relative_return_5d,2023-09-01,262,state_volume_roc_1d,623398,1.0,0.9991176470588236,False,0.06780522458068099,-0.00033902674309710975,-0.0018169077474851528,-0.0009181022976923938,-0.3934283197234097,1763,2,-0.49117887169273594,-0.38411940630878866,4,1.0242344262271865,0.7009362972542248,0.6940507551578374,True,0.005317224503413881,False,False,inside the noise for this many tests
2026-09-10,target_relative_return_5d,2023-09-01,262,state_insider_available_1d,623398,1.0,0.0014705882352941176,False,0.005122336353582535,0.002390595439355953,-0.0018141130028553078,,,1,0,,,0,,,,False,0.00890265339014584,False,False,market-wide: use as interaction
2026-09-10,target_relative_return_5d,2023-09-01,262,CDL_ENGULFING_BULL_1d,623398,1.0,0.7777941176470589,False,0.05022618837423566,-0.005715786503389839,0.0017949602608705664,-0.001174272894592778,-0.3848024939983197,1395,2,0.5210705257852059,-0.41107889171369294,4,0.9360794284380961,0.68107787205297,0.7004424497166071,False,0.006203875552935595,False,False,sign flipped out of sample
2026-09-10,target_relative_return_5d,2023-09-01,262,peer_count_1d,623398,1.0,1.0,False,0.7248939986260673,-0.0017452426943081693,0.0017853214387405164,0.003632384331265576,0.9992306534169257,1763,2,2.255913312962158,0.4719749168020324,33,2.117126605344682,0.6370031345765633,0.31782017194229467,False,-0.008669895065830114,False,False,sign flipped out of sample
2026-09-10,target_relative_return_5d,2023-09-01,262,state_cftc_available_1d,623398,1.0,0.07073529411764706,False,0.09452904599322907,-0.00035066537313217333,-0.001768098371503808,-0.00723636438461402,-1.6964181737064061,473,3,0.341770757785093,-1.6535419769304798,4,1.0259299112898959,0.09888549619284835,0.09046605103851942,True,-0.00714444385754762,False,False,inside the noise for this many tests
2026-09-10,target_relative_return_5d,2023-09-01,262,state_returns_1d,623398,1.0,0.9997058823529412,False,0.09712329543295693,0.001225047761982433,0.0017637873350753476,0.001956357206694077,0.7371988831774611,1763,3,0.4376399597409841,0.7403243404814278,4,0.9957782594289224,0.45920184912478157,0.4610995635617474,True,0.008447523969999092,False,False,inside the noise for this many tests
2026-09-10,target_relative_return_5d,2023-09-01,262,state_cftc_sp500_ls_ratio_1d,623398,1.0,0.0,False,0.20865154688775556,0.0006613532806763908,-0.0017468085872002874,,,0,0,,,0,,,,False,-0.018737317643973062,False,False,market-wide: use as interaction
2026-09-10,target_relative_return_5d,2023-09-01,262,state_VELOCITY_5_1d,623398,1.0,0.9992647058823529,False,0.08380480837805268,-0.0013140046182674584,0.0016843548405796856,-0.0004552526469330037,-0.17699806017304834,1763,3,-0.1164455968845186,-0.1676416714926044,4,1.0558118312537625,0.8668844239474258,0.8595302558230262,False,-0.0009276362609797267,False,False,sign flipped out of sample
2026-09-10,target_relative_return_5d,2023-09-01,262,state_MARKET_PREMIUM_1d,623398,1.0,0.9997058823529412,False,0.08514088691619495,0.0023794607026658685,0.001676932733541578,0.0018296398966469124,0.7058204730589408,1763,2,1.5282563313414865,0.6802831094618511,4,1.0375393174428384,0.4964145902221434,0.48039309408660114,True,0.011168169547633444,False,False,inside the noise for this many tests
2026-09-10,target_relative_return_5d,2023-09-01,262,state_LEVEL_BREAKOUT_DOWN_20_1d,623398,1.0,0.34794117647058825,False,0.018301834566098647,7.413365918581223e-05,0.0016717848807308439,0.0066656310181354705,1.5735996918627981,645,3,2.933932851030457,1.4025593400010574,4,1.1219487453996861,0.1612301540841498,0.11607114538087879,True,-0.01167392130792587,False,False,inside the noise for this many tests
2026-09-10,target_relative_return_5d,2023-09-01,262,fund_debt_to_equity_1d,174017,0.2791426985649617,0.5301470588235294,False,2.6318555532586365,-0.014304577532636427,0.0016717683878749562,-0.0005840028903752489,-0.1313005977167274,1763,3,-0.3832457989781703,-0.06366823253285274,32,2.0622623323016924,0.9492416219277834,0.8955525085552531,False,-8.835061609395585e-05,False,False,sign flipped out of sample
2026-09-10,target_relative_return_5d,2023-09-01,262,state_VELOCITY_1_1d,623398,1.0,0.9997058823529412,False,0.09708212621050591,0.0009789224374126104,0.0016372516711488083,0.0018210978256186772,0.684042263920187,1763,3,0.36654969582006786,0.6853523585979937,4,0.9980884363183826,0.4932117518079413,0.49403842907231643,True,0.008056776837891947,False,False,inside the noise for this many tests
2026-09-10,target_relative_return_5d,2023-09-01,262,state_VOLATILITY_5_1d,623398,1.0,0.9992647058823529,False,0.20912579420902797,-0.0028034247889737744,0.0016038593291668039,-0.0008453086326775496,-0.25297152113361726,1763,3,-0.10261886345155509,-0.2760884915405825,4,0.916269706578598,0.7825124770153811,0.8003197295505554,False,-0.006190687597021907,False,False,sign flipped out of sample
2026-09-10,target_relative_return_5d,2023-09-01,262,RSI_14_1d,623398,1.0,1.0,False,7.250213465565195,-0.015600977891330785,-0.0015770929832760504,0.003167216021012892,0.5833256989692028,1763,2,1.9759558421302579,0.35143352649514675,30,1.6598464716406574,0.7253051523201761,0.5597487185729381,True,-0.005220518684454337,False,False,inside the noise for this many tests
2026-09-10,target_relative_return_5d,2023-09-01,262,market_context_rsi_current_1d,623398,1.0,1.0,False,7.250213465565195,-0.015600977891330785,-0.0015770929832760504,0.003167216021012892,0.5833256989692028,1763,2,1.9759558421302579,0.35143352649514675,30,1.6598464716406574,0.7253051523201761,0.5597487185729381,True,-0.005220518684454337,False,False,inside the noise for this many tests
2026-09-10,target_relative_return_5d,2023-09-01,262,state_ACCELERATION_10_1d,623398,1.0,0.9975,False,0.07662432666625843,-0.0020887803875791287,-0.0015286182676750814,-0.0018804478519456173,-0.7205554379289012,1763,3,-0.7697005960877246,-0.7177795176673507,4,1.0038673717948539,0.47298839555758165,0.4712786591722272,True,0.006525040548118873,False,False,inside the noise for this many tests
2026-09-10,target_relative_return_5d,2023-09-01,262,wiki_attention_z_1d,204656,0.3282910756851963,0.295,False,0.20013448944828757,0.008563923213782755,-0.0015200475276351912,-0.0018910370828432764,-0.810353538659238,1763,2,0.6171553073475492,-0.6747040122453131,6,1.2010504220398865,0.49995235082369927,0.4178464432995964,False,-0.004010626909356283,False,False,sign flipped out of sample
2026-09-10,target_relative_return_5d,2023-09-01,262,state_filing_days_since_last_1d,623398,1.0,0.9975,False,0.10178792963585293,0.0036428083723089905,-0.0015130652673042615,-0.0013032667474794759,-0.5337076136157448,1763,2,0.3490145735588806,-0.5150703980447593,4,1.0361838219430461,0.6065684353613625,0.5936111594325095,False,-0.001862078166553233,False,False,sign flipped out of sample
2026-09-10,target_relative_return_5d,2023-09-01,262,state_SMA_50_1d,623398,1.0,0.9926470588235294,False,0.407925819249419,-0.006001879612884824,0.0015078354857789545,0.004991714080105613,0.9745443649737204,1763,3,0.0001996356192366295,0.5515356943935438,33,1.7669651753823612,0.5813364398163741,0.3299200921277605,False,-0.011571816094506849,False,False,sign flipped out of sample
2026-09-10,target_relative_return_5d,2023-09-01,262,state_cftc_gold_net_pct_1d,623398,1.0,0.0,False,0.21038870719135547,0.0006613532806763908,-0.0014727250162774156,,,0,0,,,0,,,,False,-0.019492529464447347,False,False,market-wide: use as interaction
2026-09-10,target_relative_return_5d,2023-09-01,262,state_SHARPE_RATIO_1d,623398,1.0,0.9998529411764706,False,0.16537232834678928,-0.00179828679265254,0.0014589788321500248,0.0019153490510470297,0.6781119472071833,1763,2,1.7712177041635713,0.6681450221559064,4,1.0149173079507747,0.5041285347801305,0.49778975552242444,False,0.004185340626555474,False,False,sign flipped out of sample
2026-09-10,target_relative_return_5d,2023-09-01,262,ABB_Upper_1d,623398,1.0,1.0,False,43.10868617272036,-0.01449100984433137,-0.0014436945685670055,0.0006435030161062851,0.18454448103169474,1763,2,0.6408833733109808,0.09435202468744117,33,1.9559143711333493,0.924840252268251,0.8536075724924246,True,-0.005199038473218488,False,False,inside the noise for this many tests
2026-09-10,target_relative_return_5d,2023-09-01,262,state_peer_volatility_1d,623398,1.0,0.9998529411764706,False,0.19130997156650592,0.0004671362526178431,0.001428165722249517,0.0005235157176586847,0.15467578450454378,1763,3,0.22055818516941755,0.21945046087601175,9,0.7048323520812049,0.8263245841553886,0.8770946362488619,True,-0.001909819808398393,False,False,inside the noise for this many tests
2026-09-10,target_relative_return_5d,2023-09-01,262,CDL_ENGULFING_BEAR_1d,623398,1.0,0.7905882352941176,False,0.053095918238936335,0.005199335439651177,0.0013955521983114547,0.0003031767283824639,0.0972793118738969,1441,2,0.5470906797131325,0.09974091680443689,4,0.9753200089852143,0.9205638988490875,0.92251812221571,True,0.007182903196722304,False,False,inside the noise for this many tests
2026-09-10,target_relative_return_5d,2023-09-01,262,BB_Upper_1d,623398,1.0,1.0,False,42.81404222904123,-0.014190099304927171,-0.0013726064774360364,0.0009303046341180064,0.2679868332143346,1763,2,0.7009397450454712,0.13799683739410232,33,1.941978079171456,0.8902586847690377,0.7887408213119491,True,-0.005300720084757706,False,False,inside the noise for this many tests
2026-09-10,target_relative_return_5d,2023-09-01,262,state_CDL_UPPER_WICK_RATIO_1d,623398,1.0,1.0,False,0.15824515267057038,0.006040093480963674,0.0013688890670749624,0.002133641400243177,0.7450191535580839,1763,2,-0.47256061994624426,1.016022472269363,9,0.7332703497138477,0.3097581750285621,0.4563595006097204,True,-0.0016504554890247195,False,False,inside the noise for this many tests
2026-09-10,target_relative_return_5d,2023-09-01,262,context_stability_1d,623398,1.0,1.0,False,0.028448017549728935,-0.00298237180215193,-0.0013654558472502235,0.0026282947054655395,0.7933125947583577,1763,3,1.0498173241069162,0.5098740842443066,13,1.555899033256692,0.6102035359748755,0.42770253249088974,True,-0.004939404804191161,False,False,inside the noise for this many tests
2026-09-10,target_relative_return_5d,2023-09-01,262,state_volume_rs_1d,623398,1.0,0.9998529411764706,False,0.29638449312048704,0.0024812149146276508,0.0012880241003935427,0.0005975689715046048,0.19664892578007473,1763,2,1.575977107839454,0.2536798273840963,7,0.7751855076845698,0.7997725162205496,0.8441249593701335,True,-0.007142113779233238,False,False,inside the noise for this many tests
2026-09-10,target_relative_return_5d,2023-09-01,262,CDL_INSIDE_BAR_1d,623398,1.0,0.9847058823529412,False,0.08483991962620568,0.0008571303745551417,0.0012347955899780804,0.001135150475795649,0.39762814590749357,1732,3,1.1645878881835718,0.42760125619864137,4,0.9299040639926842,0.6689946386076655,0.6909533378072488,True,0.0196096851419056,False,False,inside the noise for this many tests
2026-09-10,target_relative_return_5d,2023-09-01,262,state_EMA_50_1d,623398,1.0,0.985735294117647,False,0.4283136697172463,-0.00922335840257746,0.0012332594718226365,0.006612216858980634,1.3083481025674635,1763,3,1.5175840531814486,0.8337045243150336,29,1.5693187027411108,0.4045605103711496,0.1909259060689295,False,-0.010846065417908718,False,False,sign flipped out of sample
2026-09-10,target_relative_return_5d,2023-09-01,262,state_fund_current_ratio_1d,623398,1.0,0.1327941176470588,False,0.004470981012571348,-0.0026158388133649133,0.0012321148184032548,0.0018051411532961517,0.41052495706146536,521,2,1.5297443452915624,0.37921289728784635,4,1.0825711888956435,0.7046845735244489,0.6815899984594489,False,0.004764165364146215,False,False,sign flipped out of sample
2026-09-10,target_relative_return_5d,2023-09-01,262,fund_price_to_book_1d,250635,0.4020465256545578,0.5301470588235294,False,12.694116578053212,0.0006041702550536769,-0.0012256102663538377,0.0016284421353239891,0.39613507479883875,1763,2,-1.3041201298930036,0.19113075723931572,33,2.072586749095731,0.8484451712968366,0.6920533479138298,False,0.00039596115116814166,False,False,sign flipped out of sample
2026-09-10,target_relative_return_5d,2023-09-01,262,close,623398,1.0,1.0,False,37.45492708998045,-0.015571148155844615,-0.0012188172873593718,0.0013469127066522855,0.38123969114822676,1763,2,0.9259278980667173,0.19659595892871146,33,1.9392041078854005,0.844166405399518,0.7030713631796057,True,-0.004806539227849903,False,False,inside the noise for this many tests
2026-09-10,target_relative_return_5d,2023-09-01,262,cftc_nasdaq_net_pct_1d,187651,0.30101315692382713,0.0,False,21.062410661297964,-0.01759713186448494,0.0012128562720661504,,,0,0,,,0,,,,False,-0.0008837504997704098,False,False,market-wide: use as interaction
2026-09-10,target_relative_return_5d,2023-09-01,262,cftc_nasdaq_ls_ratio_1d,187651,0.30101315692382713,0.0,False,0.9944600070669248,-0.01759713186448494,0.0012128562720661504,,,0,0,,,0,,,,False,-0.002323616754027328,False,False,market-wide: use as interaction
2026-09-10,target_relative_return_5d,2023-09-01,262,high,623398,1.0,1.0,False,37.840316937363994,-0.015241818333591834,-0.0012095657727364748,0.001331045494073448,0.3777845017302695,1763,2,0.8852852257130716,0.19472085549026008,33,1.9401337405749342,0.8456339324210584,0.7056361900397481,True,-0.004715460971372945,False,False,inside the noise for this many tests
2026-09-10,target_relative_return_5d,2023-09-01,262,state_FRED_PCEPILFE_1d,623398,1.0,0.0,False,0.19560101497103435,0.0012589321456562446,-0.0012080775120106486,,,0,0,,,0,,,,False,0.023976671437039764,False,False,market-wide: use as interaction
2026-09-10,target_relative_return_5d,2023-09-01,262,state_VOLATILITY_50_1d,623398,1.0,0.9939705882352942,False,0.22233107890147838,0.0024514615491071944,-0.001207703927812038,-0.0034758549082657105,-1.0651559662887313,1763,2,-1.7147163685186393,-1.0058288856590867,4,1.0589832738704552,0.3146359953708625,0.2869512933018793,False,-0.00347737321013761,False,False,sign flipped out of sample
2026-09-10,target_relative_return_5d,2023-09-01,262,state_FRED_DSPIC96_1d,623398,1.0,0.0,False,0.21375240000483164,0.000571109852970423,0.0011989639076322842,,,0,0,,,0,,,,True,-0.0044159223063970025,False,False,market-wide: use as interaction
2026-09-10,target_relative_return_5d,2023-09-01,262,LEVEL_POSITION_20_1d,623398,1.0,1.0,False,0.19886030065419355,-0.0176277252238041,0.0011700602438503372,0.0031976935901860976,0.6233887813920761,1763,2,2.3278232180428757,0.36184954482558246,26,1.7227844840666027,0.7175078542488524,0.5331097519508861,False,-0.0022094706702276263,False,False,sign flipped out of sample
2026-09-10,target_relative_return_5d,2023-09-01,262,state_LAG_10_1d,623398,1.0,1.0,False,0.3564378658689834,-0.0010993879613424907,0.0011680206426343048,0.0045727401076958805,1.0713719228519316,1763,3,1.3643536932430689,1.0441111981650402,4,1.0261090243403197,0.2965771681866559,0.28414895645005894,False,-0.009495707368184269,False,False,sign flipped out of sample
2026-09-10,target_relative_return_5d,2023-09-01,262,state_CDL_SHOOTING_STAR_1d,623398,1.0,0.3814705882352941,False,0.01005609023287445,-0.000620174273749706,-0.0011495002295575068,-0.0025323933569933554,-0.6820483228530066,721,2,-2.2414317251338054,-0.6731578268311188,4,1.0132071494492454,0.5010628926586803,0.4954277416426851,True,-0.0037675460261439374,False,False,inside the noise for this many tests
2026-09-10,target_relative_return_5d,2023-09-01,262,market_breadth_1d,623398,1.0,0.9995588235294117,False,0.24040086115282003,-0.0038255181691719646,-0.001147490189878928,0.003604776201014186,0.8283022170440595,1762,2,0.003963697641743855,0.7989939243131353,4,1.0366814963657194,0.42440168193558847,0.4076116092660512,True,-0.0005303917763121363,False,False,inside the noise for this many tests
2026-09-10,target_relative_return_5d,2023-09-01,262,state_ABB_Lower_1d,623398,1.0,0.9992647058823529,False,0.19968156803114429,-0.004924907709162101,0.00112019936119111,0.0024544358870317085,0.7356489289419718,1763,3,0.686353555207771,0.46764243782296167,16,1.5731013044211162,0.6400981417684956,0.4620422890807635,False,-0.005834712104678723,False,False,sign flipped out of sample
2026-09-10,target_relative_return_5d,2023-09-01,262,day_of_week_sin_1d,623398,1.0,0.0,False,0.5154405691956672,0.00013236290006786843,0.0010739271753779818,,,0,0,,,0,,,,True,0.0001454882309474784,False,False,market-wide: use as interaction
2026-09-10,target_relative_return_5d,2023-09-01,262,open,623398,1.0,1.0,False,37.453859261963125,-0.015041004071738208,-0.001070014143539177,0.001386317919103162,0.3925003218967732,1763,2,0.9201871697350563,0.20265610943770745,33,1.9367801098412982,0.8394272280305581,0.6947360472848538,True,-0.004527174078135029,False,False,inside the noise for this many tests
2026-09-10,target_relative_return_5d,2023-09-01,262,state_VOLATILITY_20_1d,623398,1.0,0.9973529411764706,False,0.22065837890268253,0.0006990602241961814,-0.0010608390633842445,-0.00148178926046972,-0.45560048745074516,1763,2,-0.5134683852476178,-0.43165624072687947,4,1.0554706371985847,0.6660440865959811,0.6487334310796533,False,-0.004280970478819015,False,False,sign flipped out of sample
2026-09-10,target_relative_return_5d,2023-09-01,262,state_ROLLING_VOL_20_1d,623398,1.0,0.9973529411764706,False,0.22065837890268253,0.0006990602241961814,-0.0010608390633842445,-0.00148178926046972,-0.45560048745074516,1763,2,-0.5134683852476178,-0.43165624072687947,4,1.0554706371985847,0.6660440865959811,0.6487334310796533,False,-0.004280970478819015,False,False,sign flipped out of sample
2026-09-10,target_relative_return_5d,2023-09-01,262,state_SORTINO_RATIO_1d,623398,1.0,0.9998529411764706,False,0.1656207792599261,-0.0016165028998736664,0.0010601189276172305,0.0015778799323022284,0.5595517463671352,1763,2,1.6757985373897506,0.5512857043289779,4,1.0149941164322747,0.5815077349333198,0.5758563446346803,False,0.003590982894990014,False,False,sign flipped out of sample
2026-09-10,target_relative_return_5d,2023-09-01,262,low,623398,1.0,1.0,False,37.05794701632825,-0.015170566354250755,-0.0010145776737228301,0.0014707811319695826,0.41535239109058486,1763,2,0.9380967570501568,0.2144187051250506,33,1.937108942283502,0.8302453671990319,0.6779345257533059,True,-0.004534441959923376,False,False,inside the noise for this many tests
2026-09-10,target_relative_return_5d,2023-09-01,262,state_AEMA_20_1d,623398,1.0,0.9972058823529412,False,0.2855648304386904,-0.010547514505745589,-0.0009957532991532968,0.002694855685687795,0.6902379516425262,1763,2,1.8500684613277054,0.43494539794681325,17,1.5869531092887459,0.663655325907113,0.490135464792411,True,-0.00746133642191519,False,False,inside the noise for this many tests
2026-09-10,target_relative_return_5d,2023-09-01,262,LAG_1_1d,623398,1.0,1.0,False,37.587519012417495,-0.015083012520246642,-0.0009841719460411897,0.0015272874140007907,0.43245535408239183,1763,2,0.9352735328841195,0.22341407730157256,33,1.9356674355781425,0.823239147186959,0.6654634149651184,True,-0.004360525154636069,False,False,inside the noise for this many tests
2026-09-10,target_relative_return_5d,2023-09-01,262,EMA_200_1d,623398,1.0,1.0,False,36.52284947829493,-0.013798916508992745,-0.0009450207619228958,0.0005399491169309109,0.16066624180198752,1763,2,0.8965818227193539,0.08115295670840979,33,1.9797952942032224,0.9353295277134377,0.8723746965868359,True,-0.005297962446497936,False,False,inside the noise for this many tests
2026-09-10,target_relative_return_5d,2023-09-01,262,state_ROLLING_SKEW_10_1d,623398,1.0,0.9997058823529412,False,0.06364738254535639,0.0005500920454825228,0.0009372687279323392,-0.0007593563762629805,-0.31744551690328954,1763,1,0.37083311237373884,-0.3410299488413377,4,0.9308435167697817,0.7331216951217875,0.7509431861421701,True,0.009463276942500555,False,False,inside the noise for this many tests
2026-09-10,target_relative_return_5d,2023-09-01,262,state_ROLLING_SKEW_20_1d,623398,1.0,1.0,False,0.06398542856648398,0.0023410938979653113,0.0009286440096228621,0.0018152882593761137,0.7596782598394275,1763,3,1.1369134777724927,0.7200364733677662,4,1.055055247807445,0.47159803872109585,0.4475485513698879,True,0.005608463000707418,False,False,inside the noise for this many tests
2026-09-10,target_relative_return_5d,2023-09-01,262,state_price_volume_trend_1d,623398,1.0,0.9997058823529412,False,0.0867027902841726,0.0023997888340882576,0.0009211810086322182,0.0006558162941576629,0.2511449519263323,1763,3,0.10082181617887052,0.2589150632718627,4,0.9699897284949708,0.7957310183600543,0.8017313269309658,True,0.01325168890591525,False,False,inside the noise for this many tests
2026-09-10,target_relative_return_5d,2023-09-01,262,state_BB_Middle_1d,623398,1.0,0.9970588235294118,False,0.40327205924330045,-0.006880639359315819,0.000911437806615084,0.005221543524494465,1.129348068339397,1763,3,2.430785472566331,0.6816232481423833,26,1.6568508650742046,0.49556678965804934,0.2589047555848003,False,-0.009897010856958112,False,False,sign flipped out of sample
2026-09-10,target_relative_return_5d,2023-09-01,262,state_SMA_20_1d,623398,1.0,0.9970588235294118,False,0.40327205924330045,-0.006880639359315819,0.000911437806615084,0.005221543524494465,1.129348068339397,1763,3,2.430785472566331,0.6816232481423833,26,1.6568508650742046,0.49556678965804934,0.2589047555848003,False,-0.009897010856958112,False,False,sign flipped out of sample
2026-09-10,target_relative_return_5d,2023-09-01,262,state_peer_return_1d,623398,1.0,0.9969117647058824,False,0.13256034356675928,0.002481277225942638,-0.0008876090683062534,0.0005209531805299143,0.18250392351987557,1759,2,-0.0985780546846508,0.171505333661498,4,1.064129724852089,0.8638461752442291,0.8552083181128768,False,0.006845763162289503,False,False,sign flipped out of sample
2026-09-10,target_relative_return_5d,2023-09-01,262,EMA_5_1d,623398,1.0,1.0,False,37.44597426445112,-0.015201060503464163,-0.0008738423605105916,0.0015844214154389607,0.4485714725359016,1763,2,0.9383290526624349,0.23135134122706252,33,1.9389188329608422,0.8170687256595244,0.6537959732443089,True,-0.004188085313426988,False,False,inside the noise for this many tests
2026-09-10,target_relative_return_5d,2023-09-01,262,state_peer_count_1d,623398,1.0,0.4472058823529412,False,0.07584989286474203,0.003066989124240683,-0.0008595225538224935,-0.0011427083892196475,-0.22176754615044517,962,3,-0.07729814953634019,-0.39027693226143895,10,0.5682312425318732,0.6964182681957708,0.824541960641286,False,-0.003067002312938714,False,False,sign flipped out of sample
2026-09-10,target_relative_return_5d,2023-09-01,262,state_RSI_VELOCITY_1d,623398,1.0,1.0,False,0.08115916509168691,0.0033191252080848246,-0.0008521046523342707,-0.0025925228116153026,-1.0185733836745423,1763,2,-1.4545312178565533,-1.0185889375764072,4,0.9999847299521022,0.3085379940081173,0.3085453792439226,False,0.004969066004166512,False,False,sign flipped out of sample
2026-09-10,target_relative_return_5d,2023-09-01,262,market_context_trend_20d_1d,623398,1.0,1.0,False,0.7259907234782983,-0.0133750904081457,-0.0008364777230168901,0.0035740541007892724,0.7680581193413248,1763,3,1.4111652781666773,0.4546497438499803,30,1.689340266283663,0.6494172471819288,0.44255557531582523,True,-0.0012610359026219516,False,False,inside the noise for this many tests
2026-09-10,target_relative_return_5d,2023-09-01,262,FRED_PCU334413334413_1d,221899,0.3559507730214085,0.0,False,5.724961732475448,0.027964117362903475,0.0008288374276116599,,,0,0,,,0,,,,True,-0.005918383761016704,False,False,market-wide: use as interaction
2026-09-10,target_relative_return_5d,2023-09-01,262,SMA_200_1d,623398,1.0,1.0,False,38.035622062770564,-0.013984213837113131,-0.0008273597758221977,0.0002227385972290671,0.06595945168300482,1763,2,0.8658755865782934,0.03305815167421382,33,1.995255280241661,0.9736319588200728,0.9474175907319973,True,-0.0052054017288886215,False,False,inside the noise for this many tests
2026-09-10,target_relative_return_5d,2023-09-01,262,state_wiki_views_1d,623398,1.0,0.2948529411764706,False,0.029724546312070572,-0.0014069327420688535,-0.0008200091753736641,-0.0004723670068089545,-0.20467112885128994,1763,2,0.3336462762367335,-0.2707426411333524,9,0.7559619275135925,0.7866206887800854,0.8378527174684653,True,0.004200521241858443,False,False,inside the noise for this many tests
2026-09-10,target_relative_return_5d,2023-09-01,262,state_cftc_dow_net_pct_1d,623398,1.0,0.0,False,0.20183565121482502,-0.0006613532806763908,0.0008124402536924162,,,0,0,,,0,,,,False,-0.014797441109370759,False,False,market-wide: use as interaction
2026-09-10,target_relative_return_5d,2023-09-01,262,state_SKEWNESS_1d,623398,1.0,0.9835294117647059,False,0.09241787515022383,0.0027390808696686865,-0.0007966104405620344,-0.0013746811201379295,-0.5621624196908682,1763,2,0.5639975659511139,-0.5600807421944954,4,1.0037167453539224,0.5754955621664413,0.5740768681979227,False,0.005829869698868182,False,False,sign flipped out of sample
2026-09-10,target_relative_return_5d,2023-09-01,262,SMA_5_1d,623398,1.0,1.0,False,37.52759669629159,-0.01504123252605529,-0.0007963830638081856,0.001669205813687494,0.47268600221789986,1763,2,0.9618869358992771,0.24363488423379176,33,1.9401408944554546,0.8075419703853789,0.6364957572146384,True,-0.004063113577560238,False,False,inside the noise for this many tests
2026-09-10,target_relative_return_5d,2023-09-01,262,state_day_of_week_sin_1d,623398,1.0,0.0,False,0.48837528713345557,0.0007747617198029812,0.000767018586472285,,,0,0,,,0,,,,True,-0.009142622816989613,False,False,market-wide: use as interaction
2026-09-10,target_relative_return_5d,2023-09-01,262,ABB_Mid_1d,623398,1.0,1.0,False,37.18166444862082,-0.014120419991238824,-0.0007263689478158609,0.0014620073307667985,0.41485917828783053,1763,2,0.8320548309194645,0.21264016378734002,33,1.950991623119367,0.8316322382115025,0.6782954999202166,True,-0.0033186891598340094,False,False,inside the noise for this many tests
2026-09-10,target_relative_return_5d,2023-09-01,262,EMA_10_1d,623398,1.0,1.0,False,37.50071406813591,-0.01457688914537201,-0.000691806956824163,0.0017137482487205205,0.4855421260377968,1763,2,0.9505587171220489,0.24994708653886422,33,1.942579658604262,0.8026574056191697,0.6273522053668812,True,-0.0038270759161492993,False,False,inside the noise for this many tests
2026-09-10,target_relative_return_5d,2023-09-01,262,market_context_market_breadth_1d,623398,1.0,0.9927941176470588,False,0.1096399711368604,-0.004845386017797925,0.0006871670935986382,0.005729954761873279,1.203104662443806,1763,2,1.6148002280985454,0.7630715169545768,28,1.5766604252841259,0.4455228942328302,0.22909744873537183,False,-0.01621337216133749,False,False,sign flipped out of sample
2026-09-10,target_relative_return_5d,2023-09-01,262,state_filing_material_30d_1d,623398,1.0,0.8727941176470588,False,0.02993226593873776,0.0006994939293645718,-0.0006194853728177385,-0.000384624916785886,-0.14810476938219944,1668,3,1.2167571872915015,-0.14589689461833164,4,1.0151331169155013,0.8840204224457555,0.8822779973913227,False,-0.0007354141558823849,False,False,sign flipped out of sample
2026-09-10,target_relative_return_5d,2023-09-01,262,state_market_return_1d,623398,1.0,0.7776470588235294,False,0.38210402234903906,-0.0021155601151554497,-0.0006078295047802221,0.0028651759289439137,1.0189119701529303,1362,3,1.5061157645640135,0.9565807588778908,4,1.0651604275922888,0.33894878573453424,0.3084258453536335,True,-0.003564925300206335,False,False,inside the noise for this many tests
2026-09-10,target_relative_return_5d,2023-09-01,262,state_FRED_TOTALSA_1d,623398,1.0,0.0,False,0.15578104508998078,0.00027417364206533954,-0.0006022138492189411,,,0,0,,,0,,,,False,0.013627896465135859,False,False,market-wide: use as interaction
2026-09-10,target_relative_return_5d,2023-09-01,262,filing_periodic_30d_1d,532115,0.853571875431105,0.9966176470588235,False,0.2775736879224612,-0.00043973797998025764,0.0006014591958808307,0.005219250575784631,1.6761379982094513,1763,3,-1.9552006623882745,0.8211836356306311,29,2.0411244519287757,0.4116527660920777,0.09388857100700355,False,0.0019433845443281412,False,False,sign flipped out of sample
2026-09-10,target_relative_return_5d,2023-09-01,262,state_peer_breadth_excess_1d,623398,1.0,0.9998529411764706,False,0.11205796124732037,0.006203122432876217,-0.0006013757576497659,-0.0011430554778516005,-0.3976589798268994,1763,2,0.42009939089121273,-0.3784424915287627,4,1.0507778294675882,0.7051474974708827,0.6909297476898402,False,-0.0018191219883799668,False,False,sign flipped out of sample
2026-09-10,target_relative_return_5d,2023-09-01,262,CDL_SHOOTING_STAR_1d,623398,1.0,0.8408823529411765,False,0.037873111856046894,0.004787644617221028,-0.0005896404437777761,-0.0028071103431687697,-0.9841599891346242,1520,3,-1.6055532896054465,-0.9622014138934392,4,1.0228211837190428,0.3361015813689593,0.3251935827505661,False,0.019281273010101112,False,False,sign flipped out of sample
2026-09-10,target_relative_return_5d,2023-09-01,262,SMA_20_1d,623398,1.0,1.0,False,37.80500288776734,-0.01377588193280783,-0.0005768617704543975,0.0017438974720269042,0.4942815891768449,1763,2,0.8895470344846603,0.25382693508758786,33,1.9473173286605046,0.7996588781378781,0.6211689409074428,True,-0.0035247658715771056,False,False,inside the noise for this many tests
2026-09-10,target_relative_return_5d,2023-09-01,262,BB_Middle_1d,623398,1.0,1.0,False,37.80500288776734,-0.01377588193280783,-0.0005768617704543975,0.0017438974720269042,0.4942815891768449,1763,2,0.8895470344846603,0.25382693508758786,33,1.9473173286605046,0.7996588781378781,0.6211689409074428,True,-0.0035247658715771056,False,False,inside the noise for this many tests
2026-09-10,target_relative_return_5d,2023-09-01,262,filing_material_30d_1d,532115,0.853571875431105,0.9973529411764706,False,0.4752395679810113,-0.003834750453202318,-0.0005695037683177306,0.0015862941075343584,0.45924695187882025,1763,3,0.8614327336244266,0.219283868705198,31,2.0943034003847547,0.8264543252900641,0.6461134869743858,True,-0.0018344809527038252,False,False,inside the noise for this many tests
2026-09-10,target_relative_return_5d,2023-09-01,262,EMA_20_1d,623398,1.0,1.0,False,37.549306194284064,-0.014107683367648513,-0.0005684907162264949,0.00186510831993052,0.528831024529285,1763,2,0.9514546836935899,0.27108387549201196,33,1.950802214146699,0.7863582758821196,0.5969892807797299,True,-0.00356790562379598,False,False,inside the noise for this many tests
2026-09-10,target_relative_return_5d,2023-09-01,262,state_filing_count_30d_1d,623398,1.0,0.9920588235294118,False,0.08285755685779919,-0.0016388852778062616,-0.0005630587014749672,-0.0011874815911349886,-0.4781844757920326,1762,2,0.3936548400056511,-0.47904143497357926,4,0.9982110959115803,0.6319686285650207,0.6325782658585372,True,0.0004109351582581261,False,False,inside the noise for this many tests
2026-09-10,target_relative_return_5d,2023-09-01,262,BB_Lower_1d,623398,1.0,1.0,False,35.896881080953314,-0.013490882542868765,0.0005590906785624021,0.0023588655432692745,0.6541096595736909,1763,2,1.0520053224064256,0.3357398308222152,33,1.948263505023515,0.7371070385449114,0.5131265191651544,False,-0.00131649238556413,False,False,sign flipped out of sample
2026-09-10,target_relative_return_5d,2023-09-01,262,SMA_10_1d,623398,1.0,1.0,False,37.6669638288437,-0.014699019723679048,-0.0005328594478233342,0.001832195379485042,0.5186745184589231,1763,2,0.9476231749377331,0.26716951365086716,33,1.9413686515772104,0.7893699137896313,0.6040528642279189,True,-0.0036207343120043126,False,False,inside the noise for this many tests
2026-09-10,target_relative_return_5d,2023-09-01,262,state_ROLLING_KURT_20_1d,623398,1.0,0.9997058823529412,False,0.06623849002003677,0.0031251112207720927,-0.0005246439568491032,-0.000184879778693285,-0.07543770316590707,1763,2,1.0844721620649564,-0.07335341961510546,4,1.028414265643485,0.9415332092439462,0.9398750255509168,False,-0.0008729534084387289,False,False,sign flipped out of sample
2026-09-10,target_relative_return_5d,2023-09-01,262,state_CDL_INSIDE_BAR_1d,623398,1.0,0.9725,False,0.06202586673099793,-0.002546346412774901,-0.0005131499667351236,-0.0010180204860355492,-0.3734303873540724,1717,3,-0.3999311359704702,-0.4089919443093285,5,0.9130507154234798,0.6825966106272388,0.7088742732768367,True,-0.017486107579552185,False,False,inside the noise for this many tests
2026-09-10,target_relative_return_5d,2023-09-01,262,cftc_available_1d,623398,1.0,0.020441176470588237,False,0.22593527128375895,0.0008289607290593298,-0.0005087742851306101,0.019159093598956553,2.041704880105198,138,4,1.7616175740284106,2.1393839242821753,4,0.9543424426685119,0.03417726847354652,0.043100005049874095,False,0.01827806560006073,False,False,market-wide: use as interaction
2026-09-10,target_relative_return_5d,2023-09-01,262,state_FRED_PERMIT_1d,623398,1.0,0.0,False,0.2618235703294281,0.0008100488996496229,-0.0004937962352316045,,,0,0,,,0,,,,False,-0.024016799746846465,False,False,market-wide: use as interaction
2026-09-10,target_relative_return_5d,2023-09-01,262,EMA_100_1d,623398,1.0,1.0,False,37.171401770054196,-0.013327519349365073,-0.00047754925699662994,0.0015227567381644774,0.4415433681295181,1763,2,1.0063844641972337,0.22392030179888353,33,1.971877335741067,0.8228452776823649,0.6588738511874803,True,-0.00415886521206865,False,False,inside the noise for this many tests
2026-09-10,target_relative_return_5d,2023-09-01,262,state_FRED_DEXUSEU_1d,623398,1.0,0.0,False,0.7230754538816062,0.00035800551116501206,-0.00047704192002609403,,,0,0,,,0,,,,False,-0.006326616565909719,False,False,market-wide: use as interaction
2026-09-10,target_relative_return_5d,2023-09-01,262,LAG_20_1d,623398,1.0,1.0,False,38.639656907422214,-0.013576599636937244,-0.0004710998752416394,0.001503853768825975,0.4267416563619806,1763,2,0.8945770215895037,0.21794701809260722,33,1.958006400347515,0.8274956291682752,0.669619639427453,True,-0.0033350012784420183,False,False,inside the noise for this many tests
2026-09-10,target_relative_return_5d,2023-09-01,262,state_FRED_RRPONTSYD_1d,623398,1.0,0.0,False,0.3758091438040418,-0.0014176806120856297,-0.000463047600755927,,,0,0,,,0,,,,True,0.010462710303283874,False,False,market-wide: use as interaction
2026-09-10,target_relative_return_5d,2023-09-01,262,wiki_views_1d,204710,0.32837769771478253,0.29514705882352943,False,912.5538744847029,0.012425483327113325,0.00046077964494323985,0.0009570522415968379,0.3985282436768336,1763,3,0.38094437544254894,0.2476719450675202,16,1.609097241789687,0.8044170974293376,0.6902891300502546,True,-0.0074457892229959025,False,False,inside the noise for this many tests
2026-09-10,target_relative_return_5d,2023-09-01,262,state_significant_events_30d_1d,623398,1.0,0.9994117647058823,False,0.15055977381774505,-0.003619638036168262,0.0004298430356305037,-0.0014343875182541248,-0.4514525692391432,1763,3,-0.11136787352039772,-0.4366650868103357,4,1.0338645860992095,0.662407755275777,0.651718960969669,False,0.009007592513770125,False,False,sign flipped out of sample
2026-09-10,target_relative_return_5d,2023-09-01,262,EMA_50_1d,623398,1.0,1.0,False,37.46508734057037,-0.013452393015366156,-0.00041064341377569717,0.0019989006807229386,0.5702867675226774,1763,2,0.9878262084108423,0.2905789979441896,33,1.9625877009604464,0.7714075204420029,0.5685559244192352,True,-0.0035128129526133586,False,False,inside the noise for this many tests
2026-09-10,target_relative_return_5d,2023-09-01,262,market_context_day_of_week_1d,623398,1.0,0.0,False,1.3994261450257033,-0.00021897230543811065,-0.00039514259381226614,,,0,0,,,0,,,,True,0.0031527607670439363,False,False,market-wide: use as interaction
2026-09-10,target_relative_return_5d,2023-09-01,262,day_of_week_1d,623398,1.0,0.0,False,1.3994261450257033,-0.00021897230543811065,-0.00039514259381226614,,,0,0,,,0,,,,True,0.0031527607670439363,False,False,market-wide: use as interaction
2026-09-10,target_relative_return_5d,2023-09-01,262,ABB_Lower_1d,623398,1.0,1.0,False,35.501808098033834,-0.013203637133520976,0.00039486490778820017,0.0022451776949431006,0.627709259590657,1763,2,1.0375268206053305,0.32144256417725287,33,1.9527882413373225,0.7479131566710331,0.5302757572116752,False,-0.0009348724880469841,False,False,sign flipped out of sample
2026-09-10,target_relative_return_5d,2023-09-01,262,AEMA_20_1d,623398,1.0,1.0,False,37.54491265451748,-0.013883352387413521,-0.000392028154936194,0.002002323577838888,0.5681280568268686,1763,2,0.9493311120079928,0.29205595348902397,33,1.9452712743560627,0.7702782253913307,0.5700204072988106,True,-0.0033219260510592903,False,False,inside the noise for this many tests
2026-09-10,target_relative_return_5d,2023-09-01,262,SMA_100_1d,623398,1.0,1.0,False,38.010326181813895,-0.013209425731389767,-0.00034184150734494916,0.001543819120015435,0.446259040052648,1763,2,0.9629618068363919,0.2258245438039145,33,1.9761317017876443,0.8213640772504558,0.6554649742649619,True,-0.003969574751013311,False,False,inside the noise for this many tests
2026-09-10,target_relative_return_5d,2023-09-01,262,state_LAG_20_1d,623398,1.0,1.0,False,0.3461917510278183,0.000699311531642714,0.0003309311115081122,-0.0023622113528483485,-0.5645578898524679,1763,3,-0.17275395321075884,-0.5261032388671955,4,1.0730933553423334,0.5988826879782634,0.5724463742144759,True,-0.008608428668719102,False,False,inside the noise for this many tests
2026-09-10,target_relative_return_5d,2023-09-01,262,state_fund_earnings_yield_1d,623398,1.0,0.5266176470588235,False,0.07855558358677553,0.0034943487840170696,0.00029378799897035885,-0.0007372303917145751,-0.2360436778101425,1763,2,-0.18471677826327357,-0.23402784188556253,4,1.0086136585644612,0.8149905518616779,0.8134262112254314,True,0.011475198661045039,False,False,inside the noise for this many tests
2026-09-10,target_relative_return_5d,2023-09-01,262,day_of_week_cos_1d,623398,1.0,0.0,False,0.7717180933129051,0.00020348330385124957,0.0002683652575635849,,,0,0,,,0,,,,True,-0.00423971343281011,False,False,market-wide: use as interaction
2026-09-10,target_relative_return_5d,2023-09-01,262,LAG_5_1d,623398,1.0,1.0,False,38.08967294524513,-0.014319985070599768,-0.00026249189975967833,0.0020607977718447713,0.5824632651451686,1763,2,0.9613532611884792,0.2995836563912298,33,1.9442424602246091,0.7645300865656863,0.5603292025192693,True,-0.0032864862488095983,False,False,inside the noise for this many tests
2026-09-10,target_relative_return_5d,2023-09-01,262,state_Stoch_K_1d,623398,1.0,1.0,False,0.2546647982405844,-0.005718710762461407,-0.00025216456476599643,0.00028107975731418223,0.08561648186722057,1763,2,-0.6657146254338262,0.09040019775091407,4,0.9470829046538769,0.9279794743390659,0.9317810229738906,True,-0.005573831787804513,False,False,inside the noise for this many tests
2026-09-10,target_relative_return_5d,2023-09-01,262,state_peer_breadth_1d,623398,1.0,0.9995588235294117,False,0.3453185921377025,-0.002474169519322179,-0.0002415305396271798,-0.00290634070264007,-0.7888879505219186,1762,4,-0.20636910232343342,-0.9456638865994037,8,0.8342160060259365,0.34444978109267876,0.43028368977570797,True,-0.004966493639502217,False,False,inside the noise for this many tests
2026-09-10,target_relative_return_5d,2023-09-01,262,state_macro_composite_score_1d,623398,1.0,0.9094117647058824,False,0.5446236930790851,0.00013273843660617466,0.00023575137867792696,0.0018125163633350625,0.687444424804992,1585,2,0.17268687035658256,0.7010968333772817,4,0.9805270714082046,0.48334556547143404,0.49190335086171955,True,0.006012464859629202,False,False,inside the noise for this many tests
2026-09-10,target_relative_return_5d,2023-09-01,262,state_AUTOCORR_1d,623398,1.0,1.0,False,0.08938157426907338,-0.0008564613926625559,0.00023339529716194645,0.000749350836667734,0.29386349756101393,1763,3,0.28003264634497116,0.289708051372114,4,1.0143435647342867,0.7720736824214134,0.7688968223393766,False,-0.0003140150063058925,False,False,sign flipped out of sample
2026-09-10,target_relative_return_5d,2023-09-01,262,LAG_10_1d,623398,1.0,1.0,False,38.29422613503056,-0.01399514431403483,-0.00022991348240028318,0.0018398192909142063,0.5212902460199513,1763,2,0.8123668582295267,0.26862168659051516,33,1.9406111719289523,0.7882522685195016,0.6022301045617752,True,-0.0028231818637052155,False,False,inside the noise for this many tests
2026-09-10,target_relative_return_5d,2023-09-01,262,state_day_of_week_cos_1d,623398,1.0,0.0,False,0.7587041814751282,0.00038042918081220944,0.00021432283823852959,,,0,0,,,0,,,,True,0.005291379849220102,False,False,market-wide: use as interaction
2026-09-10,target_relative_return_5d,2023-09-01,262,state_fund_days_since_report_1d,623398,1.0,0.5264705882352941,False,0.11207259279929484,0.007013444067492739,0.00020598536906761423,-7.025112698151152e-05,-0.0294107138312097,1763,2,0.9620615625638508,-0.016116610686592023,22,1.8248696579658346,0.9871431864487735,0.9765403588082413,True,0.0010825708538150236,False,False,inside the noise for this many tests
2026-09-10,target_relative_return_5d,2023-09-01,262,SMA_50_1d,623398,1.0,1.0,False,37.94535091536433,-0.013325607561062951,-0.00018952301357382954,0.002050947111272228,0.5835432525664209,1763,2,0.9867711914291405,0.2961793488097658,33,1.9702361252108336,0.7671280221708017,0.5596023344763302,True,-0.003000909187037012,False,False,inside the noise for this many tests
2026-09-10,target_relative_return_5d,2023-09-01,262,market_context_yield_curve_slope_1d,623398,1.0,0.0,False,0.9472093958632725,0.005292060453258767,0.0001636878604257054,,,0,0,,,0,,,,True,-0.006808974412522193,False,False,market-wide: use as interaction
2026-09-10,target_relative_return_5d,2023-09-01,262,state_FRED_WALCL_1d,623398,1.0,0.0,False,0.3570360137854019,0.00022421792034645424,0.00014723412279412542,,,0,0,,,0,,,,True,-0.0015430046244988217,False,False,market-wide: use as interaction
2026-09-10,target_relative_return_5d,2023-09-01,262,filing_days_since_last_1d,532115,0.853571875431105,0.9977941176470588,False,8.691521278298774,0.004952929008910259,0.0001448574943623088,0.0022715456170301217,0.8599169321664534,1763,2,-1.158071037175309,0.4773681432510404,20,1.8013705864621063,0.6331592003968514,0.3899518159686347,True,-0.0005966403787522921,False,False,inside the noise for this many tests
2026-09-10,target_relative_return_5d,2023-09-01,262,state_FRED_DEXCHUS_1d,623398,1.0,0.0,False,0.7009245594598886,0.0024457583248332702,0.00014466677952516607,,,0,0,,,0,,,,True,0.008720033283796192,False,False,market-wide: use as interaction
2026-09-10,target_relative_return_5d,2023-09-01,262,state_FRED_RSAFS_1d,623398,1.0,0.0,False,0.19995933244601413,3.908050267650028e-05,-0.0001401132382631592,,,0,0,,,0,,,,False,0.01812993832551027,False,False,market-wide: use as interaction
2026-09-10,target_relative_return_5d,2023-09-01,262,market_context_yield_curve_inverted_1d,623398,1.0,0.0,False,0.3263562418025867,0.0013394937864100837,-0.00012180522996082133,,,0,0,,,0,,,,False,-0.0006016920805658698,False,False,market-wide: use as interaction
2026-09-10,target_relative_return_5d,2023-09-01,262,state_FRED_CCSA_1d,623398,1.0,0.0,False,0.27403044048950714,0.0012745757944428449,0.00011853368024076835,,,0,0,,,0,,,,True,-0.018926828727979385,False,False,market-wide: use as interaction
2026-09-10,target_relative_return_5d,2023-09-01,262,state_FRED_T10Y3M_1d,623398,1.0,0.0,False,0.7506129452442571,-0.001487607481308602,5.708829835817148e-05,,,0,0,,,0,,,,False,0.008441124127884706,False,False,market-wide: use as interaction
2026-09-10,target_relative_return_5d,2023-09-01,262,state_fund_price_to_book_1d,623398,1.0,0.5280882352941176,False,0.0811541752190029,-0.0033995828730819327,-5.597693923498976e-05,0.001287179286616194,0.39697704311782384,1763,2,0.30841497820488734,0.38409293390935545,4,1.0335442495057954,0.7009559135741905,0.691432466776739,True,-0.005792215509387068,False,False,inside the noise for this many tests
2026-09-10,target_relative_return_5d,2023-09-01,262,state_CDL_BODY_RATIO_1d,623398,1.0,1.0,False,0.11686892457824065,-0.00037117447942717916,-3.075472792418559e-05,-0.001088217746206601,-0.4113295524182481,1763,2,0.45957059801179856,-0.5609938311763388,10,0.7332158208508958,0.5748730744446494,0.6808809263155047,True,-0.009971035935882635,False,False,inside the noise for this many tests
2026-09-10,target_relative_return_5d,2023-09-01,262,state_cftc_gold_ls_ratio_1d,623398,1.0,0.0,False,0.21143663297398,0.0006613532806763908,1.0298576075184696e-06,,,0,0,,,0,,,,True,-0.01877875527344125,False,False,market-wide: use as interaction
2026-09-10,target_relative_return_5d,2023-09-01,262,hash,0,0.0,0.0,False,0.0,,,,,0,0,,,0,,,,False,,False,False,absent before the seal: nothing to judge
2026-09-10,target_relative_return_5d,2023-09-01,262,hour_15m,0,0.0,0.0,False,0.0,,,,,0,0,,,0,,,,False,,False,False,absent before the seal: nothing to judge
2026-09-10,target_relative_return_5d,2023-09-01,262,day_of_week_15m,0,0.0,0.0,False,0.0,,,,,0,0,,,0,,,,False,,False,False,absent before the seal: nothing to judge
2026-09-10,target_relative_return_5d,2023-09-01,262,day_of_month_15m,0,0.0,0.0,False,0.0,,,,,0,0,,,0,,,,False,,False,False,absent before the seal: nothing to judge
2026-09-10,target_relative_return_5d,2023-09-01,262,day_of_year_15m,0,0.0,0.0,False,0.0,,,,,0,0,,,0,,,,False,,False,False,absent before the seal: nothing to judge
2026-09-10,target_relative_return_5d,2023-09-01,262,week_of_year_15m,0,0.0,0.0,False,0.0,,,,,0,0,,,0,,,,False,,False,False,absent before the seal: nothing to judge
2026-09-10,target_relative_return_5d,2023-09-01,262,month_of_year_15m,0,0.0,0.0,False,0.0,,,,,0,0,,,0,,,,False,,False,False,absent before the seal: nothing to judge
2026-09-10,target_relative_return_5d,2023-09-01,262,quarter_15m,0,0.0,0.0,False,0.0,,,,,0,0,,,0,,,,False,,False,False,absent before the seal: nothing to judge
2026-09-10,target_relative_return_5d,2023-09-01,262,market_session_15m,0,0.0,0.0,False,0.0,,,,,0,0,,,0,,,,False,,False,False,absent before the seal: nothing to judge
2026-09-10,target_relative_return_5d,2023-09-01,262,hour_sin_15m,0,0.0,0.0,False,0.0,,,,,0,0,,,0,,,,False,,False,False,absent before the seal: nothing to judge
2026-09-10,target_relative_return_5d,2023-09-01,262,hour_cos_15m,0,0.0,0.0,False,0.0,,,,,0,0,,,0,,,,False,,False,False,absent before the seal: nothing to judge
2026-09-10,target_relative_return_5d,2023-09-01,262,day_of_week_sin_15m,0,0.0,0.0,False,0.0,,,,,0,0,,,0,,,,False,,False,False,absent before the seal: nothing to judge
2026-09-10,target_relative_return_5d,2023-09-01,262,day_of_week_cos_15m,0,0.0,0.0,False,0.0,,,,,0,0,,,0,,,,False,,False,False,absent before the seal: nothing to judge
2026-09-10,target_relative_return_5d,2023-09-01,262,SMA_5_15m,0,0.0,0.0,False,0.0,,,,,0,0,,,0,,,,False,,False,False,absent before the seal: nothing to judge
2026-09-10,target_relative_return_5d,2023-09-01,262,SMA_10_15m,0,0.0,0.0,False,0.0,,,,,0,0,,,0,,,,False,,False,False,absent before the seal: nothing to judge
2026-09-10,target_relative_return_5d,2023-09-01,262,SMA_20_15m,0,0.0,0.0,False,0.0,,,,,0,0,,,0,,,,False,,False,False,absent before the seal: nothing to judge
2026-09-10,target_relative_return_5d,2023-09-01,262,SMA_50_15m,0,0.0,0.0,False,0.0,,,,,0,0,,,0,,,,False,,False,False,absent before the seal: nothing to judge
2026-09-10,target_relative_return_5d,2023-09-01,262,SMA_100_15m,0,0.0,0.0,False,0.0,,,,,0,0,,,0,,,,False,,False,False,absent before the seal: nothing to judge
2026-09-10,target_relative_return_5d,2023-09-01,262,SMA_200_15m,0,0.0,0.0,False,0.0,,,,,0,0,,,0,,,,False,,False,False,absent before the seal: nothing to judge
2026-09-10,target_relative_return_5d,2023-09-01,262,EMA_5_15m,0,0.0,0.0,False,0.0,,,,,0,0,,,0,,,,False,,False,False,absent before the seal: nothing to judge
2026-09-10,target_relative_return_5d,2023-09-01,262,EMA_10_15m,0,0.0,0.0,False,0.0,,,,,0,0,,,0,,,,False,,False,False,absent before the seal: nothing to judge
2026-09-10,target_relative_return_5d,2023-09-01,262,EMA_20_15m,0,0.0,0.0,False,0.0,,,,,0,0,,,0,,,,False,,False,False,absent before the seal: nothing to judge
2026-09-10,target_relative_return_5d,2023-09-01,262,EMA_50_15m,0,0.0,0.0,False,0.0,,,,,0,0,,,0,,,,False,,False,False,absent before the seal: nothing to judge
2026-09-10,target_relative_return_5d,2023-09-01,262,EMA_100_15m,0,0.0,0.0,False,0.0,,,,,0,0,,,0,,,,False,,False,False,absent before the seal: nothing to judge
2026-09-10,target_relative_return_5d,2023-09-01,262,EMA_200_15m,0,0.0,0.0,False,0.0,,,,,0,0,,,0,,,,False,,False,False,absent before the seal: nothing to judge
2026-09-10,target_relative_return_5d,2023-09-01,262,RSI_14_15m,0,0.0,0.0,False,0.0,,,,,0,0,,,0,,,,False,,False,False,absent before the seal: nothing to judge
2026-09-10,target_relative_return_5d,2023-09-01,262,MACD_15m,0,0.0,0.0,False,0.0,,,,,0,0,,,0,,,,False,,False,False,absent before the seal: nothing to judge
2026-09-10,target_relative_return_5d,2023-09-01,262,MACD_Signal_15m,0,0.0,0.0,False,0.0,,,,,0,0,,,0,,,,False,,False,False,absent before the seal: nothing to judge
2026-09-10,target_relative_return_5d,2023-09-01,262,MACD_Histogram_15m,0,0.0,0.0,False,0.0,,,,,0,0,,,0,,,,False,,False,False,absent before the seal: nothing to judge
2026-09-10,target_relative_return_5d,2023-09-01,262,BB_Upper_15m,0,0.0,0.0,False,0.0,,,,,0,0,,,0,,,,False,,False,False,absent before the seal: nothing to judge
2026-09-10,target_relative_return_5d,2023-09-01,262,BB_Middle_15m,0,0.0,0.0,False,0.0,,,,,0,0,,,0,,,,False,,False,False,absent before the seal: nothing to judge
2026-09-10,target_relative_return_5d,2023-09-01,262,BB_Lower_15m,0,0.0,0.0,False,0.0,,,,,0,0,,,0,,,,False,,False,False,absent before the seal: nothing to judge
2026-09-10,target_relative_return_5d,2023-09-01,262,ATR_14_15m,0,0.0,0.0,False,0.0,,,,,0,0,,,0,,,,False,,False,False,absent before the seal: nothing to judge
2026-09-10,target_relative_return_5d,2023-09-01,262,Stoch_K_15m,0,0.0,0.0,False,0.0,,,,,0,0,,,0,,,,False,,False,False,absent before the seal: nothing to judge
2026-09-10,target_relative_return_5d,2023-09-01,262,Stoch_D_15m,0,0.0,0.0,False,0.0,,,,,0,0,,,0,,,,False,,False,False,absent before the seal: nothing to judge
2026-09-10,target_relative_return_5d,2023-09-01,262,Williams_R_15m,0,0.0,0.0,False,0.0,,,,,0,0,,,0,,,,False,,False,False,absent before the seal: nothing to judge
2026-09-10,target_relative_return_5d,2023-09-01,262,CCI_15m,0,0.0,0.0,False,0.0,,,,,0,0,,,0,,,,False,,False,False,absent before the seal: nothing to judge
2026-09-10,target_relative_return_5d,2023-09-01,262,VOLATILITY_5_15m,0,0.0,0.0,False,0.0,,,,,0,0,,,0,,,,False,,False,False,absent before the seal: nothing to judge
2026-09-10,target_relative_return_5d,2023-09-01,262,MOMENTUM_ZSCORE_15m,0,0.0,0.0,False,0.0,,,,,0,0,,,0,,,,False,,False,False,absent before the seal: nothing to judge
2026-09-10,target_relative_return_5d,2023-09-01,262,RSI_VELOCITY_15m,0,0.0,0.0,False,0.0,,,,,0,0,,,0,,,,False,,False,False,absent before the seal: nothing to judge
2026-09-10,target_relative_return_5d,2023-09-01,262,VOLATILITY_20_15m,0,0.0,0.0,False,0.0,,,,,0,0,,,0,,,,False,,False,False,absent before the seal: nothing to judge
2026-09-10,target_relative_return_5d,2023-09-01,262,VOLATILITY_50_15m,0,0.0,0.0,False,0.0,,,,,0,0,,,0,,,,False,,False,False,absent before the seal: nothing to judge
2026-09-10,target_relative_return_5d,2023-09-01,262,MAX_DRAWDOWN_15m,0,0.0,0.0,False,0.0,,,,,0,0,,,0,,,,False,,False,False,absent before the seal: nothing to judge
2026-09-10,target_relative_return_5d,2023-09-01,262,CURRENT_DRAWDOWN_15m,0,0.0,0.0,False,0.0,,,,,0,0,,,0,,,,False,,False,False,absent before the seal: nothing to judge
2026-09-10,target_relative_return_5d,2023-09-01,262,SHARPE_RATIO_15m,0,0.0,0.0,False,0.0,,,,,0,0,,,0,,,,False,,False,False,absent before the seal: nothing to judge
2026-09-10,target_relative_return_5d,2023-09-01,262,SORTINO_RATIO_15m,0,0.0,0.0,False,0.0,,,,,0,0,,,0,,,,False,,False,False,absent before the seal: nothing to judge
2026-09-10,target_relative_return_5d,2023-09-01,262,AUTOCORR_15m,0,0.0,0.0,False,0.0,,,,,0,0,,,0,,,,False,,False,False,absent before the seal: nothing to judge
2026-09-10,target_relative_return_5d,2023-09-01,262,HURST_EXPONENT_15m,0,0.0,0.0,False,0.0,,,,,0,0,,,0,,,,False,,False,False,absent before the seal: nothing to judge
2026-09-10,target_relative_return_5d,2023-09-01,262,SKEWNESS_15m,0,0.0,0.0,False,0.0,,,,,0,0,,,0,,,,False,,False,False,absent before the seal: nothing to judge
2026-09-10,target_relative_return_5d,2023-09-01,262,KURTOSIS_15m,0,0.0,0.0,False,0.0,,,,,0,0,,,0,,,,False,,False,False,absent before the seal: nothing to judge
2026-09-10,target_relative_return_5d,2023-09-01,262,MARKET_PREMIUM_15m,0,0.0,0.0,False,0.0,,,,,0,0,,,0,,,,False,,False,False,absent before the seal: nothing to judge
2026-09-10,target_relative_return_5d,2023-09-01,262,ARSI_14_15m,0,0.0,0.0,False,0.0,,,,,0,0,,,0,,,,False,,False,False,absent before the seal: nothing to judge
2026-09-10,target_relative_return_5d,2023-09-01,262,AATR_14_15m,0,0.0,0.0,False,0.0,,,,,0,0,,,0,,,,False,,False,False,absent before the seal: nothing to judge
2026-09-10,target_relative_return_5d,2023-09-01,262,ABB_Upper_15m,0,0.0,0.0,False,0.0,,,,,0,0,,,0,,,,False,,False,False,absent before the seal: nothing to judge
2026-09-10,target_relative_return_5d,2023-09-01,262,ABB_Mid_15m,0,0.0,0.0,False,0.0,,,,,0,0,,,0,,,,False,,False,False,absent before the seal: nothing to judge
2026-09-10,target_relative_return_5d,2023-09-01,262,ABB_Lower_15m,0,0.0,0.0,False,0.0,,,,,0,0,,,0,,,,False,,False,False,absent before the seal: nothing to judge
2026-09-10,target_relative_return_5d,2023-09-01,262,AEMA_20_15m,0,0.0,0.0,False,0.0,,,,,0,0,,,0,,,,False,,False,False,absent before the seal: nothing to judge
2026-09-10,target_relative_return_5d,2023-09-01,262,CDL_BODY_RATIO_15m,0,0.0,0.0,False,0.0,,,,,0,0,,,0,,,,False,,False,False,absent before the seal: nothing to judge
2026-09-10,target_relative_return_5d,2023-09-01,262,CDL_UPPER_WICK_RATIO_15m,0,0.0,0.0,False,0.0,,,,,0,0,,,0,,,,False,,False,False,absent before the seal: nothing to judge
2026-09-10,target_relative_return_5d,2023-09-01,262,CDL_LOWER_WICK_RATIO_15m,0,0.0,0.0,False,0.0,,,,,0,0,,,0,,,,False,,False,False,absent before the seal: nothing to judge
2026-09-10,target_relative_return_5d,2023-09-01,262,CDL_DOJI_15m,0,0.0,0.0,False,0.0,,,,,0,0,,,0,,,,False,,False,False,absent before the seal: nothing to judge
2026-09-10,target_relative_return_5d,2023-09-01,262,CDL_HAMMER_15m,0,0.0,0.0,False,0.0,,,,,0,0,,,0,,,,False,,False,False,absent before the seal: nothing to judge
2026-09-10,target_relative_return_5d,2023-09-01,262,CDL_SHOOTING_STAR_15m,0,0.0,0.0,False,0.0,,,,,0,0,,,0,,,,False,,False,False,absent before the seal: nothing to judge
2026-09-10,target_relative_return_5d,2023-09-01,262,CDL_MARUBOZU_15m,0,0.0,0.0,False,0.0,,,,,0,0,,,0,,,,False,,False,False,absent before the seal: nothing to judge
2026-09-10,target_relative_return_5d,2023-09-01,262,CDL_ENGULFING_BULL_15m,0,0.0,0.0,False,0.0,,,,,0,0,,,0,,,,False,,False,False,absent before the seal: nothing to judge
2026-09-10,target_relative_return_5d,2023-09-01,262,CDL_ENGULFING_BEAR_15m,0,0.0,0.0,False,0.0,,,,,0,0,,,0,,,,False,,False,False,absent before the seal: nothing to judge
2026-09-10,target_relative_return_5d,2023-09-01,262,CDL_INSIDE_BAR_15m,0,0.0,0.0,False,0.0,,,,,0,0,,,0,,,,False,,False,False,absent before the seal: nothing to judge
2026-09-10,target_relative_return_5d,2023-09-01,262,CDL_OUTSIDE_BAR_15m,0,0.0,0.0,False,0.0,,,,,0,0,,,0,,,,False,,False,False,absent before the seal: nothing to judge
2026-09-10,target_relative_return_5d,2023-09-01,262,LEVEL_POSITION_20_15m,0,0.0,0.0,False,0.0,,,,,0,0,,,0,,,,False,,False,False,absent before the seal: nothing to judge
2026-09-10,target_relative_return_5d,2023-09-01,262,LEVEL_DIST_RESISTANCE_20_15m,0,0.0,0.0,False,0.0,,,,,0,0,,,0,,,,False,,False,False,absent before the seal: nothing to judge
2026-09-10,target_relative_return_5d,2023-09-01,262,LEVEL_DIST_SUPPORT_20_15m,0,0.0,0.0,False,0.0,,,,,0,0,,,0,,,,False,,False,False,absent before the seal: nothing to judge
2026-09-10,target_relative_return_5d,2023-09-01,262,LEVEL_BREAKOUT_UP_20_15m,0,0.0,0.0,False,0.0,,,,,0,0,,,0,,,,False,,False,False,absent before the seal: nothing to judge
2026-09-10,target_relative_return_5d,2023-09-01,262,LEVEL_BREAKOUT_DOWN_20_15m,0,0.0,0.0,False,0.0,,,,,0,0,,,0,,,,False,,False,False,absent before the seal: nothing to judge
2026-09-10,target_relative_return_5d,2023-09-01,262,returns_15m,0,0.0,0.0,False,0.0,,,,,0,0,,,0,,,,False,,False,False,absent before the seal: nothing to judge
2026-09-10,target_relative_return_5d,2023-09-01,262,LAG_1_15m,0,0.0,0.0,False,0.0,,,,,0,0,,,0,,,,False,,False,False,absent before the seal: nothing to judge
2026-09-10,target_relative_return_5d,2023-09-01,262,LAG_5_15m,0,0.0,0.0,False,0.0,,,,,0,0,,,0,,,,False,,False,False,absent before the seal: nothing to judge
2026-09-10,target_relative_return_5d,2023-09-01,262,LAG_10_15m,0,0.0,0.0,False,0.0,,,,,0,0,,,0,,,,False,,False,False,absent before the seal: nothing to judge
2026-09-10,target_relative_return_5d,2023-09-01,262,LAG_20_15m,0,0.0,0.0,False,0.0,,,,,0,0,,,0,,,,False,,False,False,absent before the seal: nothing to judge
2026-09-10,target_relative_return_5d,2023-09-01,262,VELOCITY_1_15m,0,0.0,0.0,False,0.0,,,,,0,0,,,0,,,,False,,False,False,absent before the seal: nothing to judge
2026-09-10,target_relative_return_5d,2023-09-01,262,VELOCITY_5_15m,0,0.0,0.0,False,0.0,,,,,0,0,,,0,,,,False,,False,False,absent before the seal: nothing to judge
2026-09-10,target_relative_return_5d,2023-09-01,262,VELOCITY_10_15m,0,0.0,0.0,False,0.0,,,,,0,0,,,0,,,,False,,False,False,absent before the seal: nothing to judge
2026-09-10,target_relative_return_5d,2023-09-01,262,ACCELERATION_5_15m,0,0.0,0.0,False,0.0,,,,,0,0,,,0,,,,False,,False,False,absent before the seal: nothing to judge
2026-09-10,target_relative_return_5d,2023-09-01,262,ACCELERATION_10_15m,0,0.0,0.0,False,0.0,,,,,0,0,,,0,,,,False,,False,False,absent before the seal: nothing to judge
2026-09-10,target_relative_return_5d,2023-09-01,262,ROLLING_SKEW_10_15m,0,0.0,0.0,False,0.0,,,,,0,0,,,0,,,,False,,False,False,absent before the seal: nothing to judge
2026-09-10,target_relative_return_5d,2023-09-01,262,ROLLING_SKEW_20_15m,0,0.0,0.0,False,0.0,,,,,0,0,,,0,,,,False,,False,False,absent before the seal: nothing to judge
2026-09-10,target_relative_return_5d,2023-09-01,262,ROLLING_KURT_10_15m,0,0.0,0.0,False,0.0,,,,,0,0,,,0,,,,False,,False,False,absent before the seal: nothing to judge
2026-09-10,target_relative_return_5d,2023-09-01,262,ROLLING_KURT_20_15m,0,0.0,0.0,False,0.0,,,,,0,0,,,0,,,,False,,False,False,absent before the seal: nothing to judge
2026-09-10,target_relative_return_5d,2023-09-01,262,ROLLING_VOL_10_15m,0,0.0,0.0,False,0.0,,,,,0,0,,,0,,,,False,,False,False,absent before the seal: nothing to judge
2026-09-10,target_relative_return_5d,2023-09-01,262,ROLLING_VOL_20_15m,0,0.0,0.0,False,0.0,,,,,0,0,,,0,,,,False,,False,False,absent before the seal: nothing to judge
2026-09-10,target_relative_return_5d,2023-09-01,262,volume_sma_5_15m,0,0.0,0.0,False,0.0,,,,,0,0,,,0,,,,False,,False,False,absent before the seal: nothing to judge
2026-09-10,target_relative_return_5d,2023-09-01,262,volume_sma_10_15m,0,0.0,0.0,False,0.0,,,,,0,0,,,0,,,,False,,False,False,absent before the seal: nothing to judge
2026-09-10,target_relative_return_5d,2023-09-01,262,volume_roc_15m,0,0.0,0.0,False,0.0,,,,,0,0,,,0,,,,False,,False,False,absent before the seal: nothing to judge
2026-09-10,target_relative_return_5d,2023-09-01,262,price_volume_trend_15m,0,0.0,0.0,False,0.0,,,,,0,0,,,0,,,,False,,False,False,absent before the seal: nothing to judge
2026-09-10,target_relative_return_5d,2023-09-01,262,obv_15m,0,0.0,0.0,False,0.0,,,,,0,0,,,0,,,,False,,False,False,absent before the seal: nothing to judge
2026-09-10,target_relative_return_5d,2023-09-01,262,volume_rs_15m,0,0.0,0.0,False,0.0,,,,,0,0,,,0,,,,False,,False,False,absent before the seal: nothing to judge
2026-09-10,target_relative_return_5d,2023-09-01,262,peer_return_15m,0,0.0,0.0,False,0.0,,,,,0,0,,,0,,,,False,,False,False,absent before the seal: nothing to judge
2026-09-10,target_relative_return_5d,2023-09-01,262,peer_volatility_15m,0,0.0,0.0,False,0.0,,,,,0,0,,,0,,,,False,,False,False,absent before the seal: nothing to judge
2026-09-10,target_relative_return_5d,2023-09-01,262,peer_breadth_15m,0,0.0,0.0,False,0.0,,,,,0,0,,,0,,,,False,,False,False,absent before the seal: nothing to judge
2026-09-10,target_relative_return_5d,2023-09-01,262,peer_divergence_15m,0,0.0,0.0,False,0.0,,,,,0,0,,,0,,,,False,,False,False,absent before the seal: nothing to judge
2026-09-10,target_relative_return_5d,2023-09-01,262,peer_count_15m,0,0.0,0.0,False,0.0,,,,,0,0,,,0,,,,False,,False,False,absent before the seal: nothing to judge
2026-09-10,target_relative_return_5d,2023-09-01,262,market_return_15m,0,0.0,0.0,False,0.0,,,,,0,0,,,0,,,,False,,False,False,absent before the seal: nothing to judge
2026-09-10,target_relative_return_5d,2023-09-01,262,market_breadth_15m,0,0.0,0.0,False,0.0,,,,,0,0,,,0,,,,False,,False,False,absent before the seal: nothing to judge
2026-09-10,target_relative_return_5d,2023-09-01,262,peer_return_excess_15m,0,0.0,0.0,False,0.0,,,,,0,0,,,0,,,,False,,False,False,absent before the seal: nothing to judge
2026-09-10,target_relative_return_5d,2023-09-01,262,peer_breadth_excess_15m,0,0.0,0.0,False,0.0,,,,,0,0,,,0,,,,False,,False,False,absent before the seal: nothing to judge
2026-09-10,target_relative_return_5d,2023-09-01,262,FRED_BAMLC0A0CM_15m,0,0.0,0.0,False,0.0,,,,,0,0,,,0,,,,False,,False,False,absent before the seal: nothing to judge
2026-09-10,target_relative_return_5d,2023-09-01,262,FRED_BAMLH0A0HYM2_15m,0,0.0,0.0,False,0.0,,,,,0,0,,,0,,,,False,,False,False,absent before the seal: nothing to judge
2026-09-10,target_relative_return_5d,2023-09-01,262,FRED_CAPUTLB50001SQ_15m,0,0.0,0.0,False,0.0,,,,,0,0,,,0,,,,False,,False,False,absent before the seal: nothing to judge
2026-09-10,target_relative_return_5d,2023-09-01,262,FRED_CCSA_15m,0,0.0,0.0,False,0.0,,,,,0,0,,,0,,,,False,,False,False,absent before the seal: nothing to judge
2026-09-10,target_relative_return_5d,2023-09-01,262,FRED_CPIAUCSL_15m,0,0.0,0.0,False,0.0,,,,,0,0,,,0,,,,False,,False,False,absent before the seal: nothing to judge
2026-09-10,target_relative_return_5d,2023-09-01,262,FRED_CSUSHPINSA_15m,0,0.0,0.0,False,0.0,,,,,0,0,,,0,,,,False,,False,False,absent before the seal: nothing to judge
2026-09-10,target_relative_return_5d,2023-09-01,262,FRED_DCOILWTICO_15m,0,0.0,0.0,False,0.0,,,,,0,0,,,0,,,,False,,False,False,absent before the seal: nothing to judge
2026-09-10,target_relative_return_5d,2023-09-01,262,FRED_DEXCHUS_15m,0,0.0,0.0,False,0.0,,,,,0,0,,,0,,,,False,,False,False,absent before the seal: nothing to judge
2026-09-10,target_relative_return_5d,2023-09-01,262,FRED_DEXUSEU_15m,0,0.0,0.0,False,0.0,,,,,0,0,,,0,,,,False,,False,False,absent before the seal: nothing to judge
2026-09-10,target_relative_return_5d,2023-09-01,262,FRED_DGORDER_15m,0,0.0,0.0,False,0.0,,,,,0,0,,,0,,,,False,,False,False,absent before the seal: nothing to judge
2026-09-10,target_relative_return_5d,2023-09-01,262,FRED_DGS10_15m,0,0.0,0.0,False,0.0,,,,,0,0,,,0,,,,False,,False,False,absent before the seal: nothing to judge
2026-09-10,target_relative_return_5d,2023-09-01,262,FRED_DSPIC96_15m,0,0.0,0.0,False,0.0,,,,,0,0,,,0,,,,False,,False,False,absent before the seal: nothing to judge
2026-09-10,target_relative_return_5d,2023-09-01,262,FRED_FEDFUNDS_15m,0,0.0,0.0,False,0.0,,,,,0,0,,,0,,,,False,,False,False,absent before the seal: nothing to judge
2026-09-10,target_relative_return_5d,2023-09-01,262,FRED_GDP_15m,0,0.0,0.0,False,0.0,,,,,0,0,,,0,,,,False,,False,False,absent before the seal: nothing to judge
2026-09-10,target_relative_return_5d,2023-09-01,262,FRED_GS10_15m,0,0.0,0.0,False,0.0,,,,,0,0,,,0,,,,False,,False,False,absent before the seal: nothing to judge
2026-09-10,target_relative_return_5d,2023-09-01,262,FRED_GS2_15m,0,0.0,0.0,False,0.0,,,,,0,0,,,0,,,,False,,False,False,absent before the seal: nothing to judge
2026-09-10,target_relative_return_5d,2023-09-01,262,FRED_HOUST_15m,0,0.0,0.0,False,0.0,,,,,0,0,,,0,,,,False,,False,False,absent before the seal: nothing to judge
2026-09-10,target_relative_return_5d,2023-09-01,262,FRED_ICSA_15m,0,0.0,0.0,False,0.0,,,,,0,0,,,0,,,,False,,False,False,absent before the seal: nothing to judge
2026-09-10,target_relative_return_5d,2023-09-01,262,FRED_INDPRO_15m,0,0.0,0.0,False,0.0,,,,,0,0,,,0,,,,False,,False,False,absent before the seal: nothing to judge
2026-09-10,target_relative_return_5d,2023-09-01,262,FRED_MANEMP_15m,0,0.0,0.0,False,0.0,,,,,0,0,,,0,,,,False,,False,False,absent before the seal: nothing to judge
2026-09-10,target_relative_return_5d,2023-09-01,262,FRED_NFCI_15m,0,0.0,0.0,False,0.0,,,,,0,0,,,0,,,,False,,False,False,absent before the seal: nothing to judge
2026-09-10,target_relative_return_5d,2023-09-01,262,FRED_PAYEMS_15m,0,0.0,0.0,False,0.0,,,,,0,0,,,0,,,,False,,False,False,absent before the seal: nothing to judge
2026-09-10,target_relative_return_5d,2023-09-01,262,FRED_PCEPI_15m,0,0.0,0.0,False,0.0,,,,,0,0,,,0,,,,False,,False,False,absent before the seal: nothing to judge
2026-09-10,target_relative_return_5d,2023-09-01,262,FRED_PCEPILFE_15m,0,0.0,0.0,False,0.0,,,,,0,0,,,0,,,,False,,False,False,absent before the seal: nothing to judge
2026-09-10,target_relative_return_5d,2023-09-01,262,FRED_PCU334413334413_15m,0,0.0,0.0,False,0.0,,,,,0,0,,,0,,,,False,,False,False,absent before the seal: nothing to judge
2026-09-10,target_relative_return_5d,2023-09-01,262,FRED_PERMIT_15m,0,0.0,0.0,False,0.0,,,,,0,0,,,0,,,,False,,False,False,absent before the seal: nothing to judge
2026-09-10,target_relative_return_5d,2023-09-01,262,FRED_PPIACO_15m,0,0.0,0.0,False,0.0,,,,,0,0,,,0,,,,False,,False,False,absent before the seal: nothing to judge
2026-09-10,target_relative_return_5d,2023-09-01,262,FRED_RRPONTSYD_15m,0,0.0,0.0,False,0.0,,,,,0,0,,,0,,,,False,,False,False,absent before the seal: nothing to judge
2026-09-10,target_relative_return_5d,2023-09-01,262,FRED_RSAFS_15m,0,0.0,0.0,False,0.0,,,,,0,0,,,0,,,,False,,False,False,absent before the seal: nothing to judge
2026-09-10,target_relative_return_5d,2023-09-01,262,FRED_SAHMREALTIME_15m,0,0.0,0.0,False,0.0,,,,,0,0,,,0,,,,False,,False,False,absent before the seal: nothing to judge
2026-09-10,target_relative_return_5d,2023-09-01,262,FRED_T10Y2Y_15m,0,0.0,0.0,False,0.0,,,,,0,0,,,0,,,,False,,False,False,absent before the seal: nothing to judge
2026-09-10,target_relative_return_5d,2023-09-01,262,FRED_T10Y3M_15m,0,0.0,0.0,False,0.0,,,,,0,0,,,0,,,,False,,False,False,absent before the seal: nothing to judge
2026-09-10,target_relative_return_5d,2023-09-01,262,FRED_T10YIE_15m,0,0.0,0.0,False,0.0,,,,,0,0,,,0,,,,False,,False,False,absent before the seal: nothing to judge
2026-09-10,target_relative_return_5d,2023-09-01,262,FRED_T5YIE_15m,0,0.0,0.0,False,0.0,,,,,0,0,,,0,,,,False,,False,False,absent before the seal: nothing to judge
2026-09-10,target_relative_return_5d,2023-09-01,262,FRED_T5YIFR_15m,0,0.0,0.0,False,0.0,,,,,0,0,,,0,,,,False,,False,False,absent before the seal: nothing to judge
2026-09-10,target_relative_return_5d,2023-09-01,262,FRED_TOTALSA_15m,0,0.0,0.0,False,0.0,,,,,0,0,,,0,,,,False,,False,False,absent before the seal: nothing to judge
2026-09-10,target_relative_return_5d,2023-09-01,262,FRED_UMCSENT_15m,0,0.0,0.0,False,0.0,,,,,0,0,,,0,,,,False,,False,False,absent before the seal: nothing to judge
2026-09-10,target_relative_return_5d,2023-09-01,262,FRED_UNRATE_15m,0,0.0,0.0,False,0.0,,,,,0,0,,,0,,,,False,,False,False,absent before the seal: nothing to judge
2026-09-10,target_relative_return_5d,2023-09-01,262,FRED_VIXCLS_15m,0,0.0,0.0,False,0.0,,,,,0,0,,,0,,,,False,,False,False,absent before the seal: nothing to judge
2026-09-10,target_relative_return_5d,2023-09-01,262,FRED_WALCL_15m,0,0.0,0.0,False,0.0,,,,,0,0,,,0,,,,False,,False,False,absent before the seal: nothing to judge
2026-09-10,target_relative_return_5d,2023-09-01,262,FRED_WPU01_15m,0,0.0,0.0,False,0.0,,,,,0,0,,,0,,,,False,,False,False,absent before the seal: nothing to judge
2026-09-10,target_relative_return_5d,2023-09-01,262,FRED_WPU055_15m,0,0.0,0.0,False,0.0,,,,,0,0,,,0,,,,False,,False,False,absent before the seal: nothing to judge
2026-09-10,target_relative_return_5d,2023-09-01,262,FRED_WPU0561_15m,0,0.0,0.0,False,0.0,,,,,0,0,,,0,,,,False,,False,False,absent before the seal: nothing to judge
2026-09-10,target_relative_return_5d,2023-09-01,262,FRED_WPU101_15m,0,0.0,0.0,False,0.0,,,,,0,0,,,0,,,,False,,False,False,absent before the seal: nothing to judge
2026-09-10,target_relative_return_5d,2023-09-01,262,FRED_WTREGEN_15m,0,0.0,0.0,False,0.0,,,,,0,0,,,0,,,,False,,False,False,absent before the seal: nothing to judge
2026-09-10,target_relative_return_5d,2023-09-01,262,fear_greed_index_15m,0,0.0,0.0,False,0.0,,,,,0,0,,,0,,,,False,,False,False,absent before the seal: nothing to judge
2026-09-10,target_relative_return_5d,2023-09-01,262,fear_greed_available_15m,0,0.0,0.0,False,0.0,,,,,0,0,,,0,,,,False,,False,False,absent before the seal: nothing to judge
2026-09-10,target_relative_return_5d,2023-09-01,262,cftc_sp500_net_pct_15m,0,0.0,0.0,False,0.0,,,,,0,0,,,0,,,,False,,False,False,absent before the seal: nothing to judge
2026-09-10,target_relative_return_5d,2023-09-01,262,cftc_sp500_ls_ratio_15m,0,0.0,0.0,False,0.0,,,,,0,0,,,0,,,,False,,False,False,absent before the seal: nothing to judge
2026-09-10,target_relative_return_5d,2023-09-01,262,cftc_nasdaq_net_pct_15m,0,0.0,0.0,False,0.0,,,,,0,0,,,0,,,,False,,False,False,absent before the seal: nothing to judge
2026-09-10,target_relative_return_5d,2023-09-01,262,cftc_nasdaq_ls_ratio_15m,0,0.0,0.0,False,0.0,,,,,0,0,,,0,,,,False,,False,False,absent before the seal: nothing to judge
2026-09-10,target_relative_return_5d,2023-09-01,262,cftc_dow_net_pct_15m,0,0.0,0.0,False,0.0,,,,,0,0,,,0,,,,False,,False,False,absent before the seal: nothing to judge
2026-09-10,target_relative_return_5d,2023-09-01,262,cftc_dow_ls_ratio_15m,0,0.0,0.0,False,0.0,,,,,0,0,,,0,,,,False,,False,False,absent before the seal: nothing to judge
2026-09-10,target_relative_return_5d,2023-09-01,262,cftc_gold_net_pct_15m,0,0.0,0.0,False,0.0,,,,,0,0,,,0,,,,False,,False,False,absent before the seal: nothing to judge
2026-09-10,target_relative_return_5d,2023-09-01,262,cftc_gold_ls_ratio_15m,0,0.0,0.0,False,0.0,,,,,0,0,,,0,,,,False,,False,False,absent before the seal: nothing to judge
2026-09-10,target_relative_return_5d,2023-09-01,262,cftc_crude_net_pct_15m,0,0.0,0.0,False,0.0,,,,,0,0,,,0,,,,False,,False,False,absent before the seal: nothing to judge
2026-09-10,target_relative_return_5d,2023-09-01,262,cftc_crude_ls_ratio_15m,0,0.0,0.0,False,0.0,,,,,0,0,,,0,,,,False,,False,False,absent before the seal: nothing to judge
2026-09-10,target_relative_return_5d,2023-09-01,262,cftc_available_15m,0,0.0,0.0,False,0.0,,,,,0,0,,,0,,,,False,,False,False,absent before the seal: nothing to judge
2026-09-10,target_relative_return_5d,2023-09-01,262,filing_days_since_last_15m,0,0.0,0.0,False,0.0,,,,,0,0,,,0,,,,False,,False,False,absent before the seal: nothing to judge
2026-09-10,target_relative_return_5d,2023-09-01,262,filing_count_30d_15m,0,0.0,0.0,False,0.0,,,,,0,0,,,0,,,,False,,False,False,absent before the seal: nothing to judge
2026-09-10,target_relative_return_5d,2023-09-01,262,filing_material_30d_15m,0,0.0,0.0,False,0.0,,,,,0,0,,,0,,,,False,,False,False,absent before the seal: nothing to judge
2026-09-10,target_relative_return_5d,2023-09-01,262,filing_periodic_30d_15m,0,0.0,0.0,False,0.0,,,,,0,0,,,0,,,,False,,False,False,absent before the seal: nothing to judge
2026-09-10,target_relative_return_5d,2023-09-01,262,filing_data_available_15m,0,0.0,0.0,False,0.0,,,,,0,0,,,0,,,,False,,False,False,absent before the seal: nothing to judge
2026-09-10,target_relative_return_5d,2023-09-01,262,nlp_sentiment_score_15m,0,0.0,0.0,False,0.0,,,,,0,0,,,0,,,,False,,False,False,absent before the seal: nothing to judge
2026-09-10,target_relative_return_5d,2023-09-01,262,nlp_subjectivity_score_15m,0,0.0,0.0,False,0.0,,,,,0,0,,,0,,,,False,,False,False,absent before the seal: nothing to judge
2026-09-10,target_relative_return_5d,2023-09-01,262,nlp_cluster_15m,0,0.0,0.0,False,0.0,,,,,0,0,,,0,,,,False,,False,False,absent before the seal: nothing to judge
2026-09-10,target_relative_return_5d,2023-09-01,262,volatility_5_15m,0,0.0,0.0,False,0.0,,,,,0,0,,,0,,,,False,,False,False,absent before the seal: nothing to judge
2026-09-10,target_relative_return_5d,2023-09-01,262,volatility_10_15m,0,0.0,0.0,False,0.0,,,,,0,0,,,0,,,,False,,False,False,absent before the seal: nothing to judge
2026-09-10,target_relative_return_5d,2023-09-01,262,volatility_20_15m,0,0.0,0.0,False,0.0,,,,,0,0,,,0,,,,False,,False,False,absent before the seal: nothing to judge
2026-09-10,target_relative_return_5d,2023-09-01,262,atr_14_15m,0,0.0,0.0,False,0.0,,,,,0,0,,,0,,,,False,,False,False,absent before the seal: nothing to judge
2026-09-10,target_relative_return_5d,2023-09-01,262,gk_volatility_15m,0,0.0,0.0,False,0.0,,,,,0,0,,,0,,,,False,,False,False,absent before the seal: nothing to judge
2026-09-10,target_relative_return_5d,2023-09-01,262,volatility_regime_15m,0,0.0,0.0,False,0.0,,,,,0,0,,,0,,,,False,,False,False,absent before the seal: nothing to judge
2026-09-10,target_relative_return_5d,2023-09-01,262,fund_price_to_book_15m,0,0.0,0.0,False,0.0,,,,,0,0,,,0,,,,False,,False,False,absent before the seal: nothing to judge
2026-09-10,target_relative_return_5d,2023-09-01,262,fund_earnings_yield_15m,0,0.0,0.0,False,0.0,,,,,0,0,,,0,,,,False,,False,False,absent before the seal: nothing to judge
2026-09-10,target_relative_return_5d,2023-09-01,262,fund_current_ratio_15m,0,0.0,0.0,False,0.0,,,,,0,0,,,0,,,,False,,False,False,absent before the seal: nothing to judge
2026-09-10,target_relative_return_5d,2023-09-01,262,fund_debt_to_equity_15m,0,0.0,0.0,False,0.0,,,,,0,0,,,0,,,,False,,False,False,absent before the seal: nothing to judge
2026-09-10,target_relative_return_5d,2023-09-01,262,fund_return_on_equity_15m,0,0.0,0.0,False,0.0,,,,,0,0,,,0,,,,False,,False,False,absent before the seal: nothing to judge
2026-09-10,target_relative_return_5d,2023-09-01,262,fund_days_since_report_15m,0,0.0,0.0,False,0.0,,,,,0,0,,,0,,,,False,,False,False,absent before the seal: nothing to judge
2026-09-10,target_relative_return_5d,2023-09-01,262,fund_data_available_15m,0,0.0,0.0,False,0.0,,,,,0,0,,,0,,,,False,,False,False,absent before the seal: nothing to judge
2026-09-10,target_relative_return_5d,2023-09-01,262,wiki_views_15m,0,0.0,0.0,False,0.0,,,,,0,0,,,0,,,,False,,False,False,absent before the seal: nothing to judge
2026-09-10,target_relative_return_5d,2023-09-01,262,wiki_attention_z_15m,0,0.0,0.0,False,0.0,,,,,0,0,,,0,,,,False,,False,False,absent before the seal: nothing to judge
2026-09-10,target_relative_return_5d,2023-09-01,262,wiki_attention_available_15m,0,0.0,0.0,False,0.0,,,,,0,0,,,0,,,,False,,False,False,absent before the seal: nothing to judge
2026-09-10,target_relative_return_5d,2023-09-01,262,insider_net_value_30d_15m,0,0.0,0.0,False,0.0,,,,,0,0,,,0,,,,False,,False,False,absent before the seal: nothing to judge
2026-09-10,target_relative_return_5d,2023-09-01,262,insider_available_15m,0,0.0,0.0,False,0.0,,,,,0,0,,,0,,,,False,,False,False,absent before the seal: nothing to judge
2026-09-10,target_relative_return_5d,2023-09-01,262,keyword_count_15m,0,0.0,0.0,False,0.0,,,,,0,0,,,0,,,,False,,False,False,absent before the seal: nothing to judge
2026-09-10,target_relative_return_5d,2023-09-01,262,entity_count_15m,0,0.0,0.0,False,0.0,,,,,0,0,,,0,,,,False,,False,False,absent before the seal: nothing to judge
2026-09-10,target_relative_return_5d,2023-09-01,262,keyword_entity_available_15m,0,0.0,0.0,False,0.0,,,,,0,0,,,0,,,,False,,False,False,absent before the seal: nothing to judge
2026-09-10,target_relative_return_5d,2023-09-01,262,news_quality_score_15m,0,0.0,0.0,False,0.0,,,,,0,0,,,0,,,,False,,False,False,absent before the seal: nothing to judge
2026-09-10,target_relative_return_5d,2023-09-01,262,news_source_count_15m,0,0.0,0.0,False,0.0,,,,,0,0,,,0,,,,False,,False,False,absent before the seal: nothing to judge
2026-09-10,target_relative_return_5d,2023-09-01,262,news_quality_available_15m,0,0.0,0.0,False,0.0,,,,,0,0,,,0,,,,False,,False,False,absent before the seal: nothing to judge
2026-09-10,target_relative_return_5d,2023-09-01,262,news_freshness_hours_15m,0,0.0,0.0,False,0.0,,,,,0,0,,,0,,,,False,,False,False,absent before the seal: nothing to judge
2026-09-10,target_relative_return_5d,2023-09-01,262,news_coverage_15m,0,0.0,0.0,False,0.0,,,,,0,0,,,0,,,,False,,False,False,absent before the seal: nothing to judge
2026-09-10,target_relative_return_5d,2023-09-01,262,sentiment_available_15m,0,0.0,0.0,False,0.0,,,,,0,0,,,0,,,,False,,False,False,absent before the seal: nothing to judge
2026-09-10,target_relative_return_5d,2023-09-01,262,sentiment_sma_5_15m,0,0.0,0.0,False,0.0,,,,,0,0,,,0,,,,False,,False,False,absent before the seal: nothing to judge
2026-09-10,target_relative_return_5d,2023-09-01,262,sentiment_std_5_15m,0,0.0,0.0,False,0.0,,,,,0,0,,,0,,,,False,,False,False,absent before the seal: nothing to judge
2026-09-10,target_relative_return_5d,2023-09-01,262,sentiment_sma_20_15m,0,0.0,0.0,False,0.0,,,,,0,0,,,0,,,,False,,False,False,absent before the seal: nothing to judge
2026-09-10,target_relative_return_5d,2023-09-01,262,sentiment_std_20_15m,0,0.0,0.0,False,0.0,,,,,0,0,,,0,,,,False,,False,False,absent before the seal: nothing to judge
2026-09-10,target_relative_return_5d,2023-09-01,262,sentiment_sma_50_15m,0,0.0,0.0,False,0.0,,,,,0,0,,,0,,,,False,,False,False,absent before the seal: nothing to judge
2026-09-10,target_relative_return_5d,2023-09-01,262,sentiment_std_50_15m,0,0.0,0.0,False,0.0,,,,,0,0,,,0,,,,False,,False,False,absent before the seal: nothing to judge
2026-09-10,target_relative_return_5d,2023-09-01,262,sentiment_ema_15m,0,0.0,0.0,False,0.0,,,,,0,0,,,0,,,,False,,False,False,absent before the seal: nothing to judge
2026-09-10,target_relative_return_5d,2023-09-01,262,sentiment_velocity_15m,0,0.0,0.0,False,0.0,,,,,0,0,,,0,,,,False,,False,False,absent before the seal: nothing to judge
2026-09-10,target_relative_return_5d,2023-09-01,262,news_intensity_15m,0,0.0,0.0,False,0.0,,,,,0,0,,,0,,,,False,,False,False,absent before the seal: nothing to judge
2026-09-10,target_relative_return_5d,2023-09-01,262,sentiment_decay_weighted_15m,0,0.0,0.0,False,0.0,,,,,0,0,,,0,,,,False,,False,False,absent before the seal: nothing to judge
2026-09-10,target_relative_return_5d,2023-09-01,262,news_impact_available_15m,0,0.0,0.0,False,0.0,,,,,0,0,,,0,,,,False,,False,False,absent before the seal: nothing to judge
2026-09-10,target_relative_return_5d,2023-09-01,262,news_impact_score_15m,0,0.0,0.0,False,0.0,,,,,0,0,,,0,,,,False,,False,False,absent before the seal: nothing to judge
2026-09-10,target_relative_return_5d,2023-09-01,262,news_significance_level_15m,0,0.0,0.0,False,0.0,,,,,0,0,,,0,,,,False,,False,False,absent before the seal: nothing to judge
2026-09-10,target_relative_return_5d,2023-09-01,262,hype_available_15m,0,0.0,0.0,False,0.0,,,,,0,0,,,0,,,,False,,False,False,absent before the seal: nothing to judge
2026-09-10,target_relative_return_5d,2023-09-01,262,hype_score_15m,0,0.0,0.0,False,0.0,,,,,0,0,,,0,,,,False,,False,False,absent before the seal: nothing to judge
2026-09-10,target_relative_return_5d,2023-09-01,262,is_significant_15m,0,0.0,0.0,False,0.0,,,,,0,0,,,0,,,,False,,False,False,absent before the seal: nothing to judge
2026-09-10,target_relative_return_5d,2023-09-01,262,significant_events_7d_15m,0,0.0,0.0,False,0.0,,,,,0,0,,,0,,,,False,,False,False,absent before the seal: nothing to judge
2026-09-10,target_relative_return_5d,2023-09-01,262,significant_events_30d_15m,0,0.0,0.0,False,0.0,,,,,0,0,,,0,,,,False,,False,False,absent before the seal: nothing to judge
2026-09-10,target_relative_return_5d,2023-09-01,262,days_since_last_significant_15m,0,0.0,0.0,False,0.0,,,,,0,0,,,0,,,,False,,False,False,absent before the seal: nothing to judge
2026-09-10,target_relative_return_5d,2023-09-01,262,significance_intensity_7d_15m,0,0.0,0.0,False,0.0,,,,,0,0,,,0,,,,False,,False,False,absent before the seal: nothing to judge
2026-09-10,target_relative_return_5d,2023-09-01,262,is_significant_decayed_15m,0,0.0,0.0,False,0.0,,,,,0,0,,,0,,,,False,,False,False,absent before the seal: nothing to judge
2026-09-10,target_relative_return_5d,2023-09-01,262,sentiment_mean_15m,0,0.0,0.0,False,0.0,,,,,0,0,,,0,,,,False,,False,False,absent before the seal: nothing to judge
2026-09-10,target_relative_return_5d,2023-09-01,262,sentiment_std_stat_15m,0,0.0,0.0,False,0.0,,,,,0,0,,,0,,,,False,,False,False,absent before the seal: nothing to judge
2026-09-10,target_relative_return_5d,2023-09-01,262,sentiment_pos_threshold_15m,0,0.0,0.0,False,0.0,,,,,0,0,,,0,,,,False,,False,False,absent before the seal: nothing to judge
2026-09-10,target_relative_return_5d,2023-09-01,262,sentiment_neg_threshold_15m,0,0.0,0.0,False,0.0,,,,,0,0,,,0,,,,False,,False,False,absent before the seal: nothing to judge
2026-09-10,target_relative_return_5d,2023-09-01,262,macro_composite_score_15m,0,0.0,0.0,False,0.0,,,,,0,0,,,0,,,,False,,False,False,absent before the seal: nothing to judge
2026-09-10,target_relative_return_5d,2023-09-01,262,state_open_15m,0,0.0,0.0,False,0.0,,,,,0,0,,,0,,,,False,,False,False,absent before the seal: nothing to judge
2026-09-10,target_relative_return_5d,2023-09-01,262,state_high_15m,0,0.0,0.0,False,0.0,,,,,0,0,,,0,,,,False,,False,False,absent before the seal: nothing to judge
2026-09-10,target_relative_return_5d,2023-09-01,262,state_low_15m,0,0.0,0.0,False,0.0,,,,,0,0,,,0,,,,False,,False,False,absent before the seal: nothing to judge
2026-09-10,target_relative_return_5d,2023-09-01,262,state_close_15m,0,0.0,0.0,False,0.0,,,,,0,0,,,0,,,,False,,False,False,absent before the seal: nothing to judge
2026-09-10,target_relative_return_5d,2023-09-01,262,state_volume_15m,0,0.0,0.0,False,0.0,,,,,0,0,,,0,,,,False,,False,False,absent before the seal: nothing to judge
2026-09-10,target_relative_return_5d,2023-09-01,262,state_market_session_15m,0,0.0,0.0,False,0.0,,,,,0,0,,,0,,,,False,,False,False,absent before the seal: nothing to judge
2026-09-10,target_relative_return_5d,2023-09-01,262,state_hour_sin_15m,0,0.0,0.0,False,0.0,,,,,0,0,,,0,,,,False,,False,False,absent before the seal: nothing to judge
2026-09-10,target_relative_return_5d,2023-09-01,262,state_hour_cos_15m,0,0.0,0.0,False,0.0,,,,,0,0,,,0,,,,False,,False,False,absent before the seal: nothing to judge
2026-09-10,target_relative_return_5d,2023-09-01,262,state_day_of_week_sin_15m,0,0.0,0.0,False,0.0,,,,,0,0,,,0,,,,False,,False,False,absent before the seal: nothing to judge
2026-09-10,target_relative_return_5d,2023-09-01,262,state_day_of_week_cos_15m,0,0.0,0.0,False,0.0,,,,,0,0,,,0,,,,False,,False,False,absent before the seal: nothing to judge
2026-09-10,target_relative_return_5d,2023-09-01,262,state_SMA_5_15m,0,0.0,0.0,False,0.0,,,,,0,0,,,0,,,,False,,False,False,absent before the seal: nothing to judge
2026-09-10,target_relative_return_5d,2023-09-01,262,state_SMA_10_15m,0,0.0,0.0,False,0.0,,,,,0,0,,,0,,,,False,,False,False,absent before the seal: nothing to judge
2026-09-10,target_relative_return_5d,2023-09-01,262,state_SMA_20_15m,0,0.0,0.0,False,0.0,,,,,0,0,,,0,,,,False,,False,False,absent before the seal: nothing to judge
2026-09-10,target_relative_return_5d,2023-09-01,262,state_SMA_50_15m,0,0.0,0.0,False,0.0,,,,,0,0,,,0,,,,False,,False,False,absent before the seal: nothing to judge
2026-09-10,target_relative_return_5d,2023-09-01,262,state_SMA_100_15m,0,0.0,0.0,False,0.0,,,,,0,0,,,0,,,,False,,False,False,absent before the seal: nothing to judge
2026-09-10,target_relative_return_5d,2023-09-01,262,state_SMA_200_15m,0,0.0,0.0,False,0.0,,,,,0,0,,,0,,,,False,,False,False,absent before the seal: nothing to judge
2026-09-10,target_relative_return_5d,2023-09-01,262,state_EMA_5_15m,0,0.0,0.0,False,0.0,,,,,0,0,,,0,,,,False,,False,False,absent before the seal: nothing to judge
2026-09-10,target_relative_return_5d,2023-09-01,262,state_EMA_10_15m,0,0.0,0.0,False,0.0,,,,,0,0,,,0,,,,False,,False,False,absent before the seal: nothing to judge
2026-09-10,target_relative_return_5d,2023-09-01,262,state_EMA_20_15m,0,0.0,0.0,False,0.0,,,,,0,0,,,0,,,,False,,False,False,absent before the seal: nothing to judge
2026-09-10,target_relative_return_5d,2023-09-01,262,state_EMA_50_15m,0,0.0,0.0,False,0.0,,,,,0,0,,,0,,,,False,,False,False,absent before the seal: nothing to judge
2026-09-10,target_relative_return_5d,2023-09-01,262,state_EMA_100_15m,0,0.0,0.0,False,0.0,,,,,0,0,,,0,,,,False,,False,False,absent before the seal: nothing to judge
2026-09-10,target_relative_return_5d,2023-09-01,262,state_EMA_200_15m,0,0.0,0.0,False,0.0,,,,,0,0,,,0,,,,False,,False,False,absent before the seal: nothing to judge
2026-09-10,target_relative_return_5d,2023-09-01,262,state_RSI_14_15m,0,0.0,0.0,False,0.0,,,,,0,0,,,0,,,,False,,False,False,absent before the seal: nothing to judge
2026-09-10,target_relative_return_5d,2023-09-01,262,state_MACD_15m,0,0.0,0.0,False,0.0,,,,,0,0,,,0,,,,False,,False,False,absent before the seal: nothing to judge
2026-09-10,target_relative_return_5d,2023-09-01,262,state_MACD_Signal_15m,0,0.0,0.0,False,0.0,,,,,0,0,,,0,,,,False,,False,False,absent before the seal: nothing to judge
2026-09-10,target_relative_return_5d,2023-09-01,262,state_MACD_Histogram_15m,0,0.0,0.0,False,0.0,,,,,0,0,,,0,,,,False,,False,False,absent before the seal: nothing to judge
2026-09-10,target_relative_return_5d,2023-09-01,262,state_BB_Upper_15m,0,0.0,0.0,False,0.0,,,,,0,0,,,0,,,,False,,False,False,absent before the seal: nothing to judge
2026-09-10,target_relative_return_5d,2023-09-01,262,state_BB_Middle_15m,0,0.0,0.0,False,0.0,,,,,0,0,,,0,,,,False,,False,False,absent before the seal: nothing to judge
2026-09-10,target_relative_return_5d,2023-09-01,262,state_BB_Lower_15m,0,0.0,0.0,False,0.0,,,,,0,0,,,0,,,,False,,False,False,absent before the seal: nothing to judge
2026-09-10,target_relative_return_5d,2023-09-01,262,state_ATR_14_15m,0,0.0,0.0,False,0.0,,,,,0,0,,,0,,,,False,,False,False,absent before the seal: nothing to judge
2026-09-10,target_relative_return_5d,2023-09-01,262,state_Stoch_K_15m,0,0.0,0.0,False,0.0,,,,,0,0,,,0,,,,False,,False,False,absent before the seal: nothing to judge
2026-09-10,target_relative_return_5d,2023-09-01,262,state_Stoch_D_15m,0,0.0,0.0,False,0.0,,,,,0,0,,,0,,,,False,,False,False,absent before the seal: nothing to judge
2026-09-10,target_relative_return_5d,2023-09-01,262,state_Williams_R_15m,0,0.0,0.0,False,0.0,,,,,0,0,,,0,,,,False,,False,False,absent before the seal: nothing to judge
2026-09-10,target_relative_return_5d,2023-09-01,262,state_CCI_15m,0,0.0,0.0,False,0.0,,,,,0,0,,,0,,,,False,,False,False,absent before the seal: nothing to judge
2026-09-10,target_relative_return_5d,2023-09-01,262,state_VOLATILITY_5_15m,0,0.0,0.0,False,0.0,,,,,0,0,,,0,,,,False,,False,False,absent before the seal: nothing to judge
2026-09-10,target_relative_return_5d,2023-09-01,262,state_MOMENTUM_ZSCORE_15m,0,0.0,0.0,False,0.0,,,,,0,0,,,0,,,,False,,False,False,absent before the seal: nothing to judge
2026-09-10,target_relative_return_5d,2023-09-01,262,state_RSI_VELOCITY_15m,0,0.0,0.0,False,0.0,,,,,0,0,,,0,,,,False,,False,False,absent before the seal: nothing to judge
2026-09-10,target_relative_return_5d,2023-09-01,262,state_VOLATILITY_20_15m,0,0.0,0.0,False,0.0,,,,,0,0,,,0,,,,False,,False,False,absent before the seal: nothing to judge
2026-09-10,target_relative_return_5d,2023-09-01,262,state_VOLATILITY_50_15m,0,0.0,0.0,False,0.0,,,,,0,0,,,0,,,,False,,False,False,absent before the seal: nothing to judge
2026-09-10,target_relative_return_5d,2023-09-01,262,state_MAX_DRAWDOWN_15m,0,0.0,0.0,False,0.0,,,,,0,0,,,0,,,,False,,False,False,absent before the seal: nothing to judge
2026-09-10,target_relative_return_5d,2023-09-01,262,state_CURRENT_DRAWDOWN_15m,0,0.0,0.0,False,0.0,,,,,0,0,,,0,,,,False,,False,False,absent before the seal: nothing to judge
2026-09-10,target_relative_return_5d,2023-09-01,262,state_SHARPE_RATIO_15m,0,0.0,0.0,False,0.0,,,,,0,0,,,0,,,,False,,False,False,absent before the seal: nothing to judge
2026-09-10,target_relative_return_5d,2023-09-01,262,state_SORTINO_RATIO_15m,0,0.0,0.0,False,0.0,,,,,0,0,,,0,,,,False,,False,False,absent before the seal: nothing to judge
2026-09-10,target_relative_return_5d,2023-09-01,262,state_AUTOCORR_15m,0,0.0,0.0,False,0.0,,,,,0,0,,,0,,,,False,,False,False,absent before the seal: nothing to judge
2026-09-10,target_relative_return_5d,2023-09-01,262,state_HURST_EXPONENT_15m,0,0.0,0.0,False,0.0,,,,,0,0,,,0,,,,False,,False,False,absent before the seal: nothing to judge
2026-09-10,target_relative_return_5d,2023-09-01,262,state_SKEWNESS_15m,0,0.0,0.0,False,0.0,,,,,0,0,,,0,,,,False,,False,False,absent before the seal: nothing to judge
2026-09-10,target_relative_return_5d,2023-09-01,262,state_KURTOSIS_15m,0,0.0,0.0,False,0.0,,,,,0,0,,,0,,,,False,,False,False,absent before the seal: nothing to judge
2026-09-10,target_relative_return_5d,2023-09-01,262,state_MARKET_PREMIUM_15m,0,0.0,0.0,False,0.0,,,,,0,0,,,0,,,,False,,False,False,absent before the seal: nothing to judge
2026-09-10,target_relative_return_5d,2023-09-01,262,state_ARSI_14_15m,0,0.0,0.0,False,0.0,,,,,0,0,,,0,,,,False,,False,False,absent before the seal: nothing to judge
2026-09-10,target_relative_return_5d,2023-09-01,262,state_AATR_14_15m,0,0.0,0.0,False,0.0,,,,,0,0,,,0,,,,False,,False,False,absent before the seal: nothing to judge
2026-09-10,target_relative_return_5d,2023-09-01,262,state_ABB_Upper_15m,0,0.0,0.0,False,0.0,,,,,0,0,,,0,,,,False,,False,False,absent before the seal: nothing to judge
2026-09-10,target_relative_return_5d,2023-09-01,262,state_ABB_Mid_15m,0,0.0,0.0,False,0.0,,,,,0,0,,,0,,,,False,,False,False,absent before the seal: nothing to judge
2026-09-10,target_relative_return_5d,2023-09-01,262,state_ABB_Lower_15m,0,0.0,0.0,False,0.0,,,,,0,0,,,0,,,,False,,False,False,absent before the seal: nothing to judge
2026-09-10,target_relative_return_5d,2023-09-01,262,state_AEMA_20_15m,0,0.0,0.0,False,0.0,,,,,0,0,,,0,,,,False,,False,False,absent before the seal: nothing to judge
2026-09-10,target_relative_return_5d,2023-09-01,262,state_CDL_BODY_RATIO_15m,0,0.0,0.0,False,0.0,,,,,0,0,,,0,,,,False,,False,False,absent before the seal: nothing to judge
2026-09-10,target_relative_return_5d,2023-09-01,262,state_CDL_UPPER_WICK_RATIO_15m,0,0.0,0.0,False,0.0,,,,,0,0,,,0,,,,False,,False,False,absent before the seal: nothing to judge
2026-09-10,target_relative_return_5d,2023-09-01,262,state_CDL_LOWER_WICK_RATIO_15m,0,0.0,0.0,False,0.0,,,,,0,0,,,0,,,,False,,False,False,absent before the seal: nothing to judge
2026-09-10,target_relative_return_5d,2023-09-01,262,state_CDL_DOJI_15m,0,0.0,0.0,False,0.0,,,,,0,0,,,0,,,,False,,False,False,absent before the seal: nothing to judge
2026-09-10,target_relative_return_5d,2023-09-01,262,state_CDL_HAMMER_15m,0,0.0,0.0,False,0.0,,,,,0,0,,,0,,,,False,,False,False,absent before the seal: nothing to judge
2026-09-10,target_relative_return_5d,2023-09-01,262,state_CDL_SHOOTING_STAR_15m,0,0.0,0.0,False,0.0,,,,,0,0,,,0,,,,False,,False,False,absent before the seal: nothing to judge
2026-09-10,target_relative_return_5d,2023-09-01,262,state_CDL_MARUBOZU_15m,0,0.0,0.0,False,0.0,,,,,0,0,,,0,,,,False,,False,False,absent before the seal: nothing to judge
2026-09-10,target_relative_return_5d,2023-09-01,262,state_CDL_ENGULFING_BULL_15m,0,0.0,0.0,False,0.0,,,,,0,0,,,0,,,,False,,False,False,absent before the seal: nothing to judge
2026-09-10,target_relative_return_5d,2023-09-01,262,state_CDL_ENGULFING_BEAR_15m,0,0.0,0.0,False,0.0,,,,,0,0,,,0,,,,False,,False,False,absent before the seal: nothing to judge
2026-09-10,target_relative_return_5d,2023-09-01,262,state_CDL_INSIDE_BAR_15m,0,0.0,0.0,False,0.0,,,,,0,0,,,0,,,,False,,False,False,absent before the seal: nothing to judge
2026-09-10,target_relative_return_5d,2023-09-01,262,state_CDL_OUTSIDE_BAR_15m,0,0.0,0.0,False,0.0,,,,,0,0,,,0,,,,False,,False,False,absent before the seal: nothing to judge
2026-09-10,target_relative_return_5d,2023-09-01,262,state_LEVEL_POSITION_20_15m,0,0.0,0.0,False,0.0,,,,,0,0,,,0,,,,False,,False,False,absent before the seal: nothing to judge
2026-09-10,target_relative_return_5d,2023-09-01,262,state_LEVEL_DIST_RESISTANCE_20_15m,0,0.0,0.0,False,0.0,,,,,0,0,,,0,,,,False,,False,False,absent before the seal: nothing to judge
2026-09-10,target_relative_return_5d,2023-09-01,262,state_LEVEL_DIST_SUPPORT_20_15m,0,0.0,0.0,False,0.0,,,,,0,0,,,0,,,,False,,False,False,absent before the seal: nothing to judge
2026-09-10,target_relative_return_5d,2023-09-01,262,state_LEVEL_BREAKOUT_UP_20_15m,0,0.0,0.0,False,0.0,,,,,0,0,,,0,,,,False,,False,False,absent before the seal: nothing to judge
2026-09-10,target_relative_return_5d,2023-09-01,262,state_LEVEL_BREAKOUT_DOWN_20_15m,0,0.0,0.0,False,0.0,,,,,0,0,,,0,,,,False,,False,False,absent before the seal: nothing to judge
2026-09-10,target_relative_return_5d,2023-09-01,262,state_returns_15m,0,0.0,0.0,False,0.0,,,,,0,0,,,0,,,,False,,False,False,absent before the seal: nothing to judge
2026-09-10,target_relative_return_5d,2023-09-01,262,state_LAG_1_15m,0,0.0,0.0,False,0.0,,,,,0,0,,,0,,,,False,,False,False,absent before the seal: nothing to judge
2026-09-10,target_relative_return_5d,2023-09-01,262,state_LAG_5_15m,0,0.0,0.0,False,0.0,,,,,0,0,,,0,,,,False,,False,False,absent before the seal: nothing to judge
2026-09-10,target_relative_return_5d,2023-09-01,262,state_LAG_10_15m,0,0.0,0.0,False,0.0,,,,,0,0,,,0,,,,False,,False,False,absent before the seal: nothing to judge
2026-09-10,target_relative_return_5d,2023-09-01,262,state_LAG_20_15m,0,0.0,0.0,False,0.0,,,,,0,0,,,0,,,,False,,False,False,absent before the seal: nothing to judge
2026-09-10,target_relative_return_5d,2023-09-01,262,state_VELOCITY_1_15m,0,0.0,0.0,False,0.0,,,,,0,0,,,0,,,,False,,False,False,absent before the seal: nothing to judge
2026-09-10,target_relative_return_5d,2023-09-01,262,state_VELOCITY_5_15m,0,0.0,0.0,False,0.0,,,,,0,0,,,0,,,,False,,False,False,absent before the seal: nothing to judge
2026-09-10,target_relative_return_5d,2023-09-01,262,state_VELOCITY_10_15m,0,0.0,0.0,False,0.0,,,,,0,0,,,0,,,,False,,False,False,absent before the seal: nothing to judge
2026-09-10,target_relative_return_5d,2023-09-01,262,state_ACCELERATION_5_15m,0,0.0,0.0,False,0.0,,,,,0,0,,,0,,,,False,,False,False,absent before the seal: nothing to judge
2026-09-10,target_relative_return_5d,2023-09-01,262,state_ACCELERATION_10_15m,0,0.0,0.0,False,0.0,,,,,0,0,,,0,,,,False,,False,False,absent before the seal: nothing to judge
2026-09-10,target_relative_return_5d,2023-09-01,262,state_ROLLING_SKEW_10_15m,0,0.0,0.0,False,0.0,,,,,0,0,,,0,,,,False,,False,False,absent before the seal: nothing to judge
2026-09-10,target_relative_return_5d,2023-09-01,262,state_ROLLING_SKEW_20_15m,0,0.0,0.0,False,0.0,,,,,0,0,,,0,,,,False,,False,False,absent before the seal: nothing to judge
2026-09-10,target_relative_return_5d,2023-09-01,262,state_ROLLING_KURT_10_15m,0,0.0,0.0,False,0.0,,,,,0,0,,,0,,,,False,,False,False,absent before the seal: nothing to judge
2026-09-10,target_relative_return_5d,2023-09-01,262,state_ROLLING_KURT_20_15m,0,0.0,0.0,False,0.0,,,,,0,0,,,0,,,,False,,False,False,absent before the seal: nothing to judge
2026-09-10,target_relative_return_5d,2023-09-01,262,state_ROLLING_VOL_10_15m,0,0.0,0.0,False,0.0,,,,,0,0,,,0,,,,False,,False,False,absent before the seal: nothing to judge
2026-09-10,target_relative_return_5d,2023-09-01,262,state_ROLLING_VOL_20_15m,0,0.0,0.0,False,0.0,,,,,0,0,,,0,,,,False,,False,False,absent before the seal: nothing to judge
2026-09-10,target_relative_return_5d,2023-09-01,262,state_volume_sma_5_15m,0,0.0,0.0,False,0.0,,,,,0,0,,,0,,,,False,,False,False,absent before the seal: nothing to judge
2026-09-10,target_relative_return_5d,2023-09-01,262,state_volume_sma_10_15m,0,0.0,0.0,False,0.0,,,,,0,0,,,0,,,,False,,False,False,absent before the seal: nothing to judge
2026-09-10,target_relative_return_5d,2023-09-01,262,state_volume_roc_15m,0,0.0,0.0,False,0.0,,,,,0,0,,,0,,,,False,,False,False,absent before the seal: nothing to judge
2026-09-10,target_relative_return_5d,2023-09-01,262,state_price_volume_trend_15m,0,0.0,0.0,False,0.0,,,,,0,0,,,0,,,,False,,False,False,absent before the seal: nothing to judge
2026-09-10,target_relative_return_5d,2023-09-01,262,state_obv_15m,0,0.0,0.0,False,0.0,,,,,0,0,,,0,,,,False,,False,False,absent before the seal: nothing to judge
2026-09-10,target_relative_return_5d,2023-09-01,262,state_volume_rs_15m,0,0.0,0.0,False,0.0,,,,,0,0,,,0,,,,False,,False,False,absent before the seal: nothing to judge
2026-09-10,target_relative_return_5d,2023-09-01,262,state_peer_return_15m,0,0.0,0.0,False,0.0,,,,,0,0,,,0,,,,False,,False,False,absent before the seal: nothing to judge
2026-09-10,target_relative_return_5d,2023-09-01,262,state_peer_volatility_15m,0,0.0,0.0,False,0.0,,,,,0,0,,,0,,,,False,,False,False,absent before the seal: nothing to judge
2026-09-10,target_relative_return_5d,2023-09-01,262,state_peer_breadth_15m,0,0.0,0.0,False,0.0,,,,,0,0,,,0,,,,False,,False,False,absent before the seal: nothing to judge
2026-09-10,target_relative_return_5d,2023-09-01,262,state_peer_divergence_15m,0,0.0,0.0,False,0.0,,,,,0,0,,,0,,,,False,,False,False,absent before the seal: nothing to judge
2026-09-10,target_relative_return_5d,2023-09-01,262,state_peer_count_15m,0,0.0,0.0,False,0.0,,,,,0,0,,,0,,,,False,,False,False,absent before the seal: nothing to judge
2026-09-10,target_relative_return_5d,2023-09-01,262,state_market_return_15m,0,0.0,0.0,False,0.0,,,,,0,0,,,0,,,,False,,False,False,absent before the seal: nothing to judge
2026-09-10,target_relative_return_5d,2023-09-01,262,state_market_breadth_15m,0,0.0,0.0,False,0.0,,,,,0,0,,,0,,,,False,,False,False,absent before the seal: nothing to judge
2026-09-10,target_relative_return_5d,2023-09-01,262,state_peer_return_excess_15m,0,0.0,0.0,False,0.0,,,,,0,0,,,0,,,,False,,False,False,absent before the seal: nothing to judge
2026-09-10,target_relative_return_5d,2023-09-01,262,state_peer_breadth_excess_15m,0,0.0,0.0,False,0.0,,,,,0,0,,,0,,,,False,,False,False,absent before the seal: nothing to judge
2026-09-10,target_relative_return_5d,2023-09-01,262,state_FRED_BAMLC0A0CM_15m,0,0.0,0.0,False,0.0,,,,,0,0,,,0,,,,False,,False,False,absent before the seal: nothing to judge
2026-09-10,target_relative_return_5d,2023-09-01,262,state_FRED_BAMLH0A0HYM2_15m,0,0.0,0.0,False,0.0,,,,,0,0,,,0,,,,False,,False,False,absent before the seal: nothing to judge
2026-09-10,target_relative_return_5d,2023-09-01,262,state_FRED_CAPUTLB50001SQ_15m,0,0.0,0.0,False,0.0,,,,,0,0,,,0,,,,False,,False,False,absent before the seal: nothing to judge
2026-09-10,target_relative_return_5d,2023-09-01,262,state_FRED_CCSA_15m,0,0.0,0.0,False,0.0,,,,,0,0,,,0,,,,False,,False,False,absent before the seal: nothing to judge
2026-09-10,target_relative_return_5d,2023-09-01,262,state_FRED_CPIAUCSL_15m,0,0.0,0.0,False,0.0,,,,,0,0,,,0,,,,False,,False,False,absent before the seal: nothing to judge
2026-09-10,target_relative_return_5d,2023-09-01,262,state_FRED_CSUSHPINSA_15m,0,0.0,0.0,False,0.0,,,,,0,0,,,0,,,,False,,False,False,absent before the seal: nothing to judge
2026-09-10,target_relative_return_5d,2023-09-01,262,state_FRED_DCOILWTICO_15m,0,0.0,0.0,False,0.0,,,,,0,0,,,0,,,,False,,False,False,absent before the seal: nothing to judge
2026-09-10,target_relative_return_5d,2023-09-01,262,state_FRED_DEXCHUS_15m,0,0.0,0.0,False,0.0,,,,,0,0,,,0,,,,False,,False,False,absent before the seal: nothing to judge
2026-09-10,target_relative_return_5d,2023-09-01,262,state_FRED_DEXUSEU_15m,0,0.0,0.0,False,0.0,,,,,0,0,,,0,,,,False,,False,False,absent before the seal: nothing to judge
2026-09-10,target_relative_return_5d,2023-09-01,262,state_FRED_DGORDER_15m,0,0.0,0.0,False,0.0,,,,,0,0,,,0,,,,False,,False,False,absent before the seal: nothing to judge
2026-09-10,target_relative_return_5d,2023-09-01,262,state_FRED_DGS10_15m,0,0.0,0.0,False,0.0,,,,,0,0,,,0,,,,False,,False,False,absent before the seal: nothing to judge
2026-09-10,target_relative_return_5d,2023-09-01,262,state_FRED_DSPIC96_15m,0,0.0,0.0,False,0.0,,,,,0,0,,,0,,,,False,,False,False,absent before the seal: nothing to judge
2026-09-10,target_relative_return_5d,2023-09-01,262,state_FRED_FEDFUNDS_15m,0,0.0,0.0,False,0.0,,,,,0,0,,,0,,,,False,,False,False,absent before the seal: nothing to judge
2026-09-10,target_relative_return_5d,2023-09-01,262,state_FRED_GDP_15m,0,0.0,0.0,False,0.0,,,,,0,0,,,0,,,,False,,False,False,absent before the seal: nothing to judge
2026-09-10,target_relative_return_5d,2023-09-01,262,state_FRED_GS10_15m,0,0.0,0.0,False,0.0,,,,,0,0,,,0,,,,False,,False,False,absent before the seal: nothing to judge
2026-09-10,target_relative_return_5d,2023-09-01,262,state_FRED_GS2_15m,0,0.0,0.0,False,0.0,,,,,0,0,,,0,,,,False,,False,False,absent before the seal: nothing to judge
2026-09-10,target_relative_return_5d,2023-09-01,262,state_FRED_HOUST_15m,0,0.0,0.0,False,0.0,,,,,0,0,,,0,,,,False,,False,False,absent before the seal: nothing to judge
2026-09-10,target_relative_return_5d,2023-09-01,262,state_FRED_ICSA_15m,0,0.0,0.0,False,0.0,,,,,0,0,,,0,,,,False,,False,False,absent before the seal: nothing to judge
2026-09-10,target_relative_return_5d,2023-09-01,262,state_FRED_INDPRO_15m,0,0.0,0.0,False,0.0,,,,,0,0,,,0,,,,False,,False,False,absent before the seal: nothing to judge
2026-09-10,target_relative_return_5d,2023-09-01,262,state_FRED_MANEMP_15m,0,0.0,0.0,False,0.0,,,,,0,0,,,0,,,,False,,False,False,absent before the seal: nothing to judge
2026-09-10,target_relative_return_5d,2023-09-01,262,state_FRED_NFCI_15m,0,0.0,0.0,False,0.0,,,,,0,0,,,0,,,,False,,False,False,absent before the seal: nothing to judge
2026-09-10,target_relative_return_5d,2023-09-01,262,state_FRED_PAYEMS_15m,0,0.0,0.0,False,0.0,,,,,0,0,,,0,,,,False,,False,False,absent before the seal: nothing to judge
2026-09-10,target_relative_return_5d,2023-09-01,262,state_FRED_PCEPI_15m,0,0.0,0.0,False,0.0,,,,,0,0,,,0,,,,False,,False,False,absent before the seal: nothing to judge
2026-09-10,target_relative_return_5d,2023-09-01,262,state_FRED_PCEPILFE_15m,0,0.0,0.0,False,0.0,,,,,0,0,,,0,,,,False,,False,False,absent before the seal: nothing to judge
2026-09-10,target_relative_return_5d,2023-09-01,262,state_FRED_PCU334413334413_15m,0,0.0,0.0,False,0.0,,,,,0,0,,,0,,,,False,,False,False,absent before the seal: nothing to judge
2026-09-10,target_relative_return_5d,2023-09-01,262,state_FRED_PERMIT_15m,0,0.0,0.0,False,0.0,,,,,0,0,,,0,,,,False,,False,False,absent before the seal: nothing to judge
2026-09-10,target_relative_return_5d,2023-09-01,262,state_FRED_PPIACO_15m,0,0.0,0.0,False,0.0,,,,,0,0,,,0,,,,False,,False,False,absent before the seal: nothing to judge
2026-09-10,target_relative_return_5d,2023-09-01,262,state_FRED_RRPONTSYD_15m,0,0.0,0.0,False,0.0,,,,,0,0,,,0,,,,False,,False,False,absent before the seal: nothing to judge
2026-09-10,target_relative_return_5d,2023-09-01,262,state_FRED_RSAFS_15m,0,0.0,0.0,False,0.0,,,,,0,0,,,0,,,,False,,False,False,absent before the seal: nothing to judge
2026-09-10,target_relative_return_5d,2023-09-01,262,state_FRED_SAHMREALTIME_15m,0,0.0,0.0,False,0.0,,,,,0,0,,,0,,,,False,,False,False,absent before the seal: nothing to judge
2026-09-10,target_relative_return_5d,2023-09-01,262,state_FRED_T10Y2Y_15m,0,0.0,0.0,False,0.0,,,,,0,0,,,0,,,,False,,False,False,absent before the seal: nothing to judge
2026-09-10,target_relative_return_5d,2023-09-01,262,state_FRED_T10Y3M_15m,0,0.0,0.0,False,0.0,,,,,0,0,,,0,,,,False,,False,False,absent before the seal: nothing to judge
2026-09-10,target_relative_return_5d,2023-09-01,262,state_FRED_T10YIE_15m,0,0.0,0.0,False,0.0,,,,,0,0,,,0,,,,False,,False,False,absent before the seal: nothing to judge
2026-09-10,target_relative_return_5d,2023-09-01,262,state_FRED_T5YIE_15m,0,0.0,0.0,False,0.0,,,,,0,0,,,0,,,,False,,False,False,absent before the seal: nothing to judge
2026-09-10,target_relative_return_5d,2023-09-01,262,state_FRED_T5YIFR_15m,0,0.0,0.0,False,0.0,,,,,0,0,,,0,,,,False,,False,False,absent before the seal: nothing to judge
2026-09-10,target_relative_return_5d,2023-09-01,262,state_FRED_TOTALSA_15m,0,0.0,0.0,False,0.0,,,,,0,0,,,0,,,,False,,False,False,absent before the seal: nothing to judge
2026-09-10,target_relative_return_5d,2023-09-01,262,state_FRED_UMCSENT_15m,0,0.0,0.0,False,0.0,,,,,0,0,,,0,,,,False,,False,False,absent before the seal: nothing to judge
2026-09-10,target_relative_return_5d,2023-09-01,262,state_FRED_UNRATE_15m,0,0.0,0.0,False,0.0,,,,,0,0,,,0,,,,False,,False,False,absent before the seal: nothing to judge
2026-09-10,target_relative_return_5d,2023-09-01,262,state_FRED_VIXCLS_15m,0,0.0,0.0,False,0.0,,,,,0,0,,,0,,,,False,,False,False,absent before the seal: nothing to judge
2026-09-10,target_relative_return_5d,2023-09-01,262,state_FRED_WALCL_15m,0,0.0,0.0,False,0.0,,,,,0,0,,,0,,,,False,,False,False,absent before the seal: nothing to judge
2026-09-10,target_relative_return_5d,2023-09-01,262,state_FRED_WPU01_15m,0,0.0,0.0,False,0.0,,,,,0,0,,,0,,,,False,,False,False,absent before the seal: nothing to judge
2026-09-10,target_relative_return_5d,2023-09-01,262,state_FRED_WPU055_15m,0,0.0,0.0,False,0.0,,,,,0,0,,,0,,,,False,,False,False,absent before the seal: nothing to judge
2026-09-10,target_relative_return_5d,2023-09-01,262,state_FRED_WPU0561_15m,0,0.0,0.0,False,0.0,,,,,0,0,,,0,,,,False,,False,False,absent before the seal: nothing to judge
2026-09-10,target_relative_return_5d,2023-09-01,262,state_FRED_WPU101_15m,0,0.0,0.0,False,0.0,,,,,0,0,,,0,,,,False,,False,False,absent before the seal: nothing to judge
2026-09-10,target_relative_return_5d,2023-09-01,262,state_FRED_WTREGEN_15m,0,0.0,0.0,False,0.0,,,,,0,0,,,0,,,,False,,False,False,absent before the seal: nothing to judge
2026-09-10,target_relative_return_5d,2023-09-01,262,state_fear_greed_index_15m,0,0.0,0.0,False,0.0,,,,,0,0,,,0,,,,False,,False,False,absent before the seal: nothing to judge
2026-09-10,target_relative_return_5d,2023-09-01,262,state_fear_greed_available_15m,0,0.0,0.0,False,0.0,,,,,0,0,,,0,,,,False,,False,False,absent before the seal: nothing to judge
2026-09-10,target_relative_return_5d,2023-09-01,262,state_cftc_sp500_net_pct_15m,0,0.0,0.0,False,0.0,,,,,0,0,,,0,,,,False,,False,False,absent before the seal: nothing to judge
2026-09-10,target_relative_return_5d,2023-09-01,262,state_cftc_sp500_ls_ratio_15m,0,0.0,0.0,False,0.0,,,,,0,0,,,0,,,,False,,False,False,absent before the seal: nothing to judge
2026-09-10,target_relative_return_5d,2023-09-01,262,state_cftc_nasdaq_net_pct_15m,0,0.0,0.0,False,0.0,,,,,0,0,,,0,,,,False,,False,False,absent before the seal: nothing to judge
2026-09-10,target_relative_return_5d,2023-09-01,262,state_cftc_nasdaq_ls_ratio_15m,0,0.0,0.0,False,0.0,,,,,0,0,,,0,,,,False,,False,False,absent before the seal: nothing to judge
2026-09-10,target_relative_return_5d,2023-09-01,262,state_cftc_dow_net_pct_15m,0,0.0,0.0,False,0.0,,,,,0,0,,,0,,,,False,,False,False,absent before the seal: nothing to judge
2026-09-10,target_relative_return_5d,2023-09-01,262,state_cftc_dow_ls_ratio_15m,0,0.0,0.0,False,0.0,,,,,0,0,,,0,,,,False,,False,False,absent before the seal: nothing to judge
2026-09-10,target_relative_return_5d,2023-09-01,262,state_cftc_gold_net_pct_15m,0,0.0,0.0,False,0.0,,,,,0,0,,,0,,,,False,,False,False,absent before the seal: nothing to judge
2026-09-10,target_relative_return_5d,2023-09-01,262,state_cftc_gold_ls_ratio_15m,0,0.0,0.0,False,0.0,,,,,0,0,,,0,,,,False,,False,False,absent before the seal: nothing to judge
2026-09-10,target_relative_return_5d,2023-09-01,262,state_cftc_crude_net_pct_15m,0,0.0,0.0,False,0.0,,,,,0,0,,,0,,,,False,,False,False,absent before the seal: nothing to judge
2026-09-10,target_relative_return_5d,2023-09-01,262,state_cftc_crude_ls_ratio_15m,0,0.0,0.0,False,0.0,,,,,0,0,,,0,,,,False,,False,False,absent before the seal: nothing to judge
2026-09-10,target_relative_return_5d,2023-09-01,262,state_filing_days_since_last_15m,0,0.0,0.0,False,0.0,,,,,0,0,,,0,,,,False,,False,False,absent before the seal: nothing to judge
2026-09-10,target_relative_return_5d,2023-09-01,262,state_filing_count_30d_15m,0,0.0,0.0,False,0.0,,,,,0,0,,,0,,,,False,,False,False,absent before the seal: nothing to judge
2026-09-10,target_relative_return_5d,2023-09-01,262,state_filing_material_30d_15m,0,0.0,0.0,False,0.0,,,,,0,0,,,0,,,,False,,False,False,absent before the seal: nothing to judge
2026-09-10,target_relative_return_5d,2023-09-01,262,state_filing_periodic_30d_15m,0,0.0,0.0,False,0.0,,,,,0,0,,,0,,,,False,,False,False,absent before the seal: nothing to judge
2026-09-10,target_relative_return_5d,2023-09-01,262,state_nlp_sentiment_score_15m,0,0.0,0.0,False,0.0,,,,,0,0,,,0,,,,False,,False,False,absent before the seal: nothing to judge
2026-09-10,target_relative_return_5d,2023-09-01,262,state_nlp_subjectivity_score_15m,0,0.0,0.0,False,0.0,,,,,0,0,,,0,,,,False,,False,False,absent before the seal: nothing to judge
2026-09-10,target_relative_return_5d,2023-09-01,262,state_nlp_cluster_15m,0,0.0,0.0,False,0.0,,,,,0,0,,,0,,,,False,,False,False,absent before the seal: nothing to judge
2026-09-10,target_relative_return_5d,2023-09-01,262,state_volatility_5_15m,0,0.0,0.0,False,0.0,,,,,0,0,,,0,,,,False,,False,False,absent before the seal: nothing to judge
2026-09-10,target_relative_return_5d,2023-09-01,262,state_volatility_10_15m,0,0.0,0.0,False,0.0,,,,,0,0,,,0,,,,False,,False,False,absent before the seal: nothing to judge
2026-09-10,target_relative_return_5d,2023-09-01,262,state_volatility_20_15m,0,0.0,0.0,False,0.0,,,,,0,0,,,0,,,,False,,False,False,absent before the seal: nothing to judge
2026-09-10,target_relative_return_5d,2023-09-01,262,state_atr_14_15m,0,0.0,0.0,False,0.0,,,,,0,0,,,0,,,,False,,False,False,absent before the seal: nothing to judge
2026-09-10,target_relative_return_5d,2023-09-01,262,state_gk_volatility_15m,0,0.0,0.0,False,0.0,,,,,0,0,,,0,,,,False,,False,False,absent before the seal: nothing to judge
2026-09-10,target_relative_return_5d,2023-09-01,262,state_fund_price_to_book_15m,0,0.0,0.0,False,0.0,,,,,0,0,,,0,,,,False,,False,False,absent before the seal: nothing to judge
2026-09-10,target_relative_return_5d,2023-09-01,262,state_fund_earnings_yield_15m,0,0.0,0.0,False,0.0,,,,,0,0,,,0,,,,False,,False,False,absent before the seal: nothing to judge
2026-09-10,target_relative_return_5d,2023-09-01,262,state_fund_current_ratio_15m,0,0.0,0.0,False,0.0,,,,,0,0,,,0,,,,False,,False,False,absent before the seal: nothing to judge
2026-09-10,target_relative_return_5d,2023-09-01,262,state_fund_debt_to_equity_15m,0,0.0,0.0,False,0.0,,,,,0,0,,,0,,,,False,,False,False,absent before the seal: nothing to judge
2026-09-10,target_relative_return_5d,2023-09-01,262,state_fund_return_on_equity_15m,0,0.0,0.0,False,0.0,,,,,0,0,,,0,,,,False,,False,False,absent before the seal: nothing to judge
2026-09-10,target_relative_return_5d,2023-09-01,262,state_fund_days_since_report_15m,0,0.0,0.0,False,0.0,,,,,0,0,,,0,,,,False,,False,False,absent before the seal: nothing to judge
2026-09-10,target_relative_return_5d,2023-09-01,262,state_wiki_views_15m,0,0.0,0.0,False,0.0,,,,,0,0,,,0,,,,False,,False,False,absent before the seal: nothing to judge
2026-09-10,target_relative_return_5d,2023-09-01,262,state_wiki_attention_z_15m,0,0.0,0.0,False,0.0,,,,,0,0,,,0,,,,False,,False,False,absent before the seal: nothing to judge
2026-09-10,target_relative_return_5d,2023-09-01,262,state_keyword_count_15m,0,0.0,0.0,False,0.0,,,,,0,0,,,0,,,,False,,False,False,absent before the seal: nothing to judge
2026-09-10,target_relative_return_5d,2023-09-01,262,state_entity_count_15m,0,0.0,0.0,False,0.0,,,,,0,0,,,0,,,,False,,False,False,absent before the seal: nothing to judge
2026-09-10,target_relative_return_5d,2023-09-01,262,state_keyword_entity_available_15m,0,0.0,0.0,False,0.0,,,,,0,0,,,0,,,,False,,False,False,absent before the seal: nothing to judge
2026-09-10,target_relative_return_5d,2023-09-01,262,state_news_quality_score_15m,0,0.0,0.0,False,0.0,,,,,0,0,,,0,,,,False,,False,False,absent before the seal: nothing to judge
2026-09-10,target_relative_return_5d,2023-09-01,262,state_news_source_count_15m,0,0.0,0.0,False,0.0,,,,,0,0,,,0,,,,False,,False,False,absent before the seal: nothing to judge
2026-09-10,target_relative_return_5d,2023-09-01,262,state_news_quality_available_15m,0,0.0,0.0,False,0.0,,,,,0,0,,,0,,,,False,,False,False,absent before the seal: nothing to judge
2026-09-10,target_relative_return_5d,2023-09-01,262,state_news_freshness_hours_15m,0,0.0,0.0,False,0.0,,,,,0,0,,,0,,,,False,,False,False,absent before the seal: nothing to judge
2026-09-10,target_relative_return_5d,2023-09-01,262,state_sentiment_available_15m,0,0.0,0.0,False,0.0,,,,,0,0,,,0,,,,False,,False,False,absent before the seal: nothing to judge
2026-09-10,target_relative_return_5d,2023-09-01,262,state_sentiment_sma_5_15m,0,0.0,0.0,False,0.0,,,,,0,0,,,0,,,,False,,False,False,absent before the seal: nothing to judge
2026-09-10,target_relative_return_5d,2023-09-01,262,state_sentiment_std_5_15m,0,0.0,0.0,False,0.0,,,,,0,0,,,0,,,,False,,False,False,absent before the seal: nothing to judge
2026-09-10,target_relative_return_5d,2023-09-01,262,state_sentiment_sma_20_15m,0,0.0,0.0,False,0.0,,,,,0,0,,,0,,,,False,,False,False,absent before the seal: nothing to judge
2026-09-10,target_relative_return_5d,2023-09-01,262,state_sentiment_std_20_15m,0,0.0,0.0,False,0.0,,,,,0,0,,,0,,,,False,,False,False,absent before the seal: nothing to judge
2026-09-10,target_relative_return_5d,2023-09-01,262,state_sentiment_sma_50_15m,0,0.0,0.0,False,0.0,,,,,0,0,,,0,,,,False,,False,False,absent before the seal: nothing to judge
2026-09-10,target_relative_return_5d,2023-09-01,262,state_sentiment_std_50_15m,0,0.0,0.0,False,0.0,,,,,0,0,,,0,,,,False,,False,False,absent before the seal: nothing to judge
2026-09-10,target_relative_return_5d,2023-09-01,262,state_sentiment_ema_15m,0,0.0,0.0,False,0.0,,,,,0,0,,,0,,,,False,,False,False,absent before the seal: nothing to judge
2026-09-10,target_relative_return_5d,2023-09-01,262,state_sentiment_velocity_15m,0,0.0,0.0,False,0.0,,,,,0,0,,,0,,,,False,,False,False,absent before the seal: nothing to judge
2026-09-10,target_relative_return_5d,2023-09-01,262,state_news_intensity_15m,0,0.0,0.0,False,0.0,,,,,0,0,,,0,,,,False,,False,False,absent before the seal: nothing to judge
2026-09-10,target_relative_return_5d,2023-09-01,262,state_sentiment_decay_weighted_15m,0,0.0,0.0,False,0.0,,,,,0,0,,,0,,,,False,,False,False,absent before the seal: nothing to judge
2026-09-10,target_relative_return_5d,2023-09-01,262,state_news_impact_available_15m,0,0.0,0.0,False,0.0,,,,,0,0,,,0,,,,False,,False,False,absent before the seal: nothing to judge
2026-09-10,target_relative_return_5d,2023-09-01,262,state_news_impact_score_15m,0,0.0,0.0,False,0.0,,,,,0,0,,,0,,,,False,,False,False,absent before the seal: nothing to judge
2026-09-10,target_relative_return_5d,2023-09-01,262,state_news_significance_level_15m,0,0.0,0.0,False,0.0,,,,,0,0,,,0,,,,False,,False,False,absent before the seal: nothing to judge
2026-09-10,target_relative_return_5d,2023-09-01,262,state_hype_score_15m,0,0.0,0.0,False,0.0,,,,,0,0,,,0,,,,False,,False,False,absent before the seal: nothing to judge
2026-09-10,target_relative_return_5d,2023-09-01,262,state_significant_events_7d_15m,0,0.0,0.0,False,0.0,,,,,0,0,,,0,,,,False,,False,False,absent before the seal: nothing to judge
2026-09-10,target_relative_return_5d,2023-09-01,262,state_significant_events_30d_15m,0,0.0,0.0,False,0.0,,,,,0,0,,,0,,,,False,,False,False,absent before the seal: nothing to judge
2026-09-10,target_relative_return_5d,2023-09-01,262,state_days_since_last_significant_15m,0,0.0,0.0,False,0.0,,,,,0,0,,,0,,,,False,,False,False,absent before the seal: nothing to judge
2026-09-10,target_relative_return_5d,2023-09-01,262,state_significance_intensity_7d_15m,0,0.0,0.0,False,0.0,,,,,0,0,,,0,,,,False,,False,False,absent before the seal: nothing to judge
2026-09-10,target_relative_return_5d,2023-09-01,262,state_is_significant_decayed_15m,0,0.0,0.0,False,0.0,,,,,0,0,,,0,,,,False,,False,False,absent before the seal: nothing to judge
2026-09-10,target_relative_return_5d,2023-09-01,262,state_sentiment_mean_15m,0,0.0,0.0,False,0.0,,,,,0,0,,,0,,,,False,,False,False,absent before the seal: nothing to judge
2026-09-10,target_relative_return_5d,2023-09-01,262,state_sentiment_std_stat_15m,0,0.0,0.0,False,0.0,,,,,0,0,,,0,,,,False,,False,False,absent before the seal: nothing to judge
2026-09-10,target_relative_return_5d,2023-09-01,262,state_sentiment_pos_threshold_15m,0,0.0,0.0,False,0.0,,,,,0,0,,,0,,,,False,,False,False,absent before the seal: nothing to judge
2026-09-10,target_relative_return_5d,2023-09-01,262,state_sentiment_neg_threshold_15m,0,0.0,0.0,False,0.0,,,,,0,0,,,0,,,,False,,False,False,absent before the seal: nothing to judge
2026-09-10,target_relative_return_5d,2023-09-01,262,state_macro_composite_score_15m,0,0.0,0.0,False,0.0,,,,,0,0,,,0,,,,False,,False,False,absent before the seal: nothing to judge
2026-09-10,target_relative_return_5d,2023-09-01,262,state_champion_15m,0,0.0,0.0,False,0.0,,,,,0,0,,,0,,,,False,,False,False,absent before the seal: nothing to judge
2026-09-10,target_relative_return_5d,2023-09-01,262,context_fingerprint_15m,0,0.0,0.0,False,0.0,,,,,0,0,,,0,,,,False,,False,False,absent before the seal: nothing to judge
2026-09-10,target_relative_return_5d,2023-09-01,262,context_stability_15m,0,0.0,0.0,False,0.0,,,,,0,0,,,0,,,,False,,False,False,absent before the seal: nothing to judge
2026-09-10,target_relative_return_5d,2023-09-01,262,context_pattern_seq_15m,0,0.0,0.0,False,0.0,,,,,0,0,,,0,,,,False,,False,False,absent before the seal: nothing to judge
2026-09-10,target_relative_return_5d,2023-09-01,262,context_pattern_id_15m,0,0.0,0.0,False,0.0,,,,,0,0,,,0,,,,False,,False,False,absent before the seal: nothing to judge
2026-09-10,target_relative_return_5d,2023-09-01,262,context_velocity_15m,0,0.0,0.0,False,0.0,,,,,0,0,,,0,,,,False,,False,False,absent before the seal: nothing to judge
2026-09-10,target_relative_return_5d,2023-09-01,262,context_anxiety_index_15m,0,0.0,0.0,False,0.0,,,,,0,0,,,0,,,,False,,False,False,absent before the seal: nothing to judge
2026-09-10,target_relative_return_5d,2023-09-01,262,context_velocity_rank_15m,0,0.0,0.0,False,0.0,,,,,0,0,,,0,,,,False,,False,False,absent before the seal: nothing to judge
2026-09-10,target_relative_return_5d,2023-09-01,262,market_context_volatility_5d_15m,0,0.0,0.0,False,0.0,,,,,0,0,,,0,,,,False,,False,False,absent before the seal: nothing to judge
2026-09-10,target_relative_return_5d,2023-09-01,262,market_context_volatility_20d_15m,0,0.0,0.0,False,0.0,,,,,0,0,,,0,,,,False,,False,False,absent before the seal: nothing to judge
2026-09-10,target_relative_return_5d,2023-09-01,262,market_context_volatility_ratio_15m,0,0.0,0.0,False,0.0,,,,,0,0,,,0,,,,False,,False,False,absent before the seal: nothing to judge
2026-09-10,target_relative_return_5d,2023-09-01,262,market_context_trend_5d_15m,0,0.0,0.0,False,0.0,,,,,0,0,,,0,,,,False,,False,False,absent before the seal: nothing to judge
2026-09-10,target_relative_return_5d,2023-09-01,262,market_context_trend_20d_15m,0,0.0,0.0,False,0.0,,,,,0,0,,,0,,,,False,,False,False,absent before the seal: nothing to judge
2026-09-10,target_relative_return_5d,2023-09-01,262,market_context_trend_alignment_15m,0,0.0,0.0,False,0.0,,,,,0,0,,,0,,,,False,,False,False,absent before the seal: nothing to judge
2026-09-10,target_relative_return_5d,2023-09-01,262,market_context_rsi_current_15m,0,0.0,0.0,False,0.0,,,,,0,0,,,0,,,,False,,False,False,absent before the seal: nothing to judge
2026-09-10,target_relative_return_5d,2023-09-01,262,market_context_volume_ratio_15m,0,0.0,0.0,False,0.0,,,,,0,0,,,0,,,,False,,False,False,absent before the seal: nothing to judge
2026-09-10,target_relative_return_5d,2023-09-01,262,market_context_price_to_ma20_15m,0,0.0,0.0,False,0.0,,,,,0,0,,,0,,,,False,,False,False,absent before the seal: nothing to judge
2026-09-10,target_relative_return_5d,2023-09-01,262,market_context_hour_of_day_15m,0,0.0,0.0,False,0.0,,,,,0,0,,,0,,,,False,,False,False,absent before the seal: nothing to judge
2026-09-10,target_relative_return_5d,2023-09-01,262,market_context_day_of_week_15m,0,0.0,0.0,False,0.0,,,,,0,0,,,0,,,,False,,False,False,absent before the seal: nothing to judge
2026-09-10,target_relative_return_5d,2023-09-01,262,market_context_yield_curve_slope_15m,0,0.0,0.0,False,0.0,,,,,0,0,,,0,,,,False,,False,False,absent before the seal: nothing to judge
2026-09-10,target_relative_return_5d,2023-09-01,262,market_context_yield_curve_inverted_15m,0,0.0,0.0,False,0.0,,,,,0,0,,,0,,,,False,,False,False,absent before the seal: nothing to judge
2026-09-10,target_relative_return_5d,2023-09-01,262,market_context_fed_funds_trend_15m,0,0.0,0.0,False,0.0,,,,,0,0,,,0,,,,False,,False,False,absent before the seal: nothing to judge
2026-09-10,target_relative_return_5d,2023-09-01,262,market_context_fed_funds_velocity_15m,0,0.0,0.0,False,0.0,,,,,0,0,,,0,,,,False,,False,False,absent before the seal: nothing to judge
2026-09-10,target_relative_return_5d,2023-09-01,262,market_context_market_breadth_15m,0,0.0,0.0,False,0.0,,,,,0,0,,,0,,,,False,,False,False,absent before the seal: nothing to judge
2026-09-10,target_relative_return_5d,2023-09-01,262,ctx_60m_source_datetime,623398,1.0,0.0,True,0.0,,,,,0,0,,,0,,,,False,,False,False,one value everywhere: a filled default
2026-09-10,target_relative_return_5d,2023-09-01,262,ctx_60m_available_at,623398,1.0,0.0,True,0.0,,,,,0,0,,,0,,,,False,,False,False,one value everywhere: a filled default
2026-09-10,target_relative_return_5d,2023-09-01,262,ctx_60m_open,0,0.0,0.0,False,0.0,,,,,0,0,,,0,,,,False,,False,False,absent before the seal: nothing to judge
2026-09-10,target_relative_return_5d,2023-09-01,262,ctx_60m_high,0,0.0,0.0,False,0.0,,,,,0,0,,,0,,,,False,,False,False,absent before the seal: nothing to judge
2026-09-10,target_relative_return_5d,2023-09-01,262,ctx_60m_low,0,0.0,0.0,False,0.0,,,,,0,0,,,0,,,,False,,False,False,absent before the seal: nothing to judge
2026-09-10,target_relative_return_5d,2023-09-01,262,ctx_60m_close,0,0.0,0.0,False,0.0,,,,,0,0,,,0,,,,False,,False,False,absent before the seal: nothing to judge
2026-09-10,target_relative_return_5d,2023-09-01,262,ctx_60m_volume,0,0.0,0.0,False,0.0,,,,,0,0,,,0,,,,False,,False,False,absent before the seal: nothing to judge
2026-09-10,target_relative_return_5d,2023-09-01,262,ctx_60m_hour_60m,0,0.0,0.0,False,0.0,,,,,0,0,,,0,,,,False,,False,False,absent before the seal: nothing to judge
2026-09-10,target_relative_return_5d,2023-09-01,262,ctx_60m_day_of_week_60m,0,0.0,0.0,False,0.0,,,,,0,0,,,0,,,,False,,False,False,absent before the seal: nothing to judge
2026-09-10,target_relative_return_5d,2023-09-01,262,ctx_60m_day_of_month_60m,0,0.0,0.0,False,0.0,,,,,0,0,,,0,,,,False,,False,False,absent before the seal: nothing to judge
2026-09-10,target_relative_return_5d,2023-09-01,262,ctx_60m_day_of_year_60m,0,0.0,0.0,False,0.0,,,,,0,0,,,0,,,,False,,False,False,absent before the seal: nothing to judge
2026-09-10,target_relative_return_5d,2023-09-01,262,ctx_60m_week_of_year_60m,0,0.0,0.0,False,0.0,,,,,0,0,,,0,,,,False,,False,False,absent before the seal: nothing to judge
2026-09-10,target_relative_return_5d,2023-09-01,262,ctx_60m_month_of_year_60m,0,0.0,0.0,False,0.0,,,,,0,0,,,0,,,,False,,False,False,absent before the seal: nothing to judge
2026-09-10,target_relative_return_5d,2023-09-01,262,ctx_60m_quarter_60m,0,0.0,0.0,False,0.0,,,,,0,0,,,0,,,,False,,False,False,absent before the seal: nothing to judge
2026-09-10,target_relative_return_5d,2023-09-01,262,ctx_60m_market_session_60m,0,0.0,0.0,False,0.0,,,,,0,0,,,0,,,,False,,False,False,absent before the seal: nothing to judge
2026-09-10,target_relative_return_5d,2023-09-01,262,ctx_60m_hour_sin_60m,0,0.0,0.0,False,0.0,,,,,0,0,,,0,,,,False,,False,False,absent before the seal: nothing to judge
2026-09-10,target_relative_return_5d,2023-09-01,262,ctx_60m_hour_cos_60m,0,0.0,0.0,False,0.0,,,,,0,0,,,0,,,,False,,False,False,absent before the seal: nothing to judge
2026-09-10,target_relative_return_5d,2023-09-01,262,ctx_60m_day_of_week_sin_60m,0,0.0,0.0,False,0.0,,,,,0,0,,,0,,,,False,,False,False,absent before the seal: nothing to judge
2026-09-10,target_relative_return_5d,2023-09-01,262,ctx_60m_day_of_week_cos_60m,0,0.0,0.0,False,0.0,,,,,0,0,,,0,,,,False,,False,False,absent before the seal: nothing to judge
2026-09-10,target_relative_return_5d,2023-09-01,262,ctx_60m_SMA_5_60m,0,0.0,0.0,False,0.0,,,,,0,0,,,0,,,,False,,False,False,absent before the seal: nothing to judge
2026-09-10,target_relative_return_5d,2023-09-01,262,ctx_60m_SMA_10_60m,0,0.0,0.0,False,0.0,,,,,0,0,,,0,,,,False,,False,False,absent before the seal: nothing to judge
2026-09-10,target_relative_return_5d,2023-09-01,262,ctx_60m_SMA_20_60m,0,0.0,0.0,False,0.0,,,,,0,0,,,0,,,,False,,False,False,absent before the seal: nothing to judge
2026-09-10,target_relative_return_5d,2023-09-01,262,ctx_60m_SMA_50_60m,0,0.0,0.0,False,0.0,,,,,0,0,,,0,,,,False,,False,False,absent before the seal: nothing to judge
2026-09-10,target_relative_return_5d,2023-09-01,262,ctx_60m_SMA_100_60m,0,0.0,0.0,False,0.0,,,,,0,0,,,0,,,,False,,False,False,absent before the seal: nothing to judge
2026-09-10,target_relative_return_5d,2023-09-01,262,ctx_60m_SMA_200_60m,0,0.0,0.0,False,0.0,,,,,0,0,,,0,,,,False,,False,False,absent before the seal: nothing to judge
2026-09-10,target_relative_return_5d,2023-09-01,262,ctx_60m_EMA_5_60m,0,0.0,0.0,False,0.0,,,,,0,0,,,0,,,,False,,False,False,absent before the seal: nothing to judge
2026-09-10,target_relative_return_5d,2023-09-01,262,ctx_60m_EMA_10_60m,0,0.0,0.0,False,0.0,,,,,0,0,,,0,,,,False,,False,False,absent before the seal: nothing to judge
2026-09-10,target_relative_return_5d,2023-09-01,262,ctx_60m_EMA_20_60m,0,0.0,0.0,False,0.0,,,,,0,0,,,0,,,,False,,False,False,absent before the seal: nothing to judge
2026-09-10,target_relative_return_5d,2023-09-01,262,ctx_60m_EMA_50_60m,0,0.0,0.0,False,0.0,,,,,0,0,,,0,,,,False,,False,False,absent before the seal: nothing to judge
2026-09-10,target_relative_return_5d,2023-09-01,262,ctx_60m_EMA_100_60m,0,0.0,0.0,False,0.0,,,,,0,0,,,0,,,,False,,False,False,absent before the seal: nothing to judge
2026-09-10,target_relative_return_5d,2023-09-01,262,ctx_60m_EMA_200_60m,0,0.0,0.0,False,0.0,,,,,0,0,,,0,,,,False,,False,False,absent before the seal: nothing to judge
2026-09-10,target_relative_return_5d,2023-09-01,262,ctx_60m_RSI_14_60m,0,0.0,0.0,False,0.0,,,,,0,0,,,0,,,,False,,False,False,absent before the seal: nothing to judge
2026-09-10,target_relative_return_5d,2023-09-01,262,ctx_60m_MACD_60m,0,0.0,0.0,False,0.0,,,,,0,0,,,0,,,,False,,False,False,absent before the seal: nothing to judge
2026-09-10,target_relative_return_5d,2023-09-01,262,ctx_60m_MACD_Signal_60m,0,0.0,0.0,False,0.0,,,,,0,0,,,0,,,,False,,False,False,absent before the seal: nothing to judge
2026-09-10,target_relative_return_5d,2023-09-01,262,ctx_60m_MACD_Histogram_60m,0,0.0,0.0,False,0.0,,,,,0,0,,,0,,,,False,,False,False,absent before the seal: nothing to judge
2026-09-10,target_relative_return_5d,2023-09-01,262,ctx_60m_BB_Upper_60m,0,0.0,0.0,False,0.0,,,,,0,0,,,0,,,,False,,False,False,absent before the seal: nothing to judge
2026-09-10,target_relative_return_5d,2023-09-01,262,ctx_60m_BB_Middle_60m,0,0.0,0.0,False,0.0,,,,,0,0,,,0,,,,False,,False,False,absent before the seal: nothing to judge
2026-09-10,target_relative_return_5d,2023-09-01,262,ctx_60m_BB_Lower_60m,0,0.0,0.0,False,0.0,,,,,0,0,,,0,,,,False,,False,False,absent before the seal: nothing to judge
2026-09-10,target_relative_return_5d,2023-09-01,262,ctx_60m_ATR_14_60m,0,0.0,0.0,False,0.0,,,,,0,0,,,0,,,,False,,False,False,absent before the seal: nothing to judge
2026-09-10,target_relative_return_5d,2023-09-01,262,ctx_60m_Stoch_K_60m,0,0.0,0.0,False,0.0,,,,,0,0,,,0,,,,False,,False,False,absent before the seal: nothing to judge
2026-09-10,target_relative_return_5d,2023-09-01,262,ctx_60m_Stoch_D_60m,0,0.0,0.0,False,0.0,,,,,0,0,,,0,,,,False,,False,False,absent before the seal: nothing to judge
2026-09-10,target_relative_return_5d,2023-09-01,262,ctx_60m_Williams_R_60m,0,0.0,0.0,False,0.0,,,,,0,0,,,0,,,,False,,False,False,absent before the seal: nothing to judge
2026-09-10,target_relative_return_5d,2023-09-01,262,ctx_60m_CCI_60m,0,0.0,0.0,False,0.0,,,,,0,0,,,0,,,,False,,False,False,absent before the seal: nothing to judge
2026-09-10,target_relative_return_5d,2023-09-01,262,ctx_60m_VOLATILITY_5_60m,0,0.0,0.0,False,0.0,,,,,0,0,,,0,,,,False,,False,False,absent before the seal: nothing to judge
2026-09-10,target_relative_return_5d,2023-09-01,262,ctx_60m_MOMENTUM_ZSCORE_60m,0,0.0,0.0,False,0.0,,,,,0,0,,,0,,,,False,,False,False,absent before the seal: nothing to judge
2026-09-10,target_relative_return_5d,2023-09-01,262,ctx_60m_RSI_VELOCITY_60m,0,0.0,0.0,False,0.0,,,,,0,0,,,0,,,,False,,False,False,absent before the seal: nothing to judge
2026-09-10,target_relative_return_5d,2023-09-01,262,ctx_60m_VOLATILITY_20_60m,0,0.0,0.0,False,0.0,,,,,0,0,,,0,,,,False,,False,False,absent before the seal: nothing to judge
2026-09-10,target_relative_return_5d,2023-09-01,262,ctx_60m_VOLATILITY_50_60m,0,0.0,0.0,False,0.0,,,,,0,0,,,0,,,,False,,False,False,absent before the seal: nothing to judge
2026-09-10,target_relative_return_5d,2023-09-01,262,ctx_60m_MAX_DRAWDOWN_60m,0,0.0,0.0,False,0.0,,,,,0,0,,,0,,,,False,,False,False,absent before the seal: nothing to judge
2026-09-10,target_relative_return_5d,2023-09-01,262,ctx_60m_CURRENT_DRAWDOWN_60m,0,0.0,0.0,False,0.0,,,,,0,0,,,0,,,,False,,False,False,absent before the seal: nothing to judge
2026-09-10,target_relative_return_5d,2023-09-01,262,ctx_60m_SHARPE_RATIO_60m,0,0.0,0.0,False,0.0,,,,,0,0,,,0,,,,False,,False,False,absent before the seal: nothing to judge
2026-09-10,target_relative_return_5d,2023-09-01,262,ctx_60m_SORTINO_RATIO_60m,0,0.0,0.0,False,0.0,,,,,0,0,,,0,,,,False,,False,False,absent before the seal: nothing to judge
2026-09-10,target_relative_return_5d,2023-09-01,262,ctx_60m_AUTOCORR_60m,0,0.0,0.0,False,0.0,,,,,0,0,,,0,,,,False,,False,False,absent before the seal: nothing to judge
2026-09-10,target_relative_return_5d,2023-09-01,262,ctx_60m_HURST_EXPONENT_60m,0,0.0,0.0,False,0.0,,,,,0,0,,,0,,,,False,,False,False,absent before the seal: nothing to judge
2026-09-10,target_relative_return_5d,2023-09-01,262,ctx_60m_SKEWNESS_60m,0,0.0,0.0,False,0.0,,,,,0,0,,,0,,,,False,,False,False,absent before the seal: nothing to judge
2026-09-10,target_relative_return_5d,2023-09-01,262,ctx_60m_KURTOSIS_60m,0,0.0,0.0,False,0.0,,,,,0,0,,,0,,,,False,,False,False,absent before the seal: nothing to judge
2026-09-10,target_relative_return_5d,2023-09-01,262,ctx_60m_MARKET_PREMIUM_60m,0,0.0,0.0,False,0.0,,,,,0,0,,,0,,,,False,,False,False,absent before the seal: nothing to judge
2026-09-10,target_relative_return_5d,2023-09-01,262,ctx_60m_ARSI_14_60m,0,0.0,0.0,False,0.0,,,,,0,0,,,0,,,,False,,False,False,absent before the seal: nothing to judge
2026-09-10,target_relative_return_5d,2023-09-01,262,ctx_60m_AATR_14_60m,0,0.0,0.0,False,0.0,,,,,0,0,,,0,,,,False,,False,False,absent before the seal: nothing to judge
2026-09-10,target_relative_return_5d,2023-09-01,262,ctx_60m_ABB_Upper_60m,0,0.0,0.0,False,0.0,,,,,0,0,,,0,,,,False,,False,False,absent before the seal: nothing to judge
2026-09-10,target_relative_return_5d,2023-09-01,262,ctx_60m_ABB_Mid_60m,0,0.0,0.0,False,0.0,,,,,0,0,,,0,,,,False,,False,False,absent before the seal: nothing to judge
2026-09-10,target_relative_return_5d,2023-09-01,262,ctx_60m_ABB_Lower_60m,0,0.0,0.0,False,0.0,,,,,0,0,,,0,,,,False,,False,False,absent before the seal: nothing to judge
2026-09-10,target_relative_return_5d,2023-09-01,262,ctx_60m_AEMA_20_60m,0,0.0,0.0,False,0.0,,,,,0,0,,,0,,,,False,,False,False,absent before the seal: nothing to judge
2026-09-10,target_relative_return_5d,2023-09-01,262,ctx_60m_CDL_BODY_RATIO_60m,0,0.0,0.0,False,0.0,,,,,0,0,,,0,,,,False,,False,False,absent before the seal: nothing to judge
2026-09-10,target_relative_return_5d,2023-09-01,262,ctx_60m_CDL_UPPER_WICK_RATIO_60m,0,0.0,0.0,False,0.0,,,,,0,0,,,0,,,,False,,False,False,absent before the seal: nothing to judge
2026-09-10,target_relative_return_5d,2023-09-01,262,ctx_60m_CDL_LOWER_WICK_RATIO_60m,0,0.0,0.0,False,0.0,,,,,0,0,,,0,,,,False,,False,False,absent before the seal: nothing to judge
2026-09-10,target_relative_return_5d,2023-09-01,262,ctx_60m_CDL_DOJI_60m,0,0.0,0.0,False,0.0,,,,,0,0,,,0,,,,False,,False,False,absent before the seal: nothing to judge
2026-09-10,target_relative_return_5d,2023-09-01,262,ctx_60m_CDL_HAMMER_60m,0,0.0,0.0,False,0.0,,,,,0,0,,,0,,,,False,,False,False,absent before the seal: nothing to judge
2026-09-10,target_relative_return_5d,2023-09-01,262,ctx_60m_CDL_SHOOTING_STAR_60m,0,0.0,0.0,False,0.0,,,,,0,0,,,0,,,,False,,False,False,absent before the seal: nothing to judge
2026-09-10,target_relative_return_5d,2023-09-01,262,ctx_60m_CDL_MARUBOZU_60m,0,0.0,0.0,False,0.0,,,,,0,0,,,0,,,,False,,False,False,absent before the seal: nothing to judge
2026-09-10,target_relative_return_5d,2023-09-01,262,ctx_60m_CDL_ENGULFING_BULL_60m,0,0.0,0.0,False,0.0,,,,,0,0,,,0,,,,False,,False,False,absent before the seal: nothing to judge
2026-09-10,target_relative_return_5d,2023-09-01,262,ctx_60m_CDL_ENGULFING_BEAR_60m,0,0.0,0.0,False,0.0,,,,,0,0,,,0,,,,False,,False,False,absent before the seal: nothing to judge
2026-09-10,target_relative_return_5d,2023-09-01,262,ctx_60m_CDL_INSIDE_BAR_60m,0,0.0,0.0,False,0.0,,,,,0,0,,,0,,,,False,,False,False,absent before the seal: nothing to judge
2026-09-10,target_relative_return_5d,2023-09-01,262,ctx_60m_CDL_OUTSIDE_BAR_60m,0,0.0,0.0,False,0.0,,,,,0,0,,,0,,,,False,,False,False,absent before the seal: nothing to judge
2026-09-10,target_relative_return_5d,2023-09-01,262,ctx_60m_LEVEL_POSITION_20_60m,0,0.0,0.0,False,0.0,,,,,0,0,,,0,,,,False,,False,False,absent before the seal: nothing to judge
2026-09-10,target_relative_return_5d,2023-09-01,262,ctx_60m_LEVEL_DIST_RESISTANCE_20_60m,0,0.0,0.0,False,0.0,,,,,0,0,,,0,,,,False,,False,False,absent before the seal: nothing to judge
2026-09-10,target_relative_return_5d,2023-09-01,262,ctx_60m_LEVEL_DIST_SUPPORT_20_60m,0,0.0,0.0,False,0.0,,,,,0,0,,,0,,,,False,,False,False,absent before the seal: nothing to judge
2026-09-10,target_relative_return_5d,2023-09-01,262,ctx_60m_LEVEL_BREAKOUT_UP_20_60m,0,0.0,0.0,False,0.0,,,,,0,0,,,0,,,,False,,False,False,absent before the seal: nothing to judge
2026-09-10,target_relative_return_5d,2023-09-01,262,ctx_60m_LEVEL_BREAKOUT_DOWN_20_60m,0,0.0,0.0,False,0.0,,,,,0,0,,,0,,,,False,,False,False,absent before the seal: nothing to judge
2026-09-10,target_relative_return_5d,2023-09-01,262,ctx_60m_returns_60m,0,0.0,0.0,False,0.0,,,,,0,0,,,0,,,,False,,False,False,absent before the seal: nothing to judge
2026-09-10,target_relative_return_5d,2023-09-01,262,ctx_60m_LAG_1_60m,0,0.0,0.0,False,0.0,,,,,0,0,,,0,,,,False,,False,False,absent before the seal: nothing to judge
2026-09-10,target_relative_return_5d,2023-09-01,262,ctx_60m_LAG_5_60m,0,0.0,0.0,False,0.0,,,,,0,0,,,0,,,,False,,False,False,absent before the seal: nothing to judge
2026-09-10,target_relative_return_5d,2023-09-01,262,ctx_60m_LAG_10_60m,0,0.0,0.0,False,0.0,,,,,0,0,,,0,,,,False,,False,False,absent before the seal: nothing to judge
2026-09-10,target_relative_return_5d,2023-09-01,262,ctx_60m_LAG_20_60m,0,0.0,0.0,False,0.0,,,,,0,0,,,0,,,,False,,False,False,absent before the seal: nothing to judge
2026-09-10,target_relative_return_5d,2023-09-01,262,ctx_60m_VELOCITY_1_60m,0,0.0,0.0,False,0.0,,,,,0,0,,,0,,,,False,,False,False,absent before the seal: nothing to judge
2026-09-10,target_relative_return_5d,2023-09-01,262,ctx_60m_VELOCITY_5_60m,0,0.0,0.0,False,0.0,,,,,0,0,,,0,,,,False,,False,False,absent before the seal: nothing to judge
2026-09-10,target_relative_return_5d,2023-09-01,262,ctx_60m_VELOCITY_10_60m,0,0.0,0.0,False,0.0,,,,,0,0,,,0,,,,False,,False,False,absent before the seal: nothing to judge
2026-09-10,target_relative_return_5d,2023-09-01,262,ctx_60m_ACCELERATION_5_60m,0,0.0,0.0,False,0.0,,,,,0,0,,,0,,,,False,,False,False,absent before the seal: nothing to judge
2026-09-10,target_relative_return_5d,2023-09-01,262,ctx_60m_ACCELERATION_10_60m,0,0.0,0.0,False,0.0,,,,,0,0,,,0,,,,False,,False,False,absent before the seal: nothing to judge
2026-09-10,target_relative_return_5d,2023-09-01,262,ctx_60m_ROLLING_SKEW_10_60m,0,0.0,0.0,False,0.0,,,,,0,0,,,0,,,,False,,False,False,absent before the seal: nothing to judge
2026-09-10,target_relative_return_5d,2023-09-01,262,ctx_60m_ROLLING_SKEW_20_60m,0,0.0,0.0,False,0.0,,,,,0,0,,,0,,,,False,,False,False,absent before the seal: nothing to judge
2026-09-10,target_relative_return_5d,2023-09-01,262,ctx_60m_ROLLING_KURT_10_60m,0,0.0,0.0,False,0.0,,,,,0,0,,,0,,,,False,,False,False,absent before the seal: nothing to judge
2026-09-10,target_relative_return_5d,2023-09-01,262,ctx_60m_ROLLING_KURT_20_60m,0,0.0,0.0,False,0.0,,,,,0,0,,,0,,,,False,,False,False,absent before the seal: nothing to judge
2026-09-10,target_relative_return_5d,2023-09-01,262,ctx_60m_ROLLING_VOL_10_60m,0,0.0,0.0,False,0.0,,,,,0,0,,,0,,,,False,,False,False,absent before the seal: nothing to judge
2026-09-10,target_relative_return_5d,2023-09-01,262,ctx_60m_ROLLING_VOL_20_60m,0,0.0,0.0,False,0.0,,,,,0,0,,,0,,,,False,,False,False,absent before the seal: nothing to judge
2026-09-10,target_relative_return_5d,2023-09-01,262,ctx_60m_volume_sma_5_60m,0,0.0,0.0,False,0.0,,,,,0,0,,,0,,,,False,,False,False,absent before the seal: nothing to judge
2026-09-10,target_relative_return_5d,2023-09-01,262,ctx_60m_volume_sma_10_60m,0,0.0,0.0,False,0.0,,,,,0,0,,,0,,,,False,,False,False,absent before the seal: nothing to judge
2026-09-10,target_relative_return_5d,2023-09-01,262,ctx_60m_volume_roc_60m,0,0.0,0.0,False,0.0,,,,,0,0,,,0,,,,False,,False,False,absent before the seal: nothing to judge
2026-09-10,target_relative_return_5d,2023-09-01,262,ctx_60m_price_volume_trend_60m,0,0.0,0.0,False,0.0,,,,,0,0,,,0,,,,False,,False,False,absent before the seal: nothing to judge
2026-09-10,target_relative_return_5d,2023-09-01,262,ctx_60m_obv_60m,0,0.0,0.0,False,0.0,,,,,0,0,,,0,,,,False,,False,False,absent before the seal: nothing to judge
2026-09-10,target_relative_return_5d,2023-09-01,262,ctx_60m_volume_rs_60m,0,0.0,0.0,False,0.0,,,,,0,0,,,0,,,,False,,False,False,absent before the seal: nothing to judge
2026-09-10,target_relative_return_5d,2023-09-01,262,ctx_60m_peer_return_60m,0,0.0,0.0,False,0.0,,,,,0,0,,,0,,,,False,,False,False,absent before the seal: nothing to judge
2026-09-10,target_relative_return_5d,2023-09-01,262,ctx_60m_peer_volatility_60m,0,0.0,0.0,False,0.0,,,,,0,0,,,0,,,,False,,False,False,absent before the seal: nothing to judge
2026-09-10,target_relative_return_5d,2023-09-01,262,ctx_60m_peer_breadth_60m,0,0.0,0.0,False,0.0,,,,,0,0,,,0,,,,False,,False,False,absent before the seal: nothing to judge
2026-09-10,target_relative_return_5d,2023-09-01,262,ctx_60m_peer_divergence_60m,0,0.0,0.0,False,0.0,,,,,0,0,,,0,,,,False,,False,False,absent before the seal: nothing to judge
2026-09-10,target_relative_return_5d,2023-09-01,262,ctx_60m_peer_count_60m,0,0.0,0.0,False,0.0,,,,,0,0,,,0,,,,False,,False,False,absent before the seal: nothing to judge
2026-09-10,target_relative_return_5d,2023-09-01,262,ctx_60m_market_return_60m,0,0.0,0.0,False,0.0,,,,,0,0,,,0,,,,False,,False,False,absent before the seal: nothing to judge
2026-09-10,target_relative_return_5d,2023-09-01,262,ctx_60m_market_breadth_60m,0,0.0,0.0,False,0.0,,,,,0,0,,,0,,,,False,,False,False,absent before the seal: nothing to judge
2026-09-10,target_relative_return_5d,2023-09-01,262,ctx_60m_peer_return_excess_60m,0,0.0,0.0,False,0.0,,,,,0,0,,,0,,,,False,,False,False,absent before the seal: nothing to judge
2026-09-10,target_relative_return_5d,2023-09-01,262,ctx_60m_peer_breadth_excess_60m,0,0.0,0.0,False,0.0,,,,,0,0,,,0,,,,False,,False,False,absent before the seal: nothing to judge
2026-09-10,target_relative_return_5d,2023-09-01,262,ctx_60m_FRED_BAMLC0A0CM_60m,0,0.0,0.0,False,0.0,,,,,0,0,,,0,,,,False,,False,False,absent before the seal: nothing to judge
2026-09-10,target_relative_return_5d,2023-09-01,262,ctx_60m_FRED_BAMLH0A0HYM2_60m,0,0.0,0.0,False,0.0,,,,,0,0,,,0,,,,False,,False,False,absent before the seal: nothing to judge
2026-09-10,target_relative_return_5d,2023-09-01,262,ctx_60m_FRED_CAPUTLB50001SQ_60m,0,0.0,0.0,False,0.0,,,,,0,0,,,0,,,,False,,False,False,absent before the seal: nothing to judge
2026-09-10,target_relative_return_5d,2023-09-01,262,ctx_60m_FRED_CCSA_60m,0,0.0,0.0,False,0.0,,,,,0,0,,,0,,,,False,,False,False,absent before the seal: nothing to judge
2026-09-10,target_relative_return_5d,2023-09-01,262,ctx_60m_FRED_CPIAUCSL_60m,0,0.0,0.0,False,0.0,,,,,0,0,,,0,,,,False,,False,False,absent before the seal: nothing to judge
2026-09-10,target_relative_return_5d,2023-09-01,262,ctx_60m_FRED_CSUSHPINSA_60m,0,0.0,0.0,False,0.0,,,,,0,0,,,0,,,,False,,False,False,absent before the seal: nothing to judge
2026-09-10,target_relative_return_5d,2023-09-01,262,ctx_60m_FRED_DCOILWTICO_60m,0,0.0,0.0,False,0.0,,,,,0,0,,,0,,,,False,,False,False,absent before the seal: nothing to judge
2026-09-10,target_relative_return_5d,2023-09-01,262,ctx_60m_FRED_DEXCHUS_60m,0,0.0,0.0,False,0.0,,,,,0,0,,,0,,,,False,,False,False,absent before the seal: nothing to judge
2026-09-10,target_relative_return_5d,2023-09-01,262,ctx_60m_FRED_DEXUSEU_60m,0,0.0,0.0,False,0.0,,,,,0,0,,,0,,,,False,,False,False,absent before the seal: nothing to judge
2026-09-10,target_relative_return_5d,2023-09-01,262,ctx_60m_FRED_DGORDER_60m,0,0.0,0.0,False,0.0,,,,,0,0,,,0,,,,False,,False,False,absent before the seal: nothing to judge
2026-09-10,target_relative_return_5d,2023-09-01,262,ctx_60m_FRED_DGS10_60m,0,0.0,0.0,False,0.0,,,,,0,0,,,0,,,,False,,False,False,absent before the seal: nothing to judge
2026-09-10,target_relative_return_5d,2023-09-01,262,ctx_60m_FRED_DSPIC96_60m,0,0.0,0.0,False,0.0,,,,,0,0,,,0,,,,False,,False,False,absent before the seal: nothing to judge
2026-09-10,target_relative_return_5d,2023-09-01,262,ctx_60m_FRED_FEDFUNDS_60m,0,0.0,0.0,False,0.0,,,,,0,0,,,0,,,,False,,False,False,absent before the seal: nothing to judge
2026-09-10,target_relative_return_5d,2023-09-01,262,ctx_60m_FRED_GDP_60m,0,0.0,0.0,False,0.0,,,,,0,0,,,0,,,,False,,False,False,absent before the seal: nothing to judge
2026-09-10,target_relative_return_5d,2023-09-01,262,ctx_60m_FRED_GS10_60m,0,0.0,0.0,False,0.0,,,,,0,0,,,0,,,,False,,False,False,absent before the seal: nothing to judge
2026-09-10,target_relative_return_5d,2023-09-01,262,ctx_60m_FRED_GS2_60m,0,0.0,0.0,False,0.0,,,,,0,0,,,0,,,,False,,False,False,absent before the seal: nothing to judge
2026-09-10,target_relative_return_5d,2023-09-01,262,ctx_60m_FRED_HOUST_60m,0,0.0,0.0,False,0.0,,,,,0,0,,,0,,,,False,,False,False,absent before the seal: nothing to judge
2026-09-10,target_relative_return_5d,2023-09-01,262,ctx_60m_FRED_ICSA_60m,0,0.0,0.0,False,0.0,,,,,0,0,,,0,,,,False,,False,False,absent before the seal: nothing to judge
2026-09-10,target_relative_return_5d,2023-09-01,262,ctx_60m_FRED_INDPRO_60m,0,0.0,0.0,False,0.0,,,,,0,0,,,0,,,,False,,False,False,absent before the seal: nothing to judge
2026-09-10,target_relative_return_5d,2023-09-01,262,ctx_60m_FRED_MANEMP_60m,0,0.0,0.0,False,0.0,,,,,0,0,,,0,,,,False,,False,False,absent before the seal: nothing to judge
2026-09-10,target_relative_return_5d,2023-09-01,262,ctx_60m_FRED_NFCI_60m,0,0.0,0.0,False,0.0,,,,,0,0,,,0,,,,False,,False,False,absent before the seal: nothing to judge
2026-09-10,target_relative_return_5d,2023-09-01,262,ctx_60m_FRED_PAYEMS_60m,0,0.0,0.0,False,0.0,,,,,0,0,,,0,,,,False,,False,False,absent before the seal: nothing to judge
2026-09-10,target_relative_return_5d,2023-09-01,262,ctx_60m_FRED_PCEPI_60m,0,0.0,0.0,False,0.0,,,,,0,0,,,0,,,,False,,False,False,absent before the seal: nothing to judge
2026-09-10,target_relative_return_5d,2023-09-01,262,ctx_60m_FRED_PCEPILFE_60m,0,0.0,0.0,False,0.0,,,,,0,0,,,0,,,,False,,False,False,absent before the seal: nothing to judge
2026-09-10,target_relative_return_5d,2023-09-01,262,ctx_60m_FRED_PCU334413334413_60m,0,0.0,0.0,False,0.0,,,,,0,0,,,0,,,,False,,False,False,absent before the seal: nothing to judge
2026-09-10,target_relative_return_5d,2023-09-01,262,ctx_60m_FRED_PERMIT_60m,0,0.0,0.0,False,0.0,,,,,0,0,,,0,,,,False,,False,False,absent before the seal: nothing to judge
2026-09-10,target_relative_return_5d,2023-09-01,262,ctx_60m_FRED_PPIACO_60m,0,0.0,0.0,False,0.0,,,,,0,0,,,0,,,,False,,False,False,absent before the seal: nothing to judge
2026-09-10,target_relative_return_5d,2023-09-01,262,ctx_60m_FRED_RRPONTSYD_60m,0,0.0,0.0,False,0.0,,,,,0,0,,,0,,,,False,,False,False,absent before the seal: nothing to judge
2026-09-10,target_relative_return_5d,2023-09-01,262,ctx_60m_FRED_RSAFS_60m,0,0.0,0.0,False,0.0,,,,,0,0,,,0,,,,False,,False,False,absent before the seal: nothing to judge
2026-09-10,target_relative_return_5d,2023-09-01,262,ctx_60m_FRED_SAHMREALTIME_60m,0,0.0,0.0,False,0.0,,,,,0,0,,,0,,,,False,,False,False,absent before the seal: nothing to judge
2026-09-10,target_relative_return_5d,2023-09-01,262,ctx_60m_FRED_T10Y2Y_60m,0,0.0,0.0,False,0.0,,,,,0,0,,,0,,,,False,,False,False,absent before the seal: nothing to judge
2026-09-10,target_relative_return_5d,2023-09-01,262,ctx_60m_FRED_T10Y3M_60m,0,0.0,0.0,False,0.0,,,,,0,0,,,0,,,,False,,False,False,absent before the seal: nothing to judge
2026-09-10,target_relative_return_5d,2023-09-01,262,ctx_60m_FRED_T10YIE_60m,0,0.0,0.0,False,0.0,,,,,0,0,,,0,,,,False,,False,False,absent before the seal: nothing to judge
2026-09-10,target_relative_return_5d,2023-09-01,262,ctx_60m_FRED_T5YIE_60m,0,0.0,0.0,False,0.0,,,,,0,0,,,0,,,,False,,False,False,absent before the seal: nothing to judge
2026-09-10,target_relative_return_5d,2023-09-01,262,ctx_60m_FRED_T5YIFR_60m,0,0.0,0.0,False,0.0,,,,,0,0,,,0,,,,False,,False,False,absent before the seal: nothing to judge
2026-09-10,target_relative_return_5d,2023-09-01,262,ctx_60m_FRED_TOTALSA_60m,0,0.0,0.0,False,0.0,,,,,0,0,,,0,,,,False,,False,False,absent before the seal: nothing to judge
2026-09-10,target_relative_return_5d,2023-09-01,262,ctx_60m_FRED_UMCSENT_60m,0,0.0,0.0,False,0.0,,,,,0,0,,,0,,,,False,,False,False,absent before the seal: nothing to judge
2026-09-10,target_relative_return_5d,2023-09-01,262,ctx_60m_FRED_UNRATE_60m,0,0.0,0.0,False,0.0,,,,,0,0,,,0,,,,False,,False,False,absent before the seal: nothing to judge
2026-09-10,target_relative_return_5d,2023-09-01,262,ctx_60m_FRED_VIXCLS_60m,0,0.0,0.0,False,0.0,,,,,0,0,,,0,,,,False,,False,False,absent before the seal: nothing to judge
2026-09-10,target_relative_return_5d,2023-09-01,262,ctx_60m_FRED_WALCL_60m,0,0.0,0.0,False,0.0,,,,,0,0,,,0,,,,False,,False,False,absent before the seal: nothing to judge
2026-09-10,target_relative_return_5d,2023-09-01,262,ctx_60m_FRED_WPU01_60m,0,0.0,0.0,False,0.0,,,,,0,0,,,0,,,,False,,False,False,absent before the seal: nothing to judge
2026-09-10,target_relative_return_5d,2023-09-01,262,ctx_60m_FRED_WPU055_60m,0,0.0,0.0,False,0.0,,,,,0,0,,,0,,,,False,,False,False,absent before the seal: nothing to judge
2026-09-10,target_relative_return_5d,2023-09-01,262,ctx_60m_FRED_WPU0561_60m,0,0.0,0.0,False,0.0,,,,,0,0,,,0,,,,False,,False,False,absent before the seal: nothing to judge
2026-09-10,target_relative_return_5d,2023-09-01,262,ctx_60m_FRED_WPU101_60m,0,0.0,0.0,False,0.0,,,,,0,0,,,0,,,,False,,False,False,absent before the seal: nothing to judge
2026-09-10,target_relative_return_5d,2023-09-01,262,ctx_60m_FRED_WTREGEN_60m,0,0.0,0.0,False,0.0,,,,,0,0,,,0,,,,False,,False,False,absent before the seal: nothing to judge
2026-09-10,target_relative_return_5d,2023-09-01,262,ctx_60m_fear_greed_index_60m,0,0.0,0.0,False,0.0,,,,,0,0,,,0,,,,False,,False,False,absent before the seal: nothing to judge
2026-09-10,target_relative_return_5d,2023-09-01,262,ctx_60m_fear_greed_available_60m,0,0.0,0.0,False,0.0,,,,,0,0,,,0,,,,False,,False,False,absent before the seal: nothing to judge
2026-09-10,target_relative_return_5d,2023-09-01,262,ctx_60m_cftc_sp500_net_pct_60m,0,0.0,0.0,False,0.0,,,,,0,0,,,0,,,,False,,False,False,absent before the seal: nothing to judge
2026-09-10,target_relative_return_5d,2023-09-01,262,ctx_60m_cftc_sp500_ls_ratio_60m,0,0.0,0.0,False,0.0,,,,,0,0,,,0,,,,False,,False,False,absent before the seal: nothing to judge
2026-09-10,target_relative_return_5d,2023-09-01,262,ctx_60m_cftc_nasdaq_net_pct_60m,0,0.0,0.0,False,0.0,,,,,0,0,,,0,,,,False,,False,False,absent before the seal: nothing to judge
2026-09-10,target_relative_return_5d,2023-09-01,262,ctx_60m_cftc_nasdaq_ls_ratio_60m,0,0.0,0.0,False,0.0,,,,,0,0,,,0,,,,False,,False,False,absent before the seal: nothing to judge
2026-09-10,target_relative_return_5d,2023-09-01,262,ctx_60m_cftc_dow_net_pct_60m,0,0.0,0.0,False,0.0,,,,,0,0,,,0,,,,False,,False,False,absent before the seal: nothing to judge
2026-09-10,target_relative_return_5d,2023-09-01,262,ctx_60m_cftc_dow_ls_ratio_60m,0,0.0,0.0,False,0.0,,,,,0,0,,,0,,,,False,,False,False,absent before the seal: nothing to judge
2026-09-10,target_relative_return_5d,2023-09-01,262,ctx_60m_cftc_gold_net_pct_60m,0,0.0,0.0,False,0.0,,,,,0,0,,,0,,,,False,,False,False,absent before the seal: nothing to judge
2026-09-10,target_relative_return_5d,2023-09-01,262,ctx_60m_cftc_gold_ls_ratio_60m,0,0.0,0.0,False,0.0,,,,,0,0,,,0,,,,False,,False,False,absent before the seal: nothing to judge
2026-09-10,target_relative_return_5d,2023-09-01,262,ctx_60m_cftc_crude_net_pct_60m,0,0.0,0.0,False,0.0,,,,,0,0,,,0,,,,False,,False,False,absent before the seal: nothing to judge
2026-09-10,target_relative_return_5d,2023-09-01,262,ctx_60m_cftc_crude_ls_ratio_60m,0,0.0,0.0,False,0.0,,,,,0,0,,,0,,,,False,,False,False,absent before the seal: nothing to judge
2026-09-10,target_relative_return_5d,2023-09-01,262,ctx_60m_cftc_available_60m,0,0.0,0.0,False,0.0,,,,,0,0,,,0,,,,False,,False,False,absent before the seal: nothing to judge
2026-09-10,target_relative_return_5d,2023-09-01,262,ctx_60m_filing_days_since_last_60m,0,0.0,0.0,False,0.0,,,,,0,0,,,0,,,,False,,False,False,absent before the seal: nothing to judge
2026-09-10,target_relative_return_5d,2023-09-01,262,ctx_60m_filing_count_30d_60m,0,0.0,0.0,False,0.0,,,,,0,0,,,0,,,,False,,False,False,absent before the seal: nothing to judge
2026-09-10,target_relative_return_5d,2023-09-01,262,ctx_60m_filing_material_30d_60m,0,0.0,0.0,False,0.0,,,,,0,0,,,0,,,,False,,False,False,absent before the seal: nothing to judge
2026-09-10,target_relative_return_5d,2023-09-01,262,ctx_60m_filing_periodic_30d_60m,0,0.0,0.0,False,0.0,,,,,0,0,,,0,,,,False,,False,False,absent before the seal: nothing to judge
2026-09-10,target_relative_return_5d,2023-09-01,262,ctx_60m_filing_data_available_60m,0,0.0,0.0,False,0.0,,,,,0,0,,,0,,,,False,,False,False,absent before the seal: nothing to judge
2026-09-10,target_relative_return_5d,2023-09-01,262,ctx_60m_nlp_sentiment_score_60m,0,0.0,0.0,False,0.0,,,,,0,0,,,0,,,,False,,False,False,absent before the seal: nothing to judge
2026-09-10,target_relative_return_5d,2023-09-01,262,ctx_60m_nlp_subjectivity_score_60m,0,0.0,0.0,False,0.0,,,,,0,0,,,0,,,,False,,False,False,absent before the seal: nothing to judge
2026-09-10,target_relative_return_5d,2023-09-01,262,ctx_60m_nlp_cluster_60m,0,0.0,0.0,False,0.0,,,,,0,0,,,0,,,,False,,False,False,absent before the seal: nothing to judge
2026-09-10,target_relative_return_5d,2023-09-01,262,ctx_60m_volatility_5_60m,0,0.0,0.0,False,0.0,,,,,0,0,,,0,,,,False,,False,False,absent before the seal: nothing to judge
2026-09-10,target_relative_return_5d,2023-09-01,262,ctx_60m_volatility_10_60m,0,0.0,0.0,False,0.0,,,,,0,0,,,0,,,,False,,False,False,absent before the seal: nothing to judge
2026-09-10,target_relative_return_5d,2023-09-01,262,ctx_60m_volatility_20_60m,0,0.0,0.0,False,0.0,,,,,0,0,,,0,,,,False,,False,False,absent before the seal: nothing to judge
2026-09-10,target_relative_return_5d,2023-09-01,262,ctx_60m_atr_14_60m,0,0.0,0.0,False,0.0,,,,,0,0,,,0,,,,False,,False,False,absent before the seal: nothing to judge
2026-09-10,target_relative_return_5d,2023-09-01,262,ctx_60m_gk_volatility_60m,0,0.0,0.0,False,0.0,,,,,0,0,,,0,,,,False,,False,False,absent before the seal: nothing to judge
2026-09-10,target_relative_return_5d,2023-09-01,262,ctx_60m_volatility_regime_60m,0,0.0,0.0,False,0.0,,,,,0,0,,,0,,,,False,,False,False,absent before the seal: nothing to judge
2026-09-10,target_relative_return_5d,2023-09-01,262,ctx_60m_fund_price_to_book_60m,0,0.0,0.0,False,0.0,,,,,0,0,,,0,,,,False,,False,False,absent before the seal: nothing to judge
2026-09-10,target_relative_return_5d,2023-09-01,262,ctx_60m_fund_earnings_yield_60m,0,0.0,0.0,False,0.0,,,,,0,0,,,0,,,,False,,False,False,absent before the seal: nothing to judge
2026-09-10,target_relative_return_5d,2023-09-01,262,ctx_60m_fund_current_ratio_60m,0,0.0,0.0,False,0.0,,,,,0,0,,,0,,,,False,,False,False,absent before the seal: nothing to judge
2026-09-10,target_relative_return_5d,2023-09-01,262,ctx_60m_fund_debt_to_equity_60m,0,0.0,0.0,False,0.0,,,,,0,0,,,0,,,,False,,False,False,absent before the seal: nothing to judge
2026-09-10,target_relative_return_5d,2023-09-01,262,ctx_60m_fund_return_on_equity_60m,0,0.0,0.0,False,0.0,,,,,0,0,,,0,,,,False,,False,False,absent before the seal: nothing to judge
2026-09-10,target_relative_return_5d,2023-09-01,262,ctx_60m_fund_days_since_report_60m,0,0.0,0.0,False,0.0,,,,,0,0,,,0,,,,False,,False,False,absent before the seal: nothing to judge
2026-09-10,target_relative_return_5d,2023-09-01,262,ctx_60m_fund_data_available_60m,0,0.0,0.0,False,0.0,,,,,0,0,,,0,,,,False,,False,False,absent before the seal: nothing to judge
2026-09-10,target_relative_return_5d,2023-09-01,262,ctx_60m_wiki_views_60m,0,0.0,0.0,False,0.0,,,,,0,0,,,0,,,,False,,False,False,absent before the seal: nothing to judge
2026-09-10,target_relative_return_5d,2023-09-01,262,ctx_60m_wiki_attention_z_60m,0,0.0,0.0,False,0.0,,,,,0,0,,,0,,,,False,,False,False,absent before the seal: nothing to judge
2026-09-10,target_relative_return_5d,2023-09-01,262,ctx_60m_wiki_attention_available_60m,0,0.0,0.0,False,0.0,,,,,0,0,,,0,,,,False,,False,False,absent before the seal: nothing to judge
2026-09-10,target_relative_return_5d,2023-09-01,262,ctx_60m_insider_net_value_30d_60m,0,0.0,0.0,False,0.0,,,,,0,0,,,0,,,,False,,False,False,absent before the seal: nothing to judge
2026-09-10,target_relative_return_5d,2023-09-01,262,ctx_60m_insider_available_60m,0,0.0,0.0,False,0.0,,,,,0,0,,,0,,,,False,,False,False,absent before the seal: nothing to judge
2026-09-10,target_relative_return_5d,2023-09-01,262,ctx_60m_keyword_count_60m,0,0.0,0.0,False,0.0,,,,,0,0,,,0,,,,False,,False,False,absent before the seal: nothing to judge
2026-09-10,target_relative_return_5d,2023-09-01,262,ctx_60m_entity_count_60m,0,0.0,0.0,False,0.0,,,,,0,0,,,0,,,,False,,False,False,absent before the seal: nothing to judge
2026-09-10,target_relative_return_5d,2023-09-01,262,ctx_60m_keyword_entity_available_60m,0,0.0,0.0,False,0.0,,,,,0,0,,,0,,,,False,,False,False,absent before the seal: nothing to judge
2026-09-10,target_relative_return_5d,2023-09-01,262,ctx_60m_news_quality_score_60m,0,0.0,0.0,False,0.0,,,,,0,0,,,0,,,,False,,False,False,absent before the seal: nothing to judge
2026-09-10,target_relative_return_5d,2023-09-01,262,ctx_60m_news_source_count_60m,0,0.0,0.0,False,0.0,,,,,0,0,,,0,,,,False,,False,False,absent before the seal: nothing to judge
2026-09-10,target_relative_return_5d,2023-09-01,262,ctx_60m_news_quality_available_60m,0,0.0,0.0,False,0.0,,,,,0,0,,,0,,,,False,,False,False,absent before the seal: nothing to judge
2026-09-10,target_relative_return_5d,2023-09-01,262,ctx_60m_news_freshness_hours_60m,0,0.0,0.0,False,0.0,,,,,0,0,,,0,,,,False,,False,False,absent before the seal: nothing to judge
2026-09-10,target_relative_return_5d,2023-09-01,262,ctx_60m_news_coverage_60m,0,0.0,0.0,False,0.0,,,,,0,0,,,0,,,,False,,False,False,absent before the seal: nothing to judge
2026-09-10,target_relative_return_5d,2023-09-01,262,ctx_60m_sentiment_available_60m,0,0.0,0.0,False,0.0,,,,,0,0,,,0,,,,False,,False,False,absent before the seal: nothing to judge
2026-09-10,target_relative_return_5d,2023-09-01,262,ctx_60m_sentiment_sma_5_60m,0,0.0,0.0,False,0.0,,,,,0,0,,,0,,,,False,,False,False,absent before the seal: nothing to judge
2026-09-10,target_relative_return_5d,2023-09-01,262,ctx_60m_sentiment_std_5_60m,0,0.0,0.0,False,0.0,,,,,0,0,,,0,,,,False,,False,False,absent before the seal: nothing to judge
2026-09-10,target_relative_return_5d,2023-09-01,262,ctx_60m_sentiment_sma_20_60m,0,0.0,0.0,False,0.0,,,,,0,0,,,0,,,,False,,False,False,absent before the seal: nothing to judge
2026-09-10,target_relative_return_5d,2023-09-01,262,ctx_60m_sentiment_std_20_60m,0,0.0,0.0,False,0.0,,,,,0,0,,,0,,,,False,,False,False,absent before the seal: nothing to judge
2026-09-10,target_relative_return_5d,2023-09-01,262,ctx_60m_sentiment_sma_50_60m,0,0.0,0.0,False,0.0,,,,,0,0,,,0,,,,False,,False,False,absent before the seal: nothing to judge
2026-09-10,target_relative_return_5d,2023-09-01,262,ctx_60m_sentiment_std_50_60m,0,0.0,0.0,False,0.0,,,,,0,0,,,0,,,,False,,False,False,absent before the seal: nothing to judge
2026-09-10,target_relative_return_5d,2023-09-01,262,ctx_60m_sentiment_ema_60m,0,0.0,0.0,False,0.0,,,,,0,0,,,0,,,,False,,False,False,absent before the seal: nothing to judge
2026-09-10,target_relative_return_5d,2023-09-01,262,ctx_60m_sentiment_velocity_60m,0,0.0,0.0,False,0.0,,,,,0,0,,,0,,,,False,,False,False,absent before the seal: nothing to judge
2026-09-10,target_relative_return_5d,2023-09-01,262,ctx_60m_news_intensity_60m,0,0.0,0.0,False,0.0,,,,,0,0,,,0,,,,False,,False,False,absent before the seal: nothing to judge
2026-09-10,target_relative_return_5d,2023-09-01,262,ctx_60m_sentiment_decay_weighted_60m,0,0.0,0.0,False,0.0,,,,,0,0,,,0,,,,False,,False,False,absent before the seal: nothing to judge
2026-09-10,target_relative_return_5d,2023-09-01,262,ctx_60m_news_impact_available_60m,0,0.0,0.0,False,0.0,,,,,0,0,,,0,,,,False,,False,False,absent before the seal: nothing to judge
2026-09-10,target_relative_return_5d,2023-09-01,262,ctx_60m_news_impact_score_60m,0,0.0,0.0,False,0.0,,,,,0,0,,,0,,,,False,,False,False,absent before the seal: nothing to judge
2026-09-10,target_relative_return_5d,2023-09-01,262,ctx_60m_news_significance_level_60m,0,0.0,0.0,False,0.0,,,,,0,0,,,0,,,,False,,False,False,absent before the seal: nothing to judge
2026-09-10,target_relative_return_5d,2023-09-01,262,ctx_60m_hype_available_60m,0,0.0,0.0,False,0.0,,,,,0,0,,,0,,,,False,,False,False,absent before the seal: nothing to judge
2026-09-10,target_relative_return_5d,2023-09-01,262,ctx_60m_hype_score_60m,0,0.0,0.0,False,0.0,,,,,0,0,,,0,,,,False,,False,False,absent before the seal: nothing to judge
2026-09-10,target_relative_return_5d,2023-09-01,262,ctx_60m_is_significant_60m,0,0.0,0.0,False,0.0,,,,,0,0,,,0,,,,False,,False,False,absent before the seal: nothing to judge
2026-09-10,target_relative_return_5d,2023-09-01,262,ctx_60m_significant_events_7d_60m,0,0.0,0.0,False,0.0,,,,,0,0,,,0,,,,False,,False,False,absent before the seal: nothing to judge
2026-09-10,target_relative_return_5d,2023-09-01,262,ctx_60m_significant_events_30d_60m,0,0.0,0.0,False,0.0,,,,,0,0,,,0,,,,False,,False,False,absent before the seal: nothing to judge
2026-09-10,target_relative_return_5d,2023-09-01,262,ctx_60m_days_since_last_significant_60m,0,0.0,0.0,False,0.0,,,,,0,0,,,0,,,,False,,False,False,absent before the seal: nothing to judge
2026-09-10,target_relative_return_5d,2023-09-01,262,ctx_60m_significance_intensity_7d_60m,0,0.0,0.0,False,0.0,,,,,0,0,,,0,,,,False,,False,False,absent before the seal: nothing to judge
2026-09-10,target_relative_return_5d,2023-09-01,262,ctx_60m_is_significant_decayed_60m,0,0.0,0.0,False,0.0,,,,,0,0,,,0,,,,False,,False,False,absent before the seal: nothing to judge
2026-09-10,target_relative_return_5d,2023-09-01,262,ctx_60m_sentiment_mean_60m,0,0.0,0.0,False,0.0,,,,,0,0,,,0,,,,False,,False,False,absent before the seal: nothing to judge
2026-09-10,target_relative_return_5d,2023-09-01,262,ctx_60m_sentiment_std_stat_60m,0,0.0,0.0,False,0.0,,,,,0,0,,,0,,,,False,,False,False,absent before the seal: nothing to judge
2026-09-10,target_relative_return_5d,2023-09-01,262,ctx_60m_sentiment_pos_threshold_60m,0,0.0,0.0,False,0.0,,,,,0,0,,,0,,,,False,,False,False,absent before the seal: nothing to judge
2026-09-10,target_relative_return_5d,2023-09-01,262,ctx_60m_sentiment_neg_threshold_60m,0,0.0,0.0,False,0.0,,,,,0,0,,,0,,,,False,,False,False,absent before the seal: nothing to judge
2026-09-10,target_relative_return_5d,2023-09-01,262,ctx_60m_macro_composite_score_60m,0,0.0,0.0,False,0.0,,,,,0,0,,,0,,,,False,,False,False,absent before the seal: nothing to judge
2026-09-10,target_relative_return_5d,2023-09-01,262,ctx_60m_state_open_60m,0,0.0,0.0,False,0.0,,,,,0,0,,,0,,,,False,,False,False,absent before the seal: nothing to judge
2026-09-10,target_relative_return_5d,2023-09-01,262,ctx_60m_state_high_60m,0,0.0,0.0,False,0.0,,,,,0,0,,,0,,,,False,,False,False,absent before the seal: nothing to judge
2026-09-10,target_relative_return_5d,2023-09-01,262,ctx_60m_state_low_60m,0,0.0,0.0,False,0.0,,,,,0,0,,,0,,,,False,,False,False,absent before the seal: nothing to judge
2026-09-10,target_relative_return_5d,2023-09-01,262,ctx_60m_state_close_60m,0,0.0,0.0,False,0.0,,,,,0,0,,,0,,,,False,,False,False,absent before the seal: nothing to judge
2026-09-10,target_relative_return_5d,2023-09-01,262,ctx_60m_state_volume_60m,0,0.0,0.0,False,0.0,,,,,0,0,,,0,,,,False,,False,False,absent before the seal: nothing to judge
2026-09-10,target_relative_return_5d,2023-09-01,262,ctx_60m_state_market_session_60m,0,0.0,0.0,False,0.0,,,,,0,0,,,0,,,,False,,False,False,absent before the seal: nothing to judge
2026-09-10,target_relative_return_5d,2023-09-01,262,ctx_60m_state_hour_sin_60m,0,0.0,0.0,False,0.0,,,,,0,0,,,0,,,,False,,False,False,absent before the seal: nothing to judge
2026-09-10,target_relative_return_5d,2023-09-01,262,ctx_60m_state_hour_cos_60m,0,0.0,0.0,False,0.0,,,,,0,0,,,0,,,,False,,False,False,absent before the seal: nothing to judge
2026-09-10,target_relative_return_5d,2023-09-01,262,ctx_60m_state_day_of_week_sin_60m,0,0.0,0.0,False,0.0,,,,,0,0,,,0,,,,False,,False,False,absent before the seal: nothing to judge
2026-09-10,target_relative_return_5d,2023-09-01,262,ctx_60m_state_day_of_week_cos_60m,0,0.0,0.0,False,0.0,,,,,0,0,,,0,,,,False,,False,False,absent before the seal: nothing to judge
2026-09-10,target_relative_return_5d,2023-09-01,262,ctx_60m_state_SMA_5_60m,0,0.0,0.0,False,0.0,,,,,0,0,,,0,,,,False,,False,False,absent before the seal: nothing to judge
2026-09-10,target_relative_return_5d,2023-09-01,262,ctx_60m_state_SMA_10_60m,0,0.0,0.0,False,0.0,,,,,0,0,,,0,,,,False,,False,False,absent before the seal: nothing to judge
2026-09-10,target_relative_return_5d,2023-09-01,262,ctx_60m_state_SMA_20_60m,0,0.0,0.0,False,0.0,,,,,0,0,,,0,,,,False,,False,False,absent before the seal: nothing to judge
2026-09-10,target_relative_return_5d,2023-09-01,262,ctx_60m_state_SMA_50_60m,0,0.0,0.0,False,0.0,,,,,0,0,,,0,,,,False,,False,False,absent before the seal: nothing to judge
2026-09-10,target_relative_return_5d,2023-09-01,262,ctx_60m_state_SMA_100_60m,0,0.0,0.0,False,0.0,,,,,0,0,,,0,,,,False,,False,False,absent before the seal: nothing to judge
2026-09-10,target_relative_return_5d,2023-09-01,262,ctx_60m_state_SMA_200_60m,0,0.0,0.0,False,0.0,,,,,0,0,,,0,,,,False,,False,False,absent before the seal: nothing to judge
2026-09-10,target_relative_return_5d,2023-09-01,262,ctx_60m_state_EMA_5_60m,0,0.0,0.0,False,0.0,,,,,0,0,,,0,,,,False,,False,False,absent before the seal: nothing to judge
2026-09-10,target_relative_return_5d,2023-09-01,262,ctx_60m_state_EMA_10_60m,0,0.0,0.0,False,0.0,,,,,0,0,,,0,,,,False,,False,False,absent before the seal: nothing to judge
2026-09-10,target_relative_return_5d,2023-09-01,262,ctx_60m_state_EMA_20_60m,0,0.0,0.0,False,0.0,,,,,0,0,,,0,,,,False,,False,False,absent before the seal: nothing to judge
2026-09-10,target_relative_return_5d,2023-09-01,262,ctx_60m_state_EMA_50_60m,0,0.0,0.0,False,0.0,,,,,0,0,,,0,,,,False,,False,False,absent before the seal: nothing to judge
2026-09-10,target_relative_return_5d,2023-09-01,262,ctx_60m_state_EMA_100_60m,0,0.0,0.0,False,0.0,,,,,0,0,,,0,,,,False,,False,False,absent before the seal: nothing to judge
2026-09-10,target_relative_return_5d,2023-09-01,262,ctx_60m_state_EMA_200_60m,0,0.0,0.0,False,0.0,,,,,0,0,,,0,,,,False,,False,False,absent before the seal: nothing to judge
2026-09-10,target_relative_return_5d,2023-09-01,262,ctx_60m_state_RSI_14_60m,0,0.0,0.0,False,0.0,,,,,0,0,,,0,,,,False,,False,False,absent before the seal: nothing to judge
2026-09-10,target_relative_return_5d,2023-09-01,262,ctx_60m_state_MACD_60m,0,0.0,0.0,False,0.0,,,,,0,0,,,0,,,,False,,False,False,absent before the seal: nothing to judge
2026-09-10,target_relative_return_5d,2023-09-01,262,ctx_60m_state_MACD_Signal_60m,0,0.0,0.0,False,0.0,,,,,0,0,,,0,,,,False,,False,False,absent before the seal: nothing to judge
2026-09-10,target_relative_return_5d,2023-09-01,262,ctx_60m_state_MACD_Histogram_60m,0,0.0,0.0,False,0.0,,,,,0,0,,,0,,,,False,,False,False,absent before the seal: nothing to judge
2026-09-10,target_relative_return_5d,2023-09-01,262,ctx_60m_state_BB_Upper_60m,0,0.0,0.0,False,0.0,,,,,0,0,,,0,,,,False,,False,False,absent before the seal: nothing to judge
2026-09-10,target_relative_return_5d,2023-09-01,262,ctx_60m_state_BB_Middle_60m,0,0.0,0.0,False,0.0,,,,,0,0,,,0,,,,False,,False,False,absent before the seal: nothing to judge
2026-09-10,target_relative_return_5d,2023-09-01,262,ctx_60m_state_BB_Lower_60m,0,0.0,0.0,False,0.0,,,,,0,0,,,0,,,,False,,False,False,absent before the seal: nothing to judge
2026-09-10,target_relative_return_5d,2023-09-01,262,ctx_60m_state_ATR_14_60m,0,0.0,0.0,False,0.0,,,,,0,0,,,0,,,,False,,False,False,absent before the seal: nothing to judge
2026-09-10,target_relative_return_5d,2023-09-01,262,ctx_60m_state_Stoch_K_60m,0,0.0,0.0,False,0.0,,,,,0,0,,,0,,,,False,,False,False,absent before the seal: nothing to judge
2026-09-10,target_relative_return_5d,2023-09-01,262,ctx_60m_state_Stoch_D_60m,0,0.0,0.0,False,0.0,,,,,0,0,,,0,,,,False,,False,False,absent before the seal: nothing to judge
2026-09-10,target_relative_return_5d,2023-09-01,262,ctx_60m_state_Williams_R_60m,0,0.0,0.0,False,0.0,,,,,0,0,,,0,,,,False,,False,False,absent before the seal: nothing to judge
2026-09-10,target_relative_return_5d,2023-09-01,262,ctx_60m_state_CCI_60m,0,0.0,0.0,False,0.0,,,,,0,0,,,0,,,,False,,False,False,absent before the seal: nothing to judge
2026-09-10,target_relative_return_5d,2023-09-01,262,ctx_60m_state_VOLATILITY_5_60m,0,0.0,0.0,False,0.0,,,,,0,0,,,0,,,,False,,False,False,absent before the seal: nothing to judge
2026-09-10,target_relative_return_5d,2023-09-01,262,ctx_60m_state_MOMENTUM_ZSCORE_60m,0,0.0,0.0,False,0.0,,,,,0,0,,,0,,,,False,,False,False,absent before the seal: nothing to judge
2026-09-10,target_relative_return_5d,2023-09-01,262,ctx_60m_state_RSI_VELOCITY_60m,0,0.0,0.0,False,0.0,,,,,0,0,,,0,,,,False,,False,False,absent before the seal: nothing to judge
2026-09-10,target_relative_return_5d,2023-09-01,262,ctx_60m_state_VOLATILITY_20_60m,0,0.0,0.0,False,0.0,,,,,0,0,,,0,,,,False,,False,False,absent before the seal: nothing to judge
2026-09-10,target_relative_return_5d,2023-09-01,262,ctx_60m_state_VOLATILITY_50_60m,0,0.0,0.0,False,0.0,,,,,0,0,,,0,,,,False,,False,False,absent before the seal: nothing to judge
2026-09-10,target_relative_return_5d,2023-09-01,262,ctx_60m_state_MAX_DRAWDOWN_60m,0,0.0,0.0,False,0.0,,,,,0,0,,,0,,,,False,,False,False,absent before the seal: nothing to judge
2026-09-10,target_relative_return_5d,2023-09-01,262,ctx_60m_state_CURRENT_DRAWDOWN_60m,0,0.0,0.0,False,0.0,,,,,0,0,,,0,,,,False,,False,False,absent before the seal: nothing to judge
2026-09-10,target_relative_return_5d,2023-09-01,262,ctx_60m_state_SHARPE_RATIO_60m,0,0.0,0.0,False,0.0,,,,,0,0,,,0,,,,False,,False,False,absent before the seal: nothing to judge
2026-09-10,target_relative_return_5d,2023-09-01,262,ctx_60m_state_SORTINO_RATIO_60m,0,0.0,0.0,False,0.0,,,,,0,0,,,0,,,,False,,False,False,absent before the seal: nothing to judge
2026-09-10,target_relative_return_5d,2023-09-01,262,ctx_60m_state_AUTOCORR_60m,0,0.0,0.0,False,0.0,,,,,0,0,,,0,,,,False,,False,False,absent before the seal: nothing to judge
2026-09-10,target_relative_return_5d,2023-09-01,262,ctx_60m_state_HURST_EXPONENT_60m,0,0.0,0.0,False,0.0,,,,,0,0,,,0,,,,False,,False,False,absent before the seal: nothing to judge
2026-09-10,target_relative_return_5d,2023-09-01,262,ctx_60m_state_SKEWNESS_60m,0,0.0,0.0,False,0.0,,,,,0,0,,,0,,,,False,,False,False,absent before the seal: nothing to judge
2026-09-10,target_relative_return_5d,2023-09-01,262,ctx_60m_state_KURTOSIS_60m,0,0.0,0.0,False,0.0,,,,,0,0,,,0,,,,False,,False,False,absent before the seal: nothing to judge
2026-09-10,target_relative_return_5d,2023-09-01,262,ctx_60m_state_MARKET_PREMIUM_60m,0,0.0,0.0,False,0.0,,,,,0,0,,,0,,,,False,,False,False,absent before the seal: nothing to judge
2026-09-10,target_relative_return_5d,2023-09-01,262,ctx_60m_state_ARSI_14_60m,0,0.0,0.0,False,0.0,,,,,0,0,,,0,,,,False,,False,False,absent before the seal: nothing to judge
2026-09-10,target_relative_return_5d,2023-09-01,262,ctx_60m_state_AATR_14_60m,0,0.0,0.0,False,0.0,,,,,0,0,,,0,,,,False,,False,False,absent before the seal: nothing to judge
2026-09-10,target_relative_return_5d,2023-09-01,262,ctx_60m_state_ABB_Upper_60m,0,0.0,0.0,False,0.0,,,,,0,0,,,0,,,,False,,False,False,absent before the seal: nothing to judge
2026-09-10,target_relative_return_5d,2023-09-01,262,ctx_60m_state_ABB_Mid_60m,0,0.0,0.0,False,0.0,,,,,0,0,,,0,,,,False,,False,False,absent before the seal: nothing to judge
2026-09-10,target_relative_return_5d,2023-09-01,262,ctx_60m_state_ABB_Lower_60m,0,0.0,0.0,False,0.0,,,,,0,0,,,0,,,,False,,False,False,absent before the seal: nothing to judge
2026-09-10,target_relative_return_5d,2023-09-01,262,ctx_60m_state_AEMA_20_60m,0,0.0,0.0,False,0.0,,,,,0,0,,,0,,,,False,,False,False,absent before the seal: nothing to judge
2026-09-10,target_relative_return_5d,2023-09-01,262,ctx_60m_state_CDL_BODY_RATIO_60m,0,0.0,0.0,False,0.0,,,,,0,0,,,0,,,,False,,False,False,absent before the seal: nothing to judge
2026-09-10,target_relative_return_5d,2023-09-01,262,ctx_60m_state_CDL_UPPER_WICK_RATIO_60m,0,0.0,0.0,False,0.0,,,,,0,0,,,0,,,,False,,False,False,absent before the seal: nothing to judge
2026-09-10,target_relative_return_5d,2023-09-01,262,ctx_60m_state_CDL_LOWER_WICK_RATIO_60m,0,0.0,0.0,False,0.0,,,,,0,0,,,0,,,,False,,False,False,absent before the seal: nothing to judge
2026-09-10,target_relative_return_5d,2023-09-01,262,ctx_60m_state_CDL_DOJI_60m,0,0.0,0.0,False,0.0,,,,,0,0,,,0,,,,False,,False,False,absent before the seal: nothing to judge
2026-09-10,target_relative_return_5d,2023-09-01,262,ctx_60m_state_CDL_HAMMER_60m,0,0.0,0.0,False,0.0,,,,,0,0,,,0,,,,False,,False,False,absent before the seal: nothing to judge
2026-09-10,target_relative_return_5d,2023-09-01,262,ctx_60m_state_CDL_SHOOTING_STAR_60m,0,0.0,0.0,False,0.0,,,,,0,0,,,0,,,,False,,False,False,absent before the seal: nothing to judge
2026-09-10,target_relative_return_5d,2023-09-01,262,ctx_60m_state_CDL_MARUBOZU_60m,0,0.0,0.0,False,0.0,,,,,0,0,,,0,,,,False,,False,False,absent before the seal: nothing to judge
2026-09-10,target_relative_return_5d,2023-09-01,262,ctx_60m_state_CDL_ENGULFING_BULL_60m,0,0.0,0.0,False,0.0,,,,,0,0,,,0,,,,False,,False,False,absent before the seal: nothing to judge
2026-09-10,target_relative_return_5d,2023-09-01,262,ctx_60m_state_CDL_ENGULFING_BEAR_60m,0,0.0,0.0,False,0.0,,,,,0,0,,,0,,,,False,,False,False,absent before the seal: nothing to judge
2026-09-10,target_relative_return_5d,2023-09-01,262,ctx_60m_state_CDL_INSIDE_BAR_60m,0,0.0,0.0,False,0.0,,,,,0,0,,,0,,,,False,,False,False,absent before the seal: nothing to judge
2026-09-10,target_relative_return_5d,2023-09-01,262,ctx_60m_state_CDL_OUTSIDE_BAR_60m,0,0.0,0.0,False,0.0,,,,,0,0,,,0,,,,False,,False,False,absent before the seal: nothing to judge
2026-09-10,target_relative_return_5d,2023-09-01,262,ctx_60m_state_LEVEL_POSITION_20_60m,0,0.0,0.0,False,0.0,,,,,0,0,,,0,,,,False,,False,False,absent before the seal: nothing to judge
2026-09-10,target_relative_return_5d,2023-09-01,262,ctx_60m_state_LEVEL_DIST_RESISTANCE_20_60m,0,0.0,0.0,False,0.0,,,,,0,0,,,0,,,,False,,False,False,absent before the seal: nothing to judge
2026-09-10,target_relative_return_5d,2023-09-01,262,ctx_60m_state_LEVEL_DIST_SUPPORT_20_60m,0,0.0,0.0,False,0.0,,,,,0,0,,,0,,,,False,,False,False,absent before the seal: nothing to judge
2026-09-10,target_relative_return_5d,2023-09-01,262,ctx_60m_state_LEVEL_BREAKOUT_UP_20_60m,0,0.0,0.0,False,0.0,,,,,0,0,,,0,,,,False,,False,False,absent before the seal: nothing to judge
2026-09-10,target_relative_return_5d,2023-09-01,262,ctx_60m_state_LEVEL_BREAKOUT_DOWN_20_60m,0,0.0,0.0,False,0.0,,,,,0,0,,,0,,,,False,,False,False,absent before the seal: nothing to judge
2026-09-10,target_relative_return_5d,2023-09-01,262,ctx_60m_state_returns_60m,0,0.0,0.0,False,0.0,,,,,0,0,,,0,,,,False,,False,False,absent before the seal: nothing to judge
2026-09-10,target_relative_return_5d,2023-09-01,262,ctx_60m_state_LAG_1_60m,0,0.0,0.0,False,0.0,,,,,0,0,,,0,,,,False,,False,False,absent before the seal: nothing to judge
2026-09-10,target_relative_return_5d,2023-09-01,262,ctx_60m_state_LAG_5_60m,0,0.0,0.0,False,0.0,,,,,0,0,,,0,,,,False,,False,False,absent before the seal: nothing to judge
2026-09-10,target_relative_return_5d,2023-09-01,262,ctx_60m_state_LAG_10_60m,0,0.0,0.0,False,0.0,,,,,0,0,,,0,,,,False,,False,False,absent before the seal: nothing to judge
2026-09-10,target_relative_return_5d,2023-09-01,262,ctx_60m_state_LAG_20_60m,0,0.0,0.0,False,0.0,,,,,0,0,,,0,,,,False,,False,False,absent before the seal: nothing to judge
2026-09-10,target_relative_return_5d,2023-09-01,262,ctx_60m_state_VELOCITY_1_60m,0,0.0,0.0,False,0.0,,,,,0,0,,,0,,,,False,,False,False,absent before the seal: nothing to judge
2026-09-10,target_relative_return_5d,2023-09-01,262,ctx_60m_state_VELOCITY_5_60m,0,0.0,0.0,False,0.0,,,,,0,0,,,0,,,,False,,False,False,absent before the seal: nothing to judge
2026-09-10,target_relative_return_5d,2023-09-01,262,ctx_60m_state_VELOCITY_10_60m,0,0.0,0.0,False,0.0,,,,,0,0,,,0,,,,False,,False,False,absent before the seal: nothing to judge
2026-09-10,target_relative_return_5d,2023-09-01,262,ctx_60m_state_ACCELERATION_5_60m,0,0.0,0.0,False,0.0,,,,,0,0,,,0,,,,False,,False,False,absent before the seal: nothing to judge
2026-09-10,target_relative_return_5d,2023-09-01,262,ctx_60m_state_ACCELERATION_10_60m,0,0.0,0.0,False,0.0,,,,,0,0,,,0,,,,False,,False,False,absent before the seal: nothing to judge
2026-09-10,target_relative_return_5d,2023-09-01,262,ctx_60m_state_ROLLING_SKEW_10_60m,0,0.0,0.0,False,0.0,,,,,0,0,,,0,,,,False,,False,False,absent before the seal: nothing to judge
2026-09-10,target_relative_return_5d,2023-09-01,262,ctx_60m_state_ROLLING_SKEW_20_60m,0,0.0,0.0,False,0.0,,,,,0,0,,,0,,,,False,,False,False,absent before the seal: nothing to judge
2026-09-10,target_relative_return_5d,2023-09-01,262,ctx_60m_state_ROLLING_KURT_10_60m,0,0.0,0.0,False,0.0,,,,,0,0,,,0,,,,False,,False,False,absent before the seal: nothing to judge
2026-09-10,target_relative_return_5d,2023-09-01,262,ctx_60m_state_ROLLING_KURT_20_60m,0,0.0,0.0,False,0.0,,,,,0,0,,,0,,,,False,,False,False,absent before the seal: nothing to judge
2026-09-10,target_relative_return_5d,2023-09-01,262,ctx_60m_state_ROLLING_VOL_10_60m,0,0.0,0.0,False,0.0,,,,,0,0,,,0,,,,False,,False,False,absent before the seal: nothing to judge
2026-09-10,target_relative_return_5d,2023-09-01,262,ctx_60m_state_ROLLING_VOL_20_60m,0,0.0,0.0,False,0.0,,,,,0,0,,,0,,,,False,,False,False,absent before the seal: nothing to judge
2026-09-10,target_relative_return_5d,2023-09-01,262,ctx_60m_state_volume_sma_5_60m,0,0.0,0.0,False,0.0,,,,,0,0,,,0,,,,False,,False,False,absent before the seal: nothing to judge
2026-09-10,target_relative_return_5d,2023-09-01,262,ctx_60m_state_volume_sma_10_60m,0,0.0,0.0,False,0.0,,,,,0,0,,,0,,,,False,,False,False,absent before the seal: nothing to judge
2026-09-10,target_relative_return_5d,2023-09-01,262,ctx_60m_state_volume_roc_60m,0,0.0,0.0,False,0.0,,,,,0,0,,,0,,,,False,,False,False,absent before the seal: nothing to judge
2026-09-10,target_relative_return_5d,2023-09-01,262,ctx_60m_state_price_volume_trend_60m,0,0.0,0.0,False,0.0,,,,,0,0,,,0,,,,False,,False,False,absent before the seal: nothing to judge
2026-09-10,target_relative_return_5d,2023-09-01,262,ctx_60m_state_obv_60m,0,0.0,0.0,False,0.0,,,,,0,0,,,0,,,,False,,False,False,absent before the seal: nothing to judge
2026-09-10,target_relative_return_5d,2023-09-01,262,ctx_60m_state_volume_rs_60m,0,0.0,0.0,False,0.0,,,,,0,0,,,0,,,,False,,False,False,absent before the seal: nothing to judge
2026-09-10,target_relative_return_5d,2023-09-01,262,ctx_60m_state_peer_return_60m,0,0.0,0.0,False,0.0,,,,,0,0,,,0,,,,False,,False,False,absent before the seal: nothing to judge
2026-09-10,target_relative_return_5d,2023-09-01,262,ctx_60m_state_peer_volatility_60m,0,0.0,0.0,False,0.0,,,,,0,0,,,0,,,,False,,False,False,absent before the seal: nothing to judge
2026-09-10,target_relative_return_5d,2023-09-01,262,ctx_60m_state_peer_breadth_60m,0,0.0,0.0,False,0.0,,,,,0,0,,,0,,,,False,,False,False,absent before the seal: nothing to judge
2026-09-10,target_relative_return_5d,2023-09-01,262,ctx_60m_state_peer_divergence_60m,0,0.0,0.0,False,0.0,,,,,0,0,,,0,,,,False,,False,False,absent before the seal: nothing to judge
2026-09-10,target_relative_return_5d,2023-09-01,262,ctx_60m_state_peer_count_60m,0,0.0,0.0,False,0.0,,,,,0,0,,,0,,,,False,,False,False,absent before the seal: nothing to judge
2026-09-10,target_relative_return_5d,2023-09-01,262,ctx_60m_state_market_return_60m,0,0.0,0.0,False,0.0,,,,,0,0,,,0,,,,False,,False,False,absent before the seal: nothing to judge
2026-09-10,target_relative_return_5d,2023-09-01,262,ctx_60m_state_market_breadth_60m,0,0.0,0.0,False,0.0,,,,,0,0,,,0,,,,False,,False,False,absent before the seal: nothing to judge
2026-09-10,target_relative_return_5d,2023-09-01,262,ctx_60m_state_peer_return_excess_60m,0,0.0,0.0,False,0.0,,,,,0,0,,,0,,,,False,,False,False,absent before the seal: nothing to judge
2026-09-10,target_relative_return_5d,2023-09-01,262,ctx_60m_state_peer_breadth_excess_60m,0,0.0,0.0,False,0.0,,,,,0,0,,,0,,,,False,,False,False,absent before the seal: nothing to judge
2026-09-10,target_relative_return_5d,2023-09-01,262,ctx_60m_state_FRED_BAMLC0A0CM_60m,0,0.0,0.0,False,0.0,,,,,0,0,,,0,,,,False,,False,False,absent before the seal: nothing to judge
2026-09-10,target_relative_return_5d,2023-09-01,262,ctx_60m_state_FRED_BAMLH0A0HYM2_60m,0,0.0,0.0,False,0.0,,,,,0,0,,,0,,,,False,,False,False,absent before the seal: nothing to judge
2026-09-10,target_relative_return_5d,2023-09-01,262,ctx_60m_state_FRED_CAPUTLB50001SQ_60m,0,0.0,0.0,False,0.0,,,,,0,0,,,0,,,,False,,False,False,absent before the seal: nothing to judge
2026-09-10,target_relative_return_5d,2023-09-01,262,ctx_60m_state_FRED_CCSA_60m,0,0.0,0.0,False,0.0,,,,,0,0,,,0,,,,False,,False,False,absent before the seal: nothing to judge
2026-09-10,target_relative_return_5d,2023-09-01,262,ctx_60m_state_FRED_CPIAUCSL_60m,0,0.0,0.0,False,0.0,,,,,0,0,,,0,,,,False,,False,False,absent before the seal: nothing to judge
2026-09-10,target_relative_return_5d,2023-09-01,262,ctx_60m_state_FRED_CSUSHPINSA_60m,0,0.0,0.0,False,0.0,,,,,0,0,,,0,,,,False,,False,False,absent before the seal: nothing to judge
2026-09-10,target_relative_return_5d,2023-09-01,262,ctx_60m_state_FRED_DCOILWTICO_60m,0,0.0,0.0,False,0.0,,,,,0,0,,,0,,,,False,,False,False,absent before the seal: nothing to judge
2026-09-10,target_relative_return_5d,2023-09-01,262,ctx_60m_state_FRED_DEXCHUS_60m,0,0.0,0.0,False,0.0,,,,,0,0,,,0,,,,False,,False,False,absent before the seal: nothing to judge
2026-09-10,target_relative_return_5d,2023-09-01,262,ctx_60m_state_FRED_DEXUSEU_60m,0,0.0,0.0,False,0.0,,,,,0,0,,,0,,,,False,,False,False,absent before the seal: nothing to judge
2026-09-10,target_relative_return_5d,2023-09-01,262,ctx_60m_state_FRED_DGORDER_60m,0,0.0,0.0,False,0.0,,,,,0,0,,,0,,,,False,,False,False,absent before the seal: nothing to judge
2026-09-10,target_relative_return_5d,2023-09-01,262,ctx_60m_state_FRED_DGS10_60m,0,0.0,0.0,False,0.0,,,,,0,0,,,0,,,,False,,False,False,absent before the seal: nothing to judge
2026-09-10,target_relative_return_5d,2023-09-01,262,ctx_60m_state_FRED_DSPIC96_60m,0,0.0,0.0,False,0.0,,,,,0,0,,,0,,,,False,,False,False,absent before the seal: nothing to judge
2026-09-10,target_relative_return_5d,2023-09-01,262,ctx_60m_state_FRED_FEDFUNDS_60m,0,0.0,0.0,False,0.0,,,,,0,0,,,0,,,,False,,False,False,absent before the seal: nothing to judge
2026-09-10,target_relative_return_5d,2023-09-01,262,ctx_60m_state_FRED_GDP_60m,0,0.0,0.0,False,0.0,,,,,0,0,,,0,,,,False,,False,False,absent before the seal: nothing to judge
2026-09-10,target_relative_return_5d,2023-09-01,262,ctx_60m_state_FRED_GS10_60m,0,0.0,0.0,False,0.0,,,,,0,0,,,0,,,,False,,False,False,absent before the seal: nothing to judge
2026-09-10,target_relative_return_5d,2023-09-01,262,ctx_60m_state_FRED_GS2_60m,0,0.0,0.0,False,0.0,,,,,0,0,,,0,,,,False,,False,False,absent before the seal: nothing to judge
2026-09-10,target_relative_return_5d,2023-09-01,262,ctx_60m_state_FRED_HOUST_60m,0,0.0,0.0,False,0.0,,,,,0,0,,,0,,,,False,,False,False,absent before the seal: nothing to judge
2026-09-10,target_relative_return_5d,2023-09-01,262,ctx_60m_state_FRED_ICSA_60m,0,0.0,0.0,False,0.0,,,,,0,0,,,0,,,,False,,False,False,absent before the seal: nothing to judge
2026-09-10,target_relative_return_5d,2023-09-01,262,ctx_60m_state_FRED_INDPRO_60m,0,0.0,0.0,False,0.0,,,,,0,0,,,0,,,,False,,False,False,absent before the seal: nothing to judge
2026-09-10,target_relative_return_5d,2023-09-01,262,ctx_60m_state_FRED_MANEMP_60m,0,0.0,0.0,False,0.0,,,,,0,0,,,0,,,,False,,False,False,absent before the seal: nothing to judge
2026-09-10,target_relative_return_5d,2023-09-01,262,ctx_60m_state_FRED_NFCI_60m,0,0.0,0.0,False,0.0,,,,,0,0,,,0,,,,False,,False,False,absent before the seal: nothing to judge
2026-09-10,target_relative_return_5d,2023-09-01,262,ctx_60m_state_FRED_PAYEMS_60m,0,0.0,0.0,False,0.0,,,,,0,0,,,0,,,,False,,False,False,absent before the seal: nothing to judge
2026-09-10,target_relative_return_5d,2023-09-01,262,ctx_60m_state_FRED_PCEPI_60m,0,0.0,0.0,False,0.0,,,,,0,0,,,0,,,,False,,False,False,absent before the seal: nothing to judge
2026-09-10,target_relative_return_5d,2023-09-01,262,ctx_60m_state_FRED_PCEPILFE_60m,0,0.0,0.0,False,0.0,,,,,0,0,,,0,,,,False,,False,False,absent before the seal: nothing to judge
2026-09-10,target_relative_return_5d,2023-09-01,262,ctx_60m_state_FRED_PCU334413334413_60m,0,0.0,0.0,False,0.0,,,,,0,0,,,0,,,,False,,False,False,absent before the seal: nothing to judge
2026-09-10,target_relative_return_5d,2023-09-01,262,ctx_60m_state_FRED_PERMIT_60m,0,0.0,0.0,False,0.0,,,,,0,0,,,0,,,,False,,False,False,absent before the seal: nothing to judge
2026-09-10,target_relative_return_5d,2023-09-01,262,ctx_60m_state_FRED_PPIACO_60m,0,0.0,0.0,False,0.0,,,,,0,0,,,0,,,,False,,False,False,absent before the seal: nothing to judge
2026-09-10,target_relative_return_5d,2023-09-01,262,ctx_60m_state_FRED_RRPONTSYD_60m,0,0.0,0.0,False,0.0,,,,,0,0,,,0,,,,False,,False,False,absent before the seal: nothing to judge
2026-09-10,target_relative_return_5d,2023-09-01,262,ctx_60m_state_FRED_RSAFS_60m,0,0.0,0.0,False,0.0,,,,,0,0,,,0,,,,False,,False,False,absent before the seal: nothing to judge
2026-09-10,target_relative_return_5d,2023-09-01,262,ctx_60m_state_FRED_SAHMREALTIME_60m,0,0.0,0.0,False,0.0,,,,,0,0,,,0,,,,False,,False,False,absent before the seal: nothing to judge
2026-09-10,target_relative_return_5d,2023-09-01,262,ctx_60m_state_FRED_T10Y2Y_60m,0,0.0,0.0,False,0.0,,,,,0,0,,,0,,,,False,,False,False,absent before the seal: nothing to judge
2026-09-10,target_relative_return_5d,2023-09-01,262,ctx_60m_state_FRED_T10Y3M_60m,0,0.0,0.0,False,0.0,,,,,0,0,,,0,,,,False,,False,False,absent before the seal: nothing to judge
2026-09-10,target_relative_return_5d,2023-09-01,262,ctx_60m_state_FRED_T10YIE_60m,0,0.0,0.0,False,0.0,,,,,0,0,,,0,,,,False,,False,False,absent before the seal: nothing to judge
2026-09-10,target_relative_return_5d,2023-09-01,262,ctx_60m_state_FRED_T5YIE_60m,0,0.0,0.0,False,0.0,,,,,0,0,,,0,,,,False,,False,False,absent before the seal: nothing to judge
2026-09-10,target_relative_return_5d,2023-09-01,262,ctx_60m_state_FRED_T5YIFR_60m,0,0.0,0.0,False,0.0,,,,,0,0,,,0,,,,False,,False,False,absent before the seal: nothing to judge
2026-09-10,target_relative_return_5d,2023-09-01,262,ctx_60m_state_FRED_TOTALSA_60m,0,0.0,0.0,False,0.0,,,,,0,0,,,0,,,,False,,False,False,absent before the seal: nothing to judge
2026-09-10,target_relative_return_5d,2023-09-01,262,ctx_60m_state_FRED_UMCSENT_60m,0,0.0,0.0,False,0.0,,,,,0,0,,,0,,,,False,,False,False,absent before the seal: nothing to judge
2026-09-10,target_relative_return_5d,2023-09-01,262,ctx_60m_state_FRED_UNRATE_60m,0,0.0,0.0,False,0.0,,,,,0,0,,,0,,,,False,,False,False,absent before the seal: nothing to judge
2026-09-10,target_relative_return_5d,2023-09-01,262,ctx_60m_state_FRED_VIXCLS_60m,0,0.0,0.0,False,0.0,,,,,0,0,,,0,,,,False,,False,False,absent before the seal: nothing to judge
2026-09-10,target_relative_return_5d,2023-09-01,262,ctx_60m_state_FRED_WALCL_60m,0,0.0,0.0,False,0.0,,,,,0,0,,,0,,,,False,,False,False,absent before the seal: nothing to judge
2026-09-10,target_relative_return_5d,2023-09-01,262,ctx_60m_state_FRED_WPU01_60m,0,0.0,0.0,False,0.0,,,,,0,0,,,0,,,,False,,False,False,absent before the seal: nothing to judge
2026-09-10,target_relative_return_5d,2023-09-01,262,ctx_60m_state_FRED_WPU055_60m,0,0.0,0.0,False,0.0,,,,,0,0,,,0,,,,False,,False,False,absent before the seal: nothing to judge
2026-09-10,target_relative_return_5d,2023-09-01,262,ctx_60m_state_FRED_WPU0561_60m,0,0.0,0.0,False,0.0,,,,,0,0,,,0,,,,False,,False,False,absent before the seal: nothing to judge
2026-09-10,target_relative_return_5d,2023-09-01,262,ctx_60m_state_FRED_WPU101_60m,0,0.0,0.0,False,0.0,,,,,0,0,,,0,,,,False,,False,False,absent before the seal: nothing to judge
2026-09-10,target_relative_return_5d,2023-09-01,262,ctx_60m_state_FRED_WTREGEN_60m,0,0.0,0.0,False,0.0,,,,,0,0,,,0,,,,False,,False,False,absent before the seal: nothing to judge
2026-09-10,target_relative_return_5d,2023-09-01,262,ctx_60m_state_fear_greed_index_60m,0,0.0,0.0,False,0.0,,,,,0,0,,,0,,,,False,,False,False,absent before the seal: nothing to judge
2026-09-10,target_relative_return_5d,2023-09-01,262,ctx_60m_state_fear_greed_available_60m,0,0.0,0.0,False,0.0,,,,,0,0,,,0,,,,False,,False,False,absent before the seal: nothing to judge
2026-09-10,target_relative_return_5d,2023-09-01,262,ctx_60m_state_cftc_sp500_net_pct_60m,0,0.0,0.0,False,0.0,,,,,0,0,,,0,,,,False,,False,False,absent before the seal: nothing to judge
2026-09-10,target_relative_return_5d,2023-09-01,262,ctx_60m_state_cftc_sp500_ls_ratio_60m,0,0.0,0.0,False,0.0,,,,,0,0,,,0,,,,False,,False,False,absent before the seal: nothing to judge
2026-09-10,target_relative_return_5d,2023-09-01,262,ctx_60m_state_cftc_nasdaq_net_pct_60m,0,0.0,0.0,False,0.0,,,,,0,0,,,0,,,,False,,False,False,absent before the seal: nothing to judge
2026-09-10,target_relative_return_5d,2023-09-01,262,ctx_60m_state_cftc_nasdaq_ls_ratio_60m,0,0.0,0.0,False,0.0,,,,,0,0,,,0,,,,False,,False,False,absent before the seal: nothing to judge
2026-09-10,target_relative_return_5d,2023-09-01,262,ctx_60m_state_cftc_dow_net_pct_60m,0,0.0,0.0,False,0.0,,,,,0,0,,,0,,,,False,,False,False,absent before the seal: nothing to judge
2026-09-10,target_relative_return_5d,2023-09-01,262,ctx_60m_state_cftc_dow_ls_ratio_60m,0,0.0,0.0,False,0.0,,,,,0,0,,,0,,,,False,,False,False,absent before the seal: nothing to judge
2026-09-10,target_relative_return_5d,2023-09-01,262,ctx_60m_state_cftc_gold_net_pct_60m,0,0.0,0.0,False,0.0,,,,,0,0,,,0,,,,False,,False,False,absent before the seal: nothing to judge
2026-09-10,target_relative_return_5d,2023-09-01,262,ctx_60m_state_cftc_gold_ls_ratio_60m,0,0.0,0.0,False,0.0,,,,,0,0,,,0,,,,False,,False,False,absent before the seal: nothing to judge
2026-09-10,target_relative_return_5d,2023-09-01,262,ctx_60m_state_cftc_crude_net_pct_60m,0,0.0,0.0,False,0.0,,,,,0,0,,,0,,,,False,,False,False,absent before the seal: nothing to judge
2026-09-10,target_relative_return_5d,2023-09-01,262,ctx_60m_state_cftc_crude_ls_ratio_60m,0,0.0,0.0,False,0.0,,,,,0,0,,,0,,,,False,,False,False,absent before the seal: nothing to judge
2026-09-10,target_relative_return_5d,2023-09-01,262,ctx_60m_state_cftc_available_60m,0,0.0,0.0,False,0.0,,,,,0,0,,,0,,,,False,,False,False,absent before the seal: nothing to judge
2026-09-10,target_relative_return_5d,2023-09-01,262,ctx_60m_state_filing_days_since_last_60m,0,0.0,0.0,False,0.0,,,,,0,0,,,0,,,,False,,False,False,absent before the seal: nothing to judge
2026-09-10,target_relative_return_5d,2023-09-01,262,ctx_60m_state_filing_count_30d_60m,0,0.0,0.0,False,0.0,,,,,0,0,,,0,,,,False,,False,False,absent before the seal: nothing to judge
2026-09-10,target_relative_return_5d,2023-09-01,262,ctx_60m_state_filing_material_30d_60m,0,0.0,0.0,False,0.0,,,,,0,0,,,0,,,,False,,False,False,absent before the seal: nothing to judge
2026-09-10,target_relative_return_5d,2023-09-01,262,ctx_60m_state_filing_periodic_30d_60m,0,0.0,0.0,False,0.0,,,,,0,0,,,0,,,,False,,False,False,absent before the seal: nothing to judge
2026-09-10,target_relative_return_5d,2023-09-01,262,ctx_60m_state_nlp_sentiment_score_60m,0,0.0,0.0,False,0.0,,,,,0,0,,,0,,,,False,,False,False,absent before the seal: nothing to judge
2026-09-10,target_relative_return_5d,2023-09-01,262,ctx_60m_state_nlp_subjectivity_score_60m,0,0.0,0.0,False,0.0,,,,,0,0,,,0,,,,False,,False,False,absent before the seal: nothing to judge
2026-09-10,target_relative_return_5d,2023-09-01,262,ctx_60m_state_nlp_cluster_60m,0,0.0,0.0,False,0.0,,,,,0,0,,,0,,,,False,,False,False,absent before the seal: nothing to judge
2026-09-10,target_relative_return_5d,2023-09-01,262,ctx_60m_state_volatility_5_60m,0,0.0,0.0,False,0.0,,,,,0,0,,,0,,,,False,,False,False,absent before the seal: nothing to judge
2026-09-10,target_relative_return_5d,2023-09-01,262,ctx_60m_state_volatility_10_60m,0,0.0,0.0,False,0.0,,,,,0,0,,,0,,,,False,,False,False,absent before the seal: nothing to judge
2026-09-10,target_relative_return_5d,2023-09-01,262,ctx_60m_state_volatility_20_60m,0,0.0,0.0,False,0.0,,,,,0,0,,,0,,,,False,,False,False,absent before the seal: nothing to judge
2026-09-10,target_relative_return_5d,2023-09-01,262,ctx_60m_state_atr_14_60m,0,0.0,0.0,False,0.0,,,,,0,0,,,0,,,,False,,False,False,absent before the seal: nothing to judge
2026-09-10,target_relative_return_5d,2023-09-01,262,ctx_60m_state_gk_volatility_60m,0,0.0,0.0,False,0.0,,,,,0,0,,,0,,,,False,,False,False,absent before the seal: nothing to judge
2026-09-10,target_relative_return_5d,2023-09-01,262,ctx_60m_state_fund_price_to_book_60m,0,0.0,0.0,False,0.0,,,,,0,0,,,0,,,,False,,False,False,absent before the seal: nothing to judge
2026-09-10,target_relative_return_5d,2023-09-01,262,ctx_60m_state_fund_earnings_yield_60m,0,0.0,0.0,False,0.0,,,,,0,0,,,0,,,,False,,False,False,absent before the seal: nothing to judge
2026-09-10,target_relative_return_5d,2023-09-01,262,ctx_60m_state_fund_current_ratio_60m,0,0.0,0.0,False,0.0,,,,,0,0,,,0,,,,False,,False,False,absent before the seal: nothing to judge
2026-09-10,target_relative_return_5d,2023-09-01,262,ctx_60m_state_fund_debt_to_equity_60m,0,0.0,0.0,False,0.0,,,,,0,0,,,0,,,,False,,False,False,absent before the seal: nothing to judge
2026-09-10,target_relative_return_5d,2023-09-01,262,ctx_60m_state_fund_return_on_equity_60m,0,0.0,0.0,False,0.0,,,,,0,0,,,0,,,,False,,False,False,absent before the seal: nothing to judge
2026-09-10,target_relative_return_5d,2023-09-01,262,ctx_60m_state_fund_days_since_report_60m,0,0.0,0.0,False,0.0,,,,,0,0,,,0,,,,False,,False,False,absent before the seal: nothing to judge
2026-09-10,target_relative_return_5d,2023-09-01,262,ctx_60m_state_fund_data_available_60m,0,0.0,0.0,False,0.0,,,,,0,0,,,0,,,,False,,False,False,absent before the seal: nothing to judge
2026-09-10,target_relative_return_5d,2023-09-01,262,ctx_60m_state_wiki_views_60m,0,0.0,0.0,False,0.0,,,,,0,0,,,0,,,,False,,False,False,absent before the seal: nothing to judge
2026-09-10,target_relative_return_5d,2023-09-01,262,ctx_60m_state_wiki_attention_z_60m,0,0.0,0.0,False,0.0,,,,,0,0,,,0,,,,False,,False,False,absent before the seal: nothing to judge
2026-09-10,target_relative_return_5d,2023-09-01,262,ctx_60m_state_insider_net_value_30d_60m,0,0.0,0.0,False,0.0,,,,,0,0,,,0,,,,False,,False,False,absent before the seal: nothing to judge
2026-09-10,target_relative_return_5d,2023-09-01,262,ctx_60m_state_insider_available_60m,0,0.0,0.0,False,0.0,,,,,0,0,,,0,,,,False,,False,False,absent before the seal: nothing to judge
2026-09-10,target_relative_return_5d,2023-09-01,262,ctx_60m_state_keyword_count_60m,0,0.0,0.0,False,0.0,,,,,0,0,,,0,,,,False,,False,False,absent before the seal: nothing to judge
2026-09-10,target_relative_return_5d,2023-09-01,262,ctx_60m_state_entity_count_60m,0,0.0,0.0,False,0.0,,,,,0,0,,,0,,,,False,,False,False,absent before the seal: nothing to judge
2026-09-10,target_relative_return_5d,2023-09-01,262,ctx_60m_state_keyword_entity_available_60m,0,0.0,0.0,False,0.0,,,,,0,0,,,0,,,,False,,False,False,absent before the seal: nothing to judge
2026-09-10,target_relative_return_5d,2023-09-01,262,ctx_60m_state_news_quality_score_60m,0,0.0,0.0,False,0.0,,,,,0,0,,,0,,,,False,,False,False,absent before the seal: nothing to judge
2026-09-10,target_relative_return_5d,2023-09-01,262,ctx_60m_state_news_source_count_60m,0,0.0,0.0,False,0.0,,,,,0,0,,,0,,,,False,,False,False,absent before the seal: nothing to judge
2026-09-10,target_relative_return_5d,2023-09-01,262,ctx_60m_state_news_quality_available_60m,0,0.0,0.0,False,0.0,,,,,0,0,,,0,,,,False,,False,False,absent before the seal: nothing to judge
2026-09-10,target_relative_return_5d,2023-09-01,262,ctx_60m_state_news_freshness_hours_60m,0,0.0,0.0,False,0.0,,,,,0,0,,,0,,,,False,,False,False,absent before the seal: nothing to judge
2026-09-10,target_relative_return_5d,2023-09-01,262,ctx_60m_state_sentiment_available_60m,0,0.0,0.0,False,0.0,,,,,0,0,,,0,,,,False,,False,False,absent before the seal: nothing to judge
2026-09-10,target_relative_return_5d,2023-09-01,262,ctx_60m_state_sentiment_sma_5_60m,0,0.0,0.0,False,0.0,,,,,0,0,,,0,,,,False,,False,False,absent before the seal: nothing to judge
2026-09-10,target_relative_return_5d,2023-09-01,262,ctx_60m_state_sentiment_std_5_60m,0,0.0,0.0,False,0.0,,,,,0,0,,,0,,,,False,,False,False,absent before the seal: nothing to judge
2026-09-10,target_relative_return_5d,2023-09-01,262,ctx_60m_state_sentiment_sma_20_60m,0,0.0,0.0,False,0.0,,,,,0,0,,,0,,,,False,,False,False,absent before the seal: nothing to judge
2026-09-10,target_relative_return_5d,2023-09-01,262,ctx_60m_state_sentiment_std_20_60m,0,0.0,0.0,False,0.0,,,,,0,0,,,0,,,,False,,False,False,absent before the seal: nothing to judge
2026-09-10,target_relative_return_5d,2023-09-01,262,ctx_60m_state_sentiment_sma_50_60m,0,0.0,0.0,False,0.0,,,,,0,0,,,0,,,,False,,False,False,absent before the seal: nothing to judge
2026-09-10,target_relative_return_5d,2023-09-01,262,ctx_60m_state_sentiment_std_50_60m,0,0.0,0.0,False,0.0,,,,,0,0,,,0,,,,False,,False,False,absent before the seal: nothing to judge
2026-09-10,target_relative_return_5d,2023-09-01,262,ctx_60m_state_sentiment_ema_60m,0,0.0,0.0,False,0.0,,,,,0,0,,,0,,,,False,,False,False,absent before the seal: nothing to judge
2026-09-10,target_relative_return_5d,2023-09-01,262,ctx_60m_state_sentiment_velocity_60m,0,0.0,0.0,False,0.0,,,,,0,0,,,0,,,,False,,False,False,absent before the seal: nothing to judge
2026-09-10,target_relative_return_5d,2023-09-01,262,ctx_60m_state_news_intensity_60m,0,0.0,0.0,False,0.0,,,,,0,0,,,0,,,,False,,False,False,absent before the seal: nothing to judge
2026-09-10,target_relative_return_5d,2023-09-01,262,ctx_60m_state_sentiment_decay_weighted_60m,0,0.0,0.0,False,0.0,,,,,0,0,,,0,,,,False,,False,False,absent before the seal: nothing to judge
2026-09-10,target_relative_return_5d,2023-09-01,262,ctx_60m_state_news_impact_available_60m,0,0.0,0.0,False,0.0,,,,,0,0,,,0,,,,False,,False,False,absent before the seal: nothing to judge
2026-09-10,target_relative_return_5d,2023-09-01,262,ctx_60m_state_news_impact_score_60m,0,0.0,0.0,False,0.0,,,,,0,0,,,0,,,,False,,False,False,absent before the seal: nothing to judge
2026-09-10,target_relative_return_5d,2023-09-01,262,ctx_60m_state_news_significance_level_60m,0,0.0,0.0,False,0.0,,,,,0,0,,,0,,,,False,,False,False,absent before the seal: nothing to judge
2026-09-10,target_relative_return_5d,2023-09-01,262,ctx_60m_state_hype_score_60m,0,0.0,0.0,False,0.0,,,,,0,0,,,0,,,,False,,False,False,absent before the seal: nothing to judge
2026-09-10,target_relative_return_5d,2023-09-01,262,ctx_60m_state_significant_events_7d_60m,0,0.0,0.0,False,0.0,,,,,0,0,,,0,,,,False,,False,False,absent before the seal: nothing to judge
2026-09-10,target_relative_return_5d,2023-09-01,262,ctx_60m_state_significant_events_30d_60m,0,0.0,0.0,False,0.0,,,,,0,0,,,0,,,,False,,False,False,absent before the seal: nothing to judge
2026-09-10,target_relative_return_5d,2023-09-01,262,ctx_60m_state_days_since_last_significant_60m,0,0.0,0.0,False,0.0,,,,,0,0,,,0,,,,False,,False,False,absent before the seal: nothing to judge
2026-09-10,target_relative_return_5d,2023-09-01,262,ctx_60m_state_significance_intensity_7d_60m,0,0.0,0.0,False,0.0,,,,,0,0,,,0,,,,False,,False,False,absent before the seal: nothing to judge
2026-09-10,target_relative_return_5d,2023-09-01,262,ctx_60m_state_is_significant_decayed_60m,0,0.0,0.0,False,0.0,,,,,0,0,,,0,,,,False,,False,False,absent before the seal: nothing to judge
2026-09-10,target_relative_return_5d,2023-09-01,262,ctx_60m_state_sentiment_mean_60m,0,0.0,0.0,False,0.0,,,,,0,0,,,0,,,,False,,False,False,absent before the seal: nothing to judge
2026-09-10,target_relative_return_5d,2023-09-01,262,ctx_60m_state_sentiment_std_stat_60m,0,0.0,0.0,False,0.0,,,,,0,0,,,0,,,,False,,False,False,absent before the seal: nothing to judge
2026-09-10,target_relative_return_5d,2023-09-01,262,ctx_60m_state_sentiment_pos_threshold_60m,0,0.0,0.0,False,0.0,,,,,0,0,,,0,,,,False,,False,False,absent before the seal: nothing to judge
2026-09-10,target_relative_return_5d,2023-09-01,262,ctx_60m_state_sentiment_neg_threshold_60m,0,0.0,0.0,False,0.0,,,,,0,0,,,0,,,,False,,False,False,absent before the seal: nothing to judge
2026-09-10,target_relative_return_5d,2023-09-01,262,ctx_60m_state_macro_composite_score_60m,0,0.0,0.0,False,0.0,,,,,0,0,,,0,,,,False,,False,False,absent before the seal: nothing to judge
2026-09-10,target_relative_return_5d,2023-09-01,262,ctx_60m_state_champion_60m,0,0.0,0.0,False,0.0,,,,,0,0,,,0,,,,False,,False,False,absent before the seal: nothing to judge
2026-09-10,target_relative_return_5d,2023-09-01,262,ctx_60m_context_fingerprint_60m,0,0.0,0.0,False,0.0,,,,,0,0,,,0,,,,False,,False,False,absent before the seal: nothing to judge
2026-09-10,target_relative_return_5d,2023-09-01,262,ctx_60m_context_stability_60m,0,0.0,0.0,False,0.0,,,,,0,0,,,0,,,,False,,False,False,absent before the seal: nothing to judge
2026-09-10,target_relative_return_5d,2023-09-01,262,ctx_60m_context_pattern_seq_60m,0,0.0,0.0,False,0.0,,,,,0,0,,,0,,,,False,,False,False,absent before the seal: nothing to judge
2026-09-10,target_relative_return_5d,2023-09-01,262,ctx_60m_context_pattern_id_60m,0,0.0,0.0,False,0.0,,,,,0,0,,,0,,,,False,,False,False,absent before the seal: nothing to judge
2026-09-10,target_relative_return_5d,2023-09-01,262,ctx_60m_context_velocity_60m,0,0.0,0.0,False,0.0,,,,,0,0,,,0,,,,False,,False,False,absent before the seal: nothing to judge
2026-09-10,target_relative_return_5d,2023-09-01,262,ctx_60m_context_anxiety_index_60m,0,0.0,0.0,False,0.0,,,,,0,0,,,0,,,,False,,False,False,absent before the seal: nothing to judge
2026-09-10,target_relative_return_5d,2023-09-01,262,ctx_60m_context_velocity_rank_60m,0,0.0,0.0,False,0.0,,,,,0,0,,,0,,,,False,,False,False,absent before the seal: nothing to judge
2026-09-10,target_relative_return_5d,2023-09-01,262,ctx_60m_market_context_volatility_5d_60m,0,0.0,0.0,False,0.0,,,,,0,0,,,0,,,,False,,False,False,absent before the seal: nothing to judge
2026-09-10,target_relative_return_5d,2023-09-01,262,ctx_60m_market_context_volatility_20d_60m,0,0.0,0.0,False,0.0,,,,,0,0,,,0,,,,False,,False,False,absent before the seal: nothing to judge
2026-09-10,target_relative_return_5d,2023-09-01,262,ctx_60m_market_context_volatility_ratio_60m,0,0.0,0.0,False,0.0,,,,,0,0,,,0,,,,False,,False,False,absent before the seal: nothing to judge
2026-09-10,target_relative_return_5d,2023-09-01,262,ctx_60m_market_context_trend_5d_60m,0,0.0,0.0,False,0.0,,,,,0,0,,,0,,,,False,,False,False,absent before the seal: nothing to judge
2026-09-10,target_relative_return_5d,2023-09-01,262,ctx_60m_market_context_trend_20d_60m,0,0.0,0.0,False,0.0,,,,,0,0,,,0,,,,False,,False,False,absent before the seal: nothing to judge
2026-09-10,target_relative_return_5d,2023-09-01,262,ctx_60m_market_context_trend_alignment_60m,0,0.0,0.0,False,0.0,,,,,0,0,,,0,,,,False,,False,False,absent before the seal: nothing to judge
2026-09-10,target_relative_return_5d,2023-09-01,262,ctx_60m_market_context_rsi_current_60m,0,0.0,0.0,False,0.0,,,,,0,0,,,0,,,,False,,False,False,absent before the seal: nothing to judge
2026-09-10,target_relative_return_5d,2023-09-01,262,ctx_60m_market_context_volume_ratio_60m,0,0.0,0.0,False,0.0,,,,,0,0,,,0,,,,False,,False,False,absent before the seal: nothing to judge
2026-09-10,target_relative_return_5d,2023-09-01,262,ctx_60m_market_context_price_to_ma20_60m,0,0.0,0.0,False,0.0,,,,,0,0,,,0,,,,False,,False,False,absent before the seal: nothing to judge
2026-09-10,target_relative_return_5d,2023-09-01,262,ctx_60m_market_context_hour_of_day_60m,0,0.0,0.0,False,0.0,,,,,0,0,,,0,,,,False,,False,False,absent before the seal: nothing to judge
2026-09-10,target_relative_return_5d,2023-09-01,262,ctx_60m_market_context_day_of_week_60m,0,0.0,0.0,False,0.0,,,,,0,0,,,0,,,,False,,False,False,absent before the seal: nothing to judge
2026-09-10,target_relative_return_5d,2023-09-01,262,ctx_60m_market_context_yield_curve_slope_60m,0,0.0,0.0,False,0.0,,,,,0,0,,,0,,,,False,,False,False,absent before the seal: nothing to judge
2026-09-10,target_relative_return_5d,2023-09-01,262,ctx_60m_market_context_yield_curve_inverted_60m,0,0.0,0.0,False,0.0,,,,,0,0,,,0,,,,False,,False,False,absent before the seal: nothing to judge
2026-09-10,target_relative_return_5d,2023-09-01,262,ctx_60m_market_context_fed_funds_trend_60m,0,0.0,0.0,False,0.0,,,,,0,0,,,0,,,,False,,False,False,absent before the seal: nothing to judge
2026-09-10,target_relative_return_5d,2023-09-01,262,ctx_60m_market_context_fed_funds_velocity_60m,0,0.0,0.0,False,0.0,,,,,0,0,,,0,,,,False,,False,False,absent before the seal: nothing to judge
2026-09-10,target_relative_return_5d,2023-09-01,262,ctx_60m_market_context_market_breadth_60m,0,0.0,0.0,False,0.0,,,,,0,0,,,0,,,,False,,False,False,absent before the seal: nothing to judge
2026-09-10,target_relative_return_5d,2023-09-01,262,ctx_1d_source_datetime,623398,1.0,0.0,True,0.0,,,,,0,0,,,0,,,,False,,False,False,one value everywhere: a filled default
2026-09-10,target_relative_return_5d,2023-09-01,262,ctx_1d_available_at,623398,1.0,0.0,True,0.0,,,,,0,0,,,0,,,,False,,False,False,one value everywhere: a filled default
2026-09-10,target_relative_return_5d,2023-09-01,262,ctx_1d_open,0,0.0,0.0,False,0.0,,,,,0,0,,,0,,,,False,,False,False,absent before the seal: nothing to judge
2026-09-10,target_relative_return_5d,2023-09-01,262,ctx_1d_high,0,0.0,0.0,False,0.0,,,,,0,0,,,0,,,,False,,False,False,absent before the seal: nothing to judge
2026-09-10,target_relative_return_5d,2023-09-01,262,ctx_1d_low,0,0.0,0.0,False,0.0,,,,,0,0,,,0,,,,False,,False,False,absent before the seal: nothing to judge
2026-09-10,target_relative_return_5d,2023-09-01,262,ctx_1d_close,0,0.0,0.0,False,0.0,,,,,0,0,,,0,,,,False,,False,False,absent before the seal: nothing to judge
2026-09-10,target_relative_return_5d,2023-09-01,262,ctx_1d_volume,0,0.0,0.0,False,0.0,,,,,0,0,,,0,,,,False,,False,False,absent before the seal: nothing to judge
2026-09-10,target_relative_return_5d,2023-09-01,262,ctx_1d_hour_1d,0,0.0,0.0,False,0.0,,,,,0,0,,,0,,,,False,,False,False,absent before the seal: nothing to judge
2026-09-10,target_relative_return_5d,2023-09-01,262,ctx_1d_day_of_week_1d,0,0.0,0.0,False,0.0,,,,,0,0,,,0,,,,False,,False,False,absent before the seal: nothing to judge
2026-09-10,target_relative_return_5d,2023-09-01,262,ctx_1d_day_of_month_1d,0,0.0,0.0,False,0.0,,,,,0,0,,,0,,,,False,,False,False,absent before the seal: nothing to judge
2026-09-10,target_relative_return_5d,2023-09-01,262,ctx_1d_day_of_year_1d,0,0.0,0.0,False,0.0,,,,,0,0,,,0,,,,False,,False,False,absent before the seal: nothing to judge
2026-09-10,target_relative_return_5d,2023-09-01,262,ctx_1d_week_of_year_1d,0,0.0,0.0,False,0.0,,,,,0,0,,,0,,,,False,,False,False,absent before the seal: nothing to judge
2026-09-10,target_relative_return_5d,2023-09-01,262,ctx_1d_month_of_year_1d,0,0.0,0.0,False,0.0,,,,,0,0,,,0,,,,False,,False,False,absent before the seal: nothing to judge
2026-09-10,target_relative_return_5d,2023-09-01,262,ctx_1d_quarter_1d,0,0.0,0.0,False,0.0,,,,,0,0,,,0,,,,False,,False,False,absent before the seal: nothing to judge
2026-09-10,target_relative_return_5d,2023-09-01,262,ctx_1d_market_session_1d,0,0.0,0.0,False,0.0,,,,,0,0,,,0,,,,False,,False,False,absent before the seal: nothing to judge
2026-09-10,target_relative_return_5d,2023-09-01,262,ctx_1d_hour_sin_1d,0,0.0,0.0,False,0.0,,,,,0,0,,,0,,,,False,,False,False,absent before the seal: nothing to judge
2026-09-10,target_relative_return_5d,2023-09-01,262,ctx_1d_hour_cos_1d,0,0.0,0.0,False,0.0,,,,,0,0,,,0,,,,False,,False,False,absent before the seal: nothing to judge
2026-09-10,target_relative_return_5d,2023-09-01,262,ctx_1d_day_of_week_sin_1d,0,0.0,0.0,False,0.0,,,,,0,0,,,0,,,,False,,False,False,absent before the seal: nothing to judge
2026-09-10,target_relative_return_5d,2023-09-01,262,ctx_1d_day_of_week_cos_1d,0,0.0,0.0,False,0.0,,,,,0,0,,,0,,,,False,,False,False,absent before the seal: nothing to judge
2026-09-10,target_relative_return_5d,2023-09-01,262,ctx_1d_SMA_5_1d,0,0.0,0.0,False,0.0,,,,,0,0,,,0,,,,False,,False,False,absent before the seal: nothing to judge
2026-09-10,target_relative_return_5d,2023-09-01,262,ctx_1d_SMA_10_1d,0,0.0,0.0,False,0.0,,,,,0,0,,,0,,,,False,,False,False,absent before the seal: nothing to judge
2026-09-10,target_relative_return_5d,2023-09-01,262,ctx_1d_SMA_20_1d,0,0.0,0.0,False,0.0,,,,,0,0,,,0,,,,False,,False,False,absent before the seal: nothing to judge
2026-09-10,target_relative_return_5d,2023-09-01,262,ctx_1d_SMA_50_1d,0,0.0,0.0,False,0.0,,,,,0,0,,,0,,,,False,,False,False,absent before the seal: nothing to judge
2026-09-10,target_relative_return_5d,2023-09-01,262,ctx_1d_SMA_100_1d,0,0.0,0.0,False,0.0,,,,,0,0,,,0,,,,False,,False,False,absent before the seal: nothing to judge
2026-09-10,target_relative_return_5d,2023-09-01,262,ctx_1d_SMA_200_1d,0,0.0,0.0,False,0.0,,,,,0,0,,,0,,,,False,,False,False,absent before the seal: nothing to judge
2026-09-10,target_relative_return_5d,2023-09-01,262,ctx_1d_EMA_5_1d,0,0.0,0.0,False,0.0,,,,,0,0,,,0,,,,False,,False,False,absent before the seal: nothing to judge
2026-09-10,target_relative_return_5d,2023-09-01,262,ctx_1d_EMA_10_1d,0,0.0,0.0,False,0.0,,,,,0,0,,,0,,,,False,,False,False,absent before the seal: nothing to judge
2026-09-10,target_relative_return_5d,2023-09-01,262,ctx_1d_EMA_20_1d,0,0.0,0.0,False,0.0,,,,,0,0,,,0,,,,False,,False,False,absent before the seal: nothing to judge
2026-09-10,target_relative_return_5d,2023-09-01,262,ctx_1d_EMA_50_1d,0,0.0,0.0,False,0.0,,,,,0,0,,,0,,,,False,,False,False,absent before the seal: nothing to judge
2026-09-10,target_relative_return_5d,2023-09-01,262,ctx_1d_EMA_100_1d,0,0.0,0.0,False,0.0,,,,,0,0,,,0,,,,False,,False,False,absent before the seal: nothing to judge
2026-09-10,target_relative_return_5d,2023-09-01,262,ctx_1d_EMA_200_1d,0,0.0,0.0,False,0.0,,,,,0,0,,,0,,,,False,,False,False,absent before the seal: nothing to judge
2026-09-10,target_relative_return_5d,2023-09-01,262,ctx_1d_RSI_14_1d,0,0.0,0.0,False,0.0,,,,,0,0,,,0,,,,False,,False,False,absent before the seal: nothing to judge
2026-09-10,target_relative_return_5d,2023-09-01,262,ctx_1d_MACD_1d,0,0.0,0.0,False,0.0,,,,,0,0,,,0,,,,False,,False,False,absent before the seal: nothing to judge
2026-09-10,target_relative_return_5d,2023-09-01,262,ctx_1d_MACD_Signal_1d,0,0.0,0.0,False,0.0,,,,,0,0,,,0,,,,False,,False,False,absent before the seal: nothing to judge
2026-09-10,target_relative_return_5d,2023-09-01,262,ctx_1d_MACD_Histogram_1d,0,0.0,0.0,False,0.0,,,,,0,0,,,0,,,,False,,False,False,absent before the seal: nothing to judge
2026-09-10,target_relative_return_5d,2023-09-01,262,ctx_1d_BB_Upper_1d,0,0.0,0.0,False,0.0,,,,,0,0,,,0,,,,False,,False,False,absent before the seal: nothing to judge
2026-09-10,target_relative_return_5d,2023-09-01,262,ctx_1d_BB_Middle_1d,0,0.0,0.0,False,0.0,,,,,0,0,,,0,,,,False,,False,False,absent before the seal: nothing to judge
2026-09-10,target_relative_return_5d,2023-09-01,262,ctx_1d_BB_Lower_1d,0,0.0,0.0,False,0.0,,,,,0,0,,,0,,,,False,,False,False,absent before the seal: nothing to judge
2026-09-10,target_relative_return_5d,2023-09-01,262,ctx_1d_ATR_14_1d,0,0.0,0.0,False,0.0,,,,,0,0,,,0,,,,False,,False,False,absent before the seal: nothing to judge
2026-09-10,target_relative_return_5d,2023-09-01,262,ctx_1d_Stoch_K_1d,0,0.0,0.0,False,0.0,,,,,0,0,,,0,,,,False,,False,False,absent before the seal: nothing to judge
2026-09-10,target_relative_return_5d,2023-09-01,262,ctx_1d_Stoch_D_1d,0,0.0,0.0,False,0.0,,,,,0,0,,,0,,,,False,,False,False,absent before the seal: nothing to judge
2026-09-10,target_relative_return_5d,2023-09-01,262,ctx_1d_Williams_R_1d,0,0.0,0.0,False,0.0,,,,,0,0,,,0,,,,False,,False,False,absent before the seal: nothing to judge
2026-09-10,target_relative_return_5d,2023-09-01,262,ctx_1d_CCI_1d,0,0.0,0.0,False,0.0,,,,,0,0,,,0,,,,False,,False,False,absent before the seal: nothing to judge
2026-09-10,target_relative_return_5d,2023-09-01,262,ctx_1d_VOLATILITY_5_1d,0,0.0,0.0,False,0.0,,,,,0,0,,,0,,,,False,,False,False,absent before the seal: nothing to judge
2026-09-10,target_relative_return_5d,2023-09-01,262,ctx_1d_MOMENTUM_ZSCORE_1d,0,0.0,0.0,False,0.0,,,,,0,0,,,0,,,,False,,False,False,absent before the seal: nothing to judge
2026-09-10,target_relative_return_5d,2023-09-01,262,ctx_1d_RSI_VELOCITY_1d,0,0.0,0.0,False,0.0,,,,,0,0,,,0,,,,False,,False,False,absent before the seal: nothing to judge
2026-09-10,target_relative_return_5d,2023-09-01,262,ctx_1d_VOLATILITY_20_1d,0,0.0,0.0,False,0.0,,,,,0,0,,,0,,,,False,,False,False,absent before the seal: nothing to judge
2026-09-10,target_relative_return_5d,2023-09-01,262,ctx_1d_VOLATILITY_50_1d,0,0.0,0.0,False,0.0,,,,,0,0,,,0,,,,False,,False,False,absent before the seal: nothing to judge
2026-09-10,target_relative_return_5d,2023-09-01,262,ctx_1d_MAX_DRAWDOWN_1d,0,0.0,0.0,False,0.0,,,,,0,0,,,0,,,,False,,False,False,absent before the seal: nothing to judge
2026-09-10,target_relative_return_5d,2023-09-01,262,ctx_1d_CURRENT_DRAWDOWN_1d,0,0.0,0.0,False,0.0,,,,,0,0,,,0,,,,False,,False,False,absent before the seal: nothing to judge
2026-09-10,target_relative_return_5d,2023-09-01,262,ctx_1d_SHARPE_RATIO_1d,0,0.0,0.0,False,0.0,,,,,0,0,,,0,,,,False,,False,False,absent before the seal: nothing to judge
2026-09-10,target_relative_return_5d,2023-09-01,262,ctx_1d_SORTINO_RATIO_1d,0,0.0,0.0,False,0.0,,,,,0,0,,,0,,,,False,,False,False,absent before the seal: nothing to judge
2026-09-10,target_relative_return_5d,2023-09-01,262,ctx_1d_AUTOCORR_1d,0,0.0,0.0,False,0.0,,,,,0,0,,,0,,,,False,,False,False,absent before the seal: nothing to judge
2026-09-10,target_relative_return_5d,2023-09-01,262,ctx_1d_HURST_EXPONENT_1d,0,0.0,0.0,False,0.0,,,,,0,0,,,0,,,,False,,False,False,absent before the seal: nothing to judge
2026-09-10,target_relative_return_5d,2023-09-01,262,ctx_1d_SKEWNESS_1d,0,0.0,0.0,False,0.0,,,,,0,0,,,0,,,,False,,False,False,absent before the seal: nothing to judge
2026-09-10,target_relative_return_5d,2023-09-01,262,ctx_1d_KURTOSIS_1d,0,0.0,0.0,False,0.0,,,,,0,0,,,0,,,,False,,False,False,absent before the seal: nothing to judge
2026-09-10,target_relative_return_5d,2023-09-01,262,ctx_1d_MARKET_PREMIUM_1d,0,0.0,0.0,False,0.0,,,,,0,0,,,0,,,,False,,False,False,absent before the seal: nothing to judge
2026-09-10,target_relative_return_5d,2023-09-01,262,ctx_1d_ARSI_14_1d,0,0.0,0.0,False,0.0,,,,,0,0,,,0,,,,False,,False,False,absent before the seal: nothing to judge
2026-09-10,target_relative_return_5d,2023-09-01,262,ctx_1d_AATR_14_1d,0,0.0,0.0,False,0.0,,,,,0,0,,,0,,,,False,,False,False,absent before the seal: nothing to judge
2026-09-10,target_relative_return_5d,2023-09-01,262,ctx_1d_ABB_Upper_1d,0,0.0,0.0,False,0.0,,,,,0,0,,,0,,,,False,,False,False,absent before the seal: nothing to judge
2026-09-10,target_relative_return_5d,2023-09-01,262,ctx_1d_ABB_Mid_1d,0,0.0,0.0,False,0.0,,,,,0,0,,,0,,,,False,,False,False,absent before the seal: nothing to judge
2026-09-10,target_relative_return_5d,2023-09-01,262,ctx_1d_ABB_Lower_1d,0,0.0,0.0,False,0.0,,,,,0,0,,,0,,,,False,,False,False,absent before the seal: nothing to judge
2026-09-10,target_relative_return_5d,2023-09-01,262,ctx_1d_AEMA_20_1d,0,0.0,0.0,False,0.0,,,,,0,0,,,0,,,,False,,False,False,absent before the seal: nothing to judge
2026-09-10,target_relative_return_5d,2023-09-01,262,ctx_1d_CDL_BODY_RATIO_1d,0,0.0,0.0,False,0.0,,,,,0,0,,,0,,,,False,,False,False,absent before the seal: nothing to judge
2026-09-10,target_relative_return_5d,2023-09-01,262,ctx_1d_CDL_UPPER_WICK_RATIO_1d,0,0.0,0.0,False,0.0,,,,,0,0,,,0,,,,False,,False,False,absent before the seal: nothing to judge
2026-09-10,target_relative_return_5d,2023-09-01,262,ctx_1d_CDL_LOWER_WICK_RATIO_1d,0,0.0,0.0,False,0.0,,,,,0,0,,,0,,,,False,,False,False,absent before the seal: nothing to judge
2026-09-10,target_relative_return_5d,2023-09-01,262,ctx_1d_CDL_DOJI_1d,0,0.0,0.0,False,0.0,,,,,0,0,,,0,,,,False,,False,False,absent before the seal: nothing to judge
2026-09-10,target_relative_return_5d,2023-09-01,262,ctx_1d_CDL_HAMMER_1d,0,0.0,0.0,False,0.0,,,,,0,0,,,0,,,,False,,False,False,absent before the seal: nothing to judge
2026-09-10,target_relative_return_5d,2023-09-01,262,ctx_1d_CDL_SHOOTING_STAR_1d,0,0.0,0.0,False,0.0,,,,,0,0,,,0,,,,False,,False,False,absent before the seal: nothing to judge
2026-09-10,target_relative_return_5d,2023-09-01,262,ctx_1d_CDL_MARUBOZU_1d,0,0.0,0.0,False,0.0,,,,,0,0,,,0,,,,False,,False,False,absent before the seal: nothing to judge
2026-09-10,target_relative_return_5d,2023-09-01,262,ctx_1d_CDL_ENGULFING_BULL_1d,0,0.0,0.0,False,0.0,,,,,0,0,,,0,,,,False,,False,False,absent before the seal: nothing to judge
2026-09-10,target_relative_return_5d,2023-09-01,262,ctx_1d_CDL_ENGULFING_BEAR_1d,0,0.0,0.0,False,0.0,,,,,0,0,,,0,,,,False,,False,False,absent before the seal: nothing to judge
2026-09-10,target_relative_return_5d,2023-09-01,262,ctx_1d_CDL_INSIDE_BAR_1d,0,0.0,0.0,False,0.0,,,,,0,0,,,0,,,,False,,False,False,absent before the seal: nothing to judge
2026-09-10,target_relative_return_5d,2023-09-01,262,ctx_1d_CDL_OUTSIDE_BAR_1d,0,0.0,0.0,False,0.0,,,,,0,0,,,0,,,,False,,False,False,absent before the seal: nothing to judge
2026-09-10,target_relative_return_5d,2023-09-01,262,ctx_1d_LEVEL_POSITION_20_1d,0,0.0,0.0,False,0.0,,,,,0,0,,,0,,,,False,,False,False,absent before the seal: nothing to judge
2026-09-10,target_relative_return_5d,2023-09-01,262,ctx_1d_LEVEL_DIST_RESISTANCE_20_1d,0,0.0,0.0,False,0.0,,,,,0,0,,,0,,,,False,,False,False,absent before the seal: nothing to judge
2026-09-10,target_relative_return_5d,2023-09-01,262,ctx_1d_LEVEL_DIST_SUPPORT_20_1d,0,0.0,0.0,False,0.0,,,,,0,0,,,0,,,,False,,False,False,absent before the seal: nothing to judge
2026-09-10,target_relative_return_5d,2023-09-01,262,ctx_1d_LEVEL_BREAKOUT_UP_20_1d,0,0.0,0.0,False,0.0,,,,,0,0,,,0,,,,False,,False,False,absent before the seal: nothing to judge
2026-09-10,target_relative_return_5d,2023-09-01,262,ctx_1d_LEVEL_BREAKOUT_DOWN_20_1d,0,0.0,0.0,False,0.0,,,,,0,0,,,0,,,,False,,False,False,absent before the seal: nothing to judge
2026-09-10,target_relative_return_5d,2023-09-01,262,ctx_1d_returns_1d,0,0.0,0.0,False,0.0,,,,,0,0,,,0,,,,False,,False,False,absent before the seal: nothing to judge
2026-09-10,target_relative_return_5d,2023-09-01,262,ctx_1d_LAG_1_1d,0,0.0,0.0,False,0.0,,,,,0,0,,,0,,,,False,,False,False,absent before the seal: nothing to judge
2026-09-10,target_relative_return_5d,2023-09-01,262,ctx_1d_LAG_5_1d,0,0.0,0.0,False,0.0,,,,,0,0,,,0,,,,False,,False,False,absent before the seal: nothing to judge
2026-09-10,target_relative_return_5d,2023-09-01,262,ctx_1d_LAG_10_1d,0,0.0,0.0,False,0.0,,,,,0,0,,,0,,,,False,,False,False,absent before the seal: nothing to judge
2026-09-10,target_relative_return_5d,2023-09-01,262,ctx_1d_LAG_20_1d,0,0.0,0.0,False,0.0,,,,,0,0,,,0,,,,False,,False,False,absent before the seal: nothing to judge
2026-09-10,target_relative_return_5d,2023-09-01,262,ctx_1d_VELOCITY_1_1d,0,0.0,0.0,False,0.0,,,,,0,0,,,0,,,,False,,False,False,absent before the seal: nothing to judge
2026-09-10,target_relative_return_5d,2023-09-01,262,ctx_1d_VELOCITY_5_1d,0,0.0,0.0,False,0.0,,,,,0,0,,,0,,,,False,,False,False,absent before the seal: nothing to judge
2026-09-10,target_relative_return_5d,2023-09-01,262,ctx_1d_VELOCITY_10_1d,0,0.0,0.0,False,0.0,,,,,0,0,,,0,,,,False,,False,False,absent before the seal: nothing to judge
2026-09-10,target_relative_return_5d,2023-09-01,262,ctx_1d_ACCELERATION_5_1d,0,0.0,0.0,False,0.0,,,,,0,0,,,0,,,,False,,False,False,absent before the seal: nothing to judge
2026-09-10,target_relative_return_5d,2023-09-01,262,ctx_1d_ACCELERATION_10_1d,0,0.0,0.0,False,0.0,,,,,0,0,,,0,,,,False,,False,False,absent before the seal: nothing to judge
2026-09-10,target_relative_return_5d,2023-09-01,262,ctx_1d_ROLLING_SKEW_10_1d,0,0.0,0.0,False,0.0,,,,,0,0,,,0,,,,False,,False,False,absent before the seal: nothing to judge
2026-09-10,target_relative_return_5d,2023-09-01,262,ctx_1d_ROLLING_SKEW_20_1d,0,0.0,0.0,False,0.0,,,,,0,0,,,0,,,,False,,False,False,absent before the seal: nothing to judge
2026-09-10,target_relative_return_5d,2023-09-01,262,ctx_1d_ROLLING_KURT_10_1d,0,0.0,0.0,False,0.0,,,,,0,0,,,0,,,,False,,False,False,absent before the seal: nothing to judge
2026-09-10,target_relative_return_5d,2023-09-01,262,ctx_1d_ROLLING_KURT_20_1d,0,0.0,0.0,False,0.0,,,,,0,0,,,0,,,,False,,False,False,absent before the seal: nothing to judge
2026-09-10,target_relative_return_5d,2023-09-01,262,ctx_1d_ROLLING_VOL_10_1d,0,0.0,0.0,False,0.0,,,,,0,0,,,0,,,,False,,False,False,absent before the seal: nothing to judge
2026-09-10,target_relative_return_5d,2023-09-01,262,ctx_1d_ROLLING_VOL_20_1d,0,0.0,0.0,False,0.0,,,,,0,0,,,0,,,,False,,False,False,absent before the seal: nothing to judge
2026-09-10,target_relative_return_5d,2023-09-01,262,ctx_1d_volume_sma_5_1d,0,0.0,0.0,False,0.0,,,,,0,0,,,0,,,,False,,False,False,absent before the seal: nothing to judge
2026-09-10,target_relative_return_5d,2023-09-01,262,ctx_1d_volume_sma_10_1d,0,0.0,0.0,False,0.0,,,,,0,0,,,0,,,,False,,False,False,absent before the seal: nothing to judge
2026-09-10,target_relative_return_5d,2023-09-01,262,ctx_1d_volume_roc_1d,0,0.0,0.0,False,0.0,,,,,0,0,,,0,,,,False,,False,False,absent before the seal: nothing to judge
2026-09-10,target_relative_return_5d,2023-09-01,262,ctx_1d_price_volume_trend_1d,0,0.0,0.0,False,0.0,,,,,0,0,,,0,,,,False,,False,False,absent before the seal: nothing to judge
2026-09-10,target_relative_return_5d,2023-09-01,262,ctx_1d_obv_1d,0,0.0,0.0,False,0.0,,,,,0,0,,,0,,,,False,,False,False,absent before the seal: nothing to judge
2026-09-10,target_relative_return_5d,2023-09-01,262,ctx_1d_volume_rs_1d,0,0.0,0.0,False,0.0,,,,,0,0,,,0,,,,False,,False,False,absent before the seal: nothing to judge
2026-09-10,target_relative_return_5d,2023-09-01,262,ctx_1d_peer_return_1d,0,0.0,0.0,False,0.0,,,,,0,0,,,0,,,,False,,False,False,absent before the seal: nothing to judge
2026-09-10,target_relative_return_5d,2023-09-01,262,ctx_1d_peer_volatility_1d,0,0.0,0.0,False,0.0,,,,,0,0,,,0,,,,False,,False,False,absent before the seal: nothing to judge
2026-09-10,target_relative_return_5d,2023-09-01,262,ctx_1d_peer_breadth_1d,0,0.0,0.0,False,0.0,,,,,0,0,,,0,,,,False,,False,False,absent before the seal: nothing to judge
2026-09-10,target_relative_return_5d,2023-09-01,262,ctx_1d_peer_divergence_1d,0,0.0,0.0,False,0.0,,,,,0,0,,,0,,,,False,,False,False,absent before the seal: nothing to judge
2026-09-10,target_relative_return_5d,2023-09-01,262,ctx_1d_peer_count_1d,0,0.0,0.0,False,0.0,,,,,0,0,,,0,,,,False,,False,False,absent before the seal: nothing to judge
2026-09-10,target_relative_return_5d,2023-09-01,262,ctx_1d_market_return_1d,0,0.0,0.0,False,0.0,,,,,0,0,,,0,,,,False,,False,False,absent before the seal: nothing to judge
2026-09-10,target_relative_return_5d,2023-09-01,262,ctx_1d_market_breadth_1d,0,0.0,0.0,False,0.0,,,,,0,0,,,0,,,,False,,False,False,absent before the seal: nothing to judge
2026-09-10,target_relative_return_5d,2023-09-01,262,ctx_1d_peer_return_excess_1d,0,0.0,0.0,False,0.0,,,,,0,0,,,0,,,,False,,False,False,absent before the seal: nothing to judge
2026-09-10,target_relative_return_5d,2023-09-01,262,ctx_1d_peer_breadth_excess_1d,0,0.0,0.0,False,0.0,,,,,0,0,,,0,,,,False,,False,False,absent before the seal: nothing to judge
2026-09-10,target_relative_return_5d,2023-09-01,262,ctx_1d_FRED_BAMLC0A0CM_1d,0,0.0,0.0,False,0.0,,,,,0,0,,,0,,,,False,,False,False,absent before the seal: nothing to judge
2026-09-10,target_relative_return_5d,2023-09-01,262,ctx_1d_FRED_BAMLH0A0HYM2_1d,0,0.0,0.0,False,0.0,,,,,0,0,,,0,,,,False,,False,False,absent before the seal: nothing to judge
2026-09-10,target_relative_return_5d,2023-09-01,262,ctx_1d_FRED_CAPUTLB50001SQ_1d,0,0.0,0.0,False,0.0,,,,,0,0,,,0,,,,False,,False,False,absent before the seal: nothing to judge
2026-09-10,target_relative_return_5d,2023-09-01,262,ctx_1d_FRED_CCSA_1d,0,0.0,0.0,False,0.0,,,,,0,0,,,0,,,,False,,False,False,absent before the seal: nothing to judge
2026-09-10,target_relative_return_5d,2023-09-01,262,ctx_1d_FRED_CPIAUCSL_1d,0,0.0,0.0,False,0.0,,,,,0,0,,,0,,,,False,,False,False,absent before the seal: nothing to judge
2026-09-10,target_relative_return_5d,2023-09-01,262,ctx_1d_FRED_CSUSHPINSA_1d,0,0.0,0.0,False,0.0,,,,,0,0,,,0,,,,False,,False,False,absent before the seal: nothing to judge
2026-09-10,target_relative_return_5d,2023-09-01,262,ctx_1d_FRED_DCOILWTICO_1d,0,0.0,0.0,False,0.0,,,,,0,0,,,0,,,,False,,False,False,absent before the seal: nothing to judge
2026-09-10,target_relative_return_5d,2023-09-01,262,ctx_1d_FRED_DEXCHUS_1d,0,0.0,0.0,False,0.0,,,,,0,0,,,0,,,,False,,False,False,absent before the seal: nothing to judge
2026-09-10,target_relative_return_5d,2023-09-01,262,ctx_1d_FRED_DEXUSEU_1d,0,0.0,0.0,False,0.0,,,,,0,0,,,0,,,,False,,False,False,absent before the seal: nothing to judge
2026-09-10,target_relative_return_5d,2023-09-01,262,ctx_1d_FRED_DGORDER_1d,0,0.0,0.0,False,0.0,,,,,0,0,,,0,,,,False,,False,False,absent before the seal: nothing to judge
2026-09-10,target_relative_return_5d,2023-09-01,262,ctx_1d_FRED_DGS10_1d,0,0.0,0.0,False,0.0,,,,,0,0,,,0,,,,False,,False,False,absent before the seal: nothing to judge
2026-09-10,target_relative_return_5d,2023-09-01,262,ctx_1d_FRED_DSPIC96_1d,0,0.0,0.0,False,0.0,,,,,0,0,,,0,,,,False,,False,False,absent before the seal: nothing to judge
2026-09-10,target_relative_return_5d,2023-09-01,262,ctx_1d_FRED_FEDFUNDS_1d,0,0.0,0.0,False,0.0,,,,,0,0,,,0,,,,False,,False,False,absent before the seal: nothing to judge
2026-09-10,target_relative_return_5d,2023-09-01,262,ctx_1d_FRED_GDP_1d,0,0.0,0.0,False,0.0,,,,,0,0,,,0,,,,False,,False,False,absent before the seal: nothing to judge
2026-09-10,target_relative_return_5d,2023-09-01,262,ctx_1d_FRED_GS10_1d,0,0.0,0.0,False,0.0,,,,,0,0,,,0,,,,False,,False,False,absent before the seal: nothing to judge
2026-09-10,target_relative_return_5d,2023-09-01,262,ctx_1d_FRED_GS2_1d,0,0.0,0.0,False,0.0,,,,,0,0,,,0,,,,False,,False,False,absent before the seal: nothing to judge
2026-09-10,target_relative_return_5d,2023-09-01,262,ctx_1d_FRED_HOUST_1d,0,0.0,0.0,False,0.0,,,,,0,0,,,0,,,,False,,False,False,absent before the seal: nothing to judge
2026-09-10,target_relative_return_5d,2023-09-01,262,ctx_1d_FRED_ICSA_1d,0,0.0,0.0,False,0.0,,,,,0,0,,,0,,,,False,,False,False,absent before the seal: nothing to judge
2026-09-10,target_relative_return_5d,2023-09-01,262,ctx_1d_FRED_INDPRO_1d,0,0.0,0.0,False,0.0,,,,,0,0,,,0,,,,False,,False,False,absent before the seal: nothing to judge
2026-09-10,target_relative_return_5d,2023-09-01,262,ctx_1d_FRED_MANEMP_1d,0,0.0,0.0,False,0.0,,,,,0,0,,,0,,,,False,,False,False,absent before the seal: nothing to judge
2026-09-10,target_relative_return_5d,2023-09-01,262,ctx_1d_FRED_NFCI_1d,0,0.0,0.0,False,0.0,,,,,0,0,,,0,,,,False,,False,False,absent before the seal: nothing to judge
2026-09-10,target_relative_return_5d,2023-09-01,262,ctx_1d_FRED_PAYEMS_1d,0,0.0,0.0,False,0.0,,,,,0,0,,,0,,,,False,,False,False,absent before the seal: nothing to judge
2026-09-10,target_relative_return_5d,2023-09-01,262,ctx_1d_FRED_PCEPI_1d,0,0.0,0.0,False,0.0,,,,,0,0,,,0,,,,False,,False,False,absent before the seal: nothing to judge
2026-09-10,target_relative_return_5d,2023-09-01,262,ctx_1d_FRED_PCEPILFE_1d,0,0.0,0.0,False,0.0,,,,,0,0,,,0,,,,False,,False,False,absent before the seal: nothing to judge
2026-09-10,target_relative_return_5d,2023-09-01,262,ctx_1d_FRED_PCU334413334413_1d,0,0.0,0.0,False,0.0,,,,,0,0,,,0,,,,False,,False,False,absent before the seal: nothing to judge
2026-09-10,target_relative_return_5d,2023-09-01,262,ctx_1d_FRED_PERMIT_1d,0,0.0,0.0,False,0.0,,,,,0,0,,,0,,,,False,,False,False,absent before the seal: nothing to judge
2026-09-10,target_relative_return_5d,2023-09-01,262,ctx_1d_FRED_PPIACO_1d,0,0.0,0.0,False,0.0,,,,,0,0,,,0,,,,False,,False,False,absent before the seal: nothing to judge
2026-09-10,target_relative_return_5d,2023-09-01,262,ctx_1d_FRED_RRPONTSYD_1d,0,0.0,0.0,False,0.0,,,,,0,0,,,0,,,,False,,False,False,absent before the seal: nothing to judge
2026-09-10,target_relative_return_5d,2023-09-01,262,ctx_1d_FRED_RSAFS_1d,0,0.0,0.0,False,0.0,,,,,0,0,,,0,,,,False,,False,False,absent before the seal: nothing to judge
2026-09-10,target_relative_return_5d,2023-09-01,262,ctx_1d_FRED_SAHMREALTIME_1d,0,0.0,0.0,False,0.0,,,,,0,0,,,0,,,,False,,False,False,absent before the seal: nothing to judge
2026-09-10,target_relative_return_5d,2023-09-01,262,ctx_1d_FRED_T10Y2Y_1d,0,0.0,0.0,False,0.0,,,,,0,0,,,0,,,,False,,False,False,absent before the seal: nothing to judge
2026-09-10,target_relative_return_5d,2023-09-01,262,ctx_1d_FRED_T10Y3M_1d,0,0.0,0.0,False,0.0,,,,,0,0,,,0,,,,False,,False,False,absent before the seal: nothing to judge
2026-09-10,target_relative_return_5d,2023-09-01,262,ctx_1d_FRED_T10YIE_1d,0,0.0,0.0,False,0.0,,,,,0,0,,,0,,,,False,,False,False,absent before the seal: nothing to judge
2026-09-10,target_relative_return_5d,2023-09-01,262,ctx_1d_FRED_T5YIE_1d,0,0.0,0.0,False,0.0,,,,,0,0,,,0,,,,False,,False,False,absent before the seal: nothing to judge
2026-09-10,target_relative_return_5d,2023-09-01,262,ctx_1d_FRED_T5YIFR_1d,0,0.0,0.0,False,0.0,,,,,0,0,,,0,,,,False,,False,False,absent before the seal: nothing to judge
2026-09-10,target_relative_return_5d,2023-09-01,262,ctx_1d_FRED_TOTALSA_1d,0,0.0,0.0,False,0.0,,,,,0,0,,,0,,,,False,,False,False,absent before the seal: nothing to judge
2026-09-10,target_relative_return_5d,2023-09-01,262,ctx_1d_FRED_UMCSENT_1d,0,0.0,0.0,False,0.0,,,,,0,0,,,0,,,,False,,False,False,absent before the seal: nothing to judge
2026-09-10,target_relative_return_5d,2023-09-01,262,ctx_1d_FRED_UNRATE_1d,0,0.0,0.0,False,0.0,,,,,0,0,,,0,,,,False,,False,False,absent before the seal: nothing to judge
2026-09-10,target_relative_return_5d,2023-09-01,262,ctx_1d_FRED_VIXCLS_1d,0,0.0,0.0,False,0.0,,,,,0,0,,,0,,,,False,,False,False,absent before the seal: nothing to judge
2026-09-10,target_relative_return_5d,2023-09-01,262,ctx_1d_FRED_WALCL_1d,0,0.0,0.0,False,0.0,,,,,0,0,,,0,,,,False,,False,False,absent before the seal: nothing to judge
2026-09-10,target_relative_return_5d,2023-09-01,262,ctx_1d_FRED_WPU01_1d,0,0.0,0.0,False,0.0,,,,,0,0,,,0,,,,False,,False,False,absent before the seal: nothing to judge
2026-09-10,target_relative_return_5d,2023-09-01,262,ctx_1d_FRED_WPU055_1d,0,0.0,0.0,False,0.0,,,,,0,0,,,0,,,,False,,False,False,absent before the seal: nothing to judge
2026-09-10,target_relative_return_5d,2023-09-01,262,ctx_1d_FRED_WPU0561_1d,0,0.0,0.0,False,0.0,,,,,0,0,,,0,,,,False,,False,False,absent before the seal: nothing to judge
2026-09-10,target_relative_return_5d,2023-09-01,262,ctx_1d_FRED_WPU101_1d,0,0.0,0.0,False,0.0,,,,,0,0,,,0,,,,False,,False,False,absent before the seal: nothing to judge
2026-09-10,target_relative_return_5d,2023-09-01,262,ctx_1d_FRED_WTREGEN_1d,0,0.0,0.0,False,0.0,,,,,0,0,,,0,,,,False,,False,False,absent before the seal: nothing to judge
2026-09-10,target_relative_return_5d,2023-09-01,262,ctx_1d_fear_greed_index_1d,0,0.0,0.0,False,0.0,,,,,0,0,,,0,,,,False,,False,False,absent before the seal: nothing to judge
2026-09-10,target_relative_return_5d,2023-09-01,262,ctx_1d_fear_greed_available_1d,0,0.0,0.0,False,0.0,,,,,0,0,,,0,,,,False,,False,False,absent before the seal: nothing to judge
2026-09-10,target_relative_return_5d,2023-09-01,262,ctx_1d_cftc_sp500_net_pct_1d,0,0.0,0.0,False,0.0,,,,,0,0,,,0,,,,False,,False,False,absent before the seal: nothing to judge
2026-09-10,target_relative_return_5d,2023-09-01,262,ctx_1d_cftc_sp500_ls_ratio_1d,0,0.0,0.0,False,0.0,,,,,0,0,,,0,,,,False,,False,False,absent before the seal: nothing to judge
2026-09-10,target_relative_return_5d,2023-09-01,262,ctx_1d_cftc_nasdaq_net_pct_1d,0,0.0,0.0,False,0.0,,,,,0,0,,,0,,,,False,,False,False,absent before the seal: nothing to judge
2026-09-10,target_relative_return_5d,2023-09-01,262,ctx_1d_cftc_nasdaq_ls_ratio_1d,0,0.0,0.0,False,0.0,,,,,0,0,,,0,,,,False,,False,False,absent before the seal: nothing to judge
2026-09-10,target_relative_return_5d,2023-09-01,262,ctx_1d_cftc_dow_net_pct_1d,0,0.0,0.0,False,0.0,,,,,0,0,,,0,,,,False,,False,False,absent before the seal: nothing to judge
2026-09-10,target_relative_return_5d,2023-09-01,262,ctx_1d_cftc_dow_ls_ratio_1d,0,0.0,0.0,False,0.0,,,,,0,0,,,0,,,,False,,False,False,absent before the seal: nothing to judge
2026-09-10,target_relative_return_5d,2023-09-01,262,ctx_1d_cftc_gold_net_pct_1d,0,0.0,0.0,False,0.0,,,,,0,0,,,0,,,,False,,False,False,absent before the seal: nothing to judge
2026-09-10,target_relative_return_5d,2023-09-01,262,ctx_1d_cftc_gold_ls_ratio_1d,0,0.0,0.0,False,0.0,,,,,0,0,,,0,,,,False,,False,False,absent before the seal: nothing to judge
2026-09-10,target_relative_return_5d,2023-09-01,262,ctx_1d_cftc_crude_net_pct_1d,0,0.0,0.0,False,0.0,,,,,0,0,,,0,,,,False,,False,False,absent before the seal: nothing to judge
2026-09-10,target_relative_return_5d,2023-09-01,262,ctx_1d_cftc_crude_ls_ratio_1d,0,0.0,0.0,False,0.0,,,,,0,0,,,0,,,,False,,False,False,absent before the seal: nothing to judge
2026-09-10,target_relative_return_5d,2023-09-01,262,ctx_1d_cftc_available_1d,0,0.0,0.0,False,0.0,,,,,0,0,,,0,,,,False,,False,False,absent before the seal: nothing to judge
2026-09-10,target_relative_return_5d,2023-09-01,262,ctx_1d_filing_days_since_last_1d,0,0.0,0.0,False,0.0,,,,,0,0,,,0,,,,False,,False,False,absent before the seal: nothing to judge
2026-09-10,target_relative_return_5d,2023-09-01,262,ctx_1d_filing_count_30d_1d,0,0.0,0.0,False,0.0,,,,,0,0,,,0,,,,False,,False,False,absent before the seal: nothing to judge
2026-09-10,target_relative_return_5d,2023-09-01,262,ctx_1d_filing_material_30d_1d,0,0.0,0.0,False,0.0,,,,,0,0,,,0,,,,False,,False,False,absent before the seal: nothing to judge
2026-09-10,target_relative_return_5d,2023-09-01,262,ctx_1d_filing_periodic_30d_1d,0,0.0,0.0,False,0.0,,,,,0,0,,,0,,,,False,,False,False,absent before the seal: nothing to judge
2026-09-10,target_relative_return_5d,2023-09-01,262,ctx_1d_filing_data_available_1d,0,0.0,0.0,False,0.0,,,,,0,0,,,0,,,,False,,False,False,absent before the seal: nothing to judge
2026-09-10,target_relative_return_5d,2023-09-01,262,ctx_1d_nlp_sentiment_score_1d,0,0.0,0.0,False,0.0,,,,,0,0,,,0,,,,False,,False,False,absent before the seal: nothing to judge
2026-09-10,target_relative_return_5d,2023-09-01,262,ctx_1d_nlp_subjectivity_score_1d,0,0.0,0.0,False,0.0,,,,,0,0,,,0,,,,False,,False,False,absent before the seal: nothing to judge
2026-09-10,target_relative_return_5d,2023-09-01,262,ctx_1d_nlp_cluster_1d,0,0.0,0.0,False,0.0,,,,,0,0,,,0,,,,False,,False,False,absent before the seal: nothing to judge
2026-09-10,target_relative_return_5d,2023-09-01,262,ctx_1d_volatility_5_1d,0,0.0,0.0,False,0.0,,,,,0,0,,,0,,,,False,,False,False,absent before the seal: nothing to judge
2026-09-10,target_relative_return_5d,2023-09-01,262,ctx_1d_volatility_10_1d,0,0.0,0.0,False,0.0,,,,,0,0,,,0,,,,False,,False,False,absent before the seal: nothing to judge
2026-09-10,target_relative_return_5d,2023-09-01,262,ctx_1d_volatility_20_1d,0,0.0,0.0,False,0.0,,,,,0,0,,,0,,,,False,,False,False,absent before the seal: nothing to judge
2026-09-10,target_relative_return_5d,2023-09-01,262,ctx_1d_atr_14_1d,0,0.0,0.0,False,0.0,,,,,0,0,,,0,,,,False,,False,False,absent before the seal: nothing to judge
2026-09-10,target_relative_return_5d,2023-09-01,262,ctx_1d_gk_volatility_1d,0,0.0,0.0,False,0.0,,,,,0,0,,,0,,,,False,,False,False,absent before the seal: nothing to judge
2026-09-10,target_relative_return_5d,2023-09-01,262,ctx_1d_volatility_regime_1d,0,0.0,0.0,False,0.0,,,,,0,0,,,0,,,,False,,False,False,absent before the seal: nothing to judge
2026-09-10,target_relative_return_5d,2023-09-01,262,ctx_1d_fund_price_to_book_1d,0,0.0,0.0,False,0.0,,,,,0,0,,,0,,,,False,,False,False,absent before the seal: nothing to judge
2026-09-10,target_relative_return_5d,2023-09-01,262,ctx_1d_fund_earnings_yield_1d,0,0.0,0.0,False,0.0,,,,,0,0,,,0,,,,False,,False,False,absent before the seal: nothing to judge
2026-09-10,target_relative_return_5d,2023-09-01,262,ctx_1d_fund_current_ratio_1d,0,0.0,0.0,False,0.0,,,,,0,0,,,0,,,,False,,False,False,absent before the seal: nothing to judge
2026-09-10,target_relative_return_5d,2023-09-01,262,ctx_1d_fund_debt_to_equity_1d,0,0.0,0.0,False,0.0,,,,,0,0,,,0,,,,False,,False,False,absent before the seal: nothing to judge
2026-09-10,target_relative_return_5d,2023-09-01,262,ctx_1d_fund_return_on_equity_1d,0,0.0,0.0,False,0.0,,,,,0,0,,,0,,,,False,,False,False,absent before the seal: nothing to judge
2026-09-10,target_relative_return_5d,2023-09-01,262,ctx_1d_fund_days_since_report_1d,0,0.0,0.0,False,0.0,,,,,0,0,,,0,,,,False,,False,False,absent before the seal: nothing to judge
2026-09-10,target_relative_return_5d,2023-09-01,262,ctx_1d_fund_data_available_1d,0,0.0,0.0,False,0.0,,,,,0,0,,,0,,,,False,,False,False,absent before the seal: nothing to judge
2026-09-10,target_relative_return_5d,2023-09-01,262,ctx_1d_wiki_views_1d,0,0.0,0.0,False,0.0,,,,,0,0,,,0,,,,False,,False,False,absent before the seal: nothing to judge
2026-09-10,target_relative_return_5d,2023-09-01,262,ctx_1d_wiki_attention_z_1d,0,0.0,0.0,False,0.0,,,,,0,0,,,0,,,,False,,False,False,absent before the seal: nothing to judge
2026-09-10,target_relative_return_5d,2023-09-01,262,ctx_1d_wiki_attention_available_1d,0,0.0,0.0,False,0.0,,,,,0,0,,,0,,,,False,,False,False,absent before the seal: nothing to judge
2026-09-10,target_relative_return_5d,2023-09-01,262,ctx_1d_insider_net_value_30d_1d,0,0.0,0.0,False,0.0,,,,,0,0,,,0,,,,False,,False,False,absent before the seal: nothing to judge
2026-09-10,target_relative_return_5d,2023-09-01,262,ctx_1d_insider_available_1d,0,0.0,0.0,False,0.0,,,,,0,0,,,0,,,,False,,False,False,absent before the seal: nothing to judge
2026-09-10,target_relative_return_5d,2023-09-01,262,ctx_1d_keyword_count_1d,0,0.0,0.0,False,0.0,,,,,0,0,,,0,,,,False,,False,False,absent before the seal: nothing to judge
2026-09-10,target_relative_return_5d,2023-09-01,262,ctx_1d_entity_count_1d,0,0.0,0.0,False,0.0,,,,,0,0,,,0,,,,False,,False,False,absent before the seal: nothing to judge
2026-09-10,target_relative_return_5d,2023-09-01,262,ctx_1d_keyword_entity_available_1d,0,0.0,0.0,False,0.0,,,,,0,0,,,0,,,,False,,False,False,absent before the seal: nothing to judge
2026-09-10,target_relative_return_5d,2023-09-01,262,ctx_1d_news_quality_score_1d,0,0.0,0.0,False,0.0,,,,,0,0,,,0,,,,False,,False,False,absent before the seal: nothing to judge
2026-09-10,target_relative_return_5d,2023-09-01,262,ctx_1d_news_source_count_1d,0,0.0,0.0,False,0.0,,,,,0,0,,,0,,,,False,,False,False,absent before the seal: nothing to judge
2026-09-10,target_relative_return_5d,2023-09-01,262,ctx_1d_news_quality_available_1d,0,0.0,0.0,False,0.0,,,,,0,0,,,0,,,,False,,False,False,absent before the seal: nothing to judge
2026-09-10,target_relative_return_5d,2023-09-01,262,ctx_1d_news_freshness_hours_1d,0,0.0,0.0,False,0.0,,,,,0,0,,,0,,,,False,,False,False,absent before the seal: nothing to judge
2026-09-10,target_relative_return_5d,2023-09-01,262,ctx_1d_news_coverage_1d,0,0.0,0.0,False,0.0,,,,,0,0,,,0,,,,False,,False,False,absent before the seal: nothing to judge
2026-09-10,target_relative_return_5d,2023-09-01,262,ctx_1d_sentiment_available_1d,0,0.0,0.0,False,0.0,,,,,0,0,,,0,,,,False,,False,False,absent before the seal: nothing to judge
2026-09-10,target_relative_return_5d,2023-09-01,262,ctx_1d_sentiment_sma_5_1d,0,0.0,0.0,False,0.0,,,,,0,0,,,0,,,,False,,False,False,absent before the seal: nothing to judge
2026-09-10,target_relative_return_5d,2023-09-01,262,ctx_1d_sentiment_std_5_1d,0,0.0,0.0,False,0.0,,,,,0,0,,,0,,,,False,,False,False,absent before the seal: nothing to judge
2026-09-10,target_relative_return_5d,2023-09-01,262,ctx_1d_sentiment_sma_20_1d,0,0.0,0.0,False,0.0,,,,,0,0,,,0,,,,False,,False,False,absent before the seal: nothing to judge
2026-09-10,target_relative_return_5d,2023-09-01,262,ctx_1d_sentiment_std_20_1d,0,0.0,0.0,False,0.0,,,,,0,0,,,0,,,,False,,False,False,absent before the seal: nothing to judge
2026-09-10,target_relative_return_5d,2023-09-01,262,ctx_1d_sentiment_sma_50_1d,0,0.0,0.0,False,0.0,,,,,0,0,,,0,,,,False,,False,False,absent before the seal: nothing to judge
2026-09-10,target_relative_return_5d,2023-09-01,262,ctx_1d_sentiment_std_50_1d,0,0.0,0.0,False,0.0,,,,,0,0,,,0,,,,False,,False,False,absent before the seal: nothing to judge
2026-09-10,target_relative_return_5d,2023-09-01,262,ctx_1d_sentiment_ema_1d,0,0.0,0.0,False,0.0,,,,,0,0,,,0,,,,False,,False,False,absent before the seal: nothing to judge
2026-09-10,target_relative_return_5d,2023-09-01,262,ctx_1d_sentiment_velocity_1d,0,0.0,0.0,False,0.0,,,,,0,0,,,0,,,,False,,False,False,absent before the seal: nothing to judge
2026-09-10,target_relative_return_5d,2023-09-01,262,ctx_1d_news_intensity_1d,0,0.0,0.0,False,0.0,,,,,0,0,,,0,,,,False,,False,False,absent before the seal: nothing to judge
2026-09-10,target_relative_return_5d,2023-09-01,262,ctx_1d_sentiment_decay_weighted_1d,0,0.0,0.0,False,0.0,,,,,0,0,,,0,,,,False,,False,False,absent before the seal: nothing to judge
2026-09-10,target_relative_return_5d,2023-09-01,262,ctx_1d_news_impact_available_1d,0,0.0,0.0,False,0.0,,,,,0,0,,,0,,,,False,,False,False,absent before the seal: nothing to judge
2026-09-10,target_relative_return_5d,2023-09-01,262,ctx_1d_news_impact_score_1d,0,0.0,0.0,False,0.0,,,,,0,0,,,0,,,,False,,False,False,absent before the seal: nothing to judge
2026-09-10,target_relative_return_5d,2023-09-01,262,ctx_1d_news_significance_level_1d,0,0.0,0.0,False,0.0,,,,,0,0,,,0,,,,False,,False,False,absent before the seal: nothing to judge
2026-09-10,target_relative_return_5d,2023-09-01,262,ctx_1d_hype_available_1d,0,0.0,0.0,False,0.0,,,,,0,0,,,0,,,,False,,False,False,absent before the seal: nothing to judge
2026-09-10,target_relative_return_5d,2023-09-01,262,ctx_1d_hype_score_1d,0,0.0,0.0,False,0.0,,,,,0,0,,,0,,,,False,,False,False,absent before the seal: nothing to judge
2026-09-10,target_relative_return_5d,2023-09-01,262,ctx_1d_is_significant_1d,0,0.0,0.0,False,0.0,,,,,0,0,,,0,,,,False,,False,False,absent before the seal: nothing to judge
2026-09-10,target_relative_return_5d,2023-09-01,262,ctx_1d_significant_events_7d_1d,0,0.0,0.0,False,0.0,,,,,0,0,,,0,,,,False,,False,False,absent before the seal: nothing to judge
2026-09-10,target_relative_return_5d,2023-09-01,262,ctx_1d_significant_events_30d_1d,0,0.0,0.0,False,0.0,,,,,0,0,,,0,,,,False,,False,False,absent before the seal: nothing to judge
2026-09-10,target_relative_return_5d,2023-09-01,262,ctx_1d_days_since_last_significant_1d,0,0.0,0.0,False,0.0,,,,,0,0,,,0,,,,False,,False,False,absent before the seal: nothing to judge
2026-09-10,target_relative_return_5d,2023-09-01,262,ctx_1d_significance_intensity_7d_1d,0,0.0,0.0,False,0.0,,,,,0,0,,,0,,,,False,,False,False,absent before the seal: nothing to judge
2026-09-10,target_relative_return_5d,2023-09-01,262,ctx_1d_is_significant_decayed_1d,0,0.0,0.0,False,0.0,,,,,0,0,,,0,,,,False,,False,False,absent before the seal: nothing to judge
2026-09-10,target_relative_return_5d,2023-09-01,262,ctx_1d_sentiment_mean_1d,0,0.0,0.0,False,0.0,,,,,0,0,,,0,,,,False,,False,False,absent before the seal: nothing to judge
2026-09-10,target_relative_return_5d,2023-09-01,262,ctx_1d_sentiment_std_stat_1d,0,0.0,0.0,False,0.0,,,,,0,0,,,0,,,,False,,False,False,absent before the seal: nothing to judge
2026-09-10,target_relative_return_5d,2023-09-01,262,ctx_1d_sentiment_pos_threshold_1d,0,0.0,0.0,False,0.0,,,,,0,0,,,0,,,,False,,False,False,absent before the seal: nothing to judge
2026-09-10,target_relative_return_5d,2023-09-01,262,ctx_1d_sentiment_neg_threshold_1d,0,0.0,0.0,False,0.0,,,,,0,0,,,0,,,,False,,False,False,absent before the seal: nothing to judge
2026-09-10,target_relative_return_5d,2023-09-01,262,ctx_1d_macro_composite_score_1d,0,0.0,0.0,False,0.0,,,,,0,0,,,0,,,,False,,False,False,absent before the seal: nothing to judge
2026-09-10,target_relative_return_5d,2023-09-01,262,ctx_1d_state_open_1d,0,0.0,0.0,False,0.0,,,,,0,0,,,0,,,,False,,False,False,absent before the seal: nothing to judge
2026-09-10,target_relative_return_5d,2023-09-01,262,ctx_1d_state_high_1d,0,0.0,0.0,False,0.0,,,,,0,0,,,0,,,,False,,False,False,absent before the seal: nothing to judge
2026-09-10,target_relative_return_5d,2023-09-01,262,ctx_1d_state_low_1d,0,0.0,0.0,False,0.0,,,,,0,0,,,0,,,,False,,False,False,absent before the seal: nothing to judge
2026-09-10,target_relative_return_5d,2023-09-01,262,ctx_1d_state_close_1d,0,0.0,0.0,False,0.0,,,,,0,0,,,0,,,,False,,False,False,absent before the seal: nothing to judge
2026-09-10,target_relative_return_5d,2023-09-01,262,ctx_1d_state_volume_1d,0,0.0,0.0,False,0.0,,,,,0,0,,,0,,,,False,,False,False,absent before the seal: nothing to judge
2026-09-10,target_relative_return_5d,2023-09-01,262,ctx_1d_state_day_of_week_sin_1d,0,0.0,0.0,False,0.0,,,,,0,0,,,0,,,,False,,False,False,absent before the seal: nothing to judge
2026-09-10,target_relative_return_5d,2023-09-01,262,ctx_1d_state_day_of_week_cos_1d,0,0.0,0.0,False,0.0,,,,,0,0,,,0,,,,False,,False,False,absent before the seal: nothing to judge
2026-09-10,target_relative_return_5d,2023-09-01,262,ctx_1d_state_SMA_5_1d,0,0.0,0.0,False,0.0,,,,,0,0,,,0,,,,False,,False,False,absent before the seal: nothing to judge
2026-09-10,target_relative_return_5d,2023-09-01,262,ctx_1d_state_SMA_10_1d,0,0.0,0.0,False,0.0,,,,,0,0,,,0,,,,False,,False,False,absent before the seal: nothing to judge
2026-09-10,target_relative_return_5d,2023-09-01,262,ctx_1d_state_SMA_20_1d,0,0.0,0.0,False,0.0,,,,,0,0,,,0,,,,False,,False,False,absent before the seal: nothing to judge
2026-09-10,target_relative_return_5d,2023-09-01,262,ctx_1d_state_SMA_50_1d,0,0.0,0.0,False,0.0,,,,,0,0,,,0,,,,False,,False,False,absent before the seal: nothing to judge
2026-09-10,target_relative_return_5d,2023-09-01,262,ctx_1d_state_SMA_100_1d,0,0.0,0.0,False,0.0,,,,,0,0,,,0,,,,False,,False,False,absent before the seal: nothing to judge
2026-09-10,target_relative_return_5d,2023-09-01,262,ctx_1d_state_SMA_200_1d,0,0.0,0.0,False,0.0,,,,,0,0,,,0,,,,False,,False,False,absent before the seal: nothing to judge
2026-09-10,target_relative_return_5d,2023-09-01,262,ctx_1d_state_EMA_5_1d,0,0.0,0.0,False,0.0,,,,,0,0,,,0,,,,False,,False,False,absent before the seal: nothing to judge
2026-09-10,target_relative_return_5d,2023-09-01,262,ctx_1d_state_EMA_10_1d,0,0.0,0.0,False,0.0,,,,,0,0,,,0,,,,False,,False,False,absent before the seal: nothing to judge
2026-09-10,target_relative_return_5d,2023-09-01,262,ctx_1d_state_EMA_20_1d,0,0.0,0.0,False,0.0,,,,,0,0,,,0,,,,False,,False,False,absent before the seal: nothing to judge
2026-09-10,target_relative_return_5d,2023-09-01,262,ctx_1d_state_EMA_50_1d,0,0.0,0.0,False,0.0,,,,,0,0,,,0,,,,False,,False,False,absent before the seal: nothing to judge
2026-09-10,target_relative_return_5d,2023-09-01,262,ctx_1d_state_EMA_100_1d,0,0.0,0.0,False,0.0,,,,,0,0,,,0,,,,False,,False,False,absent before the seal: nothing to judge
2026-09-10,target_relative_return_5d,2023-09-01,262,ctx_1d_state_EMA_200_1d,0,0.0,0.0,False,0.0,,,,,0,0,,,0,,,,False,,False,False,absent before the seal: nothing to judge
2026-09-10,target_relative_return_5d,2023-09-01,262,ctx_1d_state_RSI_14_1d,0,0.0,0.0,False,0.0,,,,,0,0,,,0,,,,False,,False,False,absent before the seal: nothing to judge
2026-09-10,target_relative_return_5d,2023-09-01,262,ctx_1d_state_MACD_1d,0,0.0,0.0,False,0.0,,,,,0,0,,,0,,,,False,,False,False,absent before the seal: nothing to judge
2026-09-10,target_relative_return_5d,2023-09-01,262,ctx_1d_state_MACD_Signal_1d,0,0.0,0.0,False,0.0,,,,,0,0,,,0,,,,False,,False,False,absent before the seal: nothing to judge
2026-09-10,target_relative_return_5d,2023-09-01,262,ctx_1d_state_MACD_Histogram_1d,0,0.0,0.0,False,0.0,,,,,0,0,,,0,,,,False,,False,False,absent before the seal: nothing to judge
2026-09-10,target_relative_return_5d,2023-09-01,262,ctx_1d_state_BB_Upper_1d,0,0.0,0.0,False,0.0,,,,,0,0,,,0,,,,False,,False,False,absent before the seal: nothing to judge
2026-09-10,target_relative_return_5d,2023-09-01,262,ctx_1d_state_BB_Middle_1d,0,0.0,0.0,False,0.0,,,,,0,0,,,0,,,,False,,False,False,absent before the seal: nothing to judge
2026-09-10,target_relative_return_5d,2023-09-01,262,ctx_1d_state_BB_Lower_1d,0,0.0,0.0,False,0.0,,,,,0,0,,,0,,,,False,,False,False,absent before the seal: nothing to judge
2026-09-10,target_relative_return_5d,2023-09-01,262,ctx_1d_state_ATR_14_1d,0,0.0,0.0,False,0.0,,,,,0,0,,,0,,,,False,,False,False,absent before the seal: nothing to judge
2026-09-10,target_relative_return_5d,2023-09-01,262,ctx_1d_state_Stoch_K_1d,0,0.0,0.0,False,0.0,,,,,0,0,,,0,,,,False,,False,False,absent before the seal: nothing to judge
2026-09-10,target_relative_return_5d,2023-09-01,262,ctx_1d_state_Stoch_D_1d,0,0.0,0.0,False,0.0,,,,,0,0,,,0,,,,False,,False,False,absent before the seal: nothing to judge
2026-09-10,target_relative_return_5d,2023-09-01,262,ctx_1d_state_Williams_R_1d,0,0.0,0.0,False,0.0,,,,,0,0,,,0,,,,False,,False,False,absent before the seal: nothing to judge
2026-09-10,target_relative_return_5d,2023-09-01,262,ctx_1d_state_CCI_1d,0,0.0,0.0,False,0.0,,,,,0,0,,,0,,,,False,,False,False,absent before the seal: nothing to judge
2026-09-10,target_relative_return_5d,2023-09-01,262,ctx_1d_state_VOLATILITY_5_1d,0,0.0,0.0,False,0.0,,,,,0,0,,,0,,,,False,,False,False,absent before the seal: nothing to judge
2026-09-10,target_relative_return_5d,2023-09-01,262,ctx_1d_state_MOMENTUM_ZSCORE_1d,0,0.0,0.0,False,0.0,,,,,0,0,,,0,,,,False,,False,False,absent before the seal: nothing to judge
2026-09-10,target_relative_return_5d,2023-09-01,262,ctx_1d_state_RSI_VELOCITY_1d,0,0.0,0.0,False,0.0,,,,,0,0,,,0,,,,False,,False,False,absent before the seal: nothing to judge
2026-09-10,target_relative_return_5d,2023-09-01,262,ctx_1d_state_VOLATILITY_20_1d,0,0.0,0.0,False,0.0,,,,,0,0,,,0,,,,False,,False,False,absent before the seal: nothing to judge
2026-09-10,target_relative_return_5d,2023-09-01,262,ctx_1d_state_VOLATILITY_50_1d,0,0.0,0.0,False,0.0,,,,,0,0,,,0,,,,False,,False,False,absent before the seal: nothing to judge
2026-09-10,target_relative_return_5d,2023-09-01,262,ctx_1d_state_MAX_DRAWDOWN_1d,0,0.0,0.0,False,0.0,,,,,0,0,,,0,,,,False,,False,False,absent before the seal: nothing to judge
2026-09-10,target_relative_return_5d,2023-09-01,262,ctx_1d_state_CURRENT_DRAWDOWN_1d,0,0.0,0.0,False,0.0,,,,,0,0,,,0,,,,False,,False,False,absent before the seal: nothing to judge
2026-09-10,target_relative_return_5d,2023-09-01,262,ctx_1d_state_SHARPE_RATIO_1d,0,0.0,0.0,False,0.0,,,,,0,0,,,0,,,,False,,False,False,absent before the seal: nothing to judge
2026-09-10,target_relative_return_5d,2023-09-01,262,ctx_1d_state_SORTINO_RATIO_1d,0,0.0,0.0,False,0.0,,,,,0,0,,,0,,,,False,,False,False,absent before the seal: nothing to judge
2026-09-10,target_relative_return_5d,2023-09-01,262,ctx_1d_state_AUTOCORR_1d,0,0.0,0.0,False,0.0,,,,,0,0,,,0,,,,False,,False,False,absent before the seal: nothing to judge
2026-09-10,target_relative_return_5d,2023-09-01,262,ctx_1d_state_HURST_EXPONENT_1d,0,0.0,0.0,False,0.0,,,,,0,0,,,0,,,,False,,False,False,absent before the seal: nothing to judge
2026-09-10,target_relative_return_5d,2023-09-01,262,ctx_1d_state_SKEWNESS_1d,0,0.0,0.0,False,0.0,,,,,0,0,,,0,,,,False,,False,False,absent before the seal: nothing to judge
2026-09-10,target_relative_return_5d,2023-09-01,262,ctx_1d_state_KURTOSIS_1d,0,0.0,0.0,False,0.0,,,,,0,0,,,0,,,,False,,False,False,absent before the seal: nothing to judge
2026-09-10,target_relative_return_5d,2023-09-01,262,ctx_1d_state_MARKET_PREMIUM_1d,0,0.0,0.0,False,0.0,,,,,0,0,,,0,,,,False,,False,False,absent before the seal: nothing to judge
2026-09-10,target_relative_return_5d,2023-09-01,262,ctx_1d_state_ARSI_14_1d,0,0.0,0.0,False,0.0,,,,,0,0,,,0,,,,False,,False,False,absent before the seal: nothing to judge
2026-09-10,target_relative_return_5d,2023-09-01,262,ctx_1d_state_AATR_14_1d,0,0.0,0.0,False,0.0,,,,,0,0,,,0,,,,False,,False,False,absent before the seal: nothing to judge
2026-09-10,target_relative_return_5d,2023-09-01,262,ctx_1d_state_ABB_Upper_1d,0,0.0,0.0,False,0.0,,,,,0,0,,,0,,,,False,,False,False,absent before the seal: nothing to judge
2026-09-10,target_relative_return_5d,2023-09-01,262,ctx_1d_state_ABB_Mid_1d,0,0.0,0.0,False,0.0,,,,,0,0,,,0,,,,False,,False,False,absent before the seal: nothing to judge
2026-09-10,target_relative_return_5d,2023-09-01,262,ctx_1d_state_ABB_Lower_1d,0,0.0,0.0,False,0.0,,,,,0,0,,,0,,,,False,,False,False,absent before the seal: nothing to judge
2026-09-10,target_relative_return_5d,2023-09-01,262,ctx_1d_state_AEMA_20_1d,0,0.0,0.0,False,0.0,,,,,0,0,,,0,,,,False,,False,False,absent before the seal: nothing to judge
2026-09-10,target_relative_return_5d,2023-09-01,262,ctx_1d_state_CDL_BODY_RATIO_1d,0,0.0,0.0,False,0.0,,,,,0,0,,,0,,,,False,,False,False,absent before the seal: nothing to judge
2026-09-10,target_relative_return_5d,2023-09-01,262,ctx_1d_state_CDL_UPPER_WICK_RATIO_1d,0,0.0,0.0,False,0.0,,,,,0,0,,,0,,,,False,,False,False,absent before the seal: nothing to judge
2026-09-10,target_relative_return_5d,2023-09-01,262,ctx_1d_state_CDL_LOWER_WICK_RATIO_1d,0,0.0,0.0,False,0.0,,,,,0,0,,,0,,,,False,,False,False,absent before the seal: nothing to judge
2026-09-10,target_relative_return_5d,2023-09-01,262,ctx_1d_state_CDL_DOJI_1d,0,0.0,0.0,False,0.0,,,,,0,0,,,0,,,,False,,False,False,absent before the seal: nothing to judge
2026-09-10,target_relative_return_5d,2023-09-01,262,ctx_1d_state_CDL_HAMMER_1d,0,0.0,0.0,False,0.0,,,,,0,0,,,0,,,,False,,False,False,absent before the seal: nothing to judge
2026-09-10,target_relative_return_5d,2023-09-01,262,ctx_1d_state_CDL_SHOOTING_STAR_1d,0,0.0,0.0,False,0.0,,,,,0,0,,,0,,,,False,,False,False,absent before the seal: nothing to judge
2026-09-10,target_relative_return_5d,2023-09-01,262,ctx_1d_state_CDL_MARUBOZU_1d,0,0.0,0.0,False,0.0,,,,,0,0,,,0,,,,False,,False,False,absent before the seal: nothing to judge
2026-09-10,target_relative_return_5d,2023-09-01,262,ctx_1d_state_CDL_ENGULFING_BULL_1d,0,0.0,0.0,False,0.0,,,,,0,0,,,0,,,,False,,False,False,absent before the seal: nothing to judge
2026-09-10,target_relative_return_5d,2023-09-01,262,ctx_1d_state_CDL_ENGULFING_BEAR_1d,0,0.0,0.0,False,0.0,,,,,0,0,,,0,,,,False,,False,False,absent before the seal: nothing to judge
2026-09-10,target_relative_return_5d,2023-09-01,262,ctx_1d_state_CDL_INSIDE_BAR_1d,0,0.0,0.0,False,0.0,,,,,0,0,,,0,,,,False,,False,False,absent before the seal: nothing to judge
2026-09-10,target_relative_return_5d,2023-09-01,262,ctx_1d_state_CDL_OUTSIDE_BAR_1d,0,0.0,0.0,False,0.0,,,,,0,0,,,0,,,,False,,False,False,absent before the seal: nothing to judge
2026-09-10,target_relative_return_5d,2023-09-01,262,ctx_1d_state_LEVEL_POSITION_20_1d,0,0.0,0.0,False,0.0,,,,,0,0,,,0,,,,False,,False,False,absent before the seal: nothing to judge
2026-09-10,target_relative_return_5d,2023-09-01,262,ctx_1d_state_LEVEL_DIST_RESISTANCE_20_1d,0,0.0,0.0,False,0.0,,,,,0,0,,,0,,,,False,,False,False,absent before the seal: nothing to judge
2026-09-10,target_relative_return_5d,2023-09-01,262,ctx_1d_state_LEVEL_DIST_SUPPORT_20_1d,0,0.0,0.0,False,0.0,,,,,0,0,,,0,,,,False,,False,False,absent before the seal: nothing to judge
2026-09-10,target_relative_return_5d,2023-09-01,262,ctx_1d_state_LEVEL_BREAKOUT_UP_20_1d,0,0.0,0.0,False,0.0,,,,,0,0,,,0,,,,False,,False,False,absent before the seal: nothing to judge
2026-09-10,target_relative_return_5d,2023-09-01,262,ctx_1d_state_LEVEL_BREAKOUT_DOWN_20_1d,0,0.0,0.0,False,0.0,,,,,0,0,,,0,,,,False,,False,False,absent before the seal: nothing to judge
2026-09-10,target_relative_return_5d,2023-09-01,262,ctx_1d_state_returns_1d,0,0.0,0.0,False,0.0,,,,,0,0,,,0,,,,False,,False,False,absent before the seal: nothing to judge
2026-09-10,target_relative_return_5d,2023-09-01,262,ctx_1d_state_LAG_1_1d,0,0.0,0.0,False,0.0,,,,,0,0,,,0,,,,False,,False,False,absent before the seal: nothing to judge
2026-09-10,target_relative_return_5d,2023-09-01,262,ctx_1d_state_LAG_5_1d,0,0.0,0.0,False,0.0,,,,,0,0,,,0,,,,False,,False,False,absent before the seal: nothing to judge
2026-09-10,target_relative_return_5d,2023-09-01,262,ctx_1d_state_LAG_10_1d,0,0.0,0.0,False,0.0,,,,,0,0,,,0,,,,False,,False,False,absent before the seal: nothing to judge
2026-09-10,target_relative_return_5d,2023-09-01,262,ctx_1d_state_LAG_20_1d,0,0.0,0.0,False,0.0,,,,,0,0,,,0,,,,False,,False,False,absent before the seal: nothing to judge
2026-09-10,target_relative_return_5d,2023-09-01,262,ctx_1d_state_VELOCITY_1_1d,0,0.0,0.0,False,0.0,,,,,0,0,,,0,,,,False,,False,False,absent before the seal: nothing to judge
2026-09-10,target_relative_return_5d,2023-09-01,262,ctx_1d_state_VELOCITY_5_1d,0,0.0,0.0,False,0.0,,,,,0,0,,,0,,,,False,,False,False,absent before the seal: nothing to judge
2026-09-10,target_relative_return_5d,2023-09-01,262,ctx_1d_state_VELOCITY_10_1d,0,0.0,0.0,False,0.0,,,,,0,0,,,0,,,,False,,False,False,absent before the seal: nothing to judge
2026-09-10,target_relative_return_5d,2023-09-01,262,ctx_1d_state_ACCELERATION_5_1d,0,0.0,0.0,False,0.0,,,,,0,0,,,0,,,,False,,False,False,absent before the seal: nothing to judge
2026-09-10,target_relative_return_5d,2023-09-01,262,ctx_1d_state_ACCELERATION_10_1d,0,0.0,0.0,False,0.0,,,,,0,0,,,0,,,,False,,False,False,absent before the seal: nothing to judge
2026-09-10,target_relative_return_5d,2023-09-01,262,ctx_1d_state_ROLLING_SKEW_10_1d,0,0.0,0.0,False,0.0,,,,,0,0,,,0,,,,False,,False,False,absent before the seal: nothing to judge
2026-09-10,target_relative_return_5d,2023-09-01,262,ctx_1d_state_ROLLING_SKEW_20_1d,0,0.0,0.0,False,0.0,,,,,0,0,,,0,,,,False,,False,False,absent before the seal: nothing to judge
2026-09-10,target_relative_return_5d,2023-09-01,262,ctx_1d_state_ROLLING_KURT_10_1d,0,0.0,0.0,False,0.0,,,,,0,0,,,0,,,,False,,False,False,absent before the seal: nothing to judge
2026-09-10,target_relative_return_5d,2023-09-01,262,ctx_1d_state_ROLLING_KURT_20_1d,0,0.0,0.0,False,0.0,,,,,0,0,,,0,,,,False,,False,False,absent before the seal: nothing to judge
2026-09-10,target_relative_return_5d,2023-09-01,262,ctx_1d_state_ROLLING_VOL_10_1d,0,0.0,0.0,False,0.0,,,,,0,0,,,0,,,,False,,False,False,absent before the seal: nothing to judge
2026-09-10,target_relative_return_5d,2023-09-01,262,ctx_1d_state_ROLLING_VOL_20_1d,0,0.0,0.0,False,0.0,,,,,0,0,,,0,,,,False,,False,False,absent before the seal: nothing to judge
2026-09-10,target_relative_return_5d,2023-09-01,262,ctx_1d_state_volume_sma_5_1d,0,0.0,0.0,False,0.0,,,,,0,0,,,0,,,,False,,False,False,absent before the seal: nothing to judge
2026-09-10,target_relative_return_5d,2023-09-01,262,ctx_1d_state_volume_sma_10_1d,0,0.0,0.0,False,0.0,,,,,0,0,,,0,,,,False,,False,False,absent before the seal: nothing to judge
2026-09-10,target_relative_return_5d,2023-09-01,262,ctx_1d_state_volume_roc_1d,0,0.0,0.0,False,0.0,,,,,0,0,,,0,,,,False,,False,False,absent before the seal: nothing to judge
2026-09-10,target_relative_return_5d,2023-09-01,262,ctx_1d_state_price_volume_trend_1d,0,0.0,0.0,False,0.0,,,,,0,0,,,0,,,,False,,False,False,absent before the seal: nothing to judge
2026-09-10,target_relative_return_5d,2023-09-01,262,ctx_1d_state_obv_1d,0,0.0,0.0,False,0.0,,,,,0,0,,,0,,,,False,,False,False,absent before the seal: nothing to judge
2026-09-10,target_relative_return_5d,2023-09-01,262,ctx_1d_state_volume_rs_1d,0,0.0,0.0,False,0.0,,,,,0,0,,,0,,,,False,,False,False,absent before the seal: nothing to judge
2026-09-10,target_relative_return_5d,2023-09-01,262,ctx_1d_state_peer_return_1d,0,0.0,0.0,False,0.0,,,,,0,0,,,0,,,,False,,False,False,absent before the seal: nothing to judge
2026-09-10,target_relative_return_5d,2023-09-01,262,ctx_1d_state_peer_volatility_1d,0,0.0,0.0,False,0.0,,,,,0,0,,,0,,,,False,,False,False,absent before the seal: nothing to judge
2026-09-10,target_relative_return_5d,2023-09-01,262,ctx_1d_state_peer_breadth_1d,0,0.0,0.0,False,0.0,,,,,0,0,,,0,,,,False,,False,False,absent before the seal: nothing to judge
2026-09-10,target_relative_return_5d,2023-09-01,262,ctx_1d_state_peer_divergence_1d,0,0.0,0.0,False,0.0,,,,,0,0,,,0,,,,False,,False,False,absent before the seal: nothing to judge
2026-09-10,target_relative_return_5d,2023-09-01,262,ctx_1d_state_peer_count_1d,0,0.0,0.0,False,0.0,,,,,0,0,,,0,,,,False,,False,False,absent before the seal: nothing to judge
2026-09-10,target_relative_return_5d,2023-09-01,262,ctx_1d_state_market_return_1d,0,0.0,0.0,False,0.0,,,,,0,0,,,0,,,,False,,False,False,absent before the seal: nothing to judge
2026-09-10,target_relative_return_5d,2023-09-01,262,ctx_1d_state_market_breadth_1d,0,0.0,0.0,False,0.0,,,,,0,0,,,0,,,,False,,False,False,absent before the seal: nothing to judge
2026-09-10,target_relative_return_5d,2023-09-01,262,ctx_1d_state_peer_return_excess_1d,0,0.0,0.0,False,0.0,,,,,0,0,,,0,,,,False,,False,False,absent before the seal: nothing to judge
2026-09-10,target_relative_return_5d,2023-09-01,262,ctx_1d_state_peer_breadth_excess_1d,0,0.0,0.0,False,0.0,,,,,0,0,,,0,,,,False,,False,False,absent before the seal: nothing to judge
2026-09-10,target_relative_return_5d,2023-09-01,262,ctx_1d_state_FRED_BAMLC0A0CM_1d,0,0.0,0.0,False,0.0,,,,,0,0,,,0,,,,False,,False,False,absent before the seal: nothing to judge
2026-09-10,target_relative_return_5d,2023-09-01,262,ctx_1d_state_FRED_BAMLH0A0HYM2_1d,0,0.0,0.0,False,0.0,,,,,0,0,,,0,,,,False,,False,False,absent before the seal: nothing to judge
2026-09-10,target_relative_return_5d,2023-09-01,262,ctx_1d_state_FRED_CAPUTLB50001SQ_1d,0,0.0,0.0,False,0.0,,,,,0,0,,,0,,,,False,,False,False,absent before the seal: nothing to judge
2026-09-10,target_relative_return_5d,2023-09-01,262,ctx_1d_state_FRED_CCSA_1d,0,0.0,0.0,False,0.0,,,,,0,0,,,0,,,,False,,False,False,absent before the seal: nothing to judge
2026-09-10,target_relative_return_5d,2023-09-01,262,ctx_1d_state_FRED_CPIAUCSL_1d,0,0.0,0.0,False,0.0,,,,,0,0,,,0,,,,False,,False,False,absent before the seal: nothing to judge
2026-09-10,target_relative_return_5d,2023-09-01,262,ctx_1d_state_FRED_CSUSHPINSA_1d,0,0.0,0.0,False,0.0,,,,,0,0,,,0,,,,False,,False,False,absent before the seal: nothing to judge
2026-09-10,target_relative_return_5d,2023-09-01,262,ctx_1d_state_FRED_DCOILWTICO_1d,0,0.0,0.0,False,0.0,,,,,0,0,,,0,,,,False,,False,False,absent before the seal: nothing to judge
2026-09-10,target_relative_return_5d,2023-09-01,262,ctx_1d_state_FRED_DEXCHUS_1d,0,0.0,0.0,False,0.0,,,,,0,0,,,0,,,,False,,False,False,absent before the seal: nothing to judge
2026-09-10,target_relative_return_5d,2023-09-01,262,ctx_1d_state_FRED_DEXUSEU_1d,0,0.0,0.0,False,0.0,,,,,0,0,,,0,,,,False,,False,False,absent before the seal: nothing to judge
2026-09-10,target_relative_return_5d,2023-09-01,262,ctx_1d_state_FRED_DGORDER_1d,0,0.0,0.0,False,0.0,,,,,0,0,,,0,,,,False,,False,False,absent before the seal: nothing to judge
2026-09-10,target_relative_return_5d,2023-09-01,262,ctx_1d_state_FRED_DGS10_1d,0,0.0,0.0,False,0.0,,,,,0,0,,,0,,,,False,,False,False,absent before the seal: nothing to judge
2026-09-10,target_relative_return_5d,2023-09-01,262,ctx_1d_state_FRED_DSPIC96_1d,0,0.0,0.0,False,0.0,,,,,0,0,,,0,,,,False,,False,False,absent before the seal: nothing to judge
2026-09-10,target_relative_return_5d,2023-09-01,262,ctx_1d_state_FRED_FEDFUNDS_1d,0,0.0,0.0,False,0.0,,,,,0,0,,,0,,,,False,,False,False,absent before the seal: nothing to judge
2026-09-10,target_relative_return_5d,2023-09-01,262,ctx_1d_state_FRED_GDP_1d,0,0.0,0.0,False,0.0,,,,,0,0,,,0,,,,False,,False,False,absent before the seal: nothing to judge
2026-09-10,target_relative_return_5d,2023-09-01,262,ctx_1d_state_FRED_GS10_1d,0,0.0,0.0,False,0.0,,,,,0,0,,,0,,,,False,,False,False,absent before the seal: nothing to judge
2026-09-10,target_relative_return_5d,2023-09-01,262,ctx_1d_state_FRED_GS2_1d,0,0.0,0.0,False,0.0,,,,,0,0,,,0,,,,False,,False,False,absent before the seal: nothing to judge
2026-09-10,target_relative_return_5d,2023-09-01,262,ctx_1d_state_FRED_HOUST_1d,0,0.0,0.0,False,0.0,,,,,0,0,,,0,,,,False,,False,False,absent before the seal: nothing to judge
2026-09-10,target_relative_return_5d,2023-09-01,262,ctx_1d_state_FRED_ICSA_1d,0,0.0,0.0,False,0.0,,,,,0,0,,,0,,,,False,,False,False,absent before the seal: nothing to judge
2026-09-10,target_relative_return_5d,2023-09-01,262,ctx_1d_state_FRED_INDPRO_1d,0,0.0,0.0,False,0.0,,,,,0,0,,,0,,,,False,,False,False,absent before the seal: nothing to judge
2026-09-10,target_relative_return_5d,2023-09-01,262,ctx_1d_state_FRED_MANEMP_1d,0,0.0,0.0,False,0.0,,,,,0,0,,,0,,,,False,,False,False,absent before the seal: nothing to judge
2026-09-10,target_relative_return_5d,2023-09-01,262,ctx_1d_state_FRED_NFCI_1d,0,0.0,0.0,False,0.0,,,,,0,0,,,0,,,,False,,False,False,absent before the seal: nothing to judge
2026-09-10,target_relative_return_5d,2023-09-01,262,ctx_1d_state_FRED_PAYEMS_1d,0,0.0,0.0,False,0.0,,,,,0,0,,,0,,,,False,,False,False,absent before the seal: nothing to judge
2026-09-10,target_relative_return_5d,2023-09-01,262,ctx_1d_state_FRED_PCEPI_1d,0,0.0,0.0,False,0.0,,,,,0,0,,,0,,,,False,,False,False,absent before the seal: nothing to judge
2026-09-10,target_relative_return_5d,2023-09-01,262,ctx_1d_state_FRED_PCEPILFE_1d,0,0.0,0.0,False,0.0,,,,,0,0,,,0,,,,False,,False,False,absent before the seal: nothing to judge
2026-09-10,target_relative_return_5d,2023-09-01,262,ctx_1d_state_FRED_PCU334413334413_1d,0,0.0,0.0,False,0.0,,,,,0,0,,,0,,,,False,,False,False,absent before the seal: nothing to judge
2026-09-10,target_relative_return_5d,2023-09-01,262,ctx_1d_state_FRED_PERMIT_1d,0,0.0,0.0,False,0.0,,,,,0,0,,,0,,,,False,,False,False,absent before the seal: nothing to judge
2026-09-10,target_relative_return_5d,2023-09-01,262,ctx_1d_state_FRED_PPIACO_1d,0,0.0,0.0,False,0.0,,,,,0,0,,,0,,,,False,,False,False,absent before the seal: nothing to judge
2026-09-10,target_relative_return_5d,2023-09-01,262,ctx_1d_state_FRED_RRPONTSYD_1d,0,0.0,0.0,False,0.0,,,,,0,0,,,0,,,,False,,False,False,absent before the seal: nothing to judge
2026-09-10,target_relative_return_5d,2023-09-01,262,ctx_1d_state_FRED_RSAFS_1d,0,0.0,0.0,False,0.0,,,,,0,0,,,0,,,,False,,False,False,absent before the seal: nothing to judge
2026-09-10,target_relative_return_5d,2023-09-01,262,ctx_1d_state_FRED_SAHMREALTIME_1d,0,0.0,0.0,False,0.0,,,,,0,0,,,0,,,,False,,False,False,absent before the seal: nothing to judge
2026-09-10,target_relative_return_5d,2023-09-01,262,ctx_1d_state_FRED_T10Y2Y_1d,0,0.0,0.0,False,0.0,,,,,0,0,,,0,,,,False,,False,False,absent before the seal: nothing to judge
2026-09-10,target_relative_return_5d,2023-09-01,262,ctx_1d_state_FRED_T10Y3M_1d,0,0.0,0.0,False,0.0,,,,,0,0,,,0,,,,False,,False,False,absent before the seal: nothing to judge
2026-09-10,target_relative_return_5d,2023-09-01,262,ctx_1d_state_FRED_T10YIE_1d,0,0.0,0.0,False,0.0,,,,,0,0,,,0,,,,False,,False,False,absent before the seal: nothing to judge
2026-09-10,target_relative_return_5d,2023-09-01,262,ctx_1d_state_FRED_T5YIE_1d,0,0.0,0.0,False,0.0,,,,,0,0,,,0,,,,False,,False,False,absent before the seal: nothing to judge
2026-09-10,target_relative_return_5d,2023-09-01,262,ctx_1d_state_FRED_T5YIFR_1d,0,0.0,0.0,False,0.0,,,,,0,0,,,0,,,,False,,False,False,absent before the seal: nothing to judge
2026-09-10,target_relative_return_5d,2023-09-01,262,ctx_1d_state_FRED_TOTALSA_1d,0,0.0,0.0,False,0.0,,,,,0,0,,,0,,,,False,,False,False,absent before the seal: nothing to judge
2026-09-10,target_relative_return_5d,2023-09-01,262,ctx_1d_state_FRED_UMCSENT_1d,0,0.0,0.0,False,0.0,,,,,0,0,,,0,,,,False,,False,False,absent before the seal: nothing to judge
2026-09-10,target_relative_return_5d,2023-09-01,262,ctx_1d_state_FRED_UNRATE_1d,0,0.0,0.0,False,0.0,,,,,0,0,,,0,,,,False,,False,False,absent before the seal: nothing to judge
2026-09-10,target_relative_return_5d,2023-09-01,262,ctx_1d_state_FRED_VIXCLS_1d,0,0.0,0.0,False,0.0,,,,,0,0,,,0,,,,False,,False,False,absent before the seal: nothing to judge
2026-09-10,target_relative_return_5d,2023-09-01,262,ctx_1d_state_FRED_WALCL_1d,0,0.0,0.0,False,0.0,,,,,0,0,,,0,,,,False,,False,False,absent before the seal: nothing to judge
2026-09-10,target_relative_return_5d,2023-09-01,262,ctx_1d_state_FRED_WPU01_1d,0,0.0,0.0,False,0.0,,,,,0,0,,,0,,,,False,,False,False,absent before the seal: nothing to judge
2026-09-10,target_relative_return_5d,2023-09-01,262,ctx_1d_state_FRED_WPU055_1d,0,0.0,0.0,False,0.0,,,,,0,0,,,0,,,,False,,False,False,absent before the seal: nothing to judge
2026-09-10,target_relative_return_5d,2023-09-01,262,ctx_1d_state_FRED_WPU0561_1d,0,0.0,0.0,False,0.0,,,,,0,0,,,0,,,,False,,False,False,absent before the seal: nothing to judge
2026-09-10,target_relative_return_5d,2023-09-01,262,ctx_1d_state_FRED_WPU101_1d,0,0.0,0.0,False,0.0,,,,,0,0,,,0,,,,False,,False,False,absent before the seal: nothing to judge
2026-09-10,target_relative_return_5d,2023-09-01,262,ctx_1d_state_FRED_WTREGEN_1d,0,0.0,0.0,False,0.0,,,,,0,0,,,0,,,,False,,False,False,absent before the seal: nothing to judge
2026-09-10,target_relative_return_5d,2023-09-01,262,ctx_1d_state_fear_greed_index_1d,0,0.0,0.0,False,0.0,,,,,0,0,,,0,,,,False,,False,False,absent before the seal: nothing to judge
2026-09-10,target_relative_return_5d,2023-09-01,262,ctx_1d_state_fear_greed_available_1d,0,0.0,0.0,False,0.0,,,,,0,0,,,0,,,,False,,False,False,absent before the seal: nothing to judge
2026-09-10,target_relative_return_5d,2023-09-01,262,ctx_1d_state_cftc_sp500_net_pct_1d,0,0.0,0.0,False,0.0,,,,,0,0,,,0,,,,False,,False,False,absent before the seal: nothing to judge
2026-09-10,target_relative_return_5d,2023-09-01,262,ctx_1d_state_cftc_sp500_ls_ratio_1d,0,0.0,0.0,False,0.0,,,,,0,0,,,0,,,,False,,False,False,absent before the seal: nothing to judge
2026-09-10,target_relative_return_5d,2023-09-01,262,ctx_1d_state_cftc_nasdaq_net_pct_1d,0,0.0,0.0,False,0.0,,,,,0,0,,,0,,,,False,,False,False,absent before the seal: nothing to judge
2026-09-10,target_relative_return_5d,2023-09-01,262,ctx_1d_state_cftc_nasdaq_ls_ratio_1d,0,0.0,0.0,False,0.0,,,,,0,0,,,0,,,,False,,False,False,absent before the seal: nothing to judge
2026-09-10,target_relative_return_5d,2023-09-01,262,ctx_1d_state_cftc_dow_net_pct_1d,0,0.0,0.0,False,0.0,,,,,0,0,,,0,,,,False,,False,False,absent before the seal: nothing to judge
2026-09-10,target_relative_return_5d,2023-09-01,262,ctx_1d_state_cftc_dow_ls_ratio_1d,0,0.0,0.0,False,0.0,,,,,0,0,,,0,,,,False,,False,False,absent before the seal: nothing to judge
2026-09-10,target_relative_return_5d,2023-09-01,262,ctx_1d_state_cftc_gold_net_pct_1d,0,0.0,0.0,False,0.0,,,,,0,0,,,0,,,,False,,False,False,absent before the seal: nothing to judge
2026-09-10,target_relative_return_5d,2023-09-01,262,ctx_1d_state_cftc_gold_ls_ratio_1d,0,0.0,0.0,False,0.0,,,,,0,0,,,0,,,,False,,False,False,absent before the seal: nothing to judge
2026-09-10,target_relative_return_5d,2023-09-01,262,ctx_1d_state_cftc_crude_net_pct_1d,0,0.0,0.0,False,0.0,,,,,0,0,,,0,,,,False,,False,False,absent before the seal: nothing to judge
2026-09-10,target_relative_return_5d,2023-09-01,262,ctx_1d_state_cftc_crude_ls_ratio_1d,0,0.0,0.0,False,0.0,,,,,0,0,,,0,,,,False,,False,False,absent before the seal: nothing to judge
2026-09-10,target_relative_return_5d,2023-09-01,262,ctx_1d_state_cftc_available_1d,0,0.0,0.0,False,0.0,,,,,0,0,,,0,,,,False,,False,False,absent before the seal: nothing to judge
2026-09-10,target_relative_return_5d,2023-09-01,262,ctx_1d_state_filing_days_since_last_1d,0,0.0,0.0,False,0.0,,,,,0,0,,,0,,,,False,,False,False,absent before the seal: nothing to judge
2026-09-10,target_relative_return_5d,2023-09-01,262,ctx_1d_state_filing_count_30d_1d,0,0.0,0.0,False,0.0,,,,,0,0,,,0,,,,False,,False,False,absent before the seal: nothing to judge
2026-09-10,target_relative_return_5d,2023-09-01,262,ctx_1d_state_filing_material_30d_1d,0,0.0,0.0,False,0.0,,,,,0,0,,,0,,,,False,,False,False,absent before the seal: nothing to judge
2026-09-10,target_relative_return_5d,2023-09-01,262,ctx_1d_state_filing_periodic_30d_1d,0,0.0,0.0,False,0.0,,,,,0,0,,,0,,,,False,,False,False,absent before the seal: nothing to judge
2026-09-10,target_relative_return_5d,2023-09-01,262,ctx_1d_state_filing_data_available_1d,0,0.0,0.0,False,0.0,,,,,0,0,,,0,,,,False,,False,False,absent before the seal: nothing to judge
2026-09-10,target_relative_return_5d,2023-09-01,262,ctx_1d_state_nlp_sentiment_score_1d,0,0.0,0.0,False,0.0,,,,,0,0,,,0,,,,False,,False,False,absent before the seal: nothing to judge
2026-09-10,target_relative_return_5d,2023-09-01,262,ctx_1d_state_nlp_subjectivity_score_1d,0,0.0,0.0,False,0.0,,,,,0,0,,,0,,,,False,,False,False,absent before the seal: nothing to judge
2026-09-10,target_relative_return_5d,2023-09-01,262,ctx_1d_state_nlp_cluster_1d,0,0.0,0.0,False,0.0,,,,,0,0,,,0,,,,False,,False,False,absent before the seal: nothing to judge
2026-09-10,target_relative_return_5d,2023-09-01,262,ctx_1d_state_volatility_5_1d,0,0.0,0.0,False,0.0,,,,,0,0,,,0,,,,False,,False,False,absent before the seal: nothing to judge
2026-09-10,target_relative_return_5d,2023-09-01,262,ctx_1d_state_volatility_10_1d,0,0.0,0.0,False,0.0,,,,,0,0,,,0,,,,False,,False,False,absent before the seal: nothing to judge
2026-09-10,target_relative_return_5d,2023-09-01,262,ctx_1d_state_volatility_20_1d,0,0.0,0.0,False,0.0,,,,,0,0,,,0,,,,False,,False,False,absent before the seal: nothing to judge
2026-09-10,target_relative_return_5d,2023-09-01,262,ctx_1d_state_atr_14_1d,0,0.0,0.0,False,0.0,,,,,0,0,,,0,,,,False,,False,False,absent before the seal: nothing to judge
2026-09-10,target_relative_return_5d,2023-09-01,262,ctx_1d_state_gk_volatility_1d,0,0.0,0.0,False,0.0,,,,,0,0,,,0,,,,False,,False,False,absent before the seal: nothing to judge
2026-09-10,target_relative_return_5d,2023-09-01,262,ctx_1d_state_fund_price_to_book_1d,0,0.0,0.0,False,0.0,,,,,0,0,,,0,,,,False,,False,False,absent before the seal: nothing to judge
2026-09-10,target_relative_return_5d,2023-09-01,262,ctx_1d_state_fund_earnings_yield_1d,0,0.0,0.0,False,0.0,,,,,0,0,,,0,,,,False,,False,False,absent before the seal: nothing to judge
2026-09-10,target_relative_return_5d,2023-09-01,262,ctx_1d_state_fund_current_ratio_1d,0,0.0,0.0,False,0.0,,,,,0,0,,,0,,,,False,,False,False,absent before the seal: nothing to judge
2026-09-10,target_relative_return_5d,2023-09-01,262,ctx_1d_state_fund_debt_to_equity_1d,0,0.0,0.0,False,0.0,,,,,0,0,,,0,,,,False,,False,False,absent before the seal: nothing to judge
2026-09-10,target_relative_return_5d,2023-09-01,262,ctx_1d_state_fund_return_on_equity_1d,0,0.0,0.0,False,0.0,,,,,0,0,,,0,,,,False,,False,False,absent before the seal: nothing to judge
2026-09-10,target_relative_return_5d,2023-09-01,262,ctx_1d_state_fund_days_since_report_1d,0,0.0,0.0,False,0.0,,,,,0,0,,,0,,,,False,,False,False,absent before the seal: nothing to judge
2026-09-10,target_relative_return_5d,2023-09-01,262,ctx_1d_state_fund_data_available_1d,0,0.0,0.0,False,0.0,,,,,0,0,,,0,,,,False,,False,False,absent before the seal: nothing to judge
2026-09-10,target_relative_return_5d,2023-09-01,262,ctx_1d_state_wiki_views_1d,0,0.0,0.0,False,0.0,,,,,0,0,,,0,,,,False,,False,False,absent before the seal: nothing to judge
2026-09-10,target_relative_return_5d,2023-09-01,262,ctx_1d_state_wiki_attention_z_1d,0,0.0,0.0,False,0.0,,,,,0,0,,,0,,,,False,,False,False,absent before the seal: nothing to judge
2026-09-10,target_relative_return_5d,2023-09-01,262,ctx_1d_state_wiki_attention_available_1d,0,0.0,0.0,False,0.0,,,,,0,0,,,0,,,,False,,False,False,absent before the seal: nothing to judge
2026-09-10,target_relative_return_5d,2023-09-01,262,ctx_1d_state_insider_net_value_30d_1d,0,0.0,0.0,False,0.0,,,,,0,0,,,0,,,,False,,False,False,absent before the seal: nothing to judge
2026-09-10,target_relative_return_5d,2023-09-01,262,ctx_1d_state_insider_available_1d,0,0.0,0.0,False,0.0,,,,,0,0,,,0,,,,False,,False,False,absent before the seal: nothing to judge
2026-09-10,target_relative_return_5d,2023-09-01,262,ctx_1d_state_keyword_count_1d,0,0.0,0.0,False,0.0,,,,,0,0,,,0,,,,False,,False,False,absent before the seal: nothing to judge
2026-09-10,target_relative_return_5d,2023-09-01,262,ctx_1d_state_entity_count_1d,0,0.0,0.0,False,0.0,,,,,0,0,,,0,,,,False,,False,False,absent before the seal: nothing to judge
2026-09-10,target_relative_return_5d,2023-09-01,262,ctx_1d_state_keyword_entity_available_1d,0,0.0,0.0,False,0.0,,,,,0,0,,,0,,,,False,,False,False,absent before the seal: nothing to judge
2026-09-10,target_relative_return_5d,2023-09-01,262,ctx_1d_state_news_quality_score_1d,0,0.0,0.0,False,0.0,,,,,0,0,,,0,,,,False,,False,False,absent before the seal: nothing to judge
2026-09-10,target_relative_return_5d,2023-09-01,262,ctx_1d_state_news_source_count_1d,0,0.0,0.0,False,0.0,,,,,0,0,,,0,,,,False,,False,False,absent before the seal: nothing to judge
2026-09-10,target_relative_return_5d,2023-09-01,262,ctx_1d_state_news_quality_available_1d,0,0.0,0.0,False,0.0,,,,,0,0,,,0,,,,False,,False,False,absent before the seal: nothing to judge
2026-09-10,target_relative_return_5d,2023-09-01,262,ctx_1d_state_news_freshness_hours_1d,0,0.0,0.0,False,0.0,,,,,0,0,,,0,,,,False,,False,False,absent before the seal: nothing to judge
2026-09-10,target_relative_return_5d,2023-09-01,262,ctx_1d_state_sentiment_available_1d,0,0.0,0.0,False,0.0,,,,,0,0,,,0,,,,False,,False,False,absent before the seal: nothing to judge
2026-09-10,target_relative_return_5d,2023-09-01,262,ctx_1d_state_sentiment_sma_5_1d,0,0.0,0.0,False,0.0,,,,,0,0,,,0,,,,False,,False,False,absent before the seal: nothing to judge
2026-09-10,target_relative_return_5d,2023-09-01,262,ctx_1d_state_sentiment_std_5_1d,0,0.0,0.0,False,0.0,,,,,0,0,,,0,,,,False,,False,False,absent before the seal: nothing to judge
2026-09-10,target_relative_return_5d,2023-09-01,262,ctx_1d_state_sentiment_sma_20_1d,0,0.0,0.0,False,0.0,,,,,0,0,,,0,,,,False,,False,False,absent before the seal: nothing to judge
2026-09-10,target_relative_return_5d,2023-09-01,262,ctx_1d_state_sentiment_std_20_1d,0,0.0,0.0,False,0.0,,,,,0,0,,,0,,,,False,,False,False,absent before the seal: nothing to judge
2026-09-10,target_relative_return_5d,2023-09-01,262,ctx_1d_state_sentiment_sma_50_1d,0,0.0,0.0,False,0.0,,,,,0,0,,,0,,,,False,,False,False,absent before the seal: nothing to judge
2026-09-10,target_relative_return_5d,2023-09-01,262,ctx_1d_state_sentiment_std_50_1d,0,0.0,0.0,False,0.0,,,,,0,0,,,0,,,,False,,False,False,absent before the seal: nothing to judge
2026-09-10,target_relative_return_5d,2023-09-01,262,ctx_1d_state_sentiment_ema_1d,0,0.0,0.0,False,0.0,,,,,0,0,,,0,,,,False,,False,False,absent before the seal: nothing to judge
2026-09-10,target_relative_return_5d,2023-09-01,262,ctx_1d_state_sentiment_velocity_1d,0,0.0,0.0,False,0.0,,,,,0,0,,,0,,,,False,,False,False,absent before the seal: nothing to judge
2026-09-10,target_relative_return_5d,2023-09-01,262,ctx_1d_state_news_intensity_1d,0,0.0,0.0,False,0.0,,,,,0,0,,,0,,,,False,,False,False,absent before the seal: nothing to judge
2026-09-10,target_relative_return_5d,2023-09-01,262,ctx_1d_state_sentiment_decay_weighted_1d,0,0.0,0.0,False,0.0,,,,,0,0,,,0,,,,False,,False,False,absent before the seal: nothing to judge
2026-09-10,target_relative_return_5d,2023-09-01,262,ctx_1d_state_news_impact_available_1d,0,0.0,0.0,False,0.0,,,,,0,0,,,0,,,,False,,False,False,absent before the seal: nothing to judge
2026-09-10,target_relative_return_5d,2023-09-01,262,ctx_1d_state_news_impact_score_1d,0,0.0,0.0,False,0.0,,,,,0,0,,,0,,,,False,,False,False,absent before the seal: nothing to judge
2026-09-10,target_relative_return_5d,2023-09-01,262,ctx_1d_state_news_significance_level_1d,0,0.0,0.0,False,0.0,,,,,0,0,,,0,,,,False,,False,False,absent before the seal: nothing to judge
2026-09-10,target_relative_return_5d,2023-09-01,262,ctx_1d_state_hype_score_1d,0,0.0,0.0,False,0.0,,,,,0,0,,,0,,,,False,,False,False,absent before the seal: nothing to judge
2026-09-10,target_relative_return_5d,2023-09-01,262,ctx_1d_state_significant_events_7d_1d,0,0.0,0.0,False,0.0,,,,,0,0,,,0,,,,False,,False,False,absent before the seal: nothing to judge
2026-09-10,target_relative_return_5d,2023-09-01,262,ctx_1d_state_significant_events_30d_1d,0,0.0,0.0,False,0.0,,,,,0,0,,,0,,,,False,,False,False,absent before the seal: nothing to judge
2026-09-10,target_relative_return_5d,2023-09-01,262,ctx_1d_state_days_since_last_significant_1d,0,0.0,0.0,False,0.0,,,,,0,0,,,0,,,,False,,False,False,absent before the seal: nothing to judge
2026-09-10,target_relative_return_5d,2023-09-01,262,ctx_1d_state_significance_intensity_7d_1d,0,0.0,0.0,False,0.0,,,,,0,0,,,0,,,,False,,False,False,absent before the seal: nothing to judge
2026-09-10,target_relative_return_5d,2023-09-01,262,ctx_1d_state_is_significant_decayed_1d,0,0.0,0.0,False,0.0,,,,,0,0,,,0,,,,False,,False,False,absent before the seal: nothing to judge
2026-09-10,target_relative_return_5d,2023-09-01,262,ctx_1d_state_sentiment_mean_1d,0,0.0,0.0,False,0.0,,,,,0,0,,,0,,,,False,,False,False,absent before the seal: nothing to judge
2026-09-10,target_relative_return_5d,2023-09-01,262,ctx_1d_state_sentiment_std_stat_1d,0,0.0,0.0,False,0.0,,,,,0,0,,,0,,,,False,,False,False,absent before the seal: nothing to judge
2026-09-10,target_relative_return_5d,2023-09-01,262,ctx_1d_state_sentiment_pos_threshold_1d,0,0.0,0.0,False,0.0,,,,,0,0,,,0,,,,False,,False,False,absent before the seal: nothing to judge
2026-09-10,target_relative_return_5d,2023-09-01,262,ctx_1d_state_sentiment_neg_threshold_1d,0,0.0,0.0,False,0.0,,,,,0,0,,,0,,,,False,,False,False,absent before the seal: nothing to judge
2026-09-10,target_relative_return_5d,2023-09-01,262,ctx_1d_state_macro_composite_score_1d,0,0.0,0.0,False,0.0,,,,,0,0,,,0,,,,False,,False,False,absent before the seal: nothing to judge
2026-09-10,target_relative_return_5d,2023-09-01,262,ctx_1d_state_champion_1d,0,0.0,0.0,False,0.0,,,,,0,0,,,0,,,,False,,False,False,absent before the seal: nothing to judge
2026-09-10,target_relative_return_5d,2023-09-01,262,ctx_1d_context_fingerprint_1d,0,0.0,0.0,False,0.0,,,,,0,0,,,0,,,,False,,False,False,absent before the seal: nothing to judge
2026-09-10,target_relative_return_5d,2023-09-01,262,ctx_1d_context_stability_1d,0,0.0,0.0,False,0.0,,,,,0,0,,,0,,,,False,,False,False,absent before the seal: nothing to judge
2026-09-10,target_relative_return_5d,2023-09-01,262,ctx_1d_context_pattern_seq_1d,0,0.0,0.0,False,0.0,,,,,0,0,,,0,,,,False,,False,False,absent before the seal: nothing to judge
2026-09-10,target_relative_return_5d,2023-09-01,262,ctx_1d_context_pattern_id_1d,0,0.0,0.0,False,0.0,,,,,0,0,,,0,,,,False,,False,False,absent before the seal: nothing to judge
2026-09-10,target_relative_return_5d,2023-09-01,262,ctx_1d_context_velocity_1d,0,0.0,0.0,False,0.0,,,,,0,0,,,0,,,,False,,False,False,absent before the seal: nothing to judge
2026-09-10,target_relative_return_5d,2023-09-01,262,ctx_1d_context_anxiety_index_1d,0,0.0,0.0,False,0.0,,,,,0,0,,,0,,,,False,,False,False,absent before the seal: nothing to judge
2026-09-10,target_relative_return_5d,2023-09-01,262,ctx_1d_context_velocity_rank_1d,0,0.0,0.0,False,0.0,,,,,0,0,,,0,,,,False,,False,False,absent before the seal: nothing to judge
2026-09-10,target_relative_return_5d,2023-09-01,262,ctx_1d_market_context_volatility_5d_1d,0,0.0,0.0,False,0.0,,,,,0,0,,,0,,,,False,,False,False,absent before the seal: nothing to judge
2026-09-10,target_relative_return_5d,2023-09-01,262,ctx_1d_market_context_volatility_20d_1d,0,0.0,0.0,False,0.0,,,,,0,0,,,0,,,,False,,False,False,absent before the seal: nothing to judge
2026-09-10,target_relative_return_5d,2023-09-01,262,ctx_1d_market_context_volatility_ratio_1d,0,0.0,0.0,False,0.0,,,,,0,0,,,0,,,,False,,False,False,absent before the seal: nothing to judge
2026-09-10,target_relative_return_5d,2023-09-01,262,ctx_1d_market_context_trend_5d_1d,0,0.0,0.0,False,0.0,,,,,0,0,,,0,,,,False,,False,False,absent before the seal: nothing to judge
2026-09-10,target_relative_return_5d,2023-09-01,262,ctx_1d_market_context_trend_20d_1d,0,0.0,0.0,False,0.0,,,,,0,0,,,0,,,,False,,False,False,absent before the seal: nothing to judge
2026-09-10,target_relative_return_5d,2023-09-01,262,ctx_1d_market_context_trend_alignment_1d,0,0.0,0.0,False,0.0,,,,,0,0,,,0,,,,False,,False,False,absent before the seal: nothing to judge
2026-09-10,target_relative_return_5d,2023-09-01,262,ctx_1d_market_context_rsi_current_1d,0,0.0,0.0,False,0.0,,,,,0,0,,,0,,,,False,,False,False,absent before the seal: nothing to judge
2026-09-10,target_relative_return_5d,2023-09-01,262,ctx_1d_market_context_volume_ratio_1d,0,0.0,0.0,False,0.0,,,,,0,0,,,0,,,,False,,False,False,absent before the seal: nothing to judge
2026-09-10,target_relative_return_5d,2023-09-01,262,ctx_1d_market_context_price_to_ma20_1d,0,0.0,0.0,False,0.0,,,,,0,0,,,0,,,,False,,False,False,absent before the seal: nothing to judge
2026-09-10,target_relative_return_5d,2023-09-01,262,ctx_1d_market_context_hour_of_day_1d,0,0.0,0.0,False,0.0,,,,,0,0,,,0,,,,False,,False,False,absent before the seal: nothing to judge
2026-09-10,target_relative_return_5d,2023-09-01,262,ctx_1d_market_context_day_of_week_1d,0,0.0,0.0,False,0.0,,,,,0,0,,,0,,,,False,,False,False,absent before the seal: nothing to judge
2026-09-10,target_relative_return_5d,2023-09-01,262,ctx_1d_market_context_yield_curve_slope_1d,0,0.0,0.0,False,0.0,,,,,0,0,,,0,,,,False,,False,False,absent before the seal: nothing to judge
2026-09-10,target_relative_return_5d,2023-09-01,262,ctx_1d_market_context_yield_curve_inverted_1d,0,0.0,0.0,False,0.0,,,,,0,0,,,0,,,,False,,False,False,absent before the seal: nothing to judge
2026-09-10,target_relative_return_5d,2023-09-01,262,ctx_1d_market_context_fed_funds_trend_1d,0,0.0,0.0,False,0.0,,,,,0,0,,,0,,,,False,,False,False,absent before the seal: nothing to judge
2026-09-10,target_relative_return_5d,2023-09-01,262,ctx_1d_market_context_fed_funds_velocity_1d,0,0.0,0.0,False,0.0,,,,,0,0,,,0,,,,False,,False,False,absent before the seal: nothing to judge
2026-09-10,target_relative_return_5d,2023-09-01,262,ctx_1d_market_context_market_breadth_1d,0,0.0,0.0,False,0.0,,,,,0,0,,,0,,,,False,,False,False,absent before the seal: nothing to judge
2026-09-10,target_relative_return_5d,2023-09-01,262,hour_1d,623398,1.0,0.0,True,0.0,,,,,0,0,,,0,,,,False,,False,False,one value everywhere: a filled default
2026-09-10,target_relative_return_5d,2023-09-01,262,market_session_1d,623398,1.0,0.0,True,0.0,,,,,0,0,,,0,,,,False,,False,False,one value everywhere: a filled default
2026-09-10,target_relative_return_5d,2023-09-01,262,hour_sin_1d,623398,1.0,0.0,True,0.0,,,,,0,0,,,0,,,,False,,False,False,one value everywhere: a filled default
2026-09-10,target_relative_return_5d,2023-09-01,262,hour_cos_1d,623398,1.0,0.0,True,0.0,,,,,0,0,,,0,,,,False,,False,False,one value everywhere: a filled default
2026-09-10,target_relative_return_5d,2023-09-01,262,FRED_BAMLC0A0CM_1d,110,0.0001764522824904796,0.0,True,0.0,,,,,0,0,,,0,,,,False,,False,False,one value everywhere: a filled default
2026-09-10,target_relative_return_5d,2023-09-01,262,FRED_BAMLH0A0HYM2_1d,110,0.0001764522824904796,0.0,True,0.0,,,,,0,0,,,0,,,,False,,False,False,one value everywhere: a filled default
2026-09-10,target_relative_return_5d,2023-09-01,262,fear_greed_index_1d,0,0.0,0.0,False,0.0,,,,,0,0,,,0,,,,False,,False,False,absent before the seal: nothing to judge
2026-09-10,target_relative_return_5d,2023-09-01,262,fear_greed_available_1d,623398,1.0,0.0,True,0.0,,,,,0,0,,,0,,,,False,,False,False,one value everywhere: a filled default
2026-09-10,target_relative_return_5d,2023-09-01,262,nlp_sentiment_score_1d,623398,1.0,0.0,True,0.0,,,,,0,0,,,0,,,,False,,False,False,one value everywhere: a filled default
2026-09-10,target_relative_return_5d,2023-09-01,262,nlp_subjectivity_score_1d,0,0.0,0.0,False,0.0,,,,,0,0,,,0,,,,False,,False,False,absent before the seal: nothing to judge
2026-09-10,target_relative_return_5d,2023-09-01,262,nlp_cluster_1d,0,0.0,0.0,False,0.0,,,,,0,0,,,0,,,,False,,False,False,absent before the seal: nothing to judge
2026-09-10,target_relative_return_5d,2023-09-01,262,volatility_regime_1d,0,0.0,0.0,False,0.0,,,,,0,0,,,0,,,,False,,False,False,absent before the seal: nothing to judge
2026-09-10,target_relative_return_5d,2023-09-01,262,keyword_count_1d,623398,1.0,0.0,True,0.0,,,,,0,0,,,0,,,,False,,False,False,one value everywhere: a filled default
2026-09-10,target_relative_return_5d,2023-09-01,262,entity_count_1d,623398,1.0,0.0,True,0.0,,,,,0,0,,,0,,,,False,,False,False,one value everywhere: a filled default
2026-09-10,target_relative_return_5d,2023-09-01,262,keyword_entity_available_1d,623398,1.0,0.0,True,0.0,,,,,0,0,,,0,,,,False,,False,False,one value everywhere: a filled default
2026-09-10,target_relative_return_5d,2023-09-01,262,news_quality_score_1d,623398,1.0,0.0,True,0.0,,,,,0,0,,,0,,,,False,,False,False,one value everywhere: a filled default
2026-09-10,target_relative_return_5d,2023-09-01,262,news_source_count_1d,623398,1.0,0.0,True,0.0,,,,,0,0,,,0,,,,False,,False,False,one value everywhere: a filled default
2026-09-10,target_relative_return_5d,2023-09-01,262,news_quality_available_1d,623398,1.0,0.0,True,0.0,,,,,0,0,,,0,,,,False,,False,False,one value everywhere: a filled default
2026-09-10,target_relative_return_5d,2023-09-01,262,news_freshness_hours_1d,623398,1.0,0.0,True,0.0,,,,,0,0,,,0,,,,False,,False,False,one value everywhere: a filled default
2026-09-10,target_relative_return_5d,2023-09-01,262,news_coverage_1d,623398,1.0,0.0,True,0.0,,,,,0,0,,,0,,,,False,,False,False,one value everywhere: a filled default
2026-09-10,target_relative_return_5d,2023-09-01,262,sentiment_available_1d,623398,1.0,0.0,True,0.0,,,,,0,0,,,0,,,,False,,False,False,one value everywhere: a filled default
2026-09-10,target_relative_return_5d,2023-09-01,262,sentiment_sma_5_1d,623398,1.0,0.0,True,0.0,,,,,0,0,,,0,,,,False,,False,False,one value everywhere: a filled default
2026-09-10,target_relative_return_5d,2023-09-01,262,sentiment_std_5_1d,623398,1.0,0.0,True,0.0,,,,,0,0,,,0,,,,False,,False,False,one value everywhere: a filled default
2026-09-10,target_relative_return_5d,2023-09-01,262,sentiment_sma_20_1d,623398,1.0,0.0,True,0.0,,,,,0,0,,,0,,,,False,,False,False,one value everywhere: a filled default
2026-09-10,target_relative_return_5d,2023-09-01,262,sentiment_std_20_1d,623398,1.0,0.0,True,0.0,,,,,0,0,,,0,,,,False,,False,False,one value everywhere: a filled default
2026-09-10,target_relative_return_5d,2023-09-01,262,sentiment_sma_50_1d,623398,1.0,0.0,True,0.0,,,,,0,0,,,0,,,,False,,False,False,one value everywhere: a filled default
2026-09-10,target_relative_return_5d,2023-09-01,262,sentiment_std_50_1d,623398,1.0,0.0,True,0.0,,,,,0,0,,,0,,,,False,,False,False,one value everywhere: a filled default
2026-09-10,target_relative_return_5d,2023-09-01,262,sentiment_ema_1d,623398,1.0,0.0,True,0.0,,,,,0,0,,,0,,,,False,,False,False,one value everywhere: a filled default
2026-09-10,target_relative_return_5d,2023-09-01,262,sentiment_velocity_1d,623398,1.0,0.0,True,0.0,,,,,0,0,,,0,,,,False,,False,False,one value everywhere: a filled default
2026-09-10,target_relative_return_5d,2023-09-01,262,news_intensity_1d,623398,1.0,0.0,True,0.0,,,,,0,0,,,0,,,,False,,False,False,one value everywhere: a filled default
2026-09-10,target_relative_return_5d,2023-09-01,262,sentiment_decay_weighted_1d,623398,1.0,0.0,True,0.0,,,,,0,0,,,0,,,,False,,False,False,one value everywhere: a filled default
2026-09-10,target_relative_return_5d,2023-09-01,262,news_impact_available_1d,623398,1.0,0.0,True,0.0,,,,,0,0,,,0,,,,False,,False,False,one value everywhere: a filled default
2026-09-10,target_relative_return_5d,2023-09-01,262,news_impact_score_1d,623398,1.0,0.0,True,0.0,,,,,0,0,,,0,,,,False,,False,False,one value everywhere: a filled default
2026-09-10,target_relative_return_5d,2023-09-01,262,news_significance_level_1d,623398,1.0,0.0,True,0.0,,,,,0,0,,,0,,,,False,,False,False,one value everywhere: a filled default
2026-09-10,target_relative_return_5d,2023-09-01,262,hype_available_1d,623398,1.0,0.0,True,0.0,,,,,0,0,,,0,,,,False,,False,False,one value everywhere: a filled default
2026-09-10,target_relative_return_5d,2023-09-01,262,hype_score_1d,623398,1.0,0.0,True,0.0,,,,,0,0,,,0,,,,False,,False,False,one value everywhere: a filled default
2026-09-10,target_relative_return_5d,2023-09-01,262,sentiment_mean_1d,623288,0.9998235477175095,0.0,True,0.0,,,,,0,0,,,0,,,,False,,False,False,one value everywhere: a filled default
2026-09-10,target_relative_return_5d,2023-09-01,262,sentiment_std_stat_1d,623288,0.9998235477175095,0.0,True,0.0,,,,,0,0,,,0,,,,False,,False,False,one value everywhere: a filled default
2026-09-10,target_relative_return_5d,2023-09-01,262,sentiment_pos_threshold_1d,623288,0.9998235477175095,0.0,True,0.0,,,,,0,0,,,0,,,,False,,False,False,one value everywhere: a filled default
2026-09-10,target_relative_return_5d,2023-09-01,262,sentiment_neg_threshold_1d,623288,0.9998235477175095,0.0,True,0.0,,,,,0,0,,,0,,,,False,,False,False,one value everywhere: a filled default
2026-09-10,target_relative_return_5d,2023-09-01,262,state_FRED_BAMLC0A0CM_1d,623398,1.0,0.0,True,0.0,,,,,0,0,,,0,,,,False,,False,False,one value everywhere: a filled default
2026-09-10,target_relative_return_5d,2023-09-01,262,state_FRED_BAMLH0A0HYM2_1d,623398,1.0,0.0,True,0.0,,,,,0,0,,,0,,,,False,,False,False,one value everywhere: a filled default
2026-09-10,target_relative_return_5d,2023-09-01,262,state_fear_greed_index_1d,623398,1.0,0.0,True,0.0,,,,,0,0,,,0,,,,False,,False,False,one value everywhere: a filled default
2026-09-10,target_relative_return_5d,2023-09-01,262,state_filing_data_available_1d,623398,1.0,0.0004411764705882353,False,0.01472406148916716,-0.001292236502683146,,,,0,0,,,0,,,,False,0.016222655523215404,False,False,market-wide: use as interaction
2026-09-10,target_relative_return_5d,2023-09-01,262,state_nlp_sentiment_score_1d,623398,1.0,0.0,True,0.0,,,,,0,0,,,0,,,,False,,False,False,one value everywhere: a filled default
2026-09-10,target_relative_return_5d,2023-09-01,262,state_nlp_subjectivity_score_1d,623398,1.0,0.0,True,0.0,,,,,0,0,,,0,,,,False,,False,False,one value everywhere: a filled default
2026-09-10,target_relative_return_5d,2023-09-01,262,state_nlp_cluster_1d,623398,1.0,0.0,True,0.0,,,,,0,0,,,0,,,,False,,False,False,one value everywhere: a filled default
2026-09-10,target_relative_return_5d,2023-09-01,262,state_insider_net_value_30d_1d,623398,1.0,0.00014705882352941175,False,0.00012900831118953883,-0.0016323090764200157,,,,0,0,,,0,,,,False,-0.005349494159029887,False,False,market-wide: use as interaction
2026-09-10,target_relative_return_5d,2023-09-01,262,state_keyword_count_1d,623398,1.0,0.0,True,0.0,,,,,0,0,,,0,,,,False,,False,False,one value everywhere: a filled default
2026-09-10,target_relative_return_5d,2023-09-01,262,state_entity_count_1d,623398,1.0,0.0,True,0.0,,,,,0,0,,,0,,,,False,,False,False,one value everywhere: a filled default
2026-09-10,target_relative_return_5d,2023-09-01,262,state_keyword_entity_available_1d,623398,1.0,0.0,True,0.0,,,,,0,0,,,0,,,,False,,False,False,one value everywhere: a filled default
2026-09-10,target_relative_return_5d,2023-09-01,262,state_news_quality_score_1d,623398,1.0,0.0,True,0.0,,,,,0,0,,,0,,,,False,,False,False,one value everywhere: a filled default
2026-09-10,target_relative_return_5d,2023-09-01,262,state_news_source_count_1d,623398,1.0,0.0,True,0.0,,,,,0,0,,,0,,,,False,,False,False,one value everywhere: a filled default
2026-09-10,target_relative_return_5d,2023-09-01,262,state_news_quality_available_1d,623398,1.0,0.0,True,0.0,,,,,0,0,,,0,,,,False,,False,False,one value everywhere: a filled default
2026-09-10,target_relative_return_5d,2023-09-01,262,state_news_freshness_hours_1d,623398,1.0,0.0,True,0.0,,,,,0,0,,,0,,,,False,,False,False,one value everywhere: a filled default
2026-09-10,target_relative_return_5d,2023-09-01,262,state_sentiment_available_1d,623398,1.0,0.0,True,0.0,,,,,0,0,,,0,,,,False,,False,False,one value everywhere: a filled default
2026-09-10,target_relative_return_5d,2023-09-01,262,state_news_impact_available_1d,623398,1.0,0.0,True,0.0,,,,,0,0,,,0,,,,False,,False,False,one value everywhere: a filled default
2026-09-10,target_relative_return_5d,2023-09-01,262,state_news_impact_score_1d,623398,1.0,0.0,True,0.0,,,,,0,0,,,0,,,,False,,False,False,one value everywhere: a filled default
2026-09-10,target_relative_return_5d,2023-09-01,262,state_news_significance_level_1d,623398,1.0,0.0,True,0.0,,,,,0,0,,,0,,,,False,,False,False,one value everywhere: a filled default
2026-09-10,target_relative_return_5d,2023-09-01,262,state_hype_score_1d,623398,1.0,0.0,True,0.0,,,,,0,0,,,0,,,,False,,False,False,one value everywhere: a filled default
2026-09-10,target_relative_return_5d,2023-09-01,262,state_sentiment_mean_1d,623398,1.0,0.0,True,0.0,,,,,0,0,,,0,,,,False,,False,False,one value everywhere: a filled default
2026-09-10,target_relative_return_5d,2023-09-01,262,state_sentiment_std_stat_1d,623398,1.0,0.0,True,0.0,,,,,0,0,,,0,,,,False,,False,False,one value everywhere: a filled default
2026-09-10,target_relative_return_5d,2023-09-01,262,state_sentiment_pos_threshold_1d,623398,1.0,0.0,True,0.0,,,,,0,0,,,0,,,,False,,False,False,one value everywhere: a filled default
2026-09-10,target_relative_return_5d,2023-09-01,262,state_sentiment_neg_threshold_1d,623398,1.0,0.0,True,0.0,,,,,0,0,,,0,,,,False,,False,False,one value everywhere: a filled default
2026-09-10,target_relative_return_5d,2023-09-01,262,context_fingerprint_1d,0,0.0,0.0,False,0.0,,,,,0,0,,,0,,,,False,,False,False,absent before the seal: nothing to judge
2026-09-10,target_relative_return_5d,2023-09-01,262,context_pattern_seq_1d,0,0.0,0.0,False,0.0,,,,,0,0,,,0,,,,False,,False,False,absent before the seal: nothing to judge
2026-09-10,target_relative_return_5d,2023-09-01,262,market_context_hour_of_day_1d,623398,1.0,0.0,True,0.0,,,,,0,0,,,0,,,,False,,False,False,one value everywhere: a filled default
2026-09-10,target_relative_return_5d,2023-09-01,262,hour_60m,0,0.0,0.0,False,0.0,,,,,0,0,,,0,,,,False,,False,False,absent before the seal: nothing to judge
2026-09-10,target_relative_return_5d,2023-09-01,262,day_of_week_60m,0,0.0,0.0,False,0.0,,,,,0,0,,,0,,,,False,,False,False,absent before the seal: nothing to judge
2026-09-10,target_relative_return_5d,2023-09-01,262,day_of_month_60m,0,0.0,0.0,False,0.0,,,,,0,0,,,0,,,,False,,False,False,absent before the seal: nothing to judge
2026-09-10,target_relative_return_5d,2023-09-01,262,day_of_year_60m,0,0.0,0.0,False,0.0,,,,,0,0,,,0,,,,False,,False,False,absent before the seal: nothing to judge
2026-09-10,target_relative_return_5d,2023-09-01,262,week_of_year_60m,0,0.0,0.0,False,0.0,,,,,0,0,,,0,,,,False,,False,False,absent before the seal: nothing to judge
2026-09-10,target_relative_return_5d,2023-09-01,262,month_of_year_60m,0,0.0,0.0,False,0.0,,,,,0,0,,,0,,,,False,,False,False,absent before the seal: nothing to judge
2026-09-10,target_relative_return_5d,2023-09-01,262,quarter_60m,0,0.0,0.0,False,0.0,,,,,0,0,,,0,,,,False,,False,False,absent before the seal: nothing to judge
2026-09-10,target_relative_return_5d,2023-09-01,262,market_session_60m,0,0.0,0.0,False,0.0,,,,,0,0,,,0,,,,False,,False,False,absent before the seal: nothing to judge
2026-09-10,target_relative_return_5d,2023-09-01,262,hour_sin_60m,0,0.0,0.0,False,0.0,,,,,0,0,,,0,,,,False,,False,False,absent before the seal: nothing to judge
2026-09-10,target_relative_return_5d,2023-09-01,262,hour_cos_60m,0,0.0,0.0,False,0.0,,,,,0,0,,,0,,,,False,,False,False,absent before the seal: nothing to judge
2026-09-10,target_relative_return_5d,2023-09-01,262,day_of_week_sin_60m,0,0.0,0.0,False,0.0,,,,,0,0,,,0,,,,False,,False,False,absent before the seal: nothing to judge
2026-09-10,target_relative_return_5d,2023-09-01,262,day_of_week_cos_60m,0,0.0,0.0,False,0.0,,,,,0,0,,,0,,,,False,,False,False,absent before the seal: nothing to judge
2026-09-10,target_relative_return_5d,2023-09-01,262,SMA_5_60m,0,0.0,0.0,False,0.0,,,,,0,0,,,0,,,,False,,False,False,absent before the seal: nothing to judge
2026-09-10,target_relative_return_5d,2023-09-01,262,SMA_10_60m,0,0.0,0.0,False,0.0,,,,,0,0,,,0,,,,False,,False,False,absent before the seal: nothing to judge
2026-09-10,target_relative_return_5d,2023-09-01,262,SMA_20_60m,0,0.0,0.0,False,0.0,,,,,0,0,,,0,,,,False,,False,False,absent before the seal: nothing to judge
2026-09-10,target_relative_return_5d,2023-09-01,262,SMA_50_60m,0,0.0,0.0,False,0.0,,,,,0,0,,,0,,,,False,,False,False,absent before the seal: nothing to judge
2026-09-10,target_relative_return_5d,2023-09-01,262,SMA_100_60m,0,0.0,0.0,False,0.0,,,,,0,0,,,0,,,,False,,False,False,absent before the seal: nothing to judge
2026-09-10,target_relative_return_5d,2023-09-01,262,SMA_200_60m,0,0.0,0.0,False,0.0,,,,,0,0,,,0,,,,False,,False,False,absent before the seal: nothing to judge
2026-09-10,target_relative_return_5d,2023-09-01,262,EMA_5_60m,0,0.0,0.0,False,0.0,,,,,0,0,,,0,,,,False,,False,False,absent before the seal: nothing to judge
2026-09-10,target_relative_return_5d,2023-09-01,262,EMA_10_60m,0,0.0,0.0,False,0.0,,,,,0,0,,,0,,,,False,,False,False,absent before the seal: nothing to judge
2026-09-10,target_relative_return_5d,2023-09-01,262,EMA_20_60m,0,0.0,0.0,False,0.0,,,,,0,0,,,0,,,,False,,False,False,absent before the seal: nothing to judge
2026-09-10,target_relative_return_5d,2023-09-01,262,EMA_50_60m,0,0.0,0.0,False,0.0,,,,,0,0,,,0,,,,False,,False,False,absent before the seal: nothing to judge
2026-09-10,target_relative_return_5d,2023-09-01,262,EMA_100_60m,0,0.0,0.0,False,0.0,,,,,0,0,,,0,,,,False,,False,False,absent before the seal: nothing to judge
2026-09-10,target_relative_return_5d,2023-09-01,262,EMA_200_60m,0,0.0,0.0,False,0.0,,,,,0,0,,,0,,,,False,,False,False,absent before the seal: nothing to judge
2026-09-10,target_relative_return_5d,2023-09-01,262,RSI_14_60m,0,0.0,0.0,False,0.0,,,,,0,0,,,0,,,,False,,False,False,absent before the seal: nothing to judge
2026-09-10,target_relative_return_5d,2023-09-01,262,MACD_60m,0,0.0,0.0,False,0.0,,,,,0,0,,,0,,,,False,,False,False,absent before the seal: nothing to judge
2026-09-10,target_relative_return_5d,2023-09-01,262,MACD_Signal_60m,0,0.0,0.0,False,0.0,,,,,0,0,,,0,,,,False,,False,False,absent before the seal: nothing to judge
2026-09-10,target_relative_return_5d,2023-09-01,262,MACD_Histogram_60m,0,0.0,0.0,False,0.0,,,,,0,0,,,0,,,,False,,False,False,absent before the seal: nothing to judge
2026-09-10,target_relative_return_5d,2023-09-01,262,BB_Upper_60m,0,0.0,0.0,False,0.0,,,,,0,0,,,0,,,,False,,False,False,absent before the seal: nothing to judge
2026-09-10,target_relative_return_5d,2023-09-01,262,BB_Middle_60m,0,0.0,0.0,False,0.0,,,,,0,0,,,0,,,,False,,False,False,absent before the seal: nothing to judge
2026-09-10,target_relative_return_5d,2023-09-01,262,BB_Lower_60m,0,0.0,0.0,False,0.0,,,,,0,0,,,0,,,,False,,False,False,absent before the seal: nothing to judge
2026-09-10,target_relative_return_5d,2023-09-01,262,ATR_14_60m,0,0.0,0.0,False,0.0,,,,,0,0,,,0,,,,False,,False,False,absent before the seal: nothing to judge
2026-09-10,target_relative_return_5d,2023-09-01,262,Stoch_K_60m,0,0.0,0.0,False,0.0,,,,,0,0,,,0,,,,False,,False,False,absent before the seal: nothing to judge
2026-09-10,target_relative_return_5d,2023-09-01,262,Stoch_D_60m,0,0.0,0.0,False,0.0,,,,,0,0,,,0,,,,False,,False,False,absent before the seal: nothing to judge
2026-09-10,target_relative_return_5d,2023-09-01,262,Williams_R_60m,0,0.0,0.0,False,0.0,,,,,0,0,,,0,,,,False,,False,False,absent before the seal: nothing to judge
2026-09-10,target_relative_return_5d,2023-09-01,262,CCI_60m,0,0.0,0.0,False,0.0,,,,,0,0,,,0,,,,False,,False,False,absent before the seal: nothing to judge
2026-09-10,target_relative_return_5d,2023-09-01,262,VOLATILITY_5_60m,0,0.0,0.0,False,0.0,,,,,0,0,,,0,,,,False,,False,False,absent before the seal: nothing to judge
2026-09-10,target_relative_return_5d,2023-09-01,262,MOMENTUM_ZSCORE_60m,0,0.0,0.0,False,0.0,,,,,0,0,,,0,,,,False,,False,False,absent before the seal: nothing to judge
2026-09-10,target_relative_return_5d,2023-09-01,262,RSI_VELOCITY_60m,0,0.0,0.0,False,0.0,,,,,0,0,,,0,,,,False,,False,False,absent before the seal: nothing to judge
2026-09-10,target_relative_return_5d,2023-09-01,262,VOLATILITY_20_60m,0,0.0,0.0,False,0.0,,,,,0,0,,,0,,,,False,,False,False,absent before the seal: nothing to judge
2026-09-10,target_relative_return_5d,2023-09-01,262,VOLATILITY_50_60m,0,0.0,0.0,False,0.0,,,,,0,0,,,0,,,,False,,False,False,absent before the seal: nothing to judge
2026-09-10,target_relative_return_5d,2023-09-01,262,MAX_DRAWDOWN_60m,0,0.0,0.0,False,0.0,,,,,0,0,,,0,,,,False,,False,False,absent before the seal: nothing to judge
2026-09-10,target_relative_return_5d,2023-09-01,262,CURRENT_DRAWDOWN_60m,0,0.0,0.0,False,0.0,,,,,0,0,,,0,,,,False,,False,False,absent before the seal: nothing to judge
2026-09-10,target_relative_return_5d,2023-09-01,262,SHARPE_RATIO_60m,0,0.0,0.0,False,0.0,,,,,0,0,,,0,,,,False,,False,False,absent before the seal: nothing to judge
2026-09-10,target_relative_return_5d,2023-09-01,262,SORTINO_RATIO_60m,0,0.0,0.0,False,0.0,,,,,0,0,,,0,,,,False,,False,False,absent before the seal: nothing to judge
2026-09-10,target_relative_return_5d,2023-09-01,262,AUTOCORR_60m,0,0.0,0.0,False,0.0,,,,,0,0,,,0,,,,False,,False,False,absent before the seal: nothing to judge
2026-09-10,target_relative_return_5d,2023-09-01,262,HURST_EXPONENT_60m,0,0.0,0.0,False,0.0,,,,,0,0,,,0,,,,False,,False,False,absent before the seal: nothing to judge
2026-09-10,target_relative_return_5d,2023-09-01,262,SKEWNESS_60m,0,0.0,0.0,False,0.0,,,,,0,0,,,0,,,,False,,False,False,absent before the seal: nothing to judge
2026-09-10,target_relative_return_5d,2023-09-01,262,KURTOSIS_60m,0,0.0,0.0,False,0.0,,,,,0,0,,,0,,,,False,,False,False,absent before the seal: nothing to judge
2026-09-10,target_relative_return_5d,2023-09-01,262,MARKET_PREMIUM_60m,0,0.0,0.0,False,0.0,,,,,0,0,,,0,,,,False,,False,False,absent before the seal: nothing to judge
2026-09-10,target_relative_return_5d,2023-09-01,262,ARSI_14_60m,0,0.0,0.0,False,0.0,,,,,0,0,,,0,,,,False,,False,False,absent before the seal: nothing to judge
2026-09-10,target_relative_return_5d,2023-09-01,262,AATR_14_60m,0,0.0,0.0,False,0.0,,,,,0,0,,,0,,,,False,,False,False,absent before the seal: nothing to judge
2026-09-10,target_relative_return_5d,2023-09-01,262,ABB_Upper_60m,0,0.0,0.0,False,0.0,,,,,0,0,,,0,,,,False,,False,False,absent before the seal: nothing to judge
2026-09-10,target_relative_return_5d,2023-09-01,262,ABB_Mid_60m,0,0.0,0.0,False,0.0,,,,,0,0,,,0,,,,False,,False,False,absent before the seal: nothing to judge
2026-09-10,target_relative_return_5d,2023-09-01,262,ABB_Lower_60m,0,0.0,0.0,False,0.0,,,,,0,0,,,0,,,,False,,False,False,absent before the seal: nothing to judge
2026-09-10,target_relative_return_5d,2023-09-01,262,AEMA_20_60m,0,0.0,0.0,False,0.0,,,,,0,0,,,0,,,,False,,False,False,absent before the seal: nothing to judge
2026-09-10,target_relative_return_5d,2023-09-01,262,CDL_BODY_RATIO_60m,0,0.0,0.0,False,0.0,,,,,0,0,,,0,,,,False,,False,False,absent before the seal: nothing to judge
2026-09-10,target_relative_return_5d,2023-09-01,262,CDL_UPPER_WICK_RATIO_60m,0,0.0,0.0,False,0.0,,,,,0,0,,,0,,,,False,,False,False,absent before the seal: nothing to judge
2026-09-10,target_relative_return_5d,2023-09-01,262,CDL_LOWER_WICK_RATIO_60m,0,0.0,0.0,False,0.0,,,,,0,0,,,0,,,,False,,False,False,absent before the seal: nothing to judge
2026-09-10,target_relative_return_5d,2023-09-01,262,CDL_DOJI_60m,0,0.0,0.0,False,0.0,,,,,0,0,,,0,,,,False,,False,False,absent before the seal: nothing to judge
2026-09-10,target_relative_return_5d,2023-09-01,262,CDL_HAMMER_60m,0,0.0,0.0,False,0.0,,,,,0,0,,,0,,,,False,,False,False,absent before the seal: nothing to judge
2026-09-10,target_relative_return_5d,2023-09-01,262,CDL_SHOOTING_STAR_60m,0,0.0,0.0,False,0.0,,,,,0,0,,,0,,,,False,,False,False,absent before the seal: nothing to judge
2026-09-10,target_relative_return_5d,2023-09-01,262,CDL_MARUBOZU_60m,0,0.0,0.0,False,0.0,,,,,0,0,,,0,,,,False,,False,False,absent before the seal: nothing to judge
2026-09-10,target_relative_return_5d,2023-09-01,262,CDL_ENGULFING_BULL_60m,0,0.0,0.0,False,0.0,,,,,0,0,,,0,,,,False,,False,False,absent before the seal: nothing to judge
2026-09-10,target_relative_return_5d,2023-09-01,262,CDL_ENGULFING_BEAR_60m,0,0.0,0.0,False,0.0,,,,,0,0,,,0,,,,False,,False,False,absent before the seal: nothing to judge
2026-09-10,target_relative_return_5d,2023-09-01,262,CDL_INSIDE_BAR_60m,0,0.0,0.0,False,0.0,,,,,0,0,,,0,,,,False,,False,False,absent before the seal: nothing to judge
2026-09-10,target_relative_return_5d,2023-09-01,262,CDL_OUTSIDE_BAR_60m,0,0.0,0.0,False,0.0,,,,,0,0,,,0,,,,False,,False,False,absent before the seal: nothing to judge
2026-09-10,target_relative_return_5d,2023-09-01,262,LEVEL_POSITION_20_60m,0,0.0,0.0,False,0.0,,,,,0,0,,,0,,,,False,,False,False,absent before the seal: nothing to judge
2026-09-10,target_relative_return_5d,2023-09-01,262,LEVEL_DIST_RESISTANCE_20_60m,0,0.0,0.0,False,0.0,,,,,0,0,,,0,,,,False,,False,False,absent before the seal: nothing to judge
2026-09-10,target_relative_return_5d,2023-09-01,262,LEVEL_DIST_SUPPORT_20_60m,0,0.0,0.0,False,0.0,,,,,0,0,,,0,,,,False,,False,False,absent before the seal: nothing to judge
2026-09-10,target_relative_return_5d,2023-09-01,262,LEVEL_BREAKOUT_UP_20_60m,0,0.0,0.0,False,0.0,,,,,0,0,,,0,,,,False,,False,False,absent before the seal: nothing to judge
2026-09-10,target_relative_return_5d,2023-09-01,262,LEVEL_BREAKOUT_DOWN_20_60m,0,0.0,0.0,False,0.0,,,,,0,0,,,0,,,,False,,False,False,absent before the seal: nothing to judge
2026-09-10,target_relative_return_5d,2023-09-01,262,returns_60m,0,0.0,0.0,False,0.0,,,,,0,0,,,0,,,,False,,False,False,absent before the seal: nothing to judge
2026-09-10,target_relative_return_5d,2023-09-01,262,LAG_1_60m,0,0.0,0.0,False,0.0,,,,,0,0,,,0,,,,False,,False,False,absent before the seal: nothing to judge
2026-09-10,target_relative_return_5d,2023-09-01,262,LAG_5_60m,0,0.0,0.0,False,0.0,,,,,0,0,,,0,,,,False,,False,False,absent before the seal: nothing to judge
2026-09-10,target_relative_return_5d,2023-09-01,262,LAG_10_60m,0,0.0,0.0,False,0.0,,,,,0,0,,,0,,,,False,,False,False,absent before the seal: nothing to judge
2026-09-10,target_relative_return_5d,2023-09-01,262,LAG_20_60m,0,0.0,0.0,False,0.0,,,,,0,0,,,0,,,,False,,False,False,absent before the seal: nothing to judge
2026-09-10,target_relative_return_5d,2023-09-01,262,VELOCITY_1_60m,0,0.0,0.0,False,0.0,,,,,0,0,,,0,,,,False,,False,False,absent before the seal: nothing to judge
2026-09-10,target_relative_return_5d,2023-09-01,262,VELOCITY_5_60m,0,0.0,0.0,False,0.0,,,,,0,0,,,0,,,,False,,False,False,absent before the seal: nothing to judge
2026-09-10,target_relative_return_5d,2023-09-01,262,VELOCITY_10_60m,0,0.0,0.0,False,0.0,,,,,0,0,,,0,,,,False,,False,False,absent before the seal: nothing to judge
2026-09-10,target_relative_return_5d,2023-09-01,262,ACCELERATION_5_60m,0,0.0,0.0,False,0.0,,,,,0,0,,,0,,,,False,,False,False,absent before the seal: nothing to judge
2026-09-10,target_relative_return_5d,2023-09-01,262,ACCELERATION_10_60m,0,0.0,0.0,False,0.0,,,,,0,0,,,0,,,,False,,False,False,absent before the seal: nothing to judge
2026-09-10,target_relative_return_5d,2023-09-01,262,ROLLING_SKEW_10_60m,0,0.0,0.0,False,0.0,,,,,0,0,,,0,,,,False,,False,False,absent before the seal: nothing to judge
2026-09-10,target_relative_return_5d,2023-09-01,262,ROLLING_SKEW_20_60m,0,0.0,0.0,False,0.0,,,,,0,0,,,0,,,,False,,False,False,absent before the seal: nothing to judge
2026-09-10,target_relative_return_5d,2023-09-01,262,ROLLING_KURT_10_60m,0,0.0,0.0,False,0.0,,,,,0,0,,,0,,,,False,,False,False,absent before the seal: nothing to judge
2026-09-10,target_relative_return_5d,2023-09-01,262,ROLLING_KURT_20_60m,0,0.0,0.0,False,0.0,,,,,0,0,,,0,,,,False,,False,False,absent before the seal: nothing to judge
2026-09-10,target_relative_return_5d,2023-09-01,262,ROLLING_VOL_10_60m,0,0.0,0.0,False,0.0,,,,,0,0,,,0,,,,False,,False,False,absent before the seal: nothing to judge
2026-09-10,target_relative_return_5d,2023-09-01,262,ROLLING_VOL_20_60m,0,0.0,0.0,False,0.0,,,,,0,0,,,0,,,,False,,False,False,absent before the seal: nothing to judge
2026-09-10,target_relative_return_5d,2023-09-01,262,volume_sma_5_60m,0,0.0,0.0,False,0.0,,,,,0,0,,,0,,,,False,,False,False,absent before the seal: nothing to judge
2026-09-10,target_relative_return_5d,2023-09-01,262,volume_sma_10_60m,0,0.0,0.0,False,0.0,,,,,0,0,,,0,,,,False,,False,False,absent before the seal: nothing to judge
2026-09-10,target_relative_return_5d,2023-09-01,262,volume_roc_60m,0,0.0,0.0,False,0.0,,,,,0,0,,,0,,,,False,,False,False,absent before the seal: nothing to judge
2026-09-10,target_relative_return_5d,2023-09-01,262,price_volume_trend_60m,0,0.0,0.0,False,0.0,,,,,0,0,,,0,,,,False,,False,False,absent before the seal: nothing to judge
2026-09-10,target_relative_return_5d,2023-09-01,262,obv_60m,0,0.0,0.0,False,0.0,,,,,0,0,,,0,,,,False,,False,False,absent before the seal: nothing to judge
2026-09-10,target_relative_return_5d,2023-09-01,262,volume_rs_60m,0,0.0,0.0,False,0.0,,,,,0,0,,,0,,,,False,,False,False,absent before the seal: nothing to judge
2026-09-10,target_relative_return_5d,2023-09-01,262,peer_return_60m,0,0.0,0.0,False,0.0,,,,,0,0,,,0,,,,False,,False,False,absent before the seal: nothing to judge
2026-09-10,target_relative_return_5d,2023-09-01,262,peer_volatility_60m,0,0.0,0.0,False,0.0,,,,,0,0,,,0,,,,False,,False,False,absent before the seal: nothing to judge
2026-09-10,target_relative_return_5d,2023-09-01,262,peer_breadth_60m,0,0.0,0.0,False,0.0,,,,,0,0,,,0,,,,False,,False,False,absent before the seal: nothing to judge
2026-09-10,target_relative_return_5d,2023-09-01,262,peer_divergence_60m,0,0.0,0.0,False,0.0,,,,,0,0,,,0,,,,False,,False,False,absent before the seal: nothing to judge
2026-09-10,target_relative_return_5d,2023-09-01,262,peer_count_60m,0,0.0,0.0,False,0.0,,,,,0,0,,,0,,,,False,,False,False,absent before the seal: nothing to judge
2026-09-10,target_relative_return_5d,2023-09-01,262,market_return_60m,0,0.0,0.0,False,0.0,,,,,0,0,,,0,,,,False,,False,False,absent before the seal: nothing to judge
2026-09-10,target_relative_return_5d,2023-09-01,262,market_breadth_60m,0,0.0,0.0,False,0.0,,,,,0,0,,,0,,,,False,,False,False,absent before the seal: nothing to judge
2026-09-10,target_relative_return_5d,2023-09-01,262,peer_return_excess_60m,0,0.0,0.0,False,0.0,,,,,0,0,,,0,,,,False,,False,False,absent before the seal: nothing to judge
2026-09-10,target_relative_return_5d,2023-09-01,262,peer_breadth_excess_60m,0,0.0,0.0,False,0.0,,,,,0,0,,,0,,,,False,,False,False,absent before the seal: nothing to judge
2026-09-10,target_relative_return_5d,2023-09-01,262,FRED_BAMLC0A0CM_60m,0,0.0,0.0,False,0.0,,,,,0,0,,,0,,,,False,,False,False,absent before the seal: nothing to judge
2026-09-10,target_relative_return_5d,2023-09-01,262,FRED_BAMLH0A0HYM2_60m,0,0.0,0.0,False,0.0,,,,,0,0,,,0,,,,False,,False,False,absent before the seal: nothing to judge
2026-09-10,target_relative_return_5d,2023-09-01,262,FRED_CAPUTLB50001SQ_60m,0,0.0,0.0,False,0.0,,,,,0,0,,,0,,,,False,,False,False,absent before the seal: nothing to judge
2026-09-10,target_relative_return_5d,2023-09-01,262,FRED_CCSA_60m,0,0.0,0.0,False,0.0,,,,,0,0,,,0,,,,False,,False,False,absent before the seal: nothing to judge
2026-09-10,target_relative_return_5d,2023-09-01,262,FRED_CPIAUCSL_60m,0,0.0,0.0,False,0.0,,,,,0,0,,,0,,,,False,,False,False,absent before the seal: nothing to judge
2026-09-10,target_relative_return_5d,2023-09-01,262,FRED_CSUSHPINSA_60m,0,0.0,0.0,False,0.0,,,,,0,0,,,0,,,,False,,False,False,absent before the seal: nothing to judge
2026-09-10,target_relative_return_5d,2023-09-01,262,FRED_DCOILWTICO_60m,0,0.0,0.0,False,0.0,,,,,0,0,,,0,,,,False,,False,False,absent before the seal: nothing to judge
2026-09-10,target_relative_return_5d,2023-09-01,262,FRED_DEXCHUS_60m,0,0.0,0.0,False,0.0,,,,,0,0,,,0,,,,False,,False,False,absent before the seal: nothing to judge
2026-09-10,target_relative_return_5d,2023-09-01,262,FRED_DEXUSEU_60m,0,0.0,0.0,False,0.0,,,,,0,0,,,0,,,,False,,False,False,absent before the seal: nothing to judge
2026-09-10,target_relative_return_5d,2023-09-01,262,FRED_DGORDER_60m,0,0.0,0.0,False,0.0,,,,,0,0,,,0,,,,False,,False,False,absent before the seal: nothing to judge
2026-09-10,target_relative_return_5d,2023-09-01,262,FRED_DGS10_60m,0,0.0,0.0,False,0.0,,,,,0,0,,,0,,,,False,,False,False,absent before the seal: nothing to judge
2026-09-10,target_relative_return_5d,2023-09-01,262,FRED_DSPIC96_60m,0,0.0,0.0,False,0.0,,,,,0,0,,,0,,,,False,,False,False,absent before the seal: nothing to judge
2026-09-10,target_relative_return_5d,2023-09-01,262,FRED_FEDFUNDS_60m,0,0.0,0.0,False,0.0,,,,,0,0,,,0,,,,False,,False,False,absent before the seal: nothing to judge
2026-09-10,target_relative_return_5d,2023-09-01,262,FRED_GDP_60m,0,0.0,0.0,False,0.0,,,,,0,0,,,0,,,,False,,False,False,absent before the seal: nothing to judge
2026-09-10,target_relative_return_5d,2023-09-01,262,FRED_GS10_60m,0,0.0,0.0,False,0.0,,,,,0,0,,,0,,,,False,,False,False,absent before the seal: nothing to judge
2026-09-10,target_relative_return_5d,2023-09-01,262,FRED_GS2_60m,0,0.0,0.0,False,0.0,,,,,0,0,,,0,,,,False,,False,False,absent before the seal: nothing to judge
2026-09-10,target_relative_return_5d,2023-09-01,262,FRED_HOUST_60m,0,0.0,0.0,False,0.0,,,,,0,0,,,0,,,,False,,False,False,absent before the seal: nothing to judge
2026-09-10,target_relative_return_5d,2023-09-01,262,FRED_ICSA_60m,0,0.0,0.0,False,0.0,,,,,0,0,,,0,,,,False,,False,False,absent before the seal: nothing to judge
2026-09-10,target_relative_return_5d,2023-09-01,262,FRED_INDPRO_60m,0,0.0,0.0,False,0.0,,,,,0,0,,,0,,,,False,,False,False,absent before the seal: nothing to judge
2026-09-10,target_relative_return_5d,2023-09-01,262,FRED_MANEMP_60m,0,0.0,0.0,False,0.0,,,,,0,0,,,0,,,,False,,False,False,absent before the seal: nothing to judge
2026-09-10,target_relative_return_5d,2023-09-01,262,FRED_NFCI_60m,0,0.0,0.0,False,0.0,,,,,0,0,,,0,,,,False,,False,False,absent before the seal: nothing to judge
2026-09-10,target_relative_return_5d,2023-09-01,262,FRED_PAYEMS_60m,0,0.0,0.0,False,0.0,,,,,0,0,,,0,,,,False,,False,False,absent before the seal: nothing to judge
2026-09-10,target_relative_return_5d,2023-09-01,262,FRED_PCEPI_60m,0,0.0,0.0,False,0.0,,,,,0,0,,,0,,,,False,,False,False,absent before the seal: nothing to judge
2026-09-10,target_relative_return_5d,2023-09-01,262,FRED_PCEPILFE_60m,0,0.0,0.0,False,0.0,,,,,0,0,,,0,,,,False,,False,False,absent before the seal: nothing to judge
2026-09-10,target_relative_return_5d,2023-09-01,262,FRED_PCU334413334413_60m,0,0.0,0.0,False,0.0,,,,,0,0,,,0,,,,False,,False,False,absent before the seal: nothing to judge
2026-09-10,target_relative_return_5d,2023-09-01,262,FRED_PERMIT_60m,0,0.0,0.0,False,0.0,,,,,0,0,,,0,,,,False,,False,False,absent before the seal: nothing to judge
2026-09-10,target_relative_return_5d,2023-09-01,262,FRED_PPIACO_60m,0,0.0,0.0,False,0.0,,,,,0,0,,,0,,,,False,,False,False,absent before the seal: nothing to judge
2026-09-10,target_relative_return_5d,2023-09-01,262,FRED_RRPONTSYD_60m,0,0.0,0.0,False,0.0,,,,,0,0,,,0,,,,False,,False,False,absent before the seal: nothing to judge
2026-09-10,target_relative_return_5d,2023-09-01,262,FRED_RSAFS_60m,0,0.0,0.0,False,0.0,,,,,0,0,,,0,,,,False,,False,False,absent before the seal: nothing to judge
2026-09-10,target_relative_return_5d,2023-09-01,262,FRED_SAHMREALTIME_60m,0,0.0,0.0,False,0.0,,,,,0,0,,,0,,,,False,,False,False,absent before the seal: nothing to judge
2026-09-10,target_relative_return_5d,2023-09-01,262,FRED_T10Y2Y_60m,0,0.0,0.0,False,0.0,,,,,0,0,,,0,,,,False,,False,False,absent before the seal: nothing to judge
2026-09-10,target_relative_return_5d,2023-09-01,262,FRED_T10Y3M_60m,0,0.0,0.0,False,0.0,,,,,0,0,,,0,,,,False,,False,False,absent before the seal: nothing to judge
2026-09-10,target_relative_return_5d,2023-09-01,262,FRED_T10YIE_60m,0,0.0,0.0,False,0.0,,,,,0,0,,,0,,,,False,,False,False,absent before the seal: nothing to judge
2026-09-10,target_relative_return_5d,2023-09-01,262,FRED_T5YIE_60m,0,0.0,0.0,False,0.0,,,,,0,0,,,0,,,,False,,False,False,absent before the seal: nothing to judge
2026-09-10,target_relative_return_5d,2023-09-01,262,FRED_T5YIFR_60m,0,0.0,0.0,False,0.0,,,,,0,0,,,0,,,,False,,False,False,absent before the seal: nothing to judge
2026-09-10,target_relative_return_5d,2023-09-01,262,FRED_TOTALSA_60m,0,0.0,0.0,False,0.0,,,,,0,0,,,0,,,,False,,False,False,absent before the seal: nothing to judge
2026-09-10,target_relative_return_5d,2023-09-01,262,FRED_UMCSENT_60m,0,0.0,0.0,False,0.0,,,,,0,0,,,0,,,,False,,False,False,absent before the seal: nothing to judge
2026-09-10,target_relative_return_5d,2023-09-01,262,FRED_UNRATE_60m,0,0.0,0.0,False,0.0,,,,,0,0,,,0,,,,False,,False,False,absent before the seal: nothing to judge
2026-09-10,target_relative_return_5d,2023-09-01,262,FRED_VIXCLS_60m,0,0.0,0.0,False,0.0,,,,,0,0,,,0,,,,False,,False,False,absent before the seal: nothing to judge
2026-09-10,target_relative_return_5d,2023-09-01,262,FRED_WALCL_60m,0,0.0,0.0,False,0.0,,,,,0,0,,,0,,,,False,,False,False,absent before the seal: nothing to judge
2026-09-10,target_relative_return_5d,2023-09-01,262,FRED_WPU01_60m,0,0.0,0.0,False,0.0,,,,,0,0,,,0,,,,False,,False,False,absent before the seal: nothing to judge
2026-09-10,target_relative_return_5d,2023-09-01,262,FRED_WPU055_60m,0,0.0,0.0,False,0.0,,,,,0,0,,,0,,,,False,,False,False,absent before the seal: nothing to judge
2026-09-10,target_relative_return_5d,2023-09-01,262,FRED_WPU0561_60m,0,0.0,0.0,False,0.0,,,,,0,0,,,0,,,,False,,False,False,absent before the seal: nothing to judge
2026-09-10,target_relative_return_5d,2023-09-01,262,FRED_WPU101_60m,0,0.0,0.0,False,0.0,,,,,0,0,,,0,,,,False,,False,False,absent before the seal: nothing to judge
2026-09-10,target_relative_return_5d,2023-09-01,262,FRED_WTREGEN_60m,0,0.0,0.0,False,0.0,,,,,0,0,,,0,,,,False,,False,False,absent before the seal: nothing to judge
2026-09-10,target_relative_return_5d,2023-09-01,262,fear_greed_index_60m,0,0.0,0.0,False,0.0,,,,,0,0,,,0,,,,False,,False,False,absent before the seal: nothing to judge
2026-09-10,target_relative_return_5d,2023-09-01,262,fear_greed_available_60m,0,0.0,0.0,False,0.0,,,,,0,0,,,0,,,,False,,False,False,absent before the seal: nothing to judge
2026-09-10,target_relative_return_5d,2023-09-01,262,cftc_sp500_net_pct_60m,0,0.0,0.0,False,0.0,,,,,0,0,,,0,,,,False,,False,False,absent before the seal: nothing to judge
2026-09-10,target_relative_return_5d,2023-09-01,262,cftc_sp500_ls_ratio_60m,0,0.0,0.0,False,0.0,,,,,0,0,,,0,,,,False,,False,False,absent before the seal: nothing to judge
2026-09-10,target_relative_return_5d,2023-09-01,262,cftc_nasdaq_net_pct_60m,0,0.0,0.0,False,0.0,,,,,0,0,,,0,,,,False,,False,False,absent before the seal: nothing to judge
2026-09-10,target_relative_return_5d,2023-09-01,262,cftc_nasdaq_ls_ratio_60m,0,0.0,0.0,False,0.0,,,,,0,0,,,0,,,,False,,False,False,absent before the seal: nothing to judge
2026-09-10,target_relative_return_5d,2023-09-01,262,cftc_dow_net_pct_60m,0,0.0,0.0,False,0.0,,,,,0,0,,,0,,,,False,,False,False,absent before the seal: nothing to judge
2026-09-10,target_relative_return_5d,2023-09-01,262,cftc_dow_ls_ratio_60m,0,0.0,0.0,False,0.0,,,,,0,0,,,0,,,,False,,False,False,absent before the seal: nothing to judge
2026-09-10,target_relative_return_5d,2023-09-01,262,cftc_gold_net_pct_60m,0,0.0,0.0,False,0.0,,,,,0,0,,,0,,,,False,,False,False,absent before the seal: nothing to judge
2026-09-10,target_relative_return_5d,2023-09-01,262,cftc_gold_ls_ratio_60m,0,0.0,0.0,False,0.0,,,,,0,0,,,0,,,,False,,False,False,absent before the seal: nothing to judge
2026-09-10,target_relative_return_5d,2023-09-01,262,cftc_crude_net_pct_60m,0,0.0,0.0,False,0.0,,,,,0,0,,,0,,,,False,,False,False,absent before the seal: nothing to judge
2026-09-10,target_relative_return_5d,2023-09-01,262,cftc_crude_ls_ratio_60m,0,0.0,0.0,False,0.0,,,,,0,0,,,0,,,,False,,False,False,absent before the seal: nothing to judge
2026-09-10,target_relative_return_5d,2023-09-01,262,cftc_available_60m,0,0.0,0.0,False,0.0,,,,,0,0,,,0,,,,False,,False,False,absent before the seal: nothing to judge
2026-09-10,target_relative_return_5d,2023-09-01,262,filing_days_since_last_60m,0,0.0,0.0,False,0.0,,,,,0,0,,,0,,,,False,,False,False,absent before the seal: nothing to judge
2026-09-10,target_relative_return_5d,2023-09-01,262,filing_count_30d_60m,0,0.0,0.0,False,0.0,,,,,0,0,,,0,,,,False,,False,False,absent before the seal: nothing to judge
2026-09-10,target_relative_return_5d,2023-09-01,262,filing_material_30d_60m,0,0.0,0.0,False,0.0,,,,,0,0,,,0,,,,False,,False,False,absent before the seal: nothing to judge
2026-09-10,target_relative_return_5d,2023-09-01,262,filing_periodic_30d_60m,0,0.0,0.0,False,0.0,,,,,0,0,,,0,,,,False,,False,False,absent before the seal: nothing to judge
2026-09-10,target_relative_return_5d,2023-09-01,262,filing_data_available_60m,0,0.0,0.0,False,0.0,,,,,0,0,,,0,,,,False,,False,False,absent before the seal: nothing to judge
2026-09-10,target_relative_return_5d,2023-09-01,262,nlp_sentiment_score_60m,0,0.0,0.0,False,0.0,,,,,0,0,,,0,,,,False,,False,False,absent before the seal: nothing to judge
2026-09-10,target_relative_return_5d,2023-09-01,262,nlp_subjectivity_score_60m,0,0.0,0.0,False,0.0,,,,,0,0,,,0,,,,False,,False,False,absent before the seal: nothing to judge
2026-09-10,target_relative_return_5d,2023-09-01,262,nlp_cluster_60m,0,0.0,0.0,False,0.0,,,,,0,0,,,0,,,,False,,False,False,absent before the seal: nothing to judge
2026-09-10,target_relative_return_5d,2023-09-01,262,volatility_5_60m,0,0.0,0.0,False,0.0,,,,,0,0,,,0,,,,False,,False,False,absent before the seal: nothing to judge
2026-09-10,target_relative_return_5d,2023-09-01,262,volatility_10_60m,0,0.0,0.0,False,0.0,,,,,0,0,,,0,,,,False,,False,False,absent before the seal: nothing to judge
2026-09-10,target_relative_return_5d,2023-09-01,262,volatility_20_60m,0,0.0,0.0,False,0.0,,,,,0,0,,,0,,,,False,,False,False,absent before the seal: nothing to judge
2026-09-10,target_relative_return_5d,2023-09-01,262,atr_14_60m,0,0.0,0.0,False,0.0,,,,,0,0,,,0,,,,False,,False,False,absent before the seal: nothing to judge
2026-09-10,target_relative_return_5d,2023-09-01,262,gk_volatility_60m,0,0.0,0.0,False,0.0,,,,,0,0,,,0,,,,False,,False,False,absent before the seal: nothing to judge
2026-09-10,target_relative_return_5d,2023-09-01,262,volatility_regime_60m,0,0.0,0.0,False,0.0,,,,,0,0,,,0,,,,False,,False,False,absent before the seal: nothing to judge
2026-09-10,target_relative_return_5d,2023-09-01,262,fund_price_to_book_60m,0,0.0,0.0,False,0.0,,,,,0,0,,,0,,,,False,,False,False,absent before the seal: nothing to judge
2026-09-10,target_relative_return_5d,2023-09-01,262,fund_earnings_yield_60m,0,0.0,0.0,False,0.0,,,,,0,0,,,0,,,,False,,False,False,absent before the seal: nothing to judge
2026-09-10,target_relative_return_5d,2023-09-01,262,fund_current_ratio_60m,0,0.0,0.0,False,0.0,,,,,0,0,,,0,,,,False,,False,False,absent before the seal: nothing to judge
2026-09-10,target_relative_return_5d,2023-09-01,262,fund_debt_to_equity_60m,0,0.0,0.0,False,0.0,,,,,0,0,,,0,,,,False,,False,False,absent before the seal: nothing to judge
2026-09-10,target_relative_return_5d,2023-09-01,262,fund_return_on_equity_60m,0,0.0,0.0,False,0.0,,,,,0,0,,,0,,,,False,,False,False,absent before the seal: nothing to judge
2026-09-10,target_relative_return_5d,2023-09-01,262,fund_days_since_report_60m,0,0.0,0.0,False,0.0,,,,,0,0,,,0,,,,False,,False,False,absent before the seal: nothing to judge
2026-09-10,target_relative_return_5d,2023-09-01,262,fund_data_available_60m,0,0.0,0.0,False,0.0,,,,,0,0,,,0,,,,False,,False,False,absent before the seal: nothing to judge
2026-09-10,target_relative_return_5d,2023-09-01,262,wiki_views_60m,0,0.0,0.0,False,0.0,,,,,0,0,,,0,,,,False,,False,False,absent before the seal: nothing to judge
2026-09-10,target_relative_return_5d,2023-09-01,262,wiki_attention_z_60m,0,0.0,0.0,False,0.0,,,,,0,0,,,0,,,,False,,False,False,absent before the seal: nothing to judge
2026-09-10,target_relative_return_5d,2023-09-01,262,wiki_attention_available_60m,0,0.0,0.0,False,0.0,,,,,0,0,,,0,,,,False,,False,False,absent before the seal: nothing to judge
2026-09-10,target_relative_return_5d,2023-09-01,262,insider_net_value_30d_60m,0,0.0,0.0,False,0.0,,,,,0,0,,,0,,,,False,,False,False,absent before the seal: nothing to judge
2026-09-10,target_relative_return_5d,2023-09-01,262,insider_available_60m,0,0.0,0.0,False,0.0,,,,,0,0,,,0,,,,False,,False,False,absent before the seal: nothing to judge
2026-09-10,target_relative_return_5d,2023-09-01,262,keyword_count_60m,0,0.0,0.0,False,0.0,,,,,0,0,,,0,,,,False,,False,False,absent before the seal: nothing to judge
2026-09-10,target_relative_return_5d,2023-09-01,262,entity_count_60m,0,0.0,0.0,False,0.0,,,,,0,0,,,0,,,,False,,False,False,absent before the seal: nothing to judge
2026-09-10,target_relative_return_5d,2023-09-01,262,keyword_entity_available_60m,0,0.0,0.0,False,0.0,,,,,0,0,,,0,,,,False,,False,False,absent before the seal: nothing to judge
2026-09-10,target_relative_return_5d,2023-09-01,262,news_quality_score_60m,0,0.0,0.0,False,0.0,,,,,0,0,,,0,,,,False,,False,False,absent before the seal: nothing to judge
2026-09-10,target_relative_return_5d,2023-09-01,262,news_source_count_60m,0,0.0,0.0,False,0.0,,,,,0,0,,,0,,,,False,,False,False,absent before the seal: nothing to judge
2026-09-10,target_relative_return_5d,2023-09-01,262,news_quality_available_60m,0,0.0,0.0,False,0.0,,,,,0,0,,,0,,,,False,,False,False,absent before the seal: nothing to judge
2026-09-10,target_relative_return_5d,2023-09-01,262,news_freshness_hours_60m,0,0.0,0.0,False,0.0,,,,,0,0,,,0,,,,False,,False,False,absent before the seal: nothing to judge
2026-09-10,target_relative_return_5d,2023-09-01,262,news_coverage_60m,0,0.0,0.0,False,0.0,,,,,0,0,,,0,,,,False,,False,False,absent before the seal: nothing to judge
2026-09-10,target_relative_return_5d,2023-09-01,262,sentiment_available_60m,0,0.0,0.0,False,0.0,,,,,0,0,,,0,,,,False,,False,False,absent before the seal: nothing to judge
2026-09-10,target_relative_return_5d,2023-09-01,262,sentiment_sma_5_60m,0,0.0,0.0,False,0.0,,,,,0,0,,,0,,,,False,,False,False,absent before the seal: nothing to judge
2026-09-10,target_relative_return_5d,2023-09-01,262,sentiment_std_5_60m,0,0.0,0.0,False,0.0,,,,,0,0,,,0,,,,False,,False,False,absent before the seal: nothing to judge
2026-09-10,target_relative_return_5d,2023-09-01,262,sentiment_sma_20_60m,0,0.0,0.0,False,0.0,,,,,0,0,,,0,,,,False,,False,False,absent before the seal: nothing to judge
2026-09-10,target_relative_return_5d,2023-09-01,262,sentiment_std_20_60m,0,0.0,0.0,False,0.0,,,,,0,0,,,0,,,,False,,False,False,absent before the seal: nothing to judge
2026-09-10,target_relative_return_5d,2023-09-01,262,sentiment_sma_50_60m,0,0.0,0.0,False,0.0,,,,,0,0,,,0,,,,False,,False,False,absent before the seal: nothing to judge
2026-09-10,target_relative_return_5d,2023-09-01,262,sentiment_std_50_60m,0,0.0,0.0,False,0.0,,,,,0,0,,,0,,,,False,,False,False,absent before the seal: nothing to judge
2026-09-10,target_relative_return_5d,2023-09-01,262,sentiment_ema_60m,0,0.0,0.0,False,0.0,,,,,0,0,,,0,,,,False,,False,False,absent before the seal: nothing to judge
2026-09-10,target_relative_return_5d,2023-09-01,262,sentiment_velocity_60m,0,0.0,0.0,False,0.0,,,,,0,0,,,0,,,,False,,False,False,absent before the seal: nothing to judge
2026-09-10,target_relative_return_5d,2023-09-01,262,news_intensity_60m,0,0.0,0.0,False,0.0,,,,,0,0,,,0,,,,False,,False,False,absent before the seal: nothing to judge
2026-09-10,target_relative_return_5d,2023-09-01,262,sentiment_decay_weighted_60m,0,0.0,0.0,False,0.0,,,,,0,0,,,0,,,,False,,False,False,absent before the seal: nothing to judge
2026-09-10,target_relative_return_5d,2023-09-01,262,news_impact_available_60m,0,0.0,0.0,False,0.0,,,,,0,0,,,0,,,,False,,False,False,absent before the seal: nothing to judge
2026-09-10,target_relative_return_5d,2023-09-01,262,news_impact_score_60m,0,0.0,0.0,False,0.0,,,,,0,0,,,0,,,,False,,False,False,absent before the seal: nothing to judge
2026-09-10,target_relative_return_5d,2023-09-01,262,news_significance_level_60m,0,0.0,0.0,False,0.0,,,,,0,0,,,0,,,,False,,False,False,absent before the seal: nothing to judge
2026-09-10,target_relative_return_5d,2023-09-01,262,hype_available_60m,0,0.0,0.0,False,0.0,,,,,0,0,,,0,,,,False,,False,False,absent before the seal: nothing to judge
2026-09-10,target_relative_return_5d,2023-09-01,262,hype_score_60m,0,0.0,0.0,False,0.0,,,,,0,0,,,0,,,,False,,False,False,absent before the seal: nothing to judge
2026-09-10,target_relative_return_5d,2023-09-01,262,is_significant_60m,0,0.0,0.0,False,0.0,,,,,0,0,,,0,,,,False,,False,False,absent before the seal: nothing to judge
2026-09-10,target_relative_return_5d,2023-09-01,262,significant_events_7d_60m,0,0.0,0.0,False,0.0,,,,,0,0,,,0,,,,False,,False,False,absent before the seal: nothing to judge
2026-09-10,target_relative_return_5d,2023-09-01,262,significant_events_30d_60m,0,0.0,0.0,False,0.0,,,,,0,0,,,0,,,,False,,False,False,absent before the seal: nothing to judge
2026-09-10,target_relative_return_5d,2023-09-01,262,days_since_last_significant_60m,0,0.0,0.0,False,0.0,,,,,0,0,,,0,,,,False,,False,False,absent before the seal: nothing to judge
2026-09-10,target_relative_return_5d,2023-09-01,262,significance_intensity_7d_60m,0,0.0,0.0,False,0.0,,,,,0,0,,,0,,,,False,,False,False,absent before the seal: nothing to judge
2026-09-10,target_relative_return_5d,2023-09-01,262,is_significant_decayed_60m,0,0.0,0.0,False,0.0,,,,,0,0,,,0,,,,False,,False,False,absent before the seal: nothing to judge
2026-09-10,target_relative_return_5d,2023-09-01,262,sentiment_mean_60m,0,0.0,0.0,False,0.0,,,,,0,0,,,0,,,,False,,False,False,absent before the seal: nothing to judge
2026-09-10,target_relative_return_5d,2023-09-01,262,sentiment_std_stat_60m,0,0.0,0.0,False,0.0,,,,,0,0,,,0,,,,False,,False,False,absent before the seal: nothing to judge
2026-09-10,target_relative_return_5d,2023-09-01,262,sentiment_pos_threshold_60m,0,0.0,0.0,False,0.0,,,,,0,0,,,0,,,,False,,False,False,absent before the seal: nothing to judge
2026-09-10,target_relative_return_5d,2023-09-01,262,sentiment_neg_threshold_60m,0,0.0,0.0,False,0.0,,,,,0,0,,,0,,,,False,,False,False,absent before the seal: nothing to judge
2026-09-10,target_relative_return_5d,2023-09-01,262,macro_composite_score_60m,0,0.0,0.0,False,0.0,,,,,0,0,,,0,,,,False,,False,False,absent before the seal: nothing to judge
2026-09-10,target_relative_return_5d,2023-09-01,262,state_open_60m,0,0.0,0.0,False,0.0,,,,,0,0,,,0,,,,False,,False,False,absent before the seal: nothing to judge
2026-09-10,target_relative_return_5d,2023-09-01,262,state_high_60m,0,0.0,0.0,False,0.0,,,,,0,0,,,0,,,,False,,False,False,absent before the seal: nothing to judge
2026-09-10,target_relative_return_5d,2023-09-01,262,state_low_60m,0,0.0,0.0,False,0.0,,,,,0,0,,,0,,,,False,,False,False,absent before the seal: nothing to judge
2026-09-10,target_relative_return_5d,2023-09-01,262,state_close_60m,0,0.0,0.0,False,0.0,,,,,0,0,,,0,,,,False,,False,False,absent before the seal: nothing to judge
2026-09-10,target_relative_return_5d,2023-09-01,262,state_volume_60m,0,0.0,0.0,False,0.0,,,,,0,0,,,0,,,,False,,False,False,absent before the seal: nothing to judge
2026-09-10,target_relative_return_5d,2023-09-01,262,state_market_session_60m,0,0.0,0.0,False,0.0,,,,,0,0,,,0,,,,False,,False,False,absent before the seal: nothing to judge
2026-09-10,target_relative_return_5d,2023-09-01,262,state_hour_sin_60m,0,0.0,0.0,False,0.0,,,,,0,0,,,0,,,,False,,False,False,absent before the seal: nothing to judge
2026-09-10,target_relative_return_5d,2023-09-01,262,state_hour_cos_60m,0,0.0,0.0,False,0.0,,,,,0,0,,,0,,,,False,,False,False,absent before the seal: nothing to judge
2026-09-10,target_relative_return_5d,2023-09-01,262,state_day_of_week_sin_60m,0,0.0,0.0,False,0.0,,,,,0,0,,,0,,,,False,,False,False,absent before the seal: nothing to judge
2026-09-10,target_relative_return_5d,2023-09-01,262,state_day_of_week_cos_60m,0,0.0,0.0,False,0.0,,,,,0,0,,,0,,,,False,,False,False,absent before the seal: nothing to judge
2026-09-10,target_relative_return_5d,2023-09-01,262,state_SMA_5_60m,0,0.0,0.0,False,0.0,,,,,0,0,,,0,,,,False,,False,False,absent before the seal: nothing to judge
2026-09-10,target_relative_return_5d,2023-09-01,262,state_SMA_10_60m,0,0.0,0.0,False,0.0,,,,,0,0,,,0,,,,False,,False,False,absent before the seal: nothing to judge
2026-09-10,target_relative_return_5d,2023-09-01,262,state_SMA_20_60m,0,0.0,0.0,False,0.0,,,,,0,0,,,0,,,,False,,False,False,absent before the seal: nothing to judge
2026-09-10,target_relative_return_5d,2023-09-01,262,state_SMA_50_60m,0,0.0,0.0,False,0.0,,,,,0,0,,,0,,,,False,,False,False,absent before the seal: nothing to judge
2026-09-10,target_relative_return_5d,2023-09-01,262,state_SMA_100_60m,0,0.0,0.0,False,0.0,,,,,0,0,,,0,,,,False,,False,False,absent before the seal: nothing to judge
2026-09-10,target_relative_return_5d,2023-09-01,262,state_SMA_200_60m,0,0.0,0.0,False,0.0,,,,,0,0,,,0,,,,False,,False,False,absent before the seal: nothing to judge
2026-09-10,target_relative_return_5d,2023-09-01,262,state_EMA_5_60m,0,0.0,0.0,False,0.0,,,,,0,0,,,0,,,,False,,False,False,absent before the seal: nothing to judge
2026-09-10,target_relative_return_5d,2023-09-01,262,state_EMA_10_60m,0,0.0,0.0,False,0.0,,,,,0,0,,,0,,,,False,,False,False,absent before the seal: nothing to judge
2026-09-10,target_relative_return_5d,2023-09-01,262,state_EMA_20_60m,0,0.0,0.0,False,0.0,,,,,0,0,,,0,,,,False,,False,False,absent before the seal: nothing to judge
2026-09-10,target_relative_return_5d,2023-09-01,262,state_EMA_50_60m,0,0.0,0.0,False,0.0,,,,,0,0,,,0,,,,False,,False,False,absent before the seal: nothing to judge
2026-09-10,target_relative_return_5d,2023-09-01,262,state_EMA_100_60m,0,0.0,0.0,False,0.0,,,,,0,0,,,0,,,,False,,False,False,absent before the seal: nothing to judge
2026-09-10,target_relative_return_5d,2023-09-01,262,state_EMA_200_60m,0,0.0,0.0,False,0.0,,,,,0,0,,,0,,,,False,,False,False,absent before the seal: nothing to judge
2026-09-10,target_relative_return_5d,2023-09-01,262,state_RSI_14_60m,0,0.0,0.0,False,0.0,,,,,0,0,,,0,,,,False,,False,False,absent before the seal: nothing to judge
2026-09-10,target_relative_return_5d,2023-09-01,262,state_MACD_60m,0,0.0,0.0,False,0.0,,,,,0,0,,,0,,,,False,,False,False,absent before the seal: nothing to judge
2026-09-10,target_relative_return_5d,2023-09-01,262,state_MACD_Signal_60m,0,0.0,0.0,False,0.0,,,,,0,0,,,0,,,,False,,False,False,absent before the seal: nothing to judge
2026-09-10,target_relative_return_5d,2023-09-01,262,state_MACD_Histogram_60m,0,0.0,0.0,False,0.0,,,,,0,0,,,0,,,,False,,False,False,absent before the seal: nothing to judge
2026-09-10,target_relative_return_5d,2023-09-01,262,state_BB_Upper_60m,0,0.0,0.0,False,0.0,,,,,0,0,,,0,,,,False,,False,False,absent before the seal: nothing to judge
2026-09-10,target_relative_return_5d,2023-09-01,262,state_BB_Middle_60m,0,0.0,0.0,False,0.0,,,,,0,0,,,0,,,,False,,False,False,absent before the seal: nothing to judge
2026-09-10,target_relative_return_5d,2023-09-01,262,state_BB_Lower_60m,0,0.0,0.0,False,0.0,,,,,0,0,,,0,,,,False,,False,False,absent before the seal: nothing to judge
2026-09-10,target_relative_return_5d,2023-09-01,262,state_ATR_14_60m,0,0.0,0.0,False,0.0,,,,,0,0,,,0,,,,False,,False,False,absent before the seal: nothing to judge
2026-09-10,target_relative_return_5d,2023-09-01,262,state_Stoch_K_60m,0,0.0,0.0,False,0.0,,,,,0,0,,,0,,,,False,,False,False,absent before the seal: nothing to judge
2026-09-10,target_relative_return_5d,2023-09-01,262,state_Stoch_D_60m,0,0.0,0.0,False,0.0,,,,,0,0,,,0,,,,False,,False,False,absent before the seal: nothing to judge
2026-09-10,target_relative_return_5d,2023-09-01,262,state_Williams_R_60m,0,0.0,0.0,False,0.0,,,,,0,0,,,0,,,,False,,False,False,absent before the seal: nothing to judge
2026-09-10,target_relative_return_5d,2023-09-01,262,state_CCI_60m,0,0.0,0.0,False,0.0,,,,,0,0,,,0,,,,False,,False,False,absent before the seal: nothing to judge
2026-09-10,target_relative_return_5d,2023-09-01,262,state_VOLATILITY_5_60m,0,0.0,0.0,False,0.0,,,,,0,0,,,0,,,,False,,False,False,absent before the seal: nothing to judge
2026-09-10,target_relative_return_5d,2023-09-01,262,state_MOMENTUM_ZSCORE_60m,0,0.0,0.0,False,0.0,,,,,0,0,,,0,,,,False,,False,False,absent before the seal: nothing to judge
2026-09-10,target_relative_return_5d,2023-09-01,262,state_RSI_VELOCITY_60m,0,0.0,0.0,False,0.0,,,,,0,0,,,0,,,,False,,False,False,absent before the seal: nothing to judge
2026-09-10,target_relative_return_5d,2023-09-01,262,state_VOLATILITY_20_60m,0,0.0,0.0,False,0.0,,,,,0,0,,,0,,,,False,,False,False,absent before the seal: nothing to judge
2026-09-10,target_relative_return_5d,2023-09-01,262,state_VOLATILITY_50_60m,0,0.0,0.0,False,0.0,,,,,0,0,,,0,,,,False,,False,False,absent before the seal: nothing to judge
2026-09-10,target_relative_return_5d,2023-09-01,262,state_MAX_DRAWDOWN_60m,0,0.0,0.0,False,0.0,,,,,0,0,,,0,,,,False,,False,False,absent before the seal: nothing to judge
2026-09-10,target_relative_return_5d,2023-09-01,262,state_CURRENT_DRAWDOWN_60m,0,0.0,0.0,False,0.0,,,,,0,0,,,0,,,,False,,False,False,absent before the seal: nothing to judge
2026-09-10,target_relative_return_5d,2023-09-01,262,state_SHARPE_RATIO_60m,0,0.0,0.0,False,0.0,,,,,0,0,,,0,,,,False,,False,False,absent before the seal: nothing to judge
2026-09-10,target_relative_return_5d,2023-09-01,262,state_SORTINO_RATIO_60m,0,0.0,0.0,False,0.0,,,,,0,0,,,0,,,,False,,False,False,absent before the seal: nothing to judge
2026-09-10,target_relative_return_5d,2023-09-01,262,state_AUTOCORR_60m,0,0.0,0.0,False,0.0,,,,,0,0,,,0,,,,False,,False,False,absent before the seal: nothing to judge
2026-09-10,target_relative_return_5d,2023-09-01,262,state_HURST_EXPONENT_60m,0,0.0,0.0,False,0.0,,,,,0,0,,,0,,,,False,,False,False,absent before the seal: nothing to judge
2026-09-10,target_relative_return_5d,2023-09-01,262,state_SKEWNESS_60m,0,0.0,0.0,False,0.0,,,,,0,0,,,0,,,,False,,False,False,absent before the seal: nothing to judge
2026-09-10,target_relative_return_5d,2023-09-01,262,state_KURTOSIS_60m,0,0.0,0.0,False,0.0,,,,,0,0,,,0,,,,False,,False,False,absent before the seal: nothing to judge
2026-09-10,target_relative_return_5d,2023-09-01,262,state_MARKET_PREMIUM_60m,0,0.0,0.0,False,0.0,,,,,0,0,,,0,,,,False,,False,False,absent before the seal: nothing to judge
2026-09-10,target_relative_return_5d,2023-09-01,262,state_ARSI_14_60m,0,0.0,0.0,False,0.0,,,,,0,0,,,0,,,,False,,False,False,absent before the seal: nothing to judge
2026-09-10,target_relative_return_5d,2023-09-01,262,state_AATR_14_60m,0,0.0,0.0,False,0.0,,,,,0,0,,,0,,,,False,,False,False,absent before the seal: nothing to judge
2026-09-10,target_relative_return_5d,2023-09-01,262,state_ABB_Upper_60m,0,0.0,0.0,False,0.0,,,,,0,0,,,0,,,,False,,False,False,absent before the seal: nothing to judge
2026-09-10,target_relative_return_5d,2023-09-01,262,state_ABB_Mid_60m,0,0.0,0.0,False,0.0,,,,,0,0,,,0,,,,False,,False,False,absent before the seal: nothing to judge
2026-09-10,target_relative_return_5d,2023-09-01,262,state_ABB_Lower_60m,0,0.0,0.0,False,0.0,,,,,0,0,,,0,,,,False,,False,False,absent before the seal: nothing to judge
2026-09-10,target_relative_return_5d,2023-09-01,262,state_AEMA_20_60m,0,0.0,0.0,False,0.0,,,,,0,0,,,0,,,,False,,False,False,absent before the seal: nothing to judge
2026-09-10,target_relative_return_5d,2023-09-01,262,state_CDL_BODY_RATIO_60m,0,0.0,0.0,False,0.0,,,,,0,0,,,0,,,,False,,False,False,absent before the seal: nothing to judge
2026-09-10,target_relative_return_5d,2023-09-01,262,state_CDL_UPPER_WICK_RATIO_60m,0,0.0,0.0,False,0.0,,,,,0,0,,,0,,,,False,,False,False,absent before the seal: nothing to judge
2026-09-10,target_relative_return_5d,2023-09-01,262,state_CDL_LOWER_WICK_RATIO_60m,0,0.0,0.0,False,0.0,,,,,0,0,,,0,,,,False,,False,False,absent before the seal: nothing to judge
2026-09-10,target_relative_return_5d,2023-09-01,262,state_CDL_DOJI_60m,0,0.0,0.0,False,0.0,,,,,0,0,,,0,,,,False,,False,False,absent before the seal: nothing to judge
2026-09-10,target_relative_return_5d,2023-09-01,262,state_CDL_HAMMER_60m,0,0.0,0.0,False,0.0,,,,,0,0,,,0,,,,False,,False,False,absent before the seal: nothing to judge
2026-09-10,target_relative_return_5d,2023-09-01,262,state_CDL_SHOOTING_STAR_60m,0,0.0,0.0,False,0.0,,,,,0,0,,,0,,,,False,,False,False,absent before the seal: nothing to judge
2026-09-10,target_relative_return_5d,2023-09-01,262,state_CDL_MARUBOZU_60m,0,0.0,0.0,False,0.0,,,,,0,0,,,0,,,,False,,False,False,absent before the seal: nothing to judge
2026-09-10,target_relative_return_5d,2023-09-01,262,state_CDL_ENGULFING_BULL_60m,0,0.0,0.0,False,0.0,,,,,0,0,,,0,,,,False,,False,False,absent before the seal: nothing to judge
2026-09-10,target_relative_return_5d,2023-09-01,262,state_CDL_ENGULFING_BEAR_60m,0,0.0,0.0,False,0.0,,,,,0,0,,,0,,,,False,,False,False,absent before the seal: nothing to judge
2026-09-10,target_relative_return_5d,2023-09-01,262,state_CDL_INSIDE_BAR_60m,0,0.0,0.0,False,0.0,,,,,0,0,,,0,,,,False,,False,False,absent before the seal: nothing to judge
2026-09-10,target_relative_return_5d,2023-09-01,262,state_CDL_OUTSIDE_BAR_60m,0,0.0,0.0,False,0.0,,,,,0,0,,,0,,,,False,,False,False,absent before the seal: nothing to judge
2026-09-10,target_relative_return_5d,2023-09-01,262,state_LEVEL_POSITION_20_60m,0,0.0,0.0,False,0.0,,,,,0,0,,,0,,,,False,,False,False,absent before the seal: nothing to judge
2026-09-10,target_relative_return_5d,2023-09-01,262,state_LEVEL_DIST_RESISTANCE_20_60m,0,0.0,0.0,False,0.0,,,,,0,0,,,0,,,,False,,False,False,absent before the seal: nothing to judge
2026-09-10,target_relative_return_5d,2023-09-01,262,state_LEVEL_DIST_SUPPORT_20_60m,0,0.0,0.0,False,0.0,,,,,0,0,,,0,,,,False,,False,False,absent before the seal: nothing to judge
2026-09-10,target_relative_return_5d,2023-09-01,262,state_LEVEL_BREAKOUT_UP_20_60m,0,0.0,0.0,False,0.0,,,,,0,0,,,0,,,,False,,False,False,absent before the seal: nothing to judge
2026-09-10,target_relative_return_5d,2023-09-01,262,state_LEVEL_BREAKOUT_DOWN_20_60m,0,0.0,0.0,False,0.0,,,,,0,0,,,0,,,,False,,False,False,absent before the seal: nothing to judge
2026-09-10,target_relative_return_5d,2023-09-01,262,state_returns_60m,0,0.0,0.0,False,0.0,,,,,0,0,,,0,,,,False,,False,False,absent before the seal: nothing to judge
2026-09-10,target_relative_return_5d,2023-09-01,262,state_LAG_1_60m,0,0.0,0.0,False,0.0,,,,,0,0,,,0,,,,False,,False,False,absent before the seal: nothing to judge
2026-09-10,target_relative_return_5d,2023-09-01,262,state_LAG_5_60m,0,0.0,0.0,False,0.0,,,,,0,0,,,0,,,,False,,False,False,absent before the seal: nothing to judge
2026-09-10,target_relative_return_5d,2023-09-01,262,state_LAG_10_60m,0,0.0,0.0,False,0.0,,,,,0,0,,,0,,,,False,,False,False,absent before the seal: nothing to judge
2026-09-10,target_relative_return_5d,2023-09-01,262,state_LAG_20_60m,0,0.0,0.0,False,0.0,,,,,0,0,,,0,,,,False,,False,False,absent before the seal: nothing to judge
2026-09-10,target_relative_return_5d,2023-09-01,262,state_VELOCITY_1_60m,0,0.0,0.0,False,0.0,,,,,0,0,,,0,,,,False,,False,False,absent before the seal: nothing to judge
2026-09-10,target_relative_return_5d,2023-09-01,262,state_VELOCITY_5_60m,0,0.0,0.0,False,0.0,,,,,0,0,,,0,,,,False,,False,False,absent before the seal: nothing to judge
2026-09-10,target_relative_return_5d,2023-09-01,262,state_VELOCITY_10_60m,0,0.0,0.0,False,0.0,,,,,0,0,,,0,,,,False,,False,False,absent before the seal: nothing to judge
2026-09-10,target_relative_return_5d,2023-09-01,262,state_ACCELERATION_5_60m,0,0.0,0.0,False,0.0,,,,,0,0,,,0,,,,False,,False,False,absent before the seal: nothing to judge
2026-09-10,target_relative_return_5d,2023-09-01,262,state_ACCELERATION_10_60m,0,0.0,0.0,False,0.0,,,,,0,0,,,0,,,,False,,False,False,absent before the seal: nothing to judge
2026-09-10,target_relative_return_5d,2023-09-01,262,state_ROLLING_SKEW_10_60m,0,0.0,0.0,False,0.0,,,,,0,0,,,0,,,,False,,False,False,absent before the seal: nothing to judge
2026-09-10,target_relative_return_5d,2023-09-01,262,state_ROLLING_SKEW_20_60m,0,0.0,0.0,False,0.0,,,,,0,0,,,0,,,,False,,False,False,absent before the seal: nothing to judge
2026-09-10,target_relative_return_5d,2023-09-01,262,state_ROLLING_KURT_10_60m,0,0.0,0.0,False,0.0,,,,,0,0,,,0,,,,False,,False,False,absent before the seal: nothing to judge
2026-09-10,target_relative_return_5d,2023-09-01,262,state_ROLLING_KURT_20_60m,0,0.0,0.0,False,0.0,,,,,0,0,,,0,,,,False,,False,False,absent before the seal: nothing to judge
2026-09-10,target_relative_return_5d,2023-09-01,262,state_ROLLING_VOL_10_60m,0,0.0,0.0,False,0.0,,,,,0,0,,,0,,,,False,,False,False,absent before the seal: nothing to judge
2026-09-10,target_relative_return_5d,2023-09-01,262,state_ROLLING_VOL_20_60m,0,0.0,0.0,False,0.0,,,,,0,0,,,0,,,,False,,False,False,absent before the seal: nothing to judge
2026-09-10,target_relative_return_5d,2023-09-01,262,state_volume_sma_5_60m,0,0.0,0.0,False,0.0,,,,,0,0,,,0,,,,False,,False,False,absent before the seal: nothing to judge
2026-09-10,target_relative_return_5d,2023-09-01,262,state_volume_sma_10_60m,0,0.0,0.0,False,0.0,,,,,0,0,,,0,,,,False,,False,False,absent before the seal: nothing to judge
2026-09-10,target_relative_return_5d,2023-09-01,262,state_volume_roc_60m,0,0.0,0.0,False,0.0,,,,,0,0,,,0,,,,False,,False,False,absent before the seal: nothing to judge
2026-09-10,target_relative_return_5d,2023-09-01,262,state_price_volume_trend_60m,0,0.0,0.0,False,0.0,,,,,0,0,,,0,,,,False,,False,False,absent before the seal: nothing to judge
2026-09-10,target_relative_return_5d,2023-09-01,262,state_obv_60m,0,0.0,0.0,False,0.0,,,,,0,0,,,0,,,,False,,False,False,absent before the seal: nothing to judge
2026-09-10,target_relative_return_5d,2023-09-01,262,state_volume_rs_60m,0,0.0,0.0,False,0.0,,,,,0,0,,,0,,,,False,,False,False,absent before the seal: nothing to judge
2026-09-10,target_relative_return_5d,2023-09-01,262,state_peer_return_60m,0,0.0,0.0,False,0.0,,,,,0,0,,,0,,,,False,,False,False,absent before the seal: nothing to judge
2026-09-10,target_relative_return_5d,2023-09-01,262,state_peer_volatility_60m,0,0.0,0.0,False,0.0,,,,,0,0,,,0,,,,False,,False,False,absent before the seal: nothing to judge
2026-09-10,target_relative_return_5d,2023-09-01,262,state_peer_breadth_60m,0,0.0,0.0,False,0.0,,,,,0,0,,,0,,,,False,,False,False,absent before the seal: nothing to judge
2026-09-10,target_relative_return_5d,2023-09-01,262,state_peer_divergence_60m,0,0.0,0.0,False,0.0,,,,,0,0,,,0,,,,False,,False,False,absent before the seal: nothing to judge
2026-09-10,target_relative_return_5d,2023-09-01,262,state_peer_count_60m,0,0.0,0.0,False,0.0,,,,,0,0,,,0,,,,False,,False,False,absent before the seal: nothing to judge
2026-09-10,target_relative_return_5d,2023-09-01,262,state_market_return_60m,0,0.0,0.0,False,0.0,,,,,0,0,,,0,,,,False,,False,False,absent before the seal: nothing to judge
2026-09-10,target_relative_return_5d,2023-09-01,262,state_market_breadth_60m,0,0.0,0.0,False,0.0,,,,,0,0,,,0,,,,False,,False,False,absent before the seal: nothing to judge
2026-09-10,target_relative_return_5d,2023-09-01,262,state_peer_return_excess_60m,0,0.0,0.0,False,0.0,,,,,0,0,,,0,,,,False,,False,False,absent before the seal: nothing to judge
2026-09-10,target_relative_return_5d,2023-09-01,262,state_peer_breadth_excess_60m,0,0.0,0.0,False,0.0,,,,,0,0,,,0,,,,False,,False,False,absent before the seal: nothing to judge
2026-09-10,target_relative_return_5d,2023-09-01,262,state_FRED_BAMLC0A0CM_60m,0,0.0,0.0,False,0.0,,,,,0,0,,,0,,,,False,,False,False,absent before the seal: nothing to judge
2026-09-10,target_relative_return_5d,2023-09-01,262,state_FRED_BAMLH0A0HYM2_60m,0,0.0,0.0,False,0.0,,,,,0,0,,,0,,,,False,,False,False,absent before the seal: nothing to judge
2026-09-10,target_relative_return_5d,2023-09-01,262,state_FRED_CAPUTLB50001SQ_60m,0,0.0,0.0,False,0.0,,,,,0,0,,,0,,,,False,,False,False,absent before the seal: nothing to judge
2026-09-10,target_relative_return_5d,2023-09-01,262,state_FRED_CCSA_60m,0,0.0,0.0,False,0.0,,,,,0,0,,,0,,,,False,,False,False,absent before the seal: nothing to judge
2026-09-10,target_relative_return_5d,2023-09-01,262,state_FRED_CPIAUCSL_60m,0,0.0,0.0,False,0.0,,,,,0,0,,,0,,,,False,,False,False,absent before the seal: nothing to judge
2026-09-10,target_relative_return_5d,2023-09-01,262,state_FRED_CSUSHPINSA_60m,0,0.0,0.0,False,0.0,,,,,0,0,,,0,,,,False,,False,False,absent before the seal: nothing to judge
2026-09-10,target_relative_return_5d,2023-09-01,262,state_FRED_DCOILWTICO_60m,0,0.0,0.0,False,0.0,,,,,0,0,,,0,,,,False,,False,False,absent before the seal: nothing to judge
2026-09-10,target_relative_return_5d,2023-09-01,262,state_FRED_DEXCHUS_60m,0,0.0,0.0,False,0.0,,,,,0,0,,,0,,,,False,,False,False,absent before the seal: nothing to judge
2026-09-10,target_relative_return_5d,2023-09-01,262,state_FRED_DEXUSEU_60m,0,0.0,0.0,False,0.0,,,,,0,0,,,0,,,,False,,False,False,absent before the seal: nothing to judge
2026-09-10,target_relative_return_5d,2023-09-01,262,state_FRED_DGORDER_60m,0,0.0,0.0,False,0.0,,,,,0,0,,,0,,,,False,,False,False,absent before the seal: nothing to judge
2026-09-10,target_relative_return_5d,2023-09-01,262,state_FRED_DGS10_60m,0,0.0,0.0,False,0.0,,,,,0,0,,,0,,,,False,,False,False,absent before the seal: nothing to judge
2026-09-10,target_relative_return_5d,2023-09-01,262,state_FRED_DSPIC96_60m,0,0.0,0.0,False,0.0,,,,,0,0,,,0,,,,False,,False,False,absent before the seal: nothing to judge
2026-09-10,target_relative_return_5d,2023-09-01,262,state_FRED_FEDFUNDS_60m,0,0.0,0.0,False,0.0,,,,,0,0,,,0,,,,False,,False,False,absent before the seal: nothing to judge
2026-09-10,target_relative_return_5d,2023-09-01,262,state_FRED_GDP_60m,0,0.0,0.0,False,0.0,,,,,0,0,,,0,,,,False,,False,False,absent before the seal: nothing to judge
2026-09-10,target_relative_return_5d,2023-09-01,262,state_FRED_GS10_60m,0,0.0,0.0,False,0.0,,,,,0,0,,,0,,,,False,,False,False,absent before the seal: nothing to judge
2026-09-10,target_relative_return_5d,2023-09-01,262,state_FRED_GS2_60m,0,0.0,0.0,False,0.0,,,,,0,0,,,0,,,,False,,False,False,absent before the seal: nothing to judge
2026-09-10,target_relative_return_5d,2023-09-01,262,state_FRED_HOUST_60m,0,0.0,0.0,False,0.0,,,,,0,0,,,0,,,,False,,False,False,absent before the seal: nothing to judge
2026-09-10,target_relative_return_5d,2023-09-01,262,state_FRED_ICSA_60m,0,0.0,0.0,False,0.0,,,,,0,0,,,0,,,,False,,False,False,absent before the seal: nothing to judge
2026-09-10,target_relative_return_5d,2023-09-01,262,state_FRED_INDPRO_60m,0,0.0,0.0,False,0.0,,,,,0,0,,,0,,,,False,,False,False,absent before the seal: nothing to judge
2026-09-10,target_relative_return_5d,2023-09-01,262,state_FRED_MANEMP_60m,0,0.0,0.0,False,0.0,,,,,0,0,,,0,,,,False,,False,False,absent before the seal: nothing to judge
2026-09-10,target_relative_return_5d,2023-09-01,262,state_FRED_NFCI_60m,0,0.0,0.0,False,0.0,,,,,0,0,,,0,,,,False,,False,False,absent before the seal: nothing to judge
2026-09-10,target_relative_return_5d,2023-09-01,262,state_FRED_PAYEMS_60m,0,0.0,0.0,False,0.0,,,,,0,0,,,0,,,,False,,False,False,absent before the seal: nothing to judge
2026-09-10,target_relative_return_5d,2023-09-01,262,state_FRED_PCEPI_60m,0,0.0,0.0,False,0.0,,,,,0,0,,,0,,,,False,,False,False,absent before the seal: nothing to judge
2026-09-10,target_relative_return_5d,2023-09-01,262,state_FRED_PCEPILFE_60m,0,0.0,0.0,False,0.0,,,,,0,0,,,0,,,,False,,False,False,absent before the seal: nothing to judge
2026-09-10,target_relative_return_5d,2023-09-01,262,state_FRED_PCU334413334413_60m,0,0.0,0.0,False,0.0,,,,,0,0,,,0,,,,False,,False,False,absent before the seal: nothing to judge
2026-09-10,target_relative_return_5d,2023-09-01,262,state_FRED_PERMIT_60m,0,0.0,0.0,False,0.0,,,,,0,0,,,0,,,,False,,False,False,absent before the seal: nothing to judge
2026-09-10,target_relative_return_5d,2023-09-01,262,state_FRED_PPIACO_60m,0,0.0,0.0,False,0.0,,,,,0,0,,,0,,,,False,,False,False,absent before the seal: nothing to judge
2026-09-10,target_relative_return_5d,2023-09-01,262,state_FRED_RRPONTSYD_60m,0,0.0,0.0,False,0.0,,,,,0,0,,,0,,,,False,,False,False,absent before the seal: nothing to judge
2026-09-10,target_relative_return_5d,2023-09-01,262,state_FRED_RSAFS_60m,0,0.0,0.0,False,0.0,,,,,0,0,,,0,,,,False,,False,False,absent before the seal: nothing to judge
2026-09-10,target_relative_return_5d,2023-09-01,262,state_FRED_SAHMREALTIME_60m,0,0.0,0.0,False,0.0,,,,,0,0,,,0,,,,False,,False,False,absent before the seal: nothing to judge
2026-09-10,target_relative_return_5d,2023-09-01,262,state_FRED_T10Y2Y_60m,0,0.0,0.0,False,0.0,,,,,0,0,,,0,,,,False,,False,False,absent before the seal: nothing to judge
2026-09-10,target_relative_return_5d,2023-09-01,262,state_FRED_T10Y3M_60m,0,0.0,0.0,False,0.0,,,,,0,0,,,0,,,,False,,False,False,absent before the seal: nothing to judge
2026-09-10,target_relative_return_5d,2023-09-01,262,state_FRED_T10YIE_60m,0,0.0,0.0,False,0.0,,,,,0,0,,,0,,,,False,,False,False,absent before the seal: nothing to judge
2026-09-10,target_relative_return_5d,2023-09-01,262,state_FRED_T5YIE_60m,0,0.0,0.0,False,0.0,,,,,0,0,,,0,,,,False,,False,False,absent before the seal: nothing to judge
2026-09-10,target_relative_return_5d,2023-09-01,262,state_FRED_T5YIFR_60m,0,0.0,0.0,False,0.0,,,,,0,0,,,0,,,,False,,False,False,absent before the seal: nothing to judge
2026-09-10,target_relative_return_5d,2023-09-01,262,state_FRED_TOTALSA_60m,0,0.0,0.0,False,0.0,,,,,0,0,,,0,,,,False,,False,False,absent before the seal: nothing to judge
2026-09-10,target_relative_return_5d,2023-09-01,262,state_FRED_UMCSENT_60m,0,0.0,0.0,False,0.0,,,,,0,0,,,0,,,,False,,False,False,absent before the seal: nothing to judge
2026-09-10,target_relative_return_5d,2023-09-01,262,state_FRED_UNRATE_60m,0,0.0,0.0,False,0.0,,,,,0,0,,,0,,,,False,,False,False,absent before the seal: nothing to judge
2026-09-10,target_relative_return_5d,2023-09-01,262,state_FRED_VIXCLS_60m,0,0.0,0.0,False,0.0,,,,,0,0,,,0,,,,False,,False,False,absent before the seal: nothing to judge
2026-09-10,target_relative_return_5d,2023-09-01,262,state_FRED_WALCL_60m,0,0.0,0.0,False,0.0,,,,,0,0,,,0,,,,False,,False,False,absent before the seal: nothing to judge
2026-09-10,target_relative_return_5d,2023-09-01,262,state_FRED_WPU01_60m,0,0.0,0.0,False,0.0,,,,,0,0,,,0,,,,False,,False,False,absent before the seal: nothing to judge
2026-09-10,target_relative_return_5d,2023-09-01,262,state_FRED_WPU055_60m,0,0.0,0.0,False,0.0,,,,,0,0,,,0,,,,False,,False,False,absent before the seal: nothing to judge
2026-09-10,target_relative_return_5d,2023-09-01,262,state_FRED_WPU0561_60m,0,0.0,0.0,False,0.0,,,,,0,0,,,0,,,,False,,False,False,absent before the seal: nothing to judge
2026-09-10,target_relative_return_5d,2023-09-01,262,state_FRED_WPU101_60m,0,0.0,0.0,False,0.0,,,,,0,0,,,0,,,,False,,False,False,absent before the seal: nothing to judge
2026-09-10,target_relative_return_5d,2023-09-01,262,state_FRED_WTREGEN_60m,0,0.0,0.0,False,0.0,,,,,0,0,,,0,,,,False,,False,False,absent before the seal: nothing to judge
2026-09-10,target_relative_return_5d,2023-09-01,262,state_fear_greed_index_60m,0,0.0,0.0,False,0.0,,,,,0,0,,,0,,,,False,,False,False,absent before the seal: nothing to judge
2026-09-10,target_relative_return_5d,2023-09-01,262,state_fear_greed_available_60m,0,0.0,0.0,False,0.0,,,,,0,0,,,0,,,,False,,False,False,absent before the seal: nothing to judge
2026-09-10,target_relative_return_5d,2023-09-01,262,state_cftc_sp500_net_pct_60m,0,0.0,0.0,False,0.0,,,,,0,0,,,0,,,,False,,False,False,absent before the seal: nothing to judge
2026-09-10,target_relative_return_5d,2023-09-01,262,state_cftc_sp500_ls_ratio_60m,0,0.0,0.0,False,0.0,,,,,0,0,,,0,,,,False,,False,False,absent before the seal: nothing to judge
2026-09-10,target_relative_return_5d,2023-09-01,262,state_cftc_nasdaq_net_pct_60m,0,0.0,0.0,False,0.0,,,,,0,0,,,0,,,,False,,False,False,absent before the seal: nothing to judge
2026-09-10,target_relative_return_5d,2023-09-01,262,state_cftc_nasdaq_ls_ratio_60m,0,0.0,0.0,False,0.0,,,,,0,0,,,0,,,,False,,False,False,absent before the seal: nothing to judge
2026-09-10,target_relative_return_5d,2023-09-01,262,state_cftc_dow_net_pct_60m,0,0.0,0.0,False,0.0,,,,,0,0,,,0,,,,False,,False,False,absent before the seal: nothing to judge
2026-09-10,target_relative_return_5d,2023-09-01,262,state_cftc_dow_ls_ratio_60m,0,0.0,0.0,False,0.0,,,,,0,0,,,0,,,,False,,False,False,absent before the seal: nothing to judge
2026-09-10,target_relative_return_5d,2023-09-01,262,state_cftc_gold_net_pct_60m,0,0.0,0.0,False,0.0,,,,,0,0,,,0,,,,False,,False,False,absent before the seal: nothing to judge
2026-09-10,target_relative_return_5d,2023-09-01,262,state_cftc_gold_ls_ratio_60m,0,0.0,0.0,False,0.0,,,,,0,0,,,0,,,,False,,False,False,absent before the seal: nothing to judge
2026-09-10,target_relative_return_5d,2023-09-01,262,state_cftc_crude_net_pct_60m,0,0.0,0.0,False,0.0,,,,,0,0,,,0,,,,False,,False,False,absent before the seal: nothing to judge
2026-09-10,target_relative_return_5d,2023-09-01,262,state_cftc_crude_ls_ratio_60m,0,0.0,0.0,False,0.0,,,,,0,0,,,0,,,,False,,False,False,absent before the seal: nothing to judge
2026-09-10,target_relative_return_5d,2023-09-01,262,state_cftc_available_60m,0,0.0,0.0,False,0.0,,,,,0,0,,,0,,,,False,,False,False,absent before the seal: nothing to judge
2026-09-10,target_relative_return_5d,2023-09-01,262,state_filing_days_since_last_60m,0,0.0,0.0,False,0.0,,,,,0,0,,,0,,,,False,,False,False,absent before the seal: nothing to judge
2026-09-10,target_relative_return_5d,2023-09-01,262,state_filing_count_30d_60m,0,0.0,0.0,False,0.0,,,,,0,0,,,0,,,,False,,False,False,absent before the seal: nothing to judge
2026-09-10,target_relative_return_5d,2023-09-01,262,state_filing_material_30d_60m,0,0.0,0.0,False,0.0,,,,,0,0,,,0,,,,False,,False,False,absent before the seal: nothing to judge
2026-09-10,target_relative_return_5d,2023-09-01,262,state_filing_periodic_30d_60m,0,0.0,0.0,False,0.0,,,,,0,0,,,0,,,,False,,False,False,absent before the seal: nothing to judge
2026-09-10,target_relative_return_5d,2023-09-01,262,state_nlp_sentiment_score_60m,0,0.0,0.0,False,0.0,,,,,0,0,,,0,,,,False,,False,False,absent before the seal: nothing to judge
2026-09-10,target_relative_return_5d,2023-09-01,262,state_nlp_subjectivity_score_60m,0,0.0,0.0,False,0.0,,,,,0,0,,,0,,,,False,,False,False,absent before the seal: nothing to judge
2026-09-10,target_relative_return_5d,2023-09-01,262,state_nlp_cluster_60m,0,0.0,0.0,False,0.0,,,,,0,0,,,0,,,,False,,False,False,absent before the seal: nothing to judge
2026-09-10,target_relative_return_5d,2023-09-01,262,state_volatility_5_60m,0,0.0,0.0,False,0.0,,,,,0,0,,,0,,,,False,,False,False,absent before the seal: nothing to judge
2026-09-10,target_relative_return_5d,2023-09-01,262,state_volatility_10_60m,0,0.0,0.0,False,0.0,,,,,0,0,,,0,,,,False,,False,False,absent before the seal: nothing to judge
2026-09-10,target_relative_return_5d,2023-09-01,262,state_volatility_20_60m,0,0.0,0.0,False,0.0,,,,,0,0,,,0,,,,False,,False,False,absent before the seal: nothing to judge
2026-09-10,target_relative_return_5d,2023-09-01,262,state_atr_14_60m,0,0.0,0.0,False,0.0,,,,,0,0,,,0,,,,False,,False,False,absent before the seal: nothing to judge
2026-09-10,target_relative_return_5d,2023-09-01,262,state_gk_volatility_60m,0,0.0,0.0,False,0.0,,,,,0,0,,,0,,,,False,,False,False,absent before the seal: nothing to judge
2026-09-10,target_relative_return_5d,2023-09-01,262,state_fund_price_to_book_60m,0,0.0,0.0,False,0.0,,,,,0,0,,,0,,,,False,,False,False,absent before the seal: nothing to judge
2026-09-10,target_relative_return_5d,2023-09-01,262,state_fund_earnings_yield_60m,0,0.0,0.0,False,0.0,,,,,0,0,,,0,,,,False,,False,False,absent before the seal: nothing to judge
2026-09-10,target_relative_return_5d,2023-09-01,262,state_fund_current_ratio_60m,0,0.0,0.0,False,0.0,,,,,0,0,,,0,,,,False,,False,False,absent before the seal: nothing to judge
2026-09-10,target_relative_return_5d,2023-09-01,262,state_fund_debt_to_equity_60m,0,0.0,0.0,False,0.0,,,,,0,0,,,0,,,,False,,False,False,absent before the seal: nothing to judge
2026-09-10,target_relative_return_5d,2023-09-01,262,state_fund_return_on_equity_60m,0,0.0,0.0,False,0.0,,,,,0,0,,,0,,,,False,,False,False,absent before the seal: nothing to judge
2026-09-10,target_relative_return_5d,2023-09-01,262,state_fund_days_since_report_60m,0,0.0,0.0,False,0.0,,,,,0,0,,,0,,,,False,,False,False,absent before the seal: nothing to judge
2026-09-10,target_relative_return_5d,2023-09-01,262,state_fund_data_available_60m,0,0.0,0.0,False,0.0,,,,,0,0,,,0,,,,False,,False,False,absent before the seal: nothing to judge
2026-09-10,target_relative_return_5d,2023-09-01,262,state_wiki_views_60m,0,0.0,0.0,False,0.0,,,,,0,0,,,0,,,,False,,False,False,absent before the seal: nothing to judge
2026-09-10,target_relative_return_5d,2023-09-01,262,state_wiki_attention_z_60m,0,0.0,0.0,False,0.0,,,,,0,0,,,0,,,,False,,False,False,absent before the seal: nothing to judge
2026-09-10,target_relative_return_5d,2023-09-01,262,state_insider_net_value_30d_60m,0,0.0,0.0,False,0.0,,,,,0,0,,,0,,,,False,,False,False,absent before the seal: nothing to judge
2026-09-10,target_relative_return_5d,2023-09-01,262,state_insider_available_60m,0,0.0,0.0,False,0.0,,,,,0,0,,,0,,,,False,,False,False,absent before the seal: nothing to judge
2026-09-10,target_relative_return_5d,2023-09-01,262,state_keyword_count_60m,0,0.0,0.0,False,0.0,,,,,0,0,,,0,,,,False,,False,False,absent before the seal: nothing to judge
2026-09-10,target_relative_return_5d,2023-09-01,262,state_entity_count_60m,0,0.0,0.0,False,0.0,,,,,0,0,,,0,,,,False,,False,False,absent before the seal: nothing to judge
2026-09-10,target_relative_return_5d,2023-09-01,262,state_keyword_entity_available_60m,0,0.0,0.0,False,0.0,,,,,0,0,,,0,,,,False,,False,False,absent before the seal: nothing to judge
2026-09-10,target_relative_return_5d,2023-09-01,262,state_news_quality_score_60m,0,0.0,0.0,False,0.0,,,,,0,0,,,0,,,,False,,False,False,absent before the seal: nothing to judge
2026-09-10,target_relative_return_5d,2023-09-01,262,state_news_source_count_60m,0,0.0,0.0,False,0.0,,,,,0,0,,,0,,,,False,,False,False,absent before the seal: nothing to judge
2026-09-10,target_relative_return_5d,2023-09-01,262,state_news_quality_available_60m,0,0.0,0.0,False,0.0,,,,,0,0,,,0,,,,False,,False,False,absent before the seal: nothing to judge
2026-09-10,target_relative_return_5d,2023-09-01,262,state_news_freshness_hours_60m,0,0.0,0.0,False,0.0,,,,,0,0,,,0,,,,False,,False,False,absent before the seal: nothing to judge
2026-09-10,target_relative_return_5d,2023-09-01,262,state_sentiment_available_60m,0,0.0,0.0,False,0.0,,,,,0,0,,,0,,,,False,,False,False,absent before the seal: nothing to judge
2026-09-10,target_relative_return_5d,2023-09-01,262,state_sentiment_sma_5_60m,0,0.0,0.0,False,0.0,,,,,0,0,,,0,,,,False,,False,False,absent before the seal: nothing to judge
2026-09-10,target_relative_return_5d,2023-09-01,262,state_sentiment_std_5_60m,0,0.0,0.0,False,0.0,,,,,0,0,,,0,,,,False,,False,False,absent before the seal: nothing to judge
2026-09-10,target_relative_return_5d,2023-09-01,262,state_sentiment_sma_20_60m,0,0.0,0.0,False,0.0,,,,,0,0,,,0,,,,False,,False,False,absent before the seal: nothing to judge
2026-09-10,target_relative_return_5d,2023-09-01,262,state_sentiment_std_20_60m,0,0.0,0.0,False,0.0,,,,,0,0,,,0,,,,False,,False,False,absent before the seal: nothing to judge
2026-09-10,target_relative_return_5d,2023-09-01,262,state_sentiment_sma_50_60m,0,0.0,0.0,False,0.0,,,,,0,0,,,0,,,,False,,False,False,absent before the seal: nothing to judge
2026-09-10,target_relative_return_5d,2023-09-01,262,state_sentiment_std_50_60m,0,0.0,0.0,False,0.0,,,,,0,0,,,0,,,,False,,False,False,absent before the seal: nothing to judge
2026-09-10,target_relative_return_5d,2023-09-01,262,state_sentiment_ema_60m,0,0.0,0.0,False,0.0,,,,,0,0,,,0,,,,False,,False,False,absent before the seal: nothing to judge
2026-09-10,target_relative_return_5d,2023-09-01,262,state_sentiment_velocity_60m,0,0.0,0.0,False,0.0,,,,,0,0,,,0,,,,False,,False,False,absent before the seal: nothing to judge
2026-09-10,target_relative_return_5d,2023-09-01,262,state_news_intensity_60m,0,0.0,0.0,False,0.0,,,,,0,0,,,0,,,,False,,False,False,absent before the seal: nothing to judge
2026-09-10,target_relative_return_5d,2023-09-01,262,state_sentiment_decay_weighted_60m,0,0.0,0.0,False,0.0,,,,,0,0,,,0,,,,False,,False,False,absent before the seal: nothing to judge
2026-09-10,target_relative_return_5d,2023-09-01,262,state_news_impact_available_60m,0,0.0,0.0,False,0.0,,,,,0,0,,,0,,,,False,,False,False,absent before the seal: nothing to judge
2026-09-10,target_relative_return_5d,2023-09-01,262,state_news_impact_score_60m,0,0.0,0.0,False,0.0,,,,,0,0,,,0,,,,False,,False,False,absent before the seal: nothing to judge
2026-09-10,target_relative_return_5d,2023-09-01,262,state_news_significance_level_60m,0,0.0,0.0,False,0.0,,,,,0,0,,,0,,,,False,,False,False,absent before the seal: nothing to judge
2026-09-10,target_relative_return_5d,2023-09-01,262,state_hype_score_60m,0,0.0,0.0,False,0.0,,,,,0,0,,,0,,,,False,,False,False,absent before the seal: nothing to judge
2026-09-10,target_relative_return_5d,2023-09-01,262,state_significant_events_7d_60m,0,0.0,0.0,False,0.0,,,,,0,0,,,0,,,,False,,False,False,absent before the seal: nothing to judge
2026-09-10,target_relative_return_5d,2023-09-01,262,state_significant_events_30d_60m,0,0.0,0.0,False,0.0,,,,,0,0,,,0,,,,False,,False,False,absent before the seal: nothing to judge
2026-09-10,target_relative_return_5d,2023-09-01,262,state_days_since_last_significant_60m,0,0.0,0.0,False,0.0,,,,,0,0,,,0,,,,False,,False,False,absent before the seal: nothing to judge
2026-09-10,target_relative_return_5d,2023-09-01,262,state_significance_intensity_7d_60m,0,0.0,0.0,False,0.0,,,,,0,0,,,0,,,,False,,False,False,absent before the seal: nothing to judge
2026-09-10,target_relative_return_5d,2023-09-01,262,state_is_significant_decayed_60m,0,0.0,0.0,False,0.0,,,,,0,0,,,0,,,,False,,False,False,absent before the seal: nothing to judge
2026-09-10,target_relative_return_5d,2023-09-01,262,state_sentiment_mean_60m,0,0.0,0.0,False,0.0,,,,,0,0,,,0,,,,False,,False,False,absent before the seal: nothing to judge
2026-09-10,target_relative_return_5d,2023-09-01,262,state_sentiment_std_stat_60m,0,0.0,0.0,False,0.0,,,,,0,0,,,0,,,,False,,False,False,absent before the seal: nothing to judge
2026-09-10,target_relative_return_5d,2023-09-01,262,state_sentiment_pos_threshold_60m,0,0.0,0.0,False,0.0,,,,,0,0,,,0,,,,False,,False,False,absent before the seal: nothing to judge
2026-09-10,target_relative_return_5d,2023-09-01,262,state_sentiment_neg_threshold_60m,0,0.0,0.0,False,0.0,,,,,0,0,,,0,,,,False,,False,False,absent before the seal: nothing to judge
2026-09-10,target_relative_return_5d,2023-09-01,262,state_macro_composite_score_60m,0,0.0,0.0,False,0.0,,,,,0,0,,,0,,,,False,,False,False,absent before the seal: nothing to judge
2026-09-10,target_relative_return_5d,2023-09-01,262,state_champion_60m,0,0.0,0.0,False,0.0,,,,,0,0,,,0,,,,False,,False,False,absent before the seal: nothing to judge
2026-09-10,target_relative_return_5d,2023-09-01,262,context_fingerprint_60m,0,0.0,0.0,False,0.0,,,,,0,0,,,0,,,,False,,False,False,absent before the seal: nothing to judge
2026-09-10,target_relative_return_5d,2023-09-01,262,context_stability_60m,0,0.0,0.0,False,0.0,,,,,0,0,,,0,,,,False,,False,False,absent before the seal: nothing to judge
2026-09-10,target_relative_return_5d,2023-09-01,262,context_pattern_seq_60m,0,0.0,0.0,False,0.0,,,,,0,0,,,0,,,,False,,False,False,absent before the seal: nothing to judge
2026-09-10,target_relative_return_5d,2023-09-01,262,context_pattern_id_60m,0,0.0,0.0,False,0.0,,,,,0,0,,,0,,,,False,,False,False,absent before the seal: nothing to judge
2026-09-10,target_relative_return_5d,2023-09-01,262,context_velocity_60m,0,0.0,0.0,False,0.0,,,,,0,0,,,0,,,,False,,False,False,absent before the seal: nothing to judge
2026-09-10,target_relative_return_5d,2023-09-01,262,context_anxiety_index_60m,0,0.0,0.0,False,0.0,,,,,0,0,,,0,,,,False,,False,False,absent before the seal: nothing to judge
2026-09-10,target_relative_return_5d,2023-09-01,262,context_velocity_rank_60m,0,0.0,0.0,False,0.0,,,,,0,0,,,0,,,,False,,False,False,absent before the seal: nothing to judge
2026-09-10,target_relative_return_5d,2023-09-01,262,market_context_volatility_5d_60m,0,0.0,0.0,False,0.0,,,,,0,0,,,0,,,,False,,False,False,absent before the seal: nothing to judge
2026-09-10,target_relative_return_5d,2023-09-01,262,market_context_volatility_20d_60m,0,0.0,0.0,False,0.0,,,,,0,0,,,0,,,,False,,False,False,absent before the seal: nothing to judge
2026-09-10,target_relative_return_5d,2023-09-01,262,market_context_volatility_ratio_60m,0,0.0,0.0,False,0.0,,,,,0,0,,,0,,,,False,,False,False,absent before the seal: nothing to judge
2026-09-10,target_relative_return_5d,2023-09-01,262,market_context_trend_5d_60m,0,0.0,0.0,False,0.0,,,,,0,0,,,0,,,,False,,False,False,absent before the seal: nothing to judge
2026-09-10,target_relative_return_5d,2023-09-01,262,market_context_trend_20d_60m,0,0.0,0.0,False,0.0,,,,,0,0,,,0,,,,False,,False,False,absent before the seal: nothing to judge
2026-09-10,target_relative_return_5d,2023-09-01,262,market_context_trend_alignment_60m,0,0.0,0.0,False,0.0,,,,,0,0,,,0,,,,False,,False,False,absent before the seal: nothing to judge
2026-09-10,target_relative_return_5d,2023-09-01,262,market_context_rsi_current_60m,0,0.0,0.0,False,0.0,,,,,0,0,,,0,,,,False,,False,False,absent before the seal: nothing to judge
2026-09-10,target_relative_return_5d,2023-09-01,262,market_context_volume_ratio_60m,0,0.0,0.0,False,0.0,,,,,0,0,,,0,,,,False,,False,False,absent before the seal: nothing to judge
2026-09-10,target_relative_return_5d,2023-09-01,262,market_context_price_to_ma20_60m,0,0.0,0.0,False,0.0,,,,,0,0,,,0,,,,False,,False,False,absent before the seal: nothing to judge
2026-09-10,target_relative_return_5d,2023-09-01,262,market_context_hour_of_day_60m,0,0.0,0.0,False,0.0,,,,,0,0,,,0,,,,False,,False,False,absent before the seal: nothing to judge
2026-09-10,target_relative_return_5d,2023-09-01,262,market_context_day_of_week_60m,0,0.0,0.0,False,0.0,,,,,0,0,,,0,,,,False,,False,False,absent before the seal: nothing to judge
2026-09-10,target_relative_return_5d,2023-09-01,262,market_context_yield_curve_slope_60m,0,0.0,0.0,False,0.0,,,,,0,0,,,0,,,,False,,False,False,absent before the seal: nothing to judge
2026-09-10,target_relative_return_5d,2023-09-01,262,market_context_yield_curve_inverted_60m,0,0.0,0.0,False,0.0,,,,,0,0,,,0,,,,False,,False,False,absent before the seal: nothing to judge
2026-09-10,target_relative_return_5d,2023-09-01,262,market_context_fed_funds_trend_60m,0,0.0,0.0,False,0.0,,,,,0,0,,,0,,,,False,,False,False,absent before the seal: nothing to judge
2026-09-10,target_relative_return_5d,2023-09-01,262,market_context_fed_funds_velocity_60m,0,0.0,0.0,False,0.0,,,,,0,0,,,0,,,,False,,False,False,absent before the seal: nothing to judge
2026-09-10,target_relative_return_5d,2023-09-01,262,market_context_market_breadth_60m,0,0.0,0.0,False,0.0,,,,,0,0,,,0,,,,False,,False,False,absent before the seal: nothing to judge
