path,module,classes,functions,category_guess,imports_count,imported_by_count,risk_count
__init__.py,src.__init__,,,utility_or_unknown,0,0,0
algorithms/adaptive_position_sizer.py,src.algorithms.adaptive_position_sizer,PositionSizingParams;LiquidityParams;AdaptivePositionSizer,__init__;_initialize_position_parameters;_initialize_kelly_parameters;_initialize_liquidity_parameters;_initialize_regime_multipliers;_initialize_var_calculator;calculate_position_size;create_params;calculate_position_size_legacy;_calculate_position_size_from_params;_calculate_var_adjustment;_calculate_kelly_adjustment;_calculate_volatility_adjustment;_calculate_drawdown_adjustment;_calculate_positions_adjustment;_calculate_liquidity_adjustment;_has_valid_liquidity_data;_calculate_position_value;_calculate_max_safe_position;_compute_liquidity_adjustment;_apply_position_limits;calculate_kelly_fraction;_is_invalid_kelly_input;_compute_kelly_fraction,risk,6,1,0
algorithms/advanced_backtest_engine.py,src.algorithms.advanced_backtest_engine,AdvancedBacktestEngine,__init__;run_comprehensive_backtest;_analyze_transaction_costs;_simulate_returns;_calculate_sharpe;_calculate_max_drawdown;_calculate_win_rate;optimize_parameters;_calculate_stability_score;_evaluate_parameters;_calculate_average_performance,risk,11,0,1
algorithms/bias_detector.py,src.algorithms.bias_detector,BiasDetector,__init__;detect_look_ahead_bias;detect_survivorship_bias;_as_numeric_frame;_future_returns;_matching_column_pairs,detector,4,1,0
algorithms/metrics_mixin.py,src.algorithms.metrics_mixin,PerformanceMetricsMixin,_calculate_sharpe;_calculate_max_drawdown;_calculate_stability_score;_calculate_average_performance,risk,3,3,0
algorithms/regime_detector.py,src.algorithms.regime_detector,RegimeMetrics;MarketRegimeDetector,__init__;detect_regime,calculator,10,3,0
algorithms/risk_parity_allocator.py,src.algorithms.risk_parity_allocator,AllocationMethod;RiskParityAllocator,__init__;allocate;_validate_allocation_inputs;_prepare_allocation_params;_execute_core_allocation;_build_result_dict;_needs_correlations;_prepare_vols;_fallback_equal_weight;_get_allocation_methods;_equal_risk_contribution;_get_initial_weights;_create_erc_objective;_create_optimization_bounds;_create_optimization_constraints;_run_optimization;_handle_optimization_failure;_get_fallback_weights;_hierarchical_risk_parity;_hrp_recursive_allocation;_calculate_cluster_weights;_find_sub_clusters;_combine_cluster_weights;_maximum_diversification;_create_mdp_objective;_minimum_variance;_optimize_portfolio;_create_mv_objective;_risk_parity;_equal_weight;_scale_to_target_volatility;_apply_constraints;calculate_risk_contribution;_calculate_portfolio_metrics;optimize_portfolio;objective;objective;objective,risk,9,1,2
algorithms/transaction_cost_model.py,src.algorithms.transaction_cost_model,TransactionCostModel,__init__;calculate_execution_costs,model,1,1,0
algorithms/walk_forward_optimizer.py,src.algorithms.walk_forward_optimizer,WalkForwardOptimizer;WalkForwardOptimizerExtended,__init__;walk_forward_optimization;run_walk_forward;_evaluate_parameters;_calculate_average_performance;_select_best_params;_evaluate_with_params;_iter_param_candidates;_calculate_stability_score;run_walk_forward;evaluate_candidate,utility_or_unknown,8,1,0
algorithms/__init__.py,src.algorithms.__init__,,,utility_or_unknown,9,0,0
analytics/analyzer_registry.py,src.analytics.analyzer_registry,,get_analyzer,factory,10,0,0
analytics/interfaces.py,src.analytics.interfaces,IAnalyzer,analyze,analyzer,3,7,0
analytics/unified_analytics_engine.py,src.analytics.unified_analytics_engine,UnifiedAnalyticsEngine,__init__;_register_analyzers_from_config;register_analyzer;_generate_data_hash;run_full_analysis;_get_data_for_analyzer;get_contextual_report;get_registered_components,analyzer,11,3,0
analytics/__init__.py,src.analytics.__init__,,,utility_or_unknown,0,0,0
calibration/adaptive_confidence_calibrator.py,src.calibration.adaptive_confidence_calibrator,AdaptiveConfidenceCalibrator,__init__;calibrate;_simple_calibrate;update_with_outcome;_apply_exponential_decay;_check_distribution_shift;_retrain_models;_prepare_calibration_data;_execute_platt_training;_execute_isotonic_training;_compute_metrics;save;load;get_calibration_report;_execute_simple_training,calculator,11,0,0
calibration/calibration_engine.py,src.calibration.calibration_engine,CalibrationEngine,__init__;load_real_data;load_synthetic_scenarios;define_hyperparameter_space;evaluate_hyperparameters;_fallback_evaluation;_chronological_split;_mock_evaluation;_evaluate_on_synthetic;_calculate_sharpe_ratio;run_calibration;objective,risk,11,1,0
calibration/__init__.py,src.calibration.__init__,,,utility_or_unknown,1,0,0
cli/argument_parser.py,src.cli.argument_parser,,create_argument_parser,utility_or_unknown,1,0,0
cli/argument_validator.py,src.cli.argument_validator,ArgumentValidator,validate_arguments;_get_config_data;_validate_test_ticker;_validate_test_target;_validate_test_model;_validate_mode;_validate_continue_batch_name;_validate_numeric_params;_validate_stages;_is_valid_stage;_report_validation_results,target_calculator,2,0,0
cli/batch_manager.py,src.cli.batch_manager,BatchManager,generate_batch_name;_generate_test_batch_name;_generate_full_batch_name;_handle_continue_mode;sanitize_path_input,utility_or_unknown,4,0,0
cli/pipeline_data_loader.py,src.cli.pipeline_data_loader,PipelineDataLoader,load_parquet_from_path;load_news_economic_data;_should_skip_table;_get_collector_info;_categorize_dataframe;load_from_db_fallback;reconstruct_from_db,collector,6,0,0
cli/pipeline_executor.py,src.cli.pipeline_executor,PipelineExecutor,profile_execution;wrapper;execute_local_mode;execute_light_mode;execute_prepare_mode;_enable_lineage_tracking_for_run;_disable_lineage_tracking;_run_local_pipeline_and_extract_data;_capture_final_features;_mark_model_input;_load_features_from_parquet;execute_full_mode;execute_continue_mode;_run_light_training_for_continue;_run_final_stages_for_continue;_validate_batch_contract;_log_manifest_details;_sanitize;_load_continue_data;_return_error_for_invalid_colab_results;_load_core_continue_data;_load_extra_continue_data;_load_news_data_with_fallbacks;_load_economic_data_with_fallbacks;_reconstruct_data_from_db;_initialize_db_reconstruction;_process_tables;_categorize_dataframe_by_type;_reconstruct_category;_identify_table_data_type;_safe_load_parquet;_is_error_result;_validate_continue_inputs;_return_validation_error;_extract_target_columns;_resolve_tickers;_get_tickers_from_args_or_colab;_fallback_to_features_tickers;_merge_results_data;resolve_tickers_and_timeframes;_get_tickers;_get_tickers_from_args_or_config;_apply_test_ticker_if_needed;_load_tickers_from_sectors;_collect_tickers_from_sectors;_get_timeframes;log_test_mode_info;_is_test_mode_active;_log_test_mode_details;execute_calibrate_mode,orchestrator,14,0,1
colab/__init__.py,src.colab.__init__,,__getattr__,utility_or_unknown,2,0,0
config/model_registry.py,src.config.model_registry,ModelRegistry,get_models_by_type;get_all_model_names,model,2,0,0
config/sentiment_config.py,src.config.sentiment_config,,,utility_or_unknown,0,1,0
config/tickers.py,src.config.tickers,,get_tickers;get_tickers_dict;get_ticker_categories;get_category_stats;validate_tickers;export_tickers_to_json,utility_or_unknown,1,2,0
config/unified_config_manager.py,src.config.unified_config_manager,Environment;DynamicConfig;UnifiedConfigManager,_deep_merge;get_current_config;__init__;get;as_dict;__getattr__;_get_attribute_value;__repr__;__init__;reload;_load_and_resolve_configs;_process_config_files;_sort_config_by_precedence;_merge_config_data;_track_key_source;_resolve_secrets_in_config;_resolve_secrets_and_paths;_resolve_dict_secrets_and_paths;_resolve_list_secrets_and_paths;_resolve_config_value;_is_env_secret_key;_has_placeholders;_resolve_env_secret;_resolve_placeholders;_setup_dynamic_attributes;validate_configuration;_validate_cloud_storage_config;_ensure_paths_exist;_get_paths_dict;_process_path_configurations;_is_valid_path_string;_create_path_if_needed;_resolve_path_object;_determine_directory_to_create;get_runtime_params_path;get_models_path;get_cache_path;get_selected_features_cache_path;get_accumulation_output_dir;_resolve_output_path;_generate_feature_lists;get;_traverse_nested_keys;_get_nested_value;_resolve_placeholders_in_value;get_config;get_precedence,model,13,81,0
config/__init__.py,src.config.__init__,,,utility_or_unknown,0,0,0
core/base_integration.py,src.core.base_integration,BaseIntegration,__init__;fetch_with_retry;name;ping;get_status,utility_or_unknown,6,1,0
core/exceptions.py,src.core.exceptions,PipelineError;DataLoadError;DataProcessingError;ModelTrainingError;FeatureSelectionError;ConfigurationError,,model,0,47,0
core/version_checker.py,src.core.version_checker,VersionChecker,__init__;check_python_version;check_package_versions;check_all,validator,6,0,0
core/__init__.py,src.core.__init__,,,utility_or_unknown,0,0,0
dashboard/main_app.py,src.dashboard.main_app,UnifiedDashboard,get_data_from_db;get_all_configured_tickers;__init__;render_header;render_sidebar;render_overview_tab;render_trading_signals_tab;render_news_analysis_tab;render_risk_management_tab;render_system_monitoring_tab;run,risk,23,0,0
dashboard/__init__.py,src.dashboard.__init__,,,utility_or_unknown,0,0,0
data/data_loader.py,src.data.data_loader,DataLoaderConfig;ColabDataLoader,__init__;__init__;load_data;_normalize_timezones;check_cache;save_cache_signature,utility_or_unknown,7,0,0
data/__init__.py,src.data.__init__,,,utility_or_unknown,0,0,0
data_sources/local_file_data_source.py,src.data_sources.local_file_data_source,LocalFileDataSource,__init__;load;read;fetch,collector,4,1,0
data_sources/__init__.py,src.data_sources.__init__,,,utility_or_unknown,1,0,0
devtools/rule_generator.py,src.devtools.rule_generator,ContextRuleGenerator,__init__;run_analysis;_generate_rules;_analyze_single_indicator;_save_rules_to_yaml,utility_or_unknown,7,2,0
devtools/system_validator.py,src.devtools.system_validator,SystemValidator,__init__;run_all_checks;_check_directories;_check_files;_check_python_libraries;_check_system_resources;_check_secrets;_summarize_results;print_report,validator,11,0,0
devtools/task_manager.py,src.devtools.task_manager,TaskStatus;TaskPriority;Task;TaskManager,__init__;to_dict;from_dict;__init__;_load_tasks;_save_tasks;create_task;get_task;update_task;list_tasks;consolidate_codebase_todos,utility_or_unknown,12,0,0
devtools/__init__.py,src.devtools.__init__,,,utility_or_unknown,1,0,0
ensembling/base_ensemble.py,src.ensembling.base_ensemble,EnsembleResult;StackedEnsemble,ensemble_forecast;__init__;train;predict;save;load,utility_or_unknown,14,2,0
ensembling/stacked_ensemble.py,src.ensembling.stacked_ensemble,EnsembleResult;StackedEnsemble,ensemble_forecast;_determine_regime_weights;_apply_weight_constraints;_align_predictions_and_confidences;_calculate_effective_weights;_generate_ensemble_signal;_apply_divergence_penalty;_apply_smoothing;_calculate_final_confidence;_create_ensemble_stats;__init__;train;predict;_predict_stacked;_predict_weighted_average;_predict_median;_predict_voting;save;load,utility_or_unknown,13,5,0
experiments/compare_layers.py,src.experiments.compare_layers,CompareLayersExperiment,main;__init__;get_metrics;run_single_test;run_experiment;_run_parallel;_save_to_diary;generate_visualizations,calculator,21,0,0
experiments/__init__.py,src.experiments.__init__,,,utility_or_unknown,0,0,0
factories/model_factory.py,src.factories.model_factory,ModelFactory,create_model;_validate_and_normalize_name;_get_model_class;_create_ensemble_model;_create_regular_model;_extract_model_params;_create_model_with_filtered_params;_add_random_seed_if_supported;get_available_models;get_model,model,19,6,0
factories/tree_model_factory.py,src.factories.tree_model_factory,TreeModelFactory,create_model;is_tree_model,model,8,1,0
features/colab_context_integration.py,src.features.colab_context_integration,ContextAwareColabFeatureSelector,save_feature_analysis;visualize_context_importance;__init__;_init_selector;select_features;_filter_for_ticker;_get_model_max_features,model,11,0,0
features/context_aware_feature_selector.py,src.features.context_aware_feature_selector,ContextAwareFeatureSelector,__init__;_init_selector;select_features;_categorize_features;_clean_data;_select_with_sklearn;_select_with_random_forest;_analyze_context_importance;save_analysis;avg_importance,selector,10,1,0
features/feature_cache.py,src.features.feature_cache,FeatureCache,get_feature_cache;clear_feature_cache;get_cache_stats;__init__;get_features;save_features;invalidate_ticker;clear_cache;get_stats;_generate_cache_key;_validate_cache;_cleanup_old_cache,utility_or_unknown,6,2,0
features/feature_orchestrator.py,src.features.feature_orchestrator,FeatureOrchestrator,get_lineage_tracker;enable_lineage_tracking;disable_lineage_tracking;__init__;create_from_config;_discover_enrichers_in_module;_process_enricher_class;_get_enricher_id;_is_enricher_enabled;_instantiate_enricher;_dedupe_enrichers;_process_single_enricher;_handle_duplicate_columns;_optimize_dataframe_memory;_log_enrichment_summary;run;_add_timeframe_suffix;_run_dynamic_context_selection,enricher,13,5,0
features/feature_selection_cache.py,src.features.feature_selection_cache,FeatureSelectionCache,get_feature_selection_cache;__init__;_load_cache;_save_cache;_compute_cache_key;get_selection;save_selection;is_cached;invalidate;get_statistics;print_statistics,utility_or_unknown,7,0,0
features/feature_selector.py,src.features.feature_selector,FeatureSelectorConfig;SimpleFeatureSelector;ColabFeatureSelector;FeatureSelector,__init__;select;__init__;_init_selector;select_features;_filter_features_for_ticker;_filter_targets_for_ticker;_validate_data_sufficiency;_perform_feature_selection;_convert_feature_names_to_indices;_create_filtered_features;_get_model_max_features;__init__;get_model_max_features;select;_filter_for_ticker,target_calculator,8,1,0
features/news_clusterer.py,src.features.news_clusterer,NewsClusterer,cluster_news_simple;__init__;_initialize_model;_initialize_tfidf;cluster_news;_compute_embeddings;_cluster_embeddings;_select_representatives;get_cluster_statistics;save_cluster_mapping,model,10,1,0
features/news_dataset_builder.py,src.features.news_dataset_builder,NewsContextDatasetBuilder,__init__;_get_tickers;_filter_news_with_sufficient_candles;build_dataset;_build_news_row;_add_candle_to_row;_get_ticker_prices;_get_macro_context;_get_market_sentiment_context;_get_temporal_features;_is_trading_hours;_add_metadata;save_dataset,utility_or_unknown,12,1,0
features/news_impact_classifier.py,src.features.news_impact_classifier,NewsImpact;NewsImpactClassifier,__init__;_load_impact_config;_load_sector_mapping;classify_impact;_normalize_text;_find_impact_type;_get_affected_tickers;_extract_tickers_from_text;_get_affected_sectors;_get_priority_and_retention;get_relevant_combinations;log_impact_analysis,utility_or_unknown,7,1,0
features/__init__.py,src.features.__init__,,,utility_or_unknown,0,0,0
feature_engineering/__init__.py,src.feature_engineering.__init__,,,utility_or_unknown,0,0,0
integration/dashboard_data_bridge.py,src.integration.dashboard_data_bridge,DashboardDataBridge,__init__;_initialize_data_sources;get_dashboard_data;_fetch_data_by_type;_query_df;_mark_sample_data;_mark_real_data;_is_cache_valid;_get_model_performance_data;_get_trading_activity_data;_get_portfolio_metrics_data;_get_market_data;_get_system_status_data;_get_ensemble_weights_data;_get_arena_results_data;clear_cache;get_cache_info,calculator,8,0,0
integration/ensemble_performance_bridge.py,src.integration.ensemble_performance_bridge,EnsemblePerformanceBridge,__init__;sync_ensemble_performance_to_tracker;get_unified_performance_view;_extract_ensemble_metrics;_convert_to_tracker_format;_merge_performance_data;get_ensemble_weights_for_prediction;update_ensemble_from_tracker,calculator,3,0,0
integration/ensemble_selector.py,src.integration.ensemble_selector,,,selector,2,0,0
integrations/base.py,src.integrations.base,BaseIntegration,__init__;name;ping;get_status,utility_or_unknown,5,1,0
main/system_orchestrator.py,src.main.system_orchestrator,ExecutionConfig;SystemOrchestrator,_run_single_instance_worker;__init__;run_mode;_execute_mode;_get_mode_class;_run_training_data_pipeline;_handle_unknown_mode;_handle_mode_error;_dispatch;_should_run_parallel;_run_parallel_execution;_run_sequential_execution;_run_single_instance;_run_hybrid_mode;_run_web_ui;_run_intelligent_mode;_run_monster_test,orchestrator,21,1,0
main/__init__.py,src.main.__init__,,,utility_or_unknown,0,0,0
meta_learning/base.py,src.meta_learning.base,BaseMetaComponent,update;name;get_state,utility_or_unknown,3,3,0
meta_learning/dean_integration.py,src.meta_learning.dean_integration,DeanModelIntegrator,__init__;initialize_models;create_market_context;_determine_trend;_calculate_volatility;_calculate_momentum;_find_support_resistance;_get_market_sentiment;_extract_technical_signals;_calculate_risk_metrics;_create_default_context;generate_trading_signals;_calculate_position_size;_calculate_stop_loss;_calculate_take_profit;_create_default_signals;evaluate_performance,calculator,16,0,2
meta_learning/dean_trading_models.py,src.meta_learning.dean_trading_models,DeanTradingModel;DeanActor;DeanCritic;DeanSimulator;DeanTradingModels,__init__;get_id;train;__init__;train;fit;predict;predict_proba;decide_action;__init__;train;fit;predict;predict_proba;critique_action;__init__;train;fit;predict;predict_proba;simulate;__init__;get_integrated_decision,model,17,0,0
meta_learning/experience_diary.py,src.meta_learning.experience_diary,ExperienceDiary,__init__,utility_or_unknown,2,2,0
meta_learning/real_time_learning.py,src.meta_learning.real_time_learning,RealTimeLearning;StrategyAdaptator;PerformanceTracker;MetaLearner,__init__;update_and_adapt;_update_trade_history;_standardize_trade_data;_analyze_performance;_identify_problematic_models;_perform_adaptation;_generate_recommendations;_calculate_next_adaptation;_calculate_max_drawdown;_calculate_sharpe_ratio;_calculate_performance_trend;_update_metadata;get_learning_status;__init__;adapt_model_weights;adapt_risk_parameters;adapt_entry_exit_strategies;__init__;track_performance;__init__;update_meta_model;_prepare_meta_features,risk,7,1,0
meta_learning/__init__.py,src.meta_learning.__init__,,__getattr__,utility_or_unknown,10,0,0
metrics/base.py,src.metrics.base,BaseMetricCalculator,calculate;category;validate_input;get_summary,calculator,3,2,0
metrics/calculator.py,src.metrics.calculator,MetricsCalculator,_get_config_value;__init__;get_ml_metrics;get_portfolio_metrics;calculate;get_full_report,calculator,7,4,0
models/artifact_store.py,src.models.artifact_store,ModelArtifactStore,get_model_artifact_store;__init__;save_joblib;load_joblib;save_pickle;load_pickle;save_torch;load_torch;save_keras;load_keras;load_numpy;save_numpy;_resolve_save_path;auto_save;auto_load,model,11,17,10
models/constants.py,src.models.constants,,,model,1,4,0
models/enhanced_factory.py,src.models.enhanced_factory,EnhancedModelFactory,initialize_registry;register_prototype;get_model;get_available_models;get_prototype;get_prototypes_by_type;get_factory_stats;export_summary,factory,7,0,0
models/factory.py,src.models.factory,ModelFactory,get_model;get_available_models,model,9,0,0
models/feature_selector.py,src.models.feature_selector,ModelFeatureSelector,__init__;select_features;select_additional_features;get_feature_names,model,2,0,0
models/integrated_model_manager.py,src.models.integrated_model_manager,IntegratedModelManager,get_integrated_model_manager;analyze_model_comprehensive;__init__;_perform_baseline_analysis;_perform_regime_analysis;_perform_overfitting_analysis;_perform_drift_monitoring;comprehensive_model_analysis;_store_analysis_results;get_model_health_summary,model,13,0,0
models/interfaces.py,src.models.interfaces,BaseModel,__init__;name;train;predict;evaluate;save_model;load_model;_resolve_model_artifact_path;get_model_info,model,9,17,1
models/loader.py,src.models.loader,ModelLoaderStrategy;ModelLoaderFactory;KerasPredictor;LSTMModel;GRUModel;CNNModel;TransformerModel;AutoencoderModel;PyTorchPredictor,__init__;_try_direct_load;_try_loader;load_model;load_path;_load_local_model;_load_colab_model;_load_consensus_model;_load_stacked_ensemble;_load_joblib;_load_pickle;_load_keras_model;_try_standard_load;_try_safe_mode_load;_try_minimal_load;_create_fallback_model;_wrap_keras_model;_load_torch_model;_extract_input_size;_create_light_model;_create_mlp_model;_create_lstm_model;_create_gru_model;_create_cnn_model;_create_transformer_model;_create_autoencoder_model;_create_default_model;_create_pytorch_model;_wrap_pytorch_model;add_loader;create_loader;create_colab_loader;__init__;predict;__init__;forward;__init__;forward;__init__;forward;__init__;forward;__init__;forward;__init__;predict,model,30,1,0
models/model_pool.py,src.models.model_pool,ModelPool,get_model_pool;clear_model_pool;get_pool_stats;__init__;get_model;add_model;remove_model;has_model;clear;get_stats;memory_usage_mb,model,7,2,0
models/persistent_pool.py,src.models.persistent_pool,PersistentModelPool,get_persistent_pool;__init__;add_model_with_metadata;get_model_with_quality_check;warm_up;update_quality_score;get_metadata;_load_cache_index;_save_cache_index;get_enhanced_stats;export_to_disk,model,11,0,0
models/__init__.py,src.models.__init__,,__getattr__,model,20,0,0
monitoring/base.py,src.monitoring.base,BaseMonitor,collect_metrics;monitor_name;is_healthy,calculator,3,0,0
monitoring/config.py,src.monitoring.config,MonitoringConfig,get_monitoring_config;create_config_file;__init__;_get_default_config_path;load_config;save_config;_apply_environment_variables;_parse_env_value;_set_nested_config;_validate_config;_get_default_config;get_config_for_environment,risk,7,0,0
monitoring/dashboard.py,src.monitoring.dashboard,TextBasedDashboard;MonitoringDashboardGenerator;MonitoringDashboardApp;MonitoringDashboardApp,__init__;generate_report;print_report;save_report;__init__;start_auto_save;stop_auto_save;_auto_save_loop;run_web_dashboard;__init__;_setup_layout;_setup_callbacks;_create_cpu_memory_graph;_create_disk_network_graph;_create_model_performance_graph;_create_data_quality_graph;_create_alerts_table;run_server;__init__;update_dashboard,model,14,3,0
monitoring/data_freshness_monitor.py,src.monitoring.data_freshness_monitor,DataFreshnessMonitor,get_data_freshness_monitor;check_freshness_quick;__init__;check_all_data_sources;_check_data_source_freshness;_get_latest_timestamp_from_parquet;_get_latest_timestamp_from_models;_get_latest_timestamp;_find_datetime_column;_generate_alerts;_send_alert;_should_send_alert;_create_alert_message;_send_telegram_alert;_send_email_alert;_log_freshness_summary;get_freshness_history;get_freshness_metrics;_aggregate_fresh_counts;_calculate_availability_metrics;start_monitoring,calculator,6,2,0
monitoring/drift_detector.py,src.monitoring.drift_detector,DriftDetector,__init__;fit;detect_drift;get_drifted_features,detector,1,0,0
monitoring/example_usage.py,src.monitoring.example_usage,,create_sample_config;simulate_model_training;simulate_data_processing;simulate_system_load;_initialize_monitoring_system;_run_demo_loop;_generate_final_report;run_monitoring_demo;run_interactive_dashboard_demo;main,model,9,0,0
monitoring/feature_drift_monitor.py,src.monitoring.feature_drift_monitor,FeatureDriftMonitor,check_feature_drift;get_feature_drift_monitor;__init__;set_reference_data;check_drift;get_drift_summary;get_metrics,calculator,10,3,1
monitoring/health_hub.py,src.monitoring.health_hub,HealthHub,__init__;_initialize_core_components;_setup_cache_manager;_initialize_monitoring_components;_setup_model_directory;load_ml_models;_get_model_file_mapping;_load_prediction_models;_load_scaler_models;check_system_health;_get_current_metrics;_handle_memory_management;_predict_resource_risks;_predict_single_risk;_build_health_report;extract_features_from_metrics;calculate_risk_level;calculate_overall_risk;detect_anomalies;generate_ml_recommendations;check_model_drift;_load_performance_data;_split_performance_data;_calculate_drift_metrics,calculator,16,3,0
monitoring/ml_analytics.py,src.monitoring.ml_analytics,MLAnalytics,__init__;load_ml_models;train_models;predict_system_issues;check_model_drift;extract_features_from_metrics;calculate_risk_level;calculate_overall_risk;detect_anomalies;generate_ml_recommendations;load_historical_data;prepare_training_data;train_problem_predictor;_chronological_split;train_anomaly_detector,calculator,16,1,0
monitoring/monitoring_system.py,src.monitoring.monitoring_system,alertseverity;alertstatus;MetricType;BaseMonitor;SystemHealthMonitor;ModelPerformanceMonitor;DataQualityMonitor;AlertManager;MonitoringDashboard;MonitoringSystem,__init__;start;stop;collect_metrics;check_thresholds;generate_report;__init__;collect_metrics;check_thresholds;_create_alert;__init__;collect_metrics;update_model_metrics;_create_drift_alert;__init__;collect_metrics;update_data_quality;_create_quality_alert;__init__;process_alert;resolve_alert;get_active_alerts;cleanup_old_alerts;_send_notifications;_send_log_notification;_send_email_notification;_send_slack_notification;__init__;generate_dashboard_data;_group_alerts_by_severity;_get_recent_alerts;_generate_summary;__init__;start;stop;_monitoring_loop;get_dashboard_data;get_health_report;update_model_metrics;update_data_quality,calculator,10,3,0
monitoring/performance_monitor.py,src.monitoring.performance_monitor,PerformanceMonitor,__init__;start_timer;end_timer;get_average_time;log_metric;get_metrics_summary,calculator,3,0,0
monitoring/run_dashboard.py,src.monitoring.run_dashboard,,main,utility_or_unknown,4,0,0
monitoring/tests.py,src.monitoring.tests,TestSystemHealthMonitor;TestModelPerformanceMonitor;TestDataQualityMonitor;TestAlertManager;TestMonitoringDashboard;TestTextBasedDashboard;TestMonitoringSystem;TestMonitoringDashboardGenerator,setUp;test_collect_metrics;test_threshold_checking;setUp;test_update_model_metrics;test_drift_detection;setUp;test_update_data_quality;setUp;test_process_alert;test_resolve_alert;test_get_active_alerts_by_severity;setUp;test_generate_dashboard_data;setUp;test_generate_report;test_save_report;setUp;tearDown;test_initialization;test_start_stop;test_get_health_report;test_update_model_metrics;test_update_data_quality;setUp;test_initialization;test_generate_text_report;test_save_current_report;test_get_dashboard_summary,calculator,17,0,0
monitoring/__init__.py,src.monitoring.__init__,,,utility_or_unknown,23,0,0
optimization/base.py,src.optimization.base,BaseOptimizer,__init__;best_score;best_score;optimizer_type;optimize;validate_params;get_status,utility_or_unknown,4,3,0
optimization/dynamic_config_updater.py,src.optimization.dynamic_config_updater,DynamicConfigurationUpdater,__init__;update_batch_size_for_memory;update_epochs_for_convergence;update_learning_rate_for_loss;update_max_features_for_memory;suggest_early_stopping;_log_adjustment;get_config;get_adjustment_log;save_adjustment_log;reset_to_base,utility_or_unknown,5,0,0
optimization/factory.py,src.optimization.factory,OptimizationFactory,get_optimizer,factory,4,1,0
optimization/hyperparameter_searcher.py,src.optimization.hyperparameter_searcher,HyperparameterSearcher,__init__;_check_optuna;search_mlp_params;search_lstm_params;_optimize_optuna_mlp;_optimize_optuna_lstm;_optimize_grid_search;_evaluate_mlp_params;_evaluate_lstm_params;_prepare_eval_arrays;_to_2d_array;_score_predictions;_get_default_param_space;save_results;get_summary;objective;objective,utility_or_unknown,16,0,0
optimization/__init__.py,src.optimization.__init__,,,utility_or_unknown,3,0,0
patterns/pattern_analyzer.py,src.patterns.pattern_analyzer,PatternDebugger;PatternAnalyzer,__init__;start_analysis;log;track_step;log_data_info;log_patterns;log_bias_calculation;save_debug_session;end_analysis;__init__;analyze;_detect_price_patterns;_analyze_news_batch;get_signal_bias;_find_fractal_similarity;detect_regime_patterns,analyzer,10,1,0
patterns/pattern_recognition_adjustment.py,src.patterns.pattern_recognition_adjustment,PatternRecognitionAdjuster,adjust_predictions_with_patterns;__init__;recognize_pattern_in_news;calculate_pattern_adjustments;adjust_ml_predictions;create_pattern_adjustment_features,utility_or_unknown,7,0,0
patterns/pattern_tuning.py,src.patterns.pattern_tuning,PatternAdjustmentTuner;IntegratedPredictionPipeline,get_integrated_predictions;__init__;test_pattern_weights;optimize_pattern_weights;apply_tuned_adjustments;save_tuned_weights;load_tuned_weights;__init__;full_prediction_pipeline,orchestrator,13,0,0
pipeline/constants.py,src.pipeline.constants,,,orchestrator,0,0,0
pipeline/hybrid_orchestrator.py,src.pipeline.hybrid_orchestrator,HybridOrchestrator,__init__;run_local_pipeline;run_full_hybrid_pipeline;prepare_colab_data;run_light_models;run_final_stages;load_colab_results;get_summary,orchestrator,11,2,0
pipeline/pipeline_factory.py,src.pipeline.pipeline_factory,PipelineFactory,create_dependencies,factory,8,0,0
pipeline/pipeline_orchestrator.py,src.pipeline.pipeline_orchestrator,StageLoggingRequest;PipelineOrchestrator,__init__;_load_stages;_execute_sync;execute_full_pipeline;execute_training_pipeline;run_incremental_pipeline;run;_initialize_stage_outputs;_should_run_stage;_execute_stage;_run_stage_with_memory_tracking;_validate_stage_output;_get_memory_usage;_log_models_metadata;_log_stage_completion;_handle_stage_error;_log_memory_statistics;_runner,orchestrator,24,9,0
pipeline/stage_loader.py,src.pipeline.stage_loader,StageLoader,__init__;load_stages,orchestrator,4,0,0
predictions/caching.py,src.predictions.caching,PredictionCache;EnsembleResultCache,get_prediction_cache;get_ensemble_cache;clear_all_caches;__init__;_hash_features;get_or_compute;clear;get_statistics;print_statistics;__init__;get_or_compute_model_prediction;get_or_compute_ensemble;get_statistics;print_statistics,model,11,1,0
predictions/deep_predict.py,src.predictions.deep_predict,,predict_lstm;predict_cnn;predict_transformer;predict_autoencoder,utility_or_unknown,3,0,0
predictions/models_predict.py,src.predictions.models_predict,,safe_inverse_transform;predict_ml;predict_any;get_predictions;predict_from_parquet;predict_sentiment_models;convert_sentiment_signal_to_numeric,model,14,0,7
predictions/prediction_utils.py,src.predictions.prediction_utils,,,utility_or_unknown,0,0,0
processing/cleaners.py,src.processing.cleaners,DataCleaner,harmonize_dataframe;safe_fill;_sanitize_index_timezone;_sanitize_column_timezone;sanitize_dataframe_timezone;generate_content_hash;_apply_column_mapping;_add_missing_columns;_process_published_at;normalize_to_unified_schema;merge_and_deduplicate;filter_by_terms;remove_outliers_zscore;handle_missing_values;validate_schema;_sha256,utility_or_unknown,6,1,0
processing/data_filter.py,src.processing.data_filter,IntelligentDataFilter,filter_data_for_model_training,model,1,1,0
processing/deduplication_utils.py,src.processing.deduplication_utils,,deduplicate_dataframe,utility_or_unknown,1,2,0
processing/normalization_manager.py,src.processing.normalization_manager,NormalizationManager,__init__;fit_scalers;_fit_single_scaler;_validate_feature_exists;_validate_feature_data;_create_scaler;_fit_and_save_scaler;transform_data;inverse_transform_feature;_save_scaler;load_scalers,utility_or_unknown,9,3,0
processing/parallel_processor.py,src.processing.parallel_processor,ParallelProcessor,__init__;_get_executor;process_items;process_dataframe_chunks;process_tickers_parallel;benchmark;suggest_optimal_config;task_wrapper,utility_or_unknown,11,0,0
processing/price_preprocessor.py,src.processing.price_preprocessor,PricePreprocessor,normalize_price_df;_is_already_normalized;_preserve_metadata_columns;_normalize_structure;_melt_dataframe;_pivot_to_format;_finalize_dataframe;split_metric_ticker,calculator,3,1,0
processing/sampling.py,src.processing.sampling,DatasetSampler,__init__;create_balanced_dataset,utility_or_unknown,2,0,0
processing/__init__.py,src.processing.__init__,,,utility_or_unknown,0,0,0
risk/elite_risk_metrics.py,src.risk.elite_risk_metrics,EliteRiskMetrics,__init__;_load_risk_limits;_init_stress_scenarios;_clean_recent_returns;_fallback_var_result;compute_historical_simulation_var;compute_cornish_fisher_var;compute_garch_var;compute_comprehensive_risk_metrics;update_returns;get_risk_report;_determine_risk_status;compute_parametric_var;compute_monte_carlo_var;run_stress_test;_generate_stress_recommendations;assess_liquidity_risk;_generate_liquidity_recommendations;check_limits,risk,8,3,0
risk/exposure_calculator.py,src.risk.exposure_calculator,ExposureCalculator,__init__;calculate_position_exposure;check_position_exposure;check_sector_exposure;check_total_exposure,calculator,3,0,0
risk/kill_switch_manager.py,src.risk.kill_switch_manager,KillSwitchManager;AlertManager,get_kill_switch_manager;monitor_risk_emergency_quick,risk,4,0,0
risk/max_exposure_monitor.py,src.risk.max_exposure_monitor,MaxExposureMonitor,__init__;monitor_exposure;_check_exposure_breaches;_get_most_frequent_breach,risk,8,1,0
risk/metrics.py,src.risk.metrics,,calculate_portfolio_returns;calculate_portfolio_metrics;calculate_position_metrics;_determine_volatility_regime;_determine_trend_regime;_calculate_market_stress;_calculate_volatility_spike;analyze_market_conditions,calculator,5,0,0
risk/risk_manager.py,src.risk.risk_manager,RiskLevel;Position;RiskManager,pnl;pnl_pct;__init__;check_kill_switch;check_position_exposure;check_sector_exposure;check_total_exposure;calculate_position_size;validate_trade;add_position;remove_position;clear_all_positions;reset_kill_switch;get_risk_level;get_metrics;generate_report,calculator,4,1,0
risk_management/var_calculator.py,src.risk_management.var_calculator,VaRCalculator,__init__;calculate;calculate_var_historical,risk,1,0,0
risk_management/__init__.py,src.risk_management.__init__,,,risk,1,0,0
sentiment/sentiment_models.py,src.sentiment.sentiment_models,,_stable_hash;get_finbert_pipeline;analyze_sentiment;_create_neutral_dataframe;_prepare_batch_texts;_check_cache;_process_batch;_create_sentiment_row;aggregate_sentiment,model,8,2,0
simulation/simulation_engine.py,src.simulation.simulation_engine,SimulationGranularity;SimulationContext;SimulationRiskReport;SimulationEngine,get_simulation_engine;__init__;run_monte_carlo_for_strategy;_run_single_path_simulation;_generate_price_path;_extract_market_parameters;_ensure_determinism;_generate_daily_returns;_should_use_bootstrap;_generate_bootstrap_returns;_generate_t_distribution_returns;_calculate_t_distribution_scale;_generate_dates;_calculate_price_path;_create_ohlcv_dataframe,risk,16,1,0
simulation/__init__.py,src.simulation.__init__,,,utility_or_unknown,0,0,0
targets/target_orchestrator.py,src.targets.target_orchestrator,TargetOrchestrator,__init__;_is_target_for_timeframe;_filter_targets_by_timeframe;generate_targets;_validate_input_dataframe;_prepare_metadata_container;_generate_single_target;_handle_standard_target;_process_by_ticker_groups;_sort_group_for_targets;_create_targets_dataframe,target_calculator,9,2,0
trading/adaptive_parameter_manager.py,src.trading.adaptive_parameter_manager,MarketRegime;AssetClass;AdaptiveParameters;AdaptiveParameterManager,__init__;_apply_config_overrides;_build_trending_up_preset;_build_trending_down_preset;_build_ranging_preset;_build_volatile_preset;_build_dead_preset;_build_regime_presets;_build_asset_presets;_normalize_regime_input;_normalize_asset_class_input;_normalize_volatility_percentile;_apply_asset_class_adjustments;_apply_volatility_adjustments;_apply_sharpe_adjustments;_log_parameter_changes;compute_adaptive_params;validate_parameters,risk,5,2,0
trading/consensus_engine.py,src.trading.consensus_engine,ConsensusReport;ConsensusEngine;EnhancedConsensusEngine,__init__;generate_consensus;_predict_with_meta_model;_predict_with_weighted_aggregation;_safe_normalize_prediction;_apply_knn_adjustment;_get_min_confidence_threshold;_normalize_score;_calculate_signal_threshold;_log_consensus_inference;_determine_initial_signal;_apply_critic_filter;get_ensemble_summary;__init__;_determine_regime;generate_weighted_ensemble,model,13,3,0
trading/elite_risk_sizer.py,src.trading.elite_risk_sizer,EliteRiskSizer,__init__;update_returns_data;calculate_optimal_position_size;_compute_correlation_factor;_estimate_ticker_volatility;rebalance_portfolio;compute_optimal_position_size,risk,4,1,0
trading/live_adaptive_ensemble.py,src.trading.live_adaptive_ensemble,ModelPerformanceMetric;EnsembleWeights;LiveAdaptiveEnsemble,__init__;record_model_performance;_should_reweight;_collect_recent_metrics;_group_metrics_by_type;_compute_model_score;_scores_to_weights;_smooth_weights_against_baseline;_store_weights_history;compute_ensemble_weights;_normalize_sharpe;get_weighted_ensemble_prediction;get_ensemble_report,calculator,7,1,0
trading/portfolio_manager.py,src.trading.portfolio_manager,PortfolioManager,__init__;is_trading_allowed;generate_orders_from_signals;_process_single_signal;_create_buy_order;_create_sell_order;check_risk_exits;_calculate_position_size;optimize_allocation,risk,9,2,0
trading/post_inference_filter.py,src.trading.post_inference_filter,PostInferenceFilter,__init__;_get_chaos_multiplier;_get_macro_multiplier;_get_rsi_multiplier;_get_sentiment_multiplier;apply;_validate_input,utility_or_unknown,3,2,0
trading/signal_processor.py,src.trading.signal_processor,SignalProcessor,__init__;prepare_predictions;generate_consensus_signals;_build_signal;_run_knn_analysis;_extract_prediction_value;_build_model_predictions;_build_context_data,model,6,0,5
trading/trader.py,src.trading.trader,TradeOrder;Trader,__init__;execute_order,utility_or_unknown,2,2,0
trading/trading_orchestrator.py,src.trading.trading_orchestrator,TradingOrchestrator,__init__;process_signals;_apply_pre_filtering;_synthesize_consensus_signals;_process_single_prediction;_extract_prediction_value;_build_model_predictions;_build_context_data;_handle_risk_exits;_generate_trade_orders;_execute_orders,model,13,1,4
trading/virtual_portfolio.py,src.trading.virtual_portfolio,VirtualPortfolio,__init__;load_portfolio;_load_portfolio_data;_convert_position_timestamps;_convert_transaction_timestamps;save_portfolio;_prepare_portfolio_data;_serialize_positions;_serialize_transactions;get_total_value;buy_stock;_create_buy_transaction;_process_buy_order;sell_stock;get_portfolio_summary;update_performance;reset_portfolio,utility_or_unknown,11,6,0
trading/__init__.py,src.trading.__init__,,,utility_or_unknown,1,0,0
trained_models/__init__.py,src.trained_models.__init__,,,model,0,0,0
training/adaptive_training_manager.py,src.training.adaptive_training_manager,TrainingMode;AdaptiveTrainingManager;TimeframeType;AdaptiveTargetsSystem;AdaptiveTargetGenerator,main;__init__;analyze_ticker_set_with_targets;_analyze_single_ticker;_calculate_target_quality_score;_calculate_overall_ticker_score;_analyze_target_compatibility;_create_compatibility_matrix;_create_training_groups;_generate_training_recommendations;create_adaptive_training_plan;_select_optimal_strategy;_create_group_target_config;_estimate_training_resources;_calculate_quality_metrics;execute_adaptive_training;_save_adaptive_report;converter;get_suitable_targets;get_targets_by_category,calculator,17,1,0
training/base_trainer.py,src.training.base_trainer,TrainingException;TrainingConfigException;TrainerConfig;BaseTrainer,__init__;__init__;execute_training;execute_batch_training;execute_progressive_training;_prepare_ticker_groups;_train_ticker_group;_train_ticker_suite;_prepare_model_training_list;_execute_model_training_cycle;_train_individual_model;_finalize_ticker_results;_save_champion;_generate_summary;_validate_data_context,model,14,5,0
training/batch_trainer.py,src.training.batch_trainer,BatchTrainer,__init__;_prepare_ticker_groups;_train_ticker_group;create_batch_plan,utility_or_unknown,8,1,0
training/constants.py,src.training.constants,,,utility_or_unknown,1,4,0
training/light_model_trainer.py,src.training.light_model_trainer,LightModelTrainer,__init__;train_light_model;predict;save_model_to_disk;load_model_from_disk;remove_model;clear_memory,model,10,2,0
training/pattern_aware_training.py,src.training.pattern_aware_training,PatternAwareModelTrainer,train_pattern_aware_models;__init__;train_pattern_aware_models;_analyze_market_conditions;_estimate_volatility;_estimate_data_quality;_prepare_training_data;_create_feature_matrix;_create_target_vector;_get_adaptive_parameters;_train_single_model;_analyze_training_results;_select_best_model;_get_default_config,target_calculator,13,0,0
training/portfolio_optimizer.py,src.training.portfolio_optimizer,PortfolioOptimizer,__init__;optimize_portfolio_training;_calculate_ticker_correlations;_extract_market_features;_calculate_optimal_weights;_train_hierarchical_models;_prepare_global_training_frame;_chronological_split;_select_model_features;_train_global_model;_train_local_model;_generate_hierarchical_predictions;_calculate_global_influence;_calculate_portfolio_metrics;portfolio_variance,calculator,8,0,0
training/progressive_trainer.py,src.training.progressive_trainer,ProgressiveTrainer,__init__;_prepare_ticker_groups;_train_ticker_group;execute_progressive_training;_prepare_training_plan;_process_single_batch_lifecycle;_train_progressive_batch;_update_state;_analyze_batch_quality;_adjust_training_strategy;_check_resources;_create_final_results;_save_final_results;load_checkpoint,utility_or_unknown,26,1,0
training/run_training.py,src.training.run_training,,main,utility_or_unknown,6,0,0
training/unified_training_manager.py,src.training.unified_training_manager,TrainingStrategy;UnifiedTrainingManager,__getattr__;__init__;_initialize_trainers;execute_unified_training;_select_models_for_ticker;_get_available_model_names;create_unified_plan;_analyze_ticker_set;_create_progressive_plan;_create_hybrid_plan;_execute_hybrid_training;save_unified_plan;save_unified_results,model,18,2,1
utils/artifact_security.py,src.utils.artifact_security,,get_project_root;_as_iterable;_env_trusted_roots;_resolve_root;_is_within;resolve_trusted_artifact_path;is_trusted_artifact_path,utility_or_unknown,4,23,0
utils/async_timeout.py,src.utils.async_timeout,,async_timeout;collect_data;decorator;async_wrapper,utility_or_unknown,4,0,0
utils/checkpoint_manager.py,src.utils.checkpoint_manager,CheckpointParams;CheckpointManager,save_checkpoint;load_checkpoint;find_latest_checkpoint,utility_or_unknown,8,0,0
utils/collector_fixes.py,src.utils.collector_fixes,CollectorFixes,safe_collect_with_retry;chunk_ticker_processing;parallel_collect;limited_collect,collector,2,0,0
utils/data_safety.py,src.utils.data_safety,,safe_rolling;safe_expanding,utility_or_unknown,0,2,0
utils/dynamic_module_loader.py,src.utils.dynamic_module_loader,DynamicModuleLoader,load_class;load_instance,utility_or_unknown,3,2,0
utils/feature_preparation.py,src.utils.feature_preparation,,prepare_features_for_training;_initialize_clean_dataframe;_process_metadata_columns;_extract_and_clean_features;_prune_metadata_columns;_extract_numeric_features;_clean_numeric_data;_audit_primary_signals;align_features_with_model,model,4,0,0
utils/json_utils.py,src.utils.json_utils,,sanitize_timestamps;_convert_timestamp;_convert_nan;_convert_numpy_numeric;_convert_dict;_convert_list;_convert_value;sanitize_record_for_json,utility_or_unknown,5,0,0
utils/math_safe.py,src.utils.math_safe,,safe_div,utility_or_unknown,0,3,0
utils/math_utils.py,src.utils.math_utils,,safe_div;safe_sharpe;safe_std,risk,2,0,0
utils/metrics.py,src.utils.metrics,MetricsCalculator,compute_metrics;compute_data_signature;calculate_batch_metrics,calculator,6,0,0
utils/missing_data_anomaly_detector.py,src.utils.missing_data_anomaly_detector,MissingDataAnomalyDetector,__init__;detect_fill_anomalies;_detect_column_anomalies;_detect_zero_fill_anomalies;_detect_sudden_change_anomalies;_detect_pattern_anomalies;_detect_statistical_anomalies;_detect_global_anomalies;_calculate_fill_quality_score;generate_anomaly_report;_generate_recommendations,detector,3,0,0
utils/path_safety.py,src.utils.path_safety,PathSafetyError;PathSafety,get_path_safety;safe_resolve_path;__init__;get_project_root;get_data_dir;get_models_dir;get_cache_dir;get_logs_dir;get_config_dir;validate_path;safe_join,model,4,6,0
utils/path_utils.py,src.utils.path_utils,,sanitize_filename;sanitize_path_input;validate_path_within_directory;safe_file_operation,utility_or_unknown,2,1,0
utils/rate_limiter.py,src.utils.rate_limiter,RateLimiter,__init__;_update_allowance;acquire;try_acquire;acquire_async,utility_or_unknown,5,1,0
utils/resource_limiter.py,src.utils.resource_limiter,ResourceLimiter,__init__;acquire;release;__aenter__;__aexit__,utility_or_unknown,1,0,0
utils/smart_missing_data_handler.py,src.utils.smart_missing_data_handler,SmartMissingDataHandler,__init__;handle_missing_data;_detect_column_types;_fill_price_data;_fill_volume_data;_fill_indicator_data;_fill_macro_data;_fill_regime_data;_get_indicator_defaults;_detect_fill_anomalies;get_fill_statistics,utility_or_unknown,4,0,0
utils/trading_calendar.py,src.utils.trading_calendar,TradingCalendar,__init__;_get_holidays;_generate_trading_days;is_trading_day;get_next_trading_day;get_previous_trading_days;get_previous_trading_day;fetch_and_set_earnings_dates;is_earnings_day,utility_or_unknown,7,3,0
utils/type_conversion.py,src.utils.type_conversion,,_handle_none_nan;_convert_numeric_types;_convert_numpy_array;_convert_list_tuple;_convert_pandas_series;_convert_numpy_scalar;_handle_unknown_type;_handle_conversion_error;normalize_prediction;_convert_dataframe;_convert_dict_to_dataframe;_convert_numpy_to_dataframe;_convert_list_to_dataframe;_convert_series_to_dataframe;ensure_dataframe;ensure_array;safe_divide;clamp_value;normalize_array;validate_numeric_range;format_percentage,utility_or_unknown,4,0,0
utils/__init__.py,src.utils.__init__,,,utility_or_unknown,0,0,0
validation/data_leakage_detector.py,src.validation.data_leakage_detector,LeakageType;LeakageReport;DataLeakageDetector,main;__init__;detect_correlation_leakage;detect_temporal_overlap;detect_future_data_in_features;run_comprehensive_audit,detector,6,0,1
validation/pipeline_schemas.py,src.validation.pipeline_schemas,RawDataSchema;ProcessedDataSchema;EnrichedDataSchema;ModelMetadataSchema;PredictionResultsSchema,validate_stage_output;create_validation_middleware;validate_batch_dir;validate;validate;_validate_cleaned_data;_validate_prices_structure;_validate_price_dataframe;_validate_news_data;_validate_macro_data;validate;validate;validate;validate_stage;wrapper,orchestrator,7,2,4
validation/temporal_feature_separator.py,src.validation.temporal_feature_separator,TemporalFeatureSeparator,__init__;_validate_feature_target_alignment;_calculate_lookahead_correlations;_evaluate_feature_suspicion;_create_feature_analysis;_update_feature_lists;analyze_temporal_correlation;_calculate_correlation;_detect_direct_target_proxy;_detect_delayed_target_redundancy;detect_leakage_pattern;get_safe_features;get_suspicious_features;create_clean_dataset;save_temporal_analysis,target_calculator,8,0,6
validation/time_series_validator.py,src.validation.time_series_validator,ValidationType;ValidationResult;PurgedTimeSeriesSplit;TimeSeriesValidator,create_robust_time_series_split;__init__;split;__init__;create_robust_split;cross_validate_model;walk_forward_validation;purged_walk_forward_validation;stratified_time_series_split;run_comprehensive_validation;_run_purged_cv;_run_embargo_cv;_run_consensus_validation;validate_time_gaps;check_leakage,validator,13,0,6
validation/validation_protocols.py,src.validation.validation_protocols,ValidationType;ValidationResult;PurgedTimeSeriesSplit;ValidationProtocolsEngine,main;__init__;split;__init__;_initialize_protocols;run_comprehensive_validation;_run_purged_walk_forward;_run_cv_variant;_run_consensus_validation,risk,18,0,3
validation/validators.py,src.validation.validators,DataValidationError;UnifiedValidator,__init__;validate_cleaned_data;_validate_dataframe;_check_essential_columns;_check_nan_ratio;_check_infinite_values;_check_time_continuity;_check_data_leakage;_get_data_summary;validate_training_ready;run_system_health_check,validator,7,1,0
validation/__init__.py,src.validation.__init__,,,utility_or_unknown,0,0,0
algorithms/regime/clustering.py,src.algorithms.regime.clustering,RegimeClusteringEngine,__init__;detect_regime_ml;_extract_ml_features;_normalize_features;_ensure_cluster_model_fitted;_calculate_ml_confidence;_initialize_cluster_centers;_cluster_to_regime,model,8,1,0
algorithms/regime/metrics.py,src.algorithms.regime.metrics,RegimeMetricsCalculator,calculate_basic_metrics;_calculate_adx;calculate_rsi;calculate_z_score,calculator,2,2,0
algorithms/regime/rules.py,src.algorithms.regime.rules,RegimeRulesEngine,__init__;detect_regime_rules;_check_mean_reversion;_check_momentum;_check_breakout;_detect_standard_regimes;_detect_trending_regime;_is_mean_reversion;_is_momentum;_is_breakout,utility_or_unknown,7,1,0
algorithms/regime/types.py,src.algorithms.regime.types,MarketRegime,,utility_or_unknown,1,3,0
analytics/analyzers/adaptive_confidence_analyzer.py,src.analytics.analyzers.adaptive_confidence_analyzer,AdaptiveConfidenceAnalyzer,__init__;analyze;_evaluate_rule_conditions;_check_condition;_apply_rule_action,analyzer,4,0,0
analytics/analyzers/causal_event_finder.py,src.analytics.analyzers.causal_event_finder,CausalEventFinder,__init__;analyze;_filter_available_causes;_validate_treatment_outcome_variance;_prepare_analysis_data;_prepare_dict_data;_merge_data_sources;_validate_dataframe;_validate_data_columns,analyzer,6,1,4
analytics/analyzers/drift_analyzer.py,src.analytics.analyzers.drift_analyzer,DriftAnalyzer,__init__;analyze,analyzer,3,1,0
analytics/analyzers/hedge_fund_analyzer.py,src.analytics.analyzers.hedge_fund_analyzer,HedgeFundAnalyzer,__init__;analyze;calculate_performance_metrics;calculate_factor_exposures;detect_style_drift;analyze_manager_skill;_get_manager_rating,calculator,11,2,0
analytics/analyzers/knn_similarity_finder.py,src.analytics.analyzers.knn_similarity_finder,KnnSimilarityFinder,__init__;fit;analyze;_prepare_feature_matrices;find_similar_situations;_format_results,analyzer,7,3,13
analytics/analyzers/model_comparison_analyzer.py,src.analytics.analyzers.model_comparison_analyzer,ModelComparisonAnalyzer,__init__;analyze;_compare_architectures;_get_best_models_by_type;_summarize_by_type;compare_models;_build_model_cohort;_classify_model_type;_extract_performance_metric;_identify_cluster_leaders;_arbitrate_champion,calculator,5,1,0
analytics/analyzers/news_impact_analyzer.py,src.analytics.analyzers.news_impact_analyzer,NewsImpactAnalyzer,__init__;_calculate_decay_factor;analyze;_perform_sentiment_analysis;_calculate_weighted_scores;_aggregate_scores_by_timestamp;_apply_time_decay;_determine_significance_levels;get_significance,analyzer,7,1,0
analytics/analyzers/performance_attribution_analyzer.py,src.analytics.analyzers.performance_attribution_analyzer,PerformanceAttributionAnalyzer,__init__;analyze;_calculate_performance_metrics;_brinson_attribution;_security_selection_attribution;_timing_attribution;_currency_attribution;_risk_adjusted_attribution;_temporal_attribution_analysis;_generate_executive_summary;_generate_qualitative_recommendations,calculator,8,0,0
analytics/analyzers/risk_decomposition_analyzer.py,src.analytics.analyzers.risk_decomposition_analyzer,RiskDecompositionAnalyzer,__init__;analyze;_calculate_aggregate_risk_profile;_decompose_systematic_idiosyncratic;_decompose_factor_risk;_calculate_concentration_profile;_calculate_liquidity_risk_proxies;_summarize_risk_contributions;_check_concentration_risk;_check_systematic_idiosyncratic_balance;_check_liquidity_risk;_check_factor_explainability;_generate_risk_mitigation_recommendations,analyzer,9,0,0
analytics/analyzers/shap_analyzer.py,src.analytics.analyzers.shap_analyzer,ShapAnalyzer,__init__;analyze,analyzer,5,1,0
analytics/analyzers/wrappers.py,src.analytics.analyzers.wrappers,DrawdownAnalyzer;FamaFrenchAnalyzer;VolatilityAnalyzer,__init__;analyze;__init__;analyze;__init__;analyze;_extract_returns,analyzer,6,1,0
analytics/arena/arena_battle.py,src.analytics.arena.arena_battle,BattleResult;BattleMetrics;Battle;TradingModelArena,get_trading_arena;__init__;register_model;calculate_loss_metrics;compare_with_baseline;run_blind_challenge;_load_current_champion;conduct_battle;run_champion_challenge;_calculate_causal_weighted_score;_calculate_weighted_score;create_battle;create_battles_from_group;get_recommended_battle_groups;run_battle;_get_model_predictions;_get_instance_predictions;_calculate_metrics;_calculate_max_drawdown;_determine_battle_winner;_get_battle_result;_update_model_stats;get_leaderboard;save_arena_state;load_arena_state,calculator,14,4,0
analytics/arena/arena_orchestrator.py,src.analytics.arena.arena_orchestrator,ArenaOrchestrator,__init__;run_recommended_battles;create_custom_battle_group;get_battle_group_details;get_leaderboard;get_unified_arena_report,orchestrator,8,0,0
analytics/arena/battle_groups.py,src.analytics.arena.battle_groups,BattleGroup;BattleGroupManager,get_battle_group_manager;get_all_battle_groups;get_popular_groups;__init__;get_group;list_groups;create_custom_group;get_recommended_groups;generate_battle_schedule;_generate_round_robin_battles;_generate_tournament_battles;_generate_elimination_battles;get_group_info,utility_or_unknown,3,1,0
analytics/arena/ensemble_performance_bridge.py,src.analytics.arena.ensemble_performance_bridge,EnsemblePerformanceBridge,__init__;sync_ensemble_performance_to_tracker;get_unified_performance_view;_extract_ensemble_metrics;_convert_to_tracker_format,calculator,3,1,0
analytics/arena/performance_tracker.py,src.analytics.arena.performance_tracker,ModelPerformanceRecord;LeaderboardEntry;ModelPerformanceTracker,get_performance_tracker;__init__;_initialize_model_stats;_get_model_type;record_battle_performance;_record_model_performance;_get_battle_result;_update_battle_stats;_update_leaderboard;_create_leaderboard_entry;get_leaderboard_categories;get_model_performance_history;_calculate_performance_trend;get_model_stats;get_top_performers;save_performance_data;load_performance_data;convert_datetime,model,10,1,0
analytics/arena/__init__.py,src.analytics.arena.__init__,,,utility_or_unknown,9,0,0
analytics/backtesting/engine.py,src.analytics.backtesting.engine,AdvancedBacktester,example_usage;__init__;calculate_transaction_costs;run_backtest;run_robustness_test,utility_or_unknown,13,0,1
analytics/backtesting/__init__.py,src.analytics.backtesting.__init__,,,utility_or_unknown,0,0,0
analytics/calculators/advanced_econometrics_calculator.py,src.analytics.calculators.advanced_econometrics_calculator,AdvancedEconometricsCalculator,run_comprehensive_causal_analysis;_test_single_predictor_comprehensive;_test_stationarity;_select_optimal_lag;_run_granger_with_validation;_test_cointegration;_calculate_impulse_response;_calculate_variance_decomposition;_calculate_causality_strength;_generate_causality_summary;_validate_columns;_validate_data_length,calculator,9,0,0
analytics/calculators/drawdown_calculator.py,src.analytics.calculators.drawdown_calculator,DrawdownCalculator,calculate_rolling_drawdown;calculate_price_based_max_drawdown;calculate_underwater_duration;calculate_max_drawdown_from_prices;calculate_max_drawdown_from_returns,calculator,3,2,0
analytics/calculators/econometrics_calculator.py,src.analytics.calculators.econometrics_calculator,EconometricsCalculator,run_advanced_granger_test;run_granger_test;_test_single_predictor;_validate_columns;_validate_data_length;_calculate_granger_p_value;_build_causality_result;_generate_simple_summary;get_var_forecast;_generate_var_forecast;_validate_var_data;_fit_var_and_forecast;_create_forecast_dataframe,calculator,6,1,0
analytics/calculators/explainability_calculator.py,src.analytics.calculators.explainability_calculator,ExplainabilityCalculator,analyze_feature_importance;explain_single_prediction,calculator,4,1,0
analytics/calculators/fama_french_factors.py,src.analytics.calculators.fama_french_factors,FamaFrenchFactors,_load_yfinance;__init__;get_factors;_check_factor_cache;_validate_ticker_coverage;_calculate_factors;_calculate_market_factor;_calculate_size_factor;_calculate_value_factor;_calculate_momentum_factor;_update_factor_cache;_download_data;_validate_date_range;_check_cache;_download_from_yfinance;_update_cache;_get_fallback_cache;analyze_factor_performance,calculator,7,3,0
analytics/calculators/macro_score_calculator.py,src.analytics.calculators.macro_score_calculator,MacroScoreCalculator,__init__;calculate_composite_score;_validate_macro_data;_calculate_individual_scores;_process_indicator;_transform_series;_normalize_series;_apply_directional_alignment;_create_empty_composite_score;_calculate_weighted_composite;_scale_final_score,calculator,3,2,0
analytics/calculators/market_regime_calculator.py,src.analytics.calculators.market_regime_calculator,MarketRegimeCalculator,calculate_regime;calculate_entropy;calculate_reversal_probability;rolling_entropy,calculator,4,0,3
analytics/calculators/risk_reward_calculator.py,src.analytics.calculators.risk_reward_calculator,TradeConfig;TradeParameters;RiskRewardCalculator,_clean_return_series;calculate_trade_parameters;_calculate_trade_with_config;calculate_sharpe_ratio;calculate_sortino_ratio;calculate_beta;calculate_treynor_ratio;calculate_var_cvar;calculate_information_ratio,risk,5,1,0
analytics/calculators/sentiment_stats_calculator.py,src.analytics.calculators.sentiment_stats_calculator,SentimentStatsCalculator,calculate_sentiment_stats,calculator,2,2,0
analytics/calculators/volatility_calculator.py,src.analytics.calculators.volatility_calculator,VolatilityCalculator,calculate_rolling_volatility;calculate_realized_volatility,calculator,3,3,0
analytics/context/causal_effect_methods.py,src.analytics.context.causal_effect_methods,CausalEffectMethods,__init__;linear_estimation;rf_estimation;double_ml_estimation;robustness_checks,utility_or_unknown,5,1,0
analytics/context/causal_engine.py,src.analytics.context.causal_engine,CausalEngine,__init__;generate_causal_vectors;_initialize_implied_features;_apply_event_causal_effects;_apply_decaying_impact;_get_all_causal_features;_extract_event_data,utility_or_unknown,4,2,7
analytics/context/contextual_model_selector.py,src.analytics.context.contextual_model_selector,ContextualModelSelector,__init__;analyze;select_models;_validate_analyze_inputs;_perform_knn_analysis;_prepare_analysis_context;_analyze_neighbors;_complete_model_selection;_select_best_model;_find_similar_neighbors;_calculate_model_scores;_calculate_model_confidence;_count_model_wins;_is_best_model_in_row;_find_best_model_in_row;_extract_model_performances;_get_top_performing_model;_build_analysis_result;_heuristic_fallback,model,6,1,1
analytics/context/counterfactual_generator.py,src.analytics.context.counterfactual_generator,CounterfactualGenerator,__init__;generate_synthetic_control;run_difference_in_differences;propensity_score_matching;estimate_causal_effects,utility_or_unknown,7,0,0
analytics/context/difference_in_differences_methods.py,src.analytics.context.difference_in_differences_methods,DifferenceInDifferencesMethods,__init__;test_significance;test_parallel_trends,utility_or_unknown,4,1,0
analytics/context/ensemble_selector.py,src.analytics.context.ensemble_selector,EnsembleContext;EnsembleSelector,__init__;select_best_ensemble;create_ensemble_instance;_score;_meets_requirements;_reasoning;_confidence;_create_simple_average_ensemble;_create_weighted_average_ensemble;simple_average;weighted_average,selector,9,2,0
analytics/context/macro_context_analyzer.py,src.analytics.context.macro_context_analyzer,MacroContextAnalyzer,__init__;analyze;_get_regime;classify,analyzer,5,0,0
analytics/context/market_context_analyzer.py,src.analytics.context.market_context_analyzer,MarketContextAnalyzer,__init__;analyze;_apply_context_defaults;_find_price_columns;_find_column;_find_rsi_column;_calculate_volatility_5d;_calculate_volatility_20d;_calculate_volatility_ratio;_calculate_trend_5d;_calculate_trend_20d;_calculate_trend_alignment;_calculate_rsi_current;_calculate_volume_ratio;_can_calculate_volume_ratio;_calculate_price_to_ma20;_can_calculate_price_to_ma20;_calculate_hour_of_day;_calculate_day_of_week;_calculate_yield_curve_slope;_get_yield_rate;_is_yield_data_invalid;_log_yield_curve_slope;_calculate_yield_curve_inverted;_calculate_fed_funds_trend;_can_calculate_fed_funds_trend;_get_fed_funds_three_months_ago;_log_fed_funds_trend;_calculate_fed_funds_velocity;_can_calculate_fed_funds_velocity;_get_fed_funds_one_month_ago;_calculate_market_breadth;_has_advance_decline_data;_calculate_advance_decline_breadth;_can_use_price_proxy;_calculate_price_proxy_breadth;_calculate_dollar_strength;_calculate_put_call_ratio;_calculate_sentiment_score;_calculate_sentiment_momentum;_calculate_news_intensity,analyzer,6,2,0
analytics/context/market_phase_analyzer.py,src.analytics.context.market_phase_analyzer,MarketPhaseAnalyzer,__init__;analyze;_validate_market_data;_is_valid_dataframe;_create_validation_error;_create_missing_columns_error;_check_missing_columns;_determine_market_phase;_extract_latest_values;_build_indicator_values;_validate_extracted_values;_evaluate_rules;_evaluate_condition;_is_valid_condition_string;_eval_factor;_safe_eval_condition;_log_evaluation_error,analyzer,6,1,0
analytics/context/market_regime_analyzer.py,src.analytics.context.market_regime_analyzer,MarketRegimeAnalyzer,__init__;analyze;_resolve_dataframe;_empty_result,analyzer,5,0,0
analytics/context/prediction_adjuster.py,src.analytics.context.prediction_adjuster,PredictionAdjuster,__init__;analyze;_create_empty_predictions_result;_extract_context_info;_process_all_predictions;_adjust_single_prediction;_calculate_adjustment_factor;_log_rule_error;_log_adjustment;_evaluate_rule_conditions;_has_valid_conditions;_evaluate_single_condition;_is_feature_available;_evaluate_all_condition_types;_check_categorical_condition;_check_numerical_conditions;_apply_rule_action;_is_multiplier_action;_apply_multiplier_action,utility_or_unknown,3,1,0
analytics/context/propensity_score_methods.py,src.analytics.context.propensity_score_methods,PropensityScoreMethods,__init__;prepare_data;estimate_propensity_scores;perform_matching;calculate_ate;check_covariate_balance;assess_matching_quality,risk,5,1,0
analytics/context/synthetic_control_methods.py,src.analytics.context.synthetic_control_methods,SyntheticControlMethods,__init__;optimize_weights;construct_synthetic_control;calculate_treatment_effects;test_significance;calculate_rmspe;validate_synthetic_control,utility_or_unknown,5,1,0
analytics/data_managers/model_results_manager.py,src.analytics.data_managers.model_results_manager,ModelResultsManager,__init__;save_results;get_results;_load_file;get_confidence_score;get_cached_analysis;cache_analysis;save_json_result,model,9,6,13
analytics/detectors/anomaly_detector.py,src.analytics.detectors.anomaly_detector,AnomalyDetector,__init__;fit;detect;_impute_with_training_medians;calculate_anomaly_impact_weights,detector,4,1,0
analytics/detectors/critical_signal_detector.py,src.analytics.detectors.critical_signal_detector,CriticalSignalDetector,__init__;detect_price_shock;detect_volume_spike;detect_volatility_explosion;analyze,detector,3,1,0
analytics/engines/causal_engine.py,src.analytics.engines.causal_engine,CausalEngine,__init__;_create_model;identify_effect;estimate_effect;_run_refutation;run_refutation_tests,model,5,1,0
analytics/reporting/automated_reports.py,src.analytics.reporting.automated_reports,AutomatedReporting;HistoricalAnalytics,__init__;generate_daily_report;get_daily_summary;__init__;analyze_trends;generate_trend_report;load_historical_reports,utility_or_unknown,4,1,0
analytics/reporting/model_analyzer.py,src.analytics.reporting.model_analyzer,ModelAnalyzer,__init__;generate_training_summary;_determine_metric_type;_find_champion;_create_champion_info;_collect_architecture_metrics;_calculate_architecture_comparison;save_report;get_light_vs_heavy_stats;sort_key,calculator,6,1,0
analytics/reporting/reporting_orchestrator.py,src.analytics.reporting.reporting_orchestrator,ReportingOrchestrator,__init__;get_full_status_report;export_all,orchestrator,5,0,0
analytics/reporting/results_manager.py,src.analytics.reporting.results_manager,ResultsManager,__init__;save_results;load_results;get_latest_results;list_results;delete_results;get_results_summary;export_results_to_csv;_flatten_dict;clear_cache;get_cache_info,utility_or_unknown,7,1,0
analytics/reporting/visualization.py,src.analytics.reporting.visualization,Visualizer,__init__;_save_plot;plot_price_history;plot_distribution;plot_correlation_matrix,utility_or_unknown,6,0,0
analytics/reporting/__init__.py,src.analytics.reporting.__init__,,,utility_or_unknown,0,0,0
analytics/signals/signal_analytics.py,src.analytics.signals.signal_analytics,,analyze_signals;_initialize_performance_trackers;_process_signal_data;_process_combination_metrics;_update_ticker_performance;_update_timeframe_performance;_analyze_model_performance;_calculate_signal_distribution;_analyze_ticker_performance;_analyze_timeframe_performance;_calculate_signal_percentages;_calculate_percentage;_generate_final_summary;_find_best_combination;_find_worst_combination;_find_best_overall_model;_find_worst_overall_model;_generate_recommendations;generate_report_string,calculator,4,2,0
analytics/signals/significance_detector.py,src.analytics.signals.significance_detector,,_get_adjusted_threshold;_is_change_significant;_extract_from_col;_detect_macro_indicator_type;detect_significant_events;_prepare_dataframe;_process_regular_columns;_process_macro_columns;_create_significance_column;_create_macro_significance_column;_set_significance_flag;_cleanup_dataframe;get_significance_summary;check_significance;check_macro_significance,detector,3,1,0
analytics/utils/analytics_math.py,src.analytics.utils.analytics_math,,calculate_market_regime_metrics;calculate_herfindahl_hirschman_index;calculate_diversification_ratio,calculator,2,1,0
analytics/utils/knn_model_wrapper.py,src.analytics.utils.knn_model_wrapper,KnnModelWrapper,__init__;fit;find_neighbors,model,4,0,5
backtesting/advanced/advanced_engine.py,src.backtesting.advanced.advanced_engine,TransactionCostModel;BiasDetector;WalkForwardOptimizer;AdvancedBacktestEngine,__init__;calculate_execution_costs;__init__;detect_look_ahead_bias;detect_survivorship_bias;__init__;walk_forward_optimization;_evaluate_parameters;_calculate_average_performance;__init__;run_comprehensive_backtest;_analyze_transaction_costs;_simulate_returns;_prepare_signal_positions;_estimate_turnover_cost_pct;_calculate_win_rate,model,8,3,0
colab/config/config_loader.py,src.colab.config.config_loader,RuntimeConfigLoader,__init__;load_runtime_params;_find_config_file;_get_batch_name_from_args;_determine_batch_directory;_build_batch_dir_path;_normalize_batch_name;_print_batch_source;_load_batch_params;_print_force_full_mode;_handle_config_in_main_database;_load_config_file;_parse_config_data;_print_full_mode_message;_print_loaded_params,utility_or_unknown,4,0,2
colab/config/training_config.py,src.colab.config.training_config,TrainingConfig;CheckpointParams;TrainingParams;TrainingLoopParams,__init__,utility_or_unknown,3,0,0
colab/config/__init__.py,src.colab.config.__init__,,,utility_or_unknown,3,0,0
colab/environment/colab_environment.py,src.colab.environment.colab_environment,ColabEnvironment,__init__;setup_paths;setup_batch_directory;timeout_handler,utility_or_unknown,5,0,0
colab/environment/setup.py,src.colab.environment.setup,ColabEnvironment,__init__;setup_paths;setup_batch_directory;timeout_handler,utility_or_unknown,5,0,0
colab/environment/__init__.py,src.colab.environment.__init__,,,utility_or_unknown,1,0,0
colab/memory/memory_monitor.py,src.colab.memory.memory_monitor,MemoryMonitor,__init__;get_memory_info;get_memory_usage;check_memory;cleanup;save_log,utility_or_unknown,6,0,0
colab/memory/__init__.py,src.colab.memory.__init__,,,utility_or_unknown,1,0,0
colab/models/architectures.py,src.colab.models.architectures,LSTMModel;GRUModel;CNNModel;TransformerModel;AutoencoderModel,__init__;forward;__init__;forward;__init__;forward;__init__;forward;__init__;forward,model,2,2,0
colab/models/model_factory.py,src.colab.models.model_factory,SklearnModelWrapper;FakeTensor;RandomForestWrapper;AutoencoderModel,_torch_available;create_model;_create_sklearn_fallback_model;_create_fake_tensor;_create_torch_model;_create_mlp_model;_create_lstm_model;_create_gru_model;_create_cnn_model;_create_transformer_model;_create_tabnet_model;_create_random_forest_wrapper;_create_autoencoder_model;__init__;__call__;forward;parameters;train;eval;state_dict;__init__;numpy;flatten;__init__;__call__;forward;parameters;train;eval;__init__;forward,model,14,0,0
colab/models/sklearn_fallback.py,src.colab.models.sklearn_fallback,SklearnModelWrapper;FakeTensor,create_sklearn_fallback_model;_create_fake_tensor;__init__;__call__;forward;parameters;train;eval;state_dict;__init__;numpy;flatten,model,3,0,0
colab/models/torch_models.py,src.colab.models.torch_models,RandomForestWrapper,create_torch_model;create_mlp_model;create_lstm_model;create_gru_model;create_cnn_model;create_transformer_model;create_tabnet_model;create_random_forest_wrapper;create_autoencoder_model;__init__;__call__;forward;parameters;train;eval,model,14,0,0
colab/models/__init__.py,src.colab.models.__init__,,,model,1,0,0
colab/utils/batch_size.py,src.colab.utils.batch_size,,get_optimal_batch_size,utility_or_unknown,0,0,0
colab/utils/data_signature.py,src.colab.utils.data_signature,,compute_data_signature,utility_or_unknown,2,17,0
colab/utils/metrics.py,src.colab.utils.metrics,,compute_metrics,calculator,4,0,0
colab/utils/retry.py,src.colab.utils.retry,,retry_on_timeout;decorator;wrapper,utility_or_unknown,3,0,0
colab/utils/utils.py,src.colab.utils.utils,,get_optimal_batch_size;save_checkpoint;load_checkpoint;find_latest_checkpoint;compute_data_signature;compute_metrics,calculator,10,0,0
colab/utils/__init__.py,src.colab.utils.__init__,,,utility_or_unknown,7,0,0
core/cache/cache_manager.py,src.core.cache.cache_manager,CacheManager,__init__;_get_db_salt;_init_db;_get_cache_key;get;set;get_stats;invalidate_namespace;_is_cache_valid;_delete_cache_entry;_remove_file_if_exists;cached;auto_cleanup;clear;decorator;wrapper,utility_or_unknown,14,19,0
core/cache/object_cache.py,src.core.cache.object_cache,ObjectCache,__init__;_get_cache_path;get;set;clear,utility_or_unknown,6,0,0
core/cache/query_cache.py,src.core.cache.query_cache,QueryCache,__init__;_generate_key_from_query;get;set;clear,utility_or_unknown,6,0,0
core/cache/__init__.py,src.core.cache.__init__,,,utility_or_unknown,3,0,0
core/clients/http_client_factory.py,src.core.clients.http_client_factory,IHttpClientFactory;HttpClientFactory,get_http_client;__init__;get_http_client;get_session_client;rate_limited_send,factory,8,23,0
core/cloud/gcs_manager.py,src.core.cloud.gcs_manager,GCSManager,__init__;upload_file;upload_blob_from_memory;download_file;list_files;file_exists;wait_for_blob,utility_or_unknown,6,1,0
core/cloud/__init__.py,src.core.cloud.__init__,,,utility_or_unknown,0,0,0
core/error_handling/error_handler.py,src.core.error_handling.error_handler,TradingSystemError;PipelineError;StageError;StageExecutionError;ModelLoadingError;ConfigurationError;IErrorHandler;ErrorHandler;ErrorContext,log_and_raise;safe_execute;get_error_handler;handle_error;retry;graceful_degradation;log_performance;log_error_summary;validate_input;handle_error;__init__;_format_error_message;handle_error;get_error_summary;_calculate_error_rates;reset_error_counts;retry;graceful_degradation;log_performance;__init__;__enter__;__exit__;decorator;decorator;wrapper;wrapper;wrapper,orchestrator,16,21,0
core/error_handling/__init__.py,src.core.error_handling.__init__,,,utility_or_unknown,0,0,0
core/file_management/file_manager.py,src.core.file_management.file_manager,FileManager,__init__;_resolve_path;ensure_directory;find_files;_atomic_write;save_yaml;load_yaml;save_json;load_json;_remove_timezone;_write_dataframe;_validate_dataframe;save_dataframe;load_dataframe;cleanup_old_files;write_task;validate_task;write_task;validate_task;write_task;validate_task,utility_or_unknown,13,7,0
core/file_management/__init__.py,src.core.file_management.__init__,,,utility_or_unknown,0,0,0
core/logging/exception_decorator.py,src.core.logging.exception_decorator,,log_and_raise;decorator;wrapper,utility_or_unknown,3,0,0
core/logging/logger.py,src.core.logging.logger,ContextAdapter;ProjectLogger,process;_get_config_path;_start_csv_listener;setup_logging;_initialize_market_log;log_market_context_error;get_logger;get_context_logger;log_structured;csv_writer,utility_or_unknown,11,392,0
core/logging/log_standards.py,src.core.logging.log_standards,,log_stage_start;log_stage_end;log_progress;log_success;log_warning;log_error;log_cache_hit;log_cache_miss;log_memory_usage;log_model_loaded;log_prediction_stats;_format_context;set_component_log_level,model,2,0,0
core/logging/notifier.py,src.core.logging.notifier,UniversalNotifier,__init__;send_message;send_report;_send_telegram;_send_discord;sync_send,utility_or_unknown,7,3,0
core/logging/__init__.py,src.core.logging.__init__,,,utility_or_unknown,0,0,0
core/monitoring/memory_profiler.py,src.core.monitoring.memory_profiler,MemoryProfiler,get_memory_profiler;cleanup_memory;get_memory_stats;__init__;track;track_function;cleanup;get_stats;reset_stats;_get_memory_gb;_perform_cleanup;wrapper,utility_or_unknown,9,2,0
core/security/path_validator.py,src.core.security.path_validator,PathValidationError,validate_safe_path,validator,1,4,5
core/security/secure_secrets_manager.py,src.core.security.secure_secrets_manager,SecurityError;SecretsManager,_get_configured_env_search_paths;load_dotenv;get_secret;mask_secret;__init__;_load_encrypted_secrets;encrypt_secrets;validate_format;get_secret;as_dict;mask_secret;validate_secrets;log_secrets_status,utility_or_unknown,14,2,2
core/system/archive_manager.py,src.core.system.archive_manager,,_is_valid_file;archive_directory,utility_or_unknown,4,0,0
core/system/batch_processor.py,src.core.system.batch_processor,BatchConfig;BatchProcessor,__init__;create_optimal_batches;_create_adaptive_batches;_create_priority_batches;_create_fixed_batches;process_batches;_process_batches_parallel;_process_batches_sequential;_process_single_batch;_save_results,utility_or_unknown,12,0,0
core/system/connection_registry.py,src.core.system.connection_registry,ConnectionRegistry,_logging_streams_open;register;get;close_all,factory,4,1,0
core/system/version_manager.py,src.core.system.version_manager,ConfigVersion;ConfigVersionManager,get_version_manager;get_current_version;get_model_version;tag_pipeline_run;needs_migration;get_migration_path;get_version_info;__init__;_load_versions;_save_versions;_get_default_versions;get_current_version;get_model_version;tag_pipeline_run;get_version_info;get_all_versions;get_migration_path;needs_migration;add_version,model,7,0,0
core/utils/lazy_loader.py,src.core.utils.lazy_loader,LazyLoader,__init__;__getattr__,utility_or_unknown,2,0,0
core/utils/math_utils.py,src.core.utils.math_utils,,safe_sqrt;safe_log,utility_or_unknown,1,0,0
core/utils/path_utils.py,src.core.utils.path_utils,,sanitize_path_input,utility_or_unknown,2,0,0
core/utils/prediction_utils.py,src.core.utils.prediction_utils,,normalize_prediction;normalize_predictions_batch;validate_prediction_value;clamp_prediction,utility_or_unknown,2,2,0
core/validation/validators.py,src.core.validation.validators,DataValidationError;TradingAction;Timeframe;OrderType;SignalStrength;TickerValidator;MarketDataSchema;TradingSignal;TradeOrder;BacktestRequest;DataValidator,validate_ticker_format;validate_ohlc_logic;validate_ticker;validate_ticker;validate_price;validate_tickers;validate_date_range;validate_df;detect_leakage;validate_prediction_input;validate_request;validate_dataframe;validate_ohlcv_dataframe;check_data_quality,validator,13,1,0
data/collectors/aaii_sentiment_collector.py,src.data.collectors.aaii_sentiment_collector,AIISentimentCollector,__init__;_generate_hash;run;_fetch_aaii_data;_parse_aaii_html;_extract_raw_data;_standardize_columns;_categorize_sentiment;_get_signal;collect_data,collector,9,0,0
data/collectors/alternative_me_collector.py,src.data.collectors.alternative_me_collector,AlternativeMeCollector,__init__;_generate_hash;run;_fetch_fear_greed_data;_process_data_point;_standardize_columns;collect_data,collector,8,0,0
data/collectors/base_collector.py,src.data.collectors.base_collector,BaseCollector,__init__;get_client;run,collector,8,1,0
data/collectors/bigquery_collector.py,src.data.collectors.bigquery_collector,BigQueryCollector,__init__;fetch_raw_data;_execute_query,collector,5,1,0
data/collectors/cftc_collector.py,src.data.collectors.cftc_collector,CFTCCollector,__init__;_generate_hash;run;_fetch_cftc_data;_find_data_start;_parse_date;_extract_position_data;_parse_cftc_csv;_create_sample_cftc_data;_standardize_columns;_categorize_position;_get_position_signal;collect_data,collector,10,0,0
data/collectors/collector_factory.py,src.data.collectors.collector_factory,CollectorFactory,__init__;_initialize_cache_manager;_create_cache_manager;_discover_collector_classes;_process_module_for_collectors;_register_collector_if_valid;_handle_duplicate_collector;get_collector;_is_collector_enabled;_get_collector_class;_instantiate_collector;get_all_collectors,collector,11,2,0
data/collectors/custom_csv_collector.py,src.data.collectors.custom_csv_collector,CustomCSVCollector,__init__;fetch_raw_data;_read_csv_sync,collector,5,0,0
data/collectors/economic_calendar_collector.py,src.data.collectors.economic_calendar_collector,EconomicCalendarCollector,__init__;run;fetch_raw_data;_get_date_range;_build_payload;_parse_html,collector,11,1,0
data/collectors/fear_greed_collector.py,src.data.collectors.fear_greed_collector,FearGreedCollector,__init__;_generate_hash;run;_fetch_fear_greed_data;_standardize_columns;_categorize_fear_greed;_get_signal;collect_data,collector,8,0,0
data/collectors/fred_collector.py,src.data.collectors.fred_collector,FredCollector,__init__;_calculate_start_date;_generate_hash;_validate_config;_filter_by_cache;_update_cache;run;_fetch_series,collector,11,1,0
data/collectors/free_google_trends_collector.py,src.data.collectors.free_google_trends_collector,FreeGoogleTrendsCollector,__init__;_initialize_pytrends;fetch_raw_data;_fetch_trends_for_batch;_run_pytrends_request,collector,6,1,0
data/collectors/google_news_collector.py,src.data.collectors.google_news_collector,GoogleNewsCollector,__init__;run;_check_google_news_cache;_process_fetch_results;_deduplicate_articles;_filter_by_cache;_update_cache;_run_internal;_fetch_with_semaphore;_fetch_articles_for_term;_process_entry,collector,10,1,0
data/collectors/huggingface_collector.py,src.data.collectors.huggingface_collector,HuggingfaceCollector,__init__;run;_fetch_from_huggingface,collector,9,1,0
data/collectors/insider_collector.py,src.data.collectors.insider_collector,InsiderCollector,__init__;fetch_raw_data;_scrape_url;_scrape_url_sync;_parse_html;_check_cache;_filter_by_cache_manager;_update_cache;run,collector,12,1,0
data/collectors/local_file_collector.py,src.data.collectors.local_file_collector,LocalFileCollector,__init__;fetch_raw_data;post_process_new_records,collector,9,0,0
data/collectors/market_data_collector.py,src.data.collectors.market_data_collector,MarketDataCollector,__init__;_fetch_data_for_ticker_async;run,collector,9,0,0
data/collectors/newsapi_collector.py,src.data.collectors.newsapi_collector,NewsAPICollector,__init__;_get_api_key;_check_newsapi_cache;_process_fetch_results;_create_article_hash;_filter_by_cache;_update_cache;run;_fetch_for_term;collect_data,collector,9,1,0
data/collectors/put_call_ratio_collector.py,src.data.collectors.put_call_ratio_collector,PutCallRatioCollector,__init__;_generate_hash;run;_classify_sentiment;_create_historical_data_point;_fetch_put_call_data;_create_sample_put_call_data;_standardize_columns;collect_data,collector,10,0,0
data/collectors/reddit_sentiment_collector.py,src.data.collectors.reddit_sentiment_collector,RedditSentimentCollector,__init__;_generate_hash;run;_fetch_reddit_sentiment_data;_get_subreddit_params;_classify_sentiment;_generate_synthetic_reddit_data;_standardize_columns;collect_data,collector,10,0,0
data/collectors/rss_collector.py,src.data.collectors.rss_collector,RSSCollector,__init__;run;_parse_period_to_days;_check_rss_cache;_get_rss_feeds;_process_feed_results;_filter_rss_articles;_run_internal;_update_cache;_fetch_feed;_process_entry,collector,14,1,0
data/collectors/sec_filings_collector.py,src.data.collectors.sec_filings_collector,SECFilingsCollector,__init__;_get_cik_map;_calculate_start_date;_check_sec_cache;_get_valid_ciks;_process_fetch_results;_create_filing_hash;_update_sec_cache;run;_fetch_filings_for_cik,collector,14,1,0
data/collectors/synthetic_generator.py,src.data.collectors.synthetic_generator,SyntheticGenerator,generate_flash_crash;generate_high_volatility,collector,2,0,0
data/collectors/vix_collector.py,src.data.collectors.vix_collector,VIXCollector,_configure_yfinance_cache;__init__;_generate_hash;run;_fetch_vix_data;_standardize_columns;collect_data,collector,12,0,0
data/collectors/yf_collector.py,src.data.collectors.yf_collector,YFCollector,_configure_yfinance_cache;__init__;_check_cache;_adjust_intraday_dates;_create_download_tasks;run;_calculate_start_date;_blocking_download;_single_ticker_download_with_retry;_flatten_multiindex_columns;_prepare_dataframe_columns;_identify_and_rename_date_column;_parse_datetime_column;_process_single_ticker_dataframe,collector,13,1,0
data/collectors/__init__.py,src.data.collectors.__init__,,,collector,0,0,0
data/management/asset_manager.py,src.data.management.asset_manager,TradingStyle;MarketFocus;TradingConfig;SectorConfig;AssetUniverseManager,__init__;_create_enhanced_sectors;_create_volatility_ranking;_create_profitability_ranking;_map_market_focus_to_sectors;get_tickers_by_market_focus;_create_preset_configs;get_timeframes_for_style;create_custom_config;get_preset;list_presets;get_tickers_by_strategy;get_sector_analysis,utility_or_unknown,4,1,0
data/management/data_cleaner.py,src.data.management.data_cleaner,DataCleaner,clean_numeric_data,utility_or_unknown,2,0,0
data/management/data_manager.py,src.data.management.data_manager,IDatabaseManager;DataManager,execute_query;fetch_all;fetch_one;fetch_data_from_table;fetch_df;load_data_for_tickers;upsert;table_exists;filter_new_records;get_all_table_names;get_table_schema;__init__;close_all_connections;get_connection;_initialize_connection;transaction;__enter__;__exit__;execute_query;fetch_all;fetch_one;fetch_data_from_table;fetch_df;_quote_identifier;load_data_for_tickers;upsert;_detect_unique_columns;_handle_new_table;_handle_existing_table;_prepare_upsert_df;_execute_upsert_insert;_create_unique_index;table_exists;filter_new_records;get_all_table_names;get_table_schema;_clean_numeric_data;_should_checkpoint;_ensure_unique_index;_clean_duplicates;_verify_no_duplicates,utility_or_unknown,15,39,0
data/management/data_versioning.py,src.data.management.data_versioning,DataVersioning,create_data_versioning;__init__;_load_metadata;_save_metadata;_get_file_hash;_get_file_size;_get_file_mtime;register_file;is_file_fresh;get_fresh_files;get_stale_files;cleanup_stale_files;get_file_info;generate_report,utility_or_unknown,8,0,0
data/management/__init__.py,src.data.management.__init__,,,utility_or_unknown,0,0,0
data/quality/data_freshness_checker.py,src.data.quality.data_freshness_checker,DataFreshnessChecker,check_data_freshness;__init__;check_freshness;get_metrics;reset_metrics,calculator,4,0,0
data/quality/news_price_availability_filter.py,src.data.quality.news_price_availability_filter,NewsPriceAvailabilityFilter,quick_filter_news_by_data_availability;filter_news_by_price_availability;__init__;filter_news,utility_or_unknown,3,0,0
data/quality/temporal_alignment_checker.py,src.data.quality.temporal_alignment_checker,TemporalAlignmentChecker,check_temporal_alignment;__init__;check_news_alignment;filter_future_news;check_macro_release_timing;check_timeframe_alignment;get_violations;reset,validator,3,1,0
data/quality/__init__.py,src.data.quality.__init__,,,utility_or_unknown,4,0,0
data/synthetic/data_generator.py,src.data.synthetic.data_generator,DataGenerator,__init__;generate_synthetic_data;generate_synthetic_features;generate_synthetic_targets;_generate_price_series,target_calculator,5,0,0
data/validation/event_dataset_validator.py,src.data.validation.event_dataset_validator,EventDatasetValidationError;EventDatasetValidator,__init__;validate;_make_report;_check_required_columns;_check_datetime_columns;_check_news_sentiment;_check_target_columns;_check_ticker_column;_check_nan_inf;_check_duplicates,target_calculator,4,0,3
data/management/connectors/bigquery_connector.py,src.data.management.connectors.bigquery_connector,BigQueryConnector,__init__;execute_query;validate_query;get_status,utility_or_unknown,4,0,0
data/management/handlers/connection_handler.py,src.data.management.handlers.connection_handler,ConnectionHandler,__init__;close_all_connections;get_connection;transaction,utility_or_unknown,6,0,0
devtools/experimentation/run_hyperparameter_tuning.py,src.devtools.experimentation.run_hyperparameter_tuning,,main,utility_or_unknown,5,0,0
devtools/prototypes/live_trading_ticker_manager.py,src.devtools.prototypes.live_trading_ticker_manager,MarketCondition;TickerScore;LiveTradingTickerManager,get_optimal_tickers_for_live_trading;__init__;analyze_market_conditions;get_base_strategy_tickers;get_trending_tickers;score_tickers;optimize_for_resources;get_optimal_tickers_for_live_trading;update_tickers_during_session,utility_or_unknown,13,0,0
ensembling/ensemble/ensemble_model.py,src.ensembling.ensemble.ensemble_model,EnsembleModel,_import_model_class;__init__;_get_default_models;_create_ensemble;train;predict;predict_proba;evaluate;save_model;load_model;get_model_info,model,19,0,0
ensembling/ensemble/__init__.py,src.ensembling.ensemble.__init__,,,utility_or_unknown,3,0,0
ensembling/ensemble/archive/adaptive_ensemble.py,src.ensembling.ensemble.archive.adaptive_ensemble,AdaptiveEnsemble,__init__;create_ensemble_predictions;_simple_average;_weighted_average;_adaptive_weighted_average;_context_aware_weighting;_meta_learner_ensemble;_get_market_phase_weights;_get_volatility_weights;_update_performance_history;get_best_ensemble_method;get_model_performance_summary;_gap_based_weighting,model,15,0,1
features/analysis/importance_stability_analyzer.py,src.features.analysis.importance_stability_analyzer,ImportanceStabilityAnalyzer,__init__;analyze_importance_stability;_process_feature_stability;detect_regime_switch;_get_time_since_last_switch;_calculate_feature_change;_calculate_regime_comparison;calculate_importance_changes,analyzer,4,1,0
features/analysis/market_conditions_analyzer.py,src.features.analysis.market_conditions_analyzer,MarketConditionsAnalyzer,__init__;detect_market_regime;calculate_volatility;calculate_trend;calculate_market_conditions,analyzer,5,1,0
features/analysis/news_decay_modeler.py,src.features.analysis.news_decay_modeler,NewsDecayModeler,get_news_decay_modeler;fit_news_decay_model_quick;__init__;fit_optimal_decay_model;_prepare_modeling_data;_fit_news_type_model;_generate_optimization_summary;_store_trained_models;predict_news_impact;get_model_performance_summary;_process_model_file;_calculate_model_stability,model,11,1,1
features/analysis/regime_adapter.py,src.features.analysis.regime_adapter,RegimeAdapter,__init__;generate_adaptation_recommendations;get_regime_specific_recommendations;update_method_weights,utility_or_unknown,2,1,0
features/analysis/regime_importance_tracker.py,src.features.analysis.regime_importance_tracker,RegimeImportanceTracker,get_regime_importance_tracker;track_regime_importance_quick;__init__;track_feature_importance;_clean_old_data;_store_tracking_results;get_regime_importance_summary;_calculate_regime_stats;_get_most_common_regime;_calculate_regime_stability_scores,utility_or_unknown,12,2,0
features/analysis/__init__.py,src.features.analysis.__init__,,,utility_or_unknown,6,0,0
features/builders/news_event_dataset_builder.py,src.features.builders.news_event_dataset_builder,NewsEventDatasetBuilder,__init__;build_dataset;_process_all_news;_build_record_for_news;_add_candles_to_record;_get_ticker_prices;_add_targets_from_candle;_finalize_dataset,target_calculator,8,0,1
features/builders/__init__.py,src.features.builders.__init__,,,utility_or_unknown,1,0,0
features/enrichers/advanced_analytics_enricher.py,src.features.enrichers.advanced_analytics_enricher,AdvancedAnalyticsEnricher,__init__;name;priority;_enrich_impl;_add_sentiment_statistics;_add_macro_composite_score;_add_market_phase_detection;_get_phase_mapping;_log_market_regime_info,enricher,7,0,0
features/enrichers/base.py,src.features.enrichers.base,EnricherError;BaseEnricher,__init__;name;priority;enrich;_enrich_impl,enricher,4,12,0
features/enrichers/context_map_enricher.py,src.features.enrichers.context_map_enricher,ContextMapEnricher,name;priority;__init__;_load_defaults;_enrich_impl;_get_champion_state;_get_context_columns;_integrate_higher_order_features;_process_context_columns;_process_numeric_column;_generate_context_features;_generate_pattern_sequences;_calculate_context_velocity;_log_context_statistics;_get_threshold,enricher,8,0,1
features/enrichers/decay_features_enricher.py,src.features.enrichers.decay_features_enricher,DecayFeaturesEnricher,__init__;name;priority;_calculate_decay_factor;_apply_decay_to_column;_enrich_impl,enricher,5,0,0
features/enrichers/derived_features_enricher.py,src.features.enrichers.derived_features_enricher,DerivedFeaturesEnricher,__init__;name;priority;_enrich_impl;_resolve_price_target_column;_add_price_based_features;_add_returns_based_features;_add_lags;_add_velocity;_add_acceleration;_add_rolling_stat,enricher,5,0,0
features/enrichers/hype_enricher.py,src.features.enrichers.hype_enricher,HypeEnricher,__init__;name;priority;_enrich_impl;_validate_input;_validate_news_data;_find_time_column;_process_hype_enrichment;_prepare_news_data;_normalize_dataframe_datetime;_has_ticker_data;_calculate_ticker_hype;_calculate_global_hype;_merge_hype_scores;_aggregate_news_by_ticker;_aggregate_news_globally;_normalize_news_count_datetime,enricher,4,0,0
features/enrichers/improved_macro_enricher.py,src.features.enrichers.improved_macro_enricher,ImprovedMacroEnricher,__init__;_handle_missing_macro_data;_fill_with_cached_values;_update_macro_cache;_merge_macro_data,enricher,2,0,0
features/enrichers/improved_sentiment_enricher.py,src.features.enrichers.improved_sentiment_enricher,ImprovedSentimentEnricher,__init__;_handle_missing_sentiment;_update_sentiment_cache;_add_rolling_statistics;_add_sentiment_velocity,enricher,2,0,2
features/enrichers/keyword_entity_enricher.py,src.features.enrichers.keyword_entity_enricher,KeywordEntityEnricher,__init__;name;priority;_enrich_impl;_validate_input;_validate_news_data;_find_text_column;_find_time_column;_process_enrichment;_prepare_news_data;_extract_features;_aggregate_by_time;_merge_with_main_df;_ensure_datetime_index;_normalize_timezones;_prepare_df_for_merge;_prepare_aggregated_for_merge;_normalize_datetime_column;_finalize_merge_result,enricher,6,0,0
features/enrichers/macro_features_enricher.py,src.features.enrichers.macro_features_enricher,MacroFeaturesEnricher,name;priority;__init__;_validate_dataframe;_filter_test_ticker;_prepare_macro_data;_determine_date_range;_load_full_macro_from_cache;_pivot_macro_data;_enrich_impl;_prepare_macro_index;_normalize_datetime_column;_merge_with_duplicates;_merge_without_duplicates;_post_process_fred_columns;_merge_macro_data;_create_fred_session;_load_fred_series;_try_load_cache_fallback;_normalize_date_range;_strip_timezone_from_index;_load_macro_data;_strip_timezone_from_date;_check_cache_full_coverage;_check_cache_partial_coverage;_is_cache_valid;_request_with_timeout,enricher,12,0,0
features/enrichers/market_context_enricher.py,src.features.enrichers.market_context_enricher,MarketContextEnricher,name;priority;__init__;_enrich_impl;_add_context_features;_add_temporal_features;_log_latest_values,enricher,6,0,0
features/enrichers/news_impact_enricher.py,src.features.enrichers.news_impact_enricher,NewsImpactEnricher,__init__;name;priority;_enrich_impl;_enrich_event_centric;_find_text_column;_find_time_column;_extract_news_rows;_prepare_news_for_analyzer;_run_analyzer_and_merge;_merge_impact_scores;_add_zero_scores;_enrich_traditional;_find_news_text_column;_find_news_time_column;_prepare_traditional_news;_run_analyzer_and_merge_traditional;_prepare_main_dataframe;_normalize_timezones_traditional;_merge_traditional_impact_scores,enricher,6,0,0
features/enrichers/news_quality_enricher.py,src.features.enrichers.news_quality_enricher,NewsQualityEnricher,__init__;name;priority;_enrich_impl;_find_time_column;_prepare_news_data;_calculate_quality_metrics;_merge_with_main_dataframe;_normalize_datetime_column;_calculate_news_freshness,enricher,4,0,1
features/enrichers/nlp_features_enricher.py,src.features.enrichers.nlp_features_enricher,NLPFeaturesEnricher,__init__;name;priority;_enrich_impl;_validate_inputs;_analyze_news;_prepare_features_for_merge;_create_datetime_column;_find_date_column;_normalize_datetime_column;_prepare_main_dataframe;_merge_features_by_ticker;_get_ticker_features;_merge_group_features,enricher,5,0,0
features/enrichers/sentiment_features_enricher.py,src.features.enrichers.sentiment_features_enricher,SentimentFeaturesEnricher,name;priority;__init__;_enrich_impl;_validate_input;_find_sentiment_column;_merge_news_sentiment;_validate_news_data;_find_time_column;_find_news_sentiment_column;_normalize_time_column;_aggregate_ticker_news;_aggregate_general_news;_aggregate_by_type_column;_aggregate_by_ticker_column;_aggregate_news_sentiment;_normalize_datetime_column;_merge_sentiment_with_main_df;_prepare_dataframe;_process_ticker_groups;_add_rolling_statistics;_add_sentiment_velocity;_add_news_intensity;_add_decay_weighted_sentiment;_calculate_decay_weights;apply_decay,enricher,5,0,0
features/enrichers/significance_features_enricher.py,src.features.enrichers.significance_features_enricher,SignificanceFeaturesEnricher,name;priority;__init__;_enrich_impl;_filter_significant_events;_create_significance_features;_create_significance_column;_days_since_last_event,enricher,4,0,0
features/enrichers/technical_analysis_enricher.py,src.features.enrichers.technical_analysis_enricher,TechnicalAnalysisEnricher,__init__;_load_calculators;name;priority;_enrich_impl;_enrich_single_group;_validate_input;_get_indicator_mapping;_is_indicator_enabled;_process_indicator;_process_multiple_windows;_process_standard_indicator;_add_advanced_features;_add_volatility_features;_add_market_regime_features;_add_drawdown_features;_add_risk_reward_features;_add_econometrics_features;_add_fama_french_features;_calculate_hurst_exponent,calculator,18,0,0
features/enrichers/time_features_enricher.py,src.features.enrichers.time_features_enricher,TimeFeaturesEnricher,__init__;name;priority;_enrich_impl,enricher,5,0,0
features/enrichers/volatility_enricher.py,src.features.enrichers.volatility_enricher,VolatilityEnricher,name;priority;__init__;_enrich_impl,enricher,5,0,0
features/enrichers/volume_enricher.py,src.features.enrichers.volume_enricher,VolumeEnricher,name;priority;__init__;_enrich_impl,enricher,5,0,0
features/enrichers/__init__.py,src.features.enrichers.__init__,,,enricher,0,0,0
features/monitoring/feature_drift_detector.py,src.features.monitoring.feature_drift_detector,FeatureDriftDetector,check_feature_drift;__init__;detect_drift;_parse_drift_results;_save_report;get_metrics;reset_metrics,calculator,8,0,0
features/nlp/deduplication_service.py,src.features.nlp.deduplication_service,DeduplicationService,__init__;deduplicate,utility_or_unknown,4,0,0
features/nlp/__init__.py,src.features.nlp.__init__,,,utility_or_unknown,0,0,0
features/selection/enhanced_smart_selector.py,src.features.selection.enhanced_smart_selector,EnhancedSmartFeatureSelector,get_enhanced_smart_selector;select_features_enhanced;__init__;select_with_full_analysis;_get_weights_for_pattern;_calculate_performance_metrics,calculator,12,2,0
features/selection/smart_selector.py,src.features.selection.smart_selector,SmartFeatureSelector,__init__;_load_storage;_save_storage;_check_cache;_pre_filter_data;_run_feature_selection_methods;_select_features_by_threshold;_apply_max_features_limit;_cache_results;select;_clean_data;_get_methods_for_regime;_correlation_filter;_mutual_info_filter;_lgbm_filter;_random_forest_filter;_variance_filter,selector,13,1,1
features/selection/volatility_driver_selector.py,src.features.selection.volatility_driver_selector,VolatilityDriverSelector,__init__;select,selector,4,1,0
features/selection/__init__.py,src.features.selection.__init__,,__getattr__,utility_or_unknown,4,0,0
features/utils/adaptive_technical_indicators.py,src.features.utils.adaptive_technical_indicators,AdaptiveTechnicalIndicators,__init__;adaptive_rsi;adaptive_macd;adaptive_bollinger_bands;adaptive_atr;adaptive_moving_averages;adaptive_volume_indicators;adaptive_momentum_indicators;_calculate_wma;calculate_all_adaptive_indicators;get_adaptive_parameters;_classify_market_condition,utility_or_unknown,3,0,3
features/utils/datetime_utils.py,src.features.utils.datetime_utils,,ensure_datetime_column;ensure_ticker_column;normalize_metadata_columns;split_datetime_ticker;roundtrip_datetime_ticker;deduplicate_on_metadata;ensure_datetime_sorted,utility_or_unknown,2,1,0
features/utils/hybrid_adaptive_technical_indicators.py,src.features.utils.hybrid_adaptive_technical_indicators,HybridAdaptiveTechnicalIndicators,__init__;adaptive_rsi;adaptive_macd;adaptive_bollinger_bands;calculate_all_adaptive_indicators;get_adaptive_parameters,utility_or_unknown,2,0,14
features/utils/modular_adaptive_technical_indicators.py,src.features.utils.modular_adaptive_technical_indicators,RSICalculator;MACDCalculator;BollingerBandsCalculator;ModularAdaptiveTechnicalIndicators,_clean_price_returns;_series_with_default;__init__;calculate;__init__;calculate;__init__;calculate;_safe_rolling_stats;__init__;adaptive_rsi;adaptive_macd;adaptive_bollinger_bands;calculate_all_adaptive_indicators;get_adaptive_parameters,calculator,5,0,0
features/utils/simple_adaptive_technical_indicators.py,src.features.utils.simple_adaptive_technical_indicators,SimpleAdaptiveTechnicalIndicators,__init__;adaptive_rsi;adaptive_macd;adaptive_bollinger_bands;calculate_all_adaptive_indicators,utility_or_unknown,2,0,5
features/utils/technical_indicators_lib.py,src.features.utils.technical_indicators_lib,TechnicalIndicators,calculate_sma;calculate_ema;calculate_rsi;calculate_macd;calculate_bollinger_bands;calculate_atr;calculate_stochastic;calculate_williams_r;calculate_cci,utility_or_unknown,2,1,0
features/utils/time_utils.py,src.features.utils.time_utils,,add_time_features,utility_or_unknown,3,1,0
features/utils/ultimate_adaptive_technical_indicators.py,src.features.utils.ultimate_adaptive_technical_indicators,UltimateAdaptiveTechnicalIndicators,__init__;_safe_rolling_stats;adaptive_rsi;adaptive_macd;adaptive_bollinger_bands;calculate_all_adaptive_indicators;get_adaptive_parameters,utility_or_unknown,3,0,10
features/utils/__init__.py,src.features.utils.__init__,,,utility_or_unknown,0,0,0
features/validation/feature_leakage_guard.py,src.features.validation.feature_leakage_guard,LeakageReport;FeatureLeakageGuard,get_leakage_guard;__init__;has_issues;to_dict;__repr__;__init__;check;_check_forbidden_cols;_check_correlation;_save_report,validator,6,1,0
features/validation/redundancy_detector.py,src.features.validation.redundancy_detector,RedundancyDetector,get_redundancy_detector;eliminate_redundancy_quick;__init__;_filter_numeric_features;_combine_redundant_features;_create_final_feature_set;_update_results;eliminate_redundant_features;_remove_low_variance_features;_detect_correlation_redundancy;_calculate_vif_analysis;_select_representative_features;_select_best_feature_from_group;_create_empty_result;_log_redundancy_summary;get_redundancy_report,detector,7,1,0
features/validation/__init__.py,src.features.validation.__init__,,,utility_or_unknown,6,0,0
features/analysis/decay/decay_function_registry.py,src.features.analysis.decay.decay_function_registry,DecayFunctionRegistry,__init__;_initialize_decay_functions;_initialize_news_types;get_decay_function;get_news_type_config;get_all_decay_functions;get_all_news_types,factory,3,1,0
features/analysis/decay/decay_model_fitter.py,src.features.analysis.decay.decay_model_fitter,DecayModelFitter,__init__;fit_decay_function;_get_initial_parameters;_calculate_r2;select_best_overall_model;select_best_function_for_type;combined_score;decay_function_with_params;objective,model,7,1,0
features/analysis/decay/decay_predictor.py,src.features.analysis.decay.decay_predictor,DecayPredictor,__init__;predict_news_impact,utility_or_unknown,5,1,0
features/builders/news_event/candle_seeker.py,src.features.builders.news_event.candle_seeker,NewsCandleSeeker,feature_to_key;__init__;normalize_datetime;get_candles_before;get_candles_after;extract_features;_find_datetime_column,utility_or_unknown,3,0,0
features/builders/news_event/enricher.py,src.features.builders.news_event.enricher,NewsGlobalEnricher,__init__;enrich_record;get_macro_features;get_long_term_mas;calculate_context_map;_macro_indicator_state;_normalize_timestamp;_filter_macro_data_before_date,enricher,3,0,0
features/builders/news_event/filter.py,src.features.builders.news_event.filter,NewsEventDataFilter,__init__;filter_tickers;find_publication_column;has_missing_data;log_stats,utility_or_unknown,2,0,0
features/nlp/extractors/entity_extractor.py,src.features.nlp.extractors.entity_extractor,EntityExtractor,__init__;_load_model;extract;extract_batch,model,4,1,0
features/nlp/extractors/keyword_extractor.py,src.features.nlp.extractors.keyword_extractor,KeywordExtractor,__init__;update_keywords;extract,utility_or_unknown,2,2,0
features/nlp/extractors/news_ticker_detector.py,src.features.nlp.extractors.news_ticker_detector,NewsTickerDetector,create_news_ticker_detector;__init__;extract_tickers_from_text;_calculate_financial_relevance;get_primary_ticker;analyze_news_batch;get_ticker_distribution;filter_relevant_news,detector,3,0,0
features/nlp/models/finbert_pipeline.py,src.features.nlp.models.finbert_pipeline,,get_finbert_pipeline,model,7,0,0
features/nlp/models/roberta_sentiment.py,src.features.nlp.models.roberta_sentiment,RobertaSentimentAnalyzer,_get_torch;_get_transformers;__init__;_load_model;analyze,model,4,1,0
features/nlp/models/sentiment_core.py,src.features.nlp.models.sentiment_core,,_get_auto_model_class;make_sentiment_key;get_model;compute_score;compute_news_score_safe,model,6,17,0
features/nlp/processors/article_processor.py,src.features.nlp.processors.article_processor,ArticleProcessor,__init__;process,utility_or_unknown,7,0,0
features/nlp/processors/news_analyzer.py,src.features.nlp.processors.news_analyzer,QuickNewsAnalyzer;NewsAnalyzer,__init__;_add_empty_cols;cluster_and_analyze;average_sentiment;__init__;cluster_news;get_latest_news_sentiment,analyzer,6,1,0
features/nlp/processors/news_harmonizer.py,src.features.nlp.processors.news_harmonizer,,_get_news_fields;detect_news_format;harmonize_entry;harmonize_batch,utility_or_unknown,4,0,0
features/nlp/processors/news_processing.py,src.features.nlp.processors.news_processing,,process_news_data;_preprocess_news;_cluster_news;get_news_sentiment;filter_news_by_date,utility_or_unknown,8,0,0
features/nlp/scoring/keyword_features.py,src.features.nlp.scoring.keyword_features,KeywordExtractor,build_keyword_features;__init__;extract_keywords;count_matches,utility_or_unknown,3,0,0
features/nlp/scoring/news_score.py,src.features.nlp.scoring.news_score,,compute_news_score,utility_or_unknown,1,18,0
features/nlp/scoring/news_scorer.py,src.features.nlp.scoring.news_scorer,NewsScorer,__init__;_calculate_directional_sentiment;_calculate_relevance_score;_calculate_significance_score;score,utility_or_unknown,3,1,0
features/nlp/scoring/simple_sentiment.py,src.features.nlp.scoring.simple_sentiment,SimpleSentimentAnalyzer,__init__;analyze,analyzer,3,1,0
features/nlp/scoring/summarizer.py,src.features.nlp.scoring.summarizer,Summarizer,_get_pipeline;__init__;_load_model;summarize,model,4,1,0
features/nlp/utils/gdelt_utils.py,src.features.nlp.utils.gdelt_utils,,_extract_date_from_gdelt;_assign_tickers;_extract_keywords;_calculate_mention_score;normalize_gdelt_signals,utility_or_unknown,2,0,0
features/nlp/utils/mention_utils.py,src.features.nlp.utils.mention_utils,,safe_get;compute_mention_score;safe_get_nested,utility_or_unknown,3,0,0
feature_engineering/transformers/transformers.py,src.feature_engineering.transformers.transformers,_BaseScalerTransformer;StandardScalerTransformer;MinMaxScalerTransformer,__post_init__;fit;transform;fit_transform;_available_columns,utility_or_unknown,8,2,0
feature_engineering/transformers/__init__.py,src.feature_engineering.transformers.__init__,,,utility_or_unknown,2,0,0
integrations/data/bigquery_client.py,src.integrations.data.bigquery_client,BigQueryClient,__init__;name;ping;execute_query;validate_query;get_query_cost_estimate;_get_heuristic_cost_estimate;_generate_gdelt_mock_data;_generate_generic_mock_data,utility_or_unknown,14,1,0
integrations/infra/github_actions.py,src.integrations.infra.github_actions,GitHubActionsClient,__init__;name;ping;run_ci_checks;check_code_quality;run_performance_tests;run_unit_tests;run_integration_tests;run_security_scan;check_dependencies;calculate_complexity;get_code_coverage;find_duplicates;check_security;check_code_style;calculate_maintainability_index;test_pipeline_performance;test_model_inference_speed;test_database_performance;test_memory_usage;test_cpu_efficiency;run_simple_tests;test_pipeline_integration;test_database_integration;test_model_integration;test_api_integration;scan_vulnerabilities;scan_secrets;scan_dependency_vulnerabilities;scan_code_injection;check_outdated_packages;check_package_vulnerabilities;check_licenses;analyze_dependency_tree;calculate_quality_score;calculate_performance_score;get_quality_recommendations;get_performance_recommendations;get_test_recommendations;get_integration_recommendations;get_security_recommendations;get_dependency_recommendations,model,13,0,0
main/modes/backtest.py,src.main.modes.backtest,BacktestMode,run;_run_standard_backtest;_run_walk_forward_validation;_detect_biases;_apply_embargo_period;_get_historical_data;_aggregate_walk_forward_results;_log_walk_forward_results;_execute_pipeline;_extract_predictions_and_signals;_validate_price_data;_align_data;_run_portfolio_simulation;_log_results;optimization_function,orchestrator,9,1,0
main/modes/base.py,src.main.modes.base,BaseMode,__init__;run;validate_prerequisites;cleanup;get_mode_info,utility_or_unknown,6,4,0
main/modes/intelligent.py,src.main.modes.intelligent,IntelligentMode,__init__;run;_get_tickers,utility_or_unknown,6,0,0
main/modes/monster_test.py,src.main.modes.monster_test,MonsterTestMode,run;_analyze_monte_carlo_results;simple_strategy,utility_or_unknown,10,0,0
main/modes/predict.py,src.main.modes.predict,PredictMode,__init__;run,utility_or_unknown,6,1,0
main/modes/train.py,src.main.modes.train,TrainMode,__init__;run,utility_or_unknown,6,1,0
main/modes/training_data_pipeline.py,src.main.modes.training_data_pipeline,,run_pipeline,orchestrator,10,1,3
main/modes/web_ui.py,src.main.modes.web_ui,WebUIMode;TradingUIHandler,__init__;run;_log_startup_info;_handle_server_shutdown;_handle_startup_error;_create_handler;_create_static_file_handler;_create_page_request_handler;_create_api_request_handler;_create_json_response_handler;_create_html_content_handler;_create_serve_file_handler;_create_trading_ui_handler;get_system_overview;get_portfolio_status;get_market_data;get_performance_metrics;_get_performance_report;get_index_html;get_dashboard_html;get_trading_html;_is_static_file_request;_handle_static_file;_handle_page_request;handle_api_request;_get_api_response;send_json_response;get_html_content;serve_file;__init__;do_GET,calculator,8,0,0
main/modes/__init__.py,src.main.modes.__init__,,__getattr__,utility_or_unknown,4,0,0
meta_learning/awareness/context_engine.py,src.meta_learning.awareness.context_engine,ContextAwarenessEngine,,utility_or_unknown,1,0,0
meta_learning/evolution/dual_loops.py,src.meta_learning.evolution.dual_loops,RuleStatus;TradingRule;LearningLoopsEngine,__init__;name;update;get_state;_initialize_database;run_hypothesis_generation;_simulate_trades_from_fingerprints;run_performance_review;_save_rule;promote_rule;_update_rule_status_by_agent;get_rules_for_agent;close,utility_or_unknown,14,0,0
meta_learning/memory/contextual_weight_calculator.py,src.meta_learning.memory.contextual_weight_calculator,WeightResult;ContextualWeightCalculator,__init__;get_contextual_model_weights;get_contextual_model_weights_by_pattern_seq;_calculate_weights_from_dataframe;fingerprint_to_vec;pattern_sequence_to_vec,calculator,4,2,0
meta_learning/memory/diary_engine.py,src.meta_learning.memory.diary_engine,DecisionType;DecisionOutcome;DecisionRecord;DiaryEngine,__init__;name;update;get_state;_ensure_db_initialized;_initialize_database;_ensure_context_pattern_seq_column;log_event;record_decision;record_decision_metadata;get_history_by_agent;get_recent_trades;get_context_vulnerability;get_context_success_analysis;_analyze_fingerprint_components;export_context_heatmap_data;compare_agents;_calculate_agent_performance;_calculate_performance_metrics;_generate_promotion_recommendations;_check_promotion_criteria;suggest_threshold_adjustments;log_entry;get_recent_entries;memory_usage;get_contextual_model_weights;get_contextual_model_weights_by_pattern_seq;get_knn_contextual_model_weights,calculator,21,8,0
meta_learning/memory/knn_context_finder.py,src.meta_learning.memory.knn_context_finder,KnnContextFinder,__init__;_try_exact_fingerprint_match;_try_pattern_seq_match;_load_historical_fingerprints;_build_knn_vectors;_find_knn_neighbors;_aggregate_neighbor_weights;get_knn_contextual_model_weights;_get_knn_weights_for_pattern_sequence;_fingerprint_to_vec,model,6,1,20
meta_learning/security/agent_permissions.py,src.meta_learning.security.agent_permissions,ActionType;AgentRole;Permission;AgentIdentity;AgentPermissionSystem,get_agent_permission_system;check_agent_permission;__init__;register_agent;_check_agent_registered;_check_agent_active;_find_matching_permission;_check_permission_allowed;_check_conditions;_check_time_restrictions;_check_resource_limits;_create_denied_result;_validate_permission_checks;check_permission;revoke_agent_permissions;get_agent_status;_initialize_default_permissions;_check_max_position_size;_check_max_risk_per_trade;_check_simulation_only;_check_max_change_pct;_check_requires_explicit_enablement;_evaluate_conditions_dict;_evaluate_time_restrictions_dict;_check_rate_limits;_evaluate_resource_limits_dict;_record_action;_log_audit_event;_save_audit_log,risk,9,0,0
meta_learning/security/constraint_engine.py,src.meta_learning.security.constraint_engine,ConstraintType;ConstraintSeverity;Constraint;ConstraintViolation;SecurityConstraintEngine,get_security_constraint_engine;validate_agent_action;__init__;_check_constraint;_determine_action_allowed;_build_validation_result;validate_action;add_constraint;remove_constraint;get_constraint_status;get_violation_history;_add_position_size_constraint;_add_risk_exposure_constraint;_add_trading_frequency_constraint;_add_consecutive_losses_constraint;_add_volatility_constraint;_add_liquidity_constraint;_add_correlation_constraint;_initialize_default_constraints;_validate_position_size;_validate_risk_exposure;_validate_trading_frequency;_validate_consecutive_losses;_validate_volatility_limits;_validate_liquidity_requirements;_validate_correlation_limits;_create_violation;_record_violation;_get_recommended_action;_trigger_emergency_stop;_violation_to_dict,risk,12,1,0
meta_learning/security/constraint_validators.py,src.meta_learning.security.constraint_validators,ConstraintValidators,__init__;validate_position_size;validate_risk_exposure;validate_trading_frequency;validate_consecutive_losses;validate_volatility_limits;validate_liquidity_requirements;validate_correlation_limits,validator,6,1,0
meta_learning/awareness/context/analyzer.py,src.meta_learning.awareness.context.analyzer,ContextAnalyzer,__init__;detect_market_regime;detect_volatility_regime;calculate_sentiment_index;get_memory_insight;generate_recommendations,analyzer,7,0,0
meta_learning/awareness/context/manager.py,src.meta_learning.awareness.context.manager,ContextAwarenessEngine,__init__;name;update;analyze_market_context;_estimate_fear_greed_index;_estimate_vix_level;get_state;close,utility_or_unknown,8,0,0
meta_learning/awareness/context/models.py,src.meta_learning.awareness.context.models,EventType;EventImpact;MarketRegime;MarketEvent;MarketContext,,model,4,0,0
meta_learning/awareness/context/scanner.py,src.meta_learning.awareness.context.scanner,EventScanner,__init__;scan_all_sources;_fetch_news,utility_or_unknown,2,0,0
meta_learning/awareness/context/storage.py,src.meta_learning.awareness.context.storage,ContextStorage,__init__;_ensure_connection;_initialize_database;save_market_event;save_market_context;get_recent_events;_row_to_event;close,utility_or_unknown,9,0,0
meta_learning/awareness/context/__init__.py,src.meta_learning.awareness.context.__init__,,,utility_or_unknown,9,0,0
meta_learning/evolution/optimization/bayesian_optimizer.py,src.meta_learning.evolution.optimization.bayesian_optimizer,BayesianOptimizer,__init__;objective;optimize,utility_or_unknown,5,0,0
meta_learning/evolution/optimization/__init__.py,src.meta_learning.evolution.optimization.__init__,,,utility_or_unknown,0,0,0
metrics/financial/financial_metrics_library.py,src.metrics.financial.financial_metrics_library,FinancialMetricsLibrary,calculate_total_return;calculate_cagr;calculate_annualized_volatility;calculate_sharpe_ratio;calculate_sortino_ratio;calculate_drawdowns;calculate_max_drawdown;calculate_underwater_duration;run_granger_causality;get_var_forecast;calculate_calmar_ratio;calculate_beta;calculate_treynor_ratio;calculate_var_cvar;calculate_information_ratio,risk,9,0,0
metrics/financial/portfolio_metrics.py,src.metrics.financial.portfolio_metrics,PortfolioMetricsCalculator,__init__;category;calculate;calculate_pnl;calculate_risk_metrics;calculate_drawdown;validate_input,calculator,6,2,0
metrics/model/ml_evaluator.py,src.metrics.model.ml_evaluator,MLEvaluator,calculate_all_metrics;infer_task_type;__init__;category;validate_input;calculate;calculate_regression_metrics;calculate_classification_metrics;_calculate_probabilistic_metrics;_infer_task_type,calculator,14,2,0
metrics/utils/calculation_tools.py,src.metrics.utils.calculation_tools,,adjust_for_risk_free_rate;annualize_returns;calculate_rolling_volatility;calculate_drawdown_series,risk,3,1,0
models/actions/action_trigger.py,src.models.actions.action_trigger,ActionTrigger,__init__;trigger_actions;_send_critical_alert;get_retraining_history,model,3,1,0
models/adapters/adapters.py,src.models.adapters.adapters,LightModelInterface;HeavyModelInterface,__init__;train;predict;save_model;load_model;__init__;_initialize_manager;train;predict;save_model;load_model,model,11,0,0
models/adapters/categorical_helper.py,src.models.adapters.categorical_helper,,handle_categorical_features_split,model,2,0,0
models/adapters/data_preparation.py,src.models.adapters.data_preparation,,prepare_data_for_models;handle_categorical_features;log_data_distribution;prepare_sequence_data_optimized;filter_data_by_ticker_timeframe;validate_data_shapes;strided_window,model,11,2,0
models/adapters/sentiment_integration.py,src.models.adapters.sentiment_integration,SentimentModelIntegrator,get_sentiment_integrator;integrate_sentiment_in_pipeline;get_sentiment_trading_signal;__init__;initialize;analyze_news_sentiment;extract_sentiment_features;_calculate_sentiment_features;_add_base_sentiment_metrics;_add_sentiment_volatility_metrics;_add_price_correlation_metrics;_extract_sentiment_scores;_calculate_sentiment_score;_create_default_sentiment_features;enhance_features_with_sentiment;get_sentiment_signal,calculator,8,1,0
models/adapters/unified_model_adapter.py,src.models.adapters.unified_model_adapter,UnifiedModelAdapter,__init__;get_features_for_model;_fallback_selection;_find_alternative_feature;_filter_for_ticker;adapt_for_heavy_model,model,8,0,0
models/analysis/baseline_dominance_detector.py,src.models.analysis.baseline_dominance_detector,BaselineDominanceDetector,__init__;_init_components;analyze_baseline_dominance;_train_baseline_models,model,12,2,0
models/analysis/model_analyzer.py,src.models.analysis.model_analyzer,ModelAnalyzer,__init__;perform_baseline_analysis;perform_regime_analysis;perform_overfitting_analysis;perform_drift_monitoring;_calculate_model_metrics,calculator,12,1,0
models/analysis/model_health_analyzer.py,src.models.analysis.model_health_analyzer,ModelHealthAnalyzer,__init__;analyze,model,9,0,0
models/analysis/overfitting_detector.py,src.models.analysis.overfitting_detector,OverfittingDetector,get_overfitting_detector;detect_overfitting_quick,model,3,2,0
models/analysis/regime_winner_analyzer.py,src.models.analysis.regime_winner_analyzer,RegimeWinnerAnalyzer,__init__;_init_components;analyze_regime_consistency;_analyze_winners_by_regime;_calculate_consistency_metrics;_detect_regime_switching;_generate_regime_recommendations;_store_analysis_results;get_regime_summary;_calculate_distribution,calculator,14,2,0
models/analysis/__init__.py,src.models.analysis.__init__,,,model,3,0,0
models/dean/dean_bootstrap_system.py,src.models.dean.dean_bootstrap_system,ModelRole;DeanAction;DeanCritique;DeanSimulation;DeanBootstrapSystem,get_dean_system;get_dean_bootstrap_system;__init__;register_model;bootstrap_action_critique;calculate_reward;adversarial_evolution;internal_simulation;_generate_action;_generate_critique;_train_actor;_apply_adversarial_pressure;_simulate_scenario;get_evolution_summary;_calculate_current_performance;_calculate_learning_rate,model,8,3,0
models/ensemble/confidence_calibrator.py,src.models.ensemble.confidence_calibrator,ConfidenceCalibrator,get_confidence_calibrator;calibrate_confidence_quick;__init__;_get_strategy;fit;transform;_calculate_calibration_metrics;save_calibrator;load_calibrator,calculator,9,0,0
models/ensemble/dynamic_weights.py,src.models.ensemble.dynamic_weights,DynamicWeightCalculator,__init__;calculate_weights;_performance_based_weights;_context_aware_weights;_adaptive_weights;get_weight_history;export_weights;import_weights;get_stats;reset_history,calculator,6,0,0
models/ensemble/enhanced_ensemble.py,src.models.ensemble.enhanced_ensemble,EnhancedEnsembleModel,__init__;load_colab_results;_process_models_metadata;_process_timeframe_format;_process_timeframes_data;_load_model_from_path;_should_skip_model;_load_single_model;load_local_light_models;_parse_model_filename;_log_model_statistics;get_model_statistics;vectorized_comparison;_get_unique_tickers;_get_ticker_features;_create_comparison_result;create_ensemble;_create_single_ensemble;is_safe_path,model,8,0,0
models/ensemble/ensemble_model.py,src.models.ensemble.ensemble_model,EnsembleModel,__init__;name;train;predict;predict_proba;save_model;load_model,model,11,1,0
models/ensemble/model_correlation_analyzer.py,src.models.ensemble.model_correlation_analyzer,ModelCorrelationAnalyzer,get_model_correlation_analyzer;analyze_model_correlation_quick;__init__;analyze_correlation;select_diverse_subset;adjust_weights_by_correlation;plot_correlation_matrix;get_analysis_summary,model,4,0,0
models/ensemble/weight_stability_monitor.py,src.models.ensemble.weight_stability_monitor,WeightStabilityMonitor,get_weight_stability_monitor;monitor_weight_stability_quick,model,3,0,0
models/ensemble/__init__.py,src.models.ensemble.__init__,,,model,10,0,0
models/ensembling/composer.py,src.models.ensembling.composer,EnsembleResult;EnsembleComposer,__init__;compose;_aggregate_metrics,calculator,3,0,0
models/health/model_health_evaluator.py,src.models.health.model_health_evaluator,ModelHealthEvaluator,__init__;_calculate_baseline_score;_calculate_regime_score;_calculate_overfitting_score;_calculate_drift_score;calculate_overall_health_score;generate_comprehensive_recommendations;determine_action_required;determine_retraining_needed,model,3,1,0
models/linear/knn_model.py,src.models.linear.knn_model,KNNModel,__init__;name;train;predict;predict_proba;save_model;load_model,model,11,1,0
models/linear/linear_model.py,src.models.linear.linear_model,LinearModel,__init__;name;train;predict;predict_proba;save_model;load_model,model,11,1,0
models/linear/svm_model.py,src.models.linear.svm_model,SVMModel,__init__;name;train;predict;predict_proba;save_model;load_model,model,11,1,0
models/model_selector/adaptive_selector.py,src.models.model_selector.adaptive_selector,AdaptiveModelSelector,__init__;_get_arena_leaderboard;select_best_model_adaptive;update_from_feedback;_update_arena_feedback;_update_local_leaderboard;_get_recent_performance;_get_alternative_model;_load_leaderboard;_save_leaderboard;get_leaderboard_summary;sync_with_arena;export_history;get_model_performance,model,11,1,0
models/model_selector/competence_analyzer.py,src.models.model_selector.competence_analyzer,,load_results_json;build_competence_matrix;pick_best_models,model,7,0,0
models/model_selector/competence_map.py,src.models.model_selector.competence_map,,build_competence_map,model,2,0,0
models/model_selector/context_prediction_mapper.py,src.models.model_selector.context_prediction_mapper,ContextPredictionMapper,__init__;map_context_to_prediction_strategy;_select_prediction_strategy;_get_strategy_parameters;_create_context_prediction_map;_get_strategy_recommendations;predict_with_context;_generate_context_aware_predictions;_generate_base_predictions;_get_context_adjustment_for_prediction;_evaluate_prediction_performance;_calculate_confidence_scores,model,13,0,2
models/model_selector/dynamic_weight_selector.py,src.models.model_selector.dynamic_weight_selector,DynamicWeightSelector,__init__;select_features_with_dynamic_weights;_get_base_features;_create_context_features;_get_context_weight_for_feature;_calculate_weighted_importance;_get_dynamic_weights;select_model_with_dynamic_weights;_get_model_feature_importance;_calculate_model_context_adjustment;_calculate_feature_alignment,model,13,0,0
models/model_selector/enhanced_context_analyzer.py,src.models.model_selector.enhanced_context_analyzer,EnhancedContextAnalyzer,__init__;analyze_dynamic_context;_categorize_volatility;_categorize_data_volume;_categorize_data_quality;_categorize_time_patterns;_get_dominant_trend;_calculate_vix_confidence;_calculate_dynamic_feature_importance;_get_base_importance;_calculate_overall_context_score;_update_context_history;get_context_weighted_features;get_context_recommendations;_get_priority_actions,model,12,0,0
models/model_selector/fingerprint_selector.py,src.models.model_selector.fingerprint_selector,FingerprintModelSelector,__init__;select_best_model;get_consensus_strategy;_get_direction;_calculate_consensus_confidence;_get_action_from_direction;calculate_reward,model,3,1,0
models/model_selector/heavy_light_comparator.py,src.models.model_selector.heavy_light_comparator,ModelPerformanceMetrics;HeavyLightModelComparator,__init__;record_inference_stats;get_consensus_prediction;get_recommendation;_get_avg_f1_by_type;_calculate_latency_gap;generate_comparison_report,calculator,11,1,0
models/model_selector/selector.py,src.models.model_selector.selector,SmartModelSelector,__init__;select_best_model;get_consensus_strategy;calculate_reward,model,9,1,2
models/model_selector/smart_selector.py,src.models.model_selector.smart_selector,PerformanceHistorySelector,__init__;_load_performance_history;_load_competence_map;_save_performance_history;train_error_meta_model;analyze_context;_determine_volatility_level;_determine_trend_level;_determine_market_regime;_determine_data_quality;critique_action;_get_expected_error;_get_historical_reliability;_calculate_critique_score;_generate_critique_points;calculate_model_score;_get_historical_score;_calculate_run_scores;_calculate_weighted_score;_get_default_model_score;_calculate_context_adjustment;select_best_model;update_performance,model,7,1,0
models/model_selector/temporal_feature_analyzer.py,src.models.model_selector.temporal_feature_analyzer,TemporalFeatureAnalyzer,__init__;analyze_temporal_patterns;_get_default_features;_calculate_volatility_trend;_detect_volatility_patterns;_analyze_feature_temporal_patterns;_calculate_monthly_trend;_estimate_cycle_length;_get_cycle_phase;compare_temporal_performance;_calculate_temporal_metrics;_compare_time_periods;_calculate_period_stats;_calculate_period_trend;_generate_temporal_recommendations,calculator,11,0,0
models/model_selector/__init__.py,src.models.model_selector.__init__,,,model,3,0,0
models/monitoring/prediction_drift_monitor.py,src.models.monitoring.prediction_drift_monitor,PredictionDriftMonitor,get_prediction_drift_monitor;monitor_predictions_quick;__init__;monitor_predictions;_detect_prediction_drift;_analyze_performance_degradation;_analyze_confidence_drift;_generate_retraining_recommendations;_update_drift_status;_store_monitoring_results;_calculate_severity_distribution;_calculate_most_common_drift_method;_analyze_drift_trend;get_drift_summary;trigger_retraining,model,13,3,0
models/monitoring/__init__.py,src.models.monitoring.__init__,,,model,3,0,0
models/neural/autoencoder_model.py,src.models.neural.autoencoder_model,AutoencoderModel,__init__;name;_build_architecture;train;predict;get_anomaly_labels,model,5,1,0
models/neural/base_neural.py,src.models.neural.base_neural,BaseNeuralModel,_get_tf;__init__;_set_seed;_normalize_data;_build_architecture;train;predict;save_model;load_model;name,model,9,5,0
models/neural/cnn_model.py,src.models.neural.cnn_model,CNNModel,__init__;name;_build_architecture;train;predict;predict_proba,model,6,1,0
models/neural/gru_model.py,src.models.neural.gru_model,GRUModel,__init__;name;_build_architecture;train;predict,model,5,1,0
models/neural/lstm_model.py,src.models.neural.lstm_model,LSTMModel,__init__;name;_build_architecture;train;predict,model,7,1,0
models/neural/mlp_model.py,src.models.neural.mlp_model,MLPModel,__init__;name;_build_architecture,model,4,1,0
models/neural/neural_network_model.py,src.models.neural.neural_network_model,NeuralNetworkModel,__init__;_create_fallback_model;fit;_fit_sklearn_nn;_fit_fallback;predict;_predict_nn;_predict_fallback;predict_proba;get_params,model,11,0,0
models/neural/sequence_builder.py,src.models.neural.sequence_builder,SequenceBuilder,build_sequences;__init__;build_sequences;_build_sliding_window;_build_reshape;_build_timesteps,model,4,1,0
models/neural/tabnet_model.py,src.models.neural.tabnet_model,TabNetModel,__init__;_create_model_instance;train;predict;save_model;load_model,model,8,1,0
models/neural/transformer_model.py,src.models.neural.transformer_model,TransformerModel,train_transformer_model;__init__;_create_fallback_model;_create_sequences;fit;_fit_tensorflow_transformer;_create_transformer_model;_fit_fallback;predict;_predict_tensorflow;_predict_fallback;predict_proba;get_params,model,12,1,0
models/prototypes/prototype.py,src.models.prototypes.prototype,ModelPrototype,__init__;clone;validate_dependencies;get_info;__repr__;__str__,model,6,3,0
models/prototypes/registry.py,src.models.prototypes.registry,PrototypeRegistry,get_prototype_registry;__init__;register;get;clone;list_all;get_by_type;get_by_version;remove;_save_registry;_load_registry;export_summary;get_stats;__repr__,model,7,2,0
models/prototypes/__init__.py,src.models.prototypes.__init__,,,model,3,0,0
models/quality/controller.py,src.models.quality.controller,ModelQualityController,get_quality_controller;__init__;validate_predictions;check_drift;check_drift_adaptive;get_quality_score;update_baseline;get_baseline;flag_anomalies;compare_models;generate_report,model,5,1,0
models/quality/__init__.py,src.models.quality.__init__,,,model,1,0,0
models/registry/model_registry.py,src.models.registry.model_registry,ModelRegistry,__init__;get_model_config;get_models_by_type;get_all_model_names;register_model;get_model;get_model_metadata;update_metadata,model,3,9,0
models/statistics/model_statistics.py,src.models.statistics.model_statistics,ModelStatistics,__init__;calculate_health_trend;get_common_issues;calculate_retraining_frequency;get_model_health_summary,model,5,1,0
models/tree/catboost_model.py,src.models.tree.catboost_model,CatBoostModel,__init__;name;_prepare_data;train;predict;predict_proba;save_model;load_model;get_feature_importance,model,7,1,0
models/tree/lightgbm_model.py,src.models.tree.lightgbm_model,LightGBMModel,__init__;name;train;predict;predict_proba;save_model;load_model,model,10,1,0
models/tree/random_forest_model.py,src.models.tree.random_forest_model,RandomForestModel,__init__;name;train;predict;predict_proba;save_model;load_model,model,11,1,0
models/tree/xgboost_model.py,src.models.tree.xgboost_model,XGBoostModel,__init__;name;train;predict;predict_proba;save_model;load_model,model,10,1,0
models/analysis/baseline/comparison.py,src.models.analysis.baseline.comparison,BaselineComparisonEngine,__init__;compare;_calculate_performance_difference;_check_baseline_dominance,model,2,1,0
models/analysis/baseline/recommendations.py,src.models.analysis.baseline.recommendations,BaselineRecommendationEngine,__init__;perform_cost_benefit_analysis;generate_simplification_recommendations,model,2,1,0
models/analysis/baselines/base.py,src.models.analysis.baselines.base,BaseBaseline,__init__;train_and_evaluate;_calculate_metrics,calculator,7,0,0
models/analysis/baselines/models.py,src.models.analysis.baselines.models,LinearRegressionBaseline;SimpleRandomForestBaseline,__init__;train_and_evaluate;__init__;train_and_evaluate,model,8,0,2
models/analysis/baselines/strategies.py,src.models.analysis.baselines.strategies,BuyAndHoldBaseline;MovingAverageBaseline;MeanReversionBaseline,__init__;train_and_evaluate;__init__;train_and_evaluate;__init__;train_and_evaluate,model,6,0,0
models/analysis/baselines/__init__.py,src.models.analysis.baselines.__init__,,,model,6,0,0
models/analysis/overfitting_detection/analyzer.py,src.models.analysis.overfitting_detection.analyzer,OverfittingAnalyzer,__init__;generate_learning_curve;perform_cv_analysis;analyze_train_val_gap;detect_signals;generate_recommendations,model,8,0,0
models/analysis/overfitting_detection/config.py,src.models.analysis.overfitting_detection.config,OverfittingConfig,__init__,model,3,0,0
models/analysis/overfitting_detection/manager.py,src.models.analysis.overfitting_detection.manager,OverfittingDetector,__init__;detect_overfitting;_create_visualizations;_store_results;get_overfitting_summary,model,9,0,0
models/analysis/overfitting_detection/metrics.py,src.models.analysis.overfitting_detection.metrics,OverfittingMetrics,calculate_metrics;analyze_data_characteristics,calculator,7,0,0
models/analysis/overfitting_detection/visualizer.py,src.models.analysis.overfitting_detection.visualizer,OverfittingVisualizer,__init__;plot_learning_curve;plot_cv_distribution,model,5,0,0
models/analysis/overfitting_detection/__init__.py,src.models.analysis.overfitting_detection.__init__,,,model,5,0,0
models/analysis/regime/detector.py,src.models.analysis.regime.detector,RegimeDetector,__init__;detect_regime;_calculate_volatility;_calculate_trend,model,4,0,0
models/analysis/regime/metrics.py,src.models.analysis.regime.metrics,RegimeMetrics,calculate_performance_score;calculate_score_gap,calculator,3,0,0
models/analysis/regime/patterns.py,src.models.analysis.regime.patterns,RegimePatternAnalyzer,__init__;calculate_model_consistency;analyze_winner_patterns;_calculate_deviation_severity;generate_regime_insights,model,5,0,0
models/analysis/regime/recommendations.py,src.models.analysis.regime.recommendations,RegimeRecommendationEngine,__init__;generate_regime_recommendations,model,2,0,0
models/analysis/regime/stability.py,src.models.analysis.regime.stability,RegimeStabilityAnalyzer,get_most_frequent_switch;calculate_average_stable_period;calculate_regime_stability,model,4,0,0
models/analysis/regime/__init__.py,src.models.analysis.regime.__init__,,,model,5,0,0
models/ensemble/calibration/base.py,src.models.ensemble.calibration.base,CalibrationStrategy,fit;transform;handle_error,model,5,0,0
models/ensemble/calibration/strategies.py,src.models.ensemble.calibration.strategies,PlattScalingStrategy;IsotonicRegressionStrategy,__init__;fit;transform;__init__;fit;transform,model,5,1,0
models/ensemble/correlation/correlation_engine.py,src.models.ensemble.correlation.correlation_engine,CorrelationEngine,get_correlation_engine;__init__;analyze_correlation;get_model_predictions;calculate_correlation_matrix;calculate_correlation;calculate_diversity_metrics;calculate_prediction_entropy;calculate_average_disagreement;calculate_prediction_variance;calculate_correlation_penalty;calculate_overall_diversity_score;find_redundant_pairs;select_optimal_subsets;find_best_subset;calculate_subset_diversity_score;select_diverse_subset;adjust_weights_by_correlation;get_analysis_summary;get_most_common_redundant_pairs;analyze_correlation_trends,calculator,11,0,0
models/ensemble/correlation/correlation_visualizer.py,src.models.ensemble.correlation.correlation_visualizer,CorrelationVisualizer,get_correlation_visualizer;__init__;plot_correlation_matrix;plot_diversity_metrics;plot_redundant_pairs;plot_diversity_trend;create_analysis_report,calculator,6,0,0
models/ensemble/correlation/__init__.py,src.models.ensemble.correlation.__init__,,,model,4,0,0
models/ensemble/weight_stability/analyzer.py,src.models.ensemble.weight_stability.analyzer,WeightStabilityAnalyzer,__init__;_check_stability_score;_check_volatility;_check_drift;_check_consistency;_check_excessive_changes;generate_stability_recommendations;determine_stability_status;is_action_required;analyze_stability_trend,model,3,0,0
models/ensemble/weight_stability/calculator.py,src.models.ensemble.weight_stability.calculator,WeightStabilityCalculator,__init__;calculate_weight_changes;check_excessive_changes;calculate_weight_volatility;calculate_weight_drift;calculate_weight_consistency;calculate_reversal_frequency;calculate_overall_stability_score,calculator,3,0,0
models/ensemble/weight_stability/config.py,src.models.ensemble.weight_stability.config,WeightStabilityConfig,__init__,model,0,0,0
models/ensemble/weight_stability/manager.py,src.models.ensemble.weight_stability.manager,WeightStabilityMonitor,__init__;update_weights;_run_analysis;_store_stability_event;stabilize_weights;get_stability_summary;plot_stability_metrics,calculator,9,0,0
models/ensemble/weight_stability/stabilizer.py,src.models.ensemble.weight_stability.stabilizer,WeightStabilizer,__init__;apply_constrained_stabilization;apply_exponential_smoothing;apply_volatility_based_stabilization;_normalize,model,2,0,0
models/ensemble/weight_stability/visualizer.py,src.models.ensemble.weight_stability.visualizer,WeightStabilityVisualizer,__init__;plot_stability_metrics,calculator,5,0,0
models/ensemble/weight_stability/__init__.py,src.models.ensemble.weight_stability.__init__,,,model,6,0,0
models/monitoring/drift/alert_system.py,src.models.monitoring.drift.alert_system,AlertSystem,get_alert_system;__init__;_check_drift_analysis;_check_performance_degradation;_check_confidence_drift;_check_cooldowns;generate_retraining_recommendations;classify_alert_severity;should_trigger_retraining;get_retraining_action;get_cooldown_hours;record_retraining;generate_alert_message;check_cooldown_status,model,3,1,0
models/monitoring/drift/analyzer.py,src.models.monitoring.drift.analyzer,DriftAnalyzer,__init__;detect_prediction_drift;analyze_performance_degradation;analyze_confidence_drift,model,4,1,0
models/monitoring/drift/drift_calculator.py,src.models.monitoring.drift.drift_calculator,DriftCalculator,get_drift_calculator;__init__;perform_ks_test;calculate_psi;calculate_wasserstein_distance;calculate_performance_metrics;analyze_performance_trend;calculate_confidence_stats;calculate_confidence_drift;calculate_overall_drift_score;determine_drift_severity,calculator,8,1,0
models/monitoring/drift/drift_visualizer.py,src.models.monitoring.drift.drift_visualizer,DriftVisualizer,get_drift_visualizer;__init__;plot_distribution_drift;plot_performance_trend;plot_confidence_drift;_plot_drift_score_gauge;_plot_performance_degradation;_plot_confidence_drift;_plot_drift_methods_comparison;_save_plot;plot_drift_summary_dashboard;plot_drift_timeline,model,10,1,0
models/monitoring/drift/history.py,src.models.monitoring.drift.history,HistoryManager,__init__;update_prediction_history;add_performance_record;add_drift_record,model,5,1,0
models/monitoring/drift/__init__.py,src.models.monitoring.drift.__init__,,,model,6,0,0
monitoring/infrastructure/resource_monitor.py,src.monitoring.infrastructure.resource_monitor,ResourceMonitor,get_resource_monitor;track_resource_usage;__init__;_get_default_thresholds;start_monitoring;stop_monitoring;_monitor_loop;collect_all_metrics;_collect_system_metrics;_collect_disk_metrics;_collect_process_metrics;_check_thresholds;get_health_status;_format_health_response;_is_error_status;_prepare_health_report;_get_latest_metrics_or_collect;_collect_fallback_metrics;_determine_overall_status;_extract_resource_levels;_get_cpu_percent;_get_memory_percent;_get_disk_percent;_safe_nested_get;_is_critical_level;_is_warning_level;decorator;wrapper,calculator,11,4,0
monitoring/reporting/performance_reports.py,src.monitoring.reporting.performance_reports,ComprehensiveReporter,__init__;record_stage_time;record_model_accuracy;_check_system_status;_analyze_model_drift;generate_report;_print_console_summary,model,9,0,0
optimization/hyperparameters/bayesian.py,src.optimization.hyperparameters.bayesian,BayesianOptimizer,__init__;optimizer_type;objective;optimize;validate_params;get_optimization_history,utility_or_unknown,7,1,0
optimization/portfolio/optimizer.py,src.optimization.portfolio.optimizer,BlackLittermanParams;PortfolioOptimizer,__init__;optimizer_type;_safe_sharpe;optimize;_dispatch_optimization;_handle_optimization_error;_black_litterman_with_params;_calculate_periods_per_year;calculate_returns;calculate_covariance_matrix;markowitz_optimization;max_sharpe_optimization;kelly_optimization;black_litterman_optimization;black_litterman_optimization_legacy;_black_litterman_calculation;_apply_fractional_constraints;risk_parity_optimization;hierarchical_risk_parity;equal_weight_portfolio;inverse_volatility_portfolio;compare_optimization_methods;_ensure_positive_definite;_calculate_distance_matrix;_hierarchical_clustering;_get_cluster_order;_recursive_bisection;_create_comparison_table;allocate_cluster;objective;portfolio_return;objective;risk_budget_objective,risk,13,2,0
pipeline/cache/results_cache_manager.py,src.pipeline.cache.results_cache_manager,,,orchestrator,0,0,0
pipeline/guards/macro_release_timing_guard.py,src.pipeline.guards.macro_release_timing_guard,MacroReleaseTimingGuard,get_macro_release_timing_guard;validate_macro_timing_quick;__init__;validate_macro_data_timing;_validate_macro_row;_calculate_official_release_time;_get_fomc_release_time;_check_release_schedule_compliance;_infer_macro_type_from_columns;_get_datetime_column;get_safe_macro_data;get_macro_release_schedule;check_macro_data_freshness;_estimate_data_frequency;_log_validation_summary,validator,5,1,0
pipeline/guards/safe_feature_combiner.py,src.pipeline.guards.safe_feature_combiner,SafeFeatureCombiner,get_safe_feature_combiner;combine_timeframes_quick;__init__;combine_features_safe;_prepare_dataframe_for_combination;_get_timeframe_prefix;_combine_prepared_dataframes;_validate_combined_dataframe;_add_single_timeframe_prefixes;_generate_combination_report;get_combination_preview,validator,5,1,3
pipeline/guards/temporal_leakage_guard.py,src.pipeline.guards.temporal_leakage_guard,TemporalLeakageGuard,get_temporal_leakage_guard;validate_temporal_leakage_quick;__init__;validate_rolling_windows;_get_datetime_column;_check_feature_name_patterns;_analyze_feature_for_leakage;_check_lookahead_patterns;_validate_rolling_window_feature;_check_future_data_in_series;validate_normalization_fit;check_feature_target_alignment;_log_validation_summary;get_safe_feature_subset,target_calculator,4,1,12
pipeline/guards/temporal_target_guard.py,src.pipeline.guards.temporal_target_guard,TemporalTargetGuard,get_temporal_target_guard;generate_targets_quick;__init__;_generate_default_targets;_validate_config;_get_calculator;_process_target_config;_ensure_metadata_columns;generate_targets_safe,calculator,5,1,7
pipeline/guards/timeframe_alignment_guard.py,src.pipeline.guards.timeframe_alignment_guard,TimeframeAlignmentGuard,get_timeframe_alignment_guard;validate_timeframes_quick;__init__;_ensure_datetime_column;_check_future_data;_check_daily_close_timing;_check_intraday_compatibility;_check_data_freshness;_validate_single_timeframe;_build_validation_result;_log_validation_results;validate_timeframe_compatibility;_validate_daily_close_timing;_validate_intraday_daily_compatibility;_validate_data_freshness;get_safe_timeframes_for_prediction;validate_feature_combination_safety;get_timeframe_prefixes;log_alignment_summary,validator,4,2,0
pipeline/guards/__init__.py,src.pipeline.guards.__init__,,,validator,15,0,3
pipeline/hybrid/cache_manager.py,src.pipeline.hybrid.cache_manager,CacheManager,__init__;check_if_feature_selection_needed;_check_initial_or_forced_selection;_check_time_based_selection;_check_data_change_percentage;check_cache_status,orchestrator,6,1,0
pipeline/hybrid/colab_manager.py,src.pipeline.hybrid.colab_manager,BatchPreparationConfig;ColabManager,__init__;prepare_colab_batch;_save_and_accumulate_data;_deduplicate_df;_check_feature_leakage;_save_df_to_parquet;_handle_batch_configuration;_create_batch_metadata;_assemble_preparation_result;load_colab_results;_load_files_from_directory;_load_single_file;_find_batch_directory;_check_feature_selection;_is_test_mode;_create_test_config,orchestrator,9,4,4
pipeline/hybrid/colab_workflow_manager.py,src.pipeline.hybrid.colab_workflow_manager,ColabWorkflowManager,__init__;_handle_skip_colab_path;_handle_colab_path;_generate_colab_instructions;_create_fallback_selected_features,orchestrator,5,1,1
pipeline/hybrid/component_factory.py,src.pipeline.hybrid.component_factory,OrchestratorComponentFactory,initialize_components,orchestrator,30,1,0
pipeline/hybrid/context_builder.py,src.pipeline.hybrid.context_builder,ContextBuilder,__init__;_create_context_id;_create_context_data;_validate_and_create_context,orchestrator,4,1,0
pipeline/hybrid/contracts.py,src.pipeline.hybrid.contracts,ModelTrainingContext;ColabBatchRequest;HybridPipelineRequest;HybridPipelineConfig;HybridFinalStagesRequest;HybridMockFeaturesRequest,,orchestrator,4,4,0
pipeline/hybrid/data_batch_manager.py,src.pipeline.hybrid.data_batch_manager,DataBatchManager,__init__;create_batch_metadata_dict;merge_with_existing;create_new_database;_create_backup;save_batch_data;save_heavy_config;create_batch_metadata;save_batch_metadata;_save_dataframe;_dedup_columns;_serialize_config,orchestrator,7,1,2
pipeline/hybrid/data_cache_manager.py,src.pipeline.hybrid.data_cache_manager,DataCacheManager,__init__;handle_data_caching;_has_new_data;check_cache_status,orchestrator,5,1,0
pipeline/hybrid/data_components_context.py,src.pipeline.hybrid.data_components_context,DataComponentsContext,__init__,orchestrator,7,1,0
pipeline/hybrid/data_manager.py,src.pipeline.hybrid.data_manager,HybridDataManager,__init__;load_features_data;load_targets_data;save_dataframes;save_dataframe;clean_dataframe;has_new_data,target_calculator,5,1,0
pipeline/hybrid/data_processor.py,src.pipeline.hybrid.data_processor,DataProcessor,__init__;normalize_datetime_column;normalize_timezone;split_features_and_targets;get_datetime_column;clean_dataframe;save_dataframe;save_dataframes,target_calculator,4,1,0
pipeline/hybrid/data_utils.py,src.pipeline.hybrid.data_utils,DataUtils,__init__;clean_dataframe;save_dataframe;get_datetime_column;normalize_datetime_column;normalize_timezone;split_features_and_targets;save_dataframes,target_calculator,5,1,0
pipeline/hybrid/feature_loader.py,src.pipeline.hybrid.feature_loader,FeatureLoader,__init__;_get_file_candidates;load_async;load_sync,orchestrator,4,0,0
pipeline/hybrid/feature_processor.py,src.pipeline.hybrid.feature_processor,FeatureProcessor,__init__;process_enriched_data;normalize_datetime_index;normalize_datetime_column;normalize_timezone;split_features_and_targets;get_datetime_column;save_enriched_data,target_calculator,3,1,0
pipeline/hybrid/feature_selection_manager.py,src.pipeline.hybrid.feature_selection_manager,MockSelectionParams;FeatureSelectionManager,__init__;create_mock_feature_selection;_extract_valid_features;_is_valid_feature;_write_mock_feature_files,orchestrator,6,1,1
pipeline/hybrid/feature_selection_validator.py,src.pipeline.hybrid.feature_selection_validator,MockFeatureFilesRequest;MockFeaturesRequest;FeatureSelectionValidator,__init__;check_if_feature_selection_needed;_check_initial_or_forced_selection;_check_time_based_selection;_check_data_change_percentage;create_mock_selected_features_for_test;_extract_valid_features;_is_valid_feature;_write_mock_feature_files,validator,8,2,1
pipeline/hybrid/final_stages_executor.py,src.pipeline.hybrid.final_stages_executor,FinalStagesExecutor,__init__;run_final_stages;_has_heavy_models;_train_heavy_models;_train_ticker_models;_merge_ticker_models;_merge_model_results;_prepare_final_stages_params;_build_models_metadata;_load_accumulated_results;_create_final_summary;_save_final_results,orchestrator,10,1,5
pipeline/hybrid/final_stages_orchestrator.py,src.pipeline.hybrid.final_stages_orchestrator,FinalStagesOrchestrator,__init__;_prepare_final_stages_params;_run_stage_4_if_needed;_run_stages_5_to_7;_create_final_summary;_save_final_results;run_final_stages,orchestrator,13,1,0
pipeline/hybrid/hybrid_dataclasses.py,src.pipeline.hybrid.hybrid_dataclasses,,,orchestrator,5,0,0
pipeline/hybrid/light_models_trainer.py,src.pipeline.hybrid.light_models_trainer,LightModelTrainingConfig;LightModelsTrainer,__init__;run_light_models;_set_temp_light_models_config;_save_light_model_results;_load_or_create_accumulated_results;run_light_models_with_selected_features;_load_selected_features,model,14,1,1
pipeline/hybrid/metadata_manager.py,src.pipeline.hybrid.metadata_manager,MetadataParams;SaveMetadataParams;BatchMetadataParams;MetadataManager,__init__;create_pipeline_metadata;save_metadata;create_batch_metadata_dict;create_final_summary;save_final_results;log_pipeline_completion;extract_batch_name_from_path,orchestrator,7,2,0
pipeline/hybrid/model_training_orchestrator.py,src.pipeline.hybrid.model_training_orchestrator,ModelTrainingOrchestrator,__init__;train_models_for_contexts;_process_training_context;_analyze_context_features;_train_single_model;_prepare_chronological_split;_execute_training;_evaluate_model;_calculate_split_index;_sort_training_frames;_train_with_config;_calculate_metrics;_save_trained_model;_create_model_metadata;_resolve_ticker;_resolve_target_task_type;_determine_task_type;_prepare_training_data,orchestrator,12,1,2
pipeline/hybrid/orchestrator_config.py,src.pipeline.hybrid.orchestrator_config,PipelineConfig;OrchestratorConfigManager,__init__;build_pipeline_config;resolve_target_task_type;_determine_task_type,orchestrator,6,2,0
pipeline/hybrid/orchestrator_context.py,src.pipeline.hybrid.orchestrator_context,OrchestratorContext,__init__;output_dir;models_dir;batch_name;orchestrator_config;pipeline_config;data_components;feature_processor;cache_manager;colab_manager;pipeline_executor;feature_selection_manager;metadata_manager;light_models_trainer;colab_workflow_manager;final_stages_executor;data_batch_manager;model_training_orchestrator;test_mode_manager;context_builder;feature_selection_validator;selected_features_processor;results_processor;pipeline_runner;pipeline_metadata_manager;final_stages_orchestrator;set_pipeline_manager;pipeline_manager,orchestrator,24,0,0
pipeline/hybrid/orchestrator_interface.py,src.pipeline.hybrid.orchestrator_interface,OrchestratorInterface,__init__;check_if_feature_selection_needed;_check_initial_or_forced_selection;prepare_colab_data;load_colab_results;extract_batch_name_from_path;run_full_hybrid_pipeline;run_final_stages,orchestrator,7,0,0
pipeline/hybrid/pipeline_config.py,src.pipeline.hybrid.pipeline_config,PipelineParams;FinalStagesParams;ColabBatchParams,,orchestrator,3,1,0
pipeline/hybrid/pipeline_executor.py,src.pipeline.hybrid.pipeline_executor,PipelineExecutor,__init__;run_pipeline_stages;_run_stage_1;_run_stage_2;_run_stage_3;_save_pipeline_results;_save_stage_result;create_pipeline_metadata;save_metadata;save_data;_flatten_data_dict,orchestrator,9,1,0
pipeline/hybrid/pipeline_manager.py,src.pipeline.hybrid.pipeline_manager,PipelineManager,__init__;run_full_hybrid_pipeline;run_final_stages;_collect_local_data;_handle_data_caching;_handle_skip_colab_path;_handle_colab_path;_create_fallback_selected_features;_generate_colab_instructions,orchestrator,10,0,1
pipeline/hybrid/pipeline_metadata_manager.py,src.pipeline.hybrid.pipeline_metadata_manager,PipelineMetadataManager,__init__;_create_pipeline_metadata;_save_metadata;_create_batch_metadata_dict;_load_or_create_accumulated_results;_save_light_model_results,model,6,1,0
pipeline/hybrid/pipeline_runner.py,src.pipeline.hybrid.pipeline_runner,PipelineRunner,__init__;run_local_pipeline;_run_pipeline_stages;_save_pipeline_results;_save_stage_result;_process_enriched_data;_save_enriched_data;_save_metadata;_create_batch_metadata_dict;_log_pipeline_completion,orchestrator,11,1,0
pipeline/hybrid/results_processor.py,src.pipeline.hybrid.results_processor,ResultsProcessor,__init__;load_colab_results;_find_batch_directory;_find_results_file;_load_results_json;_convert_model_paths;_convert_single_model_path;build_models_metadata;_update_selected_features_from_ticker_results;_update_model_selected_features;extract_batch_name_from_path,model,6,2,4
pipeline/hybrid/selected_features_processor.py,src.pipeline.hybrid.selected_features_processor,DiscoverSelectedFeaturesFilesConfig;ProcessSelectedFeaturesFileConfig;ProcessFilesToContextsConfig;FeatureLoadRequest;SelectedFeaturesProcessor,__init__;_discover_selected_features_files;_validate_files_exist;_process_selected_features_file;_extract_context_info;_process_files_to_contexts;_load_selected_features_files,orchestrator,9,1,0
pipeline/hybrid/storage_helpers.py,src.pipeline.hybrid.storage_helpers,,init_gdrive;_gdrive_available;init_fallback_storage;init_s3_storage;init_gcs_storage,orchestrator,8,0,0
pipeline/hybrid/storage_manager.py,src.pipeline.hybrid.storage_manager,StorageManager,__init__;initialize_storage;_init_gdrive;_init_fallback_storage;_init_s3_storage;_init_gcs_storage;upload_to_storage;_upload_to_gdrive;_upload_to_s3;_upload_to_gcs,orchestrator,5,1,0
pipeline/hybrid/test_mode_manager.py,src.pipeline.hybrid.test_mode_manager,TestModeManager,__init__;_load_test_mode_config;_filter_data_for_test_mode;_should_skip_model;_should_skip_ticker;_should_skip_target;_should_skip_features,target_calculator,5,1,0
pipeline/hybrid/__init__.py,src.pipeline.hybrid.__init__,,,orchestrator,20,0,0
pipeline/stages/base_stage.py,src.pipeline.stages.base_stage,BaseStage,__init__;handle_stage_error;run,orchestrator,6,8,0
pipeline/stages/incremental_pipeline.py,src.pipeline.stages.incremental_pipeline,IncrementalDataUpdater,run_incremental_update;__init__;__enter__;__exit__;get_last_update_time;check_duplicates;update_dataset;sample_fetcher,orchestrator,10,0,0
pipeline/stages/stage_0_data_generation.py,src.pipeline.stages.stage_0_data_generation,DataGenerator,__init__;generate_synthetic_data;generate_synthetic_features;generate_synthetic_targets;_generate_price_series,orchestrator,5,1,0
pipeline/stages/stage_0_setup.py,src.pipeline.stages.stage_0_setup,Stage0Setup,__init__;run,orchestrator,7,0,0
pipeline/stages/stage_1_collection.py,src.pipeline.stages.stage_1_collection,CollectionStage,__init__;run;_prepare_collection;process_and_save_results;_handle_collector_result;_convert_to_dataframe;_save_collector_data;_convert_dates_in_dataframe;_get_unique_keys;_upsert_dataframe;fetch_all_data_from_db;_should_skip_table;_process_table_data;_find_collector_config;_combine_news_data;_check_news_temporal_alignment;_remove_news_duplicates;_get_hashable_columns;_log_summary;_find_date_column_in_df,orchestrator,11,1,0
pipeline/stages/stage_2_processing.py,src.pipeline.stages.stage_2_processing,ProcessingStage,,orchestrator,1,0,0
pipeline/stages/stage_3_feature_engineering.py,src.pipeline.stages.stage_3_feature_engineering,FeatureEngineeringStage,,orchestrator,1,0,0
pipeline/stages/stage_3_improvements.py,src.pipeline.stages.stage_3_improvements,,validate_and_align_features_targets;calculate_data_quality_metrics;log_data_quality_report,orchestrator,3,0,2
pipeline/stages/stage_4_modeling.py,src.pipeline.stages.stage_4_modeling,TargetProcessingConfig;ModelingStage,__init__;_init_infrastructure;run;_process_ticker_with_async;_log_expert_to_diary,orchestrator,16,0,0
pipeline/stages/stage_5_prediction.py,src.pipeline.stages.stage_5_prediction,PredictionResultRequest;PredictionStage,__init__;run;_prepare_inputs;_validate_inputs;_ensure_local_models;_generate_predictions_for_contexts;_get_available_model_types;_process_single_context;_extract_context_state;_process_context_data;_prepare_ticker_data;_create_context_fingerprint;_load_target_scaler;_select_best_model_for_context;_create_prediction_result;_get_last_price;_prepare_final_results;update_selector_feedback;_save_stage_5_results,orchestrator,31,0,5
pipeline/stages/stage_6_trading_execution.py,src.pipeline.stages.stage_6_trading_execution,TradingExecutionStage,__init__;_initialize_trading_stack;run;_apply_context_rules;_record_transactions_to_diary;_build_decision_record;_transaction_outcome;_transaction_timestamp;_transaction_prices;_extract_model_prediction;_safe_float;_load_or_extract_data;_load_predictions_from_disk;_find_latest_batch_name;_finalize_results,orchestrator,22,0,0
pipeline/stages/stage_7_evaluation.py,src.pipeline.stages.stage_7_evaluation,EvaluationStage,__init__;run;_load_signals_data;_signals_empty;_prepare_signals_df;_prediction_to_signal;_run_comprehensive_evaluation;_run_deep_analysis;_run_stress_testing;_create_basic_evaluation,orchestrator,16,0,0
pipeline/stages/stage_config.py,src.pipeline.stages.stage_config,StageType;ModelType;StageConfig;StageValidator,get_stage_config;get_all_stage_configs;get_light_models;get_heavy_models;__post_init__;validate_stage_config;validate_dependencies;get_execution_order,orchestrator,6,0,0
pipeline/stages/stage_manager.py,src.pipeline.stages.stage_manager,StageManager,__init__;ensure_directories;get_cache_path;get_params_hash;is_cache_valid;save_cache;load_cache;run_stage_1;run_stage_2;_accumulate_stage2_data;run_stage_3;run_stage_4;run_pipeline_incremental;export_for_colab;import_from_colab;create_colab_template;clear_cache,orchestrator,40,0,0
pipeline/stages/__init__.py,src.pipeline.stages.__init__,,,orchestrator,0,0,0
pipeline/stages/cache/feature_cache_manager.py,src.pipeline.stages.cache.feature_cache_manager,FeatureEngineeringCacheManager,__init__;get_cached_features;save_features;_generate_cache_key;_generate_config_hash,orchestrator,9,0,0
pipeline/stages/evaluation/analytics.py,src.pipeline.stages.evaluation.analytics,,calculate_financial_metrics;run_deep_analysis;_build_data_map;create_evaluation_summary,orchestrator,4,1,0
pipeline/stages/evaluation/backtest_adapter.py,src.pipeline.stages.evaluation.backtest_adapter,,prepare_pivot;run_backtest,orchestrator,5,1,0
pipeline/stages/evaluation/backtest_analyzer.py,src.pipeline.stages.evaluation.backtest_analyzer,BacktestAnalyzer,get_backtest_analyzer;__init__;prepare_pivot;create_simulation_data;_generate_ticker_data;_validate_signals_df;_prepare_pivot_data;_run_comprehensive_backtest;_normalize_backtest_results;run_backtest;_create_portfolio_history;can_run_backtest,orchestrator,7,0,0
pipeline/stages/evaluation/data_recovery.py,src.pipeline.stages.evaluation.data_recovery,,recover_missing_data,orchestrator,1,1,0
pipeline/stages/evaluation/io.py,src.pipeline.stages.evaluation.io,,load_stage6_results;save_evaluation_summary;save_evaluation_summary_async,orchestrator,6,1,0
pipeline/stages/evaluation/metrics_calculator.py,src.pipeline.stages.evaluation.metrics_calculator,MetricsCalculator,get_metrics_calculator;__init__;calculate_financial_metrics;_calculate_basic_metrics;calculate_pattern_specific_metrics;analyze_chaos_efficiency;generate_expertise_map,calculator,4,1,0
pipeline/stages/evaluation/reporting.py,src.pipeline.stages.evaluation.reporting,,plot_equity_curve;save_report,orchestrator,6,1,0
pipeline/stages/evaluation/report_generator.py,src.pipeline.stages.evaluation.report_generator,ReportGenerator,get_report_generator;__init__;plot_equity_curve;create_evaluation_summary;generate_notification_message;save_summary,orchestrator,7,0,0
pipeline/stages/evaluation/__init__.py,src.pipeline.stages.evaluation.__init__,,,orchestrator,11,0,0
pipeline/stages/features/orchestrator_manager.py,src.pipeline.stages.features.orchestrator_manager,FeatureEngineeringOrchestratorManager,__init__;run_enrichment;get_config_hash,orchestrator,4,0,0
pipeline/stages/feature_engineering/enricher.py,src.pipeline.stages.feature_engineering.enricher,FeatureEnricher,__init__;enrich_features;add_macro_features,orchestrator,5,0,0
pipeline/stages/feature_engineering/guards.py,src.pipeline.stages.feature_engineering.guards,FeatureGuards,__init__;_initialize_guards;apply_guards;_infer_timeframe,orchestrator,7,0,4
pipeline/stages/feature_engineering/orchestrator.py,src.pipeline.stages.feature_engineering.orchestrator,FeatureEngineeringStage,__init__;run;_validate_and_prepare_market_data;_select_features,orchestrator,11,0,2
pipeline/stages/feature_engineering/targets.py,src.pipeline.stages.feature_engineering.targets,TargetGenerator,__init__;generate_targets;append_targets,orchestrator,4,0,3
pipeline/stages/feature_engineering/__init__.py,src.pipeline.stages.feature_engineering.__init__,,,orchestrator,4,0,0
pipeline/stages/modeling/dataclasses.py,src.pipeline.stages.modeling.dataclasses,TargetProcessingConfig;FeatureLoadingConfig;TrainingDebugInfo;SyncFeatureLoadingConfig;SuccessfulTrainingConfig;ChampionInfoConfig;SingleModelTrainingConfig;LightModelChampionConfig,,orchestrator,3,2,0
pipeline/stages/modeling/io.py,src.pipeline.stages.modeling.io,,load_selected_features_async;try_load_features_file_async;load_selected_features_sync;try_load_features_file_sync;save_light_models_results;resolve_selected_features_batch_dir;try_get_batch_name_from_runtime_params;search_nested_runtime_params;try_get_batch_name_from_file,orchestrator,6,3,3
pipeline/stages/modeling/metrics.py,src.pipeline.stages.modeling.metrics,,calculate_model_metrics;create_light_model_champion_info,orchestrator,5,1,0
pipeline/stages/modeling/orchestration.py,src.pipeline.stages.modeling.orchestration,,create_ensemble_from_top_models_async;process_ticker;process_target;process_successful_training,orchestrator,13,0,0
pipeline/stages/modeling/training.py,src.pipeline.stages.modeling.training,,train_light_models_locally;train_single_light_model,orchestrator,8,1,0
pipeline/stages/modeling/utils.py,src.pipeline.stages.modeling.utils,,get_context_fingerprint;log_training_debug_info;create_champion_info;log_to_diary;get_light_model_training_data;determine_task_type;get_light_model_types,orchestrator,4,0,0
pipeline/stages/modeling/__init__.py,src.pipeline.stages.modeling.__init__,,,orchestrator,0,0,0
pipeline/stages/monitoring/feature_monitoring.py,src.pipeline.stages.monitoring.feature_monitoring,FeatureEngineeringMonitor,__init__;run_pre_checks;run_post_checks;_build_data_summary,orchestrator,4,0,3
pipeline/stages/news/news_manager.py,src.pipeline.stages.news.news_manager,FeatureEngineeringNewsManager,__init__;process_news,orchestrator,5,0,0
pipeline/stages/prediction/anomaly_engine.py,src.pipeline.stages.prediction.anomaly_engine,AnomalyEngine,__init__;calculate_anomaly_score;calculate_ensemble_confidence;_prepare_anomaly_data;_calculate_zscore_anomaly;_calculate_isolation_forest_anomaly;_calculate_lof_anomaly;_collect_raw_predictions;_calc_consensus_dispersion;_fetch_diary_accuracy;_calc_volatility_factor,orchestrator,7,0,0
pipeline/stages/prediction/data_preparation_service.py,src.pipeline.stages.prediction.data_preparation_service,DataPreparationService,__init__;prepare_inputs;_extract_features_df;_extract_models_meta;_validate_inputs;prepare_ticker_data;prepare_context_data;_drop_incomplete_model_rows;create_context_fingerprint,orchestrator,6,1,0
pipeline/stages/prediction/data_preparer.py,src.pipeline.stages.prediction.data_preparer,PredictionDataPreparer,__init__;prepare_inputs;validate_inputs;get_available_model_types;_handle_missing_features;_filter_features_for_model;prepare_context_data;_drop_incomplete_model_rows;adaptive_re_enrichment;_set_datetime_index;_preserve_metadata_columns;_convert_to_numeric;_handle_infinite_values;_validate_numeric_data;prepare_ticker_data;_get_scaler_paths;_try_scaler_in_scalers_dir;_try_scaler_in_model_path;_try_scaler_in_batch_dirs;_try_scaler_from_model_parts;_try_scaler_recursive_search;load_target_scaler;_try_load_scaler;_create_fallback_scaler;_normalize_metadata_columns,orchestrator,12,0,5
pipeline/stages/prediction/model_resolver.py,src.pipeline.stages.prediction.model_resolver,ModelResolver,__init__;check_local_models;log_model_status;_resolve_batch_from_kwargs;_resolve_batch_from_model_paths;_resolve_most_recent_batch;resolve_batch_directory;_find_available_model_files;_match_model_file;update_local_model_paths;load_available_models;load_models_metadata_from_disk;_try_load_direct_model;_resolve_batch_dir_from_context;_extract_batch_dir_from_path;_get_model_search_patterns;_search_and_load_models;_get_models_search_paths;_search_patterns_in_path;_try_load_model_from_path;_create_model_meta;_read_runtime_params_if_exists;_resolve_batch_directory_from_kwargs;_load_light_models_from_disk;_load_heavy_models_from_disk;_process_ticker_results_from_colab,orchestrator,7,0,2
pipeline/stages/prediction/model_selection_service.py,src.pipeline.stages.prediction.model_selection_service,ModelSelectionService,__init__;get_available_model_types;filter_models_by_type;select_best_model_for_context;_get_prediction_model_candidates;_build_model_alias_map;_resolve_model_selection;_score_model_from_context_weights;_create_context_fingerprint;_get_current_context_pattern_seq,orchestrator,9,1,0
pipeline/stages/prediction/prediction_context_manager.py,src.pipeline.stages.prediction.prediction_context_manager,PredictionContextManager,__init__;prepare_ticker_data;create_context_fingerprint,orchestrator,3,1,0
pipeline/stages/prediction/prediction_generator.py,src.pipeline.stages.prediction.prediction_generator,PredictionGenerator,__init__;generate_prediction;generate_ensemble_prediction;generate_single_model_prediction;adjust_prediction_contextually;denormalize_prediction;extract_prediction_value,orchestrator,5,0,6
pipeline/stages/prediction/result_builder.py,src.pipeline.stages.prediction.result_builder,PredictionResultBuilder,__init__;_load_autoencoder_model;_load_autoencoder_features;_calculate_autoencoder_normalcy;_integrate_autoencoder_anomaly;_to_serializable;_get_timestamp;build_result;_get_last_price;prepare_final_results;_save_stage_5_results,orchestrator,9,0,0
pipeline/stages/prediction/result_request.py,src.pipeline.stages.prediction.result_request,PredictionResultRequest,,orchestrator,3,0,0
pipeline/stages/prediction/scaler_service.py,src.pipeline.stages.prediction.scaler_service,ScalerService,__init__;load_target_scaler,orchestrator,6,1,5
pipeline/stages/prediction/__init__.py,src.pipeline.stages.prediction.__init__,,,orchestrator,3,0,0
pipeline/stages/processing/data_handler.py,src.pipeline.stages.processing.data_handler,ProcessingDataHandler,__init__;clean_and_normalize_market_data;group_by_timeframes;apply_intelligent_filtering;apply_normalization;_extract_filtered_data;_extract_prices;_extract_metadata;_collect_dataframes;_transform_nested_dataframes,orchestrator,5,0,0
pipeline/stages/processing/orchestrator.py,src.pipeline.stages.processing.orchestrator,ProcessingStage,__init__;run;_extract_raw_data;_process_all_data_types;_finalize_results,orchestrator,14,0,0
pipeline/stages/processing/storage.py,src.pipeline.stages.processing.storage,ProcessingStorage,__init__;save_cleaned_data_to_files;_save_nested_dataframes,orchestrator,5,0,0
pipeline/stages/processing/validator.py,src.pipeline.stages.processing.validator,ProcessingValidator,__init__;run_system_validation;create_quality_metrics,orchestrator,4,0,0
pipeline/stages/processing/__init__.py,src.pipeline.stages.processing.__init__,,,orchestrator,4,0,0
pipeline/stages/trading/data_io.py,src.pipeline.stages.trading.data_io,TradingDataIO,__init__;load_predictions;_load_predictions_from_disk;_process_batch_file;_read_file_async;save_stage_6_results;_find_latest_batch_name,orchestrator,8,2,0
pipeline/stages/trading/recommendation_engine.py,src.pipeline.stages.trading.recommendation_engine,TradingRecommendationEngine,__init__;generate_recommendations;_initialize_recommendations_structure;_categorize_models;_get_champion_model_for_target;_populate_champion_by_target;_enhance_predictions_with_confidence;_analyze_news_impact;_detect_global_regime;_detect_ticker_regime;_compute_adaptive_parameters;_build_recommendation;_classify_recommendation;_generate_trading_recommendations;_extract_prediction_value;_check_news_warning;_fallback_recommendations;_determine_asset_class;_calculate_robust_confidence;_find_champion_model;_calculate_base_confidence;_calculate_error_ratios;_calculate_anomaly_penalty;_calculate_consensus_boost;_validate_with_monte_carlo;_create_consolidated_table;_safe_float;build_record,orchestrator,13,1,13
pipeline/stages/trading/__init__.py,src.pipeline.stages.trading.__init__,,,orchestrator,2,0,0
pipeline/stages/utils/collection_manager.py,src.pipeline.stages.utils.collection_manager,CollectionManager,__init__;fetch_all;_run_collector;_convert_to_dataframe,orchestrator,16,1,0
pipeline/stages/utils/data_schema_mapper.py,src.pipeline.stages.utils.data_schema_mapper,DataSchemaMapper,map_to_schema;_get_schema_key;_handle_additional_data,orchestrator,2,1,0
processing/filters/news_filter.py,src.processing.filters.news_filter,NewsFilter,__init__;filter_news_data,utility_or_unknown,3,0,0
processing/filters/orchestrator.py,src.processing.filters.orchestrator,IntelligentDataFilter,__init__;filter_quality_data;_create_filtering_summary,orchestrator,5,0,0
processing/filters/pattern_extractor.py,src.processing.filters.pattern_extractor,PatternExtractor,extract_patterns;_extract_price_patterns,utility_or_unknown,2,0,0
processing/filters/price_filter.py,src.processing.filters.price_filter,PriceFilter,__init__;filter_price_data;assess_price_quality;detect_and_classify_gaps;detect_and_classify_anomalies,utility_or_unknown,4,0,0
processing/filters/social_filter.py,src.processing.filters.social_filter,SocialFilter,__init__;filter_reddit_data,utility_or_unknown,3,0,0
processing/filters/__init__.py,src.processing.filters.__init__,,,utility_or_unknown,5,0,0
risk/analyzers/concentration_analyzer.py,src.risk.analyzers.concentration_analyzer,ConcentrationAnalyzer,__init__;analyze,analyzer,3,1,0
risk/analyzers/correlation_analyzer.py,src.risk.analyzers.correlation_analyzer,CorrelationAnalyzer,__init__;analyze,analyzer,4,1,0
risk/kill_switch/alerts.py,src.risk.kill_switch.alerts,AlertManager,__init__;send_alert,risk,2,0,0
risk/kill_switch/calculator.py,src.risk.kill_switch.calculator,KillSwitchCalculator,__init__;calculate_risk_metrics;calculate_portfolio_metrics;_calculate_portfolio_returns;calculate_position_metrics;analyze_market_conditions;determine_risk_level;check_emergency_triggers,calculator,5,0,0
risk/kill_switch/config.py,src.risk.kill_switch.config,KillSwitchConfig,__init__,risk,2,0,0
risk/kill_switch/executor.py,src.risk.kill_switch.executor,KillSwitchExecutor,__init__;execute_emergency_actions;execute_normal_risk_management;emergency_closure;reduce_all_positions,risk,2,0,0
risk/kill_switch/manager.py,src.risk.kill_switch.manager,KillSwitchManager,__init__;monitor_and_execute;_record_risk_event;get_risk_summary,risk,8,0,0
risk/kill_switch/__init__.py,src.risk.kill_switch.__init__,,,risk,5,0,0
scripts/analysis/generate_context_rules.py,src.scripts.analysis.generate_context_rules,,main,utility_or_unknown,7,0,0
scripts/colab/auto_colab_sync.py,src.scripts.colab.auto_colab_sync,AutoColabSync,main;__init__;generate_filename;calculate_data_hash;create_automated_package;cleanup_old_packages,utility_or_unknown,12,0,0
scripts/config/ticker_config_updater.py,src.scripts.config.ticker_config_updater,TickerConfigUpdater,main;__init__;update_collectors_config;get_current_config_tickers;compare_configs;sync_all_configs;print_status,collector,10,0,6
scripts/data/auto_accumulator.py,src.scripts.data.auto_accumulator,AutoAccumulatorGuard,main;__init__;check_integrity_gaps;_run_collection_task;run_guard_cycle;get_db_report,validator,19,0,1
scripts/debug/data_merge_debugger.py,src.scripts.debug.data_merge_debugger,DataMergeDebugger,__init__;run_all_checks;check_stage_files_integrity;check_column_consistency;check_data_types_and_values;check_time_series_gaps,orchestrator,9,0,0
scripts/fix/data_fixer.py,src.scripts.fix.data_fixer,DataFixer,__init__;run_all_fixes;fix_file;_create_backup;_apply_general_fixes;_apply_price_data_fixes;_fix_technical_indicators,utility_or_unknown,6,0,0
scripts/modeling/train_consensus_model.py,src.scripts.modeling.train_consensus_model,,get_training_data;main,model,10,0,0
scripts/monitoring/run_health_check.py,src.scripts.monitoring.run_health_check,,main,utility_or_unknown,6,0,0
targets/calculators/base_news_target_calculator.py,src.targets.calculators.base_news_target_calculator,BaseNewsTargetCalculator,__init__;_prepare_data;calculate,calculator,4,0,0
targets/calculators/classification_calculator.py,src.targets.calculators.classification_calculator,ClassificationCalculator,calculate_binary;calculate_multiclass,target_calculator,3,2,0
targets/calculators/indicator_prediction_calculator.py,src.targets.calculators.indicator_prediction_calculator,IndicatorPredictionCalculator,calculate,calculator,2,2,0
targets/calculators/post_news_target_calculator.py,src.targets.calculators.post_news_target_calculator,PostNewsTargetCalculator,calculate,calculator,3,0,0
targets/calculators/pre_news_target_calculator.py,src.targets.calculators.pre_news_target_calculator,PreNewsTargetCalculator,_filter_by_timeframe;_ensure_datetime_column;_get_upcoming_news;_calculate_target_return;calculate,calculator,3,0,0
targets/calculators/regression_calculator.py,src.targets.calculators.regression_calculator,RegressionCalculator,calculate,target_calculator,3,2,0
targets/calculators/__init__.py,src.targets.calculators.__init__,,,calculator,0,0,0
trading/archive/legacy_smart_trader.py,src.trading.archive.legacy_smart_trader,SmartTrader,__init__;execute_signal;update_active_positions;_calculate_shares;_log_to_diary;set_kill_switch,utility_or_unknown,12,0,4
trading/archive/online_model_integration.py,src.trading.archive.online_model_integration,OnlineModelIntegration,__init__;start_real_time_monitoring;_update_predictions;_extract_current_context;_determine_market_phase;_generate_all_predictions;_get_model_prediction;_get_actual_value;get_best_models_for_current_context;get_ensemble_prediction;get_model_health_report;export_current_state;get_trading_signals,model,19,0,0
training/batch/batch_processor.py,src.training.batch.batch_processor,BatchProcessor,__init__;create_progressive_batches;_create_fixed_batches;_prioritize_tickers;estimate_batch_difficulty;aggregate_batch_metrics;create_empty_batch_result;get_ticker_priority,calculator,5,1,0
training/security/path_security_validator.py,src.training.security.path_security_validator,PathSecurityValidator,__init__;sanitize_path_input;_check_path_security_basics;_check_path_traversal;_check_path_bounds,validator,4,1,0
training/state/training_state_manager.py,src.training.state.training_state_manager,TrainingState;TrainingStateManager,__init__;initialize_state;update_processed_tickers;increment_batch_count;adjust_batch_size;should_skip_ticker;save_checkpoint;load_checkpoint;get_state_summary,utility_or_unknown,8,1,0
