source,imported,kind,line
algorithms/adaptive_position_sizer.py,logging,import,13
algorithms/adaptive_position_sizer.py,dataclasses.dataclass,from,14
algorithms/adaptive_position_sizer.py,typing.Any,from,15
algorithms/adaptive_position_sizer.py,numpy,import,17
algorithms/adaptive_position_sizer.py,src.core.logging.logger.ProjectLogger,from,19
algorithms/adaptive_position_sizer.py,src.risk_management.VaRCalculator,from,20
algorithms/advanced_backtest_engine.py,logging,import,1
algorithms/advanced_backtest_engine.py,datetime.datetime,from,2
algorithms/advanced_backtest_engine.py,typing.Any,from,3
algorithms/advanced_backtest_engine.py,numpy,import,5
algorithms/advanced_backtest_engine.py,pandas,import,6
algorithms/advanced_backtest_engine.py,src.algorithms.bias_detector.BiasDetector,from,8
algorithms/advanced_backtest_engine.py,src.algorithms.transaction_cost_model.TransactionCostModel,from,9
algorithms/advanced_backtest_engine.py,src.algorithms.walk_forward_optimizer.WalkForwardOptimizer,from,10
algorithms/advanced_backtest_engine.py,src.algorithms.metrics_mixin.PerformanceMetricsMixin,from,11
algorithms/advanced_backtest_engine.py,src.core.exceptions.DataProcessingError,from,12
algorithms/advanced_backtest_engine.py,src.core.logging.logger.ProjectLogger,from,13
algorithms/bias_detector.py,typing.Any,from,1
algorithms/bias_detector.py,numpy,import,3
algorithms/bias_detector.py,pandas,import,4
algorithms/bias_detector.py,src.core.logging.logger.ProjectLogger,from,6
algorithms/metrics_mixin.py,typing.Any,from,1
algorithms/metrics_mixin.py,numpy,import,2
algorithms/metrics_mixin.py,pandas,import,3
algorithms/regime_detector.py,dataclasses.dataclass,from,4
algorithms/regime_detector.py,typing.Any,from,5
algorithms/regime_detector.py,numpy,import,7
algorithms/regime_detector.py,src.algorithms.regime.clustering.RegimeClusteringEngine,from,9
algorithms/regime_detector.py,src.algorithms.regime.metrics.RegimeMetricsCalculator,from,10
algorithms/regime_detector.py,src.algorithms.regime.rules.RegimeRulesEngine,from,11
algorithms/regime_detector.py,src.algorithms.regime.types.MarketRegime,from,12
algorithms/regime_detector.py,src.core.exceptions.DataProcessingError,from,13
algorithms/regime_detector.py,src.core.logging.logger.ProjectLogger,from,14
algorithms/regime_detector.py,src.config.unified_config_manager.get_current_config,from,32
algorithms/risk_parity_allocator.py,enum.Enum,from,13
algorithms/risk_parity_allocator.py,typing.Any,from,14
algorithms/risk_parity_allocator.py,numpy,import,16
algorithms/risk_parity_allocator.py,scipy.optimize.Bounds,from,17
algorithms/risk_parity_allocator.py,scipy.optimize.minimize,from,17
algorithms/risk_parity_allocator.py,scipy.spatial.distance.squareform,from,18
algorithms/risk_parity_allocator.py,sklearn.cluster.AgglomerativeClustering,from,19
algorithms/risk_parity_allocator.py,src.core.logging.logger.ProjectLogger,from,21
algorithms/risk_parity_allocator.py,src.utils.math_safe.safe_div,from,142
algorithms/transaction_cost_model.py,typing.Any,from,1
algorithms/walk_forward_optimizer.py,collections.abc.Callable,from,1
algorithms/walk_forward_optimizer.py,collections.abc.Iterable,from,1
algorithms/walk_forward_optimizer.py,itertools.product,from,2
algorithms/walk_forward_optimizer.py,typing.Any,from,3
algorithms/walk_forward_optimizer.py,numpy,import,5
algorithms/walk_forward_optimizer.py,pandas,import,6
algorithms/walk_forward_optimizer.py,src.core.logging.logger.ProjectLogger,from,8
algorithms/walk_forward_optimizer.py,src.algorithms.metrics_mixin.PerformanceMetricsMixin,from,9
algorithms/__init__.py,adaptive_position_sizer.AdaptivePositionSizer,from,10
algorithms/__init__.py,advanced_backtest_engine.AdvancedBacktestEngine,from,11
algorithms/__init__.py,bias_detector.BiasDetector,from,12
algorithms/__init__.py,regime.types.MarketRegime,from,13
algorithms/__init__.py,regime_detector.MarketRegimeDetector,from,14
algorithms/__init__.py,risk_parity_allocator.RiskParityAllocator,from,15
algorithms/__init__.py,transaction_cost_model.TransactionCostModel,from,16
algorithms/__init__.py,walk_forward_optimizer.WalkForwardOptimizer,from,17
algorithms/__init__.py,walk_forward_optimizer.WalkForwardOptimizerExtended,from,17
analytics/analyzer_registry.py,logging,import,2
analytics/analyzer_registry.py,src.analytics.analyzers.causal_event_finder.CausalEventFinder,from,3
analytics/analyzer_registry.py,src.analytics.analyzers.drift_analyzer.DriftAnalyzer,from,4
analytics/analyzer_registry.py,src.analytics.analyzers.hedge_fund_analyzer.HedgeFundAnalyzer,from,5
analytics/analyzer_registry.py,src.analytics.analyzers.shap_analyzer.ShapAnalyzer,from,6
analytics/analyzer_registry.py,src.analytics.analyzers.wrappers.DrawdownAnalyzer,from,7
analytics/analyzer_registry.py,src.analytics.analyzers.wrappers.FamaFrenchAnalyzer,from,7
analytics/analyzer_registry.py,src.analytics.analyzers.wrappers.VolatilityAnalyzer,from,7
analytics/analyzer_registry.py,src.analytics.context.ensemble_selector.EnsembleSelector,from,8
analytics/analyzer_registry.py,src.analytics.interfaces.IAnalyzer,from,9
analytics/interfaces.py,abc.ABC,from,1
analytics/interfaces.py,abc.abstractmethod,from,1
analytics/interfaces.py,typing.Any,from,2
analytics/unified_analytics_engine.py,hashlib,import,5
analytics/unified_analytics_engine.py,importlib,import,6
analytics/unified_analytics_engine.py,json,import,7
analytics/unified_analytics_engine.py,logging,import,8
analytics/unified_analytics_engine.py,concurrent.futures.ThreadPoolExecutor,from,9
analytics/unified_analytics_engine.py,typing.Any,from,10
analytics/unified_analytics_engine.py,pandas,import,12
analytics/unified_analytics_engine.py,src.analytics.data_managers.model_results_manager.ModelResultsManager,from,14
analytics/unified_analytics_engine.py,src.analytics.interfaces.IAnalyzer,from,15
analytics/unified_analytics_engine.py,src.config.unified_config_manager.UnifiedConfigManager,from,16
analytics/unified_analytics_engine.py,src.core.exceptions.ConfigurationError,from,17
calibration/adaptive_confidence_calibrator.py,logging,import,9
calibration/adaptive_confidence_calibrator.py,datetime.datetime,from,10
calibration/adaptive_confidence_calibrator.py,pathlib.Path,from,11
calibration/adaptive_confidence_calibrator.py,numpy,import,13
calibration/adaptive_confidence_calibrator.py,scipy.stats,from,14
calibration/adaptive_confidence_calibrator.py,src.core.logging.logger.ProjectLogger,from,22
calibration/adaptive_confidence_calibrator.py,src.utils.artifact_security.resolve_trusted_artifact_path,from,23
calibration/adaptive_confidence_calibrator.py,sklearn.isotonic.IsotonicRegression,from,17
calibration/adaptive_confidence_calibrator.py,sklearn.linear_model.LogisticRegression,from,18
calibration/adaptive_confidence_calibrator.py,joblib,import,283
calibration/adaptive_confidence_calibrator.py,joblib,import,297
calibration/calibration_engine.py,json,import,10
calibration/calibration_engine.py,logging,import,11
calibration/calibration_engine.py,pathlib.Path,from,12
calibration/calibration_engine.py,typing.Any,from,13
calibration/calibration_engine.py,numpy,import,15
calibration/calibration_engine.py,pandas,import,16
calibration/calibration_engine.py,src.config.unified_config_manager.UnifiedConfigManager,from,18
calibration/calibration_engine.py,src.core.logging.logger.ProjectLogger,from,19
calibration/calibration_engine.py,optuna,import,23
calibration/calibration_engine.py,duckdb,import,81
calibration/calibration_engine.py,sklearn.ensemble.RandomForestRegressor,from,216
calibration/__init__.py,src.calibration.calibration_engine.CalibrationEngine,from,5
cli/argument_parser.py,argparse,import,5
cli/argument_validator.py,typing.Any,from,5
cli/argument_validator.py,src.core.logging.logger.ProjectLogger,from,7
cli/batch_manager.py,re,import,5
cli/batch_manager.py,pathlib.Path,from,6
cli/batch_manager.py,src.core.logging.logger.ProjectLogger,from,8
cli/batch_manager.py,src.utils.path_utils.sanitize_path_input,from,9
cli/pipeline_data_loader.py,pathlib.Path,from,1
cli/pipeline_data_loader.py,typing.Any,from,2
cli/pipeline_data_loader.py,pandas,import,4
cli/pipeline_data_loader.py,src.core.logging.logger.ProjectLogger,from,6
cli/pipeline_data_loader.py,src.data.management.data_manager.DataManager,from,81
cli/pipeline_data_loader.py,src.processing.deduplication_utils.deduplicate_dataframe,from,82
cli/pipeline_executor.py,functools,import,4
cli/pipeline_executor.py,logging,import,5
cli/pipeline_executor.py,time,import,6
cli/pipeline_executor.py,pathlib.Path,from,7
cli/pipeline_executor.py,typing.Any,from,8
cli/pipeline_executor.py,pandas,import,10
cli/pipeline_executor.py,src.core.logging.logger.ProjectLogger,from,12
cli/pipeline_executor.py,src.features.feature_orchestrator.enable_lineage_tracking,from,78
cli/pipeline_executor.py,src.features.feature_orchestrator.disable_lineage_tracking,from,84
cli/pipeline_executor.py,src.pipeline.hybrid_orchestrator.HybridPipelineRequest,from,143
cli/pipeline_executor.py,src.validation.pipeline_schemas.validate_batch_dir,from,218
cli/pipeline_executor.py,src.data.management.data_manager.DataManager,from,336
cli/pipeline_executor.py,src.data.management.data_manager.DataManager,from,316
cli/pipeline_executor.py,src.processing.deduplication_utils.deduplicate_dataframe,from,317
colab/__init__.py,importlib.import_module,from,3
colab/__init__.py,typing.Any,from,4
config/model_registry.py,typing.Any,from,1
config/model_registry.py,src.models.constants,from,2
config/tickers.py,json,import,6
config/unified_config_manager.py,__future__.annotations,from,1
config/unified_config_manager.py,logging,import,3
config/unified_config_manager.py,os,import,4
config/unified_config_manager.py,re,import,5
config/unified_config_manager.py,threading,import,6
config/unified_config_manager.py,collections.abc.Sequence,from,7
config/unified_config_manager.py,enum.Enum,from,8
config/unified_config_manager.py,pathlib.Path,from,9
config/unified_config_manager.py,typing.TYPE_CHECKING,from,10
config/unified_config_manager.py,typing.Any,from,10
config/unified_config_manager.py,src.core.file_management.file_manager.FileManager,from,12
config/unified_config_manager.py,src.core.logging.logger.ProjectLogger,from,13
config/unified_config_manager.py,src.core.security.secure_secrets_manager.SecretsManager,from,14
core/base_integration.py,abc.ABC,from,1
core/base_integration.py,abc.abstractmethod,from,1
core/base_integration.py,datetime.datetime,from,2
core/base_integration.py,typing.Any,from,3
core/base_integration.py,src.core.error_handling.error_handler.get_error_handler,from,5
core/base_integration.py,src.core.logging.logger.ProjectLogger,from,15
core/version_checker.py,importlib.metadata,import,1
core/version_checker.py,logging,import,2
core/version_checker.py,sys,import,3
core/version_checker.py,typing.Any,from,4
core/version_checker.py,packaging.version,from,6
core/version_checker.py,src.core.logging.logger.ProjectLogger,from,8
dashboard/main_app.py,streamlit,import,3
dashboard/main_app.py,pandas,import,4
dashboard/main_app.py,numpy,import,5
dashboard/main_app.py,plotly.graph_objects,import,6
dashboard/main_app.py,plotly.express,import,7
dashboard/main_app.py,datetime.datetime,from,8
dashboard/main_app.py,datetime.timedelta,from,8
dashboard/main_app.py,os,import,9
dashboard/main_app.py,sys,import,10
dashboard/main_app.py,logging,import,11
dashboard/main_app.py,typing.Dict,from,12
dashboard/main_app.py,typing.List,from,12
dashboard/main_app.py,typing.Optional,from,12
dashboard/main_app.py,typing.Any,from,12
dashboard/main_app.py,json,import,13
dashboard/main_app.py,pathlib.Path,from,14
dashboard/main_app.py,psutil,import,15
dashboard/main_app.py,src.config.unified_config_manager.UnifiedConfigManager,from,24
dashboard/main_app.py,src.data.management.data_manager.DataManager,from,25
dashboard/main_app.py,src.core.error_handling.error_handler.ErrorHandler,from,26
dashboard/main_app.py,src.analytics.unified_analytics_engine.UnifiedAnalyticsEngine,from,27
dashboard/main_app.py,src.analytics.calculators.fama_french_factors.FamaFrenchFactors,from,28
dashboard/main_app.py,src.analytics.analyzers.hedge_fund_analyzer.HedgeFundAnalyzer,from,29
data/data_loader.py,json,import,4
data/data_loader.py,datetime.datetime,from,5
data/data_loader.py,pathlib.Path,from,6
data/data_loader.py,src.core.logging.logger.ProjectLogger,from,8
data/data_loader.py,src.core.security.path_validator.PathValidationError,from,9
data/data_loader.py,src.core.security.path_validator.validate_safe_path,from,9
data/data_loader.py,pandas,import,35
data_sources/local_file_data_source.py,pathlib.Path,from,1
data_sources/local_file_data_source.py,typing.Any,from,2
data_sources/local_file_data_source.py,pandas,import,4
data_sources/local_file_data_source.py,src.core.logging.logger.ProjectLogger,from,6
data_sources/__init__.py,src.data_sources.local_file_data_source.LocalFileDataSource,from,3
devtools/rule_generator.py,logging,import,3
devtools/rule_generator.py,os,import,4
devtools/rule_generator.py,typing.Any,from,5
devtools/rule_generator.py,pandas,import,7
devtools/rule_generator.py,yaml,import,8
devtools/rule_generator.py,src.config.unified_config_manager.UnifiedConfigManager,from,11
devtools/rule_generator.py,src.data.management.data_manager.DataManager,from,12
devtools/system_validator.py,importlib,import,3
devtools/system_validator.py,os,import,4
devtools/system_validator.py,psutil,import,5
devtools/system_validator.py,pathlib.Path,from,6
devtools/system_validator.py,typing.Dict,from,7
devtools/system_validator.py,typing.List,from,7
devtools/system_validator.py,typing.Any,from,7
devtools/system_validator.py,typing.Tuple,from,7
devtools/system_validator.py,src.core.file_management.file_manager.FileManager,from,9
devtools/system_validator.py,src.core.logging.logger.ProjectLogger,from,10
devtools/system_validator.py,src.core.security.secure_secrets_manager.SecretsManager,from,11
devtools/task_manager.py,re,import,3
devtools/task_manager.py,time,import,4
devtools/task_manager.py,datetime.datetime,from,5
devtools/task_manager.py,datetime.timedelta,from,5
devtools/task_manager.py,enum.Enum,from,6
devtools/task_manager.py,pathlib.Path,from,7
devtools/task_manager.py,typing.Dict,from,8
devtools/task_manager.py,typing.List,from,8
devtools/task_manager.py,typing.Optional,from,8
devtools/task_manager.py,typing.Any,from,8
devtools/task_manager.py,src.core.file_management.file_manager.FileManager,from,10
devtools/task_manager.py,src.core.logging.logger.Logger,from,11
devtools/__init__.py,src.devtools.rule_generator.ContextRuleGenerator,from,7
ensembling/base_ensemble.py,numpy,import,1
ensembling/base_ensemble.py,pandas,import,2
ensembling/base_ensemble.py,typing.Optional,from,3
ensembling/base_ensemble.py,typing.Dict,from,3
ensembling/base_ensemble.py,typing.List,from,3
ensembling/base_ensemble.py,typing.Tuple,from,3
ensembling/base_ensemble.py,typing.Union,from,3
ensembling/base_ensemble.py,typing.Any,from,3
ensembling/base_ensemble.py,typing.NamedTuple,from,3
ensembling/base_ensemble.py,logging.getLogger,from,4
ensembling/base_ensemble.py,sklearn.linear_model.Ridge,from,5
ensembling/base_ensemble.py,pickle,import,6
ensembling/base_ensemble.py,pathlib.Path,from,7
ensembling/base_ensemble.py,src.meta_learning.memory.diary_engine.ExperienceDiaryEngine,from,9
ensembling/stacked_ensemble.py,logging,import,1
ensembling/stacked_ensemble.py,logging.getLogger,from,2
ensembling/stacked_ensemble.py,pathlib.Path,from,3
ensembling/stacked_ensemble.py,typing.Any,from,4
ensembling/stacked_ensemble.py,typing.NamedTuple,from,4
ensembling/stacked_ensemble.py,numpy,import,6
ensembling/stacked_ensemble.py,pandas,import,7
ensembling/stacked_ensemble.py,sklearn.linear_model.Ridge,from,8
ensembling/stacked_ensemble.py,src.meta_learning.memory.diary_engine.DiaryEngine,from,10
ensembling/stacked_ensemble.py,src.utils.artifact_security.resolve_trusted_artifact_path,from,11
ensembling/stacked_ensemble.py,joblib,import,290
ensembling/stacked_ensemble.py,joblib,import,306
ensembling/stacked_ensemble.py,src.config.unified_config_manager.get_current_config,from,308
experiments/compare_layers.py,pandas,import,7
experiments/compare_layers.py,numpy,import,8
experiments/compare_layers.py,datetime.datetime,from,9
experiments/compare_layers.py,datetime.timedelta,from,9
experiments/compare_layers.py,itertools,import,10
experiments/compare_layers.py,concurrent.futures.ProcessPoolExecutor,from,11
experiments/compare_layers.py,concurrent.futures.as_completed,from,11
experiments/compare_layers.py,matplotlib.pyplot,import,12
experiments/compare_layers.py,seaborn,import,13
experiments/compare_layers.py,pathlib.Path,from,14
experiments/compare_layers.py,typing.List,from,15
experiments/compare_layers.py,typing.Dict,from,15
experiments/compare_layers.py,typing.Any,from,15
experiments/compare_layers.py,typing.Optional,from,15
experiments/compare_layers.py,devtools.experimentation.base.BaseExperiment,from,18
experiments/compare_layers.py,src.pipeline.pipeline_orchestrator.PipelineOrchestrator,from,21
experiments/compare_layers.py,src.metrics.financial_metrics.calculate_performance_metrics,from,22
experiments/compare_layers.py,src.core.logging.logger.ProjectLogger,from,23
experiments/compare_layers.py,src.config.unified_config_manager.UnifiedConfigManager,from,24
experiments/compare_layers.py,src.meta_learning.experience_diary.ExperienceDiary,from,25
experiments/compare_layers.py,src.ensembling.base_ensemble.ensemble_forecast,from,26
factories/model_factory.py,logging,import,1
factories/model_factory.py,typing.Any,from,2
factories/model_factory.py,src.config.unified_config_manager.get_current_config,from,4
factories/model_factory.py,src.core.logging.logger.ProjectLogger,from,5
factories/model_factory.py,src.factories.tree_model_factory.TreeModelFactory,from,8
factories/model_factory.py,src.models.ensemble.ensemble_model.EnsembleModel,from,9
factories/model_factory.py,src.models.interfaces.BaseModel,from,10
factories/model_factory.py,src.models.linear.knn_model.KNNModel,from,11
factories/model_factory.py,src.models.linear.linear_model.LinearModel,from,14
factories/model_factory.py,src.models.linear.svm_model.SVMModel,from,15
factories/model_factory.py,src.models.neural.autoencoder_model.AutoencoderModel,from,16
factories/model_factory.py,src.models.neural.cnn_model.CNNModel,from,17
factories/model_factory.py,src.models.neural.gru_model.GRUModel,from,18
factories/model_factory.py,src.models.neural.lstm_model.LSTMModel,from,19
factories/model_factory.py,src.models.neural.mlp_model.MLPModel,from,20
factories/model_factory.py,src.models.neural.tabnet_model.TabNetModel,from,21
factories/model_factory.py,src.models.neural.transformer_model.TransformerModel,from,22
factories/model_factory.py,src.models.registry.model_registry.ModelRegistry,from,23
factories/model_factory.py,inspect,import,140
factories/tree_model_factory.py,inspect,import,1
factories/tree_model_factory.py,typing.Any,from,2
factories/tree_model_factory.py,src.core.logging.logger.ProjectLogger,from,4
factories/tree_model_factory.py,src.models.interfaces.BaseModel,from,5
factories/tree_model_factory.py,src.models.tree.catboost_model.CatBoostModel,from,6
factories/tree_model_factory.py,src.models.tree.lightgbm_model.LightGBMModel,from,7
factories/tree_model_factory.py,src.models.tree.random_forest_model.RandomForestModel,from,8
factories/tree_model_factory.py,src.models.tree.xgboost_model.XGBoostModel,from,9
features/colab_context_integration.py,pathlib.Path,from,7
features/colab_context_integration.py,typing.Any,from,8
features/colab_context_integration.py,numpy,import,10
features/colab_context_integration.py,pandas,import,11
features/colab_context_integration.py,src.core.logging.logger.ProjectLogger,from,13
features/colab_context_integration.py,json,import,152
features/colab_context_integration.py,matplotlib.pyplot,import,178
features/colab_context_integration.py,sys,import,36
features/colab_context_integration.py,colab_clean_cell.SimpleFeatureSelector,from,61
features/colab_context_integration.py,src.features.context_aware_feature_selector.ContextAwareFeatureSelector,from,41
features/colab_context_integration.py,src.features.selection.smart_selector.SmartFeatureSelector,from,50
features/context_aware_feature_selector.py,json,import,7
features/context_aware_feature_selector.py,pathlib.Path,from,8
features/context_aware_feature_selector.py,typing.Any,from,9
features/context_aware_feature_selector.py,numpy,import,11
features/context_aware_feature_selector.py,pandas,import,12
features/context_aware_feature_selector.py,src.core.logging.logger.ProjectLogger,from,14
features/context_aware_feature_selector.py,sklearn.ensemble.RandomForestRegressor,from,45
features/context_aware_feature_selector.py,sklearn.feature_selection.SelectKBest,from,46
features/context_aware_feature_selector.py,sklearn.feature_selection.f_regression,from,46
features/context_aware_feature_selector.py,sklearn.feature_selection.mutual_info_regression,from,46
features/feature_cache.py,hashlib,import,21
features/feature_cache.py,logging,import,22
features/feature_cache.py,pathlib.Path,from,23
features/feature_cache.py,typing.Any,from,24
features/feature_cache.py,pandas,import,26
features/feature_cache.py,time,import,258
features/feature_orchestrator.py,importlib,import,1
features/feature_orchestrator.py,inspect,import,2
features/feature_orchestrator.py,logging,import,3
features/feature_orchestrator.py,os,import,4
features/feature_orchestrator.py,pkgutil,import,5
features/feature_orchestrator.py,typing.Any,from,6
features/feature_orchestrator.py,pandas,import,8
features/feature_orchestrator.py,src.config.unified_config_manager.get_current_config,from,10
features/feature_orchestrator.py,src.core.logging.logger.ProjectLogger,from,11
features/feature_orchestrator.py,src.features.enrichers.base.BaseEnricher,from,12
features/feature_orchestrator.py,src.features.selection.volatility_driver_selector.VolatilityDriverSelector,from,13
features/feature_orchestrator.py,sys,import,28
features/feature_orchestrator.py,diagnostics.feature_lineage_tracker.FeatureLineageTracker,from,31
features/feature_selection_cache.py,hashlib,import,5
features/feature_selection_cache.py,json,import,6
features/feature_selection_cache.py,logging,import,7
features/feature_selection_cache.py,datetime.datetime,from,8
features/feature_selection_cache.py,pathlib.Path,from,9
features/feature_selection_cache.py,typing.Any,from,10
features/feature_selection_cache.py,src.core.logging.logger.ProjectLogger,from,12
features/feature_selector.py,typing.Any,from,4
features/feature_selector.py,numpy,import,6
features/feature_selector.py,src.core.logging.logger.ProjectLogger,from,8
features/feature_selector.py,numpy,import,116
features/feature_selector.py,src.core.logging.logger.ProjectLogger,from,137
features/feature_selector.py,src.features.selection.enhanced_smart_selector.EnhancedSmartFeatureSelector,from,138
features/feature_selector.py,sklearn.feature_selection.SelectKBest,from,43
features/feature_selector.py,sklearn.feature_selection.f_regression,from,43
features/news_clusterer.py,json,import,5
features/news_clusterer.py,pathlib.Path,from,6
features/news_clusterer.py,typing.Any,from,7
features/news_clusterer.py,numpy,import,9
features/news_clusterer.py,pandas,import,10
features/news_clusterer.py,src.core.logging.logger.ProjectLogger,from,12
features/news_clusterer.py,sklearn.feature_extraction.text.TfidfVectorizer,from,65
features/news_clusterer.py,sklearn.cluster.DBSCAN,from,128
features/news_clusterer.py,sklearn.metrics.pairwise.cosine_similarity,from,129
features/news_clusterer.py,sentence_transformers.SentenceTransformer,from,46
features/news_dataset_builder.py,json,import,1
features/news_dataset_builder.py,datetime.datetime,from,2
features/news_dataset_builder.py,pathlib.Path,from,3
features/news_dataset_builder.py,typing.Any,from,4
features/news_dataset_builder.py,pandas,import,6
features/news_dataset_builder.py,src.config.unified_config_manager.UnifiedConfigManager,from,8
features/news_dataset_builder.py,src.core.logging.logger.ProjectLogger,from,9
features/news_dataset_builder.py,src.features.news_impact_classifier.NewsImpactClassifier,from,10
features/news_dataset_builder.py,src.utils.trading_calendar.TradingCalendar,from,11
features/news_dataset_builder.py,builders.news_event.candle_seeker.NewsCandleSeeker,from,13
features/news_dataset_builder.py,builders.news_event.enricher.NewsGlobalEnricher,from,14
features/news_dataset_builder.py,builders.news_event.filter.NewsEventDataFilter,from,17
features/news_impact_classifier.py,logging,import,5
features/news_impact_classifier.py,re,import,6
features/news_impact_classifier.py,dataclasses.dataclass,from,7
features/news_impact_classifier.py,pathlib.Path,from,8
features/news_impact_classifier.py,yaml,import,10
features/news_impact_classifier.py,src.config.unified_config_manager.UnifiedConfigManager,from,12
features/news_impact_classifier.py,src.core.logging.logger.ProjectLogger,from,13
integration/dashboard_data_bridge.py,datetime.datetime,from,7
integration/dashboard_data_bridge.py,typing.Any,from,8
integration/dashboard_data_bridge.py,pandas,import,10
integration/dashboard_data_bridge.py,src.core.logging.logger.ProjectLogger,from,12
integration/dashboard_data_bridge.py,src.data.management.data_manager.DataManager,from,15
integration/dashboard_data_bridge.py,typing.TYPE_CHECKING,from,19
integration/dashboard_data_bridge.py,src.data.management.data_manager.DataManager,from,21
integration/dashboard_data_bridge.py,psutil,import,301
integration/ensemble_performance_bridge.py,datetime.datetime,from,7
integration/ensemble_performance_bridge.py,typing.Any,from,8
integration/ensemble_performance_bridge.py,src.core.logging.logger.ProjectLogger,from,10
integration/ensemble_selector.py,src.analytics.context.ensemble_selector.EnsembleContext,from,3
integration/ensemble_selector.py,src.analytics.context.ensemble_selector.EnsembleSelector,from,3
integrations/base.py,abc.ABC,from,1
integrations/base.py,abc.abstractmethod,from,1
integrations/base.py,datetime.datetime,from,2
integrations/base.py,typing.Any,from,3
integrations/base.py,src.core.logging.logger.ProjectLogger,from,13
main/system_orchestrator.py,inspect,import,5
main/system_orchestrator.py,os,import,6
main/system_orchestrator.py,subprocess,import,7
main/system_orchestrator.py,concurrent.futures.ProcessPoolExecutor,from,8
main/system_orchestrator.py,concurrent.futures.as_completed,from,8
main/system_orchestrator.py,dataclasses.dataclass,from,9
main/system_orchestrator.py,typing.Any,from,10
main/system_orchestrator.py,src.config.unified_config_manager.UnifiedConfigManager,from,12
main/system_orchestrator.py,src.config.unified_config_manager.get_current_config,from,12
main/system_orchestrator.py,src.core.logging.logger.ProjectLogger,from,13
main/system_orchestrator.py,src.main.modes.backtest.BacktestMode,from,112
main/system_orchestrator.py,src.main.modes.predict.PredictMode,from,113
main/system_orchestrator.py,src.main.modes.train.TrainMode,from,114
main/system_orchestrator.py,src.data.management.data_manager.DataManager,from,122
main/system_orchestrator.py,src.main.modes.training_data_pipeline.run_pipeline,from,123
main/system_orchestrator.py,src.pipeline.hybrid_orchestrator.HybridOrchestrator,from,213
main/system_orchestrator.py,src.pipeline.hybrid_orchestrator.HybridPipelineRequest,from,213
main/system_orchestrator.py,src.models.dean.dean_bootstrap_system.get_dean_system,from,241
main/system_orchestrator.py,src.main.modes.predict.PredictMode,from,242
main/system_orchestrator.py,src.main.modes.train.TrainMode,from,243
main/system_orchestrator.py,modes.MonsterTestMode,from,276
meta_learning/base.py,abc.ABC,from,1
meta_learning/base.py,abc.abstractmethod,from,1
meta_learning/base.py,typing.Any,from,2
meta_learning/dean_integration.py,numpy,import,3
meta_learning/dean_integration.py,pandas,import,4
meta_learning/dean_integration.py,logging,import,5
meta_learning/dean_integration.py,typing.Dict,from,6
meta_learning/dean_integration.py,typing.List,from,6
meta_learning/dean_integration.py,typing.Any,from,6
meta_learning/dean_integration.py,typing.Optional,from,6
meta_learning/dean_integration.py,src.core.logging.logger.Logger,from,8
meta_learning/dean_integration.py,dean_trading_models.DeanActor,from,9
meta_learning/dean_integration.py,dean_trading_models.DeanCritic,from,9
meta_learning/dean_integration.py,dean_trading_models.DeanSimulator,from,9
meta_learning/dean_integration.py,src.analytics.context.causal_engine.CausalEngine,from,10
meta_learning/dean_integration.py,src.models.model_selector.heavy_light_comparator.HeavyLightModelComparator,from,11
meta_learning/dean_integration.py,sklearn.ensemble.RandomForestClassifier,from,31
meta_learning/dean_integration.py,src.models.interfaces.BaseModel,from,32
meta_learning/dean_integration.py,src.analytics.analyzers.knn_similarity_finder.KnnSimilarityFinder,from,47
meta_learning/dean_trading_models.py,numpy,import,9
meta_learning/dean_trading_models.py,pandas,import,10
meta_learning/dean_trading_models.py,logging,import,11
meta_learning/dean_trading_models.py,typing.Dict,from,12
meta_learning/dean_trading_models.py,typing.List,from,12
meta_learning/dean_trading_models.py,typing.Any,from,12
meta_learning/dean_trading_models.py,typing.Optional,from,12
meta_learning/dean_trading_models.py,typing.Tuple,from,12
meta_learning/dean_trading_models.py,abc.ABC,from,13
meta_learning/dean_trading_models.py,abc.abstractmethod,from,13
meta_learning/dean_trading_models.py,random,import,14
meta_learning/dean_trading_models.py,datetime.datetime,from,15
meta_learning/dean_trading_models.py,scipy.stats.entropy,from,16
meta_learning/dean_trading_models.py,sklearn.ensemble.RandomForestRegressor,from,17
meta_learning/dean_trading_models.py,src.factories.model_interface.ModelInterface,from,19
meta_learning/dean_trading_models.py,src.analytics.analyzers.knn_similarity_finder.KnnSimilarityFinder,from,20
meta_learning/dean_trading_models.py,src.patterns.pattern_analyzer.PatternAnalyzer,from,21
meta_learning/experience_diary.py,warnings,import,11
meta_learning/experience_diary.py,src.meta_learning.memory.diary_engine.ExperienceDiaryEngine,from,13
meta_learning/real_time_learning.py,datetime.datetime,from,6
meta_learning/real_time_learning.py,datetime.timedelta,from,6
meta_learning/real_time_learning.py,typing.Any,from,7
meta_learning/real_time_learning.py,numpy,import,9
meta_learning/real_time_learning.py,pandas,import,10
meta_learning/real_time_learning.py,src.core.logging.logger.ProjectLogger,from,12
meta_learning/real_time_learning.py,sklearn.ensemble.RandomForestClassifier,from,463
meta_learning/__init__.py,awareness.context.models.EventImpact,from,35
meta_learning/__init__.py,awareness.context.models.EventType,from,35
meta_learning/__init__.py,awareness.context.models.MarketRegime,from,35
meta_learning/__init__.py,awareness.context_engine.ContextAwarenessEngine,from,43
meta_learning/__init__.py,evolution.dual_loops.LearningLoopsEngine,from,46
meta_learning/__init__.py,evolution.dual_loops.TradingRule,from,46
meta_learning/__init__.py,memory.diary_engine.DecisionOutcome,from,52
meta_learning/__init__.py,memory.diary_engine.DecisionRecord,from,52
meta_learning/__init__.py,memory.diary_engine.DecisionType,from,52
meta_learning/__init__.py,memory.diary_engine.DiaryEngine,from,52
metrics/base.py,abc.ABC,from,1
metrics/base.py,abc.abstractmethod,from,1
metrics/base.py,typing.Any,from,2
metrics/calculator.py,typing.Any,from,1
metrics/calculator.py,numpy,import,3
metrics/calculator.py,pandas,import,4
metrics/calculator.py,src.config.unified_config_manager.get_current_config,from,6
metrics/calculator.py,src.core.logging.logger.ProjectLogger,from,7
metrics/calculator.py,src.metrics.financial.portfolio_metrics.PortfolioMetricsCalculator,from,8
metrics/calculator.py,src.metrics.model.ml_evaluator.MLEvaluator,from,9
models/artifact_store.py,joblib,import,14
models/artifact_store.py,numpy,import,15
models/artifact_store.py,pathlib.Path,from,16
models/artifact_store.py,typing.Any,from,17
models/artifact_store.py,src.core.logging.logger.ProjectLogger,from,19
models/artifact_store.py,src.utils.artifact_security.resolve_trusted_artifact_path,from,20
models/artifact_store.py,pickle,import,102
models/artifact_store.py,pickle,import,125
models/artifact_store.py,torch,import,152
models/artifact_store.py,torch,import,177
models/artifact_store.py,tensorflow.keras,from,227
models/constants.py,typing.Final,from,5
models/enhanced_factory.py,logging,import,6
models/enhanced_factory.py,typing.Any,from,7
models/enhanced_factory.py,src.core.logging.logger.ProjectLogger,from,9
models/enhanced_factory.py,src.factories.model_factory.ModelFactory,from,10
models/enhanced_factory.py,src.models.interfaces.BaseModel,from,11
models/enhanced_factory.py,src.models.prototypes.prototype.ModelPrototype,from,12
models/enhanced_factory.py,src.models.prototypes.registry.PrototypeRegistry,from,13
models/factory.py,importlib,import,3
models/factory.py,logging,import,4
models/factory.py,typing.Dict,from,5
models/factory.py,typing.Any,from,5
models/factory.py,typing.Type,from,5
models/factory.py,typing.Optional,from,5
models/factory.py,src.models.interfaces.BaseModel,from,9
models/factory.py,src.core.logging.logger.ProjectLogger,from,10
models/factory.py,src.models.constants,from,11
models/feature_selector.py,numpy,import,1
models/feature_selector.py,pandas,import,2
models/integrated_model_manager.py,json,import,7
models/integrated_model_manager.py,datetime.datetime,from,8
models/integrated_model_manager.py,pathlib.Path,from,9
models/integrated_model_manager.py,typing.Any,from,10
models/integrated_model_manager.py,numpy,import,12
models/integrated_model_manager.py,pandas,import,13
models/integrated_model_manager.py,src.core.logging.logger.ProjectLogger,from,15
models/integrated_model_manager.py,src.models.actions.action_trigger.ActionTrigger,from,16
models/integrated_model_manager.py,src.models.analysis.model_analyzer.ModelAnalyzer,from,17
models/integrated_model_manager.py,src.models.health.model_health_evaluator.ModelHealthEvaluator,from,18
models/integrated_model_manager.py,src.models.monitoring.prediction_drift_monitor.PredictionDriftMonitor,from,19
models/integrated_model_manager.py,src.models.registry.model_registry.ModelRegistry,from,20
models/integrated_model_manager.py,src.models.statistics.model_statistics.ModelStatistics,from,21
models/interfaces.py,abc.ABC,from,3
models/interfaces.py,abc.abstractmethod,from,3
models/interfaces.py,pathlib.Path,from,4
models/interfaces.py,typing.Any,from,5
models/interfaces.py,numpy,import,7
models/interfaces.py,pandas,import,8
models/interfaces.py,src.core.logging.logger.ProjectLogger,from,10
models/interfaces.py,src.metrics.calculator.MetricsCalculator,from,11
models/interfaces.py,src.utils.artifact_security.resolve_trusted_artifact_path,from,12
models/loader.py,logging,import,13
models/loader.py,collections.abc.Callable,from,14
models/loader.py,pathlib.Path,from,15
models/loader.py,typing.Any,from,16
models/loader.py,joblib,import,18
models/loader.py,src.config.unified_config_manager.get_current_config,from,20
models/loader.py,src.core.error_handling.error_handler.ModelLoadingError,from,21
models/loader.py,src.core.logging.logger.ProjectLogger,from,22
models/loader.py,src.utils.artifact_security.resolve_trusted_artifact_path,from,23
models/loader.py,tensorflow.keras.models.load_model,from,284
models/loader.py,tensorflow,import,292
models/loader.py,tensorflow.keras.models.load_model,from,300
models/loader.py,numpy,import,307
models/loader.py,tensorflow,import,308
models/loader.py,torch.nn,import,414
models/loader.py,torch.nn,import,423
models/loader.py,torch.nn,import,432
models/loader.py,torch.nn,import,447
models/loader.py,torch,import,462
models/loader.py,torch.nn,import,463
models/loader.py,torch.nn,import,482
models/loader.py,torch.nn,import,500
models/loader.py,torch.nn,import,515
models/loader.py,src.models.registry.model_registry.ModelRegistry,from,522
models/loader.py,torch,import,546
models/loader.py,src.ensembling.stacked_ensemble.StackedEnsemble,from,211
models/loader.py,tensorflow.keras.models.load_model,from,251
models/loader.py,torch,import,353
models/loader.py,numpy,import,332
models/loader.py,pickle,import,237
models/model_pool.py,logging,import,24
models/model_pool.py,threading,import,25
models/model_pool.py,time,import,26
models/model_pool.py,collections.OrderedDict,from,27
models/model_pool.py,collections.abc.Callable,from,28
models/model_pool.py,typing.Any,from,29
models/model_pool.py,sys,import,229
models/persistent_pool.py,json,import,29
models/persistent_pool.py,logging,import,30
models/persistent_pool.py,collections.abc.Callable,from,31
models/persistent_pool.py,datetime.datetime,from,32
models/persistent_pool.py,pathlib.Path,from,33
models/persistent_pool.py,typing.Any,from,34
models/persistent_pool.py,numpy,import,36
models/persistent_pool.py,src.core.logging.logger.ProjectLogger,from,38
models/persistent_pool.py,src.models.model_pool.ModelPool,from,39
models/persistent_pool.py,src.utils.path_safety.get_path_safety,from,40
models/persistent_pool.py,joblib,import,286
models/__init__.py,analysis.baseline_dominance_detector.BaselineDominanceDetector,from,36
models/__init__.py,analysis.overfitting_detector.OverfittingDetector,from,39
models/__init__.py,analysis.overfitting_detector.detect_overfitting_quick,from,39
models/__init__.py,analysis.overfitting_detector.get_overfitting_detector,from,39
models/__init__.py,analysis.regime_winner_analyzer.RegimeWinnerAnalyzer,from,47
models/__init__.py,ensemble.confidence_calibrator.ConfidenceCalibrator,from,52
models/__init__.py,ensemble.confidence_calibrator.calibrate_confidence_quick,from,52
models/__init__.py,ensemble.confidence_calibrator.get_confidence_calibrator,from,52
models/__init__.py,ensemble.model_correlation_analyzer.ModelCorrelationAnalyzer,from,60
models/__init__.py,ensemble.model_correlation_analyzer.analyze_model_correlation_quick,from,60
models/__init__.py,ensemble.model_correlation_analyzer.get_model_correlation_analyzer,from,60
models/__init__.py,ensemble.weight_stability_monitor.WeightStabilityMonitor,from,68
models/__init__.py,ensemble.weight_stability_monitor.get_weight_stability_monitor,from,68
models/__init__.py,ensemble.weight_stability_monitor.monitor_weight_stability_quick,from,68
models/__init__.py,integrated_model_manager.IntegratedModelManager,from,78
models/__init__.py,integrated_model_manager.get_integrated_model_manager,from,78
models/__init__.py,model_selector.SmartModelSelector,from,84
models/__init__.py,monitoring.prediction_drift_monitor.PredictionDriftMonitor,from,89
models/__init__.py,monitoring.prediction_drift_monitor.get_prediction_drift_monitor,from,89
models/__init__.py,quality.controller.ModelQualityController,from,95
monitoring/base.py,abc.ABC,from,1
monitoring/base.py,abc.abstractmethod,from,1
monitoring/base.py,typing.Any,from,2
monitoring/config.py,os,import,6
monitoring/config.py,typing.Any,from,7
monitoring/config.py,src.core.logging.logger.ProjectLogger,from,9
monitoring/config.py,argparse,import,167
monitoring/config.py,json,import,168
monitoring/config.py,yaml,import,48
monitoring/config.py,yaml,import,30
monitoring/dashboard.py,os,import,7
monitoring/dashboard.py,threading,import,8
monitoring/dashboard.py,time,import,9
monitoring/dashboard.py,datetime.datetime,from,10
monitoring/dashboard.py,typing.Any,from,11
monitoring/dashboard.py,src.core.logging.logger.ProjectLogger,from,13
monitoring/dashboard.py,monitoring_system.MonitoringSystem,from,15
monitoring/dashboard.py,dash,import,23
monitoring/dashboard.py,plotly.graph_objects,import,24
monitoring/dashboard.py,dash.dcc,from,25
monitoring/dashboard.py,dash.html,from,25
monitoring/dashboard.py,dash.dependencies.Input,from,26
monitoring/dashboard.py,dash.dependencies.Output,from,26
monitoring/dashboard.py,plotly.subplots.make_subplots,from,27
monitoring/data_freshness_monitor.py,asyncio,import,7
monitoring/data_freshness_monitor.py,pathlib.Path,from,8
monitoring/data_freshness_monitor.py,typing.Any,from,9
monitoring/data_freshness_monitor.py,pandas,import,11
monitoring/data_freshness_monitor.py,src.core.logging.logger.ProjectLogger,from,13
monitoring/data_freshness_monitor.py,src.utils.universal_notifier.UniversalNotifier,from,378
monitoring/drift_detector.py,pandas,import,5
monitoring/example_usage.py,logging,import,16
monitoring/example_usage.py,os,import,17
monitoring/example_usage.py,random,import,18
monitoring/example_usage.py,time,import,19
monitoring/example_usage.py,datetime.datetime,from,20
monitoring/example_usage.py,src.core.logging.logger.ProjectLogger,from,22
monitoring/example_usage.py,src.monitoring.dashboard.MonitoringDashboardGenerator,from,23
monitoring/example_usage.py,src.monitoring.monitoring_system.MonitoringSystem,from,24
monitoring/example_usage.py,argparse,import,313
monitoring/feature_drift_monitor.py,datetime.datetime,from,6
monitoring/feature_drift_monitor.py,pathlib.Path,from,7
monitoring/feature_drift_monitor.py,typing.Any,from,8
monitoring/feature_drift_monitor.py,numpy,import,10
monitoring/feature_drift_monitor.py,pandas,import,11
monitoring/feature_drift_monitor.py,src.core.exceptions.DataProcessingError,from,13
monitoring/feature_drift_monitor.py,src.core.logging.logger.ProjectLogger,from,14
monitoring/feature_drift_monitor.py,evidently.metric_preset.DataDriftPreset,from,20
monitoring/feature_drift_monitor.py,evidently.metrics.DatasetDriftMetric,from,21
monitoring/feature_drift_monitor.py,evidently.report.Report,from,22
monitoring/health_hub.py,datetime.datetime,from,4
monitoring/health_hub.py,datetime.timedelta,from,4
monitoring/health_hub.py,pathlib.Path,from,5
monitoring/health_hub.py,typing.Any,from,6
monitoring/health_hub.py,joblib,import,8
monitoring/health_hub.py,numpy,import,9
monitoring/health_hub.py,pandas,import,10
monitoring/health_hub.py,src.analytics.data_managers.model_results_manager.ModelResultsManager,from,12
monitoring/health_hub.py,src.config.unified_config_manager.UnifiedConfigManager,from,13
monitoring/health_hub.py,src.config.unified_config_manager.get_current_config,from,13
monitoring/health_hub.py,src.core.cache.cache_manager.CacheManager,from,14
monitoring/health_hub.py,src.core.logging.logger.ProjectLogger,from,15
monitoring/health_hub.py,src.core.logging.notifier.UniversalNotifier,from,16
monitoring/health_hub.py,src.data.management.data_manager.DataManager,from,17
monitoring/health_hub.py,src.monitoring.infrastructure.resource_monitor.ResourceMonitor,from,18
monitoring/health_hub.py,src.utils.artifact_security.resolve_trusted_artifact_path,from,19
monitoring/ml_analytics.py,logging,import,1
monitoring/ml_analytics.py,datetime.datetime,from,2
monitoring/ml_analytics.py,datetime.timedelta,from,2
monitoring/ml_analytics.py,pathlib.Path,from,3
monitoring/ml_analytics.py,typing.Any,from,4
monitoring/ml_analytics.py,joblib,import,6
monitoring/ml_analytics.py,pandas,import,7
monitoring/ml_analytics.py,sklearn.metrics.accuracy_score,from,8
monitoring/ml_analytics.py,sklearn.preprocessing.StandardScaler,from,9
monitoring/ml_analytics.py,src.analytics.data_managers.model_results_manager.ModelResultsManager,from,11
monitoring/ml_analytics.py,src.core.logging.logger.ProjectLogger,from,12
monitoring/ml_analytics.py,src.data.management.data_manager.DataManager,from,13
monitoring/ml_analytics.py,src.monitoring.infrastructure.resource_monitor.get_resource_monitor,from,14
monitoring/ml_analytics.py,src.utils.artifact_security.resolve_trusted_artifact_path,from,15
monitoring/ml_analytics.py,sklearn.ensemble.RandomForestClassifier,from,263
monitoring/ml_analytics.py,sklearn.ensemble.IsolationForest,from,301
monitoring/monitoring_system.py,logging,import,17
monitoring/monitoring_system.py,threading,import,18
monitoring/monitoring_system.py,time,import,19
monitoring/monitoring_system.py,datetime.datetime,from,20
monitoring/monitoring_system.py,datetime.timedelta,from,20
monitoring/monitoring_system.py,enum.Enum,from,21
monitoring/monitoring_system.py,typing.Any,from,22
monitoring/monitoring_system.py,numpy,import,24
monitoring/monitoring_system.py,psutil,import,25
monitoring/monitoring_system.py,src.core.logging.logger.ProjectLogger,from,27
monitoring/performance_monitor.py,time,import,5
monitoring/performance_monitor.py,typing.Any,from,6
monitoring/performance_monitor.py,numpy,import,8
monitoring/run_dashboard.py,os,import,1
monitoring/run_dashboard.py,src.core.logging.logger.ProjectLogger,from,3
monitoring/run_dashboard.py,src.monitoring.dashboard.MonitoringDashboardGenerator,from,4
monitoring/run_dashboard.py,src.monitoring.monitoring_system.MonitoringSystem,from,5
monitoring/tests.py,logging,import,17
monitoring/tests.py,os,import,18
monitoring/tests.py,tempfile,import,19
monitoring/tests.py,time,import,20
monitoring/tests.py,unittest,import,21
monitoring/tests.py,datetime.datetime,from,22
monitoring/tests.py,unittest.mock.Mock,from,23
monitoring/tests.py,unittest.mock.patch,from,23
monitoring/tests.py,src.monitoring.dashboard.MonitoringDashboardGenerator,from,25
monitoring/tests.py,src.monitoring.dashboard.TextBasedDashboard,from,25
monitoring/tests.py,src.monitoring.monitoring_system.AlertManager,from,26
monitoring/tests.py,src.monitoring.monitoring_system.DataQualityMonitor,from,26
monitoring/tests.py,src.monitoring.monitoring_system.ModelPerformanceMonitor,from,26
monitoring/tests.py,src.monitoring.monitoring_system.MonitoringDashboard,from,26
monitoring/tests.py,src.monitoring.monitoring_system.MonitoringSystem,from,26
monitoring/tests.py,src.monitoring.monitoring_system.SystemHealthMonitor,from,26
monitoring/tests.py,src.monitoring.monitoring_system.alertseverity,from,26
monitoring/__init__.py,monitoring_system.AlertManager,from,19
monitoring/__init__.py,monitoring_system.BaseMonitor,from,19
monitoring/__init__.py,monitoring_system.DataQualityMonitor,from,19
monitoring/__init__.py,monitoring_system.MetricType,from,19
monitoring/__init__.py,monitoring_system.ModelPerformanceMonitor,from,19
monitoring/__init__.py,monitoring_system.MonitoringDashboard,from,19
monitoring/__init__.py,monitoring_system.MonitoringSystem,from,19
monitoring/__init__.py,monitoring_system.SystemHealthMonitor,from,19
monitoring/__init__.py,monitoring_system.alertseverity,from,19
monitoring/__init__.py,monitoring_system.alertstatus,from,19
monitoring/__init__.py,config.MonitoringConfig,from,38
monitoring/__init__.py,config.create_config_file,from,38
monitoring/__init__.py,config.get_monitoring_config,from,38
monitoring/__init__.py,data_freshness_monitor.DataFreshnessMonitor,from,41
monitoring/__init__.py,data_freshness_monitor.check_freshness_quick,from,41
monitoring/__init__.py,data_freshness_monitor.get_data_freshness_monitor,from,41
monitoring/__init__.py,feature_drift_monitor.FeatureDriftMonitor,from,44
monitoring/__init__.py,feature_drift_monitor.check_feature_drift,from,44
monitoring/__init__.py,feature_drift_monitor.get_feature_drift_monitor,from,44
monitoring/__init__.py,health_hub.HealthHub,from,47
monitoring/__init__.py,infrastructure.resource_monitor.ResourceMonitor,from,48
monitoring/__init__.py,dashboard.MonitoringDashboardGenerator,from,33
monitoring/__init__.py,dashboard.TextBasedDashboard,from,33
optimization/base.py,abc.ABC,from,1
optimization/base.py,abc.abstractmethod,from,1
optimization/base.py,typing.Any,from,2
optimization/base.py,src.core.logging.logger.ProjectLogger,from,4
optimization/dynamic_config_updater.py,datetime,import,4
optimization/dynamic_config_updater.py,json,import,5
optimization/dynamic_config_updater.py,pathlib.Path,from,6
optimization/dynamic_config_updater.py,psutil,import,8
optimization/dynamic_config_updater.py,src.core.logging.logger.ProjectLogger,from,10
optimization/factory.py,src.core.logging.logger.ProjectLogger,from,3
optimization/factory.py,src.optimization.base.BaseOptimizer,from,4
optimization/factory.py,src.optimization.hyperparameters.bayesian.BayesianOptimizer,from,5
optimization/factory.py,src.optimization.portfolio.optimizer.PortfolioOptimizer,from,6
optimization/hyperparameter_searcher.py,json,import,1
optimization/hyperparameter_searcher.py,datetime.datetime,from,2
optimization/hyperparameter_searcher.py,pathlib.Path,from,3
optimization/hyperparameter_searcher.py,numpy,import,5
optimization/hyperparameter_searcher.py,pandas,import,6
optimization/hyperparameter_searcher.py,src.config.unified_config_manager.get_current_config,from,8
optimization/hyperparameter_searcher.py,src.core.logging.logger.ProjectLogger,from,9
optimization/hyperparameter_searcher.py,importlib.util,import,37
optimization/hyperparameter_searcher.py,itertools.product,from,173
optimization/hyperparameter_searcher.py,sklearn.neural_network.MLPRegressor,from,218
optimization/hyperparameter_searcher.py,sklearn.neural_network.MLPRegressor,from,235
optimization/hyperparameter_searcher.py,sklearn.metrics.mean_squared_error,from,285
optimization/hyperparameter_searcher.py,sklearn.metrics.r2_score,from,285
optimization/hyperparameter_searcher.py,optuna,import,81
optimization/hyperparameter_searcher.py,optuna.pruners.MedianPruner,from,82
optimization/hyperparameter_searcher.py,optuna,import,130
optimization/__init__.py,factory.OptimizationFactory,from,9
optimization/__init__.py,hyperparameters.bayesian.BayesianOptimizer,from,10
optimization/__init__.py,portfolio.optimizer.PortfolioOptimizer,from,11
patterns/pattern_analyzer.py,json,import,1
patterns/pattern_analyzer.py,logging,import,2
patterns/pattern_analyzer.py,time,import,3
patterns/pattern_analyzer.py,datetime.datetime,from,4
patterns/pattern_analyzer.py,pathlib.Path,from,5
patterns/pattern_analyzer.py,typing.Any,from,6
patterns/pattern_analyzer.py,numpy,import,8
patterns/pattern_analyzer.py,pandas,import,9
patterns/pattern_analyzer.py,src.analytics.interfaces.IAnalyzer,from,11
patterns/pattern_analyzer.py,src.config.unified_config_manager.get_current_config,from,12
patterns/pattern_recognition_adjustment.py,pandas,import,3
patterns/pattern_recognition_adjustment.py,numpy,import,4
patterns/pattern_recognition_adjustment.py,typing.Dict,from,5
patterns/pattern_recognition_adjustment.py,typing.List,from,5
patterns/pattern_recognition_adjustment.py,typing.Tuple,from,5
patterns/pattern_recognition_adjustment.py,typing.Optional,from,5
patterns/pattern_recognition_adjustment.py,src.core.logging.logger.ProjectLogger,from,6
patterns/pattern_tuning.py,pandas,import,3
patterns/pattern_tuning.py,numpy,import,4
patterns/pattern_tuning.py,typing.Dict,from,5
patterns/pattern_tuning.py,typing.List,from,5
patterns/pattern_tuning.py,typing.Tuple,from,5
patterns/pattern_tuning.py,typing.Optional,from,5
patterns/pattern_tuning.py,sklearn.metrics.mean_absolute_error,from,6
patterns/pattern_tuning.py,sklearn.metrics.accuracy_score,from,6
patterns/pattern_tuning.py,utils.logger.ProjectLogger,from,7
patterns/pattern_tuning.py,json,import,120
patterns/pattern_tuning.py,json,import,129
patterns/pattern_tuning.py,os,import,130
patterns/pattern_tuning.py,utils.pattern_recognition_adjustment.pattern_adjuster,from,169
pipeline/hybrid_orchestrator.py,typing.Any,from,7
pipeline/hybrid_orchestrator.py,pandas,import,9
pipeline/hybrid_orchestrator.py,src.config.unified_config_manager.UnifiedConfigManager,from,11
pipeline/hybrid_orchestrator.py,src.core.logging.logger.ProjectLogger,from,12
pipeline/hybrid_orchestrator.py,src.pipeline.hybrid.component_factory.OrchestratorComponentFactory,from,13
pipeline/hybrid_orchestrator.py,src.pipeline.hybrid.contracts.HybridFinalStagesRequest,from,14
pipeline/hybrid_orchestrator.py,src.pipeline.hybrid.contracts.HybridPipelineRequest,from,14
pipeline/hybrid_orchestrator.py,src.pipeline.hybrid.orchestrator_config.OrchestratorConfigManager,from,15
pipeline/hybrid_orchestrator.py,src.pipeline.hybrid.pipeline_config.FinalStagesParams,from,16
pipeline/hybrid_orchestrator.py,src.pipeline.hybrid.pipeline_config.PipelineParams,from,16
pipeline/hybrid_orchestrator.py,src.pipeline.hybrid.colab_manager.BatchPreparationConfig,from,59
pipeline/pipeline_factory.py,src.analytics.data_managers.model_results_manager.ModelResultsManager,from,1
pipeline/pipeline_factory.py,src.config.unified_config_manager.UnifiedConfigManager,from,2
pipeline/pipeline_factory.py,src.core.clients.http_client_factory.HttpClientFactory,from,3
pipeline/pipeline_factory.py,src.core.error_handling.error_handler.ErrorHandler,from,4
pipeline/pipeline_factory.py,src.core.monitoring.memory_profiler.get_memory_profiler,from,5
pipeline/pipeline_factory.py,src.data.management.data_manager.DataManager,from,6
pipeline/pipeline_factory.py,src.monitoring.health_hub.HealthHub,from,7
pipeline/pipeline_factory.py,src.processing.normalization_manager.NormalizationManager,from,8
pipeline/pipeline_orchestrator.py,asyncio,import,1
pipeline/pipeline_orchestrator.py,inspect,import,2
pipeline/pipeline_orchestrator.py,logging,import,3
pipeline/pipeline_orchestrator.py,queue,import,4
pipeline/pipeline_orchestrator.py,threading,import,5
pipeline/pipeline_orchestrator.py,time,import,6
pipeline/pipeline_orchestrator.py,dataclasses.dataclass,from,7
pipeline/pipeline_orchestrator.py,typing.Any,from,8
pipeline/pipeline_orchestrator.py,src.analytics.data_managers.model_results_manager.ModelResultsManager,from,10
pipeline/pipeline_orchestrator.py,src.config.unified_config_manager.UnifiedConfigManager,from,11
pipeline/pipeline_orchestrator.py,src.core.clients.http_client_factory.HttpClientFactory,from,12
pipeline/pipeline_orchestrator.py,src.core.error_handling.error_handler.ErrorHandler,from,13
pipeline/pipeline_orchestrator.py,src.core.exceptions.DataProcessingError,from,14
pipeline/pipeline_orchestrator.py,src.core.logging.logger.ProjectLogger,from,15
pipeline/pipeline_orchestrator.py,src.core.monitoring.memory_profiler.get_memory_profiler,from,16
pipeline/pipeline_orchestrator.py,src.core.monitoring.memory_profiler.get_memory_stats,from,16
pipeline/pipeline_orchestrator.py,src.data.management.data_manager.DataManager,from,17
pipeline/pipeline_orchestrator.py,src.monitoring.health_hub.HealthHub,from,18
pipeline/pipeline_orchestrator.py,src.processing.normalization_manager.NormalizationManager,from,19
pipeline/pipeline_orchestrator.py,src.utils.dynamic_module_loader.DynamicModuleLoader,from,20
pipeline/pipeline_orchestrator.py,src.validation.pipeline_schemas.EnrichedDataSchema,from,21
pipeline/pipeline_orchestrator.py,src.validation.pipeline_schemas.ProcessedDataSchema,from,21
pipeline/pipeline_orchestrator.py,src.validation.pipeline_schemas.RawDataSchema,from,21
pipeline/pipeline_orchestrator.py,src.validation.pipeline_schemas.validate_stage_output,from,21
pipeline/stage_loader.py,logging,import,6
pipeline/stage_loader.py,typing.Any,from,7
pipeline/stage_loader.py,src.core.logging.logger.ProjectLogger,from,9
pipeline/stage_loader.py,src.utils.dynamic_module_loader.DynamicModuleLoader,from,10
predictions/caching.py,hashlib,import,11
predictions/caching.py,logging,import,12
predictions/caching.py,pickle,import,13
predictions/caching.py,collections.OrderedDict,from,14
predictions/caching.py,collections.abc.Callable,from,15
predictions/caching.py,datetime.datetime,from,16
predictions/caching.py,pathlib.Path,from,17
predictions/caching.py,typing.Any,from,18
predictions/caching.py,numpy,import,20
predictions/caching.py,pandas,import,21
predictions/caching.py,src.core.logging.logger.ProjectLogger,from,23
predictions/deep_predict.py,numpy,import,3
predictions/deep_predict.py,src.core.logging.logger.ProjectLogger,from,5
predictions/deep_predict.py,torch,import,15
predictions/models_predict.py,os,import,1
predictions/models_predict.py,pathlib.Path,from,2
predictions/models_predict.py,typing.Any,from,3
predictions/models_predict.py,joblib,import,5
predictions/models_predict.py,numpy,import,6
predictions/models_predict.py,pandas,import,7
predictions/models_predict.py,src.core.exceptions.DataProcessingError,from,9
predictions/models_predict.py,src.core.logging.logger.ProjectLogger,from,10
predictions/models_predict.py,src.ensembling.stacked_ensemble.ensemble_forecast,from,11
predictions/models_predict.py,src.models.adapters.sentiment_integration.get_sentiment_integrator,from,12
predictions/models_predict.py,src.utils.artifact_security.resolve_trusted_artifact_path,from,13
predictions/models_predict.py,deep_predict.predict_cnn,from,15
predictions/models_predict.py,deep_predict.predict_lstm,from,15
predictions/models_predict.py,deep_predict.predict_transformer,from,15
processing/cleaners.py,hashlib,import,1
processing/cleaners.py,logging,import,2
processing/cleaners.py,re,import,3
processing/cleaners.py,numpy,import,5
processing/cleaners.py,pandas,import,6
processing/cleaners.py,src.core.logging.logger.ProjectLogger,from,8
processing/data_filter.py,filters.orchestrator.IntelligentDataFilter,from,7
processing/deduplication_utils.py,pandas,import,5
processing/normalization_manager.py,logging,import,1
processing/normalization_manager.py,os,import,2
processing/normalization_manager.py,typing.Any,from,3
processing/normalization_manager.py,joblib,import,5
processing/normalization_manager.py,pandas,import,8
processing/normalization_manager.py,sklearn.preprocessing.MinMaxScaler,from,9
processing/normalization_manager.py,sklearn.preprocessing.StandardScaler,from,9
processing/normalization_manager.py,src.core.logging.logger.ProjectLogger,from,11
processing/normalization_manager.py,src.utils.artifact_security.resolve_trusted_artifact_path,from,12
processing/parallel_processor.py,logging,import,1
processing/parallel_processor.py,multiprocessing,import,2
processing/parallel_processor.py,time,import,5
processing/parallel_processor.py,collections.abc.Callable,from,6
processing/parallel_processor.py,concurrent.futures.ProcessPoolExecutor,from,7
processing/parallel_processor.py,concurrent.futures.ThreadPoolExecutor,from,7
processing/parallel_processor.py,concurrent.futures.as_completed,from,7
processing/parallel_processor.py,typing.Any,from,8
processing/parallel_processor.py,pandas,import,10
processing/parallel_processor.py,psutil,import,11
processing/parallel_processor.py,src.core.logging.logger.ProjectLogger,from,13
processing/price_preprocessor.py,logging,import,1
processing/price_preprocessor.py,pandas,import,4
processing/price_preprocessor.py,src.core.logging.logger.ProjectLogger,from,6
processing/sampling.py,pandas,import,5
processing/sampling.py,src.core.logging.logger.ProjectLogger,from,7
risk/elite_risk_metrics.py,logging,import,13
risk/elite_risk_metrics.py,datetime.datetime,from,14
risk/elite_risk_metrics.py,typing.Any,from,15
risk/elite_risk_metrics.py,numpy,import,17
risk/elite_risk_metrics.py,pandas,import,18
risk/elite_risk_metrics.py,scipy.stats,from,19
risk/elite_risk_metrics.py,arch.arch_model,from,158
risk/elite_risk_metrics.py,scipy.stats.t,from,275
risk/exposure_calculator.py,__future__.annotations,from,3
risk/exposure_calculator.py,typing.TYPE_CHECKING,from,5
risk/exposure_calculator.py,src.risk.risk_manager.Position,from,8
risk/kill_switch_manager.py,typing.Any,from,7
risk/kill_switch_manager.py,pandas,import,9
risk/kill_switch_manager.py,kill_switch.alerts.AlertManager,from,11
risk/kill_switch_manager.py,kill_switch.manager.KillSwitchManager,from,12
risk/max_exposure_monitor.py,datetime.datetime,from,5
risk/max_exposure_monitor.py,typing.Any,from,6
risk/max_exposure_monitor.py,pandas,import,8
risk/max_exposure_monitor.py,src.core.logging.logger.ProjectLogger,from,10
risk/max_exposure_monitor.py,src.risk.analyzers.concentration_analyzer.ConcentrationAnalyzer,from,11
risk/max_exposure_monitor.py,src.risk.analyzers.correlation_analyzer.CorrelationAnalyzer,from,12
risk/max_exposure_monitor.py,src.risk.elite_risk_metrics.EliteRiskMetrics,from,13
risk/max_exposure_monitor.py,collections.Counter,from,85
risk/metrics.py,typing.Any,from,10
risk/metrics.py,numpy,import,12
risk/metrics.py,pandas,import,13
risk/metrics.py,src.core.logging.logger.ProjectLogger,from,15
risk/metrics.py,src.utils.data_safety.safe_rolling,from,16
risk/risk_manager.py,logging,import,5
risk/risk_manager.py,dataclasses.dataclass,from,6
risk/risk_manager.py,enum.Enum,from,7
risk/risk_manager.py,src.core.logging.logger.ProjectLogger,from,9
risk_management/var_calculator.py,numpy,import,1
risk_management/__init__.py,var_calculator.VaRCalculator,from,1
sentiment/sentiment_models.py,hashlib,import,3
sentiment/sentiment_models.py,pandas,import,5
sentiment/sentiment_models.py,src.core.logging.logger.ProjectLogger,from,7
sentiment/sentiment_models.py,os,import,27
sentiment/sentiment_models.py,torch,import,29
sentiment/sentiment_models.py,transformers.AutoModelForSequenceClassification,from,30
sentiment/sentiment_models.py,transformers.AutoTokenizer,from,30
sentiment/sentiment_models.py,transformers.pipeline,from,30
simulation/simulation_engine.py,multiprocessing,import,6
simulation/simulation_engine.py,collections.abc.Callable,from,7
simulation/simulation_engine.py,concurrent.futures.ThreadPoolExecutor,from,8
simulation/simulation_engine.py,dataclasses.dataclass,from,9
simulation/simulation_engine.py,dataclasses.field,from,9
simulation/simulation_engine.py,datetime.datetime,from,10
simulation/simulation_engine.py,datetime.timedelta,from,10
simulation/simulation_engine.py,enum.Enum,from,11
simulation/simulation_engine.py,typing.Any,from,12
simulation/simulation_engine.py,numpy,import,14
simulation/simulation_engine.py,pandas,import,15
simulation/simulation_engine.py,scipy.stats,from,16
simulation/simulation_engine.py,src.config.unified_config_manager.get_current_config,from,18
simulation/simulation_engine.py,src.core.logging.logger.ProjectLogger,from,19
simulation/simulation_engine.py,src.metrics.calculator.MetricsCalculator,from,20
simulation/simulation_engine.py,src.trading.virtual_portfolio.VirtualPortfolio,from,21
targets/target_orchestrator.py,logging,import,1
targets/target_orchestrator.py,typing.Any,from,2
targets/target_orchestrator.py,pandas,import,4
targets/target_orchestrator.py,src.config.unified_config_manager.get_current_config,from,6
targets/target_orchestrator.py,src.core.logging.logger.ProjectLogger,from,7
targets/target_orchestrator.py,src.targets.calculators.classification_calculator.ClassificationCalculator,from,8
targets/target_orchestrator.py,src.targets.calculators.indicator_prediction_calculator.IndicatorPredictionCalculator,from,9
targets/target_orchestrator.py,src.targets.calculators.regression_calculator.RegressionCalculator,from,10
targets/target_orchestrator.py,json,import,51
trading/adaptive_parameter_manager.py,logging,import,8
trading/adaptive_parameter_manager.py,dataclasses.dataclass,from,9
trading/adaptive_parameter_manager.py,enum.Enum,from,10
trading/adaptive_parameter_manager.py,typing.Any,from,11
trading/adaptive_parameter_manager.py,pandas,import,13
trading/consensus_engine.py,logging,import,6
trading/consensus_engine.py,dataclasses.dataclass,from,7
trading/consensus_engine.py,dataclasses.field,from,7
trading/consensus_engine.py,datetime.datetime,from,8
trading/consensus_engine.py,pathlib.Path,from,9
trading/consensus_engine.py,typing.Any,from,10
trading/consensus_engine.py,pandas,import,12
trading/consensus_engine.py,src.config.unified_config_manager.get_current_config,from,14
trading/consensus_engine.py,src.core.logging.logger.ProjectLogger,from,15
trading/consensus_engine.py,src.core.utils.prediction_utils.normalize_prediction,from,16
trading/consensus_engine.py,src.ensembling.stacked_ensemble.StackedEnsemble,from,17
trading/consensus_engine.py,src.models.dean.dean_bootstrap_system.get_dean_system,from,18
trading/consensus_engine.py,src.algorithms.regime_detector.MarketRegimeDetector,from,253
trading/elite_risk_sizer.py,typing.Any,from,7
trading/elite_risk_sizer.py,numpy,import,9
trading/elite_risk_sizer.py,pandas,import,10
trading/elite_risk_sizer.py,src.core.logging.logger.ProjectLogger,from,12
trading/live_adaptive_ensemble.py,logging,import,7
trading/live_adaptive_ensemble.py,dataclasses.dataclass,from,8
trading/live_adaptive_ensemble.py,dataclasses.field,from,8
trading/live_adaptive_ensemble.py,datetime.datetime,from,9
trading/live_adaptive_ensemble.py,datetime.timedelta,from,9
trading/live_adaptive_ensemble.py,numpy,import,11
trading/live_adaptive_ensemble.py,src.core.logging.logger.ProjectLogger,from,13
trading/portfolio_manager.py,logging,import,8
trading/portfolio_manager.py,typing.Any,from,9
trading/portfolio_manager.py,numpy,import,11
trading/portfolio_manager.py,src.algorithms.adaptive_position_sizer.AdaptivePositionSizer,from,13
trading/portfolio_manager.py,src.algorithms.adaptive_position_sizer.PositionSizingParams,from,13
trading/portfolio_manager.py,src.algorithms.risk_parity_allocator.RiskParityAllocator,from,14
trading/portfolio_manager.py,src.core.logging.logger.ProjectLogger,from,15
trading/portfolio_manager.py,src.trading.virtual_portfolio.VirtualPortfolio,from,16
trading/portfolio_manager.py,trader.TradeOrder,from,18
trading/post_inference_filter.py,numpy,import,9
trading/post_inference_filter.py,pandas,import,10
trading/post_inference_filter.py,src.core.logging.logger.ProjectLogger,from,12
trading/signal_processor.py,logging,import,2
trading/signal_processor.py,typing.Any,from,3
trading/signal_processor.py,typing.cast,from,3
trading/signal_processor.py,numpy,import,5
trading/signal_processor.py,pandas,import,6
trading/signal_processor.py,src.core.logging.logger.ProjectLogger,from,8
trading/trader.py,dataclasses.dataclass,from,9
trading/trader.py,src.core.logging.logger.ProjectLogger,from,11
trading/trading_orchestrator.py,logging,import,10
trading/trading_orchestrator.py,typing.Any,from,11
trading/trading_orchestrator.py,numpy,import,13
trading/trading_orchestrator.py,pandas,import,14
trading/trading_orchestrator.py,src.core.logging.logger.ProjectLogger,from,16
trading/trading_orchestrator.py,src.trading.consensus_engine.ConsensusEngine,from,17
trading/trading_orchestrator.py,src.trading.portfolio_manager.PortfolioManager,from,18
trading/trading_orchestrator.py,src.trading.post_inference_filter.PostInferenceFilter,from,19
trading/trading_orchestrator.py,src.trading.trader.TradeOrder,from,20
trading/trading_orchestrator.py,src.trading.trader.Trader,from,20
trading/trading_orchestrator.py,src.trading.virtual_portfolio.VirtualPortfolio,from,21
trading/trading_orchestrator.py,pandas,import,103
trading/trading_orchestrator.py,typing.cast,from,106
trading/virtual_portfolio.py,json,import,4
trading/virtual_portfolio.py,logging,import,5
trading/virtual_portfolio.py,datetime.datetime,from,6
trading/virtual_portfolio.py,pathlib.Path,from,7
trading/virtual_portfolio.py,typing.Any,from,8
trading/virtual_portfolio.py,pandas,import,10
trading/virtual_portfolio.py,src.backtesting.advanced.advanced_engine.TransactionCostModel,from,12
trading/virtual_portfolio.py,src.config.unified_config_manager.get_current_config,from,13
trading/virtual_portfolio.py,src.core.error_handling.error_handler.get_error_handler,from,14
trading/virtual_portfolio.py,src.core.logging.logger.ProjectLogger,from,15
trading/virtual_portfolio.py,src.metrics.financial.portfolio_metrics.PortfolioMetricsCalculator,from,16
trading/__init__.py,virtual_portfolio.VirtualPortfolio,from,6
training/adaptive_training_manager.py,json,import,5
training/adaptive_training_manager.py,logging,import,6
training/adaptive_training_manager.py,datetime.datetime,from,7
training/adaptive_training_manager.py,enum.Enum,from,8
training/adaptive_training_manager.py,pathlib.Path,from,9
training/adaptive_training_manager.py,typing.Any,from,10
training/adaptive_training_manager.py,numpy,import,12
training/adaptive_training_manager.py,src.config.unified_config_manager.get_current_config,from,14
training/adaptive_training_manager.py,src.core.logging.logger.ProjectLogger,from,15
training/adaptive_training_manager.py,src.training.base_trainer.TrainerConfig,from,16
training/adaptive_training_manager.py,src.training.unified_training_manager.TrainingStrategy,from,17
training/adaptive_training_manager.py,src.training.unified_training_manager.UnifiedTrainingManager,from,17
training/adaptive_training_manager.py,src.config.adaptive_targets.AdaptiveTargetsSystem,from,20
training/adaptive_training_manager.py,src.config.adaptive_targets.TimeframeType,from,20
training/adaptive_training_manager.py,src.features.adaptive_target_generator.AdaptiveTargetGenerator,from,38
training/adaptive_training_manager.py,argparse,import,374
training/adaptive_training_manager.py,src.config.tickers.get_tickers,from,376
training/base_trainer.py,logging,import,11
training/base_trainer.py,abc.ABC,from,12
training/base_trainer.py,abc.abstractmethod,from,12
training/base_trainer.py,datetime.datetime,from,13
training/base_trainer.py,pathlib.Path,from,14
training/base_trainer.py,typing.Any,from,15
training/base_trainer.py,joblib,import,17
training/base_trainer.py,numpy,import,18
training/base_trainer.py,src.config.unified_config_manager.get_current_config,from,20
training/base_trainer.py,src.core.logging.logger.ProjectLogger,from,21
training/base_trainer.py,src.factories.model_factory.ModelFactory,from,22
training/base_trainer.py,src.meta_learning.memory.diary_engine.DiaryEngine,from,23
training/base_trainer.py,src.metrics.model.ml_evaluator.MLEvaluator,from,24
training/base_trainer.py,src.factories.model_factory.ModelFactory,from,278
training/batch_trainer.py,typing.Any,from,3
training/batch_trainer.py,joblib.Parallel,from,5
training/batch_trainer.py,joblib.delayed,from,5
training/batch_trainer.py,src.core.logging.logger.ProjectLogger,from,7
training/batch_trainer.py,src.training.base_trainer.BaseTrainer,from,8
training/batch_trainer.py,src.training.base_trainer.TrainerConfig,from,8
training/batch_trainer.py,src.training.constants.BATCH_TRAINER_DEFAULT_BATCH_SIZE,from,9
training/batch_trainer.py,src.training.constants.BATCH_TRAINER_DEFAULT_MAX_MEMORY_GB,from,9
training/constants.py,src.factories.model_factory.ModelFactory,from,7
training/light_model_trainer.py,logging,import,1
training/light_model_trainer.py,uuid,import,2
training/light_model_trainer.py,pathlib.Path,from,3
training/light_model_trainer.py,typing.Any,from,4
training/light_model_trainer.py,joblib,import,6
training/light_model_trainer.py,pandas,import,9
training/light_model_trainer.py,src.config.unified_config_manager.get_current_config,from,11
training/light_model_trainer.py,src.core.logging.logger.ProjectLogger,from,12
training/light_model_trainer.py,src.factories.model_factory.ModelFactory,from,13
training/light_model_trainer.py,src.utils.artifact_security.resolve_trusted_artifact_path,from,14
training/pattern_aware_training.py,datetime.datetime,from,9
training/pattern_aware_training.py,typing.Any,from,10
training/pattern_aware_training.py,numpy,import,12
training/pattern_aware_training.py,pandas,import,13
training/pattern_aware_training.py,sklearn.ensemble.GradientBoostingRegressor,from,14
training/pattern_aware_training.py,sklearn.ensemble.RandomForestRegressor,from,14
training/pattern_aware_training.py,sklearn.linear_model.Lasso,from,15
training/pattern_aware_training.py,sklearn.linear_model.LinearRegression,from,15
training/pattern_aware_training.py,sklearn.linear_model.Ridge,from,15
training/pattern_aware_training.py,sklearn.metrics.mean_absolute_error,from,16
training/pattern_aware_training.py,sklearn.metrics.mean_squared_error,from,16
training/pattern_aware_training.py,sklearn.metrics.r2_score,from,16
training/pattern_aware_training.py,src.core.logging.logger.ProjectLogger,from,18
training/portfolio_optimizer.py,typing.Any,from,6
training/portfolio_optimizer.py,numpy,import,8
training/portfolio_optimizer.py,pandas,import,9
training/portfolio_optimizer.py,scipy.optimize.minimize,from,10
training/portfolio_optimizer.py,sklearn.covariance.LedoitWolf,from,11
training/portfolio_optimizer.py,src.core.logging.logger.ProjectLogger,from,13
training/portfolio_optimizer.py,sklearn.ensemble.RandomForestRegressor,from,238
training/portfolio_optimizer.py,sklearn.linear_model.LinearRegression,from,278
training/progressive_trainer.py,json,import,7
training/progressive_trainer.py,time,import,8
training/progressive_trainer.py,collections.defaultdict,from,9
training/progressive_trainer.py,datetime.datetime,from,10
training/progressive_trainer.py,pathlib.Path,from,11
training/progressive_trainer.py,typing.Any,from,12
training/progressive_trainer.py,typing.cast,from,12
training/progressive_trainer.py,numpy,import,14
training/progressive_trainer.py,src.config.unified_config_manager.get_current_config,from,16
training/progressive_trainer.py,src.core.exceptions.ModelTrainingError,from,17
training/progressive_trainer.py,src.core.logging.logger.ProjectLogger,from,18
training/progressive_trainer.py,src.training.base_trainer.BaseTrainer,from,19
training/progressive_trainer.py,src.training.base_trainer.TrainerConfig,from,19
training/progressive_trainer.py,src.training.batch.batch_processor.BatchProcessor,from,20
training/progressive_trainer.py,src.training.constants.PROGRESSIVE_BATCH_GROWTH_FACTOR,from,21
training/progressive_trainer.py,src.training.constants.PROGRESSIVE_CHECKPOINT_INTERVAL,from,21
training/progressive_trainer.py,src.training.constants.PROGRESSIVE_INITIAL_BATCH_SIZE,from,21
training/progressive_trainer.py,src.training.constants.PROGRESSIVE_MAX_BATCH_SIZE,from,21
training/progressive_trainer.py,src.training.constants.PROGRESSIVE_MAX_LOSS_THRESHOLD,from,21
training/progressive_trainer.py,src.training.constants.PROGRESSIVE_MAX_MEMORY_GB,from,21
training/progressive_trainer.py,src.training.constants.PROGRESSIVE_MAX_TIME_HOURS,from,21
training/progressive_trainer.py,src.training.constants.PROGRESSIVE_MIN_ACCURACY_THRESHOLD,from,21
training/progressive_trainer.py,src.training.security.path_security_validator.PathSecurityValidator,from,31
training/progressive_trainer.py,src.training.state.training_state_manager.TrainingStateManager,from,32
training/progressive_trainer.py,argparse,import,353
training/progressive_trainer.py,psutil,import,278
training/run_training.py,argparse,import,11
training/run_training.py,src.config.tickers.get_tickers,from,13
training/run_training.py,src.core.logging.logger.ProjectLogger,from,14
training/run_training.py,src.training.adaptive_training_manager.AdaptiveTrainingManager,from,15
training/run_training.py,src.training.adaptive_training_manager.TrainingMode,from,15
training/run_training.py,src.training.base_trainer.TrainerConfig,from,16
training/unified_training_manager.py,__future__.annotations,from,4
training/unified_training_manager.py,json,import,6
training/unified_training_manager.py,datetime.datetime,from,7
training/unified_training_manager.py,enum.Enum,from,8
training/unified_training_manager.py,pathlib.Path,from,9
training/unified_training_manager.py,typing.TYPE_CHECKING,from,10
training/unified_training_manager.py,typing.Any,from,10
training/unified_training_manager.py,src.config.unified_config_manager.get_current_config,from,12
training/unified_training_manager.py,src.core.logging.logger.ProjectLogger,from,13
training/unified_training_manager.py,src.training.base_trainer.TrainerConfig,from,17
training/unified_training_manager.py,src.training.base_trainer.TrainerConfig,from,22
training/unified_training_manager.py,src.analytics.arena.arena_battle.get_trading_arena,from,56
training/unified_training_manager.py,src.analytics.context.contextual_model_selector.ContextualModelSelector,from,57
training/unified_training_manager.py,src.training.base_trainer.TrainerConfig,from,66
training/unified_training_manager.py,src.training.batch_trainer.BatchTrainer,from,67
training/unified_training_manager.py,src.training.progressive_trainer.ProgressiveTrainer,from,68
training/unified_training_manager.py,src.factories.model_factory.ModelFactory,from,150
training/unified_training_manager.py,src.training.base_trainer.TrainerConfig,from,41
utils/artifact_security.py,__future__.annotations,from,3
utils/artifact_security.py,os,import,5
utils/artifact_security.py,collections.abc.Iterable,from,6
utils/artifact_security.py,pathlib.Path,from,7
utils/async_timeout.py,asyncio,import,2
utils/async_timeout.py,inspect,import,3
utils/async_timeout.py,functools.wraps,from,4
utils/async_timeout.py,src.core.logging.logger.ProjectLogger,from,6
utils/checkpoint_manager.py,json,import,4
utils/checkpoint_manager.py,logging,import,5
utils/checkpoint_manager.py,os,import,6
utils/checkpoint_manager.py,dataclasses.dataclass,from,7
utils/checkpoint_manager.py,pathlib.Path,from,8
utils/checkpoint_manager.py,typing.Any,from,9
utils/checkpoint_manager.py,src.utils.artifact_security.resolve_trusted_artifact_path,from,11
utils/checkpoint_manager.py,torch,import,53
utils/collector_fixes.py,asyncio,import,2
utils/collector_fixes.py,src.core.logging.logger.ProjectLogger,from,4
utils/dynamic_module_loader.py,importlib,import,2
utils/dynamic_module_loader.py,logging,import,3
utils/dynamic_module_loader.py,src.core.logging.logger.ProjectLogger,from,5
utils/feature_preparation.py,logging,import,1
utils/feature_preparation.py,numpy,import,3
utils/feature_preparation.py,pandas,import,4
utils/feature_preparation.py,src.core.logging.logger.ProjectLogger,from,6
utils/json_utils.py,logging,import,1
utils/json_utils.py,datetime.datetime,from,2
utils/json_utils.py,numpy,import,4
utils/json_utils.py,pandas,import,7
utils/json_utils.py,src.core.logging.logger.ProjectLogger,from,9
utils/math_utils.py,numpy,import,2
utils/math_utils.py,pandas,import,3
utils/metrics.py,numpy,import,4
utils/metrics.py,sklearn.metrics.mean_absolute_error,from,13
utils/metrics.py,sklearn.metrics.mean_squared_error,from,13
utils/metrics.py,sklearn.metrics.r2_score,from,13
utils/metrics.py,hashlib,import,30
utils/metrics.py,pandas,import,32
utils/missing_data_anomaly_detector.py,typing.Any,from,6
utils/missing_data_anomaly_detector.py,pandas,import,8
utils/missing_data_anomaly_detector.py,src.core.logging.logger.ProjectLogger,from,10
utils/path_safety.py,os,import,8
utils/path_safety.py,pathlib.Path,from,9
utils/path_safety.py,typing.Any,from,10
utils/path_safety.py,src.core.logging.logger.ProjectLogger,from,12
utils/path_utils.py,re,import,6
utils/path_utils.py,pathlib.Path,from,7
utils/rate_limiter.py,asyncio,import,2
utils/rate_limiter.py,logging,import,3
utils/rate_limiter.py,threading,import,4
utils/rate_limiter.py,time,import,5
utils/rate_limiter.py,src.core.logging.logger.ProjectLogger,from,7
utils/resource_limiter.py,asyncio.Semaphore,from,2
utils/smart_missing_data_handler.py,logging,import,5
utils/smart_missing_data_handler.py,typing.Any,from,6
utils/smart_missing_data_handler.py,pandas,import,8
utils/smart_missing_data_handler.py,src.core.logging.logger.ProjectLogger,from,10
utils/trading_calendar.py,datetime.date,from,1
utils/trading_calendar.py,datetime.datetime,from,1
utils/trading_calendar.py,pandas,import,3
utils/trading_calendar.py,pandas.tseries.offsets.BDay,from,4
utils/trading_calendar.py,src.core.logging.logger.ProjectLogger,from,6
utils/trading_calendar.py,holidays,import,37
utils/trading_calendar.py,yfinance,import,116
utils/type_conversion.py,logging,import,20
utils/type_conversion.py,typing.Any,from,21
utils/type_conversion.py,numpy,import,23
utils/type_conversion.py,pandas,import,24
validation/data_leakage_detector.py,dataclasses.dataclass,from,7
validation/data_leakage_detector.py,enum.Enum,from,8
validation/data_leakage_detector.py,typing.Any,from,9
validation/data_leakage_detector.py,numpy,import,11
validation/data_leakage_detector.py,pandas,import,12
validation/data_leakage_detector.py,src.core.logging.logger.ProjectLogger,from,14
validation/pipeline_schemas.py,typing.Any,from,19
validation/pipeline_schemas.py,pandas,import,21
validation/pipeline_schemas.py,pydantic.BaseModel,from,22
validation/pipeline_schemas.py,pydantic.ConfigDict,from,22
validation/pipeline_schemas.py,pydantic.Field,from,22
validation/pipeline_schemas.py,json,import,262
validation/pipeline_schemas.py,os,import,263
validation/temporal_feature_separator.py,json,import,8
validation/temporal_feature_separator.py,datetime.datetime,from,9
validation/temporal_feature_separator.py,pathlib.Path,from,10
validation/temporal_feature_separator.py,typing.Any,from,11
validation/temporal_feature_separator.py,numpy,import,13
validation/temporal_feature_separator.py,pandas,import,14
validation/temporal_feature_separator.py,src.core.logging.logger.ProjectLogger,from,16
validation/temporal_feature_separator.py,src.utils.path_safety.get_path_safety,from,17
validation/time_series_validator.py,collections.abc.Generator,from,9
validation/time_series_validator.py,dataclasses.dataclass,from,10
validation/time_series_validator.py,enum.Enum,from,11
validation/time_series_validator.py,typing.Any,from,12
validation/time_series_validator.py,numpy,import,14
validation/time_series_validator.py,pandas,import,15
validation/time_series_validator.py,sklearn.metrics.mean_absolute_error,from,16
validation/time_series_validator.py,sklearn.metrics.mean_squared_error,from,16
validation/time_series_validator.py,sklearn.metrics.r2_score,from,16
validation/time_series_validator.py,sklearn.model_selection.TimeSeriesSplit,from,17
validation/time_series_validator.py,sklearn.model_selection.cross_val_score,from,17
validation/time_series_validator.py,src.core.logging.logger.ProjectLogger,from,19
validation/time_series_validator.py,src.utils.trading_calendar.TradingCalendar,from,20
validation/validation_protocols.py,numpy,import,6
validation/validation_protocols.py,pandas,import,7
validation/validation_protocols.py,typing.Dict,from,8
validation/validation_protocols.py,typing.List,from,8
validation/validation_protocols.py,typing.Any,from,8
validation/validation_protocols.py,typing.Optional,from,8
validation/validation_protocols.py,typing.Tuple,from,8
validation/validation_protocols.py,typing.Generator,from,8
validation/validation_protocols.py,dataclasses.dataclass,from,9
validation/validation_protocols.py,datetime.datetime,from,10
validation/validation_protocols.py,enum.Enum,from,11
validation/validation_protocols.py,logging,import,12
validation/validation_protocols.py,sklearn.model_selection.TimeSeriesSplit,from,13
validation/validation_protocols.py,sklearn.metrics.mean_squared_error,from,14
validation/validation_protocols.py,sklearn.metrics.mean_absolute_error,from,14
validation/validation_protocols.py,sklearn.metrics.r2_score,from,14
validation/validation_protocols.py,src.core.logging.logger.ProjectLogger,from,16
validation/validation_protocols.py,sklearn.linear_model.Ridge,from,232
validation/validators.py,typing.Any,from,1
validation/validators.py,numpy,import,3
validation/validators.py,pandas,import,4
validation/validators.py,src.core.file_management.file_manager.FileManager,from,6
validation/validators.py,src.core.logging.logger.ProjectLogger,from,7
validation/validators.py,data_leakage_detector.DataLeakageDetector,from,9
validation/validators.py,time_series_validator.TimeSeriesValidator,from,10
algorithms/regime/clustering.py,logging,import,1
algorithms/regime/clustering.py,typing.Any,from,2
algorithms/regime/clustering.py,typing.cast,from,2
algorithms/regime/clustering.py,numpy,import,4
algorithms/regime/clustering.py,sklearn.cluster.KMeans,from,5
algorithms/regime/clustering.py,sklearn.preprocessing.StandardScaler,from,6
algorithms/regime/clustering.py,src.core.exceptions.DataProcessingError,from,8
algorithms/regime/clustering.py,src.algorithms.regime.types.MarketRegime,from,104
algorithms/regime/metrics.py,numpy,import,2
algorithms/regime/metrics.py,src.core.logging.logger.ProjectLogger,from,4
algorithms/regime/rules.py,typing.Any,from,1
algorithms/regime/rules.py,numpy,import,3
algorithms/regime/rules.py,src.algorithms.regime.metrics.RegimeMetricsCalculator,from,5
algorithms/regime/rules.py,src.algorithms.regime.types.MarketRegime,from,6
algorithms/regime/rules.py,src.core.exceptions.DataProcessingError,from,7
algorithms/regime/rules.py,src.core.logging.logger.ProjectLogger,from,8
algorithms/regime/rules.py,statsmodels.tsa.stattools.adfuller,from,104
algorithms/regime/types.py,enum.Enum,from,1
analytics/analyzers/adaptive_confidence_analyzer.py,typing.Any,from,1
analytics/analyzers/adaptive_confidence_analyzer.py,src.core.exceptions.DataProcessingError,from,3
analytics/analyzers/adaptive_confidence_analyzer.py,src.core.logging.logger.ProjectLogger,from,4
analytics/analyzers/adaptive_confidence_analyzer.py,interfaces.IAnalyzer,from,6
analytics/analyzers/causal_event_finder.py,typing.Any,from,1
analytics/analyzers/causal_event_finder.py,pandas,import,3
analytics/analyzers/causal_event_finder.py,src.analytics.engines.causal_engine.CausalEngine,from,5
analytics/analyzers/causal_event_finder.py,src.core.exceptions.DataProcessingError,from,6
analytics/analyzers/causal_event_finder.py,src.core.logging.logger.ProjectLogger,from,7
analytics/analyzers/causal_event_finder.py,interfaces.IAnalyzer,from,9
analytics/analyzers/drift_analyzer.py,typing.Any,from,1
analytics/analyzers/drift_analyzer.py,src.analytics.interfaces.IAnalyzer,from,3
analytics/analyzers/drift_analyzer.py,src.monitoring.feature_drift_monitor.FeatureDriftMonitor,from,4
analytics/analyzers/hedge_fund_analyzer.py,datetime.datetime,from,6
analytics/analyzers/hedge_fund_analyzer.py,typing.Any,from,7
analytics/analyzers/hedge_fund_analyzer.py,numpy,import,9
analytics/analyzers/hedge_fund_analyzer.py,pandas,import,10
analytics/analyzers/hedge_fund_analyzer.py,statsmodels.api,import,11
analytics/analyzers/hedge_fund_analyzer.py,src.core.exceptions.DataProcessingError,from,13
analytics/analyzers/hedge_fund_analyzer.py,src.core.logging.logger.ProjectLogger,from,14
analytics/analyzers/hedge_fund_analyzer.py,calculators.drawdown_calculator.DrawdownCalculator,from,16
analytics/analyzers/hedge_fund_analyzer.py,calculators.fama_french_factors.FamaFrenchFactors,from,17
analytics/analyzers/hedge_fund_analyzer.py,calculators.risk_reward_calculator.RiskRewardCalculator,from,18
analytics/analyzers/hedge_fund_analyzer.py,interfaces.IAnalyzer,from,19
analytics/analyzers/knn_similarity_finder.py,typing.Any,from,1
analytics/analyzers/knn_similarity_finder.py,numpy,import,3
analytics/analyzers/knn_similarity_finder.py,pandas,import,4
analytics/analyzers/knn_similarity_finder.py,src.core.exceptions.DataProcessingError,from,6
analytics/analyzers/knn_similarity_finder.py,src.core.logging.logger.ProjectLogger,from,7
analytics/analyzers/knn_similarity_finder.py,interfaces.IAnalyzer,from,9
analytics/analyzers/knn_similarity_finder.py,utils.knn_model_wrapper.KnnModelWrapper,from,10
analytics/analyzers/model_comparison_analyzer.py,typing.Any,from,6
analytics/analyzers/model_comparison_analyzer.py,pandas,import,8
analytics/analyzers/model_comparison_analyzer.py,src.core.exceptions.DataProcessingError,from,10
analytics/analyzers/model_comparison_analyzer.py,src.core.logging.logger.ProjectLogger,from,11
analytics/analyzers/model_comparison_analyzer.py,interfaces.IAnalyzer,from,13
analytics/analyzers/news_impact_analyzer.py,typing.Any,from,1
analytics/analyzers/news_impact_analyzer.py,numpy,import,3
analytics/analyzers/news_impact_analyzer.py,pandas,import,4
analytics/analyzers/news_impact_analyzer.py,src.core.exceptions.DataProcessingError,from,6
analytics/analyzers/news_impact_analyzer.py,src.core.logging.logger.ProjectLogger,from,7
analytics/analyzers/news_impact_analyzer.py,src.sentiment.sentiment_models.analyze_sentiment,from,8
analytics/analyzers/news_impact_analyzer.py,interfaces.IAnalyzer,from,10
analytics/analyzers/performance_attribution_analyzer.py,datetime.datetime,from,1
analytics/analyzers/performance_attribution_analyzer.py,typing.Any,from,2
analytics/analyzers/performance_attribution_analyzer.py,numpy,import,4
analytics/analyzers/performance_attribution_analyzer.py,pandas,import,5
analytics/analyzers/performance_attribution_analyzer.py,src.core.exceptions.DataProcessingError,from,7
analytics/analyzers/performance_attribution_analyzer.py,src.core.logging.logger.ProjectLogger,from,8
analytics/analyzers/performance_attribution_analyzer.py,src.utils.math_safe.safe_div,from,9
analytics/analyzers/performance_attribution_analyzer.py,interfaces.IAnalyzer,from,11
analytics/analyzers/risk_decomposition_analyzer.py,datetime.datetime,from,17
analytics/analyzers/risk_decomposition_analyzer.py,typing.Any,from,18
analytics/analyzers/risk_decomposition_analyzer.py,numpy,import,20
analytics/analyzers/risk_decomposition_analyzer.py,pandas,import,21
analytics/analyzers/risk_decomposition_analyzer.py,sklearn.decomposition.PCA,from,22
analytics/analyzers/risk_decomposition_analyzer.py,sklearn.linear_model.LinearRegression,from,23
analytics/analyzers/risk_decomposition_analyzer.py,src.core.exceptions.DataProcessingError,from,25
analytics/analyzers/risk_decomposition_analyzer.py,src.core.logging.logger.ProjectLogger,from,26
analytics/analyzers/risk_decomposition_analyzer.py,interfaces.IAnalyzer,from,28
analytics/analyzers/shap_analyzer.py,typing.Any,from,1
analytics/analyzers/shap_analyzer.py,shap,import,3
analytics/analyzers/shap_analyzer.py,src.analytics.interfaces.IAnalyzer,from,5
analytics/analyzers/shap_analyzer.py,src.core.exceptions.DataProcessingError,from,6
analytics/analyzers/shap_analyzer.py,src.core.logging.logger.ProjectLogger,from,7
analytics/analyzers/wrappers.py,typing.Any,from,1
analytics/analyzers/wrappers.py,pandas,import,3
analytics/analyzers/wrappers.py,src.analytics.calculators.drawdown_calculator.DrawdownCalculator,from,5
analytics/analyzers/wrappers.py,src.analytics.calculators.fama_french_factors.FamaFrenchFactors,from,6
analytics/analyzers/wrappers.py,src.analytics.calculators.volatility_calculator.VolatilityCalculator,from,7
analytics/analyzers/wrappers.py,src.analytics.interfaces.IAnalyzer,from,8
analytics/arena/arena_battle.py,json,import,1
analytics/arena/arena_battle.py,os,import,2
analytics/arena/arena_battle.py,dataclasses.dataclass,from,3
analytics/arena/arena_battle.py,datetime.datetime,from,4
analytics/arena/arena_battle.py,enum.Enum,from,5
analytics/arena/arena_battle.py,pathlib.Path,from,6
analytics/arena/arena_battle.py,typing.Any,from,7
analytics/arena/arena_battle.py,joblib,import,9
analytics/arena/arena_battle.py,numpy,import,10
analytics/arena/arena_battle.py,pandas,import,11
analytics/arena/arena_battle.py,sklearn.metrics.log_loss,from,12
analytics/arena/arena_battle.py,src.core.logging.logger.ProjectLogger,from,14
analytics/arena/arena_battle.py,src.utils.artifact_security.resolve_trusted_artifact_path,from,15
analytics/arena/arena_battle.py,battle_groups.get_battle_group_manager,from,17
analytics/arena/arena_orchestrator.py,time,import,1
analytics/arena/arena_orchestrator.py,typing.Any,from,2
analytics/arena/arena_orchestrator.py,pandas,import,4
analytics/arena/arena_orchestrator.py,src.analytics.arena.arena_battle.TradingModelArena,from,6
analytics/arena/arena_orchestrator.py,src.analytics.arena.battle_groups.BattleGroupManager,from,7
analytics/arena/arena_orchestrator.py,src.analytics.arena.ensemble_performance_bridge.EnsemblePerformanceBridge,from,8
analytics/arena/arena_orchestrator.py,src.analytics.arena.performance_tracker.ModelPerformanceTracker,from,9
analytics/arena/arena_orchestrator.py,src.core.logging.logger.ProjectLogger,from,10
analytics/arena/battle_groups.py,dataclasses.dataclass,from,1
analytics/arena/battle_groups.py,typing.Any,from,2
analytics/arena/battle_groups.py,src.models.registry.model_registry.ModelRegistry,from,4
analytics/arena/ensemble_performance_bridge.py,datetime.datetime,from,7
analytics/arena/ensemble_performance_bridge.py,typing.Any,from,8
analytics/arena/ensemble_performance_bridge.py,src.core.logging.logger.ProjectLogger,from,10
analytics/arena/performance_tracker.py,json,import,1
analytics/arena/performance_tracker.py,collections.defaultdict,from,2
analytics/arena/performance_tracker.py,dataclasses.asdict,from,3
analytics/arena/performance_tracker.py,dataclasses.dataclass,from,3
analytics/arena/performance_tracker.py,datetime.datetime,from,4
analytics/arena/performance_tracker.py,datetime.timedelta,from,4
analytics/arena/performance_tracker.py,typing.Any,from,5
analytics/arena/performance_tracker.py,numpy,import,7
analytics/arena/performance_tracker.py,src.core.logging.logger.ProjectLogger,from,9
analytics/arena/performance_tracker.py,src.models.registry.model_registry.ModelRegistry,from,10
analytics/arena/__init__.py,arena_battle.BattleMetrics,from,5
analytics/arena/__init__.py,arena_battle.BattleResult,from,5
analytics/arena/__init__.py,arena_battle.TradingModelArena,from,5
analytics/arena/__init__.py,arena_battle.get_trading_arena,from,5
analytics/arena/__init__.py,battle_groups.BattleGroupManager,from,6
analytics/arena/__init__.py,battle_groups.get_all_battle_groups,from,6
analytics/arena/__init__.py,battle_groups.get_battle_group_manager,from,6
analytics/arena/__init__.py,performance_tracker.ModelPerformanceTracker,from,7
analytics/arena/__init__.py,performance_tracker.get_performance_tracker,from,7
analytics/backtesting/engine.py,pandas,import,1
analytics/backtesting/engine.py,numpy,import,2
analytics/backtesting/engine.py,logging,import,3
analytics/backtesting/engine.py,copy,import,4
analytics/backtesting/engine.py,typing.Dict,from,5
analytics/backtesting/engine.py,typing.List,from,5
analytics/backtesting/engine.py,typing.Optional,from,5
analytics/backtesting/engine.py,typing.Any,from,5
analytics/backtesting/engine.py,typing.Union,from,5
analytics/backtesting/engine.py,src.metrics.financial_metrics.calculate_performance_metrics,from,7
analytics/backtesting/engine.py,src.config.unified_config_manager.UnifiedConfigManager,from,8
analytics/backtesting/engine.py,src.analytics.unified_analytics_engine.UnifiedAnalyticsEngine,from,9
analytics/backtesting/engine.py,src.meta_learning.experience_diary.ExperienceDiary,from,13
analytics/calculators/advanced_econometrics_calculator.py,logging,import,4
analytics/calculators/advanced_econometrics_calculator.py,typing.Any,from,5
analytics/calculators/advanced_econometrics_calculator.py,numpy,import,7
analytics/calculators/advanced_econometrics_calculator.py,pandas,import,8
analytics/calculators/advanced_econometrics_calculator.py,statsmodels.stats.diagnostic.acorr_ljungbox,from,9
analytics/calculators/advanced_econometrics_calculator.py,statsmodels.tsa.api.VAR,from,10
analytics/calculators/advanced_econometrics_calculator.py,statsmodels.tsa.stattools.adfuller,from,11
analytics/calculators/advanced_econometrics_calculator.py,statsmodels.tsa.stattools.grangercausalitytests,from,11
analytics/calculators/advanced_econometrics_calculator.py,statsmodels.tsa.vector_ar.vecm.coint_johansen,from,12
analytics/calculators/drawdown_calculator.py,numpy,import,5
analytics/calculators/drawdown_calculator.py,pandas,import,6
analytics/calculators/drawdown_calculator.py,src.core.logging.logger.ProjectLogger,from,8
analytics/calculators/econometrics_calculator.py,logging,import,5
analytics/calculators/econometrics_calculator.py,typing.Any,from,6
analytics/calculators/econometrics_calculator.py,numpy,import,8
analytics/calculators/econometrics_calculator.py,pandas,import,9
analytics/calculators/econometrics_calculator.py,statsmodels.tsa.api.VAR,from,10
analytics/calculators/econometrics_calculator.py,statsmodels.tsa.stattools.grangercausalitytests,from,11
analytics/calculators/explainability_calculator.py,logging,import,4
analytics/calculators/explainability_calculator.py,typing.Any,from,5
analytics/calculators/explainability_calculator.py,numpy,import,7
analytics/calculators/explainability_calculator.py,pandas,import,8
analytics/calculators/fama_french_factors.py,logging,import,1
analytics/calculators/fama_french_factors.py,datetime.datetime,from,2
analytics/calculators/fama_french_factors.py,datetime.timedelta,from,2
analytics/calculators/fama_french_factors.py,numpy,import,4
analytics/calculators/fama_french_factors.py,pandas,import,5
analytics/calculators/fama_french_factors.py,src.core.logging.logger.ProjectLogger,from,7
analytics/calculators/fama_french_factors.py,yfinance,import,21
analytics/calculators/macro_score_calculator.py,logging,import,1
analytics/calculators/macro_score_calculator.py,pandas,import,3
analytics/calculators/macro_score_calculator.py,sklearn.preprocessing.minmax_scale,from,4
analytics/calculators/market_regime_calculator.py,pandas,import,1
analytics/calculators/market_regime_calculator.py,numpy,import,2
analytics/calculators/market_regime_calculator.py,scipy.stats.entropy,from,3
analytics/calculators/market_regime_calculator.py,logging,import,4
analytics/calculators/risk_reward_calculator.py,logging,import,1
analytics/calculators/risk_reward_calculator.py,dataclasses.dataclass,from,2
analytics/calculators/risk_reward_calculator.py,numpy,import,4
analytics/calculators/risk_reward_calculator.py,pandas,import,5
analytics/calculators/risk_reward_calculator.py,volatility_calculator.VolatilityCalculator,from,7
analytics/calculators/sentiment_stats_calculator.py,logging,import,1
analytics/calculators/sentiment_stats_calculator.py,pandas,import,3
analytics/calculators/volatility_calculator.py,numpy,import,6
analytics/calculators/volatility_calculator.py,pandas,import,7
analytics/calculators/volatility_calculator.py,src.core.logging.logger.ProjectLogger,from,9
analytics/context/causal_effect_methods.py,numpy,import,9
analytics/context/causal_effect_methods.py,pandas,import,10
analytics/context/causal_effect_methods.py,scipy.stats,from,11
analytics/context/causal_effect_methods.py,sklearn.ensemble.RandomForestRegressor,from,12
analytics/context/causal_effect_methods.py,src.core.logging.logger.ProjectLogger,from,14
analytics/context/causal_engine.py,logging,import,1
analytics/context/causal_engine.py,datetime.timedelta,from,2
analytics/context/causal_engine.py,typing.Any,from,3
analytics/context/causal_engine.py,pandas,import,5
analytics/context/contextual_model_selector.py,logging,import,2
analytics/context/contextual_model_selector.py,typing.Any,from,3
analytics/context/contextual_model_selector.py,numpy,import,5
analytics/context/contextual_model_selector.py,pandas,import,6
analytics/context/contextual_model_selector.py,analyzers.knn_similarity_finder.KnnSimilarityFinder,from,8
analytics/context/contextual_model_selector.py,interfaces.IAnalyzer,from,9
analytics/context/counterfactual_generator.py,typing.Any,from,5
analytics/context/counterfactual_generator.py,pandas,import,7
analytics/context/counterfactual_generator.py,src.analytics.context.causal_effect_methods.CausalEffectMethods,from,9
analytics/context/counterfactual_generator.py,src.analytics.context.difference_in_differences_methods.DifferenceInDifferencesMethods,from,10
analytics/context/counterfactual_generator.py,src.analytics.context.propensity_score_methods.PropensityScoreMethods,from,11
analytics/context/counterfactual_generator.py,src.analytics.context.synthetic_control_methods.SyntheticControlMethods,from,12
analytics/context/counterfactual_generator.py,src.core.logging.logger.ProjectLogger,from,13
analytics/context/difference_in_differences_methods.py,numpy,import,9
analytics/context/difference_in_differences_methods.py,pandas,import,10
analytics/context/difference_in_differences_methods.py,scipy.stats,from,11
analytics/context/difference_in_differences_methods.py,src.core.logging.logger.ProjectLogger,from,13
analytics/context/ensemble_selector.py,dataclasses.dataclass,from,8
analytics/context/ensemble_selector.py,datetime.datetime,from,9
analytics/context/ensemble_selector.py,typing.Any,from,10
analytics/context/ensemble_selector.py,src.core.logging.logger.ProjectLogger,from,12
analytics/context/ensemble_selector.py,numpy,import,209
analytics/context/ensemble_selector.py,numpy,import,221
analytics/context/ensemble_selector.py,src.trading.live_adaptive_ensemble.LiveAdaptiveEnsemble,from,108
analytics/context/ensemble_selector.py,src.ensembling.stacked_ensemble.StackedEnsemble,from,112
analytics/context/ensemble_selector.py,src.trading.consensus_engine.ConsensusEngine,from,116
analytics/context/macro_context_analyzer.py,logging,import,1
analytics/context/macro_context_analyzer.py,typing.Any,from,2
analytics/context/macro_context_analyzer.py,pandas,import,4
analytics/context/macro_context_analyzer.py,calculators.macro_score_calculator.MacroScoreCalculator,from,6
analytics/context/macro_context_analyzer.py,interfaces.IAnalyzer,from,7
analytics/context/market_context_analyzer.py,logging,import,1
analytics/context/market_context_analyzer.py,datetime.datetime,from,2
analytics/context/market_context_analyzer.py,typing.Any,from,3
analytics/context/market_context_analyzer.py,numpy,import,5
analytics/context/market_context_analyzer.py,pandas,import,6
analytics/context/market_context_analyzer.py,interfaces.IAnalyzer,from,8
analytics/context/market_phase_analyzer.py,logging,import,1
analytics/context/market_phase_analyzer.py,operator,import,2
analytics/context/market_phase_analyzer.py,re,import,3
analytics/context/market_phase_analyzer.py,typing.Any,from,4
analytics/context/market_phase_analyzer.py,pandas,import,6
analytics/context/market_phase_analyzer.py,interfaces.IAnalyzer,from,8
analytics/context/market_regime_analyzer.py,logging,import,7
analytics/context/market_regime_analyzer.py,typing.Any,from,8
analytics/context/market_regime_analyzer.py,pandas,import,10
analytics/context/market_regime_analyzer.py,src.algorithms.regime_detector.MarketRegimeDetector,from,12
analytics/context/market_regime_analyzer.py,src.analytics.interfaces.IAnalyzer,from,13
analytics/context/prediction_adjuster.py,logging,import,1
analytics/context/prediction_adjuster.py,typing.Any,from,2
analytics/context/prediction_adjuster.py,interfaces.IAnalyzer,from,4
analytics/context/propensity_score_methods.py,typing.Any,from,8
analytics/context/propensity_score_methods.py,numpy,import,10
analytics/context/propensity_score_methods.py,pandas,import,11
analytics/context/propensity_score_methods.py,src.core.logging.logger.ProjectLogger,from,13
analytics/context/propensity_score_methods.py,sklearn.linear_model.LogisticRegression,from,48
analytics/context/synthetic_control_methods.py,typing.Any,from,8
analytics/context/synthetic_control_methods.py,numpy,import,10
analytics/context/synthetic_control_methods.py,pandas,import,11
analytics/context/synthetic_control_methods.py,scipy.stats,from,12
analytics/context/synthetic_control_methods.py,src.core.logging.logger.ProjectLogger,from,14
analytics/data_managers/model_results_manager.py,logging,import,5
analytics/data_managers/model_results_manager.py,datetime.datetime,from,6
analytics/data_managers/model_results_manager.py,pathlib.Path,from,7
analytics/data_managers/model_results_manager.py,typing.Any,from,8
analytics/data_managers/model_results_manager.py,pandas,import,10
analytics/data_managers/model_results_manager.py,src.core.exceptions.DataLoadError,from,12
analytics/data_managers/model_results_manager.py,src.core.exceptions.DataProcessingError,from,12
analytics/data_managers/model_results_manager.py,src.models.registry.model_registry.ModelRegistry,from,13
analytics/data_managers/model_results_manager.py,json,import,206
analytics/detectors/anomaly_detector.py,logging,import,1
analytics/detectors/anomaly_detector.py,numpy,import,3
analytics/detectors/anomaly_detector.py,pandas,import,4
analytics/detectors/anomaly_detector.py,sklearn.ensemble.IsolationForest,from,5
analytics/detectors/critical_signal_detector.py,typing.Any,from,1
analytics/detectors/critical_signal_detector.py,pandas,import,3
analytics/detectors/critical_signal_detector.py,interfaces.IAnalyzer,from,5
analytics/engines/causal_engine.py,numpy,import,1
analytics/engines/causal_engine.py,pandas,import,2
analytics/engines/causal_engine.py,dowhy.CausalModel,from,3
analytics/engines/causal_engine.py,src.core.exceptions.DataProcessingError,from,5
analytics/engines/causal_engine.py,src.core.logging.logger.ProjectLogger,from,6
analytics/reporting/automated_reports.py,logging,import,3
analytics/reporting/automated_reports.py,datetime.datetime,from,4
analytics/reporting/automated_reports.py,typing.Any,from,5
analytics/reporting/automated_reports.py,src.analytics.data_managers.model_results_manager.ModelResultsManager,from,7
analytics/reporting/model_analyzer.py,json,import,1
analytics/reporting/model_analyzer.py,datetime.datetime,from,2
analytics/reporting/model_analyzer.py,pathlib.Path,from,3
analytics/reporting/model_analyzer.py,typing.Any,from,4
analytics/reporting/model_analyzer.py,src.core.logging.logger.ProjectLogger,from,6
analytics/reporting/model_analyzer.py,src.utils.math_safe.safe_div,from,126
analytics/reporting/reporting_orchestrator.py,typing.Any,from,1
analytics/reporting/reporting_orchestrator.py,src.analytics.reporting.automated_reports.HistoricalAnalytics,from,3
analytics/reporting/reporting_orchestrator.py,src.analytics.reporting.model_analyzer.ModelAnalyzer,from,4
analytics/reporting/reporting_orchestrator.py,src.analytics.reporting.results_manager.ModelResultsManager,from,5
analytics/reporting/reporting_orchestrator.py,src.core.logging.logger.ProjectLogger,from,6
analytics/reporting/results_manager.py,json,import,5
analytics/reporting/results_manager.py,logging,import,6
analytics/reporting/results_manager.py,datetime.datetime,from,7
analytics/reporting/results_manager.py,pathlib.Path,from,8
analytics/reporting/results_manager.py,typing.Any,from,9
analytics/reporting/results_manager.py,typing.cast,from,9
analytics/reporting/results_manager.py,pandas,import,11
analytics/reporting/visualization.py,pathlib.Path,from,3
analytics/reporting/visualization.py,matplotlib.pyplot,import,5
analytics/reporting/visualization.py,pandas,import,6
analytics/reporting/visualization.py,seaborn,import,7
analytics/reporting/visualization.py,src.core.file_management.file_manager.FileManager,from,9
analytics/reporting/visualization.py,src.core.logging.logger.ProjectLogger,from,10
analytics/signals/signal_analytics.py,logging,import,4
analytics/signals/signal_analytics.py,datetime.datetime,from,5
analytics/signals/signal_analytics.py,typing.Any,from,6
analytics/signals/signal_analytics.py,numpy,import,8
analytics/signals/significance_detector.py,logging,import,2
analytics/signals/significance_detector.py,typing.Any,from,3
analytics/signals/significance_detector.py,pandas,import,5
analytics/utils/analytics_math.py,numpy,import,8
analytics/utils/analytics_math.py,pandas,import,9
analytics/utils/knn_model_wrapper.py,pandas,import,1
analytics/utils/knn_model_wrapper.py,sklearn.neighbors.NearestNeighbors,from,2
analytics/utils/knn_model_wrapper.py,sklearn.preprocessing.StandardScaler,from,3
analytics/utils/knn_model_wrapper.py,src.core.logging.logger.ProjectLogger,from,5
backtesting/advanced/advanced_engine.py,collections.abc.Callable,from,11
backtesting/advanced/advanced_engine.py,datetime.datetime,from,12
backtesting/advanced/advanced_engine.py,typing.Any,from,13
backtesting/advanced/advanced_engine.py,numpy,import,15
backtesting/advanced/advanced_engine.py,pandas,import,16
backtesting/advanced/advanced_engine.py,src.config.unified_config_manager.get_current_config,from,18
backtesting/advanced/advanced_engine.py,src.core.logging.logger.ProjectLogger,from,19
backtesting/advanced/advanced_engine.py,src.algorithms.metrics_mixin.PerformanceMetricsMixin,from,253
colab/config/config_loader.py,json,import,2
colab/config/config_loader.py,sys,import,3
colab/config/config_loader.py,pathlib.Path,from,4
colab/config/config_loader.py,src.core.logging.logger.ProjectLogger,from,6
colab/config/training_config.py,dataclasses.dataclass,from,3
colab/config/training_config.py,pathlib.Path,from,4
colab/config/training_config.py,typing.Any,from,5
colab/config/__init__.py,config_loader.RuntimeConfigLoader,from,2
colab/config/__init__.py,training_config.CheckpointParams,from,3
colab/config/__init__.py,training_config.TrainingConfig,from,3
colab/environment/colab_environment.py,os,import,3
colab/environment/colab_environment.py,sys,import,4
colab/environment/colab_environment.py,pathlib.Path,from,5
colab/environment/colab_environment.py,google.colab.drive,from,54
colab/environment/colab_environment.py,signal,import,58
colab/environment/setup.py,os,import,3
colab/environment/setup.py,sys,import,4
colab/environment/setup.py,pathlib.Path,from,5
colab/environment/setup.py,google.colab.drive,from,57
colab/environment/setup.py,signal,import,61
colab/environment/__init__.py,colab_environment.ColabEnvironment,from,2
colab/memory/memory_monitor.py,json,import,3
colab/memory/memory_monitor.py,datetime.datetime,from,4
colab/memory/memory_monitor.py,src.core.logging.logger.ProjectLogger,from,6
colab/memory/memory_monitor.py,psutil,import,22
colab/memory/memory_monitor.py,psutil,import,33
colab/memory/memory_monitor.py,gc,import,70
colab/memory/__init__.py,memory_monitor.MemoryMonitor,from,2
colab/models/architectures.py,torch,import,1
colab/models/architectures.py,torch.nn,import,2
colab/models/model_factory.py,src.core.logging.logger.ProjectLogger,from,3
colab/models/model_factory.py,sklearn.ensemble.RandomForestRegressor,from,27
colab/models/model_factory.py,sklearn.linear_model.LinearRegression,from,28
colab/models/model_factory.py,src.colab.models.architectures.AutoencoderModel,from,88
colab/models/model_factory.py,src.colab.models.architectures.CNNModel,from,88
colab/models/model_factory.py,src.colab.models.architectures.GRUModel,from,88
colab/models/model_factory.py,src.colab.models.architectures.LSTMModel,from,88
colab/models/model_factory.py,src.colab.models.architectures.TransformerModel,from,88
colab/models/model_factory.py,torch.nn,import,116
colab/models/model_factory.py,torch.nn,import,153
colab/models/model_factory.py,sklearn.ensemble.RandomForestRegressor,from,168
colab/models/model_factory.py,torch.nn,import,209
colab/models/model_factory.py,torch,import,9
colab/models/model_factory.py,torch,import,190
colab/models/sklearn_fallback.py,src.core.logging.logger.ProjectLogger,from,4
colab/models/sklearn_fallback.py,sklearn.ensemble.RandomForestRegressor,from,13
colab/models/sklearn_fallback.py,sklearn.linear_model.LinearRegression,from,14
colab/models/torch_models.py,torch.nn,import,6
colab/models/torch_models.py,src.colab.models.architectures.AutoencoderModel,from,9
colab/models/torch_models.py,src.colab.models.architectures.CNNModel,from,9
colab/models/torch_models.py,src.colab.models.architectures.GRUModel,from,9
colab/models/torch_models.py,src.colab.models.architectures.LSTMModel,from,9
colab/models/torch_models.py,src.colab.models.architectures.TransformerModel,from,9
colab/models/torch_models.py,src.colab.models.architectures.LSTMModel,from,61
colab/models/torch_models.py,src.colab.models.architectures.GRUModel,from,67
colab/models/torch_models.py,src.colab.models.architectures.CNNModel,from,73
colab/models/torch_models.py,src.colab.models.architectures.TransformerModel,from,79
colab/models/torch_models.py,torch.nn,import,85
colab/models/torch_models.py,sklearn.ensemble.RandomForestRegressor,from,99
colab/models/torch_models.py,src.colab.models.architectures.AutoencoderModel,from,138
colab/models/torch_models.py,torch,import,117
colab/models/__init__.py,model_factory.create_model,from,2
colab/utils/data_signature.py,hashlib,import,3
colab/utils/data_signature.py,pandas,import,8
colab/utils/metrics.py,numpy,import,6
colab/utils/metrics.py,sklearn.metrics.mean_absolute_error,from,7
colab/utils/metrics.py,sklearn.metrics.mean_squared_error,from,7
colab/utils/metrics.py,sklearn.metrics.r2_score,from,7
colab/utils/retry.py,time,import,3
colab/utils/retry.py,functools.wraps,from,4
colab/utils/retry.py,src.core.logging.logger.ProjectLogger,from,6
colab/utils/utils.py,hashlib,import,3
colab/utils/utils.py,pathlib.Path,from,4
colab/utils/utils.py,src.core.logging.logger.ProjectLogger,from,6
colab/utils/utils.py,src.utils.artifact_security.resolve_trusted_artifact_path,from,7
colab/utils/utils.py,torch,import,13
colab/utils/utils.py,pandas,import,95
colab/utils/utils.py,numpy,import,110
colab/utils/utils.py,sklearn.metrics.mean_absolute_error,from,111
colab/utils/utils.py,sklearn.metrics.mean_squared_error,from,111
colab/utils/utils.py,sklearn.metrics.r2_score,from,111
colab/utils/__init__.py,utils.compute_data_signature,from,2
colab/utils/__init__.py,utils.compute_metrics,from,2
colab/utils/__init__.py,utils.find_latest_checkpoint,from,2
colab/utils/__init__.py,utils.get_optimal_batch_size,from,2
colab/utils/__init__.py,utils.load_checkpoint,from,2
colab/utils/__init__.py,utils.retry_on_timeout,from,2
colab/utils/__init__.py,utils.save_checkpoint,from,2
core/cache/cache_manager.py,hashlib,import,1
core/cache/cache_manager.py,json,import,2
core/cache/cache_manager.py,pickle,import,3
core/cache/cache_manager.py,threading,import,4
core/cache/cache_manager.py,time,import,5
core/cache/cache_manager.py,collections.abc.Callable,from,6
core/cache/cache_manager.py,functools.wraps,from,7
core/cache/cache_manager.py,pathlib.Path,from,8
core/cache/cache_manager.py,typing.Any,from,9
core/cache/cache_manager.py,pandas,import,11
core/cache/cache_manager.py,src.config.unified_config_manager.get_current_config,from,13
core/cache/cache_manager.py,src.core.logging.logger.ProjectLogger,from,14
core/cache/cache_manager.py,src.data.management.data_manager.DataManager,from,15
core/cache/cache_manager.py,sys,import,172
core/cache/object_cache.py,logging,import,2
core/cache/object_cache.py,pickle,import,3
core/cache/object_cache.py,datetime.datetime,from,4
core/cache/object_cache.py,datetime.timedelta,from,4
core/cache/object_cache.py,pathlib.Path,from,5
core/cache/object_cache.py,typing.Any,from,6
core/cache/query_cache.py,hashlib,import,2
core/cache/query_cache.py,logging,import,3
core/cache/query_cache.py,datetime.datetime,from,4
core/cache/query_cache.py,datetime.timedelta,from,4
core/cache/query_cache.py,pathlib.Path,from,5
core/cache/query_cache.py,pandas,import,7
core/cache/__init__.py,cache_manager.CacheManager,from,1
core/cache/__init__.py,object_cache.ObjectCache,from,2
core/cache/__init__.py,query_cache.QueryCache,from,3
core/clients/http_client_factory.py,abc.ABC,from,3
core/clients/http_client_factory.py,abc.abstractmethod,from,3
core/clients/http_client_factory.py,typing.Any,from,4
core/clients/http_client_factory.py,httpx,import,6
core/clients/http_client_factory.py,src.config.unified_config_manager.UnifiedConfigManager,from,8
core/clients/http_client_factory.py,src.core.error_handling.error_handler.IErrorHandler,from,9
core/clients/http_client_factory.py,src.core.logging.logger.ProjectLogger,from,10
core/clients/http_client_factory.py,src.utils.rate_limiter.RateLimiter,from,11
core/cloud/gcs_manager.py,time,import,1
core/cloud/gcs_manager.py,pathlib.Path,from,2
core/cloud/gcs_manager.py,google.cloud.storage,from,4
core/cloud/gcs_manager.py,google.auth.exceptions.DefaultCredentialsError,from,5
core/cloud/gcs_manager.py,src.config.unified_config_manager.get_current_config,from,7
core/cloud/gcs_manager.py,src.core.logging.logger.ProjectLogger,from,8
core/error_handling/error_handler.py,json,import,1
core/error_handling/error_handler.py,logging,import,2
core/error_handling/error_handler.py,time,import,3
core/error_handling/error_handler.py,traceback,import,4
core/error_handling/error_handler.py,abc.ABC,from,5
core/error_handling/error_handler.py,abc.abstractmethod,from,5
core/error_handling/error_handler.py,collections.abc.Callable,from,6
core/error_handling/error_handler.py,datetime.datetime,from,7
core/error_handling/error_handler.py,datetime.timedelta,from,7
core/error_handling/error_handler.py,functools.wraps,from,8
core/error_handling/error_handler.py,typing.Any,from,9
core/error_handling/error_handler.py,src.config.unified_config_manager.UnifiedConfigManager,from,11
core/error_handling/error_handler.py,src.core.logging.logger.ProjectLogger,from,12
core/error_handling/error_handler.py,src.core.logging.notifier.UniversalNotifier,from,13
core/error_handling/error_handler.py,src.core.validation.validators.DataValidationError,from,362
core/error_handling/error_handler.py,src.config.unified_config_manager.get_current_config,from,104
core/file_management/file_manager.py,json,import,1
core/file_management/file_manager.py,os,import,2
core/file_management/file_manager.py,time,import,3
core/file_management/file_manager.py,collections.abc.Callable,from,4
core/file_management/file_manager.py,concurrent.futures.ThreadPoolExecutor,from,5
core/file_management/file_manager.py,pathlib.Path,from,6
core/file_management/file_manager.py,typing.Any,from,7
core/file_management/file_manager.py,pandas,import,9
core/file_management/file_manager.py,yaml,import,10
core/file_management/file_manager.py,src.core.logging.logger.ProjectLogger,from,12
core/file_management/file_manager.py,src.core.security.path_validator.PathValidationError,from,13
core/file_management/file_manager.py,src.core.security.path_validator.validate_safe_path,from,13
core/file_management/file_manager.py,src.utils.path_safety.get_path_safety,from,14
core/logging/exception_decorator.py,functools,import,1
core/logging/exception_decorator.py,logging,import,2
core/logging/exception_decorator.py,collections.abc.Callable,from,3
core/logging/logger.py,csv,import,1
core/logging/logger.py,json,import,2
core/logging/logger.py,logging,import,3
core/logging/logger.py,queue,import,4
core/logging/logger.py,sys,import,5
core/logging/logger.py,threading,import,6
core/logging/logger.py,datetime.datetime,from,7
core/logging/logger.py,logging.handlers.RotatingFileHandler,from,8
core/logging/logger.py,pathlib.Path,from,9
core/logging/logger.py,typing.Any,from,10
core/logging/logger.py,src.config.unified_config_manager.get_current_config,from,52
core/logging/log_standards.py,logging,import,23
core/logging/log_standards.py,typing.Any,from,24
core/logging/notifier.py,asyncio,import,1
core/logging/notifier.py,logging,import,2
core/logging/notifier.py,os,import,3
core/logging/notifier.py,pathlib.Path,from,4
core/logging/notifier.py,typing.Any,from,5
core/logging/notifier.py,aiofiles,import,7
core/logging/notifier.py,aiohttp,import,8
core/monitoring/memory_profiler.py,gc,import,23
core/monitoring/memory_profiler.py,logging,import,24
core/monitoring/memory_profiler.py,threading,import,25
core/monitoring/memory_profiler.py,time,import,26
core/monitoring/memory_profiler.py,collections.abc.Callable,from,27
core/monitoring/memory_profiler.py,contextlib.contextmanager,from,28
core/monitoring/memory_profiler.py,functools.wraps,from,29
core/monitoring/memory_profiler.py,typing.Any,from,30
core/monitoring/memory_profiler.py,psutil,import,32
core/security/path_validator.py,pathlib.Path,from,1
core/security/secure_secrets_manager.py,base64,import,7
core/security/secure_secrets_manager.py,os,import,8
core/security/secure_secrets_manager.py,re,import,9
core/security/secure_secrets_manager.py,sys,import,10
core/security/secure_secrets_manager.py,pathlib.Path,from,11
core/security/secure_secrets_manager.py,cryptography.fernet.Fernet,from,13
core/security/secure_secrets_manager.py,src.core.logging.logger.ProjectLogger,from,16
core/security/secure_secrets_manager.py,src.core.security.path_validator.PathValidationError,from,17
core/security/secure_secrets_manager.py,src.core.security.path_validator.validate_safe_path,from,17
core/security/secure_secrets_manager.py,src.utils.path_safety.get_path_safety,from,18
core/security/secure_secrets_manager.py,src.config.unified_config_manager.UnifiedConfigManager,from,38
core/security/secure_secrets_manager.py,src.config.unified_config_manager.get_current_config,from,39
core/security/secure_secrets_manager.py,json,import,173
core/security/secure_secrets_manager.py,json,import,210
core/system/archive_manager.py,logging,import,3
core/system/archive_manager.py,os,import,4
core/system/archive_manager.py,zipfile,import,5
core/system/archive_manager.py,datetime.datetime,from,6
core/system/batch_processor.py,json,import,5
core/system/batch_processor.py,logging,import,6
core/system/batch_processor.py,threading,import,7
core/system/batch_processor.py,time,import,8
core/system/batch_processor.py,collections.abc.Callable,from,9
core/system/batch_processor.py,concurrent.futures.ThreadPoolExecutor,from,10
core/system/batch_processor.py,concurrent.futures.as_completed,from,10
core/system/batch_processor.py,dataclasses.dataclass,from,11
core/system/batch_processor.py,dataclasses.field,from,11
core/system/batch_processor.py,datetime.datetime,from,12
core/system/batch_processor.py,pathlib.Path,from,13
core/system/batch_processor.py,typing.Any,from,14
core/system/connection_registry.py,atexit,import,1
core/system/connection_registry.py,logging,import,2
core/system/connection_registry.py,sqlite3,import,3
core/system/connection_registry.py,duckdb,import,5
core/system/version_manager.py,json,import,5
core/system/version_manager.py,logging,import,6
core/system/version_manager.py,dataclasses.asdict,from,7
core/system/version_manager.py,dataclasses.dataclass,from,7
core/system/version_manager.py,datetime.datetime,from,8
core/system/version_manager.py,pathlib.Path,from,9
core/system/version_manager.py,src.core.logging.logger.ProjectLogger,from,11
core/utils/lazy_loader.py,importlib,import,1
core/utils/lazy_loader.py,typing.Any,from,2
core/utils/math_utils.py,numpy,import,1
core/utils/path_utils.py,os,import,1
core/utils/path_utils.py,re,import,2
core/utils/prediction_utils.py,logging,import,6
core/utils/prediction_utils.py,numpy,import,8
core/validation/validators.py,re,import,7
core/validation/validators.py,datetime.date,from,8
core/validation/validators.py,datetime.datetime,from,8
core/validation/validators.py,enum.StrEnum,from,9
core/validation/validators.py,typing.Any,from,10
core/validation/validators.py,numpy,import,12
core/validation/validators.py,pandas,import,13
core/validation/validators.py,pydantic.BaseModel,from,14
core/validation/validators.py,pydantic.Field,from,14
core/validation/validators.py,pydantic.ValidationError,from,14
core/validation/validators.py,pydantic.field_validator,from,14
core/validation/validators.py,pydantic.model_validator,from,14
core/validation/validators.py,src.core.logging.logger.ProjectLogger,from,16
data/collectors/aaii_sentiment_collector.py,hashlib,import,1
data/collectors/aaii_sentiment_collector.py,re,import,2
data/collectors/aaii_sentiment_collector.py,datetime.datetime,from,3
data/collectors/aaii_sentiment_collector.py,typing.Any,from,4
data/collectors/aaii_sentiment_collector.py,pandas,import,6
data/collectors/aaii_sentiment_collector.py,src.core.cache.cache_manager.CacheManager,from,8
data/collectors/aaii_sentiment_collector.py,src.core.clients.http_client_factory.HttpClientFactory,from,9
data/collectors/aaii_sentiment_collector.py,src.data.management.data_manager.DataManager,from,10
data/collectors/aaii_sentiment_collector.py,base_collector.BaseCollector,from,12
data/collectors/alternative_me_collector.py,hashlib,import,6
data/collectors/alternative_me_collector.py,datetime.datetime,from,7
data/collectors/alternative_me_collector.py,typing.Any,from,8
data/collectors/alternative_me_collector.py,pandas,import,10
data/collectors/alternative_me_collector.py,src.core.cache.cache_manager.CacheManager,from,12
data/collectors/alternative_me_collector.py,src.core.clients.http_client_factory.HttpClientFactory,from,13
data/collectors/alternative_me_collector.py,src.data.management.data_manager.DataManager,from,14
data/collectors/alternative_me_collector.py,base_collector.BaseCollector,from,16
data/collectors/base_collector.py,abc.ABC,from,3
data/collectors/base_collector.py,abc.abstractmethod,from,3
data/collectors/base_collector.py,typing.Any,from,4
data/collectors/base_collector.py,httpx,import,6
data/collectors/base_collector.py,src.core.cache.cache_manager.CacheManager,from,8
data/collectors/base_collector.py,src.core.clients.http_client_factory.HttpClientFactory,from,9
data/collectors/base_collector.py,src.core.logging.logger.ProjectLogger,from,10
data/collectors/base_collector.py,src.data.management.data_manager.DataManager,from,11
data/collectors/bigquery_collector.py,asyncio,import,1
data/collectors/bigquery_collector.py,logging,import,2
data/collectors/bigquery_collector.py,typing.Any,from,3
data/collectors/bigquery_collector.py,management.connectors.bigquery_connector.BigQueryConnector,from,5
data/collectors/bigquery_collector.py,base_collector.BaseCollector,from,6
data/collectors/cftc_collector.py,asyncio,import,3
data/collectors/cftc_collector.py,hashlib,import,4
data/collectors/cftc_collector.py,datetime.datetime,from,5
data/collectors/cftc_collector.py,datetime.timedelta,from,5
data/collectors/cftc_collector.py,typing.Any,from,6
data/collectors/cftc_collector.py,pandas,import,8
data/collectors/cftc_collector.py,src.core.cache.cache_manager.CacheManager,from,10
data/collectors/cftc_collector.py,src.core.clients.http_client_factory.HttpClientFactory,from,11
data/collectors/cftc_collector.py,src.data.management.data_manager.DataManager,from,12
data/collectors/cftc_collector.py,base_collector.BaseCollector,from,14
data/collectors/collector_factory.py,importlib,import,1
data/collectors/collector_factory.py,inspect,import,2
data/collectors/collector_factory.py,os,import,3
data/collectors/collector_factory.py,pkgutil,import,4
data/collectors/collector_factory.py,typing.Any,from,5
data/collectors/collector_factory.py,src.config.unified_config_manager.UnifiedConfigManager,from,7
data/collectors/collector_factory.py,src.core.cache.cache_manager.CacheManager,from,8
data/collectors/collector_factory.py,src.core.clients.http_client_factory.HttpClientFactory,from,9
data/collectors/collector_factory.py,src.core.logging.logger.ProjectLogger,from,10
data/collectors/collector_factory.py,src.data.management.data_manager.DataManager,from,11
data/collectors/collector_factory.py,base_collector.BaseCollector,from,13
data/collectors/custom_csv_collector.py,asyncio,import,1
data/collectors/custom_csv_collector.py,csv,import,2
data/collectors/custom_csv_collector.py,logging,import,3
data/collectors/custom_csv_collector.py,typing.Any,from,4
data/collectors/custom_csv_collector.py,base_collector.BaseCollector,from,6
data/collectors/economic_calendar_collector.py,asyncio,import,1
data/collectors/economic_calendar_collector.py,hashlib,import,2
data/collectors/economic_calendar_collector.py,datetime.datetime,from,3
data/collectors/economic_calendar_collector.py,datetime.timedelta,from,3
data/collectors/economic_calendar_collector.py,io.StringIO,from,4
data/collectors/economic_calendar_collector.py,typing.Any,from,5
data/collectors/economic_calendar_collector.py,pandas,import,7
data/collectors/economic_calendar_collector.py,src.core.cache.cache_manager.CacheManager,from,9
data/collectors/economic_calendar_collector.py,src.core.clients.http_client_factory.HttpClientFactory,from,10
data/collectors/economic_calendar_collector.py,src.data.management.data_manager.DataManager,from,11
data/collectors/economic_calendar_collector.py,base_collector.BaseCollector,from,13
data/collectors/fear_greed_collector.py,hashlib,import,1
data/collectors/fear_greed_collector.py,datetime.datetime,from,2
data/collectors/fear_greed_collector.py,typing.Any,from,3
data/collectors/fear_greed_collector.py,pandas,import,5
data/collectors/fear_greed_collector.py,src.core.cache.cache_manager.CacheManager,from,7
data/collectors/fear_greed_collector.py,src.core.clients.http_client_factory.HttpClientFactory,from,8
data/collectors/fear_greed_collector.py,src.data.management.data_manager.DataManager,from,9
data/collectors/fear_greed_collector.py,base_collector.BaseCollector,from,11
data/collectors/fred_collector.py,asyncio,import,1
data/collectors/fred_collector.py,hashlib,import,2
data/collectors/fred_collector.py,datetime.datetime,from,3
data/collectors/fred_collector.py,datetime.timedelta,from,3
data/collectors/fred_collector.py,typing.Any,from,4
data/collectors/fred_collector.py,pandas,import,6
data/collectors/fred_collector.py,src.core.cache.cache_manager.CacheManager,from,8
data/collectors/fred_collector.py,src.core.clients.http_client_factory.HttpClientFactory,from,9
data/collectors/fred_collector.py,src.data.management.data_manager.DataManager,from,10
data/collectors/fred_collector.py,base_collector.BaseCollector,from,12
data/collectors/fred_collector.py,os,import,46
data/collectors/free_google_trends_collector.py,asyncio,import,1
data/collectors/free_google_trends_collector.py,logging,import,2
data/collectors/free_google_trends_collector.py,typing.Any,from,3
data/collectors/free_google_trends_collector.py,pandas,import,5
data/collectors/free_google_trends_collector.py,pytrends.request.TrendReq,from,6
data/collectors/free_google_trends_collector.py,base_collector.BaseCollector,from,8
data/collectors/google_news_collector.py,asyncio,import,3
data/collectors/google_news_collector.py,hashlib,import,4
data/collectors/google_news_collector.py,typing.Any,from,5
data/collectors/google_news_collector.py,pandas,import,7
data/collectors/google_news_collector.py,gnews.GNews,from,8
data/collectors/google_news_collector.py,src.core.cache.cache_manager.CacheManager,from,10
data/collectors/google_news_collector.py,src.core.clients.http_client_factory.HttpClientFactory,from,11
data/collectors/google_news_collector.py,src.core.logging.logger.ProjectLogger,from,12
data/collectors/google_news_collector.py,src.data.management.data_manager.DataManager,from,13
data/collectors/google_news_collector.py,base_collector.BaseCollector,from,15
data/collectors/huggingface_collector.py,hashlib,import,5
data/collectors/huggingface_collector.py,os,import,6
data/collectors/huggingface_collector.py,typing.Any,from,7
data/collectors/huggingface_collector.py,pandas,import,9
data/collectors/huggingface_collector.py,src.core.cache.cache_manager.CacheManager,from,11
data/collectors/huggingface_collector.py,src.core.clients.http_client_factory.HttpClientFactory,from,12
data/collectors/huggingface_collector.py,src.data.management.data_manager.DataManager,from,13
data/collectors/huggingface_collector.py,base_collector.BaseCollector,from,15
data/collectors/huggingface_collector.py,datasets.load_dataset,from,93
data/collectors/insider_collector.py,asyncio,import,3
data/collectors/insider_collector.py,hashlib,import,4
data/collectors/insider_collector.py,logging,import,5
data/collectors/insider_collector.py,typing.Any,from,6
data/collectors/insider_collector.py,httpx,import,8
data/collectors/insider_collector.py,pandas,import,9
data/collectors/insider_collector.py,bs4.BeautifulSoup,from,10
data/collectors/insider_collector.py,src.core.cache.cache_manager.CacheManager,from,12
data/collectors/insider_collector.py,src.core.clients.http_client_factory.HttpClientFactory,from,13
data/collectors/insider_collector.py,src.data.management.data_manager.DataManager,from,14
data/collectors/insider_collector.py,base_collector.BaseCollector,from,16
data/collectors/insider_collector.py,httpx,import,107
data/collectors/local_file_collector.py,asyncio,import,1
data/collectors/local_file_collector.py,logging,import,2
data/collectors/local_file_collector.py,pathlib.Path,from,3
data/collectors/local_file_collector.py,typing.Any,from,4
data/collectors/local_file_collector.py,pandas,import,6
data/collectors/local_file_collector.py,src.core.security.path_validator.PathValidationError,from,8
data/collectors/local_file_collector.py,src.core.security.path_validator.validate_safe_path,from,8
data/collectors/local_file_collector.py,src.data.collectors.base_collector.BaseCollector,from,9
data/collectors/local_file_collector.py,src.utils.path_safety.get_path_safety,from,10
data/collectors/market_data_collector.py,asyncio,import,2
data/collectors/market_data_collector.py,logging,import,3
data/collectors/market_data_collector.py,typing.Any,from,4
data/collectors/market_data_collector.py,pandas,import,6
data/collectors/market_data_collector.py,src.core.cache.cache_manager.CacheManager,from,8
data/collectors/market_data_collector.py,src.core.clients.http_client_factory.HttpClientFactory,from,9
data/collectors/market_data_collector.py,src.core.logging.logger.ProjectLogger,from,10
data/collectors/market_data_collector.py,src.data.management.data_manager.DataManager,from,11
data/collectors/market_data_collector.py,base_collector.BaseCollector,from,13
data/collectors/newsapi_collector.py,asyncio,import,3
data/collectors/newsapi_collector.py,hashlib,import,4
data/collectors/newsapi_collector.py,os,import,5
data/collectors/newsapi_collector.py,typing.Any,from,6
data/collectors/newsapi_collector.py,pandas,import,8
data/collectors/newsapi_collector.py,src.core.cache.cache_manager.CacheManager,from,10
data/collectors/newsapi_collector.py,src.core.clients.http_client_factory.HttpClientFactory,from,11
data/collectors/newsapi_collector.py,src.data.management.data_manager.DataManager,from,12
data/collectors/newsapi_collector.py,base_collector.BaseCollector,from,14
data/collectors/put_call_ratio_collector.py,hashlib,import,3
data/collectors/put_call_ratio_collector.py,re,import,4
data/collectors/put_call_ratio_collector.py,datetime.datetime,from,5
data/collectors/put_call_ratio_collector.py,datetime.timedelta,from,5
data/collectors/put_call_ratio_collector.py,typing.Any,from,6
data/collectors/put_call_ratio_collector.py,pandas,import,8
data/collectors/put_call_ratio_collector.py,src.core.cache.cache_manager.CacheManager,from,10
data/collectors/put_call_ratio_collector.py,src.core.clients.http_client_factory.HttpClientFactory,from,11
data/collectors/put_call_ratio_collector.py,src.data.management.data_manager.DataManager,from,12
data/collectors/put_call_ratio_collector.py,base_collector.BaseCollector,from,14
data/collectors/reddit_sentiment_collector.py,hashlib,import,3
data/collectors/reddit_sentiment_collector.py,random,import,4
data/collectors/reddit_sentiment_collector.py,datetime.datetime,from,5
data/collectors/reddit_sentiment_collector.py,datetime.timedelta,from,5
data/collectors/reddit_sentiment_collector.py,typing.Any,from,6
data/collectors/reddit_sentiment_collector.py,pandas,import,8
data/collectors/reddit_sentiment_collector.py,src.core.cache.cache_manager.CacheManager,from,10
data/collectors/reddit_sentiment_collector.py,src.core.clients.http_client_factory.HttpClientFactory,from,11
data/collectors/reddit_sentiment_collector.py,src.data.management.data_manager.DataManager,from,12
data/collectors/reddit_sentiment_collector.py,base_collector.BaseCollector,from,14
data/collectors/rss_collector.py,asyncio,import,1
data/collectors/rss_collector.py,hashlib,import,2
data/collectors/rss_collector.py,datetime.UTC,from,3
data/collectors/rss_collector.py,datetime.datetime,from,3
data/collectors/rss_collector.py,datetime.timedelta,from,3
data/collectors/rss_collector.py,typing.Any,from,4
data/collectors/rss_collector.py,feedparser,import,6
data/collectors/rss_collector.py,httpx,import,7
data/collectors/rss_collector.py,pandas,import,8
data/collectors/rss_collector.py,src.core.cache.cache_manager.CacheManager,from,10
data/collectors/rss_collector.py,src.core.clients.http_client_factory.HttpClientFactory,from,11
data/collectors/rss_collector.py,src.core.logging.logger.ProjectLogger,from,12
data/collectors/rss_collector.py,src.data.management.data_manager.DataManager,from,13
data/collectors/rss_collector.py,base_collector.BaseCollector,from,15
data/collectors/sec_filings_collector.py,asyncio,import,3
data/collectors/sec_filings_collector.py,hashlib,import,4
data/collectors/sec_filings_collector.py,json,import,5
data/collectors/sec_filings_collector.py,logging,import,6
data/collectors/sec_filings_collector.py,datetime.datetime,from,7
data/collectors/sec_filings_collector.py,datetime.timedelta,from,7
data/collectors/sec_filings_collector.py,typing.Any,from,8
data/collectors/sec_filings_collector.py,httpx,import,10
data/collectors/sec_filings_collector.py,pandas,import,11
data/collectors/sec_filings_collector.py,src.config.unified_config_manager.UnifiedConfigManager,from,13
data/collectors/sec_filings_collector.py,src.core.cache.cache_manager.CacheManager,from,14
data/collectors/sec_filings_collector.py,src.core.clients.http_client_factory.HttpClientFactory,from,15
data/collectors/sec_filings_collector.py,src.data.management.data_manager.DataManager,from,16
data/collectors/sec_filings_collector.py,base_collector.BaseCollector,from,18
data/collectors/synthetic_generator.py,numpy,import,1
data/collectors/synthetic_generator.py,base_collector.BaseCollector,from,3
data/collectors/vix_collector.py,hashlib,import,3
data/collectors/vix_collector.py,logging,import,4
data/collectors/vix_collector.py,datetime.datetime,from,5
data/collectors/vix_collector.py,pathlib.Path,from,6
data/collectors/vix_collector.py,typing.Any,from,7
data/collectors/vix_collector.py,pandas,import,9
data/collectors/vix_collector.py,src.core.cache.cache_manager.CacheManager,from,11
data/collectors/vix_collector.py,src.core.clients.http_client_factory.HttpClientFactory,from,12
data/collectors/vix_collector.py,src.data.management.data_manager.DataManager,from,13
data/collectors/vix_collector.py,base_collector.BaseCollector,from,15
data/collectors/vix_collector.py,yfinance,import,23
data/collectors/vix_collector.py,yfinance,import,101
data/collectors/yf_collector.py,asyncio,import,1
data/collectors/yf_collector.py,hashlib,import,2
data/collectors/yf_collector.py,logging,import,3
data/collectors/yf_collector.py,time,import,4
data/collectors/yf_collector.py,datetime.datetime,from,5
data/collectors/yf_collector.py,datetime.timedelta,from,5
data/collectors/yf_collector.py,pathlib.Path,from,6
data/collectors/yf_collector.py,typing.Any,from,7
data/collectors/yf_collector.py,pandas,import,9
data/collectors/yf_collector.py,yfinance,import,10
data/collectors/yf_collector.py,src.core.clients.http_client_factory.HttpClientFactory,from,12
data/collectors/yf_collector.py,src.data.management.data_manager.DataManager,from,13
data/collectors/yf_collector.py,base_collector.BaseCollector,from,15
data/management/asset_manager.py,logging,import,2
data/management/asset_manager.py,dataclasses.dataclass,from,3
data/management/asset_manager.py,enum.Enum,from,4
data/management/asset_manager.py,pandas,import,6
data/management/data_cleaner.py,numpy,import,1
data/management/data_cleaner.py,pandas,import,2
data/management/data_manager.py,logging,import,1
data/management/data_manager.py,os,import,2
data/management/data_manager.py,re,import,3
data/management/data_manager.py,time,import,4
data/management/data_manager.py,atexit,import,5
data/management/data_manager.py,contextlib.contextmanager,from,6
data/management/data_manager.py,typing.Any,from,7
data/management/data_manager.py,duckdb,import,9
data/management/data_manager.py,pandas,import,10
data/management/data_manager.py,src.config.unified_config_manager.UnifiedConfigManager,from,12
data/management/data_manager.py,src.core.error_handling.error_handler.ErrorHandler,from,13
data/management/data_manager.py,src.core.error_handling.error_handler.IErrorHandler,from,13
data/management/data_manager.py,src.core.exceptions.DataLoadError,from,14
data/management/data_manager.py,numpy,import,474
data/management/data_manager.py,src.core.system.connection_registry.ConnectionRegistry,from,121
data/management/data_versioning.py,hashlib,import,5
data/management/data_versioning.py,json,import,6
data/management/data_versioning.py,logging,import,7
data/management/data_versioning.py,datetime.datetime,from,8
data/management/data_versioning.py,datetime.timedelta,from,8
data/management/data_versioning.py,pathlib.Path,from,9
data/management/data_versioning.py,typing.Any,from,10
data/management/data_versioning.py,src.utils.path_safety.get_path_safety,from,12
data/quality/data_freshness_checker.py,datetime.datetime,from,6
data/quality/data_freshness_checker.py,datetime.timedelta,from,6
data/quality/data_freshness_checker.py,pandas,import,8
data/quality/data_freshness_checker.py,src.core.logging.logger.ProjectLogger,from,10
data/quality/news_price_availability_filter.py,pandas,import,9
data/quality/news_price_availability_filter.py,src.core.logging.logger.ProjectLogger,from,11
data/quality/news_price_availability_filter.py,datetime.timedelta,from,90
data/quality/temporal_alignment_checker.py,logging,import,5
data/quality/temporal_alignment_checker.py,pandas,import,7
data/quality/temporal_alignment_checker.py,src.core.logging.logger.ProjectLogger,from,9
data/quality/__init__.py,data_freshness_checker.DataFreshnessChecker,from,6
data/quality/__init__.py,data_freshness_checker.check_data_freshness,from,6
data/quality/__init__.py,temporal_alignment_checker.TemporalAlignmentChecker,from,7
data/quality/__init__.py,temporal_alignment_checker.check_temporal_alignment,from,7
data/synthetic/data_generator.py,typing.Any,from,7
data/synthetic/data_generator.py,numpy,import,9
data/synthetic/data_generator.py,pandas,import,10
data/synthetic/data_generator.py,src.config.unified_config_manager.UnifiedConfigManager,from,12
data/synthetic/data_generator.py,src.core.logging.logger.ProjectLogger,from,13
data/validation/event_dataset_validator.py,typing.Any,from,1
data/validation/event_dataset_validator.py,numpy,import,3
data/validation/event_dataset_validator.py,pandas,import,4
data/validation/event_dataset_validator.py,src.core.logging.logger.ProjectLogger,from,6
data/management/connectors/bigquery_connector.py,typing.Any,from,1
data/management/connectors/bigquery_connector.py,pandas,import,3
data/management/connectors/bigquery_connector.py,src.core.logging.logger.ProjectLogger,from,5
data/management/connectors/bigquery_connector.py,src.integrations.data.bigquery_client.BigQueryClient,from,6
data/management/handlers/connection_handler.py,logging,import,1
data/management/handlers/connection_handler.py,os,import,2
data/management/handlers/connection_handler.py,time,import,3
data/management/handlers/connection_handler.py,atexit,import,4
data/management/handlers/connection_handler.py,contextlib.contextmanager,from,5
data/management/handlers/connection_handler.py,duckdb,import,7
devtools/experimentation/run_hyperparameter_tuning.py,numpy,import,3
devtools/experimentation/run_hyperparameter_tuning.py,sklearn.ensemble.RandomForestRegressor,from,4
devtools/experimentation/run_hyperparameter_tuning.py,sklearn.datasets.make_regression,from,5
devtools/experimentation/run_hyperparameter_tuning.py,src.optimization.factory.OptimizationFactory,from,7
devtools/experimentation/run_hyperparameter_tuning.py,src.core.logging.logger.ProjectLogger,from,8
devtools/prototypes/live_trading_ticker_manager.py,pandas,import,13
devtools/prototypes/live_trading_ticker_manager.py,numpy,import,14
devtools/prototypes/live_trading_ticker_manager.py,typing.Dict,from,15
devtools/prototypes/live_trading_ticker_manager.py,typing.List,from,15
devtools/prototypes/live_trading_ticker_manager.py,typing.Optional,from,15
devtools/prototypes/live_trading_ticker_manager.py,typing.Tuple,from,15
devtools/prototypes/live_trading_ticker_manager.py,typing.Any,from,15
devtools/prototypes/live_trading_ticker_manager.py,datetime.datetime,from,16
devtools/prototypes/live_trading_ticker_manager.py,datetime.timedelta,from,16
devtools/prototypes/live_trading_ticker_manager.py,logging,import,17
devtools/prototypes/live_trading_ticker_manager.py,dataclasses.dataclass,from,18
devtools/prototypes/live_trading_ticker_manager.py,config.enhanced_sector_tickers.enhanced_sector_manager,from,21
devtools/prototypes/live_trading_ticker_manager.py,features.nlp.extractors.news_ticker_detector.NewsTickerDetector,from,22
ensembling/ensemble/ensemble_model.py,numpy,import,3
ensembling/ensemble/ensemble_model.py,joblib,import,4
ensembling/ensemble/ensemble_model.py,os,import,5
ensembling/ensemble/ensemble_model.py,sklearn.ensemble.VotingClassifier,from,6
ensembling/ensemble/ensemble_model.py,sklearn.ensemble.VotingRegressor,from,6
ensembling/ensemble/ensemble_model.py,sklearn.metrics.accuracy_score,from,7
ensembling/ensemble/ensemble_model.py,sklearn.metrics.r2_score,from,7
ensembling/ensemble/ensemble_model.py,sklearn.metrics.mean_squared_error,from,7
ensembling/ensemble/ensemble_model.py,sklearn.metrics.f1_score,from,7
ensembling/ensemble/ensemble_model.py,typing.List,from,8
ensembling/ensemble/ensemble_model.py,typing.Tuple,from,8
ensembling/ensemble/ensemble_model.py,typing.Any,from,8
ensembling/ensemble/ensemble_model.py,typing.Optional,from,8
ensembling/ensemble/ensemble_model.py,typing.Type,from,8
ensembling/ensemble/ensemble_model.py,typing.Dict,from,8
ensembling/ensemble/ensemble_model.py,logging,import,9
ensembling/ensemble/ensemble_model.py,importlib,import,10
ensembling/ensemble/ensemble_model.py,src.config.unified_config_manager.UnifiedConfigManager,from,12
ensembling/ensemble/ensemble_model.py,src.models.model_interface.BaseModel,from,13
ensembling/ensemble/__init__.py,stacked_ensemble.EnsembleResult,from,5
ensembling/ensemble/__init__.py,stacked_ensemble.StackedEnsemble,from,5
ensembling/ensemble/__init__.py,stacked_ensemble.ensemble_forecast,from,5
ensembling/ensemble/archive/adaptive_ensemble.py,pandas,import,3
ensembling/ensemble/archive/adaptive_ensemble.py,numpy,import,4
ensembling/ensemble/archive/adaptive_ensemble.py,typing.Dict,from,5
ensembling/ensemble/archive/adaptive_ensemble.py,typing.List,from,5
ensembling/ensemble/archive/adaptive_ensemble.py,typing.Optional,from,5
ensembling/ensemble/archive/adaptive_ensemble.py,typing.Tuple,from,5
ensembling/ensemble/archive/adaptive_ensemble.py,typing.Any,from,5
ensembling/ensemble/archive/adaptive_ensemble.py,datetime.datetime,from,6
ensembling/ensemble/archive/adaptive_ensemble.py,datetime.timedelta,from,6
ensembling/ensemble/archive/adaptive_ensemble.py,utils.logger.ProjectLogger,from,7
ensembling/ensemble/archive/adaptive_ensemble.py,sklearn.metrics.mean_absolute_error,from,8
ensembling/ensemble/archive/adaptive_ensemble.py,sklearn.metrics.r2_score,from,8
ensembling/ensemble/archive/adaptive_ensemble.py,sklearn.metrics.accuracy_score,from,8
ensembling/ensemble/archive/adaptive_ensemble.py,models.ensemble_model.EnsembleModel,from,9
ensembling/ensemble/archive/adaptive_ensemble.py,sklearn.linear_model.LinearRegression,from,211
features/analysis/importance_stability_analyzer.py,datetime.datetime,from,7
features/analysis/importance_stability_analyzer.py,typing.Any,from,8
features/analysis/importance_stability_analyzer.py,numpy,import,10
features/analysis/importance_stability_analyzer.py,src.core.logging.logger.ProjectLogger,from,12
features/analysis/market_conditions_analyzer.py,logging,import,7
features/analysis/market_conditions_analyzer.py,typing.Any,from,8
features/analysis/market_conditions_analyzer.py,numpy,import,10
features/analysis/market_conditions_analyzer.py,pandas,import,11
features/analysis/market_conditions_analyzer.py,src.core.logging.logger.ProjectLogger,from,13
features/analysis/news_decay_modeler.py,json,import,5
features/analysis/news_decay_modeler.py,datetime.datetime,from,6
features/analysis/news_decay_modeler.py,datetime.timedelta,from,6
features/analysis/news_decay_modeler.py,pathlib.Path,from,7
features/analysis/news_decay_modeler.py,typing.Any,from,8
features/analysis/news_decay_modeler.py,numpy,import,10
features/analysis/news_decay_modeler.py,pandas,import,11
features/analysis/news_decay_modeler.py,src.core.logging.logger.ProjectLogger,from,13
features/analysis/news_decay_modeler.py,src.features.analysis.decay.decay_function_registry.DecayFunctionRegistry,from,14
features/analysis/news_decay_modeler.py,src.features.analysis.decay.decay_model_fitter.DecayModelFitter,from,15
features/analysis/news_decay_modeler.py,src.features.analysis.decay.decay_predictor.DecayPredictor,from,16
features/analysis/regime_adapter.py,typing.Any,from,7
features/analysis/regime_adapter.py,src.core.logging.logger.ProjectLogger,from,9
features/analysis/regime_importance_tracker.py,json,import,5
features/analysis/regime_importance_tracker.py,datetime.datetime,from,6
features/analysis/regime_importance_tracker.py,datetime.timedelta,from,6
features/analysis/regime_importance_tracker.py,pathlib.Path,from,7
features/analysis/regime_importance_tracker.py,typing.Any,from,8
features/analysis/regime_importance_tracker.py,numpy,import,10
features/analysis/regime_importance_tracker.py,pandas,import,11
features/analysis/regime_importance_tracker.py,src.core.exceptions.DataProcessingError,from,13
features/analysis/regime_importance_tracker.py,src.core.logging.logger.ProjectLogger,from,14
features/analysis/regime_importance_tracker.py,src.features.analysis.importance_stability_analyzer.ImportanceStabilityAnalyzer,from,15
features/analysis/regime_importance_tracker.py,src.features.analysis.market_conditions_analyzer.MarketConditionsAnalyzer,from,16
features/analysis/regime_importance_tracker.py,src.features.analysis.regime_adapter.RegimeAdapter,from,17
features/analysis/__init__.py,news_decay_modeler.NewsDecayModeler,from,14
features/analysis/__init__.py,news_decay_modeler.fit_news_decay_model_quick,from,14
features/analysis/__init__.py,news_decay_modeler.get_news_decay_modeler,from,14
features/analysis/__init__.py,regime_importance_tracker.RegimeImportanceTracker,from,15
features/analysis/__init__.py,regime_importance_tracker.get_regime_importance_tracker,from,15
features/analysis/__init__.py,regime_importance_tracker.track_regime_importance_quick,from,15
features/builders/news_event_dataset_builder.py,__future__.annotations,from,5
features/builders/news_event_dataset_builder.py,typing.Any,from,7
features/builders/news_event_dataset_builder.py,pandas,import,9
features/builders/news_event_dataset_builder.py,src.core.logging.logger.ProjectLogger,from,11
features/builders/news_event_dataset_builder.py,src.utils.trading_calendar.TradingCalendar,from,12
features/builders/news_event_dataset_builder.py,news_event.candle_seeker.NewsCandleSeeker,from,14
features/builders/news_event_dataset_builder.py,news_event.enricher.NewsGlobalEnricher,from,15
features/builders/news_event_dataset_builder.py,news_event.filter.NewsEventDataFilter,from,18
features/builders/__init__.py,news_event_dataset_builder.NewsEventDatasetBuilder,from,7
features/enrichers/advanced_analytics_enricher.py,typing.Any,from,1
features/enrichers/advanced_analytics_enricher.py,pandas,import,3
features/enrichers/advanced_analytics_enricher.py,src.analytics.calculators.macro_score_calculator.MacroScoreCalculator,from,5
features/enrichers/advanced_analytics_enricher.py,src.analytics.calculators.sentiment_stats_calculator.SentimentStatsCalculator,from,6
features/enrichers/advanced_analytics_enricher.py,src.analytics.context.market_phase_analyzer.MarketPhaseAnalyzer,from,7
features/enrichers/advanced_analytics_enricher.py,src.core.logging.logger.ProjectLogger,from,8
features/enrichers/advanced_analytics_enricher.py,src.features.enrichers.base.BaseEnricher,from,9
features/enrichers/base.py,logging,import,3
features/enrichers/base.py,abc.ABC,from,4
features/enrichers/base.py,abc.abstractmethod,from,4
features/enrichers/base.py,pandas,import,6
features/enrichers/context_map_enricher.py,hashlib,import,1
features/enrichers/context_map_enricher.py,typing.Any,from,2
features/enrichers/context_map_enricher.py,numpy,import,4
features/enrichers/context_map_enricher.py,pandas,import,5
features/enrichers/context_map_enricher.py,src.core.logging.logger.ProjectLogger,from,7
features/enrichers/context_map_enricher.py,base.BaseEnricher,from,9
features/enrichers/context_map_enricher.py,pathlib.Path,from,53
features/enrichers/context_map_enricher.py,yaml,import,55
features/enrichers/decay_features_enricher.py,logging,import,1
features/enrichers/decay_features_enricher.py,typing.Any,from,2
features/enrichers/decay_features_enricher.py,numpy,import,4
features/enrichers/decay_features_enricher.py,pandas,import,5
features/enrichers/decay_features_enricher.py,base.BaseEnricher,from,7
features/enrichers/derived_features_enricher.py,logging,import,1
features/enrichers/derived_features_enricher.py,pandas,import,3
features/enrichers/derived_features_enricher.py,src.analytics.calculators.volatility_calculator.VolatilityCalculator,from,5
features/enrichers/derived_features_enricher.py,src.config.unified_config_manager.get_current_config,from,6
features/enrichers/derived_features_enricher.py,src.features.enrichers.base.BaseEnricher,from,7
features/enrichers/hype_enricher.py,typing.Any,from,1
features/enrichers/hype_enricher.py,pandas,import,3
features/enrichers/hype_enricher.py,src.core.logging.logger.ProjectLogger,from,5
features/enrichers/hype_enricher.py,src.features.enrichers.base.BaseEnricher,from,6
features/enrichers/improved_macro_enricher.py,pandas,import,6
features/enrichers/improved_macro_enricher.py,src.core.logging.logger.ProjectLogger,from,8
features/enrichers/improved_sentiment_enricher.py,pandas,import,6
features/enrichers/improved_sentiment_enricher.py,src.core.logging.logger.ProjectLogger,from,8
features/enrichers/keyword_entity_enricher.py,typing.Any,from,1
features/enrichers/keyword_entity_enricher.py,pandas,import,3
features/enrichers/keyword_entity_enricher.py,src.core.logging.logger.ProjectLogger,from,5
features/enrichers/keyword_entity_enricher.py,src.features.enrichers.base.BaseEnricher,from,6
features/enrichers/keyword_entity_enricher.py,src.features.nlp.extractors.entity_extractor.EntityExtractor,from,7
features/enrichers/keyword_entity_enricher.py,src.features.nlp.extractors.keyword_extractor.KeywordExtractor,from,8
features/enrichers/macro_features_enricher.py,logging,import,1
features/enrichers/macro_features_enricher.py,os,import,2
features/enrichers/macro_features_enricher.py,datetime.datetime,from,3
features/enrichers/macro_features_enricher.py,pathlib.Path,from,4
features/enrichers/macro_features_enricher.py,pandas,import,6
features/enrichers/macro_features_enricher.py,src.config.unified_config_manager.get_current_config,from,8
features/enrichers/macro_features_enricher.py,src.core.logging.logger.ProjectLogger,from,9
features/enrichers/macro_features_enricher.py,src.features.enrichers.base.BaseEnricher,from,10
features/enrichers/macro_features_enricher.py,json,import,68
features/enrichers/macro_features_enricher.py,requests,import,316
features/enrichers/macro_features_enricher.py,requests.adapters.HTTPAdapter,from,317
features/enrichers/macro_features_enricher.py,urllib3.util.retry.Retry,from,318
features/enrichers/market_context_enricher.py,logging,import,7
features/enrichers/market_context_enricher.py,typing.Any,from,8
features/enrichers/market_context_enricher.py,pandas,import,10
features/enrichers/market_context_enricher.py,src.analytics.context.market_context_analyzer.MarketContextAnalyzer,from,12
features/enrichers/market_context_enricher.py,src.core.logging.logger.ProjectLogger,from,13
features/enrichers/market_context_enricher.py,base.BaseEnricher,from,15
features/enrichers/news_impact_enricher.py,logging,import,1
features/enrichers/news_impact_enricher.py,typing.Any,from,2
features/enrichers/news_impact_enricher.py,pandas,import,4
features/enrichers/news_impact_enricher.py,src.analytics.analyzers.news_impact_analyzer.NewsImpactAnalyzer,from,6
features/enrichers/news_impact_enricher.py,src.core.logging.logger.ProjectLogger,from,7
features/enrichers/news_impact_enricher.py,src.features.enrichers.base.BaseEnricher,from,8
features/enrichers/news_quality_enricher.py,typing.Any,from,1
features/enrichers/news_quality_enricher.py,pandas,import,3
features/enrichers/news_quality_enricher.py,src.core.logging.logger.ProjectLogger,from,5
features/enrichers/news_quality_enricher.py,src.features.enrichers.base.BaseEnricher,from,6
features/enrichers/nlp_features_enricher.py,pandas,import,4
features/enrichers/nlp_features_enricher.py,src.config.unified_config_manager.get_current_config,from,6
features/enrichers/nlp_features_enricher.py,src.core.logging.logger.ProjectLogger,from,7
features/enrichers/nlp_features_enricher.py,src.features.enrichers.base.BaseEnricher,from,8
features/enrichers/nlp_features_enricher.py,src.features.nlp.processors.news_analyzer.NewsAnalyzer,from,9
features/enrichers/sentiment_features_enricher.py,numpy,import,2
features/enrichers/sentiment_features_enricher.py,pandas,import,3
features/enrichers/sentiment_features_enricher.py,src.config.unified_config_manager.get_current_config,from,5
features/enrichers/sentiment_features_enricher.py,src.core.logging.logger.ProjectLogger,from,6
features/enrichers/sentiment_features_enricher.py,src.features.enrichers.base.BaseEnricher,from,7
features/enrichers/significance_features_enricher.py,logging,import,2
features/enrichers/significance_features_enricher.py,typing.Any,from,3
features/enrichers/significance_features_enricher.py,pandas,import,5
features/enrichers/significance_features_enricher.py,src.features.enrichers.base.BaseEnricher,from,7
features/enrichers/technical_analysis_enricher.py,logging,import,1
features/enrichers/technical_analysis_enricher.py,pandas,import,3
features/enrichers/technical_analysis_enricher.py,numpy,import,4
features/enrichers/technical_analysis_enricher.py,src.config.unified_config_manager.get_current_config,from,6
features/enrichers/technical_analysis_enricher.py,src.core.logging.logger.ProjectLogger,from,7
features/enrichers/technical_analysis_enricher.py,src.features.utils.technical_indicators_lib.TechnicalIndicators,from,8
features/enrichers/technical_analysis_enricher.py,base.BaseEnricher,from,10
features/enrichers/technical_analysis_enricher.py,src.algorithms.regime_detector.MarketRegimeDetector,from,34
features/enrichers/technical_analysis_enricher.py,src.analytics.calculators.drawdown_calculator.DrawdownCalculator,from,35
features/enrichers/technical_analysis_enricher.py,src.analytics.calculators.econometrics_calculator.EconometricsCalculator,from,36
features/enrichers/technical_analysis_enricher.py,src.analytics.calculators.explainability_calculator.ExplainabilityCalculator,from,37
features/enrichers/technical_analysis_enricher.py,src.analytics.calculators.fama_french_factors.FamaFrenchFactors,from,38
features/enrichers/technical_analysis_enricher.py,src.analytics.calculators.macro_score_calculator.MacroScoreCalculator,from,39
features/enrichers/technical_analysis_enricher.py,src.analytics.calculators.risk_reward_calculator.RiskRewardCalculator,from,40
features/enrichers/technical_analysis_enricher.py,src.analytics.calculators.sentiment_stats_calculator.SentimentStatsCalculator,from,41
features/enrichers/technical_analysis_enricher.py,src.analytics.calculators.volatility_calculator.VolatilityCalculator,from,42
features/enrichers/technical_analysis_enricher.py,numpy,import,398
features/enrichers/technical_analysis_enricher.py,numpy,import,314
features/enrichers/time_features_enricher.py,logging,import,1
features/enrichers/time_features_enricher.py,typing.Any,from,2
features/enrichers/time_features_enricher.py,pandas,import,4
features/enrichers/time_features_enricher.py,src.features.enrichers.base.BaseEnricher,from,6
features/enrichers/time_features_enricher.py,src.features.utils.time_utils.add_time_features,from,7
features/enrichers/volatility_enricher.py,typing.Any,from,1
features/enrichers/volatility_enricher.py,numpy,import,3
features/enrichers/volatility_enricher.py,pandas,import,4
features/enrichers/volatility_enricher.py,src.core.logging.logger.ProjectLogger,from,6
features/enrichers/volatility_enricher.py,base.BaseEnricher,from,8
features/enrichers/volume_enricher.py,typing.Any,from,1
features/enrichers/volume_enricher.py,numpy,import,3
features/enrichers/volume_enricher.py,pandas,import,4
features/enrichers/volume_enricher.py,src.core.logging.logger.ProjectLogger,from,6
features/enrichers/volume_enricher.py,base.BaseEnricher,from,8
features/monitoring/feature_drift_detector.py,json,import,6
features/monitoring/feature_drift_detector.py,pathlib.Path,from,7
features/monitoring/feature_drift_detector.py,typing.Any,from,8
features/monitoring/feature_drift_detector.py,numpy,import,10
features/monitoring/feature_drift_detector.py,pandas,import,11
features/monitoring/feature_drift_detector.py,src.core.logging.logger.ProjectLogger,from,13
features/monitoring/feature_drift_detector.py,evidently.metric_preset.DataDriftPreset,from,19
features/monitoring/feature_drift_detector.py,evidently.report.Report,from,20
features/nlp/deduplication_service.py,pandas,import,3
features/nlp/deduplication_service.py,sklearn.cluster.KMeans,from,4
features/nlp/deduplication_service.py,sklearn.feature_extraction.text.TfidfVectorizer,from,5
features/nlp/deduplication_service.py,src.core.logging.logger.ProjectLogger,from,7
features/selection/enhanced_smart_selector.py,datetime.datetime,from,7
features/selection/enhanced_smart_selector.py,typing.Any,from,8
features/selection/enhanced_smart_selector.py,pandas,import,10
features/selection/enhanced_smart_selector.py,src.config.unified_config_manager.UnifiedConfigManager,from,12
features/selection/enhanced_smart_selector.py,src.config.unified_config_manager.get_current_config,from,12
features/selection/enhanced_smart_selector.py,src.core.logging.logger.ProjectLogger,from,13
features/selection/enhanced_smart_selector.py,src.features.analysis.news_decay_modeler.get_news_decay_modeler,from,14
features/selection/enhanced_smart_selector.py,src.features.analysis.regime_importance_tracker.get_regime_importance_tracker,from,15
features/selection/enhanced_smart_selector.py,src.features.validation.redundancy_detector.get_redundancy_detector,from,16
features/selection/enhanced_smart_selector.py,src.monitoring.data_freshness_monitor.get_data_freshness_monitor,from,17
features/selection/enhanced_smart_selector.py,src.monitoring.feature_drift_monitor.get_feature_drift_monitor,from,20
features/selection/enhanced_smart_selector.py,smart_selector.SmartFeatureSelector,from,23
features/selection/smart_selector.py,json,import,1
features/selection/smart_selector.py,logging,import,2
features/selection/smart_selector.py,os,import,3
features/selection/smart_selector.py,datetime.datetime,from,4
features/selection/smart_selector.py,typing.Any,from,5
features/selection/smart_selector.py,numpy,import,7
features/selection/smart_selector.py,pandas,import,8
features/selection/smart_selector.py,sklearn.feature_selection.mutual_info_classif,from,9
features/selection/smart_selector.py,sklearn.feature_selection.mutual_info_regression,from,9
features/selection/smart_selector.py,src.core.logging.logger.ProjectLogger,from,11
features/selection/smart_selector.py,lightgbm,import,241
features/selection/smart_selector.py,sklearn.ensemble.RandomForestClassifier,from,261
features/selection/smart_selector.py,sklearn.ensemble.RandomForestRegressor,from,261
features/selection/volatility_driver_selector.py,numpy,import,3
features/selection/volatility_driver_selector.py,pandas,import,4
features/selection/volatility_driver_selector.py,sklearn.ensemble.RandomForestRegressor,from,5
features/selection/volatility_driver_selector.py,src.core.logging.logger.ProjectLogger,from,7
features/selection/__init__.py,smart_selector.SmartFeatureSelector,from,14
features/selection/__init__.py,enhanced_smart_selector.EnhancedSmartFeatureSelector,from,17
features/selection/__init__.py,enhanced_smart_selector.get_enhanced_smart_selector,from,17
features/selection/__init__.py,enhanced_smart_selector.select_features_enhanced,from,17
features/utils/adaptive_technical_indicators.py,numpy,import,7
features/utils/adaptive_technical_indicators.py,pandas,import,8
features/utils/adaptive_technical_indicators.py,src.core.logging.logger.ProjectLogger,from,10
features/utils/datetime_utils.py,logging,import,10
features/utils/datetime_utils.py,pandas,import,12
features/utils/hybrid_adaptive_technical_indicators.py,numpy,import,7
features/utils/hybrid_adaptive_technical_indicators.py,pandas,import,8
features/utils/modular_adaptive_technical_indicators.py,typing.Any,from,5
features/utils/modular_adaptive_technical_indicators.py,numpy,import,7
features/utils/modular_adaptive_technical_indicators.py,pandas,import,8
features/utils/modular_adaptive_technical_indicators.py,src.core.logging.logger.ProjectLogger,from,10
features/utils/modular_adaptive_technical_indicators.py,src.utils.data_safety.safe_rolling,from,11
features/utils/simple_adaptive_technical_indicators.py,numpy,import,6
features/utils/simple_adaptive_technical_indicators.py,pandas,import,7
features/utils/technical_indicators_lib.py,numpy,import,4
features/utils/technical_indicators_lib.py,pandas,import,5
features/utils/time_utils.py,logging,import,3
features/utils/time_utils.py,numpy,import,5
features/utils/time_utils.py,pandas,import,6
features/utils/ultimate_adaptive_technical_indicators.py,typing.Any,from,6
features/utils/ultimate_adaptive_technical_indicators.py,numpy,import,8
features/utils/ultimate_adaptive_technical_indicators.py,pandas,import,9
features/validation/feature_leakage_guard.py,json,import,12
features/validation/feature_leakage_guard.py,logging,import,13
features/validation/feature_leakage_guard.py,datetime.datetime,from,14
features/validation/feature_leakage_guard.py,pathlib.Path,from,15
features/validation/feature_leakage_guard.py,pandas,import,17
features/validation/feature_leakage_guard.py,src.core.logging.logger.ProjectLogger,from,19
features/validation/redundancy_detector.py,typing.Any,from,7
features/validation/redundancy_detector.py,numpy,import,9
features/validation/redundancy_detector.py,pandas,import,10
features/validation/redundancy_detector.py,sklearn.cluster.AgglomerativeClustering,from,11
features/validation/redundancy_detector.py,sklearn.linear_model.LinearRegression,from,12
features/validation/redundancy_detector.py,sklearn.preprocessing.StandardScaler,from,13
features/validation/redundancy_detector.py,src.core.logging.logger.ProjectLogger,from,15
features/validation/__init__.py,feature_leakage_guard.FeatureLeakageGuard,from,2
features/validation/__init__.py,feature_leakage_guard.LeakageReport,from,2
features/validation/__init__.py,feature_leakage_guard.get_leakage_guard,from,2
features/validation/__init__.py,redundancy_detector.RedundancyDetector,from,3
features/validation/__init__.py,redundancy_detector.eliminate_redundancy_quick,from,3
features/validation/__init__.py,redundancy_detector.get_redundancy_detector,from,3
features/analysis/decay/decay_function_registry.py,typing.Any,from,7
features/analysis/decay/decay_function_registry.py,numpy,import,9
features/analysis/decay/decay_function_registry.py,src.core.logging.logger.ProjectLogger,from,11
features/analysis/decay/decay_model_fitter.py,typing.Any,from,7
features/analysis/decay/decay_model_fitter.py,numpy,import,9
features/analysis/decay/decay_model_fitter.py,pandas,import,10
features/analysis/decay/decay_model_fitter.py,scipy.optimize.minimize,from,11
features/analysis/decay/decay_model_fitter.py,sklearn.metrics.mean_absolute_error,from,12
features/analysis/decay/decay_model_fitter.py,sklearn.metrics.mean_squared_error,from,12
features/analysis/decay/decay_model_fitter.py,src.core.logging.logger.ProjectLogger,from,14
features/analysis/decay/decay_predictor.py,datetime.timedelta,from,7
features/analysis/decay/decay_predictor.py,typing.Any,from,8
features/analysis/decay/decay_predictor.py,numpy,import,10
features/analysis/decay/decay_predictor.py,pandas,import,11
features/analysis/decay/decay_predictor.py,src.core.logging.logger.ProjectLogger,from,13
features/builders/news_event/candle_seeker.py,typing.Any,from,5
features/builders/news_event/candle_seeker.py,pandas,import,7
features/builders/news_event/candle_seeker.py,src.core.logging.logger.ProjectLogger,from,9
features/builders/news_event/enricher.py,typing.Any,from,5
features/builders/news_event/enricher.py,pandas,import,7
features/builders/news_event/enricher.py,src.core.logging.logger.ProjectLogger,from,9
features/builders/news_event/filter.py,pandas,import,6
features/builders/news_event/filter.py,src.core.logging.logger.ProjectLogger,from,8
features/nlp/extractors/entity_extractor.py,logging,import,4
features/nlp/extractors/entity_extractor.py,collections.abc.Iterable,from,5
features/nlp/extractors/entity_extractor.py,typing.Any,from,6
features/nlp/extractors/entity_extractor.py,spacy,import,37
features/nlp/extractors/keyword_extractor.py,logging,import,4
features/nlp/extractors/keyword_extractor.py,re,import,5
features/nlp/extractors/news_ticker_detector.py,logging,import,6
features/nlp/extractors/news_ticker_detector.py,collections.defaultdict,from,7
features/nlp/extractors/news_ticker_detector.py,src.core.logging.logger.ProjectLogger,from,9
features/nlp/models/finbert_pipeline.py,threading.Lock,from,3
features/nlp/models/finbert_pipeline.py,typing.Any,from,4
features/nlp/models/finbert_pipeline.py,src.core.logging.logger.ProjectLogger,from,6
features/nlp/models/finbert_pipeline.py,torch,import,31
features/nlp/models/finbert_pipeline.py,transformers.AutoModelForSequenceClassification,from,32
features/nlp/models/finbert_pipeline.py,transformers.AutoTokenizer,from,32
features/nlp/models/finbert_pipeline.py,transformers.pipeline,from,32
features/nlp/models/roberta_sentiment.py,logging,import,1
features/nlp/models/roberta_sentiment.py,typing.Any,from,2
features/nlp/models/roberta_sentiment.py,torch,import,11
features/nlp/models/roberta_sentiment.py,transformers,import,18
features/nlp/models/sentiment_core.py,hashlib,import,2
features/nlp/models/sentiment_core.py,logging,import,3
features/nlp/models/sentiment_core.py,src.config.sentiment_config.SENTIMENT_DEFAULTS,from,5
features/nlp/models/sentiment_core.py,src.core.logging.logger.ProjectLogger,from,6
features/nlp/models/sentiment_core.py,src.features.nlp.scoring.news_score.compute_news_score,from,7
features/nlp/models/sentiment_core.py,transformers.AutoModelForSequenceClassification,from,12
features/nlp/processors/article_processor.py,logging,import,3
features/nlp/processors/article_processor.py,typing.Any,from,4
features/nlp/processors/article_processor.py,src.features.nlp.extractors.keyword_extractor.KeywordExtractor,from,6
features/nlp/processors/article_processor.py,src.features.nlp.models.roberta_sentiment.RobertaSentimentAnalyzer,from,9
features/nlp/processors/article_processor.py,src.features.nlp.scoring.news_scorer.NewsScorer,from,10
features/nlp/processors/article_processor.py,src.features.nlp.scoring.simple_sentiment.SimpleSentimentAnalyzer,from,13
features/nlp/processors/article_processor.py,src.features.nlp.scoring.summarizer.Summarizer,from,14
features/nlp/processors/news_analyzer.py,numpy,import,4
features/nlp/processors/news_analyzer.py,pandas,import,5
features/nlp/processors/news_analyzer.py,sklearn.cluster.KMeans,from,6
features/nlp/processors/news_analyzer.py,sklearn.feature_extraction.text.TfidfVectorizer,from,7
features/nlp/processors/news_analyzer.py,textblob.TextBlob,from,8
features/nlp/processors/news_analyzer.py,src.core.logging.logger.ProjectLogger,from,10
features/nlp/processors/news_harmonizer.py,logging,import,1
features/nlp/processors/news_harmonizer.py,pandas,import,3
features/nlp/processors/news_harmonizer.py,src.config.unified_config_manager.get_current_config,from,5
features/nlp/processors/news_harmonizer.py,src.core.logging.logger.ProjectLogger,from,6
features/nlp/processors/news_processing.py,os,import,3
features/nlp/processors/news_processing.py,datetime.datetime,from,4
features/nlp/processors/news_processing.py,numpy,import,6
features/nlp/processors/news_processing.py,pandas,import,7
features/nlp/processors/news_processing.py,src.core.logging.logger.ProjectLogger,from,9
features/nlp/processors/news_processing.py,sklearn.cluster.KMeans,from,65
features/nlp/processors/news_processing.py,sklearn.feature_extraction.text.TfidfVectorizer,from,66
features/nlp/processors/news_processing.py,textblob.TextBlob,from,93
features/nlp/scoring/keyword_features.py,typing.Any,from,3
features/nlp/scoring/keyword_features.py,pandas,import,5
features/nlp/scoring/keyword_features.py,src.core.logging.logger.ProjectLogger,from,7
features/nlp/scoring/news_score.py,src.core.logging.logger.ProjectLogger,from,4
features/nlp/scoring/news_scorer.py,logging,import,3
features/nlp/scoring/news_scorer.py,math,import,4
features/nlp/scoring/news_scorer.py,typing.Any,from,5
features/nlp/scoring/simple_sentiment.py,logging,import,4
features/nlp/scoring/simple_sentiment.py,re,import,5
features/nlp/scoring/simple_sentiment.py,typing.Any,from,6
features/nlp/scoring/summarizer.py,logging,import,4
features/nlp/scoring/summarizer.py,typing.Any,from,5
features/nlp/scoring/summarizer.py,transformers.pipeline,from,10
features/nlp/scoring/summarizer.py,torch,import,49
features/nlp/utils/gdelt_utils.py,pandas,import,3
features/nlp/utils/gdelt_utils.py,keyword_features.KeywordExtractor,from,5
features/nlp/utils/mention_utils.py,logging,import,3
features/nlp/utils/mention_utils.py,typing.Any,from,4
features/nlp/utils/mention_utils.py,src.features.nlp.keyword_extractor.KeywordExtractor,from,6
feature_engineering/transformers/transformers.py,__future__.annotations,from,1
feature_engineering/transformers/transformers.py,typing.Any,from,3
feature_engineering/transformers/transformers.py,collections.abc.Iterable,from,5
feature_engineering/transformers/transformers.py,dataclasses.dataclass,from,6
feature_engineering/transformers/transformers.py,dataclasses.field,from,6
feature_engineering/transformers/transformers.py,pandas,import,8
feature_engineering/transformers/transformers.py,sklearn.preprocessing.MinMaxScaler,from,9
feature_engineering/transformers/transformers.py,sklearn.preprocessing.StandardScaler,from,9
feature_engineering/transformers/__init__.py,src.feature_engineering.transformers.transformers.MinMaxScalerTransformer,from,1
feature_engineering/transformers/__init__.py,src.feature_engineering.transformers.transformers.StandardScalerTransformer,from,1
integrations/data/bigquery_client.py,os,import,1
integrations/data/bigquery_client.py,random,import,2
integrations/data/bigquery_client.py,datetime.datetime,from,3
integrations/data/bigquery_client.py,datetime.timedelta,from,3
integrations/data/bigquery_client.py,typing.Any,from,4
integrations/data/bigquery_client.py,numpy,import,6
integrations/data/bigquery_client.py,pandas,import,7
integrations/data/bigquery_client.py,google.auth.exceptions.DefaultCredentialsError,from,8
integrations/data/bigquery_client.py,google.cloud.bigquery,from,9
integrations/data/bigquery_client.py,pandas_gbq.gbq.GenericGBQException,from,10
integrations/data/bigquery_client.py,src.core.base_integration.BaseIntegration,from,12
integrations/data/bigquery_client.py,src.core.logging.logger.ProjectLogger,from,13
integrations/data/bigquery_client.py,src.config.unified_config_manager.get_current_config,from,182
integrations/data/bigquery_client.py,src.config.unified_config_manager.get_current_config,from,195
integrations/infra/github_actions.py,json,import,5
integrations/infra/github_actions.py,subprocess,import,6
integrations/infra/github_actions.py,ast,import,7
integrations/infra/github_actions.py,datetime.datetime,from,8
integrations/infra/github_actions.py,pathlib.Path,from,9
integrations/infra/github_actions.py,typing.Dict,from,10
integrations/infra/github_actions.py,typing.List,from,10
integrations/infra/github_actions.py,typing.Optional,from,10
integrations/infra/github_actions.py,typing.Any,from,10
integrations/infra/github_actions.py,abc.ABC,from,11
integrations/infra/github_actions.py,src.core.reporting.results_manager.ResultsManager,from,13
integrations/infra/github_actions.py,src.integrations.base.BaseIntegration,from,14
integrations/infra/github_actions.py,src.core.logging.logger.ProjectLogger,from,15
main/modes/backtest.py,typing.Any,from,5
main/modes/backtest.py,pandas,import,7
main/modes/backtest.py,src.backtesting.advanced.advanced_engine.BiasDetector,from,9
main/modes/backtest.py,src.backtesting.advanced.advanced_engine.WalkForwardOptimizer,from,9
main/modes/backtest.py,src.core.logging.logger.ProjectLogger,from,10
main/modes/backtest.py,src.metrics.calculator.MetricsCalculator,from,11
main/modes/backtest.py,src.pipeline.pipeline_orchestrator.PipelineOrchestrator,from,12
main/modes/backtest.py,src.trading.virtual_portfolio.VirtualPortfolio,from,13
main/modes/backtest.py,base.BaseMode,from,15
main/modes/base.py,abc.ABC,from,6
main/modes/base.py,abc.abstractmethod,from,6
main/modes/base.py,typing.Any,from,7
main/modes/base.py,src.config.unified_config_manager.UnifiedConfigManager,from,9
main/modes/base.py,src.core.logging.logger.ProjectLogger,from,10
main/modes/base.py,src.config.unified_config_manager.get_current_config,from,26
main/modes/intelligent.py,logging,import,6
main/modes/intelligent.py,typing.Any,from,7
main/modes/intelligent.py,typing.cast,from,7
main/modes/intelligent.py,src.main.system_orchestrator.SystemOrchestrator,from,9
main/modes/intelligent.py,asyncio,import,30
main/modes/intelligent.py,nest_asyncio,import,39
main/modes/monster_test.py,logging,import,7
main/modes/monster_test.py,typing.Any,from,8
main/modes/monster_test.py,numpy,import,10
main/modes/monster_test.py,pandas,import,11
main/modes/monster_test.py,src.main.modes.base.BaseMode,from,13
main/modes/monster_test.py,src.pipeline.pipeline_orchestrator.PipelineOrchestrator,from,14
main/modes/monster_test.py,src.simulation.simulation_engine.SimulationEngine,from,15
main/modes/monster_test.py,datetime.datetime,from,56
main/modes/monster_test.py,src.simulation.simulation_engine.SimulationContext,from,58
main/modes/monster_test.py,src.simulation.simulation_engine.SimulationGranularity,from,58
main/modes/predict.py,asyncio,import,7
main/modes/predict.py,inspect,import,8
main/modes/predict.py,typing.Any,from,9
main/modes/predict.py,src.config.unified_config_manager.UnifiedConfigManager,from,11
main/modes/predict.py,src.main.modes.base.BaseMode,from,12
main/modes/predict.py,src.pipeline.pipeline_orchestrator.PipelineOrchestrator,from,13
main/modes/train.py,asyncio,import,6
main/modes/train.py,inspect,import,7
main/modes/train.py,typing.Any,from,8
main/modes/train.py,src.core.logging.logger.ProjectLogger,from,10
main/modes/train.py,src.main.modes.base.BaseMode,from,11
main/modes/train.py,src.pipeline.pipeline_orchestrator.PipelineOrchestrator,from,12
main/modes/training_data_pipeline.py,asyncio,import,9
main/modes/training_data_pipeline.py,pathlib.Path,from,10
main/modes/training_data_pipeline.py,src.config.unified_config_manager.UnifiedConfigManager,from,12
main/modes/training_data_pipeline.py,src.core.error_handling.error_handler.ErrorHandler,from,13
main/modes/training_data_pipeline.py,src.core.logging.logger.ProjectLogger,from,14
main/modes/training_data_pipeline.py,src.data.management.data_manager.DataManager,from,15
main/modes/training_data_pipeline.py,src.features.feature_orchestrator.FeatureOrchestrator,from,16
main/modes/training_data_pipeline.py,src.pipeline.stages.stage_1_collection.CollectionStage,from,17
main/modes/training_data_pipeline.py,src.targets.target_orchestrator.TargetOrchestrator,from,19
main/modes/training_data_pipeline.py,src.config.unified_config_manager.get_current_config,from,83
main/modes/web_ui.py,http.server,import,5
main/modes/web_ui.py,json,import,6
main/modes/web_ui.py,socketserver,import,7
main/modes/web_ui.py,datetime.datetime,from,8
main/modes/web_ui.py,typing.Any,from,9
main/modes/web_ui.py,src.main.modes.base.BaseMode,from,11
main/modes/web_ui.py,random,import,225
main/modes/web_ui.py,src.monitoring.ModelPerformanceMonitor,from,22
main/modes/__init__.py,base.BaseMode,from,28
main/modes/__init__.py,backtest.BacktestMode,from,31
main/modes/__init__.py,monster_test.MonsterTestMode,from,34
main/modes/__init__.py,train.TrainMode,from,37
meta_learning/awareness/context_engine.py,context.manager.ContextAwarenessEngine,from,6
meta_learning/evolution/dual_loops.py,json,import,21
meta_learning/evolution/dual_loops.py,sqlite3,import,22
meta_learning/evolution/dual_loops.py,dataclasses.dataclass,from,23
meta_learning/evolution/dual_loops.py,datetime.datetime,from,24
meta_learning/evolution/dual_loops.py,enum.Enum,from,25
meta_learning/evolution/dual_loops.py,typing.Any,from,26
meta_learning/evolution/dual_loops.py,pandas,import,28
meta_learning/evolution/dual_loops.py,src.analytics.arena.arena_battle.get_trading_arena,from,30
meta_learning/evolution/dual_loops.py,src.config.unified_config_manager.UnifiedConfigManager,from,31
meta_learning/evolution/dual_loops.py,src.core.logging.logger.ProjectLogger,from,32
meta_learning/evolution/dual_loops.py,src.data.management.data_manager.DataManager,from,33
meta_learning/evolution/dual_loops.py,src.devtools.rule_generator.ContextRuleGenerator,from,34
meta_learning/evolution/dual_loops.py,src.meta_learning.base.BaseMetaComponent,from,35
meta_learning/evolution/dual_loops.py,src.meta_learning.memory.diary_engine.DiaryEngine,from,36
meta_learning/memory/contextual_weight_calculator.py,logging,import,10
meta_learning/memory/contextual_weight_calculator.py,dataclasses.dataclass,from,11
meta_learning/memory/contextual_weight_calculator.py,pandas,import,13
meta_learning/memory/contextual_weight_calculator.py,src.core.logging.logger.ProjectLogger,from,15
meta_learning/memory/diary_engine.py,json,import,15
meta_learning/memory/diary_engine.py,logging,import,16
meta_learning/memory/diary_engine.py,sys,import,17
meta_learning/memory/diary_engine.py,uuid,import,18
meta_learning/memory/diary_engine.py,collections.deque,from,19
meta_learning/memory/diary_engine.py,dataclasses.dataclass,from,20
meta_learning/memory/diary_engine.py,dataclasses.field,from,20
meta_learning/memory/diary_engine.py,datetime.UTC,from,21
meta_learning/memory/diary_engine.py,datetime.datetime,from,21
meta_learning/memory/diary_engine.py,enum.Enum,from,22
meta_learning/memory/diary_engine.py,typing.Any,from,23
meta_learning/memory/diary_engine.py,numpy,import,25
meta_learning/memory/diary_engine.py,pandas,import,26
meta_learning/memory/diary_engine.py,src.config.unified_config_manager.get_current_config,from,28
meta_learning/memory/diary_engine.py,src.core.logging.logger.ProjectLogger,from,29
meta_learning/memory/diary_engine.py,src.meta_learning.base.BaseMetaComponent,from,30
meta_learning/memory/diary_engine.py,uuid,import,242
meta_learning/memory/diary_engine.py,src.data.management.data_manager.DataManager,from,93
meta_learning/memory/diary_engine.py,uuid,import,269
meta_learning/memory/diary_engine.py,src.meta_learning.memory.contextual_weight_calculator.ContextualWeightCalculator,from,112
meta_learning/memory/diary_engine.py,src.meta_learning.memory.knn_context_finder.KnnContextFinder,from,113
meta_learning/memory/knn_context_finder.py,logging,import,9
meta_learning/memory/knn_context_finder.py,pandas,import,11
meta_learning/memory/knn_context_finder.py,src.core.logging.logger.ProjectLogger,from,13
meta_learning/memory/knn_context_finder.py,src.meta_learning.memory.contextual_weight_calculator.ContextualWeightCalculator,from,14
meta_learning/memory/knn_context_finder.py,src.analytics.analyzers.knn_similarity_finder.KnnSimilarityFinder,from,100
meta_learning/memory/knn_context_finder.py,src.analytics.analyzers.knn_similarity_finder.KnnSimilarityFinder,from,265
meta_learning/security/agent_permissions.py,json,import,7
meta_learning/security/agent_permissions.py,dataclasses.dataclass,from,8
meta_learning/security/agent_permissions.py,datetime.datetime,from,9
meta_learning/security/agent_permissions.py,datetime.timedelta,from,9
meta_learning/security/agent_permissions.py,enum.Enum,from,10
meta_learning/security/agent_permissions.py,pathlib.Path,from,11
meta_learning/security/agent_permissions.py,threading.RLock,from,12
meta_learning/security/agent_permissions.py,typing.Any,from,13
meta_learning/security/agent_permissions.py,src.core.logging.logger.ProjectLogger,from,15
meta_learning/security/constraint_engine.py,collections.abc.Callable,from,8
meta_learning/security/constraint_engine.py,dataclasses.dataclass,from,9
meta_learning/security/constraint_engine.py,dataclasses.field,from,9
meta_learning/security/constraint_engine.py,datetime.datetime,from,10
meta_learning/security/constraint_engine.py,datetime.timedelta,from,10
meta_learning/security/constraint_engine.py,enum.Enum,from,11
meta_learning/security/constraint_engine.py,threading.RLock,from,12
meta_learning/security/constraint_engine.py,typing.Any,from,13
meta_learning/security/constraint_engine.py,src.core.error_handling.error_handler.ErrorHandler,from,15
meta_learning/security/constraint_engine.py,src.core.error_handling.error_handler.IErrorHandler,from,15
meta_learning/security/constraint_engine.py,src.core.logging.logger.ProjectLogger,from,16
meta_learning/security/constraint_engine.py,src.meta_learning.security.constraint_validators.ConstraintValidators,from,17
meta_learning/security/constraint_validators.py,datetime.datetime,from,9
meta_learning/security/constraint_validators.py,datetime.timedelta,from,9
meta_learning/security/constraint_validators.py,typing.Any,from,10
meta_learning/security/constraint_validators.py,src.core.error_handling.error_handler.ErrorHandler,from,12
meta_learning/security/constraint_validators.py,src.core.error_handling.error_handler.IErrorHandler,from,12
meta_learning/security/constraint_validators.py,src.core.logging.logger.ProjectLogger,from,13
meta_learning/awareness/context/analyzer.py,typing.Any,from,1
meta_learning/awareness/context/analyzer.py,numpy,import,3
meta_learning/awareness/context/analyzer.py,src.core.logging.logger.ProjectLogger,from,5
meta_learning/awareness/context/analyzer.py,models.EventImpact,from,7
meta_learning/awareness/context/analyzer.py,models.MarketContext,from,7
meta_learning/awareness/context/analyzer.py,models.MarketEvent,from,7
meta_learning/awareness/context/analyzer.py,models.MarketRegime,from,7
meta_learning/awareness/context/manager.py,datetime.datetime,from,1
meta_learning/awareness/context/manager.py,typing.Any,from,2
meta_learning/awareness/context/manager.py,src.core.logging.logger.ProjectLogger,from,4
meta_learning/awareness/context/manager.py,src.meta_learning.base.BaseMetaComponent,from,5
meta_learning/awareness/context/manager.py,analyzer.ContextAnalyzer,from,7
meta_learning/awareness/context/manager.py,models.MarketContext,from,8
meta_learning/awareness/context/manager.py,scanner.EventScanner,from,9
meta_learning/awareness/context/manager.py,storage.ContextStorage,from,10
meta_learning/awareness/context/models.py,dataclasses.dataclass,from,1
meta_learning/awareness/context/models.py,datetime.datetime,from,2
meta_learning/awareness/context/models.py,enum.Enum,from,3
meta_learning/awareness/context/models.py,typing.Any,from,4
meta_learning/awareness/context/scanner.py,src.core.logging.logger.ProjectLogger,from,2
meta_learning/awareness/context/scanner.py,models.MarketEvent,from,4
meta_learning/awareness/context/storage.py,json,import,1
meta_learning/awareness/context/storage.py,sqlite3,import,2
meta_learning/awareness/context/storage.py,datetime.datetime,from,3
meta_learning/awareness/context/storage.py,datetime.timedelta,from,3
meta_learning/awareness/context/storage.py,src.core.logging.logger.ProjectLogger,from,5
meta_learning/awareness/context/storage.py,models.EventImpact,from,7
meta_learning/awareness/context/storage.py,models.EventType,from,7
meta_learning/awareness/context/storage.py,models.MarketContext,from,7
meta_learning/awareness/context/storage.py,models.MarketEvent,from,7
meta_learning/awareness/context/__init__.py,analyzer.ContextAnalyzer,from,1
meta_learning/awareness/context/__init__.py,manager.ContextAwarenessEngine,from,2
meta_learning/awareness/context/__init__.py,models.EventImpact,from,3
meta_learning/awareness/context/__init__.py,models.EventType,from,3
meta_learning/awareness/context/__init__.py,models.MarketContext,from,3
meta_learning/awareness/context/__init__.py,models.MarketEvent,from,3
meta_learning/awareness/context/__init__.py,models.MarketRegime,from,3
meta_learning/awareness/context/__init__.py,scanner.EventScanner,from,4
meta_learning/awareness/context/__init__.py,storage.ContextStorage,from,5
meta_learning/evolution/optimization/bayesian_optimizer.py,numpy,import,2
meta_learning/evolution/optimization/bayesian_optimizer.py,sklearn.model_selection.TimeSeriesSplit,from,3
meta_learning/evolution/optimization/bayesian_optimizer.py,sklearn.model_selection.cross_val_score,from,3
meta_learning/evolution/optimization/bayesian_optimizer.py,logging,import,4
meta_learning/evolution/optimization/bayesian_optimizer.py,optuna,import,7
metrics/financial/financial_metrics_library.py,typing.Any,from,7
metrics/financial/financial_metrics_library.py,numpy,import,9
metrics/financial/financial_metrics_library.py,pandas,import,10
metrics/financial/financial_metrics_library.py,statsmodels.tsa.api.VAR,from,11
metrics/financial/financial_metrics_library.py,statsmodels.tsa.stattools.adfuller,from,12
metrics/financial/financial_metrics_library.py,statsmodels.tsa.stattools.grangercausalitytests,from,12
metrics/financial/financial_metrics_library.py,src.core.logging.logger.ProjectLogger,from,14
metrics/financial/financial_metrics_library.py,src.metrics.utils.calculation_tools.adjust_for_risk_free_rate,from,17
metrics/financial/financial_metrics_library.py,src.metrics.utils.calculation_tools.annualize_returns,from,17
metrics/financial/portfolio_metrics.py,typing.Any,from,1
metrics/financial/portfolio_metrics.py,numpy,import,3
metrics/financial/portfolio_metrics.py,pandas,import,4
metrics/financial/portfolio_metrics.py,src.config.unified_config_manager.get_current_config,from,6
metrics/financial/portfolio_metrics.py,src.core.logging.logger.ProjectLogger,from,7
metrics/financial/portfolio_metrics.py,src.metrics.base.BaseMetricCalculator,from,8
metrics/model/ml_evaluator.py,typing.Any,from,1
metrics/model/ml_evaluator.py,numpy,import,3
metrics/model/ml_evaluator.py,pandas,import,4
metrics/model/ml_evaluator.py,sklearn.metrics.accuracy_score,from,5
metrics/model/ml_evaluator.py,sklearn.metrics.f1_score,from,5
metrics/model/ml_evaluator.py,sklearn.metrics.log_loss,from,5
metrics/model/ml_evaluator.py,sklearn.metrics.mean_absolute_error,from,5
metrics/model/ml_evaluator.py,sklearn.metrics.mean_squared_error,from,5
metrics/model/ml_evaluator.py,sklearn.metrics.precision_score,from,5
metrics/model/ml_evaluator.py,sklearn.metrics.r2_score,from,5
metrics/model/ml_evaluator.py,sklearn.metrics.recall_score,from,5
metrics/model/ml_evaluator.py,sklearn.metrics.roc_auc_score,from,5
metrics/model/ml_evaluator.py,src.core.logging.logger.ProjectLogger,from,17
metrics/model/ml_evaluator.py,src.metrics.base.BaseMetricCalculator,from,18
metrics/utils/calculation_tools.py,numpy,import,6
metrics/utils/calculation_tools.py,pandas,import,7
metrics/utils/calculation_tools.py,src.core.logging.logger.ProjectLogger,from,9
models/actions/action_trigger.py,typing.Any,from,7
models/actions/action_trigger.py,src.core.exceptions.DataProcessingError,from,9
models/actions/action_trigger.py,src.core.logging.logger.ProjectLogger,from,10
models/adapters/adapters.py,pandas,import,3
models/adapters/adapters.py,numpy,import,4
models/adapters/adapters.py,typing.Dict,from,5
models/adapters/adapters.py,typing.Any,from,5
models/adapters/adapters.py,logging,import,6
models/adapters/adapters.py,interfaces.BaseModel,from,9
models/adapters/adapters.py,src.training.light_model_trainer.LightModelTrainer,from,19
models/adapters/adapters.py,joblib,import,59
models/adapters/adapters.py,joblib,import,71
models/adapters/adapters.py,src.training.light_model_trainer.LightModelTrainer,from,81
models/adapters/adapters.py,utils.colab_manager.ColabManager,from,99
models/adapters/categorical_helper.py,pandas,import,1
models/adapters/categorical_helper.py,sklearn.preprocessing.LabelEncoder,from,2
models/adapters/data_preparation.py,logging,import,1
models/adapters/data_preparation.py,typing.Any,from,2
models/adapters/data_preparation.py,numpy,import,5
models/adapters/data_preparation.py,pandas,import,6
models/adapters/data_preparation.py,scipy.stats.kurtosis,from,7
models/adapters/data_preparation.py,scipy.stats.skew,from,7
models/adapters/data_preparation.py,sklearn.impute.SimpleImputer,from,8
models/adapters/data_preparation.py,sklearn.preprocessing.LabelEncoder,from,9
models/adapters/data_preparation.py,sklearn.preprocessing.StandardScaler,from,9
models/adapters/data_preparation.py,src.core.exceptions.DataProcessingError,from,11
models/adapters/data_preparation.py,src.core.logging.logger.ProjectLogger,from,12
models/adapters/sentiment_integration.py,typing.Any,from,3
models/adapters/sentiment_integration.py,numpy,import,5
models/adapters/sentiment_integration.py,pandas,import,6
models/adapters/sentiment_integration.py,src.core.exceptions.DataProcessingError,from,8
models/adapters/sentiment_integration.py,src.core.logging.logger.ProjectLogger,from,9
models/adapters/sentiment_integration.py,src.sentiment.sentiment_models.aggregate_sentiment,from,10
models/adapters/sentiment_integration.py,src.sentiment.sentiment_models.analyze_sentiment,from,10
models/adapters/sentiment_integration.py,src.sentiment.sentiment_models.get_finbert_pipeline,from,10
models/adapters/unified_model_adapter.py,typing.Any,from,7
models/adapters/unified_model_adapter.py,numpy,import,9
models/adapters/unified_model_adapter.py,pandas,import,10
models/adapters/unified_model_adapter.py,src.config.unified_config_manager.get_current_config,from,12
models/adapters/unified_model_adapter.py,src.core.exceptions.DataProcessingError,from,13
models/adapters/unified_model_adapter.py,src.core.logging.logger.ProjectLogger,from,14
models/adapters/unified_model_adapter.py,src.features.feature_selector.FeatureSelector,from,15
models/adapters/unified_model_adapter.py,src.models.constants,from,16
models/analysis/baseline_dominance_detector.py,datetime.datetime,from,7
models/analysis/baseline_dominance_detector.py,typing.Any,from,8
models/analysis/baseline_dominance_detector.py,pandas,import,10
models/analysis/baseline_dominance_detector.py,src.core.exceptions.DataProcessingError,from,12
models/analysis/baseline_dominance_detector.py,src.core.logging.logger.ProjectLogger,from,13
models/analysis/baseline_dominance_detector.py,src.models.analysis.baseline.comparison.BaselineComparisonEngine,from,14
models/analysis/baseline_dominance_detector.py,src.models.analysis.baseline.recommendations.BaselineRecommendationEngine,from,15
models/analysis/baseline_dominance_detector.py,baselines.BuyAndHoldBaseline,from,47
models/analysis/baseline_dominance_detector.py,baselines.LinearRegressionBaseline,from,47
models/analysis/baseline_dominance_detector.py,baselines.MeanReversionBaseline,from,47
models/analysis/baseline_dominance_detector.py,baselines.MovingAverageBaseline,from,47
models/analysis/baseline_dominance_detector.py,baselines.SimpleRandomForestBaseline,from,47
models/analysis/model_analyzer.py,typing.Any,from,7
models/analysis/model_analyzer.py,numpy,import,9
models/analysis/model_analyzer.py,pandas,import,10
models/analysis/model_analyzer.py,sklearn.metrics.mean_absolute_error,from,11
models/analysis/model_analyzer.py,sklearn.metrics.mean_squared_error,from,11
models/analysis/model_analyzer.py,sklearn.metrics.r2_score,from,11
models/analysis/model_analyzer.py,src.core.exceptions.DataProcessingError,from,13
models/analysis/model_analyzer.py,src.core.logging.logger.ProjectLogger,from,14
models/analysis/model_analyzer.py,src.models.analysis.baseline_dominance_detector.BaselineDominanceDetector,from,15
models/analysis/model_analyzer.py,src.models.analysis.overfitting_detector.OverfittingDetector,from,16
models/analysis/model_analyzer.py,src.models.analysis.regime_winner_analyzer.RegimeWinnerAnalyzer,from,17
models/analysis/model_analyzer.py,src.models.monitoring.prediction_drift_monitor.PredictionDriftMonitor,from,18
models/analysis/model_health_analyzer.py,datetime.datetime,from,1
models/analysis/model_health_analyzer.py,typing.Any,from,2
models/analysis/model_health_analyzer.py,numpy,import,4
models/analysis/model_health_analyzer.py,pandas,import,5
models/analysis/model_health_analyzer.py,src.core.logging.logger.ProjectLogger,from,7
models/analysis/model_health_analyzer.py,src.models.analysis.baseline_dominance_detector.BaselineDominanceDetector,from,8
models/analysis/model_health_analyzer.py,src.models.analysis.overfitting_detector.OverfittingDetector,from,9
models/analysis/model_health_analyzer.py,src.models.analysis.regime_winner_analyzer.RegimeWinnerAnalyzer,from,10
models/analysis/model_health_analyzer.py,src.models.monitoring.prediction_drift_monitor.PredictionDriftMonitor,from,11
models/analysis/overfitting_detector.py,typing.Any,from,7
models/analysis/overfitting_detector.py,pandas,import,9
models/analysis/overfitting_detector.py,overfitting_detection.manager.OverfittingDetector,from,11
models/analysis/regime_winner_analyzer.py,json,import,5
models/analysis/regime_winner_analyzer.py,collections.defaultdict,from,6
models/analysis/regime_winner_analyzer.py,datetime.datetime,from,7
models/analysis/regime_winner_analyzer.py,datetime.timedelta,from,7
models/analysis/regime_winner_analyzer.py,pathlib.Path,from,8
models/analysis/regime_winner_analyzer.py,typing.Any,from,9
models/analysis/regime_winner_analyzer.py,numpy,import,11
models/analysis/regime_winner_analyzer.py,pandas,import,12
models/analysis/regime_winner_analyzer.py,src.core.logging.logger.ProjectLogger,from,14
models/analysis/regime_winner_analyzer.py,regime.MarketRegimeDetector,from,84
models/analysis/regime_winner_analyzer.py,regime.RegimeMetrics,from,84
models/analysis/regime_winner_analyzer.py,regime.RegimePatternAnalyzer,from,84
models/analysis/regime_winner_analyzer.py,regime.RegimeRecommendationEngine,from,84
models/analysis/regime_winner_analyzer.py,regime.RegimeStabilityAnalyzer,from,84
models/analysis/__init__.py,baseline_dominance_detector.BaselineDominanceDetector,from,14
models/analysis/__init__.py,overfitting_detector.OverfittingDetector,from,15
models/analysis/__init__.py,regime_winner_analyzer.RegimeWinnerAnalyzer,from,16
models/dean/dean_bootstrap_system.py,logging,import,1
models/dean/dean_bootstrap_system.py,time,import,2
models/dean/dean_bootstrap_system.py,dataclasses.dataclass,from,3
models/dean/dean_bootstrap_system.py,datetime.datetime,from,4
models/dean/dean_bootstrap_system.py,enum.Enum,from,5
models/dean/dean_bootstrap_system.py,typing.Any,from,6
models/dean/dean_bootstrap_system.py,numpy,import,8
models/dean/dean_bootstrap_system.py,src.meta_learning.security.constraint_engine.get_security_constraint_engine,from,83
models/ensemble/confidence_calibrator.py,pathlib.Path,from,7
models/ensemble/confidence_calibrator.py,typing.Any,from,8
models/ensemble/confidence_calibrator.py,joblib,import,10
models/ensemble/confidence_calibrator.py,numpy,import,11
models/ensemble/confidence_calibrator.py,src.core.exceptions.DataProcessingError,from,13
models/ensemble/confidence_calibrator.py,src.core.logging.logger.ProjectLogger,from,14
models/ensemble/confidence_calibrator.py,src.models.ensemble.calibration.strategies.IsotonicRegressionStrategy,from,15
models/ensemble/confidence_calibrator.py,src.models.ensemble.calibration.strategies.PlattScalingStrategy,from,15
models/ensemble/confidence_calibrator.py,src.utils.artifact_security.resolve_trusted_artifact_path,from,16
models/ensemble/dynamic_weights.py,json,import,21
models/ensemble/dynamic_weights.py,datetime.datetime,from,22
models/ensemble/dynamic_weights.py,pathlib.Path,from,23
models/ensemble/dynamic_weights.py,typing.Any,from,24
models/ensemble/dynamic_weights.py,numpy,import,26
models/ensemble/dynamic_weights.py,src.core.logging.logger.ProjectLogger,from,28
models/ensemble/enhanced_ensemble.py,logging,import,5
models/ensemble/enhanced_ensemble.py,pathlib.Path,from,6
models/ensemble/enhanced_ensemble.py,typing.Any,from,7
models/ensemble/enhanced_ensemble.py,joblib,import,9
models/ensemble/enhanced_ensemble.py,numpy,import,10
models/ensemble/enhanced_ensemble.py,pandas,import,11
models/ensemble/enhanced_ensemble.py,src.models.registry.model_registry.ModelRegistry,from,13
models/ensemble/enhanced_ensemble.py,torch,import,131
models/ensemble/ensemble_model.py,pathlib.Path,from,3
models/ensemble/ensemble_model.py,typing.Any,from,4
models/ensemble/ensemble_model.py,joblib,import,6
models/ensemble/ensemble_model.py,numpy,import,7
models/ensemble/ensemble_model.py,pandas,import,8
models/ensemble/ensemble_model.py,sklearn.ensemble.VotingClassifier,from,9
models/ensemble/ensemble_model.py,sklearn.ensemble.VotingRegressor,from,9
models/ensemble/ensemble_model.py,src.core.logging.logger.ProjectLogger,from,11
models/ensemble/ensemble_model.py,src.models.interfaces.BaseModel,from,12
models/ensemble/ensemble_model.py,src.config.unified_config_manager.get_current_config,from,83
models/ensemble/ensemble_model.py,src.utils.artifact_security.resolve_trusted_artifact_path,from,84
models/ensemble/model_correlation_analyzer.py,typing.Any,from,7
models/ensemble/model_correlation_analyzer.py,pandas,import,9
models/ensemble/model_correlation_analyzer.py,correlation.correlation_engine.get_correlation_engine,from,11
models/ensemble/model_correlation_analyzer.py,correlation.correlation_visualizer.get_correlation_visualizer,from,12
models/ensemble/weight_stability_monitor.py,datetime.datetime,from,7
models/ensemble/weight_stability_monitor.py,typing.Any,from,8
models/ensemble/weight_stability_monitor.py,weight_stability.manager.WeightStabilityMonitor,from,10
models/ensemble/__init__.py,confidence_calibrator.ConfidenceCalibrator,from,16
models/ensemble/__init__.py,confidence_calibrator.calibrate_confidence_quick,from,16
models/ensemble/__init__.py,confidence_calibrator.get_confidence_calibrator,from,16
models/ensemble/__init__.py,dynamic_weights.DynamicWeightCalculator,from,17
models/ensemble/__init__.py,model_correlation_analyzer.ModelCorrelationAnalyzer,from,18
models/ensemble/__init__.py,model_correlation_analyzer.analyze_model_correlation_quick,from,18
models/ensemble/__init__.py,model_correlation_analyzer.get_model_correlation_analyzer,from,18
models/ensemble/__init__.py,weight_stability_monitor.WeightStabilityMonitor,from,23
models/ensemble/__init__.py,weight_stability_monitor.get_weight_stability_monitor,from,23
models/ensemble/__init__.py,weight_stability_monitor.monitor_weight_stability_quick,from,23
models/ensembling/composer.py,logging,import,1
models/ensembling/composer.py,dataclasses.dataclass,from,2
models/ensembling/composer.py,typing.Any,from,3
models/health/model_health_evaluator.py,typing.Any,from,7
models/health/model_health_evaluator.py,numpy,import,9
models/health/model_health_evaluator.py,src.core.logging.logger.ProjectLogger,from,11
models/linear/knn_model.py,typing.Any,from,3
models/linear/knn_model.py,joblib,import,5
models/linear/knn_model.py,numpy,import,6
models/linear/knn_model.py,pandas,import,7
models/linear/knn_model.py,sklearn.neighbors.KNeighborsClassifier,from,8
models/linear/knn_model.py,sklearn.neighbors.KNeighborsRegressor,from,8
models/linear/knn_model.py,src.core.logging.logger.ProjectLogger,from,10
models/linear/knn_model.py,src.models.interfaces.BaseModel,from,11
models/linear/knn_model.py,pathlib.Path,from,87
models/linear/knn_model.py,src.config.unified_config_manager.get_current_config,from,89
models/linear/knn_model.py,src.utils.artifact_security.resolve_trusted_artifact_path,from,90
models/linear/linear_model.py,typing.Any,from,3
models/linear/linear_model.py,joblib,import,5
models/linear/linear_model.py,numpy,import,6
models/linear/linear_model.py,pandas,import,7
models/linear/linear_model.py,sklearn.linear_model.LinearRegression,from,8
models/linear/linear_model.py,sklearn.linear_model.LogisticRegression,from,8
models/linear/linear_model.py,src.core.logging.logger.ProjectLogger,from,10
models/linear/linear_model.py,src.models.interfaces.BaseModel,from,11
models/linear/linear_model.py,pathlib.Path,from,77
models/linear/linear_model.py,src.config.unified_config_manager.get_current_config,from,79
models/linear/linear_model.py,src.utils.artifact_security.resolve_trusted_artifact_path,from,80
models/linear/svm_model.py,typing.Any,from,3
models/linear/svm_model.py,joblib,import,5
models/linear/svm_model.py,numpy,import,6
models/linear/svm_model.py,pandas,import,7
models/linear/svm_model.py,sklearn.svm.SVC,from,8
models/linear/svm_model.py,sklearn.svm.SVR,from,8
models/linear/svm_model.py,src.core.logging.logger.ProjectLogger,from,10
models/linear/svm_model.py,src.models.interfaces.BaseModel,from,11
models/linear/svm_model.py,pathlib.Path,from,93
models/linear/svm_model.py,src.config.unified_config_manager.get_current_config,from,95
models/linear/svm_model.py,src.utils.artifact_security.resolve_trusted_artifact_path,from,96
models/model_selector/adaptive_selector.py,json,import,34
models/model_selector/adaptive_selector.py,logging,import,35
models/model_selector/adaptive_selector.py,datetime.datetime,from,36
models/model_selector/adaptive_selector.py,pathlib.Path,from,37
models/model_selector/adaptive_selector.py,typing.TYPE_CHECKING,from,38
models/model_selector/adaptive_selector.py,typing.Any,from,38
models/model_selector/adaptive_selector.py,typing.Optional,from,38
models/model_selector/adaptive_selector.py,numpy,import,40
models/model_selector/adaptive_selector.py,src.core.logging.logger.ProjectLogger,from,42
models/model_selector/adaptive_selector.py,src.models.model_selector.fingerprint_selector.FingerprintModelSelector,from,43
models/model_selector/adaptive_selector.py,src.analytics.arena.arena_battle.TradingModelArena,from,46
models/model_selector/competence_analyzer.py,json,import,3
models/model_selector/competence_analyzer.py,pandas,import,4
models/model_selector/competence_analyzer.py,typing.Dict,from,5
models/model_selector/competence_analyzer.py,typing.Any,from,5
models/model_selector/competence_analyzer.py,typing.List,from,5
models/model_selector/competence_analyzer.py,typing.Optional,from,5
models/model_selector/competence_analyzer.py,utils.logger.ProjectLogger,from,6
models/model_selector/competence_map.py,json,import,3
models/model_selector/competence_map.py,pathlib.Path,from,4
models/model_selector/context_prediction_mapper.py,pandas,import,7
models/model_selector/context_prediction_mapper.py,numpy,import,8
models/model_selector/context_prediction_mapper.py,typing.Dict,from,9
models/model_selector/context_prediction_mapper.py,typing.List,from,9
models/model_selector/context_prediction_mapper.py,typing.Tuple,from,9
models/model_selector/context_prediction_mapper.py,typing.Optional,from,9
models/model_selector/context_prediction_mapper.py,typing.Any,from,9
models/model_selector/context_prediction_mapper.py,datetime.datetime,from,10
models/model_selector/context_prediction_mapper.py,datetime.timedelta,from,10
models/model_selector/context_prediction_mapper.py,logging,import,11
models/model_selector/context_prediction_mapper.py,utils.logger.ProjectLogger,from,12
models/model_selector/context_prediction_mapper.py,enhanced_context_analyzer.EnhancedContextAnalyzer,from,14
models/model_selector/context_prediction_mapper.py,temporal_feature_analyzer.TemporalFeatureAnalyzer,from,15
models/model_selector/dynamic_weight_selector.py,pandas,import,7
models/model_selector/dynamic_weight_selector.py,numpy,import,8
models/model_selector/dynamic_weight_selector.py,typing.Dict,from,9
models/model_selector/dynamic_weight_selector.py,typing.List,from,9
models/model_selector/dynamic_weight_selector.py,typing.Tuple,from,9
models/model_selector/dynamic_weight_selector.py,typing.Optional,from,9
models/model_selector/dynamic_weight_selector.py,typing.Any,from,9
models/model_selector/dynamic_weight_selector.py,datetime.datetime,from,10
models/model_selector/dynamic_weight_selector.py,datetime.timedelta,from,10
models/model_selector/dynamic_weight_selector.py,logging,import,11
models/model_selector/dynamic_weight_selector.py,utils.logger.ProjectLogger,from,12
models/model_selector/dynamic_weight_selector.py,enhanced_context_analyzer.EnhancedContextAnalyzer,from,14
models/model_selector/dynamic_weight_selector.py,smart_selector.SmartModelSelector,from,15
models/model_selector/enhanced_context_analyzer.py,pandas,import,7
models/model_selector/enhanced_context_analyzer.py,numpy,import,8
models/model_selector/enhanced_context_analyzer.py,typing.Dict,from,9
models/model_selector/enhanced_context_analyzer.py,typing.List,from,9
models/model_selector/enhanced_context_analyzer.py,typing.Tuple,from,9
models/model_selector/enhanced_context_analyzer.py,typing.Optional,from,9
models/model_selector/enhanced_context_analyzer.py,typing.Any,from,9
models/model_selector/enhanced_context_analyzer.py,datetime.datetime,from,10
models/model_selector/enhanced_context_analyzer.py,datetime.timedelta,from,10
models/model_selector/enhanced_context_analyzer.py,logging,import,11
models/model_selector/enhanced_context_analyzer.py,src.core.logging.logger.ProjectLogger,from,12
models/model_selector/enhanced_context_analyzer.py,src.analytics.context.causal_engine.CausalEngine,from,13
models/model_selector/fingerprint_selector.py,typing.Any,from,3
models/model_selector/fingerprint_selector.py,typing.cast,from,3
models/model_selector/fingerprint_selector.py,src.core.logging.logger.ProjectLogger,from,5
models/model_selector/heavy_light_comparator.py,dataclasses.dataclass,from,1
models/model_selector/heavy_light_comparator.py,datetime.datetime,from,2
models/model_selector/heavy_light_comparator.py,typing.Any,from,3
models/model_selector/heavy_light_comparator.py,numpy,import,5
models/model_selector/heavy_light_comparator.py,pandas,import,6
models/model_selector/heavy_light_comparator.py,psutil,import,7
models/model_selector/heavy_light_comparator.py,src.core.logging.logger.ProjectLogger,from,10
models/model_selector/heavy_light_comparator.py,sklearn.metrics.accuracy_score,from,61
models/model_selector/heavy_light_comparator.py,sklearn.metrics.f1_score,from,61
models/model_selector/heavy_light_comparator.py,sklearn.metrics.precision_score,from,61
models/model_selector/heavy_light_comparator.py,sklearn.metrics.recall_score,from,61
models/model_selector/selector.py,json,import,3
models/model_selector/selector.py,logging,import,4
models/model_selector/selector.py,numpy,import,5
models/model_selector/selector.py,typing.Dict,from,6
models/model_selector/selector.py,typing.List,from,6
models/model_selector/selector.py,typing.Any,from,6
models/model_selector/selector.py,typing.Optional,from,6
models/model_selector/selector.py,typing.Tuple,from,6
models/model_selector/selector.py,src.core.logging.logger.ProjectLogger,from,7
models/model_selector/smart_selector.py,json,import,1
models/model_selector/smart_selector.py,warnings,import,2
models/model_selector/smart_selector.py,typing.Any,from,3
models/model_selector/smart_selector.py,numpy,import,5
models/model_selector/smart_selector.py,pandas,import,6
models/model_selector/smart_selector.py,sklearn.ensemble.RandomForestRegressor,from,7
models/model_selector/smart_selector.py,src.core.logging.logger.ProjectLogger,from,9
models/model_selector/temporal_feature_analyzer.py,pandas,import,7
models/model_selector/temporal_feature_analyzer.py,numpy,import,8
models/model_selector/temporal_feature_analyzer.py,typing.Dict,from,9
models/model_selector/temporal_feature_analyzer.py,typing.List,from,9
models/model_selector/temporal_feature_analyzer.py,typing.Tuple,from,9
models/model_selector/temporal_feature_analyzer.py,typing.Optional,from,9
models/model_selector/temporal_feature_analyzer.py,typing.Any,from,9
models/model_selector/temporal_feature_analyzer.py,datetime.datetime,from,10
models/model_selector/temporal_feature_analyzer.py,datetime.timedelta,from,10
models/model_selector/temporal_feature_analyzer.py,logging,import,11
models/model_selector/temporal_feature_analyzer.py,utils.logger.ProjectLogger,from,12
models/model_selector/__init__.py,smart_selector.PerformanceHistorySelector,from,7
models/model_selector/__init__.py,fingerprint_selector.FingerprintModelSelector,from,10
models/model_selector/__init__.py,adaptive_selector.AdaptiveModelSelector,from,13
models/monitoring/prediction_drift_monitor.py,json,import,7
models/monitoring/prediction_drift_monitor.py,datetime.datetime,from,8
models/monitoring/prediction_drift_monitor.py,datetime.timedelta,from,8
models/monitoring/prediction_drift_monitor.py,pathlib.Path,from,9
models/monitoring/prediction_drift_monitor.py,typing.Any,from,10
models/monitoring/prediction_drift_monitor.py,numpy,import,12
models/monitoring/prediction_drift_monitor.py,src.core.exceptions.DataProcessingError,from,14
models/monitoring/prediction_drift_monitor.py,src.core.logging.logger.ProjectLogger,from,15
models/monitoring/prediction_drift_monitor.py,src.models.monitoring.drift.alert_system.get_alert_system,from,16
models/monitoring/prediction_drift_monitor.py,src.models.monitoring.drift.analyzer.DriftAnalyzer,from,17
models/monitoring/prediction_drift_monitor.py,src.models.monitoring.drift.drift_calculator.get_drift_calculator,from,18
models/monitoring/prediction_drift_monitor.py,src.models.monitoring.drift.drift_visualizer.get_drift_visualizer,from,19
models/monitoring/prediction_drift_monitor.py,src.models.monitoring.drift.history.HistoryManager,from,20
models/monitoring/__init__.py,prediction_drift_monitor.PredictionDriftMonitor,from,14
models/monitoring/__init__.py,prediction_drift_monitor.get_prediction_drift_monitor,from,14
models/monitoring/__init__.py,prediction_drift_monitor.monitor_predictions_quick,from,14
models/neural/autoencoder_model.py,typing.Any,from,3
models/neural/autoencoder_model.py,numpy,import,5
models/neural/autoencoder_model.py,src.core.logging.logger.ProjectLogger,from,7
models/neural/autoencoder_model.py,src.models.neural.base_neural.BaseNeuralModel,from,8
models/neural/autoencoder_model.py,src.models.neural.base_neural._get_tf,from,8
models/neural/base_neural.py,logging,import,1
models/neural/base_neural.py,os,import,4
models/neural/base_neural.py,abc.abstractmethod,from,5
models/neural/base_neural.py,typing.Any,from,6
models/neural/base_neural.py,numpy,import,8
models/neural/base_neural.py,pandas,import,9
models/neural/base_neural.py,src.core.logging.logger.ProjectLogger,from,11
models/neural/base_neural.py,src.models.interfaces.BaseModel,from,12
models/neural/base_neural.py,tensorflow,import,18
models/neural/cnn_model.py,typing.Any,from,3
models/neural/cnn_model.py,numpy,import,5
models/neural/cnn_model.py,pandas,import,6
models/neural/cnn_model.py,src.core.logging.logger.ProjectLogger,from,8
models/neural/cnn_model.py,src.models.neural.base_neural.BaseNeuralModel,from,9
models/neural/cnn_model.py,src.models.neural.base_neural._get_tf,from,9
models/neural/gru_model.py,typing.Any,from,3
models/neural/gru_model.py,numpy,import,5
models/neural/gru_model.py,src.core.logging.logger.ProjectLogger,from,7
models/neural/gru_model.py,src.models.neural.base_neural.BaseNeuralModel,from,8
models/neural/gru_model.py,src.models.neural.base_neural._get_tf,from,8
models/neural/lstm_model.py,warnings,import,3
models/neural/lstm_model.py,typing.Any,from,4
models/neural/lstm_model.py,numpy,import,6
models/neural/lstm_model.py,src.core.logging.logger.ProjectLogger,from,8
models/neural/lstm_model.py,src.models.neural.base_neural.BaseNeuralModel,from,9
models/neural/lstm_model.py,src.models.neural.base_neural._get_tf,from,9
models/neural/lstm_model.py,src.models.neural.sequence_builder.SequenceBuilder,from,10
models/neural/mlp_model.py,typing.Any,from,3
models/neural/mlp_model.py,src.core.logging.logger.ProjectLogger,from,5
models/neural/mlp_model.py,src.models.neural.base_neural.BaseNeuralModel,from,6
models/neural/mlp_model.py,src.models.neural.base_neural._get_tf,from,6
models/neural/neural_network_model.py,numpy,import,3
models/neural/neural_network_model.py,pandas,import,4
models/neural/neural_network_model.py,typing.Optional,from,5
models/neural/neural_network_model.py,typing.Dict,from,5
models/neural/neural_network_model.py,typing.Any,from,5
models/neural/neural_network_model.py,logging,import,6
models/neural/neural_network_model.py,sklearn.ensemble.RandomForestClassifier,from,7
models/neural/neural_network_model.py,sklearn.ensemble.RandomForestRegressor,from,7
models/neural/neural_network_model.py,sklearn.neural_network.MLPClassifier,from,8
models/neural/neural_network_model.py,sklearn.neural_network.MLPRegressor,from,8
models/neural/neural_network_model.py,warnings,import,9
models/neural/sequence_builder.py,warnings,import,11
models/neural/sequence_builder.py,typing.Literal,from,12
models/neural/sequence_builder.py,numpy,import,14
models/neural/sequence_builder.py,src.core.logging.logger.ProjectLogger,from,16
models/neural/tabnet_model.py,pathlib.Path,from,3
models/neural/tabnet_model.py,joblib,import,5
models/neural/tabnet_model.py,numpy,import,6
models/neural/tabnet_model.py,pandas,import,7
models/neural/tabnet_model.py,src.core.logging.logger.ProjectLogger,from,17
models/neural/tabnet_model.py,src.models.interfaces.BaseModel,from,18
models/neural/tabnet_model.py,pytorch_tabnet.tab_model.TabNetClassifier,from,12
models/neural/tabnet_model.py,pytorch_tabnet.tab_model.TabNetRegressor,from,12
models/neural/transformer_model.py,__future__.annotations,from,3
models/neural/transformer_model.py,logging,import,5
models/neural/transformer_model.py,warnings,import,6
models/neural/transformer_model.py,typing.Any,from,7
models/neural/transformer_model.py,numpy,import,9
models/neural/transformer_model.py,pandas,import,10
models/neural/transformer_model.py,sklearn.ensemble.RandomForestClassifier,from,11
models/neural/transformer_model.py,sklearn.ensemble.RandomForestRegressor,from,11
models/neural/transformer_model.py,sklearn.preprocessing.StandardScaler,from,12
models/neural/transformer_model.py,src.models.interfaces.BaseModel,from,14
models/neural/transformer_model.py,tensorflow.keras.optimizers.Adam,from,128
models/neural/transformer_model.py,tensorflow,import,168
models/prototypes/prototype.py,importlib,import,6
models/prototypes/prototype.py,logging,import,7
models/prototypes/prototype.py,datetime.datetime,from,8
models/prototypes/prototype.py,typing.Any,from,9
models/prototypes/prototype.py,src.core.logging.logger.ProjectLogger,from,11
models/prototypes/prototype.py,src.models.interfaces.BaseModel,from,12
models/prototypes/registry.py,json,import,6
models/prototypes/registry.py,logging,import,7
models/prototypes/registry.py,pathlib.Path,from,8
models/prototypes/registry.py,typing.Any,from,9
models/prototypes/registry.py,src.core.logging.logger.ProjectLogger,from,11
models/prototypes/registry.py,src.models.prototypes.prototype.ModelPrototype,from,12
models/prototypes/registry.py,src.models.prototypes.prototype.ModelPrototype,from,181
models/prototypes/__init__.py,src.models.prototypes.prototype.ModelPrototype,from,7
models/prototypes/__init__.py,src.models.prototypes.registry.PrototypeRegistry,from,8
models/prototypes/__init__.py,src.models.prototypes.registry.get_prototype_registry,from,8
models/quality/controller.py,logging,import,8
models/quality/controller.py,datetime.datetime,from,9
models/quality/controller.py,typing.Any,from,10
models/quality/controller.py,numpy,import,12
models/quality/controller.py,src.core.logging.logger.ProjectLogger,from,14
models/quality/__init__.py,src.models.quality.controller.ModelQualityController,from,3
models/registry/model_registry.py,datetime.datetime,from,7
models/registry/model_registry.py,typing.Any,from,8
models/registry/model_registry.py,src.core.logging.logger.ProjectLogger,from,10
models/statistics/model_statistics.py,datetime.datetime,from,7
models/statistics/model_statistics.py,datetime.timedelta,from,7
models/statistics/model_statistics.py,typing.Any,from,8
models/statistics/model_statistics.py,numpy,import,10
models/statistics/model_statistics.py,src.core.logging.logger.ProjectLogger,from,12
models/tree/catboost_model.py,typing.Any,from,3
models/tree/catboost_model.py,numpy,import,5
models/tree/catboost_model.py,pandas,import,6
models/tree/catboost_model.py,catboost.CatBoostClassifier,from,7
models/tree/catboost_model.py,catboost.CatBoostRegressor,from,7
models/tree/catboost_model.py,src.core.logging.logger.ProjectLogger,from,9
models/tree/catboost_model.py,src.models.interfaces.BaseModel,from,10
models/tree/lightgbm_model.py,typing.Any,from,3
models/tree/lightgbm_model.py,joblib,import,5
models/tree/lightgbm_model.py,lightgbm,import,6
models/tree/lightgbm_model.py,numpy,import,7
models/tree/lightgbm_model.py,pandas,import,8
models/tree/lightgbm_model.py,src.core.logging.logger.ProjectLogger,from,10
models/tree/lightgbm_model.py,src.models.interfaces.BaseModel,from,11
models/tree/lightgbm_model.py,pathlib.Path,from,98
models/tree/lightgbm_model.py,src.config.unified_config_manager.get_current_config,from,100
models/tree/lightgbm_model.py,src.utils.artifact_security.resolve_trusted_artifact_path,from,101
models/tree/random_forest_model.py,typing.Any,from,3
models/tree/random_forest_model.py,joblib,import,5
models/tree/random_forest_model.py,numpy,import,6
models/tree/random_forest_model.py,pandas,import,7
models/tree/random_forest_model.py,sklearn.ensemble.RandomForestClassifier,from,8
models/tree/random_forest_model.py,sklearn.ensemble.RandomForestRegressor,from,8
models/tree/random_forest_model.py,src.core.logging.logger.ProjectLogger,from,10
models/tree/random_forest_model.py,src.models.interfaces.BaseModel,from,11
models/tree/random_forest_model.py,pathlib.Path,from,93
models/tree/random_forest_model.py,src.config.unified_config_manager.get_current_config,from,95
models/tree/random_forest_model.py,src.utils.artifact_security.resolve_trusted_artifact_path,from,96
models/tree/xgboost_model.py,typing.Any,from,3
models/tree/xgboost_model.py,joblib,import,5
models/tree/xgboost_model.py,numpy,import,6
models/tree/xgboost_model.py,pandas,import,7
models/tree/xgboost_model.py,src.core.logging.logger.ProjectLogger,from,9
models/tree/xgboost_model.py,src.models.interfaces.BaseModel,from,10
models/tree/xgboost_model.py,xgboost,import,26
models/tree/xgboost_model.py,pathlib.Path,from,102
models/tree/xgboost_model.py,src.config.unified_config_manager.get_current_config,from,104
models/tree/xgboost_model.py,src.utils.artifact_security.resolve_trusted_artifact_path,from,105
models/analysis/baseline/comparison.py,logging,import,1
models/analysis/baseline/comparison.py,typing.Any,from,2
models/analysis/baseline/recommendations.py,logging,import,1
models/analysis/baseline/recommendations.py,typing.Any,from,2
models/analysis/baselines/base.py,abc.ABC,from,1
models/analysis/baselines/base.py,abc.abstractmethod,from,1
models/analysis/baselines/base.py,typing.Any,from,2
models/analysis/baselines/base.py,pandas,import,4
models/analysis/baselines/base.py,sklearn.metrics.mean_absolute_error,from,5
models/analysis/baselines/base.py,sklearn.metrics.mean_squared_error,from,5
models/analysis/baselines/base.py,sklearn.metrics.r2_score,from,5
models/analysis/baselines/models.py,typing.Any,from,1
models/analysis/baselines/models.py,numpy,import,3
models/analysis/baselines/models.py,pandas,import,4
models/analysis/baselines/models.py,sklearn.ensemble.RandomForestRegressor,from,5
models/analysis/baselines/models.py,sklearn.linear_model.LinearRegression,from,6
models/analysis/baselines/models.py,src.core.exceptions.DataProcessingError,from,8
models/analysis/baselines/models.py,src.core.logging.logger.ProjectLogger,from,9
models/analysis/baselines/models.py,base.BaseBaseline,from,11
models/analysis/baselines/strategies.py,typing.Any,from,1
models/analysis/baselines/strategies.py,pandas,import,3
models/analysis/baselines/strategies.py,src.core.exceptions.DataProcessingError,from,5
models/analysis/baselines/strategies.py,src.core.logging.logger.ProjectLogger,from,6
models/analysis/baselines/strategies.py,base.BaseBaseline,from,8
models/analysis/baselines/strategies.py,sklearn.metrics.mean_squared_error,from,63
models/analysis/baselines/__init__.py,base.BaseBaseline,from,1
models/analysis/baselines/__init__.py,models.LinearRegressionBaseline,from,2
models/analysis/baselines/__init__.py,models.SimpleRandomForestBaseline,from,2
models/analysis/baselines/__init__.py,strategies.BuyAndHoldBaseline,from,3
models/analysis/baselines/__init__.py,strategies.MeanReversionBaseline,from,3
models/analysis/baselines/__init__.py,strategies.MovingAverageBaseline,from,3
models/analysis/overfitting_detection/analyzer.py,typing.Any,from,1
models/analysis/overfitting_detection/analyzer.py,numpy,import,3
models/analysis/overfitting_detection/analyzer.py,pandas,import,4
models/analysis/overfitting_detection/analyzer.py,sklearn.model_selection.TimeSeriesSplit,from,5
models/analysis/overfitting_detection/analyzer.py,sklearn.model_selection.cross_val_score,from,5
models/analysis/overfitting_detection/analyzer.py,sklearn.model_selection.learning_curve,from,5
models/analysis/overfitting_detection/analyzer.py,src.core.exceptions.DataProcessingError,from,7
models/analysis/overfitting_detection/analyzer.py,src.core.logging.logger.ProjectLogger,from,8
models/analysis/overfitting_detection/config.py,pathlib.Path,from,1
models/analysis/overfitting_detection/config.py,typing.Any,from,2
models/analysis/overfitting_detection/config.py,numpy,import,4
models/analysis/overfitting_detection/manager.py,json,import,1
models/analysis/overfitting_detection/manager.py,datetime.datetime,from,2
models/analysis/overfitting_detection/manager.py,typing.Any,from,3
models/analysis/overfitting_detection/manager.py,src.core.exceptions.DataProcessingError,from,5
models/analysis/overfitting_detection/manager.py,src.core.logging.logger.ProjectLogger,from,6
models/analysis/overfitting_detection/manager.py,analyzer.OverfittingAnalyzer,from,8
models/analysis/overfitting_detection/manager.py,config.OverfittingConfig,from,9
models/analysis/overfitting_detection/manager.py,metrics.OverfittingMetrics,from,10
models/analysis/overfitting_detection/manager.py,visualizer.OverfittingVisualizer,from,11
models/analysis/overfitting_detection/metrics.py,typing.Any,from,1
models/analysis/overfitting_detection/metrics.py,numpy,import,3
models/analysis/overfitting_detection/metrics.py,pandas,import,4
models/analysis/overfitting_detection/metrics.py,sklearn.metrics.mean_absolute_error,from,5
models/analysis/overfitting_detection/metrics.py,sklearn.metrics.mean_squared_error,from,5
models/analysis/overfitting_detection/metrics.py,sklearn.metrics.r2_score,from,5
models/analysis/overfitting_detection/metrics.py,src.core.logging.logger.ProjectLogger,from,7
models/analysis/overfitting_detection/visualizer.py,pathlib.Path,from,1
models/analysis/overfitting_detection/visualizer.py,typing.Any,from,2
models/analysis/overfitting_detection/visualizer.py,matplotlib.pyplot,import,4
models/analysis/overfitting_detection/visualizer.py,seaborn,import,5
models/analysis/overfitting_detection/visualizer.py,src.core.logging.logger.ProjectLogger,from,7
models/analysis/overfitting_detection/__init__.py,analyzer.OverfittingAnalyzer,from,1
models/analysis/overfitting_detection/__init__.py,config.OverfittingConfig,from,2
models/analysis/overfitting_detection/__init__.py,manager.OverfittingDetector,from,3
models/analysis/overfitting_detection/__init__.py,metrics.OverfittingMetrics,from,4
models/analysis/overfitting_detection/__init__.py,visualizer.OverfittingVisualizer,from,5
models/analysis/regime/detector.py,numpy,import,2
models/analysis/regime/detector.py,pandas,import,3
models/analysis/regime/detector.py,src.core.exceptions.DataProcessingError,from,5
models/analysis/regime/detector.py,src.core.logging.logger.ProjectLogger,from,6
models/analysis/regime/metrics.py,typing.Any,from,1
models/analysis/regime/metrics.py,src.core.exceptions.DataProcessingError,from,3
models/analysis/regime/metrics.py,src.core.logging.logger.ProjectLogger,from,4
models/analysis/regime/patterns.py,collections.defaultdict,from,1
models/analysis/regime/patterns.py,typing.Any,from,2
models/analysis/regime/patterns.py,numpy,import,4
models/analysis/regime/patterns.py,src.core.exceptions.DataProcessingError,from,6
models/analysis/regime/patterns.py,src.core.logging.logger.ProjectLogger,from,7
models/analysis/regime/recommendations.py,typing.Any,from,1
models/analysis/regime/recommendations.py,src.core.logging.logger.ProjectLogger,from,3
models/analysis/regime/stability.py,typing.Any,from,1
models/analysis/regime/stability.py,numpy,import,3
models/analysis/regime/stability.py,src.core.exceptions.DataProcessingError,from,5
models/analysis/regime/stability.py,src.core.logging.logger.ProjectLogger,from,6
models/analysis/regime/__init__.py,detector.RegimeDetector,from,1
models/analysis/regime/__init__.py,metrics.RegimeMetrics,from,2
models/analysis/regime/__init__.py,patterns.RegimePatternAnalyzer,from,3
models/analysis/regime/__init__.py,recommendations.RegimeRecommendationEngine,from,4
models/analysis/regime/__init__.py,stability.RegimeStabilityAnalyzer,from,5
models/ensemble/calibration/base.py,abc.ABC,from,1
models/ensemble/calibration/base.py,abc.abstractmethod,from,1
models/ensemble/calibration/base.py,typing.Any,from,2
models/ensemble/calibration/base.py,numpy,import,4
models/ensemble/calibration/base.py,src.core.exceptions.DataProcessingError,from,6
models/ensemble/calibration/strategies.py,typing.Any,from,1
models/ensemble/calibration/strategies.py,numpy,import,3
models/ensemble/calibration/strategies.py,sklearn.isotonic.IsotonicRegression,from,4
models/ensemble/calibration/strategies.py,sklearn.linear_model.LogisticRegression,from,5
models/ensemble/calibration/strategies.py,base.CalibrationStrategy,from,7
models/ensemble/correlation/correlation_engine.py,datetime.datetime,from,7
models/ensemble/correlation/correlation_engine.py,datetime.timedelta,from,7
models/ensemble/correlation/correlation_engine.py,typing.Any,from,8
models/ensemble/correlation/correlation_engine.py,numpy,import,10
models/ensemble/correlation/correlation_engine.py,pandas,import,11
models/ensemble/correlation/correlation_engine.py,scipy.stats.pearsonr,from,12
models/ensemble/correlation/correlation_engine.py,scipy.stats.spearmanr,from,12
models/ensemble/correlation/correlation_engine.py,sklearn.metrics.mutual_info_score,from,13
models/ensemble/correlation/correlation_engine.py,src.core.error_handling.error_handler.ErrorHandler,from,15
models/ensemble/correlation/correlation_engine.py,src.core.error_handling.error_handler.IErrorHandler,from,15
models/ensemble/correlation/correlation_engine.py,src.core.logging.logger.ProjectLogger,from,16
models/ensemble/correlation/correlation_visualizer.py,pathlib.Path,from,7
models/ensemble/correlation/correlation_visualizer.py,typing.Any,from,8
models/ensemble/correlation/correlation_visualizer.py,matplotlib.pyplot,import,10
models/ensemble/correlation/correlation_visualizer.py,pandas,import,11
models/ensemble/correlation/correlation_visualizer.py,seaborn,import,12
models/ensemble/correlation/correlation_visualizer.py,src.core.logging.logger.ProjectLogger,from,14
models/ensemble/correlation/__init__.py,correlation_engine.CorrelationEngine,from,7
models/ensemble/correlation/__init__.py,correlation_engine.get_correlation_engine,from,7
models/ensemble/correlation/__init__.py,correlation_visualizer.CorrelationVisualizer,from,8
models/ensemble/correlation/__init__.py,correlation_visualizer.get_correlation_visualizer,from,8
models/ensemble/weight_stability/analyzer.py,typing.Any,from,1
models/ensemble/weight_stability/analyzer.py,numpy,import,3
models/ensemble/weight_stability/analyzer.py,src.core.logging.logger.ProjectLogger,from,5
models/ensemble/weight_stability/calculator.py,typing.Any,from,1
models/ensemble/weight_stability/calculator.py,numpy,import,3
models/ensemble/weight_stability/calculator.py,src.core.logging.logger.ProjectLogger,from,5
models/ensemble/weight_stability/manager.py,datetime.datetime,from,1
models/ensemble/weight_stability/manager.py,datetime.timedelta,from,1
models/ensemble/weight_stability/manager.py,typing.Any,from,2
models/ensemble/weight_stability/manager.py,src.core.logging.logger.ProjectLogger,from,4
models/ensemble/weight_stability/manager.py,analyzer.WeightStabilityAnalyzer,from,6
models/ensemble/weight_stability/manager.py,calculator.WeightStabilityCalculator,from,7
models/ensemble/weight_stability/manager.py,config.WeightStabilityConfig,from,8
models/ensemble/weight_stability/manager.py,stabilizer.WeightStabilizer,from,9
models/ensemble/weight_stability/manager.py,visualizer.WeightStabilityVisualizer,from,10
models/ensemble/weight_stability/stabilizer.py,typing.Any,from,1
models/ensemble/weight_stability/stabilizer.py,src.core.logging.logger.ProjectLogger,from,3
models/ensemble/weight_stability/visualizer.py,matplotlib,import,1
models/ensemble/weight_stability/visualizer.py,numpy,import,2
models/ensemble/weight_stability/visualizer.py,typing.Any,from,5
models/ensemble/weight_stability/visualizer.py,matplotlib.pyplot,import,7
models/ensemble/weight_stability/visualizer.py,src.core.logging.logger.ProjectLogger,from,9
models/ensemble/weight_stability/__init__.py,analyzer.WeightStabilityAnalyzer,from,1
models/ensemble/weight_stability/__init__.py,calculator.WeightStabilityCalculator,from,2
models/ensemble/weight_stability/__init__.py,config.WeightStabilityConfig,from,3
models/ensemble/weight_stability/__init__.py,manager.WeightStabilityMonitor,from,4
models/ensemble/weight_stability/__init__.py,stabilizer.WeightStabilizer,from,5
models/ensemble/weight_stability/__init__.py,visualizer.WeightStabilityVisualizer,from,6
models/monitoring/drift/alert_system.py,datetime.datetime,from,7
models/monitoring/drift/alert_system.py,typing.Any,from,8
models/monitoring/drift/alert_system.py,src.core.logging.logger.ProjectLogger,from,10
models/monitoring/drift/analyzer.py,logging,import,1
models/monitoring/drift/analyzer.py,typing.Any,from,2
models/monitoring/drift/analyzer.py,numpy,import,4
models/monitoring/drift/analyzer.py,src.core.exceptions.DataProcessingError,from,6
models/monitoring/drift/drift_calculator.py,typing.Any,from,7
models/monitoring/drift/drift_calculator.py,numpy,import,9
models/monitoring/drift/drift_calculator.py,scipy.stats,from,10
models/monitoring/drift/drift_calculator.py,src.core.logging.logger.ProjectLogger,from,12
models/monitoring/drift/drift_calculator.py,scipy.stats.wasserstein_distance,from,143
models/monitoring/drift/drift_calculator.py,sklearn.metrics.mean_absolute_error,from,188
models/monitoring/drift/drift_calculator.py,sklearn.metrics.mean_squared_error,from,188
models/monitoring/drift/drift_calculator.py,sklearn.metrics.r2_score,from,188
models/monitoring/drift/drift_visualizer.py,typing.Any,from,7
models/monitoring/drift/drift_visualizer.py,matplotlib.pyplot,import,9
models/monitoring/drift/drift_visualizer.py,numpy,import,10
models/monitoring/drift/drift_visualizer.py,src.core.logging.logger.ProjectLogger,from,12
models/monitoring/drift/drift_visualizer.py,matplotlib.pyplot,import,54
models/monitoring/drift/drift_visualizer.py,seaborn,import,55
models/monitoring/drift/drift_visualizer.py,matplotlib.pyplot,import,112
models/monitoring/drift/drift_visualizer.py,matplotlib.pyplot,import,182
models/monitoring/drift/drift_visualizer.py,matplotlib.pyplot,import,292
models/monitoring/drift/drift_visualizer.py,matplotlib.pyplot,import,347
models/monitoring/drift/history.py,logging,import,1
models/monitoring/drift/history.py,collections.deque,from,2
models/monitoring/drift/history.py,datetime.datetime,from,3
models/monitoring/drift/history.py,typing.Any,from,4
models/monitoring/drift/history.py,src.core.exceptions.DataProcessingError,from,6
models/monitoring/drift/__init__.py,alert_system.AlertSystem,from,7
models/monitoring/drift/__init__.py,alert_system.get_alert_system,from,7
models/monitoring/drift/__init__.py,drift_calculator.DriftCalculator,from,8
models/monitoring/drift/__init__.py,drift_calculator.get_drift_calculator,from,8
models/monitoring/drift/__init__.py,drift_visualizer.DriftVisualizer,from,9
models/monitoring/drift/__init__.py,drift_visualizer.get_drift_visualizer,from,9
monitoring/infrastructure/resource_monitor.py,queue,import,1
monitoring/infrastructure/resource_monitor.py,time,import,2
monitoring/infrastructure/resource_monitor.py,collections.abc.Callable,from,3
monitoring/infrastructure/resource_monitor.py,concurrent.futures.ThreadPoolExecutor,from,4
monitoring/infrastructure/resource_monitor.py,datetime.datetime,from,5
monitoring/infrastructure/resource_monitor.py,functools.wraps,from,6
monitoring/infrastructure/resource_monitor.py,threading.Lock,from,7
monitoring/infrastructure/resource_monitor.py,threading.Thread,from,7
monitoring/infrastructure/resource_monitor.py,typing.Any,from,8
monitoring/infrastructure/resource_monitor.py,psutil,import,10
monitoring/infrastructure/resource_monitor.py,src.core.logging.logger.ProjectLogger,from,12
monitoring/reporting/performance_reports.py,json,import,1
monitoring/reporting/performance_reports.py,os,import,2
monitoring/reporting/performance_reports.py,datetime.datetime,from,3
monitoring/reporting/performance_reports.py,typing.Any,from,4
monitoring/reporting/performance_reports.py,pandas,import,6
monitoring/reporting/performance_reports.py,src.config.unified_config_manager.UnifiedConfigManager,from,8
monitoring/reporting/performance_reports.py,src.config.unified_config_manager.get_current_config,from,8
monitoring/reporting/performance_reports.py,src.core.logging.logger.ProjectLogger,from,9
monitoring/reporting/performance_reports.py,src.monitoring.infrastructure.resource_monitor.get_resource_monitor,from,10
optimization/hyperparameters/bayesian.py,collections.abc.Callable,from,3
optimization/hyperparameters/bayesian.py,typing.Any,from,4
optimization/hyperparameters/bayesian.py,numpy,import,6
optimization/hyperparameters/bayesian.py,sklearn.model_selection.TimeSeriesSplit,from,7
optimization/hyperparameters/bayesian.py,sklearn.model_selection.cross_val_score,from,7
optimization/hyperparameters/bayesian.py,src.optimization.base.BaseOptimizer,from,9
optimization/hyperparameters/bayesian.py,optuna,import,12
optimization/portfolio/optimizer.py,dataclasses.dataclass,from,5
optimization/portfolio/optimizer.py,typing.Any,from,6
optimization/portfolio/optimizer.py,numpy,import,8
optimization/portfolio/optimizer.py,pandas,import,9
optimization/portfolio/optimizer.py,scipy.cluster.hierarchy.dendrogram,from,10
optimization/portfolio/optimizer.py,scipy.cluster.hierarchy.linkage,from,10
optimization/portfolio/optimizer.py,scipy.optimize.minimize,from,11
optimization/portfolio/optimizer.py,src.core.error_handling.error_handler.ErrorHandler,from,13
optimization/portfolio/optimizer.py,src.core.error_handling.error_handler.IErrorHandler,from,13
optimization/portfolio/optimizer.py,src.core.logging.logger.ProjectLogger,from,14
optimization/portfolio/optimizer.py,src.metrics.calculator.MetricsCalculator,from,15
optimization/portfolio/optimizer.py,src.optimization.base.BaseOptimizer,from,16
optimization/portfolio/optimizer.py,sklearn.covariance.LedoitWolf,from,157
pipeline/guards/macro_release_timing_guard.py,datetime.time,from,7
pipeline/guards/macro_release_timing_guard.py,typing.Any,from,8
pipeline/guards/macro_release_timing_guard.py,zoneinfo.ZoneInfo,from,9
pipeline/guards/macro_release_timing_guard.py,pandas,import,11
pipeline/guards/macro_release_timing_guard.py,src.core.logging.logger.ProjectLogger,from,13
pipeline/guards/safe_feature_combiner.py,logging,import,7
pipeline/guards/safe_feature_combiner.py,typing.Any,from,8
pipeline/guards/safe_feature_combiner.py,pandas,import,10
pipeline/guards/safe_feature_combiner.py,src.core.logging.logger.ProjectLogger,from,12
pipeline/guards/safe_feature_combiner.py,src.pipeline.guards.timeframe_alignment_guard.TimeframeAlignmentGuard,from,13
pipeline/guards/temporal_leakage_guard.py,re,import,7
pipeline/guards/temporal_leakage_guard.py,typing.Any,from,8
pipeline/guards/temporal_leakage_guard.py,pandas,import,10
pipeline/guards/temporal_leakage_guard.py,src.core.logging.logger.ProjectLogger,from,12
pipeline/guards/temporal_target_guard.py,pandas,import,3
pipeline/guards/temporal_target_guard.py,src.core.logging.logger.ProjectLogger,from,5
pipeline/guards/temporal_target_guard.py,src.targets.calculators.classification_calculator.ClassificationCalculator,from,70
pipeline/guards/temporal_target_guard.py,src.targets.calculators.indicator_prediction_calculator.IndicatorPredictionCalculator,from,71
pipeline/guards/temporal_target_guard.py,src.targets.calculators.regression_calculator.RegressionCalculator,from,72
pipeline/guards/timeframe_alignment_guard.py,datetime.time,from,7
pipeline/guards/timeframe_alignment_guard.py,typing.Any,from,8
pipeline/guards/timeframe_alignment_guard.py,pandas,import,10
pipeline/guards/timeframe_alignment_guard.py,src.core.logging.logger.ProjectLogger,from,12
pipeline/guards/__init__.py,macro_release_timing_guard.MacroReleaseTimingGuard,from,19
pipeline/guards/__init__.py,macro_release_timing_guard.get_macro_release_timing_guard,from,19
pipeline/guards/__init__.py,macro_release_timing_guard.validate_macro_timing_quick,from,19
pipeline/guards/__init__.py,safe_feature_combiner.SafeFeatureCombiner,from,24
pipeline/guards/__init__.py,safe_feature_combiner.combine_timeframes_quick,from,24
pipeline/guards/__init__.py,safe_feature_combiner.get_safe_feature_combiner,from,24
pipeline/guards/__init__.py,temporal_leakage_guard.TemporalLeakageGuard,from,25
pipeline/guards/__init__.py,temporal_leakage_guard.get_temporal_leakage_guard,from,25
pipeline/guards/__init__.py,temporal_leakage_guard.validate_temporal_leakage_quick,from,25
pipeline/guards/__init__.py,temporal_target_guard.TemporalTargetGuard,from,26
pipeline/guards/__init__.py,temporal_target_guard.generate_targets_quick,from,26
pipeline/guards/__init__.py,temporal_target_guard.get_temporal_target_guard,from,26
pipeline/guards/__init__.py,timeframe_alignment_guard.TimeframeAlignmentGuard,from,27
pipeline/guards/__init__.py,timeframe_alignment_guard.get_timeframe_alignment_guard,from,27
pipeline/guards/__init__.py,timeframe_alignment_guard.validate_timeframes_quick,from,27
pipeline/hybrid/cache_manager.py,json,import,5
pipeline/hybrid/cache_manager.py,datetime.datetime,from,6
pipeline/hybrid/cache_manager.py,pathlib.Path,from,7
pipeline/hybrid/cache_manager.py,typing.Any,from,8
pipeline/hybrid/cache_manager.py,pandas,import,10
pipeline/hybrid/cache_manager.py,src.core.logging.logger.ProjectLogger,from,12
pipeline/hybrid/colab_manager.py,json,import,7
pipeline/hybrid/colab_manager.py,logging,import,8
pipeline/hybrid/colab_manager.py,dataclasses.dataclass,from,9
pipeline/hybrid/colab_manager.py,datetime.datetime,from,10
pipeline/hybrid/colab_manager.py,pathlib.Path,from,11
pipeline/hybrid/colab_manager.py,typing.Any,from,12
pipeline/hybrid/colab_manager.py,pandas,import,14
pipeline/hybrid/colab_manager.py,src.core.logging.logger.ProjectLogger,from,16
pipeline/hybrid/colab_manager.py,src.features.validation.feature_leakage_guard.FeatureLeakageGuard,from,17
pipeline/hybrid/colab_workflow_manager.py,json,import,9
pipeline/hybrid/colab_workflow_manager.py,pathlib.Path,from,10
pipeline/hybrid/colab_workflow_manager.py,typing.Any,from,11
pipeline/hybrid/colab_workflow_manager.py,pandas,import,13
pipeline/hybrid/colab_workflow_manager.py,src.core.logging.logger.ProjectLogger,from,15
pipeline/hybrid/component_factory.py,typing.Any,from,1
pipeline/hybrid/component_factory.py,src.core.exceptions.DataProcessingError,from,3
pipeline/hybrid/component_factory.py,src.core.logging.logger.ProjectLogger,from,4
pipeline/hybrid/component_factory.py,src.pipeline.stages.stage_0_data_generation.DataGenerator,from,5
pipeline/hybrid/component_factory.py,cache_manager.CacheManager,from,7
pipeline/hybrid/component_factory.py,colab_manager.ColabManager,from,8
pipeline/hybrid/component_factory.py,colab_workflow_manager.ColabWorkflowManager,from,9
pipeline/hybrid/component_factory.py,context_builder.ContextBuilder,from,10
pipeline/hybrid/component_factory.py,data_batch_manager.DataBatchManager,from,11
pipeline/hybrid/component_factory.py,data_cache_manager.DataCacheManager,from,12
pipeline/hybrid/component_factory.py,data_manager.HybridDataManager,from,15
pipeline/hybrid/component_factory.py,data_processor.DataProcessor,from,16
pipeline/hybrid/component_factory.py,data_utils.DataUtils,from,17
pipeline/hybrid/component_factory.py,feature_processor.FeatureProcessor,from,18
pipeline/hybrid/component_factory.py,feature_selection_manager.FeatureSelectionManager,from,19
pipeline/hybrid/component_factory.py,feature_selection_validator.FeatureSelectionValidator,from,20
pipeline/hybrid/component_factory.py,final_stages_executor.FinalStagesExecutor,from,21
pipeline/hybrid/component_factory.py,final_stages_orchestrator.FinalStagesOrchestrator,from,22
pipeline/hybrid/component_factory.py,light_models_trainer.LightModelsTrainer,from,23
pipeline/hybrid/component_factory.py,metadata_manager.MetadataManager,from,24
pipeline/hybrid/component_factory.py,model_training_orchestrator.ModelTrainingOrchestrator,from,25
pipeline/hybrid/component_factory.py,orchestrator_interface.OrchestratorInterface,from,26
pipeline/hybrid/component_factory.py,pipeline_executor.PipelineExecutor,from,27
pipeline/hybrid/component_factory.py,pipeline_manager.PipelineManager,from,28
pipeline/hybrid/component_factory.py,pipeline_metadata_manager.PipelineMetadataManager,from,29
pipeline/hybrid/component_factory.py,pipeline_runner.PipelineRunner,from,30
pipeline/hybrid/component_factory.py,results_processor.ResultsProcessor,from,31
pipeline/hybrid/component_factory.py,selected_features_processor.SelectedFeaturesProcessor,from,32
pipeline/hybrid/component_factory.py,storage_manager.StorageManager,from,33
pipeline/hybrid/component_factory.py,test_mode_manager.TestModeManager,from,34
pipeline/hybrid/context_builder.py,pathlib.Path,from,9
pipeline/hybrid/context_builder.py,typing.Any,from,10
pipeline/hybrid/context_builder.py,src.core.logging.logger.ProjectLogger,from,12
pipeline/hybrid/context_builder.py,test_mode_manager.TestModeManager,from,14
pipeline/hybrid/contracts.py,dataclasses.dataclass,from,1
pipeline/hybrid/contracts.py,pathlib.Path,from,2
pipeline/hybrid/contracts.py,typing.Any,from,3
pipeline/hybrid/contracts.py,pandas,import,5
pipeline/hybrid/data_batch_manager.py,json,import,6
pipeline/hybrid/data_batch_manager.py,logging,import,7
pipeline/hybrid/data_batch_manager.py,shutil,import,8
pipeline/hybrid/data_batch_manager.py,pathlib.Path,from,9
pipeline/hybrid/data_batch_manager.py,typing.Any,from,10
pipeline/hybrid/data_batch_manager.py,pandas,import,12
pipeline/hybrid/data_batch_manager.py,src.core.logging.logger.ProjectLogger,from,14
pipeline/hybrid/data_cache_manager.py,logging,import,5
pipeline/hybrid/data_cache_manager.py,pathlib.Path,from,6
pipeline/hybrid/data_cache_manager.py,typing.Any,from,7
pipeline/hybrid/data_cache_manager.py,pandas,import,9
pipeline/hybrid/data_cache_manager.py,src.core.logging.logger.ProjectLogger,from,11
pipeline/hybrid/data_components_context.py,pathlib.Path,from,1
pipeline/hybrid/data_components_context.py,typing.Any,from,2
pipeline/hybrid/data_components_context.py,src.pipeline.hybrid.data_cache_manager.DataCacheManager,from,4
pipeline/hybrid/data_components_context.py,src.pipeline.hybrid.data_manager.HybridDataManager,from,5
pipeline/hybrid/data_components_context.py,src.pipeline.hybrid.data_processor.DataProcessor,from,6
pipeline/hybrid/data_components_context.py,src.pipeline.hybrid.data_utils.DataUtils,from,7
pipeline/hybrid/data_components_context.py,src.pipeline.hybrid.storage_manager.StorageManager,from,8
pipeline/hybrid/data_manager.py,pathlib.Path,from,5
pipeline/hybrid/data_manager.py,typing.Any,from,6
pipeline/hybrid/data_manager.py,pandas,import,8
pipeline/hybrid/data_manager.py,src.core.logging.logger.ProjectLogger,from,10
pipeline/hybrid/data_manager.py,numpy,import,81
pipeline/hybrid/data_processor.py,typing.Any,from,6
pipeline/hybrid/data_processor.py,pandas,import,8
pipeline/hybrid/data_processor.py,src.core.logging.logger.ProjectLogger,from,10
pipeline/hybrid/data_processor.py,pathlib.Path,from,69
pipeline/hybrid/data_utils.py,pathlib.Path,from,7
pipeline/hybrid/data_utils.py,typing.Any,from,8
pipeline/hybrid/data_utils.py,numpy,import,10
pipeline/hybrid/data_utils.py,pandas,import,11
pipeline/hybrid/data_utils.py,src.core.logging.logger.ProjectLogger,from,13
pipeline/hybrid/feature_loader.py,json,import,1
pipeline/hybrid/feature_loader.py,logging,import,2
pipeline/hybrid/feature_loader.py,pathlib.Path,from,3
pipeline/hybrid/feature_loader.py,aiofiles,import,5
pipeline/hybrid/feature_processor.py,pathlib.Path,from,8
pipeline/hybrid/feature_processor.py,pandas,import,10
pipeline/hybrid/feature_processor.py,src.core.logging.logger.ProjectLogger,from,12
pipeline/hybrid/feature_selection_manager.py,json,import,7
pipeline/hybrid/feature_selection_manager.py,dataclasses.dataclass,from,8
pipeline/hybrid/feature_selection_manager.py,pathlib.Path,from,9
pipeline/hybrid/feature_selection_manager.py,pandas,import,11
pipeline/hybrid/feature_selection_manager.py,src.core.logging.logger.ProjectLogger,from,13
pipeline/hybrid/feature_selection_manager.py,src.pipeline.hybrid.feature_selection_validator.MockFeatureFilesRequest,from,14
pipeline/hybrid/feature_selection_validator.py,json,import,6
pipeline/hybrid/feature_selection_validator.py,logging,import,7
pipeline/hybrid/feature_selection_validator.py,dataclasses.dataclass,from,8
pipeline/hybrid/feature_selection_validator.py,datetime.datetime,from,9
pipeline/hybrid/feature_selection_validator.py,pathlib.Path,from,10
pipeline/hybrid/feature_selection_validator.py,typing.Any,from,11
pipeline/hybrid/feature_selection_validator.py,pandas,import,13
pipeline/hybrid/feature_selection_validator.py,src.core.logging.logger.ProjectLogger,from,15
pipeline/hybrid/final_stages_executor.py,json,import,5
pipeline/hybrid/final_stages_executor.py,time,import,6
pipeline/hybrid/final_stages_executor.py,datetime.datetime,from,7
pipeline/hybrid/final_stages_executor.py,pathlib.Path,from,8
pipeline/hybrid/final_stages_executor.py,typing.Any,from,9
pipeline/hybrid/final_stages_executor.py,pandas,import,10
pipeline/hybrid/final_stages_executor.py,src.core.logging.logger.ProjectLogger,from,12
pipeline/hybrid/final_stages_executor.py,src.pipeline.pipeline_orchestrator.PipelineOrchestrator,from,13
pipeline/hybrid/final_stages_executor.py,src.factories.model_factory.ModelFactory,from,71
pipeline/hybrid/final_stages_executor.py,aiofiles,import,189
pipeline/hybrid/final_stages_orchestrator.py,json,import,8
pipeline/hybrid/final_stages_orchestrator.py,time,import,9
pipeline/hybrid/final_stages_orchestrator.py,datetime.datetime,from,10
pipeline/hybrid/final_stages_orchestrator.py,pathlib.Path,from,11
pipeline/hybrid/final_stages_orchestrator.py,typing.Any,from,12
pipeline/hybrid/final_stages_orchestrator.py,typing.cast,from,12
pipeline/hybrid/final_stages_orchestrator.py,aiofiles,import,14
pipeline/hybrid/final_stages_orchestrator.py,pandas,import,15
pipeline/hybrid/final_stages_orchestrator.py,src.config.unified_config_manager.UnifiedConfigManager,from,17
pipeline/hybrid/final_stages_orchestrator.py,src.core.logging.logger.ProjectLogger,from,18
pipeline/hybrid/final_stages_orchestrator.py,src.pipeline.pipeline_orchestrator.PipelineOrchestrator,from,19
pipeline/hybrid/final_stages_orchestrator.py,src.pipeline.hybrid.contracts.HybridFinalStagesRequest,from,106
pipeline/hybrid/final_stages_orchestrator.py,src.pipeline.hybrid.results_processor.ResultsProcessor,from,115
pipeline/hybrid/hybrid_dataclasses.py,src.pipeline.hybrid.contracts.ColabBatchRequest,from,3
pipeline/hybrid/hybrid_dataclasses.py,src.pipeline.hybrid.contracts.HybridFinalStagesRequest,from,3
pipeline/hybrid/hybrid_dataclasses.py,src.pipeline.hybrid.contracts.HybridMockFeaturesRequest,from,3
pipeline/hybrid/hybrid_dataclasses.py,src.pipeline.hybrid.contracts.HybridPipelineConfig,from,3
pipeline/hybrid/hybrid_dataclasses.py,src.pipeline.hybrid.contracts.ModelTrainingContext,from,3
pipeline/hybrid/light_models_trainer.py,copy,import,5
pipeline/hybrid/light_models_trainer.py,dataclasses.dataclass,from,6
pipeline/hybrid/light_models_trainer.py,datetime.datetime,from,7
pipeline/hybrid/light_models_trainer.py,pathlib.Path,from,8
pipeline/hybrid/light_models_trainer.py,typing.Any,from,9
pipeline/hybrid/light_models_trainer.py,typing.cast,from,9
pipeline/hybrid/light_models_trainer.py,aiofiles,import,11
pipeline/hybrid/light_models_trainer.py,pandas,import,12
pipeline/hybrid/light_models_trainer.py,src.core.logging.logger.ProjectLogger,from,14
pipeline/hybrid/light_models_trainer.py,src.pipeline.pipeline_orchestrator.PipelineOrchestrator,from,15
pipeline/hybrid/light_models_trainer.py,json,import,96
pipeline/hybrid/light_models_trainer.py,json,import,135
pipeline/hybrid/light_models_trainer.py,pathlib.Path,from,136
pipeline/hybrid/light_models_trainer.py,json,import,84
pipeline/hybrid/metadata_manager.py,json,import,6
pipeline/hybrid/metadata_manager.py,pickle,import,7
pipeline/hybrid/metadata_manager.py,dataclasses.dataclass,from,8
pipeline/hybrid/metadata_manager.py,datetime.datetime,from,9
pipeline/hybrid/metadata_manager.py,pathlib.Path,from,10
pipeline/hybrid/metadata_manager.py,typing.Any,from,11
pipeline/hybrid/metadata_manager.py,src.core.logging.logger.ProjectLogger,from,13
pipeline/hybrid/model_training_orchestrator.py,logging,import,6
pipeline/hybrid/model_training_orchestrator.py,datetime.datetime,from,7
pipeline/hybrid/model_training_orchestrator.py,pathlib.Path,from,8
pipeline/hybrid/model_training_orchestrator.py,typing.Any,from,9
pipeline/hybrid/model_training_orchestrator.py,typing.cast,from,9
pipeline/hybrid/model_training_orchestrator.py,numpy,import,11
pipeline/hybrid/model_training_orchestrator.py,pandas,import,12
pipeline/hybrid/model_training_orchestrator.py,sklearn.metrics.accuracy_score,from,13
pipeline/hybrid/model_training_orchestrator.py,sklearn.metrics.mean_absolute_error,from,13
pipeline/hybrid/model_training_orchestrator.py,sklearn.metrics.mean_squared_error,from,13
pipeline/hybrid/model_training_orchestrator.py,sklearn.metrics.r2_score,from,13
pipeline/hybrid/model_training_orchestrator.py,src.core.logging.logger.ProjectLogger,from,15
pipeline/hybrid/orchestrator_config.py,dataclasses.dataclass,from,7
pipeline/hybrid/orchestrator_config.py,importlib.util.find_spec,from,8
pipeline/hybrid/orchestrator_config.py,pathlib.Path,from,9
pipeline/hybrid/orchestrator_config.py,typing.Any,from,10
pipeline/hybrid/orchestrator_config.py,src.config.unified_config_manager.UnifiedConfigManager,from,12
pipeline/hybrid/orchestrator_config.py,src.core.logging.logger.ProjectLogger,from,13
pipeline/hybrid/orchestrator_context.py,functools.cached_property,from,1
pipeline/hybrid/orchestrator_context.py,pathlib.Path,from,2
pipeline/hybrid/orchestrator_context.py,typing.Any,from,3
pipeline/hybrid/orchestrator_context.py,src.pipeline.hybrid.orchestrator_config.OrchestratorConfigManager,from,43
pipeline/hybrid/orchestrator_context.py,src.pipeline.hybrid.data_components_context.DataComponentsContext,from,56
pipeline/hybrid/orchestrator_context.py,src.pipeline.hybrid.feature_processor.FeatureProcessor,from,62
pipeline/hybrid/orchestrator_context.py,src.pipeline.hybrid.cache_manager.CacheManager,from,68
pipeline/hybrid/orchestrator_context.py,src.pipeline.hybrid.colab_manager.ColabManager,from,74
pipeline/hybrid/orchestrator_context.py,src.pipeline.hybrid.pipeline_executor.PipelineExecutor,from,80
pipeline/hybrid/orchestrator_context.py,src.pipeline.hybrid.feature_selection_manager.FeatureSelectionManager,from,90
pipeline/hybrid/orchestrator_context.py,src.pipeline.hybrid.metadata_manager.MetadataManager,from,96
pipeline/hybrid/orchestrator_context.py,src.pipeline.hybrid.light_models_trainer.LightModelsTrainer,from,102
pipeline/hybrid/orchestrator_context.py,src.pipeline.hybrid.colab_workflow_manager.ColabWorkflowManager,from,115
pipeline/hybrid/orchestrator_context.py,src.pipeline.hybrid.final_stages_executor.FinalStagesExecutor,from,125
pipeline/hybrid/orchestrator_context.py,src.pipeline.hybrid.data_batch_manager.DataBatchManager,from,135
pipeline/hybrid/orchestrator_context.py,src.pipeline.hybrid.model_training_orchestrator.ModelTrainingOrchestrator,from,141
pipeline/hybrid/orchestrator_context.py,src.pipeline.hybrid.test_mode_manager.TestModeManager,from,147
pipeline/hybrid/orchestrator_context.py,src.pipeline.hybrid.context_builder.ContextBuilder,from,153
pipeline/hybrid/orchestrator_context.py,src.pipeline.hybrid.feature_selection_validator.FeatureSelectionValidator,from,159
pipeline/hybrid/orchestrator_context.py,src.pipeline.hybrid.selected_features_processor.SelectedFeaturesProcessor,from,165
pipeline/hybrid/orchestrator_context.py,src.pipeline.hybrid.results_processor.ResultsProcessor,from,174
pipeline/hybrid/orchestrator_context.py,src.pipeline.hybrid.pipeline_runner.PipelineRunner,from,180
pipeline/hybrid/orchestrator_context.py,src.pipeline.hybrid.pipeline_metadata_manager.PipelineMetadataManager,from,192
pipeline/hybrid/orchestrator_context.py,src.pipeline.hybrid.final_stages_orchestrator.FinalStagesOrchestrator,from,203
pipeline/hybrid/orchestrator_interface.py,pathlib.Path,from,6
pipeline/hybrid/orchestrator_interface.py,typing.Any,from,7
pipeline/hybrid/orchestrator_interface.py,pandas,import,9
pipeline/hybrid/orchestrator_interface.py,src.core.logging.logger.ProjectLogger,from,11
pipeline/hybrid/orchestrator_interface.py,pipeline_config.FinalStagesParams,from,13
pipeline/hybrid/orchestrator_interface.py,pipeline_config.PipelineParams,from,13
pipeline/hybrid/orchestrator_interface.py,src.pipeline.hybrid.colab_manager.BatchPreparationConfig,from,110
pipeline/hybrid/pipeline_config.py,dataclasses.dataclass,from,6
pipeline/hybrid/pipeline_config.py,typing.Any,from,7
pipeline/hybrid/pipeline_config.py,pandas,import,9
pipeline/hybrid/pipeline_executor.py,json,import,6
pipeline/hybrid/pipeline_executor.py,pickle,import,7
pipeline/hybrid/pipeline_executor.py,pathlib.Path,from,8
pipeline/hybrid/pipeline_executor.py,typing.Any,from,9
pipeline/hybrid/pipeline_executor.py,pandas,import,11
pipeline/hybrid/pipeline_executor.py,src.core.logging.logger.ProjectLogger,from,13
pipeline/hybrid/pipeline_executor.py,metadata_manager.MetadataManager,from,25
pipeline/hybrid/pipeline_executor.py,metadata_manager.MetadataParams,from,104
pipeline/hybrid/pipeline_executor.py,metadata_manager.SaveMetadataParams,from,117
pipeline/hybrid/pipeline_manager.py,pathlib.Path,from,7
pipeline/hybrid/pipeline_manager.py,typing.Any,from,8
pipeline/hybrid/pipeline_manager.py,typing.cast,from,8
pipeline/hybrid/pipeline_manager.py,pandas,import,10
pipeline/hybrid/pipeline_manager.py,src.core.logging.logger.ProjectLogger,from,12
pipeline/hybrid/pipeline_manager.py,src.pipeline.hybrid.colab_manager.BatchPreparationConfig,from,13
pipeline/hybrid/pipeline_manager.py,src.pipeline.hybrid.contracts.HybridFinalStagesRequest,from,14
pipeline/hybrid/pipeline_manager.py,pipeline_config.FinalStagesParams,from,16
pipeline/hybrid/pipeline_manager.py,pipeline_config.PipelineParams,from,16
pipeline/hybrid/pipeline_manager.py,json,import,135
pipeline/hybrid/pipeline_metadata_manager.py,json,import,6
pipeline/hybrid/pipeline_metadata_manager.py,datetime.datetime,from,7
pipeline/hybrid/pipeline_metadata_manager.py,pathlib.Path,from,8
pipeline/hybrid/pipeline_metadata_manager.py,typing.Any,from,9
pipeline/hybrid/pipeline_metadata_manager.py,aiofiles,import,11
pipeline/hybrid/pipeline_metadata_manager.py,src.core.logging.logger.ProjectLogger,from,13
pipeline/hybrid/pipeline_runner.py,time,import,5
pipeline/hybrid/pipeline_runner.py,datetime.datetime,from,6
pipeline/hybrid/pipeline_runner.py,pathlib.Path,from,7
pipeline/hybrid/pipeline_runner.py,typing.Any,from,8
pipeline/hybrid/pipeline_runner.py,pandas,import,10
pipeline/hybrid/pipeline_runner.py,src.core.logging.logger.ProjectLogger,from,12
pipeline/hybrid/pipeline_runner.py,src.pipeline.hybrid.metadata_manager.MetadataManager,from,13
pipeline/hybrid/pipeline_runner.py,src.pipeline.hybrid.metadata_manager.MetadataParams,from,13
pipeline/hybrid/pipeline_runner.py,src.pipeline.pipeline_orchestrator.PipelineOrchestrator,from,14
pipeline/hybrid/pipeline_runner.py,pickle,import,117
pipeline/hybrid/pipeline_runner.py,json,import,157
pipeline/hybrid/results_processor.py,json,import,6
pipeline/hybrid/results_processor.py,logging,import,7
pipeline/hybrid/results_processor.py,os,import,8
pipeline/hybrid/results_processor.py,pathlib.Path,from,9
pipeline/hybrid/results_processor.py,typing.Any,from,10
pipeline/hybrid/results_processor.py,src.core.logging.logger.ProjectLogger,from,12
pipeline/hybrid/selected_features_processor.py,json,import,7
pipeline/hybrid/selected_features_processor.py,dataclasses.dataclass,from,8
pipeline/hybrid/selected_features_processor.py,pathlib.Path,from,9
pipeline/hybrid/selected_features_processor.py,typing.Any,from,10
pipeline/hybrid/selected_features_processor.py,aiofiles,import,12
pipeline/hybrid/selected_features_processor.py,src.core.logging.logger.ProjectLogger,from,14
pipeline/hybrid/selected_features_processor.py,context_builder.ContextBuilder,from,16
pipeline/hybrid/selected_features_processor.py,feature_selection_validator.FeatureSelectionValidator,from,17
pipeline/hybrid/selected_features_processor.py,feature_selection_validator.MockFeaturesRequest,from,17
pipeline/hybrid/storage_helpers.py,importlib.util.find_spec,from,1
pipeline/hybrid/storage_helpers.py,pathlib.Path,from,2
pipeline/hybrid/storage_helpers.py,src.core.logging.logger.ProjectLogger,from,4
pipeline/hybrid/storage_helpers.py,google.oauth2.service_account,from,15
pipeline/hybrid/storage_helpers.py,google.oauth2.credentials.Credentials,from,16
pipeline/hybrid/storage_helpers.py,googleapiclient.discovery.build,from,17
pipeline/hybrid/storage_helpers.py,boto3,import,66
pipeline/hybrid/storage_helpers.py,google.cloud.storage,from,87
pipeline/hybrid/storage_manager.py,pathlib.Path,from,5
pipeline/hybrid/storage_manager.py,src.core.logging.logger.ProjectLogger,from,7
pipeline/hybrid/storage_manager.py,googleapiclient.discovery.build,from,32
pipeline/hybrid/storage_manager.py,boto3,import,54
pipeline/hybrid/storage_manager.py,google.cloud.storage,from,70
pipeline/hybrid/test_mode_manager.py,json,import,7
pipeline/hybrid/test_mode_manager.py,pathlib.Path,from,8
pipeline/hybrid/test_mode_manager.py,aiofiles,import,10
pipeline/hybrid/test_mode_manager.py,pandas,import,11
pipeline/hybrid/test_mode_manager.py,src.core.logging.logger.ProjectLogger,from,13
pipeline/hybrid/__init__.py,cache_manager.CacheManager,from,11
pipeline/hybrid/__init__.py,colab_manager.ColabManager,from,12
pipeline/hybrid/__init__.py,contracts.HybridFinalStagesRequest,from,13
pipeline/hybrid/__init__.py,contracts.HybridPipelineRequest,from,13
pipeline/hybrid/__init__.py,data_manager.HybridDataManager,from,14
pipeline/hybrid/__init__.py,data_utils.DataUtils,from,15
pipeline/hybrid/__init__.py,feature_processor.FeatureProcessor,from,16
pipeline/hybrid/__init__.py,feature_selection_manager.FeatureSelectionManager,from,17
pipeline/hybrid/__init__.py,metadata_manager.MetadataManager,from,18
pipeline/hybrid/__init__.py,metadata_manager.MetadataParams,from,18
pipeline/hybrid/__init__.py,metadata_manager.SaveMetadataParams,from,18
pipeline/hybrid/__init__.py,orchestrator_config.OrchestratorConfigManager,from,19
pipeline/hybrid/__init__.py,orchestrator_config.PipelineConfig,from,19
pipeline/hybrid/__init__.py,orchestrator_interface.OrchestratorInterface,from,20
pipeline/hybrid/__init__.py,pipeline_config.ColabBatchParams,from,21
pipeline/hybrid/__init__.py,pipeline_config.FinalStagesParams,from,21
pipeline/hybrid/__init__.py,pipeline_config.PipelineParams,from,21
pipeline/hybrid/__init__.py,pipeline_executor.PipelineExecutor,from,22
pipeline/hybrid/__init__.py,pipeline_manager.PipelineManager,from,23
pipeline/hybrid/__init__.py,storage_manager.StorageManager,from,24
pipeline/stages/base_stage.py,abc.ABC,from,3
pipeline/stages/base_stage.py,abc.abstractmethod,from,3
pipeline/stages/base_stage.py,typing.Any,from,4
pipeline/stages/base_stage.py,src.config.unified_config_manager.UnifiedConfigManager,from,6
pipeline/stages/base_stage.py,src.core.clients.http_client_factory.HttpClientFactory,from,7
pipeline/stages/base_stage.py,src.core.error_handling.error_handler.ErrorHandler,from,8
pipeline/stages/incremental_pipeline.py,datetime.datetime,from,3
pipeline/stages/incremental_pipeline.py,datetime.timedelta,from,3
pipeline/stages/incremental_pipeline.py,typing.Dict,from,4
pipeline/stages/incremental_pipeline.py,typing.Any,from,4
pipeline/stages/incremental_pipeline.py,typing.Optional,from,4
pipeline/stages/incremental_pipeline.py,utils.news_harmonizer.harmonize_entry,from,5
pipeline/stages/incremental_pipeline.py,collectors.base_collector._hash_item,from,6
pipeline/stages/incremental_pipeline.py,pandas,import,7
pipeline/stages/incremental_pipeline.py,sqlite3,import,8
pipeline/stages/incremental_pipeline.py,logging,import,9
pipeline/stages/stage_0_data_generation.py,typing.Any,from,8
pipeline/stages/stage_0_data_generation.py,numpy,import,10
pipeline/stages/stage_0_data_generation.py,pandas,import,11
pipeline/stages/stage_0_data_generation.py,src.config.unified_config_manager.UnifiedConfigManager,from,13
pipeline/stages/stage_0_data_generation.py,src.core.logging.logger.ProjectLogger,from,14
pipeline/stages/stage_0_setup.py,logging,import,7
pipeline/stages/stage_0_setup.py,os,import,8
pipeline/stages/stage_0_setup.py,typing.Any,from,9
pipeline/stages/stage_0_setup.py,src.config.unified_config_manager.UnifiedConfigManager,from,11
pipeline/stages/stage_0_setup.py,src.core.error_handling.error_handler.ErrorHandler,from,12
pipeline/stages/stage_0_setup.py,src.core.logging.logger.ProjectLogger,from,13
pipeline/stages/stage_0_setup.py,src.pipeline.stages.base_stage.BaseStage,from,14
pipeline/stages/stage_1_collection.py,typing.Any,from,1
pipeline/stages/stage_1_collection.py,pandas,import,3
pipeline/stages/stage_1_collection.py,src.config.unified_config_manager.UnifiedConfigManager,from,5
pipeline/stages/stage_1_collection.py,src.core.error_handling.error_handler.ErrorHandler,from,6
pipeline/stages/stage_1_collection.py,src.core.logging.logger.ProjectLogger,from,7
pipeline/stages/stage_1_collection.py,src.data.collectors.collector_factory.CollectorFactory,from,8
pipeline/stages/stage_1_collection.py,src.data.management.data_manager.DataManager,from,9
pipeline/stages/stage_1_collection.py,src.pipeline.stages.base_stage.BaseStage,from,10
pipeline/stages/stage_1_collection.py,src.pipeline.stages.utils.collection_manager.CollectionManager,from,11
pipeline/stages/stage_1_collection.py,src.pipeline.stages.utils.data_schema_mapper.DataSchemaMapper,from,12
pipeline/stages/stage_1_collection.py,src.data.quality.temporal_alignment_checker.TemporalAlignmentChecker,from,209
pipeline/stages/stage_2_processing.py,processing.orchestrator.ProcessingStage,from,6
pipeline/stages/stage_3_feature_engineering.py,feature_engineering.orchestrator.FeatureEngineeringStage,from,6
pipeline/stages/stage_3_improvements.py,typing.Any,from,9
pipeline/stages/stage_3_improvements.py,pandas,import,11
pipeline/stages/stage_3_improvements.py,src.core.logging.logger.ProjectLogger,from,13
pipeline/stages/stage_4_modeling.py,datetime,import,2
pipeline/stages/stage_4_modeling.py,dataclasses.dataclass,from,3
pipeline/stages/stage_4_modeling.py,pathlib.Path,from,4
pipeline/stages/stage_4_modeling.py,typing.Any,from,5
pipeline/stages/stage_4_modeling.py,pandas,import,7
pipeline/stages/stage_4_modeling.py,src.analytics.analyzers.model_comparison_analyzer.ModelComparisonAnalyzer,from,9
pipeline/stages/stage_4_modeling.py,src.config.unified_config_manager.UnifiedConfigManager,from,10
pipeline/stages/stage_4_modeling.py,src.core.logging.logger.ProjectLogger,from,11
pipeline/stages/stage_4_modeling.py,src.models.adapters.data_preparation.prepare_data_for_models,from,12
pipeline/stages/stage_4_modeling.py,src.pipeline.stages.base_stage.BaseStage,from,13
pipeline/stages/stage_4_modeling.py,src.training.constants.BATCH_TRAINER_DEFAULT_BATCH_SIZE,from,14
pipeline/stages/stage_4_modeling.py,src.training.constants.BATCH_TRAINER_DEFAULT_MAX_MEMORY_GB,from,14
pipeline/stages/stage_4_modeling.py,src.training.constants.DEFAULT_TEST_SIZE,from,14
pipeline/stages/stage_4_modeling.py,src.training.unified_training_manager.TrainerConfig,from,19
pipeline/stages/stage_4_modeling.py,src.training.unified_training_manager.TrainingStrategy,from,19
pipeline/stages/stage_4_modeling.py,src.training.unified_training_manager.UnifiedTrainingManager,from,19
pipeline/stages/stage_5_prediction.py,json,import,13
pipeline/stages/stage_5_prediction.py,logging,import,14
pipeline/stages/stage_5_prediction.py,dataclasses.dataclass,from,15
pipeline/stages/stage_5_prediction.py,datetime.datetime,from,16
pipeline/stages/stage_5_prediction.py,pathlib.Path,from,17
pipeline/stages/stage_5_prediction.py,typing.Any,from,18
pipeline/stages/stage_5_prediction.py,numpy,import,20
pipeline/stages/stage_5_prediction.py,pandas,import,21
pipeline/stages/stage_5_prediction.py,src.analytics.context.market_context_analyzer.MarketContextAnalyzer,from,23
pipeline/stages/stage_5_prediction.py,src.analytics.context.prediction_adjuster.PredictionAdjuster,from,24
pipeline/stages/stage_5_prediction.py,src.analytics.detectors.anomaly_detector.AnomalyDetector,from,25
pipeline/stages/stage_5_prediction.py,src.analytics.detectors.critical_signal_detector.CriticalSignalDetector,from,26
pipeline/stages/stage_5_prediction.py,src.analytics.signals.signal_analytics.analyze_signals,from,27
pipeline/stages/stage_5_prediction.py,src.analytics.signals.significance_detector.detect_significant_events,from,28
pipeline/stages/stage_5_prediction.py,src.config.unified_config_manager.UnifiedConfigManager,from,29
pipeline/stages/stage_5_prediction.py,src.core.logging.logger.ProjectLogger,from,30
pipeline/stages/stage_5_prediction.py,src.ensembling.stacked_ensemble.StackedEnsemble,from,31
pipeline/stages/stage_5_prediction.py,src.meta_learning.memory.diary_engine.DiaryEngine,from,32
pipeline/stages/stage_5_prediction.py,src.models.loader.ModelLoaderStrategy,from,33
pipeline/stages/stage_5_prediction.py,src.models.model_pool.get_model_pool,from,34
pipeline/stages/stage_5_prediction.py,src.models.model_selector.adaptive_selector.AdaptiveModelSelector,from,35
pipeline/stages/stage_5_prediction.py,src.models.model_selector.smart_selector.PerformanceHistorySelector,from,36
pipeline/stages/stage_5_prediction.py,src.pipeline.stages.base_stage.BaseStage,from,37
pipeline/stages/stage_5_prediction.py,src.pipeline.stages.prediction.AnomalyEngine,from,38
pipeline/stages/stage_5_prediction.py,src.pipeline.stages.prediction.ModelResolver,from,38
pipeline/stages/stage_5_prediction.py,src.pipeline.stages.prediction.PredictionGenerator,from,38
pipeline/stages/stage_5_prediction.py,src.pipeline.stages.prediction.data_preparation_service.DataPreparationService,from,39
pipeline/stages/stage_5_prediction.py,src.pipeline.stages.prediction.model_selection_service.ModelSelectionService,from,40
pipeline/stages/stage_5_prediction.py,src.pipeline.stages.prediction.prediction_context_manager.PredictionContextManager,from,41
pipeline/stages/stage_5_prediction.py,src.pipeline.stages.prediction.scaler_service.ScalerService,from,42
pipeline/stages/stage_5_prediction.py,src.predictions.caching.get_ensemble_cache,from,43
pipeline/stages/stage_6_trading_execution.py,json,import,7
pipeline/stages/stage_6_trading_execution.py,datetime.UTC,from,8
pipeline/stages/stage_6_trading_execution.py,datetime.datetime,from,8
pipeline/stages/stage_6_trading_execution.py,pathlib.Path,from,9
pipeline/stages/stage_6_trading_execution.py,typing.Any,from,10
pipeline/stages/stage_6_trading_execution.py,src.core.logging.logger.ProjectLogger,from,12
pipeline/stages/stage_6_trading_execution.py,src.meta_learning.memory.diary_engine.DecisionOutcome,from,13
pipeline/stages/stage_6_trading_execution.py,src.meta_learning.memory.diary_engine.DecisionRecord,from,13
pipeline/stages/stage_6_trading_execution.py,src.meta_learning.memory.diary_engine.DecisionType,from,13
pipeline/stages/stage_6_trading_execution.py,src.meta_learning.memory.diary_engine.DiaryEngine,from,13
pipeline/stages/stage_6_trading_execution.py,src.pipeline.stages.base_stage.BaseStage,from,19
pipeline/stages/stage_6_trading_execution.py,src.risk.elite_risk_metrics.EliteRiskMetrics,from,20
pipeline/stages/stage_6_trading_execution.py,src.risk.max_exposure_monitor.MaxExposureMonitor,from,21
pipeline/stages/stage_6_trading_execution.py,src.trading.adaptive_parameter_manager.AdaptiveParameterManager,from,22
pipeline/stages/stage_6_trading_execution.py,src.trading.consensus_engine.EnhancedConsensusEngine,from,23
pipeline/stages/stage_6_trading_execution.py,src.trading.elite_risk_sizer.EliteRiskSizer,from,24
pipeline/stages/stage_6_trading_execution.py,src.trading.portfolio_manager.PortfolioManager,from,25
pipeline/stages/stage_6_trading_execution.py,src.trading.post_inference_filter.PostInferenceFilter,from,26
pipeline/stages/stage_6_trading_execution.py,src.trading.trader.Trader,from,27
pipeline/stages/stage_6_trading_execution.py,src.trading.trading_orchestrator.TradingOrchestrator,from,28
pipeline/stages/stage_6_trading_execution.py,src.trading.virtual_portfolio.VirtualPortfolio,from,29
pipeline/stages/stage_6_trading_execution.py,aiofiles,import,324
pipeline/stages/stage_7_evaluation.py,asyncio,import,1
pipeline/stages/stage_7_evaluation.py,pathlib.Path,from,2
pipeline/stages/stage_7_evaluation.py,typing.Any,from,3
pipeline/stages/stage_7_evaluation.py,numpy,import,5
pipeline/stages/stage_7_evaluation.py,pandas,import,6
pipeline/stages/stage_7_evaluation.py,src.config.unified_config_manager.UnifiedConfigManager,from,8
pipeline/stages/stage_7_evaluation.py,src.core.error_handling.error_handler.ErrorHandler,from,9
pipeline/stages/stage_7_evaluation.py,src.core.logging.logger.ProjectLogger,from,10
pipeline/stages/stage_7_evaluation.py,src.core.logging.notifier.UniversalNotifier,from,11
pipeline/stages/stage_7_evaluation.py,src.pipeline.stages.base_stage.BaseStage,from,12
pipeline/stages/stage_7_evaluation.py,evaluation.backtest_analyzer.get_backtest_analyzer,from,14
pipeline/stages/stage_7_evaluation.py,evaluation.metrics_calculator.get_metrics_calculator,from,17
pipeline/stages/stage_7_evaluation.py,evaluation.report_generator.get_report_generator,from,18
pipeline/stages/stage_7_evaluation.py,src.analytics.unified_analytics_engine.UnifiedAnalyticsEngine,from,38
pipeline/stages/stage_7_evaluation.py,src.backtesting.advanced.advanced_engine.AdvancedBacktestEngine,from,39
pipeline/stages/stage_7_evaluation.py,src.meta_learning.real_time_learning.RealTimeLearning,from,40
pipeline/stages/stage_config.py,typing.Dict,from,3
pipeline/stages/stage_config.py,typing.List,from,3
pipeline/stages/stage_config.py,typing.Any,from,3
pipeline/stages/stage_config.py,typing.Optional,from,3
pipeline/stages/stage_config.py,dataclasses.dataclass,from,4
pipeline/stages/stage_config.py,enum.Enum,from,5
pipeline/stages/stage_manager.py,os,import,3
pipeline/stages/stage_manager.py,json,import,4
pipeline/stages/stage_manager.py,pickle,import,5
pipeline/stages/stage_manager.py,hashlib,import,6
pipeline/stages/stage_manager.py,datetime.datetime,from,7
pipeline/stages/stage_manager.py,typing.Dict,from,8
pipeline/stages/stage_manager.py,typing.Any,from,8
pipeline/stages/stage_manager.py,typing.Optional,from,8
pipeline/stages/stage_manager.py,typing.Tuple,from,8
pipeline/stages/stage_manager.py,typing.List,from,8
pipeline/stages/stage_manager.py,pandas,import,9
pipeline/stages/stage_manager.py,logging,import,10
pipeline/stages/stage_manager.py,core.stages.stage_2_enrichment.run_stage_2_enrich_optimized,from,14
pipeline/stages/stage_manager.py,core.stages.stage_2_enrichment.run_stage_2_enrichment_fixed,from,14
pipeline/stages/stage_manager.py,core.stages.stage_3_features.prepare_stage3_datasets,from,15
pipeline/stages/stage_manager.py,core.stages.stage_4_benchmark.benchmark_all_models,from,16
pipeline/stages/stage_manager.py,config.config_loader.load_yaml_config,from,17
pipeline/stages/stage_manager.py,utils.trading_calendar.TradingCalendar,from,18
pipeline/stages/stage_manager.py,utils.colab_utils.colab_utils,from,19
pipeline/stages/stage_manager.py,utils.logger.ProjectLogger,from,20
pipeline/stages/stage_manager.py,os,import,63
pipeline/stages/stage_manager.py,config.config.TICKERS,from,79
pipeline/stages/stage_manager.py,config.config.TIME_FRAMES,from,79
pipeline/stages/stage_manager.py,datetime.datetime,from,229
pipeline/stages/stage_manager.py,core.stages.stage_1_collectors_layer.IdealStage1Collector,from,233
pipeline/stages/stage_manager.py,os,import,295
pipeline/stages/stage_manager.py,config.config.TICKERS,from,272
pipeline/stages/stage_manager.py,config.config.TIME_FRAMES,from,275
pipeline/stages/stage_manager.py,pathlib.Path,from,348
pipeline/stages/stage_manager.py,config.config.PATHS,from,349
pipeline/stages/stage_manager.py,os,import,401
pipeline/stages/stage_manager.py,pandas,import,402
pipeline/stages/stage_manager.py,pathlib.Path,from,403
pipeline/stages/stage_manager.py,json,import,372
pipeline/stages/stage_manager.py,traceback,import,495
pipeline/stages/stage_manager.py,traceback,import,650
pipeline/stages/stage_manager.py,traceback,import,668
pipeline/stages/stage_manager.py,traceback,import,690
pipeline/stages/stage_manager.py,datetime.datetime,from,95
pipeline/stages/stage_manager.py,datetime.timedelta,from,95
pipeline/stages/cache/feature_cache_manager.py,logging,import,1
pipeline/stages/cache/feature_cache_manager.py,json,import,2
pipeline/stages/cache/feature_cache_manager.py,hashlib,import,3
pipeline/stages/cache/feature_cache_manager.py,typing.Dict,from,4
pipeline/stages/cache/feature_cache_manager.py,typing.Any,from,4
pipeline/stages/cache/feature_cache_manager.py,typing.Optional,from,4
pipeline/stages/cache/feature_cache_manager.py,pandas,import,5
pipeline/stages/cache/feature_cache_manager.py,src.core.logging.logger.ProjectLogger,from,6
pipeline/stages/cache/feature_cache_manager.py,src.features.feature_cache.get_feature_cache,from,7
pipeline/stages/evaluation/analytics.py,typing.Any,from,1
pipeline/stages/evaluation/analytics.py,numpy,import,3
pipeline/stages/evaluation/analytics.py,pandas,import,4
pipeline/stages/evaluation/analytics.py,src.core.logging.logger.ProjectLogger,from,6
pipeline/stages/evaluation/backtest_adapter.py,asyncio,import,1
pipeline/stages/evaluation/backtest_adapter.py,logging,import,2
pipeline/stages/evaluation/backtest_adapter.py,functools.partial,from,3
pipeline/stages/evaluation/backtest_adapter.py,typing.Any,from,4
pipeline/stages/evaluation/backtest_adapter.py,pandas,import,6
pipeline/stages/evaluation/backtest_analyzer.py,asyncio,import,7
pipeline/stages/evaluation/backtest_analyzer.py,logging,import,8
pipeline/stages/evaluation/backtest_analyzer.py,datetime.datetime,from,9
pipeline/stages/evaluation/backtest_analyzer.py,typing.Any,from,10
pipeline/stages/evaluation/backtest_analyzer.py,numpy,import,12
pipeline/stages/evaluation/backtest_analyzer.py,pandas,import,13
pipeline/stages/evaluation/backtest_analyzer.py,src.core.logging.logger.ProjectLogger,from,15
pipeline/stages/evaluation/data_recovery.py,src.data.management.data_manager.DataManager,from,6
pipeline/stages/evaluation/io.py,json,import,1
pipeline/stages/evaluation/io.py,pathlib.Path,from,2
pipeline/stages/evaluation/io.py,typing.Any,from,3
pipeline/stages/evaluation/io.py,src.core.logging.logger.ProjectLogger,from,5
pipeline/stages/evaluation/io.py,aiofiles,import,15
pipeline/stages/evaluation/io.py,aiofiles,import,37
pipeline/stages/evaluation/metrics_calculator.py,typing.Any,from,7
pipeline/stages/evaluation/metrics_calculator.py,numpy,import,9
pipeline/stages/evaluation/metrics_calculator.py,pandas,import,10
pipeline/stages/evaluation/metrics_calculator.py,src.core.logging.logger.ProjectLogger,from,12
pipeline/stages/evaluation/reporting.py,logging,import,1
pipeline/stages/evaluation/reporting.py,pathlib.Path,from,2
pipeline/stages/evaluation/reporting.py,typing.Any,from,3
pipeline/stages/evaluation/reporting.py,matplotlib,import,5
pipeline/stages/evaluation/reporting.py,matplotlib.pyplot,import,8
pipeline/stages/evaluation/reporting.py,json,import,47
pipeline/stages/evaluation/report_generator.py,json,import,7
pipeline/stages/evaluation/report_generator.py,pathlib.Path,from,8
pipeline/stages/evaluation/report_generator.py,typing.Any,from,9
pipeline/stages/evaluation/report_generator.py,matplotlib.pyplot,import,11
pipeline/stages/evaluation/report_generator.py,pandas,import,12
pipeline/stages/evaluation/report_generator.py,src.core.logging.logger.ProjectLogger,from,14
pipeline/stages/evaluation/report_generator.py,src.pipeline.stages.evaluation.metrics_calculator.MetricsCalculator,from,101
pipeline/stages/evaluation/__init__.py,analytics,from,1
pipeline/stages/evaluation/__init__.py,backtest_adapter,from,1
pipeline/stages/evaluation/__init__.py,data_recovery,from,1
pipeline/stages/evaluation/__init__.py,io,from,1
pipeline/stages/evaluation/__init__.py,reporting,from,1
pipeline/stages/evaluation/__init__.py,backtest_analyzer.BacktestAnalyzer,from,2
pipeline/stages/evaluation/__init__.py,backtest_analyzer.get_backtest_analyzer,from,2
pipeline/stages/evaluation/__init__.py,metrics_calculator.MetricsCalculator,from,3
pipeline/stages/evaluation/__init__.py,metrics_calculator.get_metrics_calculator,from,3
pipeline/stages/evaluation/__init__.py,report_generator.ReportGenerator,from,4
pipeline/stages/evaluation/__init__.py,report_generator.get_report_generator,from,4
pipeline/stages/features/orchestrator_manager.py,typing.Any,from,1
pipeline/stages/features/orchestrator_manager.py,pandas,import,3
pipeline/stages/features/orchestrator_manager.py,src.core.logging.logger.ProjectLogger,from,5
pipeline/stages/features/orchestrator_manager.py,src.features.feature_orchestrator.FeatureOrchestrator,from,6
pipeline/stages/feature_engineering/enricher.py,typing.Any,from,1
pipeline/stages/feature_engineering/enricher.py,pandas,import,3
pipeline/stages/feature_engineering/enricher.py,src.core.logging.logger.ProjectLogger,from,5
pipeline/stages/feature_engineering/enricher.py,src.features.feature_cache.get_feature_cache,from,6
pipeline/stages/feature_engineering/enricher.py,src.features.feature_orchestrator.FeatureOrchestrator,from,7
pipeline/stages/feature_engineering/guards.py,pandas,import,1
pipeline/stages/feature_engineering/guards.py,src.core.logging.logger.ProjectLogger,from,3
pipeline/stages/feature_engineering/guards.py,src.pipeline.guards.macro_release_timing_guard.get_macro_release_timing_guard,from,4
pipeline/stages/feature_engineering/guards.py,src.pipeline.guards.safe_feature_combiner.get_safe_feature_combiner,from,5
pipeline/stages/feature_engineering/guards.py,src.pipeline.guards.temporal_leakage_guard.get_temporal_leakage_guard,from,6
pipeline/stages/feature_engineering/guards.py,src.pipeline.guards.temporal_target_guard.get_temporal_target_guard,from,7
pipeline/stages/feature_engineering/guards.py,src.pipeline.guards.timeframe_alignment_guard.get_timeframe_alignment_guard,from,8
pipeline/stages/feature_engineering/orchestrator.py,datetime.datetime,from,1
pipeline/stages/feature_engineering/orchestrator.py,typing.Any,from,2
pipeline/stages/feature_engineering/orchestrator.py,pandas,import,4
pipeline/stages/feature_engineering/orchestrator.py,src.config.unified_config_manager.UnifiedConfigManager,from,6
pipeline/stages/feature_engineering/orchestrator.py,src.core.error_handling.error_handler.ErrorHandler,from,7
pipeline/stages/feature_engineering/orchestrator.py,src.core.logging.logger.ProjectLogger,from,8
pipeline/stages/feature_engineering/orchestrator.py,src.features.selection.enhanced_smart_selector.get_enhanced_smart_selector,from,9
pipeline/stages/feature_engineering/orchestrator.py,src.pipeline.stages.base_stage.BaseStage,from,10
pipeline/stages/feature_engineering/orchestrator.py,enricher.FeatureEnricher,from,12
pipeline/stages/feature_engineering/orchestrator.py,guards.FeatureGuards,from,13
pipeline/stages/feature_engineering/orchestrator.py,targets.TargetGenerator,from,14
pipeline/stages/feature_engineering/targets.py,typing.Any,from,1
pipeline/stages/feature_engineering/targets.py,pandas,import,3
pipeline/stages/feature_engineering/targets.py,src.core.logging.logger.ProjectLogger,from,5
pipeline/stages/feature_engineering/targets.py,src.targets.target_orchestrator.TargetOrchestrator,from,6
pipeline/stages/feature_engineering/__init__.py,enricher.FeatureEnricher,from,1
pipeline/stages/feature_engineering/__init__.py,guards.FeatureGuards,from,2
pipeline/stages/feature_engineering/__init__.py,orchestrator.FeatureEngineeringStage,from,3
pipeline/stages/feature_engineering/__init__.py,targets.TargetGenerator,from,4
pipeline/stages/modeling/dataclasses.py,dataclasses.dataclass,from,1
pipeline/stages/modeling/dataclasses.py,pathlib.Path,from,2
pipeline/stages/modeling/dataclasses.py,typing.Any,from,3
pipeline/stages/modeling/io.py,json,import,1
pipeline/stages/modeling/io.py,logging,import,2
pipeline/stages/modeling/io.py,pathlib.Path,from,3
pipeline/stages/modeling/io.py,typing.Any,from,4
pipeline/stages/modeling/io.py,aiofiles,import,6
pipeline/stages/modeling/io.py,src.core.logging.logger.ProjectLogger,from,8
pipeline/stages/modeling/metrics.py,datetime,import,1
pipeline/stages/modeling/metrics.py,typing.Any,from,2
pipeline/stages/modeling/metrics.py,numpy,import,6
pipeline/stages/modeling/metrics.py,sklearn.metrics.accuracy_score,from,7
pipeline/stages/modeling/metrics.py,sklearn.metrics.mean_squared_error,from,7
pipeline/stages/modeling/orchestration.py,json,import,1
pipeline/stages/modeling/orchestration.py,typing.Any,from,2
pipeline/stages/modeling/orchestration.py,pandas,import,4
pipeline/stages/modeling/orchestration.py,src.core.logging.logger.ProjectLogger,from,6
pipeline/stages/modeling/orchestration.py,src.models.adapters.data_preparation.prepare_data_for_models,from,7
pipeline/stages/modeling/orchestration.py,src.pipeline.stages.modeling.io,from,8
pipeline/stages/modeling/orchestration.py,src.pipeline.stages.modeling.training,from,9
pipeline/stages/modeling/orchestration.py,src.pipeline.stages.modeling.dataclasses.ChampionInfoConfig,from,10
pipeline/stages/modeling/orchestration.py,src.pipeline.stages.modeling.dataclasses.FeatureLoadingConfig,from,10
pipeline/stages/modeling/orchestration.py,src.pipeline.stages.modeling.dataclasses.SuccessfulTrainingConfig,from,10
pipeline/stages/modeling/orchestration.py,src.pipeline.stages.modeling.dataclasses.TargetProcessingConfig,from,10
pipeline/stages/modeling/orchestration.py,src.pipeline.stages.modeling.dataclasses.TrainingDebugInfo,from,10
pipeline/stages/modeling/orchestration.py,src.training.constants.DEFAULT_TEST_SIZE,from,17
pipeline/stages/modeling/training.py,pathlib.Path,from,1
pipeline/stages/modeling/training.py,typing.Any,from,2
pipeline/stages/modeling/training.py,src.core.logging.logger.ProjectLogger,from,4
pipeline/stages/modeling/training.py,src.pipeline.stages.modeling.io,from,5
pipeline/stages/modeling/training.py,src.pipeline.stages.modeling.metrics,from,6
pipeline/stages/modeling/training.py,src.pipeline.stages.modeling.dataclasses.LightModelChampionConfig,from,7
pipeline/stages/modeling/training.py,src.pipeline.stages.modeling.dataclasses.SingleModelTrainingConfig,from,7
pipeline/stages/modeling/training.py,src.training.light_model_trainer.LightModelTrainer,from,23
pipeline/stages/modeling/utils.py,datetime,import,6
pipeline/stages/modeling/utils.py,typing.Any,from,7
pipeline/stages/modeling/utils.py,pandas,import,9
pipeline/stages/modeling/utils.py,psutil,import,10
pipeline/stages/monitoring/feature_monitoring.py,src.core.logging.logger.ProjectLogger,from,1
pipeline/stages/monitoring/feature_monitoring.py,src.features.analysis.regime_importance_tracker.get_regime_importance_tracker,from,2
pipeline/stages/monitoring/feature_monitoring.py,src.monitoring.data_freshness_monitor.get_data_freshness_monitor,from,3
pipeline/stages/monitoring/feature_monitoring.py,src.monitoring.feature_drift_monitor.get_feature_drift_monitor,from,4
pipeline/stages/news/news_manager.py,typing.Any,from,1
pipeline/stages/news/news_manager.py,pandas,import,3
pipeline/stages/news/news_manager.py,src.core.logging.logger.ProjectLogger,from,5
pipeline/stages/news/news_manager.py,src.features.news_clusterer.cluster_news_simple,from,6
pipeline/stages/news/news_manager.py,src.features.news_dataset_builder.NewsContextDatasetBuilder,from,7
pipeline/stages/prediction/anomaly_engine.py,typing.Any,from,5
pipeline/stages/prediction/anomaly_engine.py,numpy,import,7
pipeline/stages/prediction/anomaly_engine.py,pandas,import,8
pipeline/stages/prediction/anomaly_engine.py,sklearn.ensemble.IsolationForest,from,9
pipeline/stages/prediction/anomaly_engine.py,sklearn.neighbors.LocalOutlierFactor,from,10
pipeline/stages/prediction/anomaly_engine.py,src.core.exceptions.DataProcessingError,from,12
pipeline/stages/prediction/anomaly_engine.py,src.core.logging.logger.ProjectLogger,from,13
pipeline/stages/prediction/data_preparation_service.py,logging,import,7
pipeline/stages/prediction/data_preparation_service.py,typing.Any,from,8
pipeline/stages/prediction/data_preparation_service.py,numpy,import,10
pipeline/stages/prediction/data_preparation_service.py,pandas,import,11
pipeline/stages/prediction/data_preparation_service.py,src.core.logging.logger.ProjectLogger,from,13
pipeline/stages/prediction/data_preparation_service.py,src.features.utils.datetime_utils.normalize_metadata_columns,from,62
pipeline/stages/prediction/data_preparer.py,logging,import,1
pipeline/stages/prediction/data_preparer.py,os,import,2
pipeline/stages/prediction/data_preparer.py,pathlib.Path,from,3
pipeline/stages/prediction/data_preparer.py,typing.Any,from,4
pipeline/stages/prediction/data_preparer.py,joblib,import,6
pipeline/stages/prediction/data_preparer.py,numpy,import,7
pipeline/stages/prediction/data_preparer.py,pandas,import,8
pipeline/stages/prediction/data_preparer.py,sklearn.preprocessing.StandardScaler,from,9
pipeline/stages/prediction/data_preparer.py,src.core.exceptions.DataProcessingError,from,11
pipeline/stages/prediction/data_preparer.py,src.core.logging.logger.ProjectLogger,from,12
pipeline/stages/prediction/data_preparer.py,src.utils.artifact_security.resolve_trusted_artifact_path,from,13
pipeline/stages/prediction/data_preparer.py,src.features.feature_orchestrator.FeatureOrchestrator,from,220
pipeline/stages/prediction/model_resolver.py,json,import,5
pipeline/stages/prediction/model_resolver.py,logging,import,6
pipeline/stages/prediction/model_resolver.py,os,import,7
pipeline/stages/prediction/model_resolver.py,pathlib.Path,from,8
pipeline/stages/prediction/model_resolver.py,typing.Any,from,9
pipeline/stages/prediction/model_resolver.py,typing.cast,from,9
pipeline/stages/prediction/model_resolver.py,src.core.logging.logger.ProjectLogger,from,11
pipeline/stages/prediction/model_selection_service.py,logging,import,11
pipeline/stages/prediction/model_selection_service.py,typing.Any,from,12
pipeline/stages/prediction/model_selection_service.py,src.core.logging.logger.ProjectLogger,from,14
pipeline/stages/prediction/model_selection_service.py,src.models.constants,from,15
pipeline/stages/prediction/model_selection_service.py,src.models.registry.model_registry.ModelRegistry,from,42
pipeline/stages/prediction/model_selection_service.py,src.models.registry.model_registry.ModelRegistry,from,72
pipeline/stages/prediction/model_selection_service.py,src.models.registry.model_registry.ModelRegistry,from,195
pipeline/stages/prediction/model_selection_service.py,src.models.registry.model_registry.ModelRegistry,from,207
pipeline/stages/prediction/model_selection_service.py,src.models.registry.model_registry.ModelRegistry,from,223
pipeline/stages/prediction/prediction_context_manager.py,numpy,import,2
pipeline/stages/prediction/prediction_context_manager.py,pandas,import,3
pipeline/stages/prediction/prediction_context_manager.py,src.core.logging.logger.ProjectLogger,from,5
pipeline/stages/prediction/prediction_generator.py,logging,import,5
pipeline/stages/prediction/prediction_generator.py,typing.Any,from,6
pipeline/stages/prediction/prediction_generator.py,numpy,import,8
pipeline/stages/prediction/prediction_generator.py,pandas,import,9
pipeline/stages/prediction/prediction_generator.py,src.core.logging.logger.ProjectLogger,from,11
pipeline/stages/prediction/result_builder.py,json,import,1
pipeline/stages/prediction/result_builder.py,os,import,2
pipeline/stages/prediction/result_builder.py,datetime.datetime,from,3
pipeline/stages/prediction/result_builder.py,pathlib.Path,from,4
pipeline/stages/prediction/result_builder.py,typing.Any,from,5
pipeline/stages/prediction/result_builder.py,numpy,import,7
pipeline/stages/prediction/result_builder.py,pandas,import,8
pipeline/stages/prediction/result_builder.py,src.core.logging.logger.ProjectLogger,from,10
pipeline/stages/prediction/result_builder.py,result_request.PredictionResultRequest,from,12
pipeline/stages/prediction/result_request.py,dataclasses.dataclass,from,1
pipeline/stages/prediction/result_request.py,typing.Any,from,2
pipeline/stages/prediction/result_request.py,pandas,import,4
pipeline/stages/prediction/scaler_service.py,pathlib.Path,from,7
pipeline/stages/prediction/scaler_service.py,typing.Any,from,8
pipeline/stages/prediction/scaler_service.py,joblib,import,10
pipeline/stages/prediction/scaler_service.py,src.core.exceptions.DataProcessingError,from,12
pipeline/stages/prediction/scaler_service.py,src.core.logging.logger.ProjectLogger,from,13
pipeline/stages/prediction/scaler_service.py,src.utils.artifact_security.resolve_trusted_artifact_path,from,14
pipeline/stages/prediction/__init__.py,anomaly_engine.AnomalyEngine,from,7
pipeline/stages/prediction/__init__.py,model_resolver.ModelResolver,from,8
pipeline/stages/prediction/__init__.py,prediction_generator.PredictionGenerator,from,9
pipeline/stages/processing/data_handler.py,typing.Any,from,1
pipeline/stages/processing/data_handler.py,pandas,import,3
pipeline/stages/processing/data_handler.py,src.core.logging.logger.ProjectLogger,from,5
pipeline/stages/processing/data_handler.py,src.processing.cleaners.DataCleaner,from,6
pipeline/stages/processing/data_handler.py,src.processing.price_preprocessor.PricePreprocessor,from,7
pipeline/stages/processing/orchestrator.py,datetime.datetime,from,1
pipeline/stages/processing/orchestrator.py,typing.Any,from,2
pipeline/stages/processing/orchestrator.py,src.config.unified_config_manager.UnifiedConfigManager,from,4
pipeline/stages/processing/orchestrator.py,src.core.cloud.gcs_manager.GCSManager,from,5
pipeline/stages/processing/orchestrator.py,src.core.error_handling.error_handler.ErrorHandler,from,6
pipeline/stages/processing/orchestrator.py,src.core.file_management.file_manager.FileManager,from,7
pipeline/stages/processing/orchestrator.py,src.core.logging.logger.ProjectLogger,from,8
pipeline/stages/processing/orchestrator.py,src.monitoring.infrastructure.resource_monitor.get_resource_monitor,from,9
pipeline/stages/processing/orchestrator.py,src.pipeline.stages.base_stage.BaseStage,from,10
pipeline/stages/processing/orchestrator.py,src.processing.data_filter.IntelligentDataFilter,from,11
pipeline/stages/processing/orchestrator.py,src.processing.normalization_manager.NormalizationManager,from,12
pipeline/stages/processing/orchestrator.py,data_handler.ProcessingDataHandler,from,14
pipeline/stages/processing/orchestrator.py,storage.ProcessingStorage,from,15
pipeline/stages/processing/orchestrator.py,validator.ProcessingValidator,from,16
pipeline/stages/processing/storage.py,datetime.datetime,from,1
pipeline/stages/processing/storage.py,typing.Any,from,2
pipeline/stages/processing/storage.py,pandas,import,4
pipeline/stages/processing/storage.py,src.core.file_management.file_manager.FileManager,from,6
pipeline/stages/processing/storage.py,src.core.logging.logger.ProjectLogger,from,7
pipeline/stages/processing/validator.py,logging,import,1
pipeline/stages/processing/validator.py,typing.Any,from,2
pipeline/stages/processing/validator.py,src.core.logging.logger.ProjectLogger,from,4
pipeline/stages/processing/validator.py,src.validation.validators.UnifiedValidator,from,5
pipeline/stages/processing/__init__.py,data_handler.ProcessingDataHandler,from,1
pipeline/stages/processing/__init__.py,orchestrator.ProcessingStage,from,2
pipeline/stages/processing/__init__.py,storage.ProcessingStorage,from,3
pipeline/stages/processing/__init__.py,validator.ProcessingValidator,from,4
pipeline/stages/trading/data_io.py,__future__.annotations,from,1
pipeline/stages/trading/data_io.py,json,import,3
pipeline/stages/trading/data_io.py,datetime.datetime,from,4
pipeline/stages/trading/data_io.py,pathlib.Path,from,5
pipeline/stages/trading/data_io.py,typing.Any,from,6
pipeline/stages/trading/data_io.py,aiofiles,import,8
pipeline/stages/trading/data_io.py,src.config.unified_config_manager.UnifiedConfigManager,from,10
pipeline/stages/trading/data_io.py,src.core.logging.logger.ProjectLogger,from,11
pipeline/stages/trading/recommendation_engine.py,__future__.annotations,from,1
pipeline/stages/trading/recommendation_engine.py,logging,import,3
pipeline/stages/trading/recommendation_engine.py,datetime.datetime,from,4
pipeline/stages/trading/recommendation_engine.py,typing.Any,from,5
pipeline/stages/trading/recommendation_engine.py,numpy,import,7
pipeline/stages/trading/recommendation_engine.py,pandas,import,8
pipeline/stages/trading/recommendation_engine.py,src.core.logging.logger.ProjectLogger,from,10
pipeline/stages/trading/recommendation_engine.py,src.core.utils.prediction_utils.normalize_prediction,from,11
pipeline/stages/trading/recommendation_engine.py,src.models.registry.model_registry.ModelRegistry,from,12
pipeline/stages/trading/recommendation_engine.py,src.risk.elite_risk_metrics.EliteRiskMetrics,from,13
pipeline/stages/trading/recommendation_engine.py,src.trading.adaptive_parameter_manager.AdaptiveParameterManager,from,14
pipeline/stages/trading/recommendation_engine.py,src.trading.adaptive_parameter_manager.AssetClass,from,14
pipeline/stages/trading/recommendation_engine.py,src.trading.adaptive_parameter_manager.MarketRegime,from,14
pipeline/stages/trading/__init__.py,src.pipeline.stages.trading.data_io.TradingDataIO,from,1
pipeline/stages/trading/__init__.py,src.pipeline.stages.trading.recommendation_engine.TradingRecommendationEngine,from,2
pipeline/stages/utils/collection_manager.py,typing.Any,from,1
pipeline/stages/utils/collection_manager.py,pandas,import,3
pipeline/stages/utils/collection_manager.py,src.core.exceptions.DataProcessingError,from,5
pipeline/stages/utils/collection_manager.py,src.core.logging.logger.ProjectLogger,from,6
pipeline/stages/utils/collection_manager.py,src.data.collectors.collector_factory.CollectorFactory,from,7
pipeline/stages/utils/collection_manager.py,src.data.collectors.bigquery_collector.BigQueryCollector,from,46
pipeline/stages/utils/collection_manager.py,src.data.collectors.economic_calendar_collector.EconomicCalendarCollector,from,47
pipeline/stages/utils/collection_manager.py,src.data.collectors.fred_collector.FredCollector,from,48
pipeline/stages/utils/collection_manager.py,src.data.collectors.free_google_trends_collector.FreeGoogleTrendsCollector,from,49
pipeline/stages/utils/collection_manager.py,src.data.collectors.google_news_collector.GoogleNewsCollector,from,50
pipeline/stages/utils/collection_manager.py,src.data.collectors.huggingface_collector.HuggingfaceCollector,from,51
pipeline/stages/utils/collection_manager.py,src.data.collectors.insider_collector.InsiderCollector,from,52
pipeline/stages/utils/collection_manager.py,src.data.collectors.newsapi_collector.NewsAPICollector,from,53
pipeline/stages/utils/collection_manager.py,src.data.collectors.rss_collector.RSSCollector,from,54
pipeline/stages/utils/collection_manager.py,src.data.collectors.sec_filings_collector.SECFilingsCollector,from,55
pipeline/stages/utils/collection_manager.py,src.data.collectors.yf_collector.YFCollector,from,56
pipeline/stages/utils/data_schema_mapper.py,pandas,import,2
pipeline/stages/utils/data_schema_mapper.py,src.core.logging.logger.ProjectLogger,from,4
processing/filters/news_filter.py,typing.Any,from,1
processing/filters/news_filter.py,pandas,import,3
processing/filters/news_filter.py,src.core.logging.logger.ProjectLogger,from,5
processing/filters/orchestrator.py,src.core.logging.logger.ProjectLogger,from,1
processing/filters/orchestrator.py,news_filter.NewsFilter,from,3
processing/filters/orchestrator.py,pattern_extractor.PatternExtractor,from,4
processing/filters/orchestrator.py,price_filter.PriceFilter,from,5
processing/filters/orchestrator.py,social_filter.SocialFilter,from,6
processing/filters/pattern_extractor.py,typing.Any,from,1
processing/filters/pattern_extractor.py,src.core.logging.logger.ProjectLogger,from,3
processing/filters/price_filter.py,datetime.timedelta,from,1
processing/filters/price_filter.py,typing.Any,from,2
processing/filters/price_filter.py,pandas,import,4
processing/filters/price_filter.py,src.core.logging.logger.ProjectLogger,from,6
processing/filters/social_filter.py,typing.Any,from,1
processing/filters/social_filter.py,pandas,import,3
processing/filters/social_filter.py,src.core.logging.logger.ProjectLogger,from,5
processing/filters/__init__.py,news_filter.NewsFilter,from,1
processing/filters/__init__.py,orchestrator.IntelligentDataFilter,from,2
processing/filters/__init__.py,pattern_extractor.PatternExtractor,from,3
processing/filters/__init__.py,price_filter.PriceFilter,from,4
processing/filters/__init__.py,social_filter.SocialFilter,from,5
risk/analyzers/concentration_analyzer.py,typing.Any,from,6
risk/analyzers/concentration_analyzer.py,numpy,import,8
risk/analyzers/concentration_analyzer.py,src.core.logging.logger.ProjectLogger,from,10
risk/analyzers/correlation_analyzer.py,typing.Any,from,6
risk/analyzers/correlation_analyzer.py,numpy,import,8
risk/analyzers/correlation_analyzer.py,pandas,import,9
risk/analyzers/correlation_analyzer.py,src.core.logging.logger.ProjectLogger,from,11
risk/kill_switch/alerts.py,datetime.datetime,from,1
risk/kill_switch/alerts.py,src.core.logging.logger.ProjectLogger,from,3
risk/kill_switch/calculator.py,typing.Any,from,1
risk/kill_switch/calculator.py,numpy,import,3
risk/kill_switch/calculator.py,pandas,import,4
risk/kill_switch/calculator.py,src.core.exceptions.DataProcessingError,from,6
risk/kill_switch/calculator.py,src.core.logging.logger.ProjectLogger,from,7
risk/kill_switch/config.py,pathlib.Path,from,1
risk/kill_switch/config.py,typing.Any,from,2
risk/kill_switch/executor.py,typing.Any,from,1
risk/kill_switch/executor.py,src.core.logging.logger.ProjectLogger,from,3
risk/kill_switch/manager.py,json,import,1
risk/kill_switch/manager.py,datetime.datetime,from,2
risk/kill_switch/manager.py,typing.Any,from,3
risk/kill_switch/manager.py,src.core.logging.logger.ProjectLogger,from,5
risk/kill_switch/manager.py,alerts.AlertManager,from,7
risk/kill_switch/manager.py,calculator.KillSwitchCalculator,from,8
risk/kill_switch/manager.py,config.KillSwitchConfig,from,9
risk/kill_switch/manager.py,executor.KillSwitchExecutor,from,10
risk/kill_switch/__init__.py,alerts.AlertManager,from,1
risk/kill_switch/__init__.py,calculator.KillSwitchCalculator,from,2
risk/kill_switch/__init__.py,config.KillSwitchConfig,from,3
risk/kill_switch/__init__.py,executor.KillSwitchExecutor,from,4
risk/kill_switch/__init__.py,manager.KillSwitchManager,from,5
scripts/analysis/generate_context_rules.py,logging,import,8
scripts/analysis/generate_context_rules.py,os,import,9
scripts/analysis/generate_context_rules.py,sys,import,10
scripts/analysis/generate_context_rules.py,argparse,import,11
scripts/analysis/generate_context_rules.py,src.core.analysis.rule_generator.ContextRuleGenerator,from,18
scripts/analysis/generate_context_rules.py,src.utils.config_manager.UnifiedConfigManager,from,19
scripts/analysis/generate_context_rules.py,src.core.data.data_manager.DataManager,from,21
scripts/colab/auto_colab_sync.py,os,import,3
scripts/colab/auto_colab_sync.py,json,import,4
scripts/colab/auto_colab_sync.py,tarfile,import,5
scripts/colab/auto_colab_sync.py,shutil,import,6
scripts/colab/auto_colab_sync.py,pathlib.Path,from,7
scripts/colab/auto_colab_sync.py,datetime.datetime,from,8
scripts/colab/auto_colab_sync.py,hashlib,import,9
scripts/colab/auto_colab_sync.py,typing.List,from,10
scripts/colab/auto_colab_sync.py,typing.Dict,from,10
scripts/colab/auto_colab_sync.py,typing.Any,from,10
scripts/colab/auto_colab_sync.py,typing.Optional,from,10
scripts/colab/auto_colab_sync.py,src.core.logging.logger.ProjectLogger,from,12
scripts/config/ticker_config_updater.py,json,import,6
scripts/config/ticker_config_updater.py,os,import,7
scripts/config/ticker_config_updater.py,sys,import,8
scripts/config/ticker_config_updater.py,pathlib.Path,from,9
scripts/config/ticker_config_updater.py,typing.List,from,10
scripts/config/ticker_config_updater.py,typing.Dict,from,10
scripts/config/ticker_config_updater.py,typing.Any,from,10
scripts/config/ticker_config_updater.py,config.tickers.get_tickers,from,17
scripts/config/ticker_config_updater.py,config.tickers.get_category_stats,from,17
scripts/config/ticker_config_updater.py,argparse,import,156
scripts/data/auto_accumulator.py,sys,import,9
scripts/data/auto_accumulator.py,argparse,import,10
scripts/data/auto_accumulator.py,time,import,11
scripts/data/auto_accumulator.py,pandas,import,12
scripts/data/auto_accumulator.py,pathlib.Path,from,13
scripts/data/auto_accumulator.py,typing.List,from,14
scripts/data/auto_accumulator.py,typing.Dict,from,14
scripts/data/auto_accumulator.py,typing.Any,from,14
scripts/data/auto_accumulator.py,typing.Optional,from,14
scripts/data/auto_accumulator.py,asyncio,import,15
scripts/data/auto_accumulator.py,src.core.logging.logger.ProjectLogger,from,21
scripts/data/auto_accumulator.py,src.config.unified_config_manager.get_current_config,from,22
scripts/data/auto_accumulator.py,src.data.management.data_manager.DataManager,from,23
scripts/data/auto_accumulator.py,src.core.error_handling.error_handler.ErrorHandler,from,24
scripts/data/auto_accumulator.py,src.data.collector_factory.create_all_collectors,from,25
scripts/data/auto_accumulator.py,src.core.clients.http_client_factory.HttpClientFactory,from,26
scripts/data/auto_accumulator.py,src.data.management.asset_manager.AssetUniverseManager,from,27
scripts/data/auto_accumulator.py,src.data.management.asset_manager.TradingStyle,from,27
scripts/data/auto_accumulator.py,src.data.management.asset_manager.MarketFocus,from,27
scripts/debug/data_merge_debugger.py,os,import,9
scripts/debug/data_merge_debugger.py,sys,import,10
scripts/debug/data_merge_debugger.py,pandas,import,11
scripts/debug/data_merge_debugger.py,numpy,import,12
scripts/debug/data_merge_debugger.py,pathlib.Path,from,13
scripts/debug/data_merge_debugger.py,typing.List,from,14
scripts/debug/data_merge_debugger.py,typing.Dict,from,14
scripts/debug/data_merge_debugger.py,typing.Set,from,14
scripts/debug/data_merge_debugger.py,logging,import,21
scripts/fix/data_fixer.py,os,import,9
scripts/fix/data_fixer.py,sys,import,10
scripts/fix/data_fixer.py,pandas,import,11
scripts/fix/data_fixer.py,numpy,import,12
scripts/fix/data_fixer.py,pathlib.Path,from,13
scripts/fix/data_fixer.py,logging,import,19
scripts/modeling/train_consensus_model.py,sys,import,11
scripts/modeling/train_consensus_model.py,pathlib.Path,from,12
scripts/modeling/train_consensus_model.py,argparse,import,13
scripts/modeling/train_consensus_model.py,pandas,import,14
scripts/modeling/train_consensus_model.py,numpy,import,15
scripts/modeling/train_consensus_model.py,src.core.logging.logger.ProjectLogger,from,21
scripts/modeling/train_consensus_model.py,src.ensembling.base_ensemble.StackedEnsemble,from,22
scripts/modeling/train_consensus_model.py,src.config.unified_config_manager.get_current_config,from,23
scripts/modeling/train_consensus_model.py,src.data.management.data_manager.DataManager,from,24
scripts/modeling/train_consensus_model.py,src.core.error_handling.error_handler.get_error_handler,from,25
scripts/monitoring/run_health_check.py,json,import,3
scripts/monitoring/run_health_check.py,src.monitoring.health_hub.HealthHub,from,4
scripts/monitoring/run_health_check.py,src.data.management.data_manager.DataManager,from,5
scripts/monitoring/run_health_check.py,src.core.reporting.results_manager.ResultsManager,from,6
scripts/monitoring/run_health_check.py,src.config.unified_config_manager.UnifiedConfigManager,from,7
scripts/monitoring/run_health_check.py,src.core.logging.logger.ProjectLogger,from,8
targets/calculators/base_news_target_calculator.py,abc.ABC,from,1
targets/calculators/base_news_target_calculator.py,abc.abstractmethod,from,1
targets/calculators/base_news_target_calculator.py,pandas,import,3
targets/calculators/base_news_target_calculator.py,src.core.logging.logger.ProjectLogger,from,5
targets/calculators/classification_calculator.py,numpy,import,3
targets/calculators/classification_calculator.py,pandas,import,4
targets/calculators/classification_calculator.py,src.core.logging.logger.ProjectLogger,from,6
targets/calculators/indicator_prediction_calculator.py,pandas,import,2
targets/calculators/indicator_prediction_calculator.py,src.core.logging.logger.ProjectLogger,from,4
targets/calculators/post_news_target_calculator.py,numpy,import,7
targets/calculators/post_news_target_calculator.py,pandas,import,8
targets/calculators/post_news_target_calculator.py,src.core.logging.logger.ProjectLogger,from,10
targets/calculators/pre_news_target_calculator.py,numpy,import,7
targets/calculators/pre_news_target_calculator.py,pandas,import,8
targets/calculators/pre_news_target_calculator.py,src.core.logging.logger.ProjectLogger,from,10
targets/calculators/regression_calculator.py,logging,import,1
targets/calculators/regression_calculator.py,pandas,import,3
targets/calculators/regression_calculator.py,src.core.logging.logger.ProjectLogger,from,5
trading/archive/legacy_smart_trader.py,logging,import,5
trading/archive/legacy_smart_trader.py,pandas,import,6
trading/archive/legacy_smart_trader.py,typing.Dict,from,7
trading/archive/legacy_smart_trader.py,typing.Any,from,7
trading/archive/legacy_smart_trader.py,typing.Optional,from,7
trading/archive/legacy_smart_trader.py,src.core.logging.logger.ProjectLogger,from,8
trading/archive/legacy_smart_trader.py,portfolio_manager.PortfolioManager,from,9
trading/archive/legacy_smart_trader.py,src.models.model_selector.selector.ModelSelector,from,10
trading/archive/legacy_smart_trader.py,src.models.dean.dean_bootstrap_system.DeanSystem,from,11
trading/archive/legacy_smart_trader.py,src.data.management.data_manager.DataManager,from,12
trading/archive/legacy_smart_trader.py,src.optimization.portfolio.optimizer.PortfolioOptimizer,from,13
trading/archive/legacy_smart_trader.py,src.meta_learning.memory.diary_engine.ExperienceDiaryEngine,from,14
trading/archive/online_model_integration.py,pandas,import,3
trading/archive/online_model_integration.py,numpy,import,4
trading/archive/online_model_integration.py,typing.Dict,from,5
trading/archive/online_model_integration.py,typing.List,from,5
trading/archive/online_model_integration.py,typing.Optional,from,5
trading/archive/online_model_integration.py,typing.Any,from,5
trading/archive/online_model_integration.py,typing.Tuple,from,5
trading/archive/online_model_integration.py,logging,import,6
trading/archive/online_model_integration.py,datetime.datetime,from,7
trading/archive/online_model_integration.py,datetime.timedelta,from,7
trading/archive/online_model_integration.py,asyncio,import,8
trading/archive/online_model_integration.py,concurrent.futures.ThreadPoolExecutor,from,9
trading/archive/online_model_integration.py,json,import,10
trading/archive/online_model_integration.py,core.analysis.advanced_online_model_comparator.AdvancedOnlineModelComparator,from,12
trading/archive/online_model_integration.py,core.models.model_interface.ModelFactory,from,13
trading/archive/online_model_integration.py,core.models.model_interface.BaseModel,from,13
trading/archive/online_model_integration.py,utils.trading_calendar.TradingCalendar,from,14
trading/archive/online_model_integration.py,json,import,435
trading/archive/online_model_integration.py,time,import,74
training/batch/batch_processor.py,time,import,7
training/batch/batch_processor.py,typing.Any,from,8
training/batch/batch_processor.py,numpy,import,10
training/batch/batch_processor.py,src.config.unified_config_manager.get_current_config,from,12
training/batch/batch_processor.py,src.core.logging.logger.ProjectLogger,from,13
training/security/path_security_validator.py,os,import,7
training/security/path_security_validator.py,re,import,8
training/security/path_security_validator.py,pathlib.Path,from,9
training/security/path_security_validator.py,src.core.logging.logger.ProjectLogger,from,11
training/state/training_state_manager.py,json,import,7
training/state/training_state_manager.py,time,import,8
training/state/training_state_manager.py,dataclasses.dataclass,from,9
training/state/training_state_manager.py,dataclasses.field,from,9
training/state/training_state_manager.py,datetime.datetime,from,10
training/state/training_state_manager.py,pathlib.Path,from,11
training/state/training_state_manager.py,typing.Any,from,12
training/state/training_state_manager.py,src.core.logging.logger.ProjectLogger,from,14
