severity,category,rule_id,file,line,symbol,snippet,problem,why,fix,test,confidence,fingerprint
P2,config_factory,HARDCODED_MODEL_LIST,analytics/analyzers/model_comparison_analyzer.py,30,__init__,"self.HEAVY_MODELS = [""gru"", ""tabnet"", ""transformer"", ""cnn"", ""lstm"", ""autoencoder""]  # audit-ignore: AUTOENCODER_ROUTING_REVIEW",Hardcoded model list detected.,Duplicated model lists across factory/arena/pipeline drift over time.,Move models/aliases/capabilities into one registry/config and reference it everywhere.,"Test that factory, CLI, arena, and prediction stage resolve the same registry entries.",medium,886389129607b928
P2,config_factory,HARDCODED_MODEL_LIST,analytics/arena/performance_tracker.py,64,_initialize_model_stats,"all_models = ['lgbm', 'rf', 'xgboost', 'catboost', 'linear', 'mlp',",Hardcoded model list detected.,Duplicated model lists across factory/arena/pipeline drift over time.,Move models/aliases/capabilities into one registry/config and reference it everywhere.,"Test that factory, CLI, arena, and prediction stage resolve the same registry entries.",medium,6939beb2b0d4e6f7
P2,config_factory,HARDCODED_MODEL_LIST,analytics/arena/performance_tracker.py,77,_get_model_type,"enhanced_models = ['dean_ensemble', 'sentiment', 'lgbm_bayesian']",Hardcoded model list detected.,Duplicated model lists across factory/arena/pipeline drift over time.,Move models/aliases/capabilities into one registry/config and reference it everywhere.,"Test that factory, CLI, arena, and prediction stage resolve the same registry entries.",medium,2684e11c3b46665d
P2,config_factory,HARDCODED_MODEL_LIST,analytics/arena/performance_tracker.py,78,_get_model_type,"heavy_models = ['lstm', 'gru', 'transformer', 'cnn', 'tabnet',",Hardcoded model list detected.,Duplicated model lists across factory/arena/pipeline drift over time.,Move models/aliases/capabilities into one registry/config and reference it everywhere.,"Test that factory, CLI, arena, and prediction stage resolve the same registry entries.",medium,130b753c9e132e3d
P2,config_factory,HARDCODED_MODEL_LIST,analytics/data_managers/model_results_manager.py,25,__init__,"self.LIGHT_MODEL_TYPES = ['lgbm', 'rf', 'linear', 'mlp', 'ensemble']",Hardcoded model list detected.,Duplicated model lists across factory/arena/pipeline drift over time.,Move models/aliases/capabilities into one registry/config and reference it everywhere.,"Test that factory, CLI, arena, and prediction stage resolve the same registry entries.",medium,b1a9eac42c63cd94
P2,config_factory,HARDCODED_MODEL_MAP_OR_ALIASES,analytics/signals/signal_analytics.py,67,_process_signal_data,model_performance[model_name] = {,Hardcoded model map/alias registry detected.,Multiple registries make routing inconsistent; e.g. training knows a model but prediction/arena does not.,"Use a single model registry with class_path, aliases, role, heavy flag, and can_be_primary.",Snapshot-test that all model names and aliases resolve from one source of truth.,medium,7c792d12f8e3e6b9
P2,config_factory,DUPLICATED_MODEL_REGISTRY_ENTRIES,factories/model_factory.py,34,,"_model_aliases = ['linear', 'svm', 'knn', 'mlp', 'cnn', 'lstm', 'gru', 'transformer', 'tabnet', 'autoencoder']...",Model/alias registry entries overlap with other files.,Duplicated registries drift and cause selector/factory/prediction inconsistencies.,"Move all model names, aliases, class paths, role, heavy flag, and can_be_primary to one registry.","Snapshot-test that factory, CLI, arena, and prediction load the same registry.",medium,9a89be8d01b10d90
P2,config_factory,HARDCODED_MODEL_MAP_OR_ALIASES,factories/model_factory.py,34,ModelFactory,"_model_aliases: Dict[str, str] = {",Hardcoded model map/alias registry detected.,Multiple registries make routing inconsistent; e.g. training knows a model but prediction/arena does not.,"Use a single model registry with class_path, aliases, role, heavy flag, and can_be_primary.",Snapshot-test that all model names and aliases resolve from one source of truth.,medium,1852bfce8f0158f7
P2,config_factory,HARDCODED_MODEL_MAP_OR_ALIASES,features/colab_context_integration.py,132,_get_model_max_features,"max_features_map = {'mlp': 256, 'lstm': 128, 'gru': 128, 'cnn': 64,",Hardcoded model map/alias registry detected.,Multiple registries make routing inconsistent; e.g. training knows a model but prediction/arena does not.,"Use a single model registry with class_path, aliases, role, heavy flag, and can_be_primary.",Snapshot-test that all model names and aliases resolve from one source of truth.,medium,5ffeff8207534077
P2,config_factory,HARDCODED_MODEL_MAP_OR_ALIASES,features/enrichers/news_impact_enricher.py,233,_merge_impact_scores,"significance_map = {'low': 0, 'medium': 1, 'high': 2}",Hardcoded model map/alias registry detected.,Multiple registries make routing inconsistent; e.g. training knows a model but prediction/arena does not.,"Use a single model registry with class_path, aliases, role, heavy flag, and can_be_primary.",Snapshot-test that all model names and aliases resolve from one source of truth.,medium,b03c56ba1576d121
P2,config_factory,HARDCODED_MODEL_MAP_OR_ALIASES,features/enrichers/news_impact_enricher.py,397,_merge_traditional_impact_scores,"significance_map = {'low': 0, 'medium': 1, 'high': 2}",Hardcoded model map/alias registry detected.,Multiple registries make routing inconsistent; e.g. training knows a model but prediction/arena does not.,"Use a single model registry with class_path, aliases, role, heavy flag, and can_be_primary.",Snapshot-test that all model names and aliases resolve from one source of truth.,medium,f48f6c2927a669d0
P2,config_factory,HARDCODED_MODEL_MAP_OR_ALIASES,features/feature_selector.py,121,_get_model_max_features,"max_features_map = {'mlp': 256, 'lstm': 128, 'gru': 128, 'cnn': 64,",Hardcoded model map/alias registry detected.,Multiple registries make routing inconsistent; e.g. training knows a model but prediction/arena does not.,"Use a single model registry with class_path, aliases, role, heavy flag, and can_be_primary.",Snapshot-test that all model names and aliases resolve from one source of truth.,medium,46aa0a1cb7696a99
P2,config_factory,HARDCODED_MODEL_MAP_OR_ALIASES,features/feature_selector.py,146,get_model_max_features,"max_features_map = {'mlp': 256, 'lstm': 128, 'gru': 128, 'cnn': 64,",Hardcoded model map/alias registry detected.,Multiple registries make routing inconsistent; e.g. training knows a model but prediction/arena does not.,"Use a single model registry with class_path, aliases, role, heavy flag, and can_be_primary.",Snapshot-test that all model names and aliases resolve from one source of truth.,medium,1f9507d76f41ecf8
P2,config_factory,HARDCODED_MODEL_MAP_OR_ALIASES,features/news_impact_classifier.py,246,_get_priority_and_retention,mapping = {,Hardcoded model map/alias registry detected.,Multiple registries make routing inconsistent; e.g. training knows a model but prediction/arena does not.,"Use a single model registry with class_path, aliases, role, heavy flag, and can_be_primary.",Snapshot-test that all model names and aliases resolve from one source of truth.,medium,4391be275882b826
P2,config_factory,HARDCODED_MODEL_MAP_OR_ALIASES,features/nlp/utils/mention_utils.py,9,,TICKER_ALIASES = {,Hardcoded model map/alias registry detected.,Multiple registries make routing inconsistent; e.g. training knows a model but prediction/arena does not.,"Use a single model registry with class_path, aliases, role, heavy flag, and can_be_primary.",Snapshot-test that all model names and aliases resolve from one source of truth.,medium,2f904cfdc657d600
P2,config_factory,HARDCODED_MODEL_MAP_OR_ALIASES,models/analysis/baseline_dominance_detector.py,32,__init__,self.BASELINE_MODELS = {,Hardcoded model map/alias registry detected.,Multiple registries make routing inconsistent; e.g. training knows a model but prediction/arena does not.,"Use a single model registry with class_path, aliases, role, heavy flag, and can_be_primary.",Snapshot-test that all model names and aliases resolve from one source of truth.,medium,75e180376870cf61
P2,config_factory,HARDCODED_MODEL_LIST,models/ensemble/enhanced_ensemble.py,189,load_local_light_models,"light_model_types = ['catboost', 'lightgbm', 'xgboost',",Hardcoded model list detected.,Duplicated model lists across factory/arena/pipeline drift over time.,Move models/aliases/capabilities into one registry/config and reference it everywhere.,"Test that factory, CLI, arena, and prediction stage resolve the same registry entries.",medium,170d4695837a5f84
P2,config_factory,HARDCODED_MODEL_LIST,models/loader.py,387,_create_pytorch_model,"light_models = ['catboost', 'lightgbm', 'xgboost', 'random_forest',",Hardcoded model list detected.,Duplicated model lists across factory/arena/pipeline drift over time.,Move models/aliases/capabilities into one registry/config and reference it everywhere.,"Test that factory, CLI, arena, and prediction stage resolve the same registry entries.",medium,68de857e283b10c4
P2,config_factory,HARDCODED_MODEL_MAP_OR_ALIASES,monitoring/config.py,58,_apply_environment_variables,"env_mappings = {'MONITORING_CPU_THRESHOLD': ('system_health',",Hardcoded model map/alias registry detected.,Multiple registries make routing inconsistent; e.g. training knows a model but prediction/arena does not.,"Use a single model registry with class_path, aliases, role, heavy flag, and can_be_primary.",Snapshot-test that all model names and aliases resolve from one source of truth.,medium,049fe8e4072b5bdc
P2,config_factory,HARDCODED_MODEL_MAP_OR_ALIASES,monitoring/dashboard.py,384,_create_alerts_table,color_map = {,Hardcoded model map/alias registry detected.,Multiple registries make routing inconsistent; e.g. training knows a model but prediction/arena does not.,"Use a single model registry with class_path, aliases, role, heavy flag, and can_be_primary.",Snapshot-test that all model names and aliases resolve from one source of truth.,medium,6f95f4669899d9a9
P2,config_factory,HARDCODED_MODEL_LIST,monitoring/example_usage.py,193,_run_demo_loop,"model_names = ['price_predictor', 'trend_analyzer', 'risk_model', 'portfolio_optimizer']",Hardcoded model list detected.,Duplicated model lists across factory/arena/pipeline drift over time.,Move models/aliases/capabilities into one registry/config and reference it everywhere.,"Test that factory, CLI, arena, and prediction stage resolve the same registry entries.",medium,17d604634b773b21
P2,config_factory,HARDCODED_MODEL_MAP_OR_ALIASES,monitoring/ml_analytics.py,39,load_ml_models,model_files = {'performance_predictor':,Hardcoded model map/alias registry detected.,Multiple registries make routing inconsistent; e.g. training knows a model but prediction/arena does not.,"Use a single model registry with class_path, aliases, role, heavy flag, and can_be_primary.",Snapshot-test that all model names and aliases resolve from one source of truth.,medium,f227a18c3f77694b
P2,config_factory,HARDCODED_MODEL_LIST,monitoring/ml_analytics.py,78,train_models,"problem_models = ['performance', 'memory', 'disk', 'network']",Hardcoded model list detected.,Duplicated model lists across factory/arena/pipeline drift over time.,Move models/aliases/capabilities into one registry/config and reference it everywhere.,"Test that factory, CLI, arena, and prediction stage resolve the same registry entries.",medium,89383a337e6d83e4
P2,config_factory,HARDCODED_MODEL_MAP_OR_ALIASES,pipeline/guards/safe_feature_combiner.py,180,_get_timeframe_prefix,prefix_map = {,Hardcoded model map/alias registry detected.,Multiple registries make routing inconsistent; e.g. training knows a model but prediction/arena does not.,"Use a single model registry with class_path, aliases, role, heavy flag, and can_be_primary.",Snapshot-test that all model names and aliases resolve from one source of truth.,medium,b9278cb4eee0e63d
P2,config_factory,HARDCODED_MODEL_LIST,pipeline/hybrid/final_stages_executor.py,87,_train_heavy_models,"heavy_models = ['cnn', 'lstm', 'gru', 'transformer', 'tabnet']",Hardcoded model list detected.,Duplicated model lists across factory/arena/pipeline drift over time.,Move models/aliases/capabilities into one registry/config and reference it everywhere.,"Test that factory, CLI, arena, and prediction stage resolve the same registry entries.",medium,b29e4986b42828d9
P2,config_factory,HARDCODED_MODEL_MAP_OR_ALIASES,pipeline/stages/prediction/data_preparation_service.py,272,create_context_fingerprint,"regime_map = {'bull': 1, 'bear': -1, 'sideways': 0, 'volatile': 2}",Hardcoded model map/alias registry detected.,Multiple registries make routing inconsistent; e.g. training knows a model but prediction/arena does not.,"Use a single model registry with class_path, aliases, role, heavy flag, and can_be_primary.",Snapshot-test that all model names and aliases resolve from one source of truth.,medium,f5459f2d0151ee8e
P2,config_factory,HARDCODED_MODEL_MAP_OR_ALIASES,pipeline/stages/prediction/model_selection_service.py,248,_model_type_alias,known_aliases = {,Hardcoded model map/alias registry detected.,Multiple registries make routing inconsistent; e.g. training knows a model but prediction/arena does not.,"Use a single model registry with class_path, aliases, role, heavy flag, and can_be_primary.",Snapshot-test that all model names and aliases resolve from one source of truth.,medium,e69fcd76830936cc
P2,config_factory,HARDCODED_MODEL_MAP_OR_ALIASES,pipeline/stages/prediction/model_selection_service.py,277,_create_context_fingerprint,"regime_map = {'bull': 1, 'bear': -1, 'sideways': 0, 'volatile': 2}",Hardcoded model map/alias registry detected.,Multiple registries make routing inconsistent; e.g. training knows a model but prediction/arena does not.,"Use a single model registry with class_path, aliases, role, heavy flag, and can_be_primary.",Snapshot-test that all model names and aliases resolve from one source of truth.,medium,fa8c5dec4d145c0a
P2,config_factory,HARDCODED_MODEL_MAP_OR_ALIASES,pipeline/stages/prediction/prediction_context_manager.py,73,create_context_fingerprint,"regime_map = {'bull': 1, 'bear': -1, 'sideways': 0, 'volatile': 2}",Hardcoded model map/alias registry detected.,Multiple registries make routing inconsistent; e.g. training knows a model but prediction/arena does not.,"Use a single model registry with class_path, aliases, role, heavy flag, and can_be_primary.",Snapshot-test that all model names and aliases resolve from one source of truth.,medium,7fbdba51a16a78f4
P2,config_factory,HARDCODED_MODEL_MAP_OR_ALIASES,predictions/models_predict.py,147,convert_sentiment_signal_to_numeric,"signal_map = {'buy': 0.015, 'sell': -0.015, 'hold': 0.0, 'strong_buy':",Hardcoded model map/alias registry detected.,Multiple registries make routing inconsistent; e.g. training knows a model but prediction/arena does not.,"Use a single model registry with class_path, aliases, role, heavy flag, and can_be_primary.",Snapshot-test that all model names and aliases resolve from one source of truth.,medium,f1551a37031daad8
P2,config_factory,HARDCODED_MODEL_MAP_OR_ALIASES,sentiment/sentiment_models.py,86,analyze_sentiment,"label_map = {""positive"": ""positive"", ""negative"": ""negative"", ""neutral"": ""neutral""}",Hardcoded model map/alias registry detected.,Multiple registries make routing inconsistent; e.g. training knows a model but prediction/arena does not.,"Use a single model registry with class_path, aliases, role, heavy flag, and can_be_primary.",Snapshot-test that all model names and aliases resolve from one source of truth.,medium,c868f7560685cd3f
P2,determinism,NON_INJECTED_CLOCK,main/modes/monster_test.py,64,,"timestamp=datetime.now(),",Direct current-time call detected.,Runtime and tests become nondeterministic; relative dates can drift.,Inject a clock/reference_now parameter or central time provider.,Freeze clock in tests and assert stable outputs.,medium,0554ae0801a20ed8
P2,error_policy,LOGGER_ERROR_THEN_RAISE,algorithms/adaptive_position_sizer.py,216,_calculate_var_adjustment,except Exception as e:,Exception is logged and re-raised in the same handler.,"If upper layers also log, this creates duplicate error reports and noisy traces.","Log only at boundary layers, or add context and re-raise without error-level logging.",Add a test/logger capture for one error event per failing operation.,medium,7aea6d21e82db045
P2,error_policy,LOGGER_ERROR_THEN_RAISE,algorithms/advanced_backtest_engine.py,127,optimize_parameters,except Exception as e:,Exception is logged and re-raised in the same handler.,"If upper layers also log, this creates duplicate error reports and noisy traces.","Log only at boundary layers, or add context and re-raise without error-level logging.",Add a test/logger capture for one error event per failing operation.,medium,37d1cb96c73270d3
P2,error_policy,LOGGER_ERROR_THEN_RAISE,algorithms/regime/clustering.py,40,detect_regime_ml,except Exception as e:,Exception is logged and re-raised in the same handler.,"If upper layers also log, this creates duplicate error reports and noisy traces.","Log only at boundary layers, or add context and re-raise without error-level logging.",Add a test/logger capture for one error event per failing operation.,medium,123cf7259dbddcab
P2,error_policy,LOGGER_ERROR_THEN_RAISE,algorithms/regime/rules.py,41,detect_regime_rules,except Exception as e:,Exception is logged and re-raised in the same handler.,"If upper layers also log, this creates duplicate error reports and noisy traces.","Log only at boundary layers, or add context and re-raise without error-level logging.",Add a test/logger capture for one error event per failing operation.,medium,f22ee2c75a6a7572
P2,error_policy,LOGGER_ERROR_THEN_RAISE,algorithms/regime_detector.py,77,detect_regime,except Exception as e:,Exception is logged and re-raised in the same handler.,"If upper layers also log, this creates duplicate error reports and noisy traces.","Log only at boundary layers, or add context and re-raise without error-level logging.",Add a test/logger capture for one error event per failing operation.,medium,8392cd72539371bf
P2,error_policy,LOGGER_ERROR_THEN_RAISE,analytics/analyzers/adaptive_confidence_analyzer.py,46,analyze,except Exception as e:,Exception is logged and re-raised in the same handler.,"If upper layers also log, this creates duplicate error reports and noisy traces.","Log only at boundary layers, or add context and re-raise without error-level logging.",Add a test/logger capture for one error event per failing operation.,medium,446d087977114ed5
P2,error_policy,LOGGER_ERROR_THEN_RAISE,analytics/analyzers/hedge_fund_analyzer.py,72,analyze,except Exception as e:,Exception is logged and re-raised in the same handler.,"If upper layers also log, this creates duplicate error reports and noisy traces.","Log only at boundary layers, or add context and re-raise without error-level logging.",Add a test/logger capture for one error event per failing operation.,medium,fea6691fcb63e076
P2,error_policy,LOGGER_ERROR_THEN_RAISE,analytics/analyzers/knn_similarity_finder.py,94,analyze,except Exception as e:,Exception is logged and re-raised in the same handler.,"If upper layers also log, this creates duplicate error reports and noisy traces.","Log only at boundary layers, or add context and re-raise without error-level logging.",Add a test/logger capture for one error event per failing operation.,medium,270b2069baab1506
P2,error_policy,LOGGER_ERROR_THEN_RAISE,analytics/analyzers/model_comparison_analyzer.py,108,_get_best_models_by_type,except Exception as e:,Exception is logged and re-raised in the same handler.,"If upper layers also log, this creates duplicate error reports and noisy traces.","Log only at boundary layers, or add context and re-raise without error-level logging.",Add a test/logger capture for one error event per failing operation.,medium,6055d31df568908b
P2,error_policy,LOGGER_ERROR_THEN_RAISE,analytics/analyzers/news_impact_analyzer.py,98,_aggregate_scores_by_timestamp,except Exception as e:,Exception is logged and re-raised in the same handler.,"If upper layers also log, this creates duplicate error reports and noisy traces.","Log only at boundary layers, or add context and re-raise without error-level logging.",Add a test/logger capture for one error event per failing operation.,medium,3fc3ef29c7b9a072
P2,error_policy,LOGGER_ERROR_THEN_RAISE,analytics/analyzers/shap_analyzer.py,37,analyze,except Exception as e:,Exception is logged and re-raised in the same handler.,"If upper layers also log, this creates duplicate error reports and noisy traces.","Log only at boundary layers, or add context and re-raise without error-level logging.",Add a test/logger capture for one error event per failing operation.,medium,74525d15229ae127
P2,error_policy,LOGGER_ERROR_THEN_RAISE,analytics/arena/arena_battle.py,102,register_model,"except (AttributeError, Exception) as e:",Exception is logged and re-raised in the same handler.,"If upper layers also log, this creates duplicate error reports and noisy traces.","Log only at boundary layers, or add context and re-raise without error-level logging.",Add a test/logger capture for one error event per failing operation.,medium,847359b5b5726b04
P2,error_policy,LOGGER_ERROR_THEN_RAISE,analytics/arena/arena_battle.py,192,_load_current_champion,except Exception as e:,Exception is logged and re-raised in the same handler.,"If upper layers also log, this creates duplicate error reports and noisy traces.","Log only at boundary layers, or add context and re-raise without error-level logging.",Add a test/logger capture for one error event per failing operation.,medium,530998b69c610fe2
P2,error_policy,LOGGER_ERROR_THEN_RAISE,analytics/arena/arena_battle.py,303,create_battle,"except (ValueError, Exception) as e:",Exception is logged and re-raised in the same handler.,"If upper layers also log, this creates duplicate error reports and noisy traces.","Log only at boundary layers, or add context and re-raise without error-level logging.",Add a test/logger capture for one error event per failing operation.,medium,1a9eb5f20d0637f8
P2,error_policy,LOGGER_ERROR_THEN_RAISE,analytics/arena/arena_battle.py,323,create_battles_from_group,except (Exception) as e:,Exception is logged and re-raised in the same handler.,"If upper layers also log, this creates duplicate error reports and noisy traces.","Log only at boundary layers, or add context and re-raise without error-level logging.",Add a test/logger capture for one error event per failing operation.,medium,c69afc5fd8894ae8
P2,error_policy,LOGGER_ERROR_THEN_RAISE,analytics/arena/arena_battle.py,426,_calculate_max_drawdown,"except (ValueError, TypeError, Exception) as e:",Exception is logged and re-raised in the same handler.,"If upper layers also log, this creates duplicate error reports and noisy traces.","Log only at boundary layers, or add context and re-raise without error-level logging.",Add a test/logger capture for one error event per failing operation.,medium,1bd65e827d8de564
P2,error_policy,LOGGER_ERROR_THEN_RAISE,analytics/arena/ensemble_performance_bridge.py,114,_extract_ensemble_metrics,except Exception as e:,Exception is logged and re-raised in the same handler.,"If upper layers also log, this creates duplicate error reports and noisy traces.","Log only at boundary layers, or add context and re-raise without error-level logging.",Add a test/logger capture for one error event per failing operation.,medium,8b478a24a430dd12
P2,error_policy,LOGGER_ERROR_THEN_RAISE,analytics/arena/performance_tracker.py,349,get_top_performers,except Exception as e:,Exception is logged and re-raised in the same handler.,"If upper layers also log, this creates duplicate error reports and noisy traces.","Log only at boundary layers, or add context and re-raise without error-level logging.",Add a test/logger capture for one error event per failing operation.,medium,a63b66145f2120e4
P2,error_policy,LOGGER_ERROR_THEN_RAISE,analytics/calculators/explainability_calculator.py,63,analyze_feature_importance,except Exception as e:,Exception is logged and re-raised in the same handler.,"If upper layers also log, this creates duplicate error reports and noisy traces.","Log only at boundary layers, or add context and re-raise without error-level logging.",Add a test/logger capture for one error event per failing operation.,medium,d70deb24f013da73
P2,error_policy,LOGGER_ERROR_THEN_RAISE,analytics/calculators/explainability_calculator.py,88,explain_single_prediction,except Exception as e:,Exception is logged and re-raised in the same handler.,"If upper layers also log, this creates duplicate error reports and noisy traces.","Log only at boundary layers, or add context and re-raise without error-level logging.",Add a test/logger capture for one error event per failing operation.,medium,19c4b67778723188
P2,error_policy,LOGGER_ERROR_THEN_RAISE,analytics/calculators/fama_french_factors.py,94,get_factors,except Exception as e:,Exception is logged and re-raised in the same handler.,"If upper layers also log, this creates duplicate error reports and noisy traces.","Log only at boundary layers, or add context and re-raise without error-level logging.",Add a test/logger capture for one error event per failing operation.,medium,935bb89b1d39a8c5
P2,error_policy,LOGGER_ERROR_THEN_RAISE,analytics/context/contextual_model_selector.py,102,_perform_knn_analysis,except Exception as e:,Exception is logged and re-raised in the same handler.,"If upper layers also log, this creates duplicate error reports and noisy traces.","Log only at boundary layers, or add context and re-raise without error-level logging.",Add a test/logger capture for one error event per failing operation.,medium,4498a9ef8c9bb6bd
P2,error_policy,LOGGER_ERROR_THEN_RAISE,analytics/context/counterfactual_generator.py,91,generate_synthetic_control,except Exception as e:,Exception is logged and re-raised in the same handler.,"If upper layers also log, this creates duplicate error reports and noisy traces.","Log only at boundary layers, or add context and re-raise without error-level logging.",Add a test/logger capture for one error event per failing operation.,medium,71a4c83f5e3e7e98
P2,error_policy,LOGGER_ERROR_THEN_RAISE,analytics/context/counterfactual_generator.py,153,run_difference_in_differences,except Exception as e:,Exception is logged and re-raised in the same handler.,"If upper layers also log, this creates duplicate error reports and noisy traces.","Log only at boundary layers, or add context and re-raise without error-level logging.",Add a test/logger capture for one error event per failing operation.,medium,345294b21a55de88
P2,error_policy,LOGGER_ERROR_THEN_RAISE,analytics/context/counterfactual_generator.py,205,propensity_score_matching,except Exception as e:,Exception is logged and re-raised in the same handler.,"If upper layers also log, this creates duplicate error reports and noisy traces.","Log only at boundary layers, or add context and re-raise without error-level logging.",Add a test/logger capture for one error event per failing operation.,medium,a1ae68e4824950e3
P2,error_policy,LOGGER_ERROR_THEN_RAISE,analytics/context/counterfactual_generator.py,257,estimate_causal_effects,except Exception as e:,Exception is logged and re-raised in the same handler.,"If upper layers also log, this creates duplicate error reports and noisy traces.","Log only at boundary layers, or add context and re-raise without error-level logging.",Add a test/logger capture for one error event per failing operation.,medium,490e4cd92d9d2f8e
P2,error_policy,LOGGER_ERROR_THEN_RAISE,analytics/context/counterfactual_generator.py,712,_robustness_checks,except Exception as exc:,Exception is logged and re-raised in the same handler.,"If upper layers also log, this creates duplicate error reports and noisy traces.","Log only at boundary layers, or add context and re-raise without error-level logging.",Add a test/logger capture for one error event per failing operation.,medium,c874776256e5bfb9
P2,error_policy,LOGGER_ERROR_THEN_RAISE,analytics/context/ensemble_selector.py,125,create_ensemble_instance,except Exception as e:,Exception is logged and re-raised in the same handler.,"If upper layers also log, this creates duplicate error reports and noisy traces.","Log only at boundary layers, or add context and re-raise without error-level logging.",Add a test/logger capture for one error event per failing operation.,medium,f001113d79df2ec3
P2,error_policy,LOGGER_ERROR_THEN_RAISE,analytics/context/market_context_analyzer.py,56,analyze,except Exception as e:,Exception is logged and re-raised in the same handler.,"If upper layers also log, this creates duplicate error reports and noisy traces.","Log only at boundary layers, or add context and re-raise without error-level logging.",Add a test/logger capture for one error event per failing operation.,medium,fe9d12c4831f0f2f
P2,error_policy,LOGGER_ERROR_THEN_RAISE,analytics/context/prediction_adjuster.py,92,_calculate_adjustment_factor,except Exception as e:,Exception is logged and re-raised in the same handler.,"If upper layers also log, this creates duplicate error reports and noisy traces.","Log only at boundary layers, or add context and re-raise without error-level logging.",Add a test/logger capture for one error event per failing operation.,medium,752df66f1f58e638
P2,error_policy,LOGGER_ERROR_THEN_RAISE,analytics/data_managers/model_results_manager.py,67,save_results,except Exception as e:,Exception is logged and re-raised in the same handler.,"If upper layers also log, this creates duplicate error reports and noisy traces.","Log only at boundary layers, or add context and re-raise without error-level logging.",Add a test/logger capture for one error event per failing operation.,medium,61a4d7d58fd4f2b8
P2,error_policy,LOGGER_ERROR_THEN_RAISE,analytics/data_managers/model_results_manager.py,119,_load_file,except Exception as e:,Exception is logged and re-raised in the same handler.,"If upper layers also log, this creates duplicate error reports and noisy traces.","Log only at boundary layers, or add context and re-raise without error-level logging.",Add a test/logger capture for one error event per failing operation.,medium,52d44c8affc00dc3
P2,error_policy,LOGGER_ERROR_THEN_RAISE,analytics/data_managers/model_results_manager.py,152,get_confidence_score,except Exception as e:,Exception is logged and re-raised in the same handler.,"If upper layers also log, this creates duplicate error reports and noisy traces.","Log only at boundary layers, or add context and re-raise without error-level logging.",Add a test/logger capture for one error event per failing operation.,medium,7deeee072492ac23
P2,error_policy,LOGGER_ERROR_THEN_RAISE,analytics/data_managers/model_results_manager.py,208,save_json_result,except Exception as e:,Exception is logged and re-raised in the same handler.,"If upper layers also log, this creates duplicate error reports and noisy traces.","Log only at boundary layers, or add context and re-raise without error-level logging.",Add a test/logger capture for one error event per failing operation.,medium,88f470a39ac26711
P2,error_policy,LOGGER_ERROR_THEN_RAISE,analytics/engines/causal_engine.py,47,_create_model,except Exception as e:,Exception is logged and re-raised in the same handler.,"If upper layers also log, this creates duplicate error reports and noisy traces.","Log only at boundary layers, or add context and re-raise without error-level logging.",Add a test/logger capture for one error event per failing operation.,medium,57679bb53ceb3142
P2,error_policy,LOGGER_ERROR_THEN_RAISE,analytics/engines/causal_engine.py,85,estimate_effect,except Exception as e:,Exception is logged and re-raised in the same handler.,"If upper layers also log, this creates duplicate error reports and noisy traces.","Log only at boundary layers, or add context and re-raise without error-level logging.",Add a test/logger capture for one error event per failing operation.,medium,bcba55b76e2342e9
P2,error_policy,LOGGER_ERROR_THEN_RAISE,analytics/engines/causal_engine.py,106,run_refutation_tests,except Exception as e:,Exception is logged and re-raised in the same handler.,"If upper layers also log, this creates duplicate error reports and noisy traces.","Log only at boundary layers, or add context and re-raise without error-level logging.",Add a test/logger capture for one error event per failing operation.,medium,f8ed1a10203b039b
P2,error_policy,LOGGER_ERROR_THEN_RAISE,analytics/engines/causal_engine.py,115,run_refutation_tests,except Exception as e:,Exception is logged and re-raised in the same handler.,"If upper layers also log, this creates duplicate error reports and noisy traces.","Log only at boundary layers, or add context and re-raise without error-level logging.",Add a test/logger capture for one error event per failing operation.,medium,c5e05c87c284b06e
P2,error_policy,LOGGER_ERROR_THEN_RAISE,analytics/reporting/results_manager.py,56,save_results,except Exception as e:,Exception is logged and re-raised in the same handler.,"If upper layers also log, this creates duplicate error reports and noisy traces.","Log only at boundary layers, or add context and re-raise without error-level logging.",Add a test/logger capture for one error event per failing operation.,medium,3bb24bd4ef869056
P2,error_policy,LOGGER_ERROR_THEN_RAISE,analytics/reporting/results_manager.py,217,export_results_to_csv,except Exception as e:,Exception is logged and re-raised in the same handler.,"If upper layers also log, this creates duplicate error reports and noisy traces.","Log only at boundary layers, or add context and re-raise without error-level logging.",Add a test/logger capture for one error event per failing operation.,medium,7986bee253361588
P2,error_policy,LOGGER_ERROR_THEN_RAISE,analytics/reporting/visualization.py,39,_save_plot,except Exception as e:,Exception is logged and re-raised in the same handler.,"If upper layers also log, this creates duplicate error reports and noisy traces.","Log only at boundary layers, or add context and re-raise without error-level logging.",Add a test/logger capture for one error event per failing operation.,medium,73a832b5c7a61b9e
P2,error_policy,LOGGER_ERROR_THEN_RAISE,backtesting/advanced/advanced_engine.py,180,walk_forward_optimization,except Exception as e:,Exception is logged and re-raised in the same handler.,"If upper layers also log, this creates duplicate error reports and noisy traces.","Log only at boundary layers, or add context and re-raise without error-level logging.",Add a test/logger capture for one error event per failing operation.,medium,a528c6cd7f9efffb
P2,error_policy,LOGGER_ERROR_THEN_RAISE,calibration/adaptive_confidence_calibrator.py,129,update_with_outcome,except Exception as e:,Exception is logged and re-raised in the same handler.,"If upper layers also log, this creates duplicate error reports and noisy traces.","Log only at boundary layers, or add context and re-raise without error-level logging.",Add a test/logger capture for one error event per failing operation.,medium,32097734c9f00bb2
P2,error_policy,LOGGER_ERROR_THEN_RAISE,calibration/adaptive_confidence_calibrator.py,217,_execute_platt_training,except Exception as e:,Exception is logged and re-raised in the same handler.,"If upper layers also log, this creates duplicate error reports and noisy traces.","Log only at boundary layers, or add context and re-raise without error-level logging.",Add a test/logger capture for one error event per failing operation.,medium,1ebd538a898a51fb
P2,error_policy,LOGGER_ERROR_THEN_RAISE,calibration/adaptive_confidence_calibrator.py,232,_execute_isotonic_training,except Exception as e:,Exception is logged and re-raised in the same handler.,"If upper layers also log, this creates duplicate error reports and noisy traces.","Log only at boundary layers, or add context and re-raise without error-level logging.",Add a test/logger capture for one error event per failing operation.,medium,4fa1523e5dd42697
P2,error_policy,LOGGER_ERROR_THEN_RAISE,calibration/adaptive_confidence_calibrator.py,263,_compute_metrics,except Exception as e:,Exception is logged and re-raised in the same handler.,"If upper layers also log, this creates duplicate error reports and noisy traces.","Log only at boundary layers, or add context and re-raise without error-level logging.",Add a test/logger capture for one error event per failing operation.,medium,106452ac629c01b1
P2,error_policy,LOGGER_ERROR_THEN_RAISE,calibration/adaptive_confidence_calibrator.py,336,_execute_simple_training,except Exception as e:,Exception is logged and re-raised in the same handler.,"If upper layers also log, this creates duplicate error reports and noisy traces.","Log only at boundary layers, or add context and re-raise without error-level logging.",Add a test/logger capture for one error event per failing operation.,medium,d8cf87dee3515146
P2,error_policy,LOGGER_ERROR_THEN_RAISE,cli/pipeline_data_loader.py,88,load_from_db_fallback,except Exception as ex:,Exception is logged and re-raised in the same handler.,"If upper layers also log, this creates duplicate error reports and noisy traces.","Log only at boundary layers, or add context and re-raise without error-level logging.",Add a test/logger capture for one error event per failing operation.,medium,f835078614fb44dd
P2,error_policy,LOGGER_ERROR_THEN_RAISE,cli/pipeline_executor.py,223,_reconstruct_data_from_db,except Exception as ex:,Exception is logged and re-raised in the same handler.,"If upper layers also log, this creates duplicate error reports and noisy traces.","Log only at boundary layers, or add context and re-raise without error-level logging.",Add a test/logger capture for one error event per failing operation.,medium,ae69831c92fcde6b
P2,error_policy,LOGGER_ERROR_THEN_RAISE,colab/config/config_loader.py,122,_handle_config_in_main_database,except Exception as e:,Exception is logged and re-raised in the same handler.,"If upper layers also log, this creates duplicate error reports and noisy traces.","Log only at boundary layers, or add context and re-raise without error-level logging.",Add a test/logger capture for one error event per failing operation.,medium,bc51bac30111f0f6
P2,error_policy,LOGGER_ERROR_THEN_RAISE,config/unified_config_manager.py,150,_load_and_resolve_configs,except Exception as e:,Exception is logged and re-raised in the same handler.,"If upper layers also log, this creates duplicate error reports and noisy traces.","Log only at boundary layers, or add context and re-raise without error-level logging.",Add a test/logger capture for one error event per failing operation.,medium,d2c115e1417d1f9c
P2,error_policy,LOGGER_ERROR_THEN_RAISE,core/base_integration.py,36,get_status,except Exception as e:,Exception is logged and re-raised in the same handler.,"If upper layers also log, this creates duplicate error reports and noisy traces.","Log only at boundary layers, or add context and re-raise without error-level logging.",Add a test/logger capture for one error event per failing operation.,medium,1def8457164d26ff
P2,error_policy,LOGGER_ERROR_THEN_RAISE,core/cache/cache_manager.py,159,get,except Exception as e:,Exception is logged and re-raised in the same handler.,"If upper layers also log, this creates duplicate error reports and noisy traces.","Log only at boundary layers, or add context and re-raise without error-level logging.",Add a test/logger capture for one error event per failing operation.,medium,9ea1e73d2b02f60e
P2,error_policy,LOGGER_ERROR_THEN_RAISE,core/cache/cache_manager.py,301,clear,except Exception as e:,Exception is logged and re-raised in the same handler.,"If upper layers also log, this creates duplicate error reports and noisy traces.","Log only at boundary layers, or add context and re-raise without error-level logging.",Add a test/logger capture for one error event per failing operation.,medium,41c87807b98f815f
P2,error_policy,LOGGER_ERROR_THEN_RAISE,core/cloud/gcs_manager.py,106,list_files,except Exception as e:,Exception is logged and re-raised in the same handler.,"If upper layers also log, this creates duplicate error reports and noisy traces.","Log only at boundary layers, or add context and re-raise without error-level logging.",Add a test/logger capture for one error event per failing operation.,medium,04b81d49c7472535
P2,error_policy,LOGGER_ERROR_THEN_RAISE,core/error_handling/error_handler.py,89,safe_execute,except Exception as e:,Exception is logged and re-raised in the same handler.,"If upper layers also log, this creates duplicate error reports and noisy traces.","Log only at boundary layers, or add context and re-raise without error-level logging.",Add a test/logger capture for one error event per failing operation.,medium,00e851c358c59536
P2,error_policy,LOGGER_ERROR_THEN_RAISE,core/error_handling/error_handler.py,254,wrapper,except Exception as e:,Exception is logged and re-raised in the same handler.,"If upper layers also log, this creates duplicate error reports and noisy traces.","Log only at boundary layers, or add context and re-raise without error-level logging.",Add a test/logger capture for one error event per failing operation.,medium,294b6020e82ed8ea
P2,error_policy,LOGGER_ERROR_THEN_RAISE,core/file_management/file_manager.py,53,_atomic_write,except Exception as e:,Exception is logged and re-raised in the same handler.,"If upper layers also log, this creates duplicate error reports and noisy traces.","Log only at boundary layers, or add context and re-raise without error-level logging.",Add a test/logger capture for one error event per failing operation.,medium,6d93f24e5a466740
P2,error_policy,LOGGER_ERROR_THEN_RAISE,core/file_management/file_manager.py,95,load_yaml,except Exception as e:,Exception is logged and re-raised in the same handler.,"If upper layers also log, this creates duplicate error reports and noisy traces.","Log only at boundary layers, or add context and re-raise without error-level logging.",Add a test/logger capture for one error event per failing operation.,medium,b423b475eb732c1d
P2,error_policy,LOGGER_ERROR_THEN_RAISE,core/file_management/file_manager.py,135,load_json,except Exception as e:,Exception is logged and re-raised in the same handler.,"If upper layers also log, this creates duplicate error reports and noisy traces.","Log only at boundary layers, or add context and re-raise without error-level logging.",Add a test/logger capture for one error event per failing operation.,medium,50100bfff7a694c4
P2,error_policy,LOGGER_ERROR_THEN_RAISE,core/file_management/file_manager.py,212,load_dataframe,except Exception as e:,Exception is logged and re-raised in the same handler.,"If upper layers also log, this creates duplicate error reports and noisy traces.","Log only at boundary layers, or add context and re-raise without error-level logging.",Add a test/logger capture for one error event per failing operation.,medium,fdf711ddce3014f1
P2,error_policy,LOGGER_ERROR_THEN_RAISE,core/file_management/file_manager.py,235,cleanup_old_files,except Exception as e:,Exception is logged and re-raised in the same handler.,"If upper layers also log, this creates duplicate error reports and noisy traces.","Log only at boundary layers, or add context and re-raise without error-level logging.",Add a test/logger capture for one error event per failing operation.,medium,9d6c70d9ba67cc52
P2,error_policy,LOGGER_ERROR_THEN_RAISE,core/logging/exception_decorator.py,17,wrapper,except Exception as e:,Exception is logged and re-raised in the same handler.,"If upper layers also log, this creates duplicate error reports and noisy traces.","Log only at boundary layers, or add context and re-raise without error-level logging.",Add a test/logger capture for one error event per failing operation.,medium,7232244339356d30
P2,error_policy,LOGGER_ERROR_THEN_RAISE,core/security/secure_secrets_manager.py,117,load_dotenv,except Exception as e:,Exception is logged and re-raised in the same handler.,"If upper layers also log, this creates duplicate error reports and noisy traces.","Log only at boundary layers, or add context and re-raise without error-level logging.",Add a test/logger capture for one error event per failing operation.,medium,9669c3ef88cd1f6d
P2,error_policy,LOGGER_ERROR_THEN_RAISE,core/security/secure_secrets_manager.py,178,_load_encrypted_secrets,"except (ValueError, TypeError, Exception) as e:",Exception is logged and re-raised in the same handler.,"If upper layers also log, this creates duplicate error reports and noisy traces.","Log only at boundary layers, or add context and re-raise without error-level logging.",Add a test/logger capture for one error event per failing operation.,medium,47cd78ecb4a7edfe
P2,error_policy,LOGGER_ERROR_THEN_RAISE,core/security/secure_secrets_manager.py,211,encrypt_secrets,"except (ValueError, TypeError, Exception) as e:",Exception is logged and re-raised in the same handler.,"If upper layers also log, this creates duplicate error reports and noisy traces.","Log only at boundary layers, or add context and re-raise without error-level logging.",Add a test/logger capture for one error event per failing operation.,medium,023c28d963f90728
P2,error_policy,LOGGER_ERROR_THEN_RAISE,core/system/archive_manager.py,59,archive_directory,except Exception as e:,Exception is logged and re-raised in the same handler.,"If upper layers also log, this creates duplicate error reports and noisy traces.","Log only at boundary layers, or add context and re-raise without error-level logging.",Add a test/logger capture for one error event per failing operation.,medium,277fd755ec24c7fc
P2,error_policy,LOGGER_ERROR_THEN_RAISE,data/collectors/alternative_me_collector.py,67,run,except Exception as e:,Exception is logged and re-raised in the same handler.,"If upper layers also log, this creates duplicate error reports and noisy traces.","Log only at boundary layers, or add context and re-raise without error-level logging.",Add a test/logger capture for one error event per failing operation.,medium,9763eccc88929b65
P2,error_policy,LOGGER_ERROR_THEN_RAISE,data/collectors/alternative_me_collector.py,112,_fetch_fear_greed_data,except Exception as e:,Exception is logged and re-raised in the same handler.,"If upper layers also log, this creates duplicate error reports and noisy traces.","Log only at boundary layers, or add context and re-raise without error-level logging.",Add a test/logger capture for one error event per failing operation.,medium,c5811f2815f118d3
P2,error_policy,LOGGER_ERROR_THEN_RAISE,data/collectors/alternative_me_collector.py,138,_process_data_point,except Exception as e:,Exception is logged and re-raised in the same handler.,"If upper layers also log, this creates duplicate error reports and noisy traces.","Log only at boundary layers, or add context and re-raise without error-level logging.",Add a test/logger capture for one error event per failing operation.,medium,496900f3bd1d2f03
P2,error_policy,LOGGER_ERROR_THEN_RAISE,data/collectors/bigquery_collector.py,45,fetch_raw_data,except Exception as e:  # audit-ignore: BROAD_EXCEPTION_SILENT_RETURN,Exception is logged and re-raised in the same handler.,"If upper layers also log, this creates duplicate error reports and noisy traces.","Log only at boundary layers, or add context and re-raise without error-level logging.",Add a test/logger capture for one error event per failing operation.,medium,d1281cec3b1ddb05
P2,error_policy,LOGGER_ERROR_THEN_RAISE,data/collectors/bigquery_collector.py,61,_execute_query,except Exception as e:,Exception is logged and re-raised in the same handler.,"If upper layers also log, this creates duplicate error reports and noisy traces.","Log only at boundary layers, or add context and re-raise without error-level logging.",Add a test/logger capture for one error event per failing operation.,medium,aa465b5c94d62154
P2,error_policy,LOGGER_ERROR_THEN_RAISE,data/collectors/cftc_collector.py,81,run,except Exception as e:,Exception is logged and re-raised in the same handler.,"If upper layers also log, this creates duplicate error reports and noisy traces.","Log only at boundary layers, or add context and re-raise without error-level logging.",Add a test/logger capture for one error event per failing operation.,medium,9bbcfbbc2cb8813c
P2,error_policy,LOGGER_ERROR_THEN_RAISE,data/collectors/cftc_collector.py,143,_fetch_cftc_data,except Exception as e:  # audit-ignore: EXCEPTION_FALLS_BACK_TO_SAMPLE_DATA,Exception is logged and re-raised in the same handler.,"If upper layers also log, this creates duplicate error reports and noisy traces.","Log only at boundary layers, or add context and re-raise without error-level logging.",Add a test/logger capture for one error event per failing operation.,medium,4b852f5ee1830e53
P2,error_policy,LOGGER_ERROR_THEN_RAISE,data/collectors/cftc_collector.py,223,_parse_cftc_csv,except Exception as e:  # audit-ignore: EXCEPTION_FALLS_BACK_TO_SAMPLE_DATA,Exception is logged and re-raised in the same handler.,"If upper layers also log, this creates duplicate error reports and noisy traces.","Log only at boundary layers, or add context and re-raise without error-level logging.",Add a test/logger capture for one error event per failing operation.,medium,8f341bf2507c1339
P2,error_policy,LOGGER_ERROR_THEN_RAISE,data/collectors/collector_factory.py,31,__init__,except Exception as e:,Exception is logged and re-raised in the same handler.,"If upper layers also log, this creates duplicate error reports and noisy traces.","Log only at boundary layers, or add context and re-raise without error-level logging.",Add a test/logger capture for one error event per failing operation.,medium,ba94f9975ee5e9ef
P2,error_policy,LOGGER_ERROR_THEN_RAISE,data/collectors/collector_factory.py,87,get_collector,except Exception as e:,Exception is logged and re-raised in the same handler.,"If upper layers also log, this creates duplicate error reports and noisy traces.","Log only at boundary layers, or add context and re-raise without error-level logging.",Add a test/logger capture for one error event per failing operation.,medium,cf364089a603b63b
P2,error_policy,LOGGER_ERROR_THEN_RAISE,data/collectors/custom_csv_collector.py,43,fetch_raw_data,except Exception as e:  # audit-ignore: BROAD_EXCEPTION_SILENT_RETURN,Exception is logged and re-raised in the same handler.,"If upper layers also log, this creates duplicate error reports and noisy traces.","Log only at boundary layers, or add context and re-raise without error-level logging.",Add a test/logger capture for one error event per failing operation.,medium,83daadc9b9725c5c
P2,error_policy,LOGGER_ERROR_THEN_RAISE,data/collectors/economic_calendar_collector.py,101,fetch_raw_data,except Exception as e:  # audit-ignore: BROAD_EXCEPTION_SILENT_RETURN,Exception is logged and re-raised in the same handler.,"If upper layers also log, this creates duplicate error reports and noisy traces.","Log only at boundary layers, or add context and re-raise without error-level logging.",Add a test/logger capture for one error event per failing operation.,medium,0d27d51b9e5e5700
P2,error_policy,LOGGER_ERROR_THEN_RAISE,data/collectors/fred_collector.py,112,_fetch_series,except Exception as e:,Exception is logged and re-raised in the same handler.,"If upper layers also log, this creates duplicate error reports and noisy traces.","Log only at boundary layers, or add context and re-raise without error-level logging.",Add a test/logger capture for one error event per failing operation.,medium,868776771091f679
P2,error_policy,LOGGER_ERROR_THEN_RAISE,data/collectors/free_google_trends_collector.py,67,fetch_raw_data,except Exception as e:,Exception is logged and re-raised in the same handler.,"If upper layers also log, this creates duplicate error reports and noisy traces.","Log only at boundary layers, or add context and re-raise without error-level logging.",Add a test/logger capture for one error event per failing operation.,medium,9d79ffbacf931481
P2,error_policy,LOGGER_ERROR_THEN_RAISE,data/collectors/free_google_trends_collector.py,101,_fetch_trends_for_batch,except Exception as e:,Exception is logged and re-raised in the same handler.,"If upper layers also log, this creates duplicate error reports and noisy traces.","Log only at boundary layers, or add context and re-raise without error-level logging.",Add a test/logger capture for one error event per failing operation.,medium,d27719890f8971bd
P2,error_policy,LOGGER_ERROR_THEN_RAISE,data/collectors/google_news_collector.py,201,_fetch_articles_for_term,except Exception as e:,Exception is logged and re-raised in the same handler.,"If upper layers also log, this creates duplicate error reports and noisy traces.","Log only at boundary layers, or add context and re-raise without error-level logging.",Add a test/logger capture for one error event per failing operation.,medium,17a7315b493a9603
P2,error_policy,LOGGER_ERROR_THEN_RAISE,data/collectors/huggingface_collector.py,47,run,except Exception as e:,Exception is logged and re-raised in the same handler.,"If upper layers also log, this creates duplicate error reports and noisy traces.","Log only at boundary layers, or add context and re-raise without error-level logging.",Add a test/logger capture for one error event per failing operation.,medium,c78a0f8773931fb8
P2,error_policy,LOGGER_ERROR_THEN_RAISE,data/collectors/insider_collector.py,68,fetch_raw_data,except Exception as e:,Exception is logged and re-raised in the same handler.,"If upper layers also log, this creates duplicate error reports and noisy traces.","Log only at boundary layers, or add context and re-raise without error-level logging.",Add a test/logger capture for one error event per failing operation.,medium,174de1e1354da9f5
P2,error_policy,LOGGER_ERROR_THEN_RAISE,data/collectors/insider_collector.py,90,_scrape_url,except Exception as e:,Exception is logged and re-raised in the same handler.,"If upper layers also log, this creates duplicate error reports and noisy traces.","Log only at boundary layers, or add context and re-raise without error-level logging.",Add a test/logger capture for one error event per failing operation.,medium,0634b6abbb3e83a9
P2,error_policy,LOGGER_ERROR_THEN_RAISE,data/collectors/insider_collector.py,110,_scrape_url_sync,except Exception as e:,Exception is logged and re-raised in the same handler.,"If upper layers also log, this creates duplicate error reports and noisy traces.","Log only at boundary layers, or add context and re-raise without error-level logging.",Add a test/logger capture for one error event per failing operation.,medium,dfe8bf43634e6344
P2,error_policy,LOGGER_ERROR_THEN_RAISE,data/collectors/insider_collector.py,185,run,except Exception as e:,Exception is logged and re-raised in the same handler.,"If upper layers also log, this creates duplicate error reports and noisy traces.","Log only at boundary layers, or add context and re-raise without error-level logging.",Add a test/logger capture for one error event per failing operation.,medium,36afb6ca7df66195
P2,error_policy,LOGGER_ERROR_THEN_RAISE,data/collectors/local_file_collector.py,56,fetch_raw_data,except Exception as e:,Exception is logged and re-raised in the same handler.,"If upper layers also log, this creates duplicate error reports and noisy traces.","Log only at boundary layers, or add context and re-raise without error-level logging.",Add a test/logger capture for one error event per failing operation.,medium,b9de339c126cbbfd
P2,error_policy,LOGGER_ERROR_THEN_RAISE,data/collectors/newsapi_collector.py,193,_fetch_for_term,except Exception as e:,Exception is logged and re-raised in the same handler.,"If upper layers also log, this creates duplicate error reports and noisy traces.","Log only at boundary layers, or add context and re-raise without error-level logging.",Add a test/logger capture for one error event per failing operation.,medium,064a4d3e4dc3c053
P2,error_policy,LOGGER_ERROR_THEN_RAISE,data/collectors/put_call_ratio_collector.py,73,run,except Exception as e:,Exception is logged and re-raised in the same handler.,"If upper layers also log, this creates duplicate error reports and noisy traces.","Log only at boundary layers, or add context and re-raise without error-level logging.",Add a test/logger capture for one error event per failing operation.,medium,4b866f7deed279ce
P2,error_policy,LOGGER_ERROR_THEN_RAISE,data/collectors/put_call_ratio_collector.py,165,_fetch_put_call_data,except Exception as e:  # audit-ignore: EXCEPTION_FALLS_BACK_TO_SAMPLE_DATA,Exception is logged and re-raised in the same handler.,"If upper layers also log, this creates duplicate error reports and noisy traces.","Log only at boundary layers, or add context and re-raise without error-level logging.",Add a test/logger capture for one error event per failing operation.,medium,de0981043b477977
P2,error_policy,LOGGER_ERROR_THEN_RAISE,data/collectors/reddit_sentiment_collector.py,75,run,except Exception as e:,Exception is logged and re-raised in the same handler.,"If upper layers also log, this creates duplicate error reports and noisy traces.","Log only at boundary layers, or add context and re-raise without error-level logging.",Add a test/logger capture for one error event per failing operation.,medium,84dcca10f985f3a9
P2,error_policy,LOGGER_ERROR_THEN_RAISE,data/collectors/reddit_sentiment_collector.py,160,_generate_synthetic_reddit_data,except Exception as e:,Exception is logged and re-raised in the same handler.,"If upper layers also log, this creates duplicate error reports and noisy traces.","Log only at boundary layers, or add context and re-raise without error-level logging.",Add a test/logger capture for one error event per failing operation.,medium,9503242c28f00ee1
P2,error_policy,LOGGER_ERROR_THEN_RAISE,data/collectors/rss_collector.py,169,_fetch_feed,except Exception as exc:,Exception is logged and re-raised in the same handler.,"If upper layers also log, this creates duplicate error reports and noisy traces.","Log only at boundary layers, or add context and re-raise without error-level logging.",Add a test/logger capture for one error event per failing operation.,medium,0a5769ac2b4a5132
P2,error_policy,LOGGER_ERROR_THEN_RAISE,data/collectors/rss_collector.py,185,_fetch_feed,except Exception as exc:,Exception is logged and re-raised in the same handler.,"If upper layers also log, this creates duplicate error reports and noisy traces.","Log only at boundary layers, or add context and re-raise without error-level logging.",Add a test/logger capture for one error event per failing operation.,medium,2ce63e1f961b47e4
P2,error_policy,LOGGER_ERROR_THEN_RAISE,data/collectors/sec_filings_collector.py,202,_fetch_filings_for_cik,except Exception as e:,Exception is logged and re-raised in the same handler.,"If upper layers also log, this creates duplicate error reports and noisy traces.","Log only at boundary layers, or add context and re-raise without error-level logging.",Add a test/logger capture for one error event per failing operation.,medium,e4852ada1d29ebf0
P2,error_policy,LOGGER_ERROR_THEN_RAISE,data/collectors/vix_collector.py,92,run,except Exception as e:,Exception is logged and re-raised in the same handler.,"If upper layers also log, this creates duplicate error reports and noisy traces.","Log only at boundary layers, or add context and re-raise without error-level logging.",Add a test/logger capture for one error event per failing operation.,medium,217bccc368ad1b86
P2,error_policy,LOGGER_ERROR_THEN_RAISE,data/collectors/vix_collector.py,161,_fetch_vix_data,except Exception as e:,Exception is logged and re-raised in the same handler.,"If upper layers also log, this creates duplicate error reports and noisy traces.","Log only at boundary layers, or add context and re-raise without error-level logging.",Add a test/logger capture for one error event per failing operation.,medium,d2418524c64b9425
P2,error_policy,LOGGER_ERROR_THEN_RAISE,data/collectors/yf_collector.py,226,_process_single_ticker_dataframe,"except (ValueError, TypeError, Exception) as e:",Exception is logged and re-raised in the same handler.,"If upper layers also log, this creates duplicate error reports and noisy traces.","Log only at boundary layers, or add context and re-raise without error-level logging.",Add a test/logger capture for one error event per failing operation.,medium,a9f3e604fcce1e85
P2,error_policy,LOGGER_ERROR_THEN_RAISE,data/management/connectors/bigquery_connector.py,30,__init__,except Exception as e:,Exception is logged and re-raised in the same handler.,"If upper layers also log, this creates duplicate error reports and noisy traces.","Log only at boundary layers, or add context and re-raise without error-level logging.",Add a test/logger capture for one error event per failing operation.,medium,b1bc8a936d0d6e69
P2,error_policy,LOGGER_ERROR_THEN_RAISE,data/management/connectors/bigquery_connector.py,51,execute_query,except Exception as e:,Exception is logged and re-raised in the same handler.,"If upper layers also log, this creates duplicate error reports and noisy traces.","Log only at boundary layers, or add context and re-raise without error-level logging.",Add a test/logger capture for one error event per failing operation.,medium,2b84ddcc8589442f
P2,error_policy,LOGGER_ERROR_THEN_RAISE,data/management/connectors/bigquery_connector.py,100,,except Exception as e:,Exception is logged and re-raised in the same handler.,"If upper layers also log, this creates duplicate error reports and noisy traces.","Log only at boundary layers, or add context and re-raise without error-level logging.",Add a test/logger capture for one error event per failing operation.,medium,f0614520b8a5d994
P2,error_policy,LOGGER_ERROR_THEN_RAISE,data/management/data_manager.py,130,get_connection,except Exception as e:,Exception is logged and re-raised in the same handler.,"If upper layers also log, this creates duplicate error reports and noisy traces.","Log only at boundary layers, or add context and re-raise without error-level logging.",Add a test/logger capture for one error event per failing operation.,medium,b4c11d0eca1ab879
P2,error_policy,LOGGER_ERROR_THEN_RAISE,data/management/data_manager.py,146,transaction,except Exception as e:,Exception is logged and re-raised in the same handler.,"If upper layers also log, this creates duplicate error reports and noisy traces.","Log only at boundary layers, or add context and re-raise without error-level logging.",Add a test/logger capture for one error event per failing operation.,medium,2526e47c68b6c4ea
P2,error_policy,LOGGER_ERROR_THEN_RAISE,data/management/data_manager.py,163,execute_query,"except (duckdb.Error, Exception) as e:",Exception is logged and re-raised in the same handler.,"If upper layers also log, this creates duplicate error reports and noisy traces.","Log only at boundary layers, or add context and re-raise without error-level logging.",Add a test/logger capture for one error event per failing operation.,medium,fe8b53175b82d64b
P2,error_policy,LOGGER_ERROR_THEN_RAISE,data/management/data_manager.py,171,fetch_all,"except (duckdb.Error, Exception) as e:",Exception is logged and re-raised in the same handler.,"If upper layers also log, this creates duplicate error reports and noisy traces.","Log only at boundary layers, or add context and re-raise without error-level logging.",Add a test/logger capture for one error event per failing operation.,medium,535a52ddd110598b
P2,error_policy,LOGGER_ERROR_THEN_RAISE,data/management/data_manager.py,180,fetch_one,"except (duckdb.Error, Exception) as e:",Exception is logged and re-raised in the same handler.,"If upper layers also log, this creates duplicate error reports and noisy traces.","Log only at boundary layers, or add context and re-raise without error-level logging.",Add a test/logger capture for one error event per failing operation.,medium,85ac20a8a4e6766d
P2,error_policy,LOGGER_ERROR_THEN_RAISE,data/management/data_manager.py,194,fetch_data_from_table,except Exception as e:,Exception is logged and re-raised in the same handler.,"If upper layers also log, this creates duplicate error reports and noisy traces.","Log only at boundary layers, or add context and re-raise without error-level logging.",Add a test/logger capture for one error event per failing operation.,medium,b9b0c437483e004c
P2,error_policy,LOGGER_ERROR_THEN_RAISE,data/management/data_manager.py,202,fetch_df,except Exception as e:,Exception is logged and re-raised in the same handler.,"If upper layers also log, this creates duplicate error reports and noisy traces.","Log only at boundary layers, or add context and re-raise without error-level logging.",Add a test/logger capture for one error event per failing operation.,medium,4cd74547f88b25c9
P2,error_policy,LOGGER_ERROR_THEN_RAISE,data/management/data_manager.py,236,load_data_for_tickers,except Exception as e:,Exception is logged and re-raised in the same handler.,"If upper layers also log, this creates duplicate error reports and noisy traces.","Log only at boundary layers, or add context and re-raise without error-level logging.",Add a test/logger capture for one error event per failing operation.,medium,cc83e7dd45da15c4
P2,error_policy,LOGGER_ERROR_THEN_RAISE,data/management/data_manager.py,262,upsert,"except (duckdb.Error, Exception) as e:",Exception is logged and re-raised in the same handler.,"If upper layers also log, this creates duplicate error reports and noisy traces.","Log only at boundary layers, or add context and re-raise without error-level logging.",Add a test/logger capture for one error event per failing operation.,medium,f379cb854282d21a
P2,error_policy,LOGGER_ERROR_THEN_RAISE,data/management/data_manager.py,284,_handle_new_table,"except (duckdb.Error, Exception) as e:",Exception is logged and re-raised in the same handler.,"If upper layers also log, this creates duplicate error reports and noisy traces.","Log only at boundary layers, or add context and re-raise without error-level logging.",Add a test/logger capture for one error event per failing operation.,medium,3b4491a82502864d
P2,error_policy,LOGGER_ERROR_THEN_RAISE,data/management/data_manager.py,326,_prepare_upsert_df,"except (duckdb.Error, Exception) as e:",Exception is logged and re-raised in the same handler.,"If upper layers also log, this creates duplicate error reports and noisy traces.","Log only at boundary layers, or add context and re-raise without error-level logging.",Add a test/logger capture for one error event per failing operation.,medium,bbdac1200f41a407
P2,error_policy,LOGGER_ERROR_THEN_RAISE,data/management/data_manager.py,357,_execute_upsert_insert,"except (duckdb.Error, Exception) as insert_error:",Exception is logged and re-raised in the same handler.,"If upper layers also log, this creates duplicate error reports and noisy traces.","Log only at boundary layers, or add context and re-raise without error-level logging.",Add a test/logger capture for one error event per failing operation.,medium,465e9f33309f9a39
P2,error_policy,LOGGER_ERROR_THEN_RAISE,data/management/data_manager.py,385,_create_unique_index,"except (duckdb.Error, Exception) as idx_e:",Exception is logged and re-raised in the same handler.,"If upper layers also log, this creates duplicate error reports and noisy traces.","Log only at boundary layers, or add context and re-raise without error-level logging.",Add a test/logger capture for one error event per failing operation.,medium,c871abe3fb9d3d10
P2,error_policy,LOGGER_ERROR_THEN_RAISE,data/management/data_manager.py,396,table_exists,"except (duckdb.Error, Exception) as e:",Exception is logged and re-raised in the same handler.,"If upper layers also log, this creates duplicate error reports and noisy traces.","Log only at boundary layers, or add context and re-raise without error-level logging.",Add a test/logger capture for one error event per failing operation.,medium,2cfea42683614141
P2,error_policy,LOGGER_ERROR_THEN_RAISE,data/management/data_manager.py,426,filter_new_records,"except (duckdb.Error, Exception) as e:",Exception is logged and re-raised in the same handler.,"If upper layers also log, this creates duplicate error reports and noisy traces.","Log only at boundary layers, or add context and re-raise without error-level logging.",Add a test/logger capture for one error event per failing operation.,medium,4918a17e718a680e
P2,error_policy,LOGGER_ERROR_THEN_RAISE,data/management/data_manager.py,434,get_all_table_names,"except (duckdb.Error, Exception) as e:",Exception is logged and re-raised in the same handler.,"If upper layers also log, this creates duplicate error reports and noisy traces.","Log only at boundary layers, or add context and re-raise without error-level logging.",Add a test/logger capture for one error event per failing operation.,medium,d67726d2a80281cb
P2,error_policy,LOGGER_ERROR_THEN_RAISE,data/management/data_manager.py,444,get_table_schema,"except (duckdb.Error, Exception) as e:",Exception is logged and re-raised in the same handler.,"If upper layers also log, this creates duplicate error reports and noisy traces.","Log only at boundary layers, or add context and re-raise without error-level logging.",Add a test/logger capture for one error event per failing operation.,medium,c5439757b45ea74c
P2,error_policy,LOGGER_ERROR_THEN_RAISE,data/management/data_versioning.py,35,_load_metadata,except Exception as e:,Exception is logged and re-raised in the same handler.,"If upper layers also log, this creates duplicate error reports and noisy traces.","Log only at boundary layers, or add context and re-raise without error-level logging.",Add a test/logger capture for one error event per failing operation.,medium,c0d3f53cec6fa3ce
P2,error_policy,LOGGER_ERROR_THEN_RAISE,data/management/data_versioning.py,217,cleanup_stale_files,except Exception as e:,Exception is logged and re-raised in the same handler.,"If upper layers also log, this creates duplicate error reports and noisy traces.","Log only at boundary layers, or add context and re-raise without error-level logging.",Add a test/logger capture for one error event per failing operation.,medium,79380ba3223d6d15
P2,error_policy,LOGGER_ERROR_THEN_RAISE,data/management/handlers/connection_handler.py,27,close_all_connections,except Exception as e:,Exception is logged and re-raised in the same handler.,"If upper layers also log, this creates duplicate error reports and noisy traces.","Log only at boundary layers, or add context and re-raise without error-level logging.",Add a test/logger capture for one error event per failing operation.,medium,38c8c43c95d5bc90
P2,error_policy,LOGGER_ERROR_THEN_RAISE,data/management/handlers/connection_handler.py,44,get_connection,except Exception as e:,Exception is logged and re-raised in the same handler.,"If upper layers also log, this creates duplicate error reports and noisy traces.","Log only at boundary layers, or add context and re-raise without error-level logging.",Add a test/logger capture for one error event per failing operation.,medium,3d5f5689501466ff
P2,error_policy,LOGGER_ERROR_THEN_RAISE,data/validation/event_dataset_validator.py,63,_check_datetime_columns,except Exception as e:,Exception is logged and re-raised in the same handler.,"If upper layers also log, this creates duplicate error reports and noisy traces.","Log only at boundary layers, or add context and re-raise without error-level logging.",Add a test/logger capture for one error event per failing operation.,medium,6e2709de04bab93d
P2,error_policy,LOGGER_ERROR_THEN_RAISE,devtools/rule_generator.py,53,run_analysis,except Exception as e:,Exception is logged and re-raised in the same handler.,"If upper layers also log, this creates duplicate error reports and noisy traces.","Log only at boundary layers, or add context and re-raise without error-level logging.",Add a test/logger capture for one error event per failing operation.,medium,88d749627fcaa928
P2,error_policy,LOGGER_ERROR_THEN_RAISE,devtools/rule_generator.py,151,_save_rules_to_yaml,except Exception as e:,Exception is logged and re-raised in the same handler.,"If upper layers also log, this creates duplicate error reports and noisy traces.","Log only at boundary layers, or add context and re-raise without error-level logging.",Add a test/logger capture for one error event per failing operation.,medium,334461bb73398b39
P2,error_policy,LOGGER_ERROR_THEN_RAISE,factories/model_factory.py,198,get_model,except Exception as e:,Exception is logged and re-raised in the same handler.,"If upper layers also log, this creates duplicate error reports and noisy traces.","Log only at boundary layers, or add context and re-raise without error-level logging.",Add a test/logger capture for one error event per failing operation.,medium,6841170b681c1ad3
P2,error_policy,LOGGER_ERROR_THEN_RAISE,factories/tree_model_factory.py,37,create_model,except Exception as e:,Exception is logged and re-raised in the same handler.,"If upper layers also log, this creates duplicate error reports and noisy traces.","Log only at boundary layers, or add context and re-raise without error-level logging.",Add a test/logger capture for one error event per failing operation.,medium,f4ed30e0719ed4f8
P2,error_policy,LOGGER_ERROR_THEN_RAISE,features/analysis/regime_importance_tracker.py,149,track_feature_importance,except Exception as e:,Exception is logged and re-raised in the same handler.,"If upper layers also log, this creates duplicate error reports and noisy traces.","Log only at boundary layers, or add context and re-raise without error-level logging.",Add a test/logger capture for one error event per failing operation.,medium,214c8d393ae10d7d
P2,error_policy,LOGGER_ERROR_THEN_RAISE,features/analysis/regime_importance_tracker.py,175,_store_tracking_results,except Exception as e:,Exception is logged and re-raised in the same handler.,"If upper layers also log, this creates duplicate error reports and noisy traces.","Log only at boundary layers, or add context and re-raise without error-level logging.",Add a test/logger capture for one error event per failing operation.,medium,1a943864c2d3424d
P2,error_policy,LOGGER_ERROR_THEN_RAISE,features/builders/news_event_dataset_builder.py,78,_process_all_news,except Exception as e:,Exception is logged and re-raised in the same handler.,"If upper layers also log, this creates duplicate error reports and noisy traces.","Log only at boundary layers, or add context and re-raise without error-level logging.",Add a test/logger capture for one error event per failing operation.,medium,535a7a29f1911751
P2,error_policy,LOGGER_ERROR_THEN_RAISE,features/colab_context_integration.py,63,_init_selector,except Exception as e:,Exception is logged and re-raised in the same handler.,"If upper layers also log, this creates duplicate error reports and noisy traces.","Log only at boundary layers, or add context and re-raise without error-level logging.",Add a test/logger capture for one error event per failing operation.,medium,b8b56079f7976d10
P2,error_policy,LOGGER_ERROR_THEN_RAISE,features/colab_context_integration.py,160,save_feature_analysis,except Exception as e:,Exception is logged and re-raised in the same handler.,"If upper layers also log, this creates duplicate error reports and noisy traces.","Log only at boundary layers, or add context and re-raise without error-level logging.",Add a test/logger capture for one error event per failing operation.,medium,7411ba823d0b6e66
P2,error_policy,LOGGER_ERROR_THEN_RAISE,features/colab_context_integration.py,197,visualize_context_importance,except Exception as e:,Exception is logged and re-raised in the same handler.,"If upper layers also log, this creates duplicate error reports and noisy traces.","Log only at boundary layers, or add context and re-raise without error-level logging.",Add a test/logger capture for one error event per failing operation.,medium,9abdf414438742c7
P2,error_policy,LOGGER_ERROR_THEN_RAISE,features/enrichers/advanced_analytics_enricher.py,36,__init__,except Exception as e:,Exception is logged and re-raised in the same handler.,"If upper layers also log, this creates duplicate error reports and noisy traces.","Log only at boundary layers, or add context and re-raise without error-level logging.",Add a test/logger capture for one error event per failing operation.,medium,39c8aca644230f8f
P2,error_policy,LOGGER_ERROR_THEN_RAISE,features/enrichers/advanced_analytics_enricher.py,52,__init__,except Exception as e:,Exception is logged and re-raised in the same handler.,"If upper layers also log, this creates duplicate error reports and noisy traces.","Log only at boundary layers, or add context and re-raise without error-level logging.",Add a test/logger capture for one error event per failing operation.,medium,f2216227751c6a8c
P2,error_policy,LOGGER_ERROR_THEN_RAISE,features/enrichers/base.py,89,enrich,except Exception as e:,Exception is logged and re-raised in the same handler.,"If upper layers also log, this creates duplicate error reports and noisy traces.","Log only at boundary layers, or add context and re-raise without error-level logging.",Add a test/logger capture for one error event per failing operation.,medium,9d57a54d63e86470
P2,error_policy,LOGGER_ERROR_THEN_RAISE,features/enrichers/context_map_enricher.py,61,__init__,except Exception as e:,Exception is logged and re-raised in the same handler.,"If upper layers also log, this creates duplicate error reports and noisy traces.","Log only at boundary layers, or add context and re-raise without error-level logging.",Add a test/logger capture for one error event per failing operation.,medium,1bdcf858e5a1f919
P2,error_policy,LOGGER_ERROR_THEN_RAISE,features/enrichers/keyword_entity_enricher.py,33,__init__,except Exception as e:,Exception is logged and re-raised in the same handler.,"If upper layers also log, this creates duplicate error reports and noisy traces.","Log only at boundary layers, or add context and re-raise without error-level logging.",Add a test/logger capture for one error event per failing operation.,medium,46f3ec29258a63f7
P2,error_policy,LOGGER_ERROR_THEN_RAISE,features/enrichers/macro_features_enricher.py,79,_filter_test_ticker,except Exception as e:,Exception is logged and re-raised in the same handler.,"If upper layers also log, this creates duplicate error reports and noisy traces.","Log only at boundary layers, or add context and re-raise without error-level logging.",Add a test/logger capture for one error event per failing operation.,medium,72fdf7fd37ffc054
P2,error_policy,LOGGER_ERROR_THEN_RAISE,features/enrichers/news_impact_enricher.py,326,_prepare_traditional_news,except Exception as e:,Exception is logged and re-raised in the same handler.,"If upper layers also log, this creates duplicate error reports and noisy traces.","Log only at boundary layers, or add context and re-raise without error-level logging.",Add a test/logger capture for one error event per failing operation.,medium,dd901763bdf0becd
P2,error_policy,LOGGER_ERROR_THEN_RAISE,features/enrichers/technical_analysis_enricher.py,272,_add_drawdown_features,except Exception as e:,Exception is logged and re-raised in the same handler.,"If upper layers also log, this creates duplicate error reports and noisy traces.","Log only at boundary layers, or add context and re-raise without error-level logging.",Add a test/logger capture for one error event per failing operation.,medium,418f11523fc4fc88
P2,error_policy,LOGGER_ERROR_THEN_RAISE,features/enrichers/technical_analysis_enricher.py,288,_add_risk_reward_features,except Exception as e:,Exception is logged and re-raised in the same handler.,"If upper layers also log, this creates duplicate error reports and noisy traces.","Log only at boundary layers, or add context and re-raise without error-level logging.",Add a test/logger capture for one error event per failing operation.,medium,533552b9ebdaa56b
P2,error_policy,LOGGER_ERROR_THEN_RAISE,features/enrichers/technical_analysis_enricher.py,305,_add_econometrics_features,except Exception as e:,Exception is logged and re-raised in the same handler.,"If upper layers also log, this creates duplicate error reports and noisy traces.","Log only at boundary layers, or add context and re-raise without error-level logging.",Add a test/logger capture for one error event per failing operation.,medium,638aa317caac0818
P2,error_policy,LOGGER_ERROR_THEN_RAISE,features/enrichers/technical_analysis_enricher.py,321,_add_fama_french_features,except Exception as e:,Exception is logged and re-raised in the same handler.,"If upper layers also log, this creates duplicate error reports and noisy traces.","Log only at boundary layers, or add context and re-raise without error-level logging.",Add a test/logger capture for one error event per failing operation.,medium,e879d78233984acd
P2,error_policy,LOGGER_ERROR_THEN_RAISE,features/feature_cache.py,99,get_features,"except (IOError, ValueError, TypeError, Exception) as e:",Exception is logged and re-raised in the same handler.,"If upper layers also log, this creates duplicate error reports and noisy traces.","Log only at boundary layers, or add context and re-raise without error-level logging.",Add a test/logger capture for one error event per failing operation.,medium,235e40283d0b4798
P2,error_policy,LOGGER_ERROR_THEN_RAISE,features/feature_cache.py,146,save_features,"except (IOError, TypeError, Exception) as e:",Exception is logged and re-raised in the same handler.,"If upper layers also log, this creates duplicate error reports and noisy traces.","Log only at boundary layers, or add context and re-raise without error-level logging.",Add a test/logger capture for one error event per failing operation.,medium,8311c225c1015fec
P2,error_policy,LOGGER_ERROR_THEN_RAISE,features/feature_cache.py,208,get_stats,except Exception as e:,Exception is logged and re-raised in the same handler.,"If upper layers also log, this creates duplicate error reports and noisy traces.","Log only at boundary layers, or add context and re-raise without error-level logging.",Add a test/logger capture for one error event per failing operation.,medium,8be9461ba4cdbfd7
P2,error_policy,LOGGER_ERROR_THEN_RAISE,features/feature_cache.py,271,_cleanup_old_cache,except Exception as e:,Exception is logged and re-raised in the same handler.,"If upper layers also log, this creates duplicate error reports and noisy traces.","Log only at boundary layers, or add context and re-raise without error-level logging.",Add a test/logger capture for one error event per failing operation.,medium,22ef61f557635b73
P2,error_policy,LOGGER_ERROR_THEN_RAISE,features/feature_orchestrator.py,87,_process_enricher_class,except Exception as e:,Exception is logged and re-raised in the same handler.,"If upper layers also log, this creates duplicate error reports and noisy traces.","Log only at boundary layers, or add context and re-raise without error-level logging.",Add a test/logger capture for one error event per failing operation.,medium,4225a0ae2fb8c681
P2,error_policy,LOGGER_ERROR_THEN_RAISE,features/feature_orchestrator.py,256,run,except Exception as e:,Exception is logged and re-raised in the same handler.,"If upper layers also log, this creates duplicate error reports and noisy traces.","Log only at boundary layers, or add context and re-raise without error-level logging.",Add a test/logger capture for one error event per failing operation.,medium,c9382c0eb5cfdc25
P2,error_policy,LOGGER_ERROR_THEN_RAISE,features/feature_selector.py,101,_perform_feature_selection,except Exception as e:,Exception is logged and re-raised in the same handler.,"If upper layers also log, this creates duplicate error reports and noisy traces.","Log only at boundary layers, or add context and re-raise without error-level logging.",Add a test/logger capture for one error event per failing operation.,medium,9079871b0062dec2
P2,error_policy,LOGGER_ERROR_THEN_RAISE,features/news_dataset_builder.py,108,_filter_news_with_sufficient_candles,except Exception as e:,Exception is logged and re-raised in the same handler.,"If upper layers also log, this creates duplicate error reports and noisy traces.","Log only at boundary layers, or add context and re-raise without error-level logging.",Add a test/logger capture for one error event per failing operation.,medium,ffc7ff31adb0524d
P2,error_policy,LOGGER_ERROR_THEN_RAISE,features/news_dataset_builder.py,135,build_dataset,except Exception as e:,Exception is logged and re-raised in the same handler.,"If upper layers also log, this creates duplicate error reports and noisy traces.","Log only at boundary layers, or add context and re-raise without error-level logging.",Add a test/logger capture for one error event per failing operation.,medium,aeb0a4558dd84df0
P2,error_policy,LOGGER_ERROR_THEN_RAISE,features/news_dataset_builder.py,193,_build_news_row,except Exception as e:,Exception is logged and re-raised in the same handler.,"If upper layers also log, this creates duplicate error reports and noisy traces.","Log only at boundary layers, or add context and re-raise without error-level logging.",Add a test/logger capture for one error event per failing operation.,medium,9263183698094b67
P2,error_policy,LOGGER_ERROR_THEN_RAISE,features/news_impact_classifier.py,51,_load_impact_config,except Exception as e:,Exception is logged and re-raised in the same handler.,"If upper layers also log, this creates duplicate error reports and noisy traces.","Log only at boundary layers, or add context and re-raise without error-level logging.",Add a test/logger capture for one error event per failing operation.,medium,a99537cb3feb323a
P2,error_policy,LOGGER_ERROR_THEN_RAISE,features/news_impact_classifier.py,68,_load_sector_mapping,except Exception as e:,Exception is logged and re-raised in the same handler.,"If upper layers also log, this creates duplicate error reports and noisy traces.","Log only at boundary layers, or add context and re-raise without error-level logging.",Add a test/logger capture for one error event per failing operation.,medium,00a36d1f6cdeb8ab
P2,error_policy,LOGGER_ERROR_THEN_RAISE,features/nlp/extractors/entity_extractor.py,74,extract,except Exception as e:,Exception is logged and re-raised in the same handler.,"If upper layers also log, this creates duplicate error reports and noisy traces.","Log only at boundary layers, or add context and re-raise without error-level logging.",Add a test/logger capture for one error event per failing operation.,medium,d67d2fa0b4c055e4
P2,error_policy,LOGGER_ERROR_THEN_RAISE,features/nlp/models/finbert_pipeline.py,52,get_finbert_pipeline,except Exception as e:,Exception is logged and re-raised in the same handler.,"If upper layers also log, this creates duplicate error reports and noisy traces.","Log only at boundary layers, or add context and re-raise without error-level logging.",Add a test/logger capture for one error event per failing operation.,medium,8ca14afea10fffe9
P2,error_policy,LOGGER_ERROR_THEN_RAISE,features/nlp/processors/news_harmonizer.py,13,_get_news_fields,except Exception as e:,Exception is logged and re-raised in the same handler.,"If upper layers also log, this creates duplicate error reports and noisy traces.","Log only at boundary layers, or add context and re-raise without error-level logging.",Add a test/logger capture for one error event per failing operation.,medium,335a4ac69b727ab2
P2,error_policy,LOGGER_ERROR_THEN_RAISE,features/selection/smart_selector.py,252,_lgbm_filter,except Exception as e:,Exception is logged and re-raised in the same handler.,"If upper layers also log, this creates duplicate error reports and noisy traces.","Log only at boundary layers, or add context and re-raise without error-level logging.",Add a test/logger capture for one error event per failing operation.,medium,edc0f0fd0ec29937
P2,error_policy,LOGGER_ERROR_THEN_RAISE,features/selection/smart_selector.py,297,_random_forest_filter,except Exception as e:,Exception is logged and re-raised in the same handler.,"If upper layers also log, this creates duplicate error reports and noisy traces.","Log only at boundary layers, or add context and re-raise without error-level logging.",Add a test/logger capture for one error event per failing operation.,medium,b19af1a807888737
P2,error_policy,LOGGER_ERROR_THEN_RAISE,features/selection/smart_selector.py,308,_variance_filter,except Exception as e:,Exception is logged and re-raised in the same handler.,"If upper layers also log, this creates duplicate error reports and noisy traces.","Log only at boundary layers, or add context and re-raise without error-level logging.",Add a test/logger capture for one error event per failing operation.,medium,04c6ceb265846fc7
P2,error_policy,LOGGER_ERROR_THEN_RAISE,features/selection/volatility_driver_selector.py,74,select,except Exception as e:,Exception is logged and re-raised in the same handler.,"If upper layers also log, this creates duplicate error reports and noisy traces.","Log only at boundary layers, or add context and re-raise without error-level logging.",Add a test/logger capture for one error event per failing operation.,medium,88ab98b90df9143d
P2,error_policy,LOGGER_ERROR_THEN_RAISE,features/validation/feature_leakage_guard.py,172,_check_correlation,except Exception as e:,Exception is logged and re-raised in the same handler.,"If upper layers also log, this creates duplicate error reports and noisy traces.","Log only at boundary layers, or add context and re-raise without error-level logging.",Add a test/logger capture for one error event per failing operation.,medium,81b1604b41697145
P2,error_policy,LOGGER_ERROR_THEN_RAISE,features/validation/feature_leakage_guard.py,190,_save_report,except Exception as e:,Exception is logged and re-raised in the same handler.,"If upper layers also log, this creates duplicate error reports and noisy traces.","Log only at boundary layers, or add context and re-raise without error-level logging.",Add a test/logger capture for one error event per failing operation.,medium,cc512303d4f2768f
P2,error_policy,LOGGER_ERROR_THEN_RAISE,integration/ensemble_performance_bridge.py,154,_extract_ensemble_metrics,except Exception as e:,Exception is logged and re-raised in the same handler.,"If upper layers also log, this creates duplicate error reports and noisy traces.","Log only at boundary layers, or add context and re-raise without error-level logging.",Add a test/logger capture for one error event per failing operation.,medium,e469cd424d181c42
P2,error_policy,LOGGER_ERROR_THEN_RAISE,integration/ensemble_performance_bridge.py,185,_convert_to_tracker_format,except Exception as e:,Exception is logged and re-raised in the same handler.,"If upper layers also log, this creates duplicate error reports and noisy traces.","Log only at boundary layers, or add context and re-raise without error-level logging.",Add a test/logger capture for one error event per failing operation.,medium,9a032771e251d52b
P2,error_policy,LOGGER_ERROR_THEN_RAISE,integration/ensemble_performance_bridge.py,217,_merge_performance_data,except Exception as e:,Exception is logged and re-raised in the same handler.,"If upper layers also log, this creates duplicate error reports and noisy traces.","Log only at boundary layers, or add context and re-raise without error-level logging.",Add a test/logger capture for one error event per failing operation.,medium,cb1fe25876ca3725
P2,error_policy,LOGGER_ERROR_THEN_RAISE,integration/ensemble_performance_bridge.py,238,get_ensemble_weights_for_prediction,except Exception as e:,Exception is logged and re-raised in the same handler.,"If upper layers also log, this creates duplicate error reports and noisy traces.","Log only at boundary layers, or add context and re-raise without error-level logging.",Add a test/logger capture for one error event per failing operation.,medium,0b3456ba09f863b5
P2,error_policy,LOGGER_ERROR_THEN_RAISE,integrations/base.py,41,get_status,except Exception as e:,Exception is logged and re-raised in the same handler.,"If upper layers also log, this creates duplicate error reports and noisy traces.","Log only at boundary layers, or add context and re-raise without error-level logging.",Add a test/logger capture for one error event per failing operation.,medium,d71ad1c7285a013a
P2,error_policy,LOGGER_ERROR_THEN_RAISE,main/modes/backtest.py,96,_detect_biases,except Exception as e:,Exception is logged and re-raised in the same handler.,"If upper layers also log, this creates duplicate error reports and noisy traces.","Log only at boundary layers, or add context and re-raise without error-level logging.",Add a test/logger capture for one error event per failing operation.,medium,ecd20f863a4d5179
P2,error_policy,LOGGER_ERROR_THEN_RAISE,main/modes/web_ui.py,121,serve_file,except Exception as e:,Exception is logged and re-raised in the same handler.,"If upper layers also log, this creates duplicate error reports and noisy traces.","Log only at boundary layers, or add context and re-raise without error-level logging.",Add a test/logger capture for one error event per failing operation.,medium,e3c33b8d64f72743
P2,error_policy,LOGGER_ERROR_THEN_RAISE,main/modes/web_ui.py,203,get_market_data,except Exception as e:,Exception is logged and re-raised in the same handler.,"If upper layers also log, this creates duplicate error reports and noisy traces.","Log only at boundary layers, or add context and re-raise without error-level logging.",Add a test/logger capture for one error event per failing operation.,medium,177316e194b4d5b0
P2,error_policy,LOGGER_ERROR_THEN_RAISE,main/modes/web_ui.py,227,_get_performance_report,except Exception as e:,Exception is logged and re-raised in the same handler.,"If upper layers also log, this creates duplicate error reports and noisy traces.","Log only at boundary layers, or add context and re-raise without error-level logging.",Add a test/logger capture for one error event per failing operation.,medium,ba89f3d70c98f95e
P2,error_policy,LOGGER_ERROR_THEN_RAISE,main/system_orchestrator.py,224,_run_intelligent_mode,except Exception as e:,Exception is logged and re-raised in the same handler.,"If upper layers also log, this creates duplicate error reports and noisy traces.","Log only at boundary layers, or add context and re-raise without error-level logging.",Add a test/logger capture for one error event per failing operation.,medium,bb4af03b3a42feeb
P2,error_policy,LOGGER_ERROR_THEN_RAISE,meta_learning/memory/diary_engine.py,582,get_contextual_model_weights,except Exception as e:,Exception is logged and re-raised in the same handler.,"If upper layers also log, this creates duplicate error reports and noisy traces.","Log only at boundary layers, or add context and re-raise without error-level logging.",Add a test/logger capture for one error event per failing operation.,medium,c9bd0727d1f65fc5
P2,error_policy,LOGGER_ERROR_THEN_RAISE,meta_learning/memory/diary_engine.py,618,get_contextual_model_weights_by_pattern_seq,except Exception as e:,Exception is logged and re-raised in the same handler.,"If upper layers also log, this creates duplicate error reports and noisy traces.","Log only at boundary layers, or add context and re-raise without error-level logging.",Add a test/logger capture for one error event per failing operation.,medium,258981d515207365
P2,error_policy,LOGGER_ERROR_THEN_RAISE,meta_learning/memory/diary_engine.py,745,get_knn_contextual_model_weights,except Exception as e:,Exception is logged and re-raised in the same handler.,"If upper layers also log, this creates duplicate error reports and noisy traces.","Log only at boundary layers, or add context and re-raise without error-level logging.",Add a test/logger capture for one error event per failing operation.,medium,89faa8224a90193d
P2,error_policy,LOGGER_ERROR_THEN_RAISE,meta_learning/security/constraint_engine.py,453,_validate_position_size,"except (ValueError, TypeError, Exception) as e:",Exception is logged and re-raised in the same handler.,"If upper layers also log, this creates duplicate error reports and noisy traces.","Log only at boundary layers, or add context and re-raise without error-level logging.",Add a test/logger capture for one error event per failing operation.,medium,ea9292b68e1c8949
P2,error_policy,LOGGER_ERROR_THEN_RAISE,meta_learning/security/constraint_engine.py,479,_validate_risk_exposure,"except (ValueError, TypeError, Exception) as e:",Exception is logged and re-raised in the same handler.,"If upper layers also log, this creates duplicate error reports and noisy traces.","Log only at boundary layers, or add context and re-raise without error-level logging.",Add a test/logger capture for one error event per failing operation.,medium,c202844094c08a50
P2,error_policy,LOGGER_ERROR_THEN_RAISE,meta_learning/security/constraint_engine.py,513,_validate_trading_frequency,"except (ValueError, TypeError, Exception) as e:",Exception is logged and re-raised in the same handler.,"If upper layers also log, this creates duplicate error reports and noisy traces.","Log only at boundary layers, or add context and re-raise without error-level logging.",Add a test/logger capture for one error event per failing operation.,medium,cd0c71211c25351a
P2,error_policy,LOGGER_ERROR_THEN_RAISE,meta_learning/security/constraint_engine.py,534,_validate_consecutive_losses,"except (ValueError, TypeError, Exception) as e:",Exception is logged and re-raised in the same handler.,"If upper layers also log, this creates duplicate error reports and noisy traces.","Log only at boundary layers, or add context and re-raise without error-level logging.",Add a test/logger capture for one error event per failing operation.,medium,888f63815c2b09db
P2,error_policy,LOGGER_ERROR_THEN_RAISE,meta_learning/security/constraint_engine.py,548,_validate_volatility_limits,"except (ValueError, TypeError, Exception) as e:",Exception is logged and re-raised in the same handler.,"If upper layers also log, this creates duplicate error reports and noisy traces.","Log only at boundary layers, or add context and re-raise without error-level logging.",Add a test/logger capture for one error event per failing operation.,medium,c1cf8bd191043745
P2,error_policy,LOGGER_ERROR_THEN_RAISE,meta_learning/security/constraint_engine.py,564,_validate_liquidity_requirements,"except (ValueError, TypeError, Exception) as e:",Exception is logged and re-raised in the same handler.,"If upper layers also log, this creates duplicate error reports and noisy traces.","Log only at boundary layers, or add context and re-raise without error-level logging.",Add a test/logger capture for one error event per failing operation.,medium,c790152ccb27ef38
P2,error_policy,LOGGER_ERROR_THEN_RAISE,meta_learning/security/constraint_engine.py,584,_validate_correlation_limits,"except (ValueError, TypeError, Exception) as e:",Exception is logged and re-raised in the same handler.,"If upper layers also log, this creates duplicate error reports and noisy traces.","Log only at boundary layers, or add context and re-raise without error-level logging.",Add a test/logger capture for one error event per failing operation.,medium,584111c4b69338e6
P2,error_policy,LOGGER_ERROR_THEN_RAISE,metrics/model/ml_evaluator.py,87,calculate_classification_metrics,except Exception as e:,Exception is logged and re-raised in the same handler.,"If upper layers also log, this creates duplicate error reports and noisy traces.","Log only at boundary layers, or add context and re-raise without error-level logging.",Add a test/logger capture for one error event per failing operation.,medium,53663365c4176497
P2,error_policy,LOGGER_ERROR_THEN_RAISE,metrics/model/ml_evaluator.py,101,_calculate_probabilistic_metrics,except Exception as e:,Exception is logged and re-raised in the same handler.,"If upper layers also log, this creates duplicate error reports and noisy traces.","Log only at boundary layers, or add context and re-raise without error-level logging.",Add a test/logger capture for one error event per failing operation.,medium,011f82ba2ad4bafb
P2,error_policy,LOGGER_ERROR_THEN_RAISE,models/actions/action_trigger.py,62,trigger_actions,except Exception as e:,Exception is logged and re-raised in the same handler.,"If upper layers also log, this creates duplicate error reports and noisy traces.","Log only at boundary layers, or add context and re-raise without error-level logging.",Add a test/logger capture for one error event per failing operation.,medium,5642948554cecd2f
P2,error_policy,LOGGER_ERROR_THEN_RAISE,models/actions/action_trigger.py,92,_send_critical_alert,except Exception as e:,Exception is logged and re-raised in the same handler.,"If upper layers also log, this creates duplicate error reports and noisy traces.","Log only at boundary layers, or add context and re-raise without error-level logging.",Add a test/logger capture for one error event per failing operation.,medium,d493fd2873476aa4
P2,error_policy,LOGGER_ERROR_THEN_RAISE,models/adapters/data_preparation.py,124,prepare_data_for_models,except Exception as e:,Exception is logged and re-raised in the same handler.,"If upper layers also log, this creates duplicate error reports and noisy traces.","Log only at boundary layers, or add context and re-raise without error-level logging.",Add a test/logger capture for one error event per failing operation.,medium,a3fcf9160666e754
P2,error_policy,LOGGER_ERROR_THEN_RAISE,models/adapters/sentiment_integration.py,27,initialize,except Exception as e:,Exception is logged and re-raised in the same handler.,"If upper layers also log, this creates duplicate error reports and noisy traces.","Log only at boundary layers, or add context and re-raise without error-level logging.",Add a test/logger capture for one error event per failing operation.,medium,d10f9384d6869abc
P2,error_policy,LOGGER_ERROR_THEN_RAISE,models/adapters/sentiment_integration.py,47,analyze_news_sentiment,except Exception as e:,Exception is logged and re-raised in the same handler.,"If upper layers also log, this creates duplicate error reports and noisy traces.","Log only at boundary layers, or add context and re-raise without error-level logging.",Add a test/logger capture for one error event per failing operation.,medium,ee93e6c1d9666d20
P2,error_policy,LOGGER_ERROR_THEN_RAISE,models/adapters/sentiment_integration.py,80,extract_sentiment_features,except Exception as e:,Exception is logged and re-raised in the same handler.,"If upper layers also log, this creates duplicate error reports and noisy traces.","Log only at boundary layers, or add context and re-raise without error-level logging.",Add a test/logger capture for one error event per failing operation.,medium,9d339652a518dfd1
P2,error_policy,LOGGER_ERROR_THEN_RAISE,models/adapters/sentiment_integration.py,198,enhance_features_with_sentiment,except Exception as e:,Exception is logged and re-raised in the same handler.,"If upper layers also log, this creates duplicate error reports and noisy traces.","Log only at boundary layers, or add context and re-raise without error-level logging.",Add a test/logger capture for one error event per failing operation.,medium,a5d916d73ed5660b
P2,error_policy,LOGGER_ERROR_THEN_RAISE,models/adapters/sentiment_integration.py,251,get_sentiment_signal,except Exception as e:,Exception is logged and re-raised in the same handler.,"If upper layers also log, this creates duplicate error reports and noisy traces.","Log only at boundary layers, or add context and re-raise without error-level logging.",Add a test/logger capture for one error event per failing operation.,medium,4ce56aaf39879248
P2,error_policy,LOGGER_ERROR_THEN_RAISE,models/adapters/unified_model_adapter.py,135,get_features_for_model,except Exception as e:,Exception is logged and re-raised in the same handler.,"If upper layers also log, this creates duplicate error reports and noisy traces.","Log only at boundary layers, or add context and re-raise without error-level logging.",Add a test/logger capture for one error event per failing operation.,medium,14a0576c7ec14850
P2,error_policy,LOGGER_ERROR_THEN_RAISE,models/analysis/baseline/comparison.py,49,compare,except Exception as e:,Exception is logged and re-raised in the same handler.,"If upper layers also log, this creates duplicate error reports and noisy traces.","Log only at boundary layers, or add context and re-raise without error-level logging.",Add a test/logger capture for one error event per failing operation.,medium,c1d6c4ff8c908df6
P2,error_policy,LOGGER_ERROR_THEN_RAISE,models/analysis/baseline/recommendations.py,39,perform_cost_benefit_analysis,except Exception as e:,Exception is logged and re-raised in the same handler.,"If upper layers also log, this creates duplicate error reports and noisy traces.","Log only at boundary layers, or add context and re-raise without error-level logging.",Add a test/logger capture for one error event per failing operation.,medium,20099dc1225e1533
P2,error_policy,LOGGER_ERROR_THEN_RAISE,models/analysis/baseline/recommendations.py,70,generate_simplification_recommendations,except Exception as e:,Exception is logged and re-raised in the same handler.,"If upper layers also log, this creates duplicate error reports and noisy traces.","Log only at boundary layers, or add context and re-raise without error-level logging.",Add a test/logger capture for one error event per failing operation.,medium,ae56c3bc13408172
P2,error_policy,LOGGER_ERROR_THEN_RAISE,models/analysis/baseline_dominance_detector.py,105,analyze_baseline_dominance,except Exception as e:,Exception is logged and re-raised in the same handler.,"If upper layers also log, this creates duplicate error reports and noisy traces.","Log only at boundary layers, or add context and re-raise without error-level logging.",Add a test/logger capture for one error event per failing operation.,medium,4650bcb5eb482b8c
P2,error_policy,LOGGER_ERROR_THEN_RAISE,models/analysis/baselines/models.py,41,train_and_evaluate,except Exception as e:,Exception is logged and re-raised in the same handler.,"If upper layers also log, this creates duplicate error reports and noisy traces.","Log only at boundary layers, or add context and re-raise without error-level logging.",Add a test/logger capture for one error event per failing operation.,medium,a2eb3cbac4fe09a8
P2,error_policy,LOGGER_ERROR_THEN_RAISE,models/analysis/baselines/models.py,75,train_and_evaluate,except Exception as e:,Exception is logged and re-raised in the same handler.,"If upper layers also log, this creates duplicate error reports and noisy traces.","Log only at boundary layers, or add context and re-raise without error-level logging.",Add a test/logger capture for one error event per failing operation.,medium,74ac2c0283795494
P2,error_policy,LOGGER_ERROR_THEN_RAISE,models/analysis/baselines/strategies.py,33,train_and_evaluate,except Exception as e:,Exception is logged and re-raised in the same handler.,"If upper layers also log, this creates duplicate error reports and noisy traces.","Log only at boundary layers, or add context and re-raise without error-level logging.",Add a test/logger capture for one error event per failing operation.,medium,8e9881e1435c10b2
P2,error_policy,LOGGER_ERROR_THEN_RAISE,models/analysis/baselines/strategies.py,73,train_and_evaluate,except Exception as e:,Exception is logged and re-raised in the same handler.,"If upper layers also log, this creates duplicate error reports and noisy traces.","Log only at boundary layers, or add context and re-raise without error-level logging.",Add a test/logger capture for one error event per failing operation.,medium,c662b417189b8d25
P2,error_policy,LOGGER_ERROR_THEN_RAISE,models/analysis/baselines/strategies.py,104,train_and_evaluate,except Exception as e:,Exception is logged and re-raised in the same handler.,"If upper layers also log, this creates duplicate error reports and noisy traces.","Log only at boundary layers, or add context and re-raise without error-level logging.",Add a test/logger capture for one error event per failing operation.,medium,fbf5dfb9bab0b1ee
P2,error_policy,LOGGER_ERROR_THEN_RAISE,models/analysis/model_analyzer.py,76,perform_baseline_analysis,except Exception as e:,Exception is logged and re-raised in the same handler.,"If upper layers also log, this creates duplicate error reports and noisy traces.","Log only at boundary layers, or add context and re-raise without error-level logging.",Add a test/logger capture for one error event per failing operation.,medium,267ae83effd2b1af
P2,error_policy,LOGGER_ERROR_THEN_RAISE,models/analysis/model_analyzer.py,103,perform_regime_analysis,except Exception as e:,Exception is logged and re-raised in the same handler.,"If upper layers also log, this creates duplicate error reports and noisy traces.","Log only at boundary layers, or add context and re-raise without error-level logging.",Add a test/logger capture for one error event per failing operation.,medium,b58af67edd7077a5
P2,error_policy,LOGGER_ERROR_THEN_RAISE,models/analysis/model_analyzer.py,121,perform_overfitting_analysis,except Exception as e:,Exception is logged and re-raised in the same handler.,"If upper layers also log, this creates duplicate error reports and noisy traces.","Log only at boundary layers, or add context and re-raise without error-level logging.",Add a test/logger capture for one error event per failing operation.,medium,f8f8a2daf776cfe4
P2,error_policy,LOGGER_ERROR_THEN_RAISE,models/analysis/model_analyzer.py,137,perform_drift_monitoring,except Exception as e:,Exception is logged and re-raised in the same handler.,"If upper layers also log, this creates duplicate error reports and noisy traces.","Log only at boundary layers, or add context and re-raise without error-level logging.",Add a test/logger capture for one error event per failing operation.,medium,5be144baf7d6ddca
P2,error_policy,LOGGER_ERROR_THEN_RAISE,models/analysis/model_analyzer.py,157,_calculate_model_metrics,except Exception as e:,Exception is logged and re-raised in the same handler.,"If upper layers also log, this creates duplicate error reports and noisy traces.","Log only at boundary layers, or add context and re-raise without error-level logging.",Add a test/logger capture for one error event per failing operation.,medium,cffe4aab01b18d47
P2,error_policy,LOGGER_ERROR_THEN_RAISE,models/analysis/overfitting_detection/analyzer.py,42,generate_learning_curve,except Exception as e:,Exception is logged and re-raised in the same handler.,"If upper layers also log, this creates duplicate error reports and noisy traces.","Log only at boundary layers, or add context and re-raise without error-level logging.",Add a test/logger capture for one error event per failing operation.,medium,e33fb943846164b2
P2,error_policy,LOGGER_ERROR_THEN_RAISE,models/analysis/overfitting_detection/analyzer.py,61,perform_cv_analysis,except Exception as e:,Exception is logged and re-raised in the same handler.,"If upper layers also log, this creates duplicate error reports and noisy traces.","Log only at boundary layers, or add context and re-raise without error-level logging.",Add a test/logger capture for one error event per failing operation.,medium,4eb1ebc5d5e160f9
P2,error_policy,LOGGER_ERROR_THEN_RAISE,models/analysis/overfitting_detection/analyzer.py,87,analyze_train_val_gap,except Exception as e:,Exception is logged and re-raised in the same handler.,"If upper layers also log, this creates duplicate error reports and noisy traces.","Log only at boundary layers, or add context and re-raise without error-level logging.",Add a test/logger capture for one error event per failing operation.,medium,a3927ee855470ae3
P2,error_policy,LOGGER_ERROR_THEN_RAISE,models/analysis/overfitting_detection/manager.py,71,detect_overfitting,except Exception as e:,Exception is logged and re-raised in the same handler.,"If upper layers also log, this creates duplicate error reports and noisy traces.","Log only at boundary layers, or add context and re-raise without error-level logging.",Add a test/logger capture for one error event per failing operation.,medium,ec07fd8f0e5c6c93
P2,error_policy,LOGGER_ERROR_THEN_RAISE,models/analysis/overfitting_detection/manager.py,95,_store_results,except Exception as e:,Exception is logged and re-raised in the same handler.,"If upper layers also log, this creates duplicate error reports and noisy traces.","Log only at boundary layers, or add context and re-raise without error-level logging.",Add a test/logger capture for one error event per failing operation.,medium,e772a2c1b371c645
P2,error_policy,LOGGER_ERROR_THEN_RAISE,models/analysis/overfitting_detection/metrics.py,22,calculate_metrics,except Exception as e:,Exception is logged and re-raised in the same handler.,"If upper layers also log, this creates duplicate error reports and noisy traces.","Log only at boundary layers, or add context and re-raise without error-level logging.",Add a test/logger capture for one error event per failing operation.,medium,20b111a22d7eba6b
P2,error_policy,LOGGER_ERROR_THEN_RAISE,models/analysis/regime/detector.py,26,detect_regime,except Exception as e:,Exception is logged and re-raised in the same handler.,"If upper layers also log, this creates duplicate error reports and noisy traces.","Log only at boundary layers, or add context and re-raise without error-level logging.",Add a test/logger capture for one error event per failing operation.,medium,3d753221cf277bc0
P2,error_policy,LOGGER_ERROR_THEN_RAISE,models/analysis/regime/detector.py,42,_calculate_volatility,except Exception as e:,Exception is logged and re-raised in the same handler.,"If upper layers also log, this creates duplicate error reports and noisy traces.","Log only at boundary layers, or add context and re-raise without error-level logging.",Add a test/logger capture for one error event per failing operation.,medium,d7169be18eeac4b6
P2,error_policy,LOGGER_ERROR_THEN_RAISE,models/analysis/regime/detector.py,57,_calculate_trend,except Exception as e:,Exception is logged and re-raised in the same handler.,"If upper layers also log, this creates duplicate error reports and noisy traces.","Log only at boundary layers, or add context and re-raise without error-level logging.",Add a test/logger capture for one error event per failing operation.,medium,4585f57d73aea680
P2,error_policy,LOGGER_ERROR_THEN_RAISE,models/analysis/regime/metrics.py,31,calculate_performance_score,except Exception as e:,Exception is logged and re-raised in the same handler.,"If upper layers also log, this creates duplicate error reports and noisy traces.","Log only at boundary layers, or add context and re-raise without error-level logging.",Add a test/logger capture for one error event per failing operation.,medium,dd4c43c8e3e60ebc
P2,error_policy,LOGGER_ERROR_THEN_RAISE,models/analysis/regime/patterns.py,37,calculate_model_consistency,except Exception as e:,Exception is logged and re-raised in the same handler.,"If upper layers also log, this creates duplicate error reports and noisy traces.","Log only at boundary layers, or add context and re-raise without error-level logging.",Add a test/logger capture for one error event per failing operation.,medium,7e95598ee9672e53
P2,error_policy,LOGGER_ERROR_THEN_RAISE,models/analysis/regime/patterns.py,68,analyze_winner_patterns,except Exception as e:,Exception is logged and re-raised in the same handler.,"If upper layers also log, this creates duplicate error reports and noisy traces.","Log only at boundary layers, or add context and re-raise without error-level logging.",Add a test/logger capture for one error event per failing operation.,medium,0856efe7d2462972
P2,error_policy,LOGGER_ERROR_THEN_RAISE,models/analysis/regime/patterns.py,109,generate_regime_insights,except Exception as e:,Exception is logged and re-raised in the same handler.,"If upper layers also log, this creates duplicate error reports and noisy traces.","Log only at boundary layers, or add context and re-raise without error-level logging.",Add a test/logger capture for one error event per failing operation.,medium,3ebaf214b8d8785f
P2,error_policy,LOGGER_ERROR_THEN_RAISE,models/analysis/regime/stability.py,28,get_most_frequent_switch,except Exception as e:,Exception is logged and re-raised in the same handler.,"If upper layers also log, this creates duplicate error reports and noisy traces.","Log only at boundary layers, or add context and re-raise without error-level logging.",Add a test/logger capture for one error event per failing operation.,medium,449c33bd3ab5a5aa
P2,error_policy,LOGGER_ERROR_THEN_RAISE,models/analysis/regime/stability.py,47,calculate_average_stable_period,except Exception as e:,Exception is logged and re-raised in the same handler.,"If upper layers also log, this creates duplicate error reports and noisy traces.","Log only at boundary layers, or add context and re-raise without error-level logging.",Add a test/logger capture for one error event per failing operation.,medium,3358c0aa23eadb48
P2,error_policy,LOGGER_ERROR_THEN_RAISE,models/ensemble/confidence_calibrator.py,60,fit,except Exception as e:,Exception is logged and re-raised in the same handler.,"If upper layers also log, this creates duplicate error reports and noisy traces.","Log only at boundary layers, or add context and re-raise without error-level logging.",Add a test/logger capture for one error event per failing operation.,medium,d7269cbf56e83cbe
P2,error_policy,LOGGER_ERROR_THEN_RAISE,models/ensemble/confidence_calibrator.py,72,transform,except Exception as e:,Exception is logged and re-raised in the same handler.,"If upper layers also log, this creates duplicate error reports and noisy traces.","Log only at boundary layers, or add context and re-raise without error-level logging.",Add a test/logger capture for one error event per failing operation.,medium,ac45bdf935ed4fc3
P2,error_policy,LOGGER_ERROR_THEN_RAISE,models/ensemble/correlation/correlation_engine.py,131,analyze_correlation,"except (ValueError, TypeError, KeyError, Exception) as e:",Exception is logged and re-raised in the same handler.,"If upper layers also log, this creates duplicate error reports and noisy traces.","Log only at boundary layers, or add context and re-raise without error-level logging.",Add a test/logger capture for one error event per failing operation.,medium,a6055b6c6ebbd533
P2,error_policy,LOGGER_ERROR_THEN_RAISE,models/ensemble/correlation/correlation_engine.py,172,calculate_correlation_matrix,except Exception as e:,Exception is logged and re-raised in the same handler.,"If upper layers also log, this creates duplicate error reports and noisy traces.","Log only at boundary layers, or add context and re-raise without error-level logging.",Add a test/logger capture for one error event per failing operation.,medium,fbe7c99d25283e66
P2,error_policy,LOGGER_ERROR_THEN_RAISE,models/ensemble/correlation/correlation_engine.py,200,calculate_correlation,"except (ValueError, TypeError, Exception) as e:",Exception is logged and re-raised in the same handler.,"If upper layers also log, this creates duplicate error reports and noisy traces.","Log only at boundary layers, or add context and re-raise without error-level logging.",Add a test/logger capture for one error event per failing operation.,medium,dafaec25578aae6c
P2,error_policy,LOGGER_ERROR_THEN_RAISE,models/ensemble/correlation/correlation_engine.py,220,calculate_diversity_metrics,except Exception as e:,Exception is logged and re-raised in the same handler.,"If upper layers also log, this creates duplicate error reports and noisy traces.","Log only at boundary layers, or add context and re-raise without error-level logging.",Add a test/logger capture for one error event per failing operation.,medium,7180bc9278ff3556
P2,error_policy,LOGGER_ERROR_THEN_RAISE,models/ensemble/correlation/correlation_engine.py,333,find_redundant_pairs,except Exception as e:,Exception is logged and re-raised in the same handler.,"If upper layers also log, this creates duplicate error reports and noisy traces.","Log only at boundary layers, or add context and re-raise without error-level logging.",Add a test/logger capture for one error event per failing operation.,medium,74ee393df7d937e9
P2,error_policy,LOGGER_ERROR_THEN_RAISE,models/ensemble/correlation/correlation_engine.py,353,select_optimal_subsets,except Exception as e:,Exception is logged and re-raised in the same handler.,"If upper layers also log, this creates duplicate error reports and noisy traces.","Log only at boundary layers, or add context and re-raise without error-level logging.",Add a test/logger capture for one error event per failing operation.,medium,142df44dad9c0730
P2,error_policy,LOGGER_ERROR_THEN_RAISE,models/ensemble/correlation/correlation_engine.py,414,find_best_subset,except Exception as e:,Exception is logged and re-raised in the same handler.,"If upper layers also log, this creates duplicate error reports and noisy traces.","Log only at boundary layers, or add context and re-raise without error-level logging.",Add a test/logger capture for one error event per failing operation.,medium,cdc5bb980a089dad
P2,error_policy,LOGGER_ERROR_THEN_RAISE,models/ensemble/correlation/correlation_engine.py,519,get_most_common_redundant_pairs,except Exception as e:,Exception is logged and re-raised in the same handler.,"If upper layers also log, this creates duplicate error reports and noisy traces.","Log only at boundary layers, or add context and re-raise without error-level logging.",Add a test/logger capture for one error event per failing operation.,medium,51d4ae971f0d0f6d
P2,error_policy,LOGGER_ERROR_THEN_RAISE,models/ensemble/enhanced_ensemble.py,136,_load_model_from_path,except Exception as e:,Exception is logged and re-raised in the same handler.,"If upper layers also log, this creates duplicate error reports and noisy traces.","Log only at boundary layers, or add context and re-raise without error-level logging.",Add a test/logger capture for one error event per failing operation.,medium,3ec48d8c2574e888
P2,error_policy,LOGGER_ERROR_THEN_RAISE,models/ensemble/enhanced_ensemble.py,177,_load_single_model,except Exception as e:,Exception is logged and re-raised in the same handler.,"If upper layers also log, this creates duplicate error reports and noisy traces.","Log only at boundary layers, or add context and re-raise without error-level logging.",Add a test/logger capture for one error event per failing operation.,medium,72ee2548fe6d4f2d
P2,error_policy,LOGGER_ERROR_THEN_RAISE,models/ensemble/ensemble_model.py,45,train,except Exception as e:,Exception is logged and re-raised in the same handler.,"If upper layers also log, this creates duplicate error reports and noisy traces.","Log only at boundary layers, or add context and re-raise without error-level logging.",Add a test/logger capture for one error event per failing operation.,medium,7c78e853b9e33b5d
P2,error_policy,LOGGER_ERROR_THEN_RAISE,models/linear/knn_model.py,47,train,except Exception as e:,Exception is logged and re-raised in the same handler.,"If upper layers also log, this creates duplicate error reports and noisy traces.","Log only at boundary layers, or add context and re-raise without error-level logging.",Add a test/logger capture for one error event per failing operation.,medium,8b71809efee0cffc
P2,error_policy,LOGGER_ERROR_THEN_RAISE,models/linear/linear_model.py,37,train,except Exception as e:,Exception is logged and re-raised in the same handler.,"If upper layers also log, this creates duplicate error reports and noisy traces.","Log only at boundary layers, or add context and re-raise without error-level logging.",Add a test/logger capture for one error event per failing operation.,medium,9637c68b294ec451
P2,error_policy,LOGGER_ERROR_THEN_RAISE,models/linear/svm_model.py,53,train,except Exception as e:,Exception is logged and re-raised in the same handler.,"If upper layers also log, this creates duplicate error reports and noisy traces.","Log only at boundary layers, or add context and re-raise without error-level logging.",Add a test/logger capture for one error event per failing operation.,medium,e7581e482fc96d8a
P2,error_policy,LOGGER_ERROR_THEN_RAISE,models/loader.py,75,load_model,"except (ValueError, TypeError, Exception) as e:",Exception is logged and re-raised in the same handler.,"If upper layers also log, this creates duplicate error reports and noisy traces.","Log only at boundary layers, or add context and re-raise without error-level logging.",Add a test/logger capture for one error event per failing operation.,medium,e580a95817b07850
P2,error_policy,LOGGER_ERROR_THEN_RAISE,models/loader.py,177,_load_consensus_model,"except (ValueError, TypeError, Exception) as e:",Exception is logged and re-raised in the same handler.,"If upper layers also log, this creates duplicate error reports and noisy traces.","Log only at boundary layers, or add context and re-raise without error-level logging.",Add a test/logger capture for one error event per failing operation.,medium,48105d5ca1b4c56a
P2,error_policy,LOGGER_ERROR_THEN_RAISE,models/loader.py,191,_load_stacked_ensemble,"except (ValueError, TypeError, ImportError, Exception) as e:",Exception is logged and re-raised in the same handler.,"If upper layers also log, this creates duplicate error reports and noisy traces.","Log only at boundary layers, or add context and re-raise without error-level logging.",Add a test/logger capture for one error event per failing operation.,medium,2479c83f4eb60b39
P2,error_policy,LOGGER_ERROR_THEN_RAISE,models/loader.py,241,_load_keras_model,except Exception as e:,Exception is logged and re-raised in the same handler.,"If upper layers also log, this creates duplicate error reports and noisy traces.","Log only at boundary layers, or add context and re-raise without error-level logging.",Add a test/logger capture for one error event per failing operation.,medium,05e35a5d964c5327
P2,error_policy,LOGGER_ERROR_THEN_RAISE,models/loader.py,252,_load_keras_model,except Exception as fallback_error:,Exception is logged and re-raised in the same handler.,"If upper layers also log, this creates duplicate error reports and noisy traces.","Log only at boundary layers, or add context and re-raise without error-level logging.",Add a test/logger capture for one error event per failing operation.,medium,1e388dbe054bef95
P2,error_policy,LOGGER_ERROR_THEN_RAISE,models/model_pool.py,137,get_model,except Exception as e:,Exception is logged and re-raised in the same handler.,"If upper layers also log, this creates duplicate error reports and noisy traces.","Log only at boundary layers, or add context and re-raise without error-level logging.",Add a test/logger capture for one error event per failing operation.,medium,07fb3e226d952323
P2,error_policy,LOGGER_ERROR_THEN_RAISE,models/model_selector/adaptive_selector.py,131,_get_arena_leaderboard,except Exception as e:,Exception is logged and re-raised in the same handler.,"If upper layers also log, this creates duplicate error reports and noisy traces.","Log only at boundary layers, or add context and re-raise without error-level logging.",Add a test/logger capture for one error event per failing operation.,medium,85ed7e098d354227
P2,error_policy,LOGGER_ERROR_THEN_RAISE,models/model_selector/adaptive_selector.py,209,_update_arena_feedback,except Exception as e:,Exception is logged and re-raised in the same handler.,"If upper layers also log, this creates duplicate error reports and noisy traces.","Log only at boundary layers, or add context and re-raise without error-level logging.",Add a test/logger capture for one error event per failing operation.,medium,a771fc73627804a5
P2,error_policy,LOGGER_ERROR_THEN_RAISE,models/model_selector/adaptive_selector.py,281,_load_leaderboard,except Exception as e:,Exception is logged and re-raised in the same handler.,"If upper layers also log, this creates duplicate error reports and noisy traces.","Log only at boundary layers, or add context and re-raise without error-level logging.",Add a test/logger capture for one error event per failing operation.,medium,5cd3731d8455ed22
P2,error_policy,LOGGER_ERROR_THEN_RAISE,models/model_selector/adaptive_selector.py,318,get_leaderboard_summary,except Exception as e:,Exception is logged and re-raised in the same handler.,"If upper layers also log, this creates duplicate error reports and noisy traces.","Log only at boundary layers, or add context and re-raise without error-level logging.",Add a test/logger capture for one error event per failing operation.,medium,ce24561a7d6e633a
P2,error_policy,LOGGER_ERROR_THEN_RAISE,models/model_selector/smart_selector.py,43,_load_competence_map,except Exception as e:,Exception is logged and re-raised in the same handler.,"If upper layers also log, this creates duplicate error reports and noisy traces.","Log only at boundary layers, or add context and re-raise without error-level logging.",Add a test/logger capture for one error event per failing operation.,medium,df9432f4d22d8836
P2,error_policy,LOGGER_ERROR_THEN_RAISE,models/monitoring/drift/analyzer.py,42,detect_prediction_drift,except Exception as e:,Exception is logged and re-raised in the same handler.,"If upper layers also log, this creates duplicate error reports and noisy traces.","Log only at boundary layers, or add context and re-raise without error-level logging.",Add a test/logger capture for one error event per failing operation.,medium,525597733c8065ca
P2,error_policy,LOGGER_ERROR_THEN_RAISE,models/monitoring/drift/analyzer.py,66,analyze_performance_degradation,except Exception as e:,Exception is logged and re-raised in the same handler.,"If upper layers also log, this creates duplicate error reports and noisy traces.","Log only at boundary layers, or add context and re-raise without error-level logging.",Add a test/logger capture for one error event per failing operation.,medium,c6f9f72c277b739d
P2,error_policy,LOGGER_ERROR_THEN_RAISE,models/monitoring/drift/analyzer.py,86,analyze_confidence_drift,except Exception as e:,Exception is logged and re-raised in the same handler.,"If upper layers also log, this creates duplicate error reports and noisy traces.","Log only at boundary layers, or add context and re-raise without error-level logging.",Add a test/logger capture for one error event per failing operation.,medium,318abed21bf783cc
P2,error_policy,LOGGER_ERROR_THEN_RAISE,models/monitoring/drift/drift_calculator.py,76,perform_ks_test,"except (ValueError, TypeError, Exception) as e:",Exception is logged and re-raised in the same handler.,"If upper layers also log, this creates duplicate error reports and noisy traces.","Log only at boundary layers, or add context and re-raise without error-level logging.",Add a test/logger capture for one error event per failing operation.,medium,30764154a31d7376
P2,error_policy,LOGGER_ERROR_THEN_RAISE,models/monitoring/drift/drift_calculator.py,131,calculate_psi,"except (ValueError, TypeError, Exception) as e:",Exception is logged and re-raised in the same handler.,"If upper layers also log, this creates duplicate error reports and noisy traces.","Log only at boundary layers, or add context and re-raise without error-level logging.",Add a test/logger capture for one error event per failing operation.,medium,19206787d46ea006
P2,error_policy,LOGGER_ERROR_THEN_RAISE,models/monitoring/drift/drift_calculator.py,170,calculate_wasserstein_distance,"except (ValueError, TypeError, Exception) as e:",Exception is logged and re-raised in the same handler.,"If upper layers also log, this creates duplicate error reports and noisy traces.","Log only at boundary layers, or add context and re-raise without error-level logging.",Add a test/logger capture for one error event per failing operation.,medium,9bba6a6ad2e840c5
P2,error_policy,LOGGER_ERROR_THEN_RAISE,models/monitoring/drift/drift_calculator.py,199,calculate_performance_metrics,except Exception as e:,Exception is logged and re-raised in the same handler.,"If upper layers also log, this creates duplicate error reports and noisy traces.","Log only at boundary layers, or add context and re-raise without error-level logging.",Add a test/logger capture for one error event per failing operation.,medium,e3820b0a76937082
P2,error_policy,LOGGER_ERROR_THEN_RAISE,models/monitoring/drift/drift_calculator.py,286,calculate_confidence_stats,except Exception as e:,Exception is logged and re-raised in the same handler.,"If upper layers also log, this creates duplicate error reports and noisy traces.","Log only at boundary layers, or add context and re-raise without error-level logging.",Add a test/logger capture for one error event per failing operation.,medium,2994c5725d50abfb
P2,error_policy,LOGGER_ERROR_THEN_RAISE,models/monitoring/drift/history.py,39,update_prediction_history,except Exception as e:,Exception is logged and re-raised in the same handler.,"If upper layers also log, this creates duplicate error reports and noisy traces.","Log only at boundary layers, or add context and re-raise without error-level logging.",Add a test/logger capture for one error event per failing operation.,medium,72bee65b66fa44f5
P2,error_policy,LOGGER_ERROR_THEN_RAISE,models/monitoring/prediction_drift_monitor.py,112,monitor_predictions,except Exception as e:,Exception is logged and re-raised in the same handler.,"If upper layers also log, this creates duplicate error reports and noisy traces.","Log only at boundary layers, or add context and re-raise without error-level logging.",Add a test/logger capture for one error event per failing operation.,medium,c28d02bbe5531073
P2,error_policy,LOGGER_ERROR_THEN_RAISE,models/neural/base_neural.py,106,train,except Exception as e:,Exception is logged and re-raised in the same handler.,"If upper layers also log, this creates duplicate error reports and noisy traces.","Log only at boundary layers, or add context and re-raise without error-level logging.",Add a test/logger capture for one error event per failing operation.,medium,eaf3dc5be3bb25b5
P2,error_policy,LOGGER_ERROR_THEN_RAISE,models/neural/cnn_model.py,105,train,except Exception as e:,Exception is logged and re-raised in the same handler.,"If upper layers also log, this creates duplicate error reports and noisy traces.","Log only at boundary layers, or add context and re-raise without error-level logging.",Add a test/logger capture for one error event per failing operation.,medium,e910aad7371c0112
P2,error_policy,LOGGER_ERROR_THEN_RAISE,models/neural/cnn_model.py,134,predict,except Exception as e:,Exception is logged and re-raised in the same handler.,"If upper layers also log, this creates duplicate error reports and noisy traces.","Log only at boundary layers, or add context and re-raise without error-level logging.",Add a test/logger capture for one error event per failing operation.,medium,914e8fa80a578e2e
P2,error_policy,LOGGER_ERROR_THEN_RAISE,models/neural/transformer_model.py,115,fit,except Exception as e:,Exception is logged and re-raised in the same handler.,"If upper layers also log, this creates duplicate error reports and noisy traces.","Log only at boundary layers, or add context and re-raise without error-level logging.",Add a test/logger capture for one error event per failing operation.,medium,28d2a5aa6bd8bfbd
P2,error_policy,LOGGER_ERROR_THEN_RAISE,models/neural/transformer_model.py,122,fit,except Exception as e2:,Exception is logged and re-raised in the same handler.,"If upper layers also log, this creates duplicate error reports and noisy traces.","Log only at boundary layers, or add context and re-raise without error-level logging.",Add a test/logger capture for one error event per failing operation.,medium,c90259f9ea2a3460
P2,error_policy,LOGGER_ERROR_THEN_RAISE,models/neural/transformer_model.py,239,predict,except Exception as e:,Exception is logged and re-raised in the same handler.,"If upper layers also log, this creates duplicate error reports and noisy traces.","Log only at boundary layers, or add context and re-raise without error-level logging.",Add a test/logger capture for one error event per failing operation.,medium,f3def95648c2ac2c
P2,error_policy,LOGGER_ERROR_THEN_RAISE,models/neural/transformer_model.py,244,predict,except Exception as e2:,Exception is logged and re-raised in the same handler.,"If upper layers also log, this creates duplicate error reports and noisy traces.","Log only at boundary layers, or add context and re-raise without error-level logging.",Add a test/logger capture for one error event per failing operation.,medium,be8b357dfbeb4075
P2,error_policy,LOGGER_ERROR_THEN_RAISE,models/neural/transformer_model.py,348,train_transformer_model,except Exception as e:,Exception is logged and re-raised in the same handler.,"If upper layers also log, this creates duplicate error reports and noisy traces.","Log only at boundary layers, or add context and re-raise without error-level logging.",Add a test/logger capture for one error event per failing operation.,medium,ed050281c53132dd
P2,error_policy,LOGGER_ERROR_THEN_RAISE,models/prototypes/prototype.py,98,clone,except Exception as e:,Exception is logged and re-raised in the same handler.,"If upper layers also log, this creates duplicate error reports and noisy traces.","Log only at boundary layers, or add context and re-raise without error-level logging.",Add a test/logger capture for one error event per failing operation.,medium,4c72a5d05f67149e
P2,error_policy,LOGGER_ERROR_THEN_RAISE,models/registry/model_registry.py,62,register_model,except Exception as e:,Exception is logged and re-raised in the same handler.,"If upper layers also log, this creates duplicate error reports and noisy traces.","Log only at boundary layers, or add context and re-raise without error-level logging.",Add a test/logger capture for one error event per failing operation.,medium,00209095c2213a06
P2,error_policy,LOGGER_ERROR_THEN_RAISE,models/registry/model_registry.py,138,save_metadata,except Exception as e:,Exception is logged and re-raised in the same handler.,"If upper layers also log, this creates duplicate error reports and noisy traces.","Log only at boundary layers, or add context and re-raise without error-level logging.",Add a test/logger capture for one error event per failing operation.,medium,15c75e28a2a183f1
P2,error_policy,LOGGER_ERROR_THEN_RAISE,models/registry/model_registry.py,159,load_metadata,except Exception as e:,Exception is logged and re-raised in the same handler.,"If upper layers also log, this creates duplicate error reports and noisy traces.","Log only at boundary layers, or add context and re-raise without error-level logging.",Add a test/logger capture for one error event per failing operation.,medium,047b16f836296978
P2,error_policy,LOGGER_ERROR_THEN_RAISE,models/statistics/model_statistics.py,84,get_common_issues,except Exception as e:,Exception is logged and re-raised in the same handler.,"If upper layers also log, this creates duplicate error reports and noisy traces.","Log only at boundary layers, or add context and re-raise without error-level logging.",Add a test/logger capture for one error event per failing operation.,medium,cce2eb8def356171
P2,error_policy,LOGGER_ERROR_THEN_RAISE,models/tree/catboost_model.py,76,train,except Exception as e:,Exception is logged and re-raised in the same handler.,"If upper layers also log, this creates duplicate error reports and noisy traces.","Log only at boundary layers, or add context and re-raise without error-level logging.",Add a test/logger capture for one error event per failing operation.,medium,272df5cc90d14255
P2,error_policy,LOGGER_ERROR_THEN_RAISE,models/tree/catboost_model.py,88,predict,except Exception as e:,Exception is logged and re-raised in the same handler.,"If upper layers also log, this creates duplicate error reports and noisy traces.","Log only at boundary layers, or add context and re-raise without error-level logging.",Add a test/logger capture for one error event per failing operation.,medium,ebf48fdf120726d7
P2,error_policy,LOGGER_ERROR_THEN_RAISE,models/tree/catboost_model.py,103,predict_proba,except Exception as e:,Exception is logged and re-raised in the same handler.,"If upper layers also log, this creates duplicate error reports and noisy traces.","Log only at boundary layers, or add context and re-raise without error-level logging.",Add a test/logger capture for one error event per failing operation.,medium,1b7d323259f5c340
P2,error_policy,LOGGER_ERROR_THEN_RAISE,models/tree/catboost_model.py,148,get_feature_importance,except Exception as e:,Exception is logged and re-raised in the same handler.,"If upper layers also log, this creates duplicate error reports and noisy traces.","Log only at boundary layers, or add context and re-raise without error-level logging.",Add a test/logger capture for one error event per failing operation.,medium,d9bcb226ee42ba55
P2,error_policy,LOGGER_ERROR_THEN_RAISE,models/tree/lightgbm_model.py,58,train,except Exception as e:,Exception is logged and re-raised in the same handler.,"If upper layers also log, this creates duplicate error reports and noisy traces.","Log only at boundary layers, or add context and re-raise without error-level logging.",Add a test/logger capture for one error event per failing operation.,medium,860caa6efe811fb4
P2,error_policy,LOGGER_ERROR_THEN_RAISE,models/tree/random_forest_model.py,53,train,except Exception as e:,Exception is logged and re-raised in the same handler.,"If upper layers also log, this creates duplicate error reports and noisy traces.","Log only at boundary layers, or add context and re-raise without error-level logging.",Add a test/logger capture for one error event per failing operation.,medium,9f0445ebabd7f776
P2,error_policy,LOGGER_ERROR_THEN_RAISE,models/tree/xgboost_model.py,62,train,except Exception as e:,Exception is logged and re-raised in the same handler.,"If upper layers also log, this creates duplicate error reports and noisy traces.","Log only at boundary layers, or add context and re-raise without error-level logging.",Add a test/logger capture for one error event per failing operation.,medium,786764ae90367044
P2,error_policy,LOGGER_ERROR_THEN_RAISE,monitoring/config.py,36,load_config,except Exception as e:,Exception is logged and re-raised in the same handler.,"If upper layers also log, this creates duplicate error reports and noisy traces.","Log only at boundary layers, or add context and re-raise without error-level logging.",Add a test/logger capture for one error event per failing operation.,medium,d91c29486b41adc9
P2,error_policy,LOGGER_ERROR_THEN_RAISE,monitoring/feature_drift_monitor.py,175,check_drift,except Exception as e:,Exception is logged and re-raised in the same handler.,"If upper layers also log, this creates duplicate error reports and noisy traces.","Log only at boundary layers, or add context and re-raise without error-level logging.",Add a test/logger capture for one error event per failing operation.,medium,ab0fb416a765234c
P2,error_policy,LOGGER_ERROR_THEN_RAISE,monitoring/ml_analytics.py,231,load_historical_data,except Exception as e:,Exception is logged and re-raised in the same handler.,"If upper layers also log, this creates duplicate error reports and noisy traces.","Log only at boundary layers, or add context and re-raise without error-level logging.",Add a test/logger capture for one error event per failing operation.,medium,73b8e2033986570f
P2,error_policy,LOGGER_ERROR_THEN_RAISE,monitoring/monitoring_system.py,129,collect_metrics,except Exception as e:,Exception is logged and re-raised in the same handler.,"If upper layers also log, this creates duplicate error reports and noisy traces.","Log only at boundary layers, or add context and re-raise without error-level logging.",Add a test/logger capture for one error event per failing operation.,medium,24f352949b3ec41e
P2,error_policy,LOGGER_ERROR_THEN_RAISE,monitoring/monitoring_system.py,187,collect_metrics,except Exception as e:,Exception is logged and re-raised in the same handler.,"If upper layers also log, this creates duplicate error reports and noisy traces.","Log only at boundary layers, or add context and re-raise without error-level logging.",Add a test/logger capture for one error event per failing operation.,medium,ca33a6efa96c3404
P2,error_policy,LOGGER_ERROR_THEN_RAISE,monitoring/monitoring_system.py,243,collect_metrics,except Exception as e:,Exception is logged and re-raised in the same handler.,"If upper layers also log, this creates duplicate error reports and noisy traces.","Log only at boundary layers, or add context and re-raise without error-level logging.",Add a test/logger capture for one error event per failing operation.,medium,90ae569b27540d0c
P2,error_policy,LOGGER_ERROR_THEN_RAISE,monitoring/monitoring_system.py,427,_generate_summary,except Exception as e:,Exception is logged and re-raised in the same handler.,"If upper layers also log, this creates duplicate error reports and noisy traces.","Log only at boundary layers, or add context and re-raise without error-level logging.",Add a test/logger capture for one error event per failing operation.,medium,7f909a10f1b89e09
P2,error_policy,LOGGER_ERROR_THEN_RAISE,optimization/hyperparameter_searcher.py,201,_optimize_grid_search,except Exception as e:,Exception is logged and re-raised in the same handler.,"If upper layers also log, this creates duplicate error reports and noisy traces.","Log only at boundary layers, or add context and re-raise without error-level logging.",Add a test/logger capture for one error event per failing operation.,medium,6c28694103bca549
P2,error_policy,LOGGER_ERROR_THEN_RAISE,optimization/hyperparameters/bayesian.py,136,optimize,except Exception as e:,Exception is logged and re-raised in the same handler.,"If upper layers also log, this creates duplicate error reports and noisy traces.","Log only at boundary layers, or add context and re-raise without error-level logging.",Add a test/logger capture for one error event per failing operation.,medium,cdd07e8d417bc4d0
P2,error_policy,LOGGER_ERROR_THEN_RAISE,optimization/portfolio/optimizer.py,71,optimize,"except (ValueError, TypeError, Exception) as e:",Exception is logged and re-raised in the same handler.,"If upper layers also log, this creates duplicate error reports and noisy traces.","Log only at boundary layers, or add context and re-raise without error-level logging.",Add a test/logger capture for one error event per failing operation.,medium,0a97acea95d1df64
P2,error_policy,LOGGER_ERROR_THEN_RAISE,optimization/portfolio/optimizer.py,209,markowitz_optimization,"except (ValueError, TypeError, Exception) as e:",Exception is logged and re-raised in the same handler.,"If upper layers also log, this creates duplicate error reports and noisy traces.","Log only at boundary layers, or add context and re-raise without error-level logging.",Add a test/logger capture for one error event per failing operation.,medium,b7454194e238a28d
P2,error_policy,LOGGER_ERROR_THEN_RAISE,optimization/portfolio/optimizer.py,254,max_sharpe_optimization,"except (ValueError, TypeError, Exception) as e:",Exception is logged and re-raised in the same handler.,"If upper layers also log, this creates duplicate error reports and noisy traces.","Log only at boundary layers, or add context and re-raise without error-level logging.",Add a test/logger capture for one error event per failing operation.,medium,5580a51e9b02c983
P2,error_policy,LOGGER_ERROR_THEN_RAISE,patterns/pattern_analyzer.py,250,_detect_price_patterns,except Exception as e:,Exception is logged and re-raised in the same handler.,"If upper layers also log, this creates duplicate error reports and noisy traces.","Log only at boundary layers, or add context and re-raise without error-level logging.",Add a test/logger capture for one error event per failing operation.,medium,80fd27f5d590d63e
P2,error_policy,LOGGER_ERROR_THEN_RAISE,pipeline/hybrid/component_factory.py,101,initialize_components,except Exception as e:,Exception is logged and re-raised in the same handler.,"If upper layers also log, this creates duplicate error reports and noisy traces.","Log only at boundary layers, or add context and re-raise without error-level logging.",Add a test/logger capture for one error event per failing operation.,medium,c63b24890d9ad6cb
P2,error_policy,LOGGER_ERROR_THEN_RAISE,pipeline/hybrid/data_batch_manager.py,59,merge_with_existing,except Exception as e:,Exception is logged and re-raised in the same handler.,"If upper layers also log, this creates duplicate error reports and noisy traces.","Log only at boundary layers, or add context and re-raise without error-level logging.",Add a test/logger capture for one error event per failing operation.,medium,7ed5d2ba5cb81b35
P2,error_policy,LOGGER_ERROR_THEN_RAISE,pipeline/hybrid/feature_loader.py,34,load_async,except Exception as e:,Exception is logged and re-raised in the same handler.,"If upper layers also log, this creates duplicate error reports and noisy traces.","Log only at boundary layers, or add context and re-raise without error-level logging.",Add a test/logger capture for one error event per failing operation.,medium,054be4bbc6784fbd
P2,error_policy,LOGGER_ERROR_THEN_RAISE,pipeline/hybrid/feature_loader.py,49,load_sync,except Exception as e:,Exception is logged and re-raised in the same handler.,"If upper layers also log, this creates duplicate error reports and noisy traces.","Log only at boundary layers, or add context and re-raise without error-level logging.",Add a test/logger capture for one error event per failing operation.,medium,e717fad5ff4baf55
P2,error_policy,LOGGER_ERROR_THEN_RAISE,pipeline/hybrid/final_stages_executor.py,184,_build_models_metadata,except Exception as e:,Exception is logged and re-raised in the same handler.,"If upper layers also log, this creates duplicate error reports and noisy traces.","Log only at boundary layers, or add context and re-raise without error-level logging.",Add a test/logger capture for one error event per failing operation.,medium,2be2a4411af2b6cf
P2,error_policy,LOGGER_ERROR_THEN_RAISE,pipeline/hybrid/light_models_trainer.py,104,_load_or_create_accumulated_results,except Exception as e:,Exception is logged and re-raised in the same handler.,"If upper layers also log, this creates duplicate error reports and noisy traces.","Log only at boundary layers, or add context and re-raise without error-level logging.",Add a test/logger capture for one error event per failing operation.,medium,15592b06300141fd
P2,error_policy,LOGGER_ERROR_THEN_RAISE,pipeline/hybrid/light_models_trainer.py,144,_load_selected_features,except Exception as e:,Exception is logged and re-raised in the same handler.,"If upper layers also log, this creates duplicate error reports and noisy traces.","Log only at boundary layers, or add context and re-raise without error-level logging.",Add a test/logger capture for one error event per failing operation.,medium,2d51275a5e181d76
P2,error_policy,LOGGER_ERROR_THEN_RAISE,pipeline/hybrid/model_training_orchestrator.py,120,_train_single_model,except Exception as e:,Exception is logged and re-raised in the same handler.,"If upper layers also log, this creates duplicate error reports and noisy traces.","Log only at boundary layers, or add context and re-raise without error-level logging.",Add a test/logger capture for one error event per failing operation.,medium,bd9d71c4d75be3d0
P2,error_policy,LOGGER_ERROR_THEN_RAISE,pipeline/hybrid/pipeline_metadata_manager.py,75,_load_or_create_accumulated_results,except Exception as e:,Exception is logged and re-raised in the same handler.,"If upper layers also log, this creates duplicate error reports and noisy traces.","Log only at boundary layers, or add context and re-raise without error-level logging.",Add a test/logger capture for one error event per failing operation.,medium,3646dc88cea1bec5
P2,error_policy,LOGGER_ERROR_THEN_RAISE,pipeline/hybrid/results_processor.py,67,_find_batch_directory,except Exception as e:,Exception is logged and re-raised in the same handler.,"If upper layers also log, this creates duplicate error reports and noisy traces.","Log only at boundary layers, or add context and re-raise without error-level logging.",Add a test/logger capture for one error event per failing operation.,medium,80d671ec2cb83036
P2,error_policy,LOGGER_ERROR_THEN_RAISE,pipeline/hybrid/results_processor.py,87,_load_results_json,except Exception as e:,Exception is logged and re-raised in the same handler.,"If upper layers also log, this creates duplicate error reports and noisy traces.","Log only at boundary layers, or add context and re-raise without error-level logging.",Add a test/logger capture for one error event per failing operation.,medium,d887c5859ce0e947
P2,error_policy,LOGGER_ERROR_THEN_RAISE,pipeline/hybrid/selected_features_processor.py,105,_process_selected_features_file,except Exception as e:,Exception is logged and re-raised in the same handler.,"If upper layers also log, this creates duplicate error reports and noisy traces.","Log only at boundary layers, or add context and re-raise without error-level logging.",Add a test/logger capture for one error event per failing operation.,medium,9708ff1646f2b1d0
P2,error_policy,LOGGER_ERROR_THEN_RAISE,pipeline/hybrid/test_mode_manager.py,43,_load_test_mode_config,except Exception as e:,Exception is logged and re-raised in the same handler.,"If upper layers also log, this creates duplicate error reports and noisy traces.","Log only at boundary layers, or add context and re-raise without error-level logging.",Add a test/logger capture for one error event per failing operation.,medium,086b60d7d13035d6
P2,error_policy,LOGGER_ERROR_THEN_RAISE,pipeline/pipeline_orchestrator.py,257,_execute_stage,"except (ValueError, TypeError, Exception) as e:",Exception is logged and re-raised in the same handler.,"If upper layers also log, this creates duplicate error reports and noisy traces.","Log only at boundary layers, or add context and re-raise without error-level logging.",Add a test/logger capture for one error event per failing operation.,medium,1f16b48f49be290c
P2,error_policy,LOGGER_ERROR_THEN_RAISE,pipeline/pipeline_orchestrator.py,284,_validate_stage_output,except Exception as e:,Exception is logged and re-raised in the same handler.,"If upper layers also log, this creates duplicate error reports and noisy traces.","Log only at boundary layers, or add context and re-raise without error-level logging.",Add a test/logger capture for one error event per failing operation.,medium,d2f65ca408832404
P2,error_policy,LOGGER_ERROR_THEN_RAISE,pipeline/stages/evaluation/analytics.py,20,calculate_financial_metrics,except Exception as e:,Exception is logged and re-raised in the same handler.,"If upper layers also log, this creates duplicate error reports and noisy traces.","Log only at boundary layers, or add context and re-raise without error-level logging.",Add a test/logger capture for one error event per failing operation.,medium,fc988bfa7cfbe080
P2,error_policy,LOGGER_ERROR_THEN_RAISE,pipeline/stages/evaluation/analytics.py,92,run_deep_analysis,except Exception as e:,Exception is logged and re-raised in the same handler.,"If upper layers also log, this creates duplicate error reports and noisy traces.","Log only at boundary layers, or add context and re-raise without error-level logging.",Add a test/logger capture for one error event per failing operation.,medium,7abab731c8b19d26
P2,error_policy,LOGGER_ERROR_THEN_RAISE,pipeline/stages/evaluation/backtest_adapter.py,70,run_backtest,except Exception as e:,Exception is logged and re-raised in the same handler.,"If upper layers also log, this creates duplicate error reports and noisy traces.","Log only at boundary layers, or add context and re-raise without error-level logging.",Add a test/logger capture for one error event per failing operation.,medium,413fab10c0d87575
P2,error_policy,LOGGER_ERROR_THEN_RAISE,pipeline/stages/evaluation/data_recovery.py,26,recover_missing_data,except Exception as e:,Exception is logged and re-raised in the same handler.,"If upper layers also log, this creates duplicate error reports and noisy traces.","Log only at boundary layers, or add context and re-raise without error-level logging.",Add a test/logger capture for one error event per failing operation.,medium,47bebcd79160be9d
P2,error_policy,LOGGER_ERROR_THEN_RAISE,pipeline/stages/evaluation/io.py,25,load_stage6_results,except Exception as e:,Exception is logged and re-raised in the same handler.,"If upper layers also log, this creates duplicate error reports and noisy traces.","Log only at boundary layers, or add context and re-raise without error-level logging.",Add a test/logger capture for one error event per failing operation.,medium,9017700ce81c34ae
P2,error_policy,LOGGER_ERROR_THEN_RAISE,pipeline/stages/evaluation/reporting.py,38,plot_equity_curve,except Exception as e:,Exception is logged and re-raised in the same handler.,"If upper layers also log, this creates duplicate error reports and noisy traces.","Log only at boundary layers, or add context and re-raise without error-level logging.",Add a test/logger capture for one error event per failing operation.,medium,b4f0e273eb9e38d7
P2,error_policy,LOGGER_ERROR_THEN_RAISE,pipeline/stages/modeling/orchestration.py,55,create_ensemble_from_top_models_async,except Exception as e:,Exception is logged and re-raised in the same handler.,"If upper layers also log, this creates duplicate error reports and noisy traces.","Log only at boundary layers, or add context and re-raise without error-level logging.",Add a test/logger capture for one error event per failing operation.,medium,e827aa6b1fd4ceb3
P2,error_policy,LOGGER_ERROR_THEN_RAISE,pipeline/stages/modeling/orchestration.py,75,process_ticker,except Exception as e:,Exception is logged and re-raised in the same handler.,"If upper layers also log, this creates duplicate error reports and noisy traces.","Log only at boundary layers, or add context and re-raise without error-level logging.",Add a test/logger capture for one error event per failing operation.,medium,ad2d64eda5583518
P2,error_policy,LOGGER_ERROR_THEN_RAISE,pipeline/stages/prediction/anomaly_engine.py,169,_calc_volatility_factor,except Exception as e:,Exception is logged and re-raised in the same handler.,"If upper layers also log, this creates duplicate error reports and noisy traces.","Log only at boundary layers, or add context and re-raise without error-level logging.",Add a test/logger capture for one error event per failing operation.,medium,2789e7824d3dcf85
P2,error_policy,LOGGER_ERROR_THEN_RAISE,pipeline/stages/prediction/data_preparer.py,79,get_available_model_types,except Exception as e:,Exception is logged and re-raised in the same handler.,"If upper layers also log, this creates duplicate error reports and noisy traces.","Log only at boundary layers, or add context and re-raise without error-level logging.",Add a test/logger capture for one error event per failing operation.,medium,3004ca2aa7aadc26
P2,error_policy,LOGGER_ERROR_THEN_RAISE,pipeline/stages/prediction/data_preparer.py,301,load_target_scaler,except Exception as e:,Exception is logged and re-raised in the same handler.,"If upper layers also log, this creates duplicate error reports and noisy traces.","Log only at boundary layers, or add context and re-raise without error-level logging.",Add a test/logger capture for one error event per failing operation.,medium,4555dd47f6a75075
P2,error_policy,LOGGER_ERROR_THEN_RAISE,pipeline/stages/prediction/data_preparer.py,349,_create_fallback_scaler,except Exception as e:,Exception is logged and re-raised in the same handler.,"If upper layers also log, this creates duplicate error reports and noisy traces.","Log only at boundary layers, or add context and re-raise without error-level logging.",Add a test/logger capture for one error event per failing operation.,medium,5e34d8b86777465e
P2,error_policy,LOGGER_ERROR_THEN_RAISE,pipeline/stages/prediction/model_selection_service.py,80,get_available_model_types,except Exception as e:,Exception is logged and re-raised in the same handler.,"If upper layers also log, this creates duplicate error reports and noisy traces.","Log only at boundary layers, or add context and re-raise without error-level logging.",Add a test/logger capture for one error event per failing operation.,medium,c69154238c243d18
P2,error_policy,LOGGER_ERROR_THEN_RAISE,pipeline/stages/prediction/result_builder.py,59,build_result,except Exception as fe:,Exception is logged and re-raised in the same handler.,"If upper layers also log, this creates duplicate error reports and noisy traces.","Log only at boundary layers, or add context and re-raise without error-level logging.",Add a test/logger capture for one error event per failing operation.,medium,fc60161f9eefb660
P2,error_policy,LOGGER_ERROR_THEN_RAISE,pipeline/stages/prediction/result_builder.py,82,build_result,except Exception as e:,Exception is logged and re-raised in the same handler.,"If upper layers also log, this creates duplicate error reports and noisy traces.","Log only at boundary layers, or add context and re-raise without error-level logging.",Add a test/logger capture for one error event per failing operation.,medium,1249e579add89ba1
P2,error_policy,LOGGER_ERROR_THEN_RAISE,pipeline/stages/prediction/result_builder.py,204,_save_stage_5_results,except Exception as e:,Exception is logged and re-raised in the same handler.,"If upper layers also log, this creates duplicate error reports and noisy traces.","Log only at boundary layers, or add context and re-raise without error-level logging.",Add a test/logger capture for one error event per failing operation.,medium,505949da27142140
P2,error_policy,LOGGER_ERROR_THEN_RAISE,pipeline/stages/prediction/scaler_service.py,96,load_target_scaler,except Exception as e:,Exception is logged and re-raised in the same handler.,"If upper layers also log, this creates duplicate error reports and noisy traces.","Log only at boundary layers, or add context and re-raise without error-level logging.",Add a test/logger capture for one error event per failing operation.,medium,ac6f05afceb27903
P2,error_policy,LOGGER_ERROR_THEN_RAISE,pipeline/stages/stage_0_setup.py,76,run,except Exception as e:,Exception is logged and re-raised in the same handler.,"If upper layers also log, this creates duplicate error reports and noisy traces.","Log only at boundary layers, or add context and re-raise without error-level logging.",Add a test/logger capture for one error event per failing operation.,medium,32a6a0bd5cd3cd10
P2,error_policy,LOGGER_ERROR_THEN_RAISE,pipeline/stages/trading/data_io.py,103,save_stage_6_results,except Exception as e:,Exception is logged and re-raised in the same handler.,"If upper layers also log, this creates duplicate error reports and noisy traces.","Log only at boundary layers, or add context and re-raise without error-level logging.",Add a test/logger capture for one error event per failing operation.,medium,34979650915c1471
P2,error_policy,LOGGER_ERROR_THEN_RAISE,pipeline/stages/trading/recommendation_engine.py,146,_analyze_news_impact,except Exception as e:,Exception is logged and re-raised in the same handler.,"If upper layers also log, this creates duplicate error reports and noisy traces.","Log only at boundary layers, or add context and re-raise without error-level logging.",Add a test/logger capture for one error event per failing operation.,medium,a58cb6deaeb82318
P2,error_policy,LOGGER_ERROR_THEN_RAISE,predictions/models_predict.py,52,predict_any,except Exception as e:,Exception is logged and re-raised in the same handler.,"If upper layers also log, this creates duplicate error reports and noisy traces.","Log only at boundary layers, or add context and re-raise without error-level logging.",Add a test/logger capture for one error event per failing operation.,medium,e1237a7c7a6be409
P2,error_policy,LOGGER_ERROR_THEN_RAISE,predictions/models_predict.py,140,predict_sentiment_models,except Exception as e:,Exception is logged and re-raised in the same handler.,"If upper layers also log, this creates duplicate error reports and noisy traces.","Log only at boundary layers, or add context and re-raise without error-level logging.",Add a test/logger capture for one error event per failing operation.,medium,72939ad2dd2c86ea
P2,error_policy,LOGGER_ERROR_THEN_RAISE,processing/cleaners.py,165,_sanitize_index_timezone,except Exception as e:,Exception is logged and re-raised in the same handler.,"If upper layers also log, this creates duplicate error reports and noisy traces.","Log only at boundary layers, or add context and re-raise without error-level logging.",Add a test/logger capture for one error event per failing operation.,medium,4b6905acd1ec1bb0
P2,error_policy,LOGGER_ERROR_THEN_RAISE,processing/cleaners.py,180,_sanitize_column_timezone,except Exception as e:,Exception is logged and re-raised in the same handler.,"If upper layers also log, this creates duplicate error reports and noisy traces.","Log only at boundary layers, or add context and re-raise without error-level logging.",Add a test/logger capture for one error event per failing operation.,medium,c78315a03336abe3
P2,error_policy,LOGGER_ERROR_THEN_RAISE,risk/kill_switch/calculator.py,51,calculate_risk_metrics,except Exception as e:,Exception is logged and re-raised in the same handler.,"If upper layers also log, this creates duplicate error reports and noisy traces.","Log only at boundary layers, or add context and re-raise without error-level logging.",Add a test/logger capture for one error event per failing operation.,medium,81bc2a2709899d44
P2,error_policy,LOGGER_ERROR_THEN_RAISE,risk/kill_switch/calculator.py,97,calculate_portfolio_metrics,except Exception as e:,Exception is logged and re-raised in the same handler.,"If upper layers also log, this creates duplicate error reports and noisy traces.","Log only at boundary layers, or add context and re-raise without error-level logging.",Add a test/logger capture for one error event per failing operation.,medium,9c017f91f374a9cb
P2,error_policy,LOGGER_ERROR_THEN_RAISE,risk/kill_switch/calculator.py,125,_calculate_portfolio_returns,except Exception as e:,Exception is logged and re-raised in the same handler.,"If upper layers also log, this creates duplicate error reports and noisy traces.","Log only at boundary layers, or add context and re-raise without error-level logging.",Add a test/logger capture for one error event per failing operation.,medium,09e2a4a701420c38
P2,error_policy,LOGGER_ERROR_THEN_RAISE,risk/kill_switch/calculator.py,168,calculate_position_metrics,except Exception as e:,Exception is logged and re-raised in the same handler.,"If upper layers also log, this creates duplicate error reports and noisy traces.","Log only at boundary layers, or add context and re-raise without error-level logging.",Add a test/logger capture for one error event per failing operation.,medium,6834558756668aa1
P2,error_policy,LOGGER_ERROR_THEN_RAISE,risk/kill_switch/calculator.py,205,analyze_market_conditions,except Exception as e:,Exception is logged and re-raised in the same handler.,"If upper layers also log, this creates duplicate error reports and noisy traces.","Log only at boundary layers, or add context and re-raise without error-level logging.",Add a test/logger capture for one error event per failing operation.,medium,bd883427fcf9f4a2
P2,error_policy,LOGGER_ERROR_THEN_RAISE,risk/metrics.py,41,calculate_portfolio_returns,except Exception as e:,Exception is logged and re-raised in the same handler.,"If upper layers also log, this creates duplicate error reports and noisy traces.","Log only at boundary layers, or add context and re-raise without error-level logging.",Add a test/logger capture for one error event per failing operation.,medium,352c70e89ebe478a
P2,error_policy,LOGGER_ERROR_THEN_RAISE,risk/metrics.py,86,calculate_portfolio_metrics,except Exception as e:,Exception is logged and re-raised in the same handler.,"If upper layers also log, this creates duplicate error reports and noisy traces.","Log only at boundary layers, or add context and re-raise without error-level logging.",Add a test/logger capture for one error event per failing operation.,medium,9e9670b6db7338cc
P2,error_policy,LOGGER_ERROR_THEN_RAISE,risk/metrics.py,144,calculate_position_metrics,except Exception as e:,Exception is logged and re-raised in the same handler.,"If upper layers also log, this creates duplicate error reports and noisy traces.","Log only at boundary layers, or add context and re-raise without error-level logging.",Add a test/logger capture for one error event per failing operation.,medium,dd7864b808e45f82
P2,error_policy,LOGGER_ERROR_THEN_RAISE,risk/metrics.py,239,analyze_market_conditions,except Exception as e:,Exception is logged and re-raised in the same handler.,"If upper layers also log, this creates duplicate error reports and noisy traces.","Log only at boundary layers, or add context and re-raise without error-level logging.",Add a test/logger capture for one error event per failing operation.,medium,09a0d0a025ff7273
P2,error_policy,LOGGER_ERROR_THEN_RAISE,simulation/simulation_engine.py,115,_run_single_path_simulation,except Exception as e:,Exception is logged and re-raised in the same handler.,"If upper layers also log, this creates duplicate error reports and noisy traces.","Log only at boundary layers, or add context and re-raise without error-level logging.",Add a test/logger capture for one error event per failing operation.,medium,b9e69c0702929853
P2,error_policy,LOGGER_ERROR_THEN_RAISE,targets/target_orchestrator.py,55,__init__,except Exception as e:,Exception is logged and re-raised in the same handler.,"If upper layers also log, this creates duplicate error reports and noisy traces.","Log only at boundary layers, or add context and re-raise without error-level logging.",Add a test/logger capture for one error event per failing operation.,medium,0ca9516036ddcf99
P2,error_policy,LOGGER_ERROR_THEN_RAISE,trading/consensus_engine.py,219,_apply_critic_filter,except Exception as e:,Exception is logged and re-raised in the same handler.,"If upper layers also log, this creates duplicate error reports and noisy traces.","Log only at boundary layers, or add context and re-raise without error-level logging.",Add a test/logger capture for one error event per failing operation.,medium,21319867ffac478b
P2,error_policy,LOGGER_ERROR_THEN_RAISE,trading/consensus_engine.py,294,generate_weighted_ensemble,except Exception as e:,Exception is logged and re-raised in the same handler.,"If upper layers also log, this creates duplicate error reports and noisy traces.","Log only at boundary layers, or add context and re-raise without error-level logging.",Add a test/logger capture for one error event per failing operation.,medium,bcfe3a9e735db127
P2,error_policy,LOGGER_ERROR_THEN_RAISE,trading/portfolio_manager.py,272,optimize_allocation,except Exception as e:,Exception is logged and re-raised in the same handler.,"If upper layers also log, this creates duplicate error reports and noisy traces.","Log only at boundary layers, or add context and re-raise without error-level logging.",Add a test/logger capture for one error event per failing operation.,medium,a1b1ec347000046a
P2,error_policy,LOGGER_ERROR_THEN_RAISE,trading/signal_processor.py,71,_build_signal,except Exception as e:,Exception is logged and re-raised in the same handler.,"If upper layers also log, this creates duplicate error reports and noisy traces.","Log only at boundary layers, or add context and re-raise without error-level logging.",Add a test/logger capture for one error event per failing operation.,medium,197159edc9bd8ef0
P2,error_policy,LOGGER_ERROR_THEN_RAISE,trading/signal_processor.py,88,_run_knn_analysis,except Exception as e:,Exception is logged and re-raised in the same handler.,"If upper layers also log, this creates duplicate error reports and noisy traces.","Log only at boundary layers, or add context and re-raise without error-level logging.",Add a test/logger capture for one error event per failing operation.,medium,e5de7ce062da42c0
P2,error_policy,LOGGER_ERROR_THEN_RAISE,trading/trading_orchestrator.py,148,_process_single_prediction,"except (ValueError, TypeError, Exception) as e:",Exception is logged and re-raised in the same handler.,"If upper layers also log, this creates duplicate error reports and noisy traces.","Log only at boundary layers, or add context and re-raise without error-level logging.",Add a test/logger capture for one error event per failing operation.,medium,aa6494c2b86c5ce9
P2,error_policy,LOGGER_ERROR_THEN_RAISE,trading/trading_orchestrator.py,171,_process_single_prediction,"except (ValueError, TypeError, Exception) as e:",Exception is logged and re-raised in the same handler.,"If upper layers also log, this creates duplicate error reports and noisy traces.","Log only at boundary layers, or add context and re-raise without error-level logging.",Add a test/logger capture for one error event per failing operation.,medium,2680dbc34ec4b9dc
P2,error_policy,LOGGER_ERROR_THEN_RAISE,trading/virtual_portfolio.py,67,load_portfolio,except Exception as e:,Exception is logged and re-raised in the same handler.,"If upper layers also log, this creates duplicate error reports and noisy traces.","Log only at boundary layers, or add context and re-raise without error-level logging.",Add a test/logger capture for one error event per failing operation.,medium,a5a0cf9a821486c3
P2,error_policy,LOGGER_ERROR_THEN_RAISE,trading/virtual_portfolio.py,102,save_portfolio,except Exception as e:,Exception is logged and re-raised in the same handler.,"If upper layers also log, this creates duplicate error reports and noisy traces.","Log only at boundary layers, or add context and re-raise without error-level logging.",Add a test/logger capture for one error event per failing operation.,medium,fab15a09f1412fff
P2,error_policy,LOGGER_ERROR_THEN_RAISE,training/base_trainer.py,132,__init__,except Exception as e:,Exception is logged and re-raised in the same handler.,"If upper layers also log, this creates duplicate error reports and noisy traces.","Log only at boundary layers, or add context and re-raise without error-level logging.",Add a test/logger capture for one error event per failing operation.,medium,373c77d296189703
P2,error_policy,LOGGER_ERROR_THEN_RAISE,training/base_trainer.py,196,execute_training,"except (ValueError, TypeError, Exception) as e:",Exception is logged and re-raised in the same handler.,"If upper layers also log, this creates duplicate error reports and noisy traces.","Log only at boundary layers, or add context and re-raise without error-level logging.",Add a test/logger capture for one error event per failing operation.,medium,8e868e9a73b3d96d
P2,error_policy,LOGGER_ERROR_THEN_RAISE,training/base_trainer.py,268,_train_ticker_suite,"except (ValueError, TypeError, Exception) as e:",Exception is logged and re-raised in the same handler.,"If upper layers also log, this creates duplicate error reports and noisy traces.","Log only at boundary layers, or add context and re-raise without error-level logging.",Add a test/logger capture for one error event per failing operation.,medium,58fd3a154458acd7
P2,error_policy,LOGGER_ERROR_THEN_RAISE,training/base_trainer.py,353,_save_champion,"except (IOError, TypeError, Exception) as e:",Exception is logged and re-raised in the same handler.,"If upper layers also log, this creates duplicate error reports and noisy traces.","Log only at boundary layers, or add context and re-raise without error-level logging.",Add a test/logger capture for one error event per failing operation.,medium,ce61cfd9ab9c99f8
P2,error_policy,LOGGER_ERROR_THEN_RAISE,training/progressive_trainer.py,198,_train_progressive_batch,except Exception as e:,Exception is logged and re-raised in the same handler.,"If upper layers also log, this creates duplicate error reports and noisy traces.","Log only at boundary layers, or add context and re-raise without error-level logging.",Add a test/logger capture for one error event per failing operation.,medium,2b9f1b58ac64c735
P2,error_policy,LOGGER_ERROR_THEN_RAISE,utils/trading_calendar.py,78,get_previous_trading_days,except Exception as e:,Exception is logged and re-raised in the same handler.,"If upper layers also log, this creates duplicate error reports and noisy traces.","Log only at boundary layers, or add context and re-raise without error-level logging.",Add a test/logger capture for one error event per failing operation.,medium,60908c5e8b783165
P2,error_policy,LOGGER_ERROR_THEN_RAISE,validation/time_series_validator.py,225,purged_walk_forward_validation,except Exception as e:,Exception is logged and re-raised in the same handler.,"If upper layers also log, this creates duplicate error reports and noisy traces.","Log only at boundary layers, or add context and re-raise without error-level logging.",Add a test/logger capture for one error event per failing operation.,medium,4c8afc6793443437
P2,financial_math,DRAWDOWN_SIGN_CONVENTION_REVIEW,algorithms/advanced_backtest_engine.py,91,,return float(drawdown.min()),Drawdown calculation found; sign convention needs review.,Mixing signed max_drawdown (-0.25) and positive current_drawdown (0.25) breaks risk thresholds.,"Expose both max_drawdown_signed and max_drawdown_pct, and use pct in risk limits.",Test monotonic loss series and assert documented sign convention.,low,1121b4b9a9c01f6e
P2,financial_math,DRAWDOWN_SIGN_CONVENTION_REVIEW,algorithms/advanced_backtest_engine.py,181,,max_dd = drawdown.min(),Drawdown calculation found; sign convention needs review.,Mixing signed max_drawdown (-0.25) and positive current_drawdown (0.25) breaks risk thresholds.,"Expose both max_drawdown_signed and max_drawdown_pct, and use pct in risk limits.",Test monotonic loss series and assert documented sign convention.,low,2f5000d2111e62a4
P2,financial_math,DRAWDOWN_SIGN_CONVENTION_REVIEW,algorithms/walk_forward_optimizer.py,141,,max_drawdown = float(((cumulative - running_max) / running_max).min()),Drawdown calculation found; sign convention needs review.,Mixing signed max_drawdown (-0.25) and positive current_drawdown (0.25) breaks risk thresholds.,"Expose both max_drawdown_signed and max_drawdown_pct, and use pct in risk limits.",Test monotonic loss series and assert documented sign convention.,low,f577c7c37596a49b
P2,financial_math,DRAWDOWN_SIGN_CONVENTION_REVIEW,analytics/analyzers/hedge_fund_analyzer.py,92,,metrics['max_drawdown'] = float(drawdown_series.min(),Drawdown calculation found; sign convention needs review.,Mixing signed max_drawdown (-0.25) and positive current_drawdown (0.25) breaks risk thresholds.,"Expose both max_drawdown_signed and max_drawdown_pct, and use pct in risk limits.",Test monotonic loss series and assert documented sign convention.,low,a086a96ce8ca72c6
P2,financial_math,DRAWDOWN_SIGN_CONVENTION_REVIEW,analytics/analyzers/wrappers.py,32,,"""max_drawdown"": float(clean_drawdown.min()) if not clean_drawdown.empty else 0.0,",Drawdown calculation found; sign convention needs review.,Mixing signed max_drawdown (-0.25) and positive current_drawdown (0.25) breaks risk thresholds.,"Expose both max_drawdown_signed and max_drawdown_pct, and use pct in risk limits.",Test monotonic loss series and assert documented sign convention.,low,8720abb0f3eccaaa
P2,financial_math,DRAWDOWN_SIGN_CONVENTION_REVIEW,analytics/arena/arena_battle.py,425,,return float(np.min(drawdown)),Drawdown calculation found; sign convention needs review.,Mixing signed max_drawdown (-0.25) and positive current_drawdown (0.25) breaks risk thresholds.,"Expose both max_drawdown_signed and max_drawdown_pct, and use pct in risk limits.",Test monotonic loss series and assert documented sign convention.,low,376c93766c9fefc2
P2,financial_math,DRAWDOWN_SIGN_CONVENTION_REVIEW,backtesting/advanced/advanced_engine.py,215,,max_dd = drawdown.min(),Drawdown calculation found; sign convention needs review.,Mixing signed max_drawdown (-0.25) and positive current_drawdown (0.25) breaks risk thresholds.,"Expose both max_drawdown_signed and max_drawdown_pct, and use pct in risk limits.",Test monotonic loss series and assert documented sign convention.,low,a59baf8ca09826b4
P2,financial_math,DRAWDOWN_SIGN_CONVENTION_REVIEW,backtesting/advanced/advanced_engine.py,404,,min_drawdown = drawdown.min(),Drawdown calculation found; sign convention needs review.,Mixing signed max_drawdown (-0.25) and positive current_drawdown (0.25) breaks risk thresholds.,"Expose both max_drawdown_signed and max_drawdown_pct, and use pct in risk limits.",Test monotonic loss series and assert documented sign convention.,low,13946d19a06f4459
P2,financial_math,DRAWDOWN_SIGN_CONVENTION_REVIEW,features/enrichers/technical_analysis_enricher.py,268,,df_enriched['CURRENT_DRAWDOWN',Drawdown calculation found; sign convention needs review.,Mixing signed max_drawdown (-0.25) and positive current_drawdown (0.25) breaks risk thresholds.,"Expose both max_drawdown_signed and max_drawdown_pct, and use pct in risk limits.",Test monotonic loss series and assert documented sign convention.,low,ddcf14a182ce4baf
P2,financial_math,DRAWDOWN_SIGN_CONVENTION_REVIEW,meta_learning/real_time_learning.py,269,,return float(drawdown.min()),Drawdown calculation found; sign convention needs review.,Mixing signed max_drawdown (-0.25) and positive current_drawdown (0.25) breaks risk thresholds.,"Expose both max_drawdown_signed and max_drawdown_pct, and use pct in risk limits.",Test monotonic loss series and assert documented sign convention.,low,e81c54626bbfcb12
P2,financial_math,DRAWDOWN_SIGN_CONVENTION_REVIEW,metrics/financial/financial_metrics_library.py,98,,return float(drawdowns.min()) if not drawdowns.empty else 0.0,Drawdown calculation found; sign convention needs review.,Mixing signed max_drawdown (-0.25) and positive current_drawdown (0.25) breaks risk thresholds.,"Expose both max_drawdown_signed and max_drawdown_pct, and use pct in risk limits.",Test monotonic loss series and assert documented sign convention.,low,e353d88561978fef
P2,financial_math,DRAWDOWN_SIGN_CONVENTION_REVIEW,metrics/financial/portfolio_metrics.py,100,,max_drawdown = drawdowns.min(),Drawdown calculation found; sign convention needs review.,Mixing signed max_drawdown (-0.25) and positive current_drawdown (0.25) breaks risk thresholds.,"Expose both max_drawdown_signed and max_drawdown_pct, and use pct in risk limits.",Test monotonic loss series and assert documented sign convention.,low,ae2c284e6fdf9c29
P2,financial_math,DRAWDOWN_SIGN_CONVENTION_REVIEW,pipeline/stages/evaluation/metrics_calculator.py,95,,max_drawdown = drawdown.min(),Drawdown calculation found; sign convention needs review.,Mixing signed max_drawdown (-0.25) and positive current_drawdown (0.25) breaks risk thresholds.,"Expose both max_drawdown_signed and max_drawdown_pct, and use pct in risk limits.",Test monotonic loss series and assert documented sign convention.,low,d56e9478d85474da
P2,financial_math,DRAWDOWN_SIGN_CONVENTION_REVIEW,risk/elite_risk_metrics.py,444,,"Dict[str, Any]], daily_pnl: float, current_drawdown: float) ->Dict[",Drawdown calculation found; sign convention needs review.,Mixing signed max_drawdown (-0.25) and positive current_drawdown (0.25) breaks risk thresholds.,"Expose both max_drawdown_signed and max_drawdown_pct, and use pct in risk limits.",Test monotonic loss series and assert documented sign convention.,low,cf7e66b27d8a116e
P2,financial_math,DRAWDOWN_SIGN_CONVENTION_REVIEW,risk/elite_risk_metrics.py,453,,current_drawdown: Current drawdown,Drawdown calculation found; sign convention needs review.,Mixing signed max_drawdown (-0.25) and positive current_drawdown (0.25) breaks risk thresholds.,"Expose both max_drawdown_signed and max_drawdown_pct, and use pct in risk limits.",Test monotonic loss series and assert documented sign convention.,low,1de68675f1e619b5
P2,financial_math,DRAWDOWN_SIGN_CONVENTION_REVIEW,risk/elite_risk_metrics.py,481,,if current_drawdown > self.limits['max_drawdown']:,Drawdown calculation found; sign convention needs review.,Mixing signed max_drawdown (-0.25) and positive current_drawdown (0.25) breaks risk thresholds.,"Expose both max_drawdown_signed and max_drawdown_pct, and use pct in risk limits.",Test monotonic loss series and assert documented sign convention.,low,6b90a0777a36cc81
P2,financial_math,DRAWDOWN_SIGN_CONVENTION_REVIEW,risk/elite_risk_metrics.py,483,,"current_drawdown, 'limit': self.limits['max_drawdown'],",Drawdown calculation found; sign convention needs review.,Mixing signed max_drawdown (-0.25) and positive current_drawdown (0.25) breaks risk thresholds.,"Expose both max_drawdown_signed and max_drawdown_pct, and use pct in risk limits.",Test monotonic loss series and assert documented sign convention.,low,c43968cf80d64506
P2,financial_math,DRAWDOWN_SIGN_CONVENTION_REVIEW,risk/elite_risk_metrics.py,484,,'message': f'Drawdown {current_drawdown:.1%} exceeds limit'}),Drawdown calculation found; sign convention needs review.,Mixing signed max_drawdown (-0.25) and positive current_drawdown (0.25) breaks risk thresholds.,"Expose both max_drawdown_signed and max_drawdown_pct, and use pct in risk limits.",Test monotonic loss series and assert documented sign convention.,low,9f6503ea8ef57fc1
P2,financial_math,DRAWDOWN_SIGN_CONVENTION_REVIEW,risk/kill_switch/calculator.py,80,,current_drawdown_pct = float(,Drawdown calculation found; sign convention needs review.,Mixing signed max_drawdown (-0.25) and positive current_drawdown (0.25) breaks risk thresholds.,"Expose both max_drawdown_signed and max_drawdown_pct, and use pct in risk limits.",Test monotonic loss series and assert documented sign convention.,low,a934bd1b9a1c1be1
P2,financial_math,DRAWDOWN_SIGN_CONVENTION_REVIEW,risk/kill_switch/calculator.py,93,,"'current_drawdown': current_drawdown_pct,",Drawdown calculation found; sign convention needs review.,Mixing signed max_drawdown (-0.25) and positive current_drawdown (0.25) breaks risk thresholds.,"Expose both max_drawdown_signed and max_drawdown_pct, and use pct in risk limits.",Test monotonic loss series and assert documented sign convention.,low,59396c4b28c08c7d
P2,financial_math,DRAWDOWN_SIGN_CONVENTION_REVIEW,risk/kill_switch/calculator.py,94,,"'current_drawdown_pct': current_drawdown_pct,",Drawdown calculation found; sign convention needs review.,Mixing signed max_drawdown (-0.25) and positive current_drawdown (0.25) breaks risk thresholds.,"Expose both max_drawdown_signed and max_drawdown_pct, and use pct in risk limits.",Test monotonic loss series and assert documented sign convention.,low,6d678b48e22611a8
P2,financial_math,DRAWDOWN_SIGN_CONVENTION_REVIEW,risk/kill_switch/calculator.py,156,,current_drawdown_pct = float(drawdowns.iloc[-1]) if len(drawdowns) > 0 else 0.0,Drawdown calculation found; sign convention needs review.,Mixing signed max_drawdown (-0.25) and positive current_drawdown (0.25) breaks risk thresholds.,"Expose both max_drawdown_signed and max_drawdown_pct, and use pct in risk limits.",Test monotonic loss series and assert documented sign convention.,low,6c72cbcb8175d066
P2,financial_math,DRAWDOWN_SIGN_CONVENTION_REVIEW,risk/kill_switch/calculator.py,164,,"'current_drawdown': current_drawdown_pct,",Drawdown calculation found; sign convention needs review.,Mixing signed max_drawdown (-0.25) and positive current_drawdown (0.25) breaks risk thresholds.,"Expose both max_drawdown_signed and max_drawdown_pct, and use pct in risk limits.",Test monotonic loss series and assert documented sign convention.,low,9104c0fb2cceae37
P2,financial_math,DRAWDOWN_SIGN_CONVENTION_REVIEW,risk/kill_switch/calculator.py,165,,'current_drawdown_pct': current_drawdown_pct,Drawdown calculation found; sign convention needs review.,Mixing signed max_drawdown (-0.25) and positive current_drawdown (0.25) breaks risk thresholds.,"Expose both max_drawdown_signed and max_drawdown_pct, and use pct in risk limits.",Test monotonic loss series and assert documented sign convention.,low,a9bd83c8accd1b5f
P2,financial_math,DRAWDOWN_SIGN_CONVENTION_REVIEW,risk/kill_switch/calculator.py,228,,"if portfolio_metrics.get('current_drawdown_pct', portfolio_metrics.get('current_drawdown', 0)) > thresholds.get('max_drawdown_threshold', 1.0):",Drawdown calculation found; sign convention needs review.,Mixing signed max_drawdown (-0.25) and positive current_drawdown (0.25) breaks risk thresholds.,"Expose both max_drawdown_signed and max_drawdown_pct, and use pct in risk limits.",Test monotonic loss series and assert documented sign convention.,low,bac7bb8a1c300259
P2,financial_math,DRAWDOWN_SIGN_CONVENTION_REVIEW,risk/kill_switch/calculator.py,245,,"if portfolio_metrics.get('current_drawdown_pct', portfolio_metrics.get('current_drawdown', 0)) > 0.10: # 10% drawdown",Drawdown calculation found; sign convention needs review.,Mixing signed max_drawdown (-0.25) and positive current_drawdown (0.25) breaks risk thresholds.,"Expose both max_drawdown_signed and max_drawdown_pct, and use pct in risk limits.",Test monotonic loss series and assert documented sign convention.,low,1efa398afb20c045
P2,financial_math,DRAWDOWN_SIGN_CONVENTION_REVIEW,risk/metrics.py,65,,max_drawdown_signed = float(np.min(drawdowns)) if len(drawdowns) > 0 else 0.0,Drawdown calculation found; sign convention needs review.,Mixing signed max_drawdown (-0.25) and positive current_drawdown (0.25) breaks risk thresholds.,"Expose both max_drawdown_signed and max_drawdown_pct, and use pct in risk limits.",Test monotonic loss series and assert documented sign convention.,low,c8d76645404ccbaa
P2,financial_math,DRAWDOWN_SIGN_CONVENTION_REVIEW,risk/metrics.py,68,,current_drawdown = 0.0,Drawdown calculation found; sign convention needs review.,Mixing signed max_drawdown (-0.25) and positive current_drawdown (0.25) breaks risk thresholds.,"Expose both max_drawdown_signed and max_drawdown_pct, and use pct in risk limits.",Test monotonic loss series and assert documented sign convention.,low,b730caec40f2adba
P2,financial_math,DRAWDOWN_SIGN_CONVENTION_REVIEW,risk/metrics.py,72,,current_drawdown = (peak - current) / peak if peak > 0 else 0.0,Drawdown calculation found; sign convention needs review.,Mixing signed max_drawdown (-0.25) and positive current_drawdown (0.25) breaks risk thresholds.,"Expose both max_drawdown_signed and max_drawdown_pct, and use pct in risk limits.",Test monotonic loss series and assert documented sign convention.,low,21d62fbd48e641ec
P2,financial_math,DRAWDOWN_SIGN_CONVENTION_REVIEW,risk/metrics.py,82,,"""current_drawdown"": current_drawdown,",Drawdown calculation found; sign convention needs review.,Mixing signed max_drawdown (-0.25) and positive current_drawdown (0.25) breaks risk thresholds.,"Expose both max_drawdown_signed and max_drawdown_pct, and use pct in risk limits.",Test monotonic loss series and assert documented sign convention.,low,639d11b4ef849584
P2,financial_math,DRAWDOWN_SIGN_CONVENTION_REVIEW,risk/metrics.py,83,,"""current_drawdown_pct"": current_drawdown,",Drawdown calculation found; sign convention needs review.,Mixing signed max_drawdown (-0.25) and positive current_drawdown (0.25) breaks risk thresholds.,"Expose both max_drawdown_signed and max_drawdown_pct, and use pct in risk limits.",Test monotonic loss series and assert documented sign convention.,low,d469107617010e48
P2,financial_math,DRAWDOWN_SIGN_CONVENTION_REVIEW,risk/metrics.py,123,,max_drawdown_signed = float(np.min(drawdowns)) if len(drawdowns) > 0 else 0.0,Drawdown calculation found; sign convention needs review.,Mixing signed max_drawdown (-0.25) and positive current_drawdown (0.25) breaks risk thresholds.,"Expose both max_drawdown_signed and max_drawdown_pct, and use pct in risk limits.",Test monotonic loss series and assert documented sign convention.,low,715adacc902f5692
P2,financial_math,DRAWDOWN_SIGN_CONVENTION_REVIEW,risk/metrics.py,126,,current_drawdown = 0.0,Drawdown calculation found; sign convention needs review.,Mixing signed max_drawdown (-0.25) and positive current_drawdown (0.25) breaks risk thresholds.,"Expose both max_drawdown_signed and max_drawdown_pct, and use pct in risk limits.",Test monotonic loss series and assert documented sign convention.,low,00cee6340c6dcf66
P2,financial_math,DRAWDOWN_SIGN_CONVENTION_REVIEW,risk/metrics.py,130,,current_drawdown = (peak - current) / peak if peak > 0 else 0.0,Drawdown calculation found; sign convention needs review.,Mixing signed max_drawdown (-0.25) and positive current_drawdown (0.25) breaks risk thresholds.,"Expose both max_drawdown_signed and max_drawdown_pct, and use pct in risk limits.",Test monotonic loss series and assert documented sign convention.,low,52439f1c40524700
P2,financial_math,DRAWDOWN_SIGN_CONVENTION_REVIEW,risk/metrics.py,138,,"""current_drawdown"": current_drawdown,",Drawdown calculation found; sign convention needs review.,Mixing signed max_drawdown (-0.25) and positive current_drawdown (0.25) breaks risk thresholds.,"Expose both max_drawdown_signed and max_drawdown_pct, and use pct in risk limits.",Test monotonic loss series and assert documented sign convention.,low,7133ea20c0c95d89
P2,financial_math,DRAWDOWN_SIGN_CONVENTION_REVIEW,risk/metrics.py,139,,"""current_drawdown_pct"": current_drawdown,",Drawdown calculation found; sign convention needs review.,Mixing signed max_drawdown (-0.25) and positive current_drawdown (0.25) breaks risk thresholds.,"Expose both max_drawdown_signed and max_drawdown_pct, and use pct in risk limits.",Test monotonic loss series and assert documented sign convention.,low,6639fb18bcb6888a
P2,heavy_imports,HEAVY_TOP_LEVEL_IMPORT,colab/models/architectures.py,1,,import torch,Top-level import of heavy optional dependency 'torch'.,Lightweight CLI/tests/factories may import TensorFlow/PyTorch/HF/spaCy/yfinance even when not needed.,"Move optional heavy imports inside the function/class that needs them, or use a lazy class-path registry.",Add a test importing factory/config/CLI and assert heavy modules are not present in sys.modules.,high,dee5b94a82ee18c5
P2,heavy_imports,HEAVY_TOP_LEVEL_IMPORT,colab/models/architectures.py,2,,import torch.nn as nn,Top-level import of heavy optional dependency 'torch.nn'.,Lightweight CLI/tests/factories may import TensorFlow/PyTorch/HF/spaCy/yfinance even when not needed.,"Move optional heavy imports inside the function/class that needs them, or use a lazy class-path registry.",Add a test importing factory/config/CLI and assert heavy modules are not present in sys.modules.,high,fe44fa449c788dd8
P2,heavy_imports,HEAVY_TOP_LEVEL_IMPORT,colab/utils/utils.py,15,,import torch,Top-level import of heavy optional dependency 'torch'.,Lightweight CLI/tests/factories may import TensorFlow/PyTorch/HF/spaCy/yfinance even when not needed.,"Move optional heavy imports inside the function/class that needs them, or use a lazy class-path registry.",Add a test importing factory/config/CLI and assert heavy modules are not present in sys.modules.,high,7b938a2db31c2432
P2,heavy_imports,HEAVY_TOP_LEVEL_IMPORT,data/collectors/yf_collector.py,9,,import yfinance as yf,Top-level import of heavy optional dependency 'yfinance'.,Lightweight CLI/tests/factories may import TensorFlow/PyTorch/HF/spaCy/yfinance even when not needed.,"Move optional heavy imports inside the function/class that needs them, or use a lazy class-path registry.",Add a test importing factory/config/CLI and assert heavy modules are not present in sys.modules.,high,b41c7b18e316bb40
P2,heavy_imports,HEAVY_TOP_LEVEL_IMPORT,features/nlp/models/roberta_sentiment.py,2,,import torch,Top-level import of heavy optional dependency 'torch'.,Lightweight CLI/tests/factories may import TensorFlow/PyTorch/HF/spaCy/yfinance even when not needed.,"Move optional heavy imports inside the function/class that needs them, or use a lazy class-path registry.",Add a test importing factory/config/CLI and assert heavy modules are not present in sys.modules.,high,4f1d4bcec530bac9
P2,heavy_imports,HEAVY_TOP_LEVEL_IMPORT,features/nlp/models/roberta_sentiment.py,3,,"from transformers import AutoTokenizer, AutoModelForSequenceClassification",Top-level import of heavy optional dependency 'transformers'.,Lightweight CLI/tests/factories may import TensorFlow/PyTorch/HF/spaCy/yfinance even when not needed.,"Move optional heavy imports inside the function/class that needs them, or use a lazy class-path registry.",Add a test importing factory/config/CLI and assert heavy modules are not present in sys.modules.,high,22de5164aee476ad
P2,heavy_imports,HEAVY_TOP_LEVEL_IMPORT,features/nlp/models/sentiment_core.py,6,,from transformers import AutoModelForSequenceClassification,Top-level import of heavy optional dependency 'transformers'.,Lightweight CLI/tests/factories may import TensorFlow/PyTorch/HF/spaCy/yfinance even when not needed.,"Move optional heavy imports inside the function/class that needs them, or use a lazy class-path registry.",Add a test importing factory/config/CLI and assert heavy modules are not present in sys.modules.,high,143b97c88da1f27a
P2,heavy_imports,HEAVY_TOP_LEVEL_IMPORT,features/nlp/scoring/summarizer.py,5,,import torch,Top-level import of heavy optional dependency 'torch'.,Lightweight CLI/tests/factories may import TensorFlow/PyTorch/HF/spaCy/yfinance even when not needed.,"Move optional heavy imports inside the function/class that needs them, or use a lazy class-path registry.",Add a test importing factory/config/CLI and assert heavy modules are not present in sys.modules.,high,2e2ecabe750bfb19
P2,heavy_imports,HEAVY_TOP_LEVEL_IMPORT,features/nlp/scoring/summarizer.py,6,,"from transformers import pipeline, Pipeline",Top-level import of heavy optional dependency 'transformers'.,Lightweight CLI/tests/factories may import TensorFlow/PyTorch/HF/spaCy/yfinance even when not needed.,"Move optional heavy imports inside the function/class that needs them, or use a lazy class-path registry.",Add a test importing factory/config/CLI and assert heavy modules are not present in sys.modules.,high,bb437294d5f0b9b9
P2,heavy_imports,HEAVY_TOP_LEVEL_IMPORT,models/neural/autoencoder_model.py,4,,import tensorflow as tf,Top-level import of heavy optional dependency 'tensorflow'.,Lightweight CLI/tests/factories may import TensorFlow/PyTorch/HF/spaCy/yfinance even when not needed.,"Move optional heavy imports inside the function/class that needs them, or use a lazy class-path registry.",Add a test importing factory/config/CLI and assert heavy modules are not present in sys.modules.,high,1490f589af0248ec
P2,heavy_imports,HEAVY_TOP_LEVEL_IMPORT,models/neural/autoencoder_model.py,5,,"from tensorflow.keras import layers, models",Top-level import of heavy optional dependency 'tensorflow.keras'.,Lightweight CLI/tests/factories may import TensorFlow/PyTorch/HF/spaCy/yfinance even when not needed.,"Move optional heavy imports inside the function/class that needs them, or use a lazy class-path registry.",Add a test importing factory/config/CLI and assert heavy modules are not present in sys.modules.,high,6bc3a06d589d6717
P2,heavy_imports,HEAVY_TOP_LEVEL_IMPORT,models/neural/base_neural.py,7,,import tensorflow as tf,Top-level import of heavy optional dependency 'tensorflow'.,Lightweight CLI/tests/factories may import TensorFlow/PyTorch/HF/spaCy/yfinance even when not needed.,"Move optional heavy imports inside the function/class that needs them, or use a lazy class-path registry.",Add a test importing factory/config/CLI and assert heavy modules are not present in sys.modules.,high,1c4136cab7227dbb
P2,heavy_imports,HEAVY_TOP_LEVEL_IMPORT,models/neural/cnn_model.py,5,,import tensorflow as tf,Top-level import of heavy optional dependency 'tensorflow'.,Lightweight CLI/tests/factories may import TensorFlow/PyTorch/HF/spaCy/yfinance even when not needed.,"Move optional heavy imports inside the function/class that needs them, or use a lazy class-path registry.",Add a test importing factory/config/CLI and assert heavy modules are not present in sys.modules.,high,54af173cd3ec8ab4
P2,heavy_imports,HEAVY_TOP_LEVEL_IMPORT,models/neural/cnn_model.py,6,,from tensorflow.keras import Sequential,Top-level import of heavy optional dependency 'tensorflow.keras'.,Lightweight CLI/tests/factories may import TensorFlow/PyTorch/HF/spaCy/yfinance even when not needed.,"Move optional heavy imports inside the function/class that needs them, or use a lazy class-path registry.",Add a test importing factory/config/CLI and assert heavy modules are not present in sys.modules.,high,aed1539d19f86983
P2,heavy_imports,HEAVY_TOP_LEVEL_IMPORT,models/neural/cnn_model.py,7,,"from tensorflow.keras.layers import Input, Conv1D, MaxPooling1D, Flatten, Dense, Dropout",Top-level import of heavy optional dependency 'tensorflow.keras.layers'.,Lightweight CLI/tests/factories may import TensorFlow/PyTorch/HF/spaCy/yfinance even when not needed.,"Move optional heavy imports inside the function/class that needs them, or use a lazy class-path registry.",Add a test importing factory/config/CLI and assert heavy modules are not present in sys.modules.,high,cb8e3d91ffd0cc15
P2,heavy_imports,HEAVY_TOP_LEVEL_IMPORT,models/neural/gru_model.py,4,,import tensorflow as tf,Top-level import of heavy optional dependency 'tensorflow'.,Lightweight CLI/tests/factories may import TensorFlow/PyTorch/HF/spaCy/yfinance even when not needed.,"Move optional heavy imports inside the function/class that needs them, or use a lazy class-path registry.",Add a test importing factory/config/CLI and assert heavy modules are not present in sys.modules.,high,73c3b58ccc9b7d5b
P2,heavy_imports,HEAVY_TOP_LEVEL_IMPORT,models/neural/gru_model.py,5,,"from tensorflow.keras import layers, models",Top-level import of heavy optional dependency 'tensorflow.keras'.,Lightweight CLI/tests/factories may import TensorFlow/PyTorch/HF/spaCy/yfinance even when not needed.,"Move optional heavy imports inside the function/class that needs them, or use a lazy class-path registry.",Add a test importing factory/config/CLI and assert heavy modules are not present in sys.modules.,high,bbbea4222c8cd5a1
P2,heavy_imports,HEAVY_TOP_LEVEL_IMPORT,models/neural/lstm_model.py,4,,import tensorflow as tf,Top-level import of heavy optional dependency 'tensorflow'.,Lightweight CLI/tests/factories may import TensorFlow/PyTorch/HF/spaCy/yfinance even when not needed.,"Move optional heavy imports inside the function/class that needs them, or use a lazy class-path registry.",Add a test importing factory/config/CLI and assert heavy modules are not present in sys.modules.,high,63396fd58c9bedc1
P2,heavy_imports,HEAVY_TOP_LEVEL_IMPORT,models/neural/lstm_model.py,5,,"from tensorflow.keras import layers, models",Top-level import of heavy optional dependency 'tensorflow.keras'.,Lightweight CLI/tests/factories may import TensorFlow/PyTorch/HF/spaCy/yfinance even when not needed.,"Move optional heavy imports inside the function/class that needs them, or use a lazy class-path registry.",Add a test importing factory/config/CLI and assert heavy modules are not present in sys.modules.,high,049a79df6c431eb4
P2,heavy_imports,HEAVY_TOP_LEVEL_IMPORT,models/neural/mlp_model.py,4,,import tensorflow as tf,Top-level import of heavy optional dependency 'tensorflow'.,Lightweight CLI/tests/factories may import TensorFlow/PyTorch/HF/spaCy/yfinance even when not needed.,"Move optional heavy imports inside the function/class that needs them, or use a lazy class-path registry.",Add a test importing factory/config/CLI and assert heavy modules are not present in sys.modules.,high,55a1aded3c17f210
P2,heavy_imports,HEAVY_TOP_LEVEL_IMPORT,models/neural/mlp_model.py,5,,"from tensorflow.keras import layers, models",Top-level import of heavy optional dependency 'tensorflow.keras'.,Lightweight CLI/tests/factories may import TensorFlow/PyTorch/HF/spaCy/yfinance even when not needed.,"Move optional heavy imports inside the function/class that needs them, or use a lazy class-path registry.",Add a test importing factory/config/CLI and assert heavy modules are not present in sys.modules.,high,a5389b50dd3a5fbd
P2,security,FILE_READ_NEEDS_PATH_VALIDATION,cli/pipeline_data_loader.py,19,load_parquet_from_path,df = pd.read_parquet(path),File read detected in config/data loading path.,User/config-controlled paths need resolve()+allowed-base validation to prevent traversal or wrong-file reads.,Route all config paths through a single PathSecurityValidator before reading.,Test that '../secret.env' and absolute paths outside allowed base are rejected.,medium,d18912a593889d06
P2,security,ENV_LOADING_REVIEW,colab/__init__.py,20,,"""ColabEnvironment"": (""src.colab.environment"", ""ColabEnvironment""),",.env loading/search path detected.,Loose .env search paths can load the wrong secrets; file values may override real environment unexpectedly.,Make search paths explicit per environment and keep os.environ priority unless override=True.,Test that parent/home .env is not loaded in production/test mode.,medium,f55d2efdbb241db4
P2,security,FILE_READ_NEEDS_PATH_VALIDATION,colab/config/config_loader.py,136,_load_config_file,"with open(config_path, 'r') as f:",File read detected in config/data loading path.,User/config-controlled paths need resolve()+allowed-base validation to prevent traversal or wrong-file reads.,Route all config paths through a single PathSecurityValidator before reading.,Test that '../secret.env' and absolute paths outside allowed base are rejected.,medium,320836a3a9dd5dfa
P2,security,FILE_READ_NEEDS_PATH_VALIDATION,config/tickers.py,382,export_tickers_to_json,"with open(filepath, 'w') as f:",File read detected in config/data loading path.,User/config-controlled paths need resolve()+allowed-base validation to prevent traversal or wrong-file reads.,Route all config paths through a single PathSecurityValidator before reading.,Test that '../secret.env' and absolute paths outside allowed base are rejected.,medium,70dd0b6147cfeb98
P2,security,ENV_LOADING_REVIEW,config/unified_config_manager.py,90,,self.env = env,.env loading/search path detected.,Loose .env search paths can load the wrong secrets; file values may override real environment unexpectedly.,Make search paths explicit per environment and keep os.environ priority unless override=True.,Test that parent/home .env is not loaded in production/test mode.,medium,514687468db60074
P2,security,ENV_LOADING_REVIEW,config/unified_config_manager.py,118,,"logger.info(f""UnifiedConfigManager initialized for '{self.env.value}' environment."")",.env loading/search path detected.,Loose .env search paths can load the wrong secrets; file values may override real environment unexpectedly.,Make search paths explicit per environment and keep os.environ priority unless override=True.,Test that parent/home .env is not loaded in production/test mode.,medium,96562bd41de2952e
P2,security,FILE_READ_NEEDS_PATH_VALIDATION,core/file_management/file_manager.py,67,write_task,"with open(p, 'w', encoding='utf-8') as f:",File read detected in config/data loading path.,User/config-controlled paths need resolve()+allowed-base validation to prevent traversal or wrong-file reads.,Route all config paths through a single PathSecurityValidator before reading.,Test that '../secret.env' and absolute paths outside allowed base are rejected.,medium,bb4f631db160b3b4
P2,security,FILE_READ_NEEDS_PATH_VALIDATION,core/file_management/file_manager.py,72,validate_task,"with open(p, encoding='utf-8') as f:",File read detected in config/data loading path.,User/config-controlled paths need resolve()+allowed-base validation to prevent traversal or wrong-file reads.,Route all config paths through a single PathSecurityValidator before reading.,Test that '../secret.env' and absolute paths outside allowed base are rejected.,medium,8b97ae39c57a8b34
P2,security,FILE_READ_NEEDS_PATH_VALIDATION,core/file_management/file_manager.py,91,load_yaml,"with open(path, encoding='utf-8') as f:",File read detected in config/data loading path.,User/config-controlled paths need resolve()+allowed-base validation to prevent traversal or wrong-file reads.,Route all config paths through a single PathSecurityValidator before reading.,Test that '../secret.env' and absolute paths outside allowed base are rejected.,medium,f4cf65c6850beb9f
P2,security,FILE_READ_NEEDS_PATH_VALIDATION,core/file_management/file_manager.py,107,write_task,"with open(p, 'w', encoding='utf-8') as f:",File read detected in config/data loading path.,User/config-controlled paths need resolve()+allowed-base validation to prevent traversal or wrong-file reads.,Route all config paths through a single PathSecurityValidator before reading.,Test that '../secret.env' and absolute paths outside allowed base are rejected.,medium,cd93fcdf33237406
P2,security,FILE_READ_NEEDS_PATH_VALIDATION,core/file_management/file_manager.py,112,validate_task,"with open(p, encoding='utf-8') as f:",File read detected in config/data loading path.,User/config-controlled paths need resolve()+allowed-base validation to prevent traversal or wrong-file reads.,Route all config paths through a single PathSecurityValidator before reading.,Test that '../secret.env' and absolute paths outside allowed base are rejected.,medium,2e0fbf1ec260e0ff
P2,security,FILE_READ_NEEDS_PATH_VALIDATION,core/file_management/file_manager.py,131,load_json,"with open(path, encoding='utf-8') as f:",File read detected in config/data loading path.,User/config-controlled paths need resolve()+allowed-base validation to prevent traversal or wrong-file reads.,Route all config paths through a single PathSecurityValidator before reading.,Test that '../secret.env' and absolute paths outside allowed base are rejected.,medium,44b90f9fd5b68d75
P2,security,FILE_READ_NEEDS_PATH_VALIDATION,core/file_management/file_manager.py,177,validate_task,"pd.read_parquet(p, columns=[df_to_save.columns[0]])",File read detected in config/data loading path.,User/config-controlled paths need resolve()+allowed-base validation to prevent traversal or wrong-file reads.,Route all config paths through a single PathSecurityValidator before reading.,Test that '../secret.env' and absolute paths outside allowed base are rejected.,medium,72564212c5fdffe8
P2,security,FILE_READ_NEEDS_PATH_VALIDATION,core/file_management/file_manager.py,179,validate_task,"pd.read_csv(p, nrows=1)",File read detected in config/data loading path.,User/config-controlled paths need resolve()+allowed-base validation to prevent traversal or wrong-file reads.,Route all config paths through a single PathSecurityValidator before reading.,Test that '../secret.env' and absolute paths outside allowed base are rejected.,medium,3bf4ca32fa723dd2
P2,security,FILE_READ_NEEDS_PATH_VALIDATION,core/file_management/file_manager.py,181,validate_task,"pd.read_json(p, nrows=1)",File read detected in config/data loading path.,User/config-controlled paths need resolve()+allowed-base validation to prevent traversal or wrong-file reads.,Route all config paths through a single PathSecurityValidator before reading.,Test that '../secret.env' and absolute paths outside allowed base are rejected.,medium,6a9284ad30a6f77d
P2,security,FILE_READ_NEEDS_PATH_VALIDATION,core/file_management/file_manager.py,203,load_dataframe,"df = pd.read_parquet(path, **kwargs)",File read detected in config/data loading path.,User/config-controlled paths need resolve()+allowed-base validation to prevent traversal or wrong-file reads.,Route all config paths through a single PathSecurityValidator before reading.,Test that '../secret.env' and absolute paths outside allowed base are rejected.,medium,80f637fdcffcdebd
P2,security,FILE_READ_NEEDS_PATH_VALIDATION,core/file_management/file_manager.py,205,load_dataframe,"df = pd.read_csv(path, **kwargs)",File read detected in config/data loading path.,User/config-controlled paths need resolve()+allowed-base validation to prevent traversal or wrong-file reads.,Route all config paths through a single PathSecurityValidator before reading.,Test that '../secret.env' and absolute paths outside allowed base are rejected.,medium,aae90496e8c74fcb
P2,security,FILE_READ_NEEDS_PATH_VALIDATION,core/file_management/file_manager.py,207,load_dataframe,"df = pd.read_json(path, **kwargs)",File read detected in config/data loading path.,User/config-controlled paths need resolve()+allowed-base validation to prevent traversal or wrong-file reads.,Route all config paths through a single PathSecurityValidator before reading.,Test that '../secret.env' and absolute paths outside allowed base are rejected.,medium,164c648575a46171
P2,security,ENV_LOADING_REVIEW,core/security/secure_secrets_manager.py,43,,"configured_paths = config.get('security.env_search_paths', [])",.env loading/search path detected.,Loose .env search paths can load the wrong secrets; file values may override real environment unexpectedly.,Make search paths explicit per environment and keep os.environ priority unless override=True.,Test that parent/home .env is not loaded in production/test mode.,medium,79c1ab5e7e133ab8
P2,security,ENV_LOADING_REVIEW,core/security/secure_secrets_manager.py,49,,def load_dotenv(dotenv_path: str = '.env'):,.env loading/search path detected.,Loose .env search paths can load the wrong secrets; file values may override real environment unexpectedly.,Make search paths explicit per environment and keep os.environ priority unless override=True.,Test that parent/home .env is not loaded in production/test mode.,medium,f8471fa95d0beca7
P2,security,ENV_LOADING_REVIEW,core/security/secure_secrets_manager.py,51,,Manually parses a .env file and injects keys into os.environ.,.env loading/search path detected.,Loose .env search paths can load the wrong secrets; file values may override real environment unexpectedly.,Make search paths explicit per environment and keep os.environ priority unless override=True.,Test that parent/home .env is not loaded in production/test mode.,medium,19a79b212204e1af
P2,security,ENV_LOADING_REVIEW,core/security/secure_secrets_manager.py,55,,1. Specified parameter path (default: .env),.env loading/search path detected.,Loose .env search paths can load the wrong secrets; file values may override real environment unexpectedly.,Make search paths explicit per environment and keep os.environ priority unless override=True.,Test that parent/home .env is not loaded in production/test mode.,medium,297213f78ff8bfa2
P2,security,ENV_LOADING_REVIEW,core/security/secure_secrets_manager.py,67,,# Hierarchical list of potential .env locations,.env loading/search path detected.,Loose .env search paths can load the wrong secrets; file values may override real environment unexpectedly.,Make search paths explicit per environment and keep os.environ priority unless override=True.,Test that parent/home .env is not loaded in production/test mode.,medium,eedd663b12847c9f
P2,security,ENV_LOADING_REVIEW,core/security/secure_secrets_manager.py,78,,"'/content/drive/MyDrive/trading_project/.env',",.env loading/search path detected.,Loose .env search paths can load the wrong secrets; file values may override real environment unexpectedly.,Make search paths explicit per environment and keep os.environ priority unless override=True.,Test that parent/home .env is not loaded in production/test mode.,medium,e20d861f161ece38
P2,security,ENV_LOADING_REVIEW,core/security/secure_secrets_manager.py,79,,"'/content/drive/MyDrive/.env',",.env loading/search path detected.,Loose .env search paths can load the wrong secrets; file values may override real environment unexpectedly.,Make search paths explicit per environment and keep os.environ priority unless override=True.,Test that parent/home .env is not loaded in production/test mode.,medium,eac53096cab7b628
P2,security,ENV_LOADING_REVIEW,core/security/secure_secrets_manager.py,80,,"'/content/.env',",.env loading/search path detected.,Loose .env search paths can load the wrong secrets; file values may override real environment unexpectedly.,Make search paths explicit per environment and keep os.environ priority unless override=True.,Test that parent/home .env is not loaded in production/test mode.,medium,30170ca3fa3cf482
P2,security,ENV_LOADING_REVIEW,core/security/secure_secrets_manager.py,81,,"'../.env',",.env loading/search path detected.,Loose .env search paths can load the wrong secrets; file values may override real environment unexpectedly.,Make search paths explicit per environment and keep os.environ priority unless override=True.,Test that parent/home .env is not loaded in production/test mode.,medium,1de37818b322e5d6
P2,security,ENV_LOADING_REVIEW,core/security/secure_secrets_manager.py,82,,"Path.home() / '.env',",.env loading/search path detected.,Loose .env search paths can load the wrong secrets; file values may override real environment unexpectedly.,Make search paths explicit per environment and keep os.environ priority unless override=True.,Test that parent/home .env is not loaded in production/test mode.,medium,6941e5bc5fed8725
P2,security,ENV_LOADING_REVIEW,core/security/secure_secrets_manager.py,94,,"f""No .env configuration file found across search vectors: {search_paths}. Utilizing existing environment variables.""",.env loading/search path detected.,Loose .env search paths can load the wrong secrets; file values may override real environment unexpectedly.,Make search paths explicit per environment and keep os.environ priority unless override=True.,Test that parent/home .env is not loaded in production/test mode.,medium,32e8bb92663a64f7
P2,security,FILE_READ_NEEDS_PATH_VALIDATION,core/security/secure_secrets_manager.py,100,load_dotenv,"with open(found_path, encoding=""utf-8"") as f:",File read detected in config/data loading path.,User/config-controlled paths need resolve()+allowed-base validation to prevent traversal or wrong-file reads.,Route all config paths through a single PathSecurityValidator before reading.,Test that '../secret.env' and absolute paths outside allowed base are rejected.,medium,4d5a7c5eb9c8439a
P2,security,ENV_LOADING_REVIEW,core/security/secure_secrets_manager.py,112,,os.environ[key] = value,.env loading/search path detected.,Loose .env search paths can load the wrong secrets; file values may override real environment unexpectedly.,Make search paths explicit per environment and keep os.environ priority unless override=True.,Test that parent/home .env is not loaded in production/test mode.,medium,b6b3b1117bbb5a3a
P2,security,ENV_LOADING_REVIEW,core/security/secure_secrets_manager.py,133,,"def __init__(self, dotenv_path: str = "".env"", encrypted_path: str = "".env.enc""):",.env loading/search path detected.,Loose .env search paths can load the wrong secrets; file values may override real environment unexpectedly.,Make search paths explicit per environment and keep os.environ priority unless override=True.,Test that parent/home .env is not loaded in production/test mode.,medium,254f572ae0ea6fa0
P2,security,ENV_LOADING_REVIEW,core/security/secure_secrets_manager.py,137,,self.dotenv_keys = load_dotenv(dotenv_path),.env loading/search path detected.,Loose .env search paths can load the wrong secrets; file values may override real environment unexpectedly.,Make search paths explicit per environment and keep os.environ priority unless override=True.,Test that parent/home .env is not loaded in production/test mode.,medium,76963a162f936fa1
P2,security,FILE_READ_NEEDS_PATH_VALIDATION,core/security/secure_secrets_manager.py,162,_load_encrypted_secrets,"with open(path, 'rb') as f:",File read detected in config/data loading path.,User/config-controlled paths need resolve()+allowed-base validation to prevent traversal or wrong-file reads.,Route all config paths through a single PathSecurityValidator before reading.,Test that '../secret.env' and absolute paths outside allowed base are rejected.,medium,fb8a06a1c2e74de5
P2,security,ENV_LOADING_REVIEW,core/security/secure_secrets_manager.py,173,,os.environ[key] = value,.env loading/search path detected.,Loose .env search paths can load the wrong secrets; file values may override real environment unexpectedly.,Make search paths explicit per environment and keep os.environ priority unless override=True.,Test that parent/home .env is not loaded in production/test mode.,medium,27ce2634fba7c78c
P2,security,ENV_LOADING_REVIEW,core/security/secure_secrets_manager.py,182,,"def encrypt_secrets(self, secrets: dict[str, str], output_path: str = "".env.enc""):",.env loading/search path detected.,Loose .env search paths can load the wrong secrets; file values may override real environment unexpectedly.,Make search paths explicit per environment and keep os.environ priority unless override=True.,Test that parent/home .env is not loaded in production/test mode.,medium,0207868d77cb009e
P2,security,FILE_READ_NEEDS_PATH_VALIDATION,core/security/secure_secrets_manager.py,206,encrypt_secrets,"with open(output_path, 'wb') as f:",File read detected in config/data loading path.,User/config-controlled paths need resolve()+allowed-base validation to prevent traversal or wrong-file reads.,Route all config paths through a single PathSecurityValidator before reading.,Test that '../secret.env' and absolute paths outside allowed base are rejected.,medium,6a1c717ace1247e5
P2,security,ENV_LOADING_REVIEW,core/security/secure_secrets_manager.py,236,,Hierarchy: os.environ -> Local Cache.,.env loading/search path detected.,Loose .env search paths can load the wrong secrets; file values may override real environment unexpectedly.,Make search paths explicit per environment and keep os.environ priority unless override=True.,Test that parent/home .env is not loaded in production/test mode.,medium,70de20762cfb4127
P2,security,ENV_LOADING_REVIEW,core/security/secure_secrets_manager.py,270,,"for key, value in os.environ.items():",.env loading/search path detected.,Loose .env search paths can load the wrong secrets; file values may override real environment unexpectedly.,Make search paths explicit per environment and keep os.environ priority unless override=True.,Test that parent/home .env is not loaded in production/test mode.,medium,cbf146c530d453ab
P2,security,FILE_READ_NEEDS_PATH_VALIDATION,data/collectors/custom_csv_collector.py,53,_read_csv_sync,"with open(file_path, mode='r', encoding=encoding) as infile:",File read detected in config/data loading path.,User/config-controlled paths need resolve()+allowed-base validation to prevent traversal or wrong-file reads.,Route all config paths through a single PathSecurityValidator before reading.,Test that '../secret.env' and absolute paths outside allowed base are rejected.,medium,1b9f4a0333361b7a
P2,security,FILE_READ_NEEDS_PATH_VALIDATION,data/data_loader.py,40,load_data,self.features_df = pd.read_parquet(features_file),File read detected in config/data loading path.,User/config-controlled paths need resolve()+allowed-base validation to prevent traversal or wrong-file reads.,Route all config paths through a single PathSecurityValidator before reading.,Test that '../secret.env' and absolute paths outside allowed base are rejected.,medium,b032c9fac7cd90c6
P2,security,FILE_READ_NEEDS_PATH_VALIDATION,data/data_loader.py,41,load_data,self.targets_df = pd.read_parquet(targets_file),File read detected in config/data loading path.,User/config-controlled paths need resolve()+allowed-base validation to prevent traversal or wrong-file reads.,Route all config paths through a single PathSecurityValidator before reading.,Test that '../secret.env' and absolute paths outside allowed base are rejected.,medium,d83e2934f50fa45c
P2,security,FILE_READ_NEEDS_PATH_VALIDATION,data/data_loader.py,60,check_cache,"with open(cache_file, 'r') as f:",File read detected in config/data loading path.,User/config-controlled paths need resolve()+allowed-base validation to prevent traversal or wrong-file reads.,Route all config paths through a single PathSecurityValidator before reading.,Test that '../secret.env' and absolute paths outside allowed base are rejected.,medium,db506d7b4dd9ad96
P2,security,FILE_READ_NEEDS_PATH_VALIDATION,data/data_loader.py,74,save_cache_signature,"with open(cache_file, 'w') as f:",File read detected in config/data loading path.,User/config-controlled paths need resolve()+allowed-base validation to prevent traversal or wrong-file reads.,Route all config paths through a single PathSecurityValidator before reading.,Test that '../secret.env' and absolute paths outside allowed base are rejected.,medium,b2f0f4ac294be2b4
P2,security,FILE_READ_NEEDS_PATH_VALIDATION,data_sources/local_file_data_source.py,35,load,df = pd.read_csv(file_path),File read detected in config/data loading path.,User/config-controlled paths need resolve()+allowed-base validation to prevent traversal or wrong-file reads.,Route all config paths through a single PathSecurityValidator before reading.,Test that '../secret.env' and absolute paths outside allowed base are rejected.,medium,8219cd8161739857
P2,security,FILE_READ_NEEDS_PATH_VALIDATION,data_sources/local_file_data_source.py,37,load,df = pd.read_parquet(file_path),File read detected in config/data loading path.,User/config-controlled paths need resolve()+allowed-base validation to prevent traversal or wrong-file reads.,Route all config paths through a single PathSecurityValidator before reading.,Test that '../secret.env' and absolute paths outside allowed base are rejected.,medium,32d30217b6896482
P2,security,ENV_LOADING_REVIEW,integrations/data/bigquery_client.py,37,,"self.use_simulator = os.environ.get('BIGQUERY_SIMULATOR_MODE', 'false'",.env loading/search path detected.,Loose .env search paths can load the wrong secrets; file values may override real environment unexpectedly.,Make search paths explicit per environment and keep os.environ priority unless override=True.,Test that parent/home .env is not loaded in production/test mode.,medium,15da8b6f0f6400f1
P2,security,ENV_LOADING_REVIEW,integrations/data/bigquery_client.py,205,,gcp_project_id = os.environ.get('GCP_PROJECT_ID'),.env loading/search path detected.,Loose .env search paths can load the wrong secrets; file values may override real environment unexpectedly.,Make search paths explicit per environment and keep os.environ priority unless override=True.,Test that parent/home .env is not loaded in production/test mode.,medium,30253211b8d9418f
P2,security,FILE_READ_NEEDS_PATH_VALIDATION,meta_learning/security/agent_permissions.py,526,_save_audit_log,"with open(audit_file, 'w') as f:",File read detected in config/data loading path.,User/config-controlled paths need resolve()+allowed-base validation to prevent traversal or wrong-file reads.,Route all config paths through a single PathSecurityValidator before reading.,Test that '../secret.env' and absolute paths outside allowed base are rejected.,medium,0d4ba8c24553c009
P2,security,FILE_READ_NEEDS_PATH_VALIDATION,models/loader.py,218,_load_pickle,"with open(trusted_path, 'rb') as f:",File read detected in config/data loading path.,User/config-controlled paths need resolve()+allowed-base validation to prevent traversal or wrong-file reads.,Route all config paths through a single PathSecurityValidator before reading.,Test that '../secret.env' and absolute paths outside allowed base are rejected.,medium,6a250f7473ffaf1f
P2,security,ENV_LOADING_REVIEW,models/neural/base_neural.py,34,,os.environ['PYTHONHASHSEED'] = str(self.random_state),.env loading/search path detected.,Loose .env search paths can load the wrong secrets; file values may override real environment unexpectedly.,Make search paths explicit per environment and keep os.environ priority unless override=True.,Test that parent/home .env is not loaded in production/test mode.,medium,b457ba2e1b7dadb5
P2,security,FILE_READ_NEEDS_PATH_VALIDATION,monitoring/config.py,31,load_config,"with open(self.config_file, 'r', encoding='utf-8') as f:",File read detected in config/data loading path.,User/config-controlled paths need resolve()+allowed-base validation to prevent traversal or wrong-file reads.,Route all config paths through a single PathSecurityValidator before reading.,Test that '../secret.env' and absolute paths outside allowed base are rejected.,medium,242512b51c570958
P2,security,FILE_READ_NEEDS_PATH_VALIDATION,monitoring/config.py,50,save_config,"with open(self.config_file, 'w', encoding='utf-8') as f:",File read detected in config/data loading path.,User/config-controlled paths need resolve()+allowed-base validation to prevent traversal or wrong-file reads.,Route all config paths through a single PathSecurityValidator before reading.,Test that '../secret.env' and absolute paths outside allowed base are rejected.,medium,aa529cfc33600300
P2,security,ENV_LOADING_REVIEW,monitoring/config.py,175,,"create_config_file(args.create_config, args.environment)",.env loading/search path detected.,Loose .env search paths can load the wrong secrets; file values may override real environment unexpectedly.,Make search paths explicit per environment and keep os.environ priority unless override=True.,Test that parent/home .env is not loaded in production/test mode.,medium,a57a36717a29ea5c
P2,security,FILE_READ_NEEDS_PATH_VALIDATION,optimization/dynamic_config_updater.py,166,save_adjustment_log,"with open(filepath, 'w') as f:",File read detected in config/data loading path.,User/config-controlled paths need resolve()+allowed-base validation to prevent traversal or wrong-file reads.,Route all config paths through a single PathSecurityValidator before reading.,Test that '../secret.env' and absolute paths outside allowed base are rejected.,medium,f136b8cf836bb874
P2,security,FILE_READ_NEEDS_PATH_VALIDATION,pipeline/hybrid/feature_loader.py,30,load_async,"async with aiofiles.open(candidate, encoding=""utf-8"") as f:",File read detected in config/data loading path.,User/config-controlled paths need resolve()+allowed-base validation to prevent traversal or wrong-file reads.,Route all config paths through a single PathSecurityValidator before reading.,Test that '../secret.env' and absolute paths outside allowed base are rejected.,medium,a38477cfb18e62a8
P2,security,FILE_READ_NEEDS_PATH_VALIDATION,pipeline/hybrid/feature_loader.py,46,load_sync,"with open(candidate, encoding=""utf-8"") as f:",File read detected in config/data loading path.,User/config-controlled paths need resolve()+allowed-base validation to prevent traversal or wrong-file reads.,Route all config paths through a single PathSecurityValidator before reading.,Test that '../secret.env' and absolute paths outside allowed base are rejected.,medium,23d70a0f01c5dcb4
P2,security,ENV_LOADING_REVIEW,sentiment/sentiment_models.py,33,,"os.environ.setdefault('HF_HUB_DOWNLOAD_TIMEOUT', '300')  # 5 minutes",.env loading/search path detected.,Loose .env search paths can load the wrong secrets; file values may override real environment unexpectedly.,Make search paths explicit per environment and keep os.environ priority unless override=True.,Test that parent/home .env is not loaded in production/test mode.,medium,eb6aeb40e2ce3e4c
P2,security,ENV_LOADING_REVIEW,utils/artifact_security.py,43,,"raw = os.environ.get(""TRADING_TRUSTED_ARTIFACT_ROOTS"", """")",.env loading/search path detected.,Loose .env search paths can load the wrong secrets; file values may override real environment unexpectedly.,Make search paths explicit per environment and keep os.environ priority unless override=True.,Test that parent/home .env is not loaded in production/test mode.,medium,44bb18a29f0ddc33
P3,architecture,GOD_CLASS_REVIEW,algorithms/risk_parity_allocator.py,32,,class RiskParityAllocator:,Class 'RiskParityAllocator' has 35 methods.,God classes hide responsibilities and make fatal/non-fatal error policy hard to enforce.,"Before splitting, add characterization tests; then extract cohesive services by responsibility.",Test public behavior of the class before extraction.,high,e8e8bff3c5f1a79f
P3,architecture,GOD_CLASS_REVIEW,analytics/context/market_context_analyzer.py,10,,class MarketContextAnalyzer(IAnalyzer):,Class 'MarketContextAnalyzer' has 41 methods.,God classes hide responsibilities and make fatal/non-fatal error policy hard to enforce.,"Before splitting, add characterization tests; then extract cohesive services by responsibility.",Test public behavior of the class before extraction.,high,6d59651fefeebf9e
P3,architecture,GOD_CLASS_REVIEW,config/unified_config_manager.py,76,,class UnifiedConfigManager:,Class 'UnifiedConfigManager' has 37 methods.,God classes hide responsibilities and make fatal/non-fatal error policy hard to enforce.,"Before splitting, add characterization tests; then extract cohesive services by responsibility.",Test public behavior of the class before extraction.,high,77406e04372b830f
P3,architecture,GOD_CLASS_REVIEW,data/management/data_manager.py,53,,class DataManager(IDatabaseManager):,Class 'DataManager' has 30 methods.,God classes hide responsibilities and make fatal/non-fatal error policy hard to enforce.,"Before splitting, add characterization tests; then extract cohesive services by responsibility.",Test public behavior of the class before extraction.,high,2e30f876ed9004d6
P3,architecture,LONG_MODULE_REVIEW,meta_learning/memory/diary_engine.py,1,,#!/usr/bin/env python3,Long module detected: 723 non-comment LOC.,"Large modules tend to mix responsibilities, but mechanical splitting before tests is risky.","Add characterization tests first, then split by data collection/validation/features/targets/split/training/evaluation/reporting.",Characterization test should compare key outputs before and after refactor.,high,96b2bbb03e1e7fb0
P3,architecture,GOD_CLASS_REVIEW,meta_learning/memory/diary_engine.py,76,,class DiaryEngine(BaseMetaComponent):,Class 'DiaryEngine' has 31 methods.,God classes hide responsibilities and make fatal/non-fatal error policy hard to enforce.,"Before splitting, add characterization tests; then extract cohesive services by responsibility.",Test public behavior of the class before extraction.,high,1449057489bcbf82
P3,architecture,GOD_CLASS_REVIEW,meta_learning/security/constraint_engine.py,60,,class SecurityConstraintEngine:,Class 'SecurityConstraintEngine' has 29 methods.,God classes hide responsibilities and make fatal/non-fatal error policy hard to enforce.,"Before splitting, add characterization tests; then extract cohesive services by responsibility.",Test public behavior of the class before extraction.,high,e9b4b526a6f86f4b
P3,architecture,GOD_CLASS_REVIEW,optimization/portfolio/optimizer.py,29,,class PortfolioOptimizer(BaseOptimizer):,Class 'PortfolioOptimizer' has 28 methods.,God classes hide responsibilities and make fatal/non-fatal error policy hard to enforce.,"Before splitting, add characterization tests; then extract cohesive services by responsibility.",Test public behavior of the class before extraction.,high,b3c1fa171ec81d53
P3,architecture,GOD_CLASS_REVIEW,pipeline/hybrid/orchestrator_context.py,6,,class OrchestratorContext:,Class 'OrchestratorContext' has 28 methods.,God classes hide responsibilities and make fatal/non-fatal error policy hard to enforce.,"Before splitting, add characterization tests; then extract cohesive services by responsibility.",Test public behavior of the class before extraction.,high,3ea0e6bd715d9af9
P3,architecture,GOD_CLASS_REVIEW,pipeline/stages/trading/recommendation_engine.py,13,,class TradingRecommendationEngine:,Class 'TradingRecommendationEngine' has 27 methods.,God classes hide responsibilities and make fatal/non-fatal error policy hard to enforce.,"Before splitting, add characterization tests; then extract cohesive services by responsibility.",Test public behavior of the class before extraction.,high,f150746cd7ede3b9
P3,data_lineage,FEATURE_WITHOUT_LOCAL_LINEAGE_HINT,features/enrichers/advanced_analytics_enricher.py,84,,df_enriched = df.copy(),Feature/enricher code updates data without nearby lineage/availability metadata.,"Trading features need source, ticker/timeframe granularity, calculation window, and availability time.",Add feature manifest entries or emit lineage metadata from each enricher.,"Test that every emitted feature has source, window, granularity, availability_time, causal flag.",low,9feb0487c34fe196
P3,data_lineage,FEATURE_WITHOUT_LOCAL_LINEAGE_HINT,features/enrichers/advanced_analytics_enricher.py,141,,df_enriched['macro_composite_score'] = scores_df[,Feature/enricher code updates data without nearby lineage/availability metadata.,"Trading features need source, ticker/timeframe granularity, calculation window, and availability time.",Add feature manifest entries or emit lineage metadata from each enricher.,"Test that every emitted feature has source, window, granularity, availability_time, causal flag.",low,de462a83dbab7672
P3,data_lineage,FEATURE_WITHOUT_LOCAL_LINEAGE_HINT,features/enrichers/base.py,76,,"self.logger.debug(f""✅ {self.__class__.__name__} completed: {result.shape[1] - df.shape[1]} features added"")",Feature/enricher code updates data without nearby lineage/availability metadata.,"Trading features need source, ticker/timeframe granularity, calculation window, and availability time.",Add feature manifest entries or emit lineage metadata from each enricher.,"Test that every emitted feature has source, window, granularity, availability_time, causal flag.",low,d31aa1366c822a83
P3,data_lineage,FEATURE_WITHOUT_LOCAL_LINEAGE_HINT,features/enrichers/decay_features_enricher.py,63,,enriched_df = df.copy(),Feature/enricher code updates data without nearby lineage/availability metadata.,"Trading features need source, ticker/timeframe granularity, calculation window, and availability time.",Add feature manifest entries or emit lineage metadata from each enricher.,"Test that every emitted feature has source, window, granularity, availability_time, causal flag.",low,13bf691bb532c254
P3,data_lineage,FEATURE_WITHOUT_LOCAL_LINEAGE_HINT,features/enrichers/decay_features_enricher.py,113,,"enriched_df[f""{col}_decayed""] = decayed_values",Feature/enricher code updates data without nearby lineage/availability metadata.,"Trading features need source, ticker/timeframe granularity, calculation window, and availability time.",Add feature manifest entries or emit lineage metadata from each enricher.,"Test that every emitted feature has source, window, granularity, availability_time, causal flag.",low,013a0716191ffd46
P3,data_lineage,FEATURE_WITHOUT_LOCAL_LINEAGE_HINT,features/enrichers/derived_features_enricher.py,61,,df_enriched = df.copy(),Feature/enricher code updates data without nearby lineage/availability metadata.,"Trading features need source, ticker/timeframe granularity, calculation window, and availability time.",Add feature manifest entries or emit lineage metadata from each enricher.,"Test that every emitted feature has source, window, granularity, availability_time, causal flag.",low,97e957f8452e1653
P3,data_lineage,FEATURE_WITHOUT_LOCAL_LINEAGE_HINT,features/enrichers/derived_features_enricher.py,73,,"logger.info(f""Derived features enrichment complete. Added {len(df_enriched.columns) - len(df.columns)} features."")",Feature/enricher code updates data without nearby lineage/availability metadata.,"Trading features need source, ticker/timeframe granularity, calculation window, and availability time.",Add feature manifest entries or emit lineage metadata from each enricher.,"Test that every emitted feature has source, window, granularity, availability_time, causal flag.",low,69f3067c7798252b
P3,data_lineage,FEATURE_WITHOUT_LOCAL_LINEAGE_HINT,features/enrichers/hype_enricher.py,98,,"logger.error(f""No time column found in news data. Available columns: {news_df.columns.tolist()[:10]}. Skipping hype enrichment."")",Feature/enricher code updates data without nearby lineage/availability metadata.,"Trading features need source, ticker/timeframe granularity, calculation window, and availability time.",Add feature manifest entries or emit lineage metadata from each enricher.,"Test that every emitted feature has source, window, granularity, availability_time, causal flag.",low,dd2244b09268592f
P3,data_lineage,FEATURE_WITHOUT_LOCAL_LINEAGE_HINT,features/enrichers/hype_enricher.py,103,,df_enriched = df.copy(),Feature/enricher code updates data without nearby lineage/availability metadata.,"Trading features need source, ticker/timeframe granularity, calculation window, and availability time.",Add feature manifest entries or emit lineage metadata from each enricher.,"Test that every emitted feature has source, window, granularity, availability_time, causal flag.",low,165febdebf6f2b59
P3,data_lineage,FEATURE_WITHOUT_LOCAL_LINEAGE_HINT,features/enrichers/keyword_entity_enricher.py,115,,f'No time column found in news data. Available columns: {news_df.columns.tolist()[:10]}. Skipping keyword/entity enrichment.',Feature/enricher code updates data without nearby lineage/availability metadata.,"Trading features need source, ticker/timeframe granularity, calculation window, and availability time.",Add feature manifest entries or emit lineage metadata from each enricher.,"Test that every emitted feature has source, window, granularity, availability_time, causal flag.",low,9c0d1b0d38618dac
P3,data_lineage,FEATURE_WITHOUT_LOCAL_LINEAGE_HINT,features/enrichers/keyword_entity_enricher.py,180,,df_enriched = df.copy(),Feature/enricher code updates data without nearby lineage/availability metadata.,"Trading features need source, ticker/timeframe granularity, calculation window, and availability time.",Add feature manifest entries or emit lineage metadata from each enricher.,"Test that every emitted feature has source, window, granularity, availability_time, causal flag.",low,d77953f0bc0de10e
P3,data_lineage,FEATURE_WITHOUT_LOCAL_LINEAGE_HINT,features/enrichers/macro_features_enricher.py,280,,f'Macro features successfully added. Final shape: {df.shape}'),Feature/enricher code updates data without nearby lineage/availability metadata.,"Trading features need source, ticker/timeframe granularity, calculation window, and availability time.",Add feature manifest entries or emit lineage metadata from each enricher.,"Test that every emitted feature has source, window, granularity, availability_time, causal flag.",low,4dc8b9d64983bbd5
P3,data_lineage,FEATURE_WITHOUT_LOCAL_LINEAGE_HINT,features/enrichers/market_context_enricher.py,105,,result_df[col_name] = feature_value,Feature/enricher code updates data without nearby lineage/availability metadata.,"Trading features need source, ticker/timeframe granularity, calculation window, and availability time.",Add feature manifest entries or emit lineage metadata from each enricher.,"Test that every emitted feature has source, window, granularity, availability_time, causal flag.",low,7a7d1bb2c1e2b736
P3,data_lineage,FEATURE_WITHOUT_LOCAL_LINEAGE_HINT,features/enrichers/market_context_enricher.py,131,,result_df[col_name] = feature_value,Feature/enricher code updates data without nearby lineage/availability metadata.,"Trading features need source, ticker/timeframe granularity, calculation window, and availability time.",Add feature manifest entries or emit lineage metadata from each enricher.,"Test that every emitted feature has source, window, granularity, availability_time, causal flag.",low,4602869100630871
P3,data_lineage,FEATURE_WITHOUT_LOCAL_LINEAGE_HINT,features/enrichers/news_impact_enricher.py,59,,"logger.debug(f""📊 NewsImpactEnricher.enrich() called. DataFrame shape: {df.shape}"")",Feature/enricher code updates data without nearby lineage/availability metadata.,"Trading features need source, ticker/timeframe granularity, calculation window, and availability time.",Add feature manifest entries or emit lineage metadata from each enricher.,"Test that every emitted feature has source, window, granularity, availability_time, causal flag.",low,ec44969433c864a7
P3,data_lineage,FEATURE_WITHOUT_LOCAL_LINEAGE_HINT,features/enrichers/news_impact_enricher.py,96,,df_enriched = df.copy(),Feature/enricher code updates data without nearby lineage/availability metadata.,"Trading features need source, ticker/timeframe granularity, calculation window, and availability time.",Add feature manifest entries or emit lineage metadata from each enricher.,"Test that every emitted feature has source, window, granularity, availability_time, causal flag.",low,ab2ab092f928a93f
P3,data_lineage,FEATURE_WITHOUT_LOCAL_LINEAGE_HINT,features/enrichers/news_impact_enricher.py,208,,df_enriched = df.copy(),Feature/enricher code updates data without nearby lineage/availability metadata.,"Trading features need source, ticker/timeframe granularity, calculation window, and availability time.",Add feature manifest entries or emit lineage metadata from each enricher.,"Test that every emitted feature has source, window, granularity, availability_time, causal flag.",low,76f9d0953ade4422
P3,data_lineage,FEATURE_WITHOUT_LOCAL_LINEAGE_HINT,features/enrichers/news_impact_enricher.py,249,,df_enriched = df.copy(),Feature/enricher code updates data without nearby lineage/availability metadata.,"Trading features need source, ticker/timeframe granularity, calculation window, and availability time.",Add feature manifest entries or emit lineage metadata from each enricher.,"Test that every emitted feature has source, window, granularity, availability_time, causal flag.",low,da28113708864574
P3,data_lineage,FEATURE_WITHOUT_LOCAL_LINEAGE_HINT,features/enrichers/news_impact_enricher.py,304,,"logger.error(f""No time column found in news data. Available columns: {news_df.columns.tolist()[:10]}. Skipping news impact enrichment."")",Feature/enricher code updates data without nearby lineage/availability metadata.,"Trading features need source, ticker/timeframe granularity, calculation window, and availability time.",Add feature manifest entries or emit lineage metadata from each enricher.,"Test that every emitted feature has source, window, granularity, availability_time, causal flag.",low,123d7ef064f0c0cb
P3,data_lineage,FEATURE_WITHOUT_LOCAL_LINEAGE_HINT,features/enrichers/news_impact_enricher.py,361,,df_enriched = df.copy(),Feature/enricher code updates data without nearby lineage/availability metadata.,"Trading features need source, ticker/timeframe granularity, calculation window, and availability time.",Add feature manifest entries or emit lineage metadata from each enricher.,"Test that every emitted feature has source, window, granularity, availability_time, causal flag.",low,e1277977f8925ce4
P3,data_lineage,FEATURE_WITHOUT_LOCAL_LINEAGE_HINT,features/enrichers/news_quality_enricher.py,76,,"logger.error(f""No time column found in news data. Available columns: {news_df.columns.tolist()[:10]}. Skipping news quality enrichment."")",Feature/enricher code updates data without nearby lineage/availability metadata.,"Trading features need source, ticker/timeframe granularity, calculation window, and availability time.",Add feature manifest entries or emit lineage metadata from each enricher.,"Test that every emitted feature has source, window, granularity, availability_time, causal flag.",low,eefeac15a5d9285e
P3,data_lineage,FEATURE_WITHOUT_LOCAL_LINEAGE_HINT,features/enrichers/news_quality_enricher.py,131,,df_enriched = df.copy(),Feature/enricher code updates data without nearby lineage/availability metadata.,"Trading features need source, ticker/timeframe granularity, calculation window, and availability time.",Add feature manifest entries or emit lineage metadata from each enricher.,"Test that every emitted feature has source, window, granularity, availability_time, causal flag.",low,2127e07b950fedeb
P3,data_lineage,FEATURE_WITHOUT_LOCAL_LINEAGE_HINT,features/enrichers/nlp_features_enricher.py,178,,df_enriched = df.copy(),Feature/enricher code updates data without nearby lineage/availability metadata.,"Trading features need source, ticker/timeframe granularity, calculation window, and availability time.",Add feature manifest entries or emit lineage metadata from each enricher.,"Test that every emitted feature has source, window, granularity, availability_time, causal flag.",low,984cbf42b25da00b
P3,data_lineage,FEATURE_WITHOUT_LOCAL_LINEAGE_HINT,features/enrichers/sentiment_features_enricher.py,76,,"logger.info(f""Sentiment enrichment complete. Added {len(final_df.columns) - len(df.columns)} features."")",Feature/enricher code updates data without nearby lineage/availability metadata.,"Trading features need source, ticker/timeframe granularity, calculation window, and availability time.",Add feature manifest entries or emit lineage metadata from each enricher.,"Test that every emitted feature has source, window, granularity, availability_time, causal flag.",low,55d1d54db8fa210a
P3,data_lineage,FEATURE_WITHOUT_LOCAL_LINEAGE_HINT,features/enrichers/sentiment_features_enricher.py,287,,df_enriched = df.copy(),Feature/enricher code updates data without nearby lineage/availability metadata.,"Trading features need source, ticker/timeframe granularity, calculation window, and availability time.",Add feature manifest entries or emit lineage metadata from each enricher.,"Test that every emitted feature has source, window, granularity, availability_time, causal flag.",low,8407039efd95a968
P3,data_lineage,FEATURE_WITHOUT_LOCAL_LINEAGE_HINT,features/enrichers/technical_analysis_enricher.py,72,,df_enriched = df.copy(),Feature/enricher code updates data without nearby lineage/availability metadata.,"Trading features need source, ticker/timeframe granularity, calculation window, and availability time.",Add feature manifest entries or emit lineage metadata from each enricher.,"Test that every emitted feature has source, window, granularity, availability_time, causal flag.",low,353655c6e9ac4e68
P3,data_lineage,FEATURE_WITHOUT_LOCAL_LINEAGE_HINT,features/enrichers/time_features_enricher.py,49,,df_enriched = df.copy(),Feature/enricher code updates data without nearby lineage/availability metadata.,"Trading features need source, ticker/timeframe granularity, calculation window, and availability time.",Add feature manifest entries or emit lineage metadata from each enricher.,"Test that every emitted feature has source, window, granularity, availability_time, causal flag.",low,2f9e604e022e7d89
P3,data_lineage,FEATURE_WITHOUT_LOCAL_LINEAGE_HINT,features/enrichers/volatility_enricher.py,34,,df_enriched = df.copy(),Feature/enricher code updates data without nearby lineage/availability metadata.,"Trading features need source, ticker/timeframe granularity, calculation window, and availability time.",Add feature manifest entries or emit lineage metadata from each enricher.,"Test that every emitted feature has source, window, granularity, availability_time, causal flag.",low,305bdd8a1701faa6
P3,data_lineage,FEATURE_WITHOUT_LOCAL_LINEAGE_HINT,features/enrichers/volume_enricher.py,34,,df_enriched = df.copy(),Feature/enricher code updates data without nearby lineage/availability metadata.,"Trading features need source, ticker/timeframe granularity, calculation window, and availability time.",Add feature manifest entries or emit lineage metadata from each enricher.,"Test that every emitted feature has source, window, granularity, availability_time, causal flag.",low,729621b081bf5bfd
P3,data_lineage,FEATURE_WITHOUT_LOCAL_LINEAGE_HINT,features/feature_orchestrator.py,240,,"logger.info(f'🔄 Starting enrichment: {df.shape[0]} rows, {df.shape[1]} columns')",Feature/enricher code updates data without nearby lineage/availability metadata.,"Trading features need source, ticker/timeframe granularity, calculation window, and availability time.",Add feature manifest entries or emit lineage metadata from each enricher.,"Test that every emitted feature has source, window, granularity, availability_time, causal flag.",low,a0cbc8d6ef85ef15
P3,data_lineage,FEATURE_WITHOUT_LOCAL_LINEAGE_HINT,features/feature_orchestrator.py,241,,df_enriched = df.copy(),Feature/enricher code updates data without nearby lineage/availability metadata.,"Trading features need source, ticker/timeframe granularity, calculation window, and availability time.",Add feature manifest entries or emit lineage metadata from each enricher.,"Test that every emitted feature has source, window, granularity, availability_time, causal flag.",low,8ab41e5ce49146ed
P3,data_lineage,FEATURE_WITHOUT_LOCAL_LINEAGE_HINT,features/feature_orchestrator.py,286,,feature_cols = [col for col in df.columns if col not in exclude_cols],Feature/enricher code updates data without nearby lineage/availability metadata.,"Trading features need source, ticker/timeframe granularity, calculation window, and availability time.",Add feature manifest entries or emit lineage metadata from each enricher.,"Test that every emitted feature has source, window, granularity, availability_time, causal flag.",low,8c78df581658dc28
P3,data_lineage,FEATURE_WITHOUT_LOCAL_LINEAGE_HINT,features/feature_selector.py,66,,"return features_df.xs(ticker, level='ticker')",Feature/enricher code updates data without nearby lineage/availability metadata.,"Trading features need source, ticker/timeframe granularity, calculation window, and availability time.",Add feature manifest entries or emit lineage metadata from each enricher.,"Test that every emitted feature has source, window, granularity, availability_time, causal flag.",low,b4b5c89681ab99d5
P3,data_lineage,FEATURE_WITHOUT_LOCAL_LINEAGE_HINT,features/nlp/deduplication_service.py,22,,max_features (int): The maximum number of features to use for TF-IDF.,Feature/enricher code updates data without nearby lineage/availability metadata.,"Trading features need source, ticker/timeframe granularity, calculation window, and availability time.",Add feature manifest entries or emit lineage metadata from each enricher.,"Test that every emitted feature has source, window, granularity, availability_time, causal flag.",low,5e29b0710abca045
P3,data_lineage,FEATURE_WITHOUT_LOCAL_LINEAGE_HINT,features/selection/enhanced_smart_selector.py,77,,if 'context_pattern_id' in features_df.columns:,Feature/enricher code updates data without nearby lineage/availability metadata.,"Trading features need source, ticker/timeframe granularity, calculation window, and availability time.",Add feature manifest entries or emit lineage metadata from each enricher.,"Test that every emitted feature has source, window, granularity, availability_time, causal flag.",low,29931dbf77672ed7
P3,data_lineage,FEATURE_WITHOUT_LOCAL_LINEAGE_HINT,features/selection/enhanced_smart_selector.py,78,,current_pattern = features_df['context_pattern_id'].iloc[-1],Feature/enricher code updates data without nearby lineage/availability metadata.,"Trading features need source, ticker/timeframe granularity, calculation window, and availability time.",Add feature manifest entries or emit lineage metadata from each enricher.,"Test that every emitted feature has source, window, granularity, availability_time, causal flag.",low,d64605e5709d8d68
P3,data_lineage,FEATURE_WITHOUT_LOCAL_LINEAGE_HINT,features/selection/enhanced_smart_selector.py,85,,"'original_feature_count': len(features_df.columns),",Feature/enricher code updates data without nearby lineage/availability metadata.,"Trading features need source, ticker/timeframe granularity, calculation window, and availability time.",Add feature manifest entries or emit lineage metadata from each enricher.,"Test that every emitted feature has source, window, granularity, availability_time, causal flag.",low,977e1af6476ee96d
P3,data_lineage,FEATURE_WITHOUT_LOCAL_LINEAGE_HINT,features/selection/enhanced_smart_selector.py,101,,clean_features = features_df.copy(),Feature/enricher code updates data without nearby lineage/availability metadata.,"Trading features need source, ticker/timeframe granularity, calculation window, and availability time.",Add feature manifest entries or emit lineage metadata from each enricher.,"Test that every emitted feature has source, window, granularity, availability_time, causal flag.",low,269d798bff0b31e4
P3,data_lineage,FEATURE_WITHOUT_LOCAL_LINEAGE_HINT,features/selection/smart_selector.py,72,,"if set(cached_data.get(""input_features"", [])) == set(features_df.columns):",Feature/enricher code updates data without nearby lineage/availability metadata.,"Trading features need source, ticker/timeframe granularity, calculation window, and availability time.",Add feature manifest entries or emit lineage metadata from each enricher.,"Test that every emitted feature has source, window, granularity, availability_time, causal flag.",low,67410c86bd8796e3
P3,data_lineage,FEATURE_WITHOUT_LOCAL_LINEAGE_HINT,features/selection/smart_selector.py,143,,"""input_features"": features_df.columns.tolist(),",Feature/enricher code updates data without nearby lineage/availability metadata.,"Trading features need source, ticker/timeframe granularity, calculation window, and availability time.",Add feature manifest entries or emit lineage metadata from each enricher.,"Test that every emitted feature has source, window, granularity, availability_time, causal flag.",low,4ebaed136daeddea
P3,data_lineage,FEATURE_WITHOUT_LOCAL_LINEAGE_HINT,features/selection/smart_selector.py,201,,"features_clean = features_df.replace([np.inf, -np.inf], np.nan).dropna(axis=1, how='all')",Feature/enricher code updates data without nearby lineage/availability metadata.,"Trading features need source, ticker/timeframe granularity, calculation window, and availability time.",Add feature manifest entries or emit lineage metadata from each enricher.,"Test that every emitted feature has source, window, granularity, availability_time, causal flag.",low,148879acd04111bd
P3,data_lineage,FEATURE_WITHOUT_LOCAL_LINEAGE_HINT,features/selection/smart_selector.py,228,,"return features_df.apply(lambda x: x.corr(target_series, method=self.correlation_method)).abs().sort_values(ascending=False)",Feature/enricher code updates data without nearby lineage/availability metadata.,"Trading features need source, ticker/timeframe granularity, calculation window, and availability time.",Add feature manifest entries or emit lineage metadata from each enricher.,"Test that every emitted feature has source, window, granularity, availability_time, causal flag.",low,e9336b4fcc8a75e1
P3,data_lineage,FEATURE_WITHOUT_LOCAL_LINEAGE_HINT,features/selection/smart_selector.py,234,,"return pd.Series(mi, index=features_df.columns).sort_values(ascending=False)",Feature/enricher code updates data without nearby lineage/availability metadata.,"Trading features need source, ticker/timeframe granularity, calculation window, and availability time.",Add feature manifest entries or emit lineage metadata from each enricher.,"Test that every emitted feature has source, window, granularity, availability_time, causal flag.",low,49d2bf3e49ed18ea
P3,data_lineage,FEATURE_WITHOUT_LOCAL_LINEAGE_HINT,features/selection/smart_selector.py,251,,index=features_df.columns).sort_values(ascending=False),Feature/enricher code updates data without nearby lineage/availability metadata.,"Trading features need source, ticker/timeframe granularity, calculation window, and availability time.",Add feature manifest entries or emit lineage metadata from each enricher.,"Test that every emitted feature has source, window, granularity, availability_time, causal flag.",low,a7d844c7865e2281
P3,data_lineage,FEATURE_WITHOUT_LOCAL_LINEAGE_HINT,features/selection/smart_selector.py,296,,"return pd.Series(model.feature_importances_, index=features_df.columns).sort_values(ascending=False)",Feature/enricher code updates data without nearby lineage/availability metadata.,"Trading features need source, ticker/timeframe granularity, calculation window, and availability time.",Add feature manifest entries or emit lineage metadata from each enricher.,"Test that every emitted feature has source, window, granularity, availability_time, causal flag.",low,b0b8f47299b43438
P3,data_lineage,FEATURE_WITHOUT_LOCAL_LINEAGE_HINT,features/selection/smart_selector.py,304,,variances = features_df.var(),Feature/enricher code updates data without nearby lineage/availability metadata.,"Trading features need source, ticker/timeframe granularity, calculation window, and availability time.",Add feature manifest entries or emit lineage metadata from each enricher.,"Test that every emitted feature has source, window, granularity, availability_time, causal flag.",low,6832052259b711d2
P3,data_lineage,FEATURE_WITHOUT_LOCAL_LINEAGE_HINT,features/utils/datetime_utils.py,161,,result = features_df.copy(),Feature/enricher code updates data without nearby lineage/availability metadata.,"Trading features need source, ticker/timeframe granularity, calculation window, and availability time.",Add feature manifest entries or emit lineage metadata from each enricher.,"Test that every emitted feature has source, window, granularity, availability_time, causal flag.",low,5061e4faedc9a7dc
P3,data_lineage,FEATURE_WITHOUT_LOCAL_LINEAGE_HINT,features/validation/feature_leakage_guard.py,94,,feature_cols = [c for c in df.columns if c not in meta_cols],Feature/enricher code updates data without nearby lineage/availability metadata.,"Trading features need source, ticker/timeframe granularity, calculation window, and availability time.",Add feature manifest entries or emit lineage metadata from each enricher.,"Test that every emitted feature has source, window, granularity, availability_time, causal flag.",low,c7e0c8aa857ac650
P3,data_lineage,FEATURE_WITHOUT_LOCAL_LINEAGE_HINT,features/validation/feature_leakage_guard.py,145,,numeric_features = [c for c in feature_cols if c in df.columns and,Feature/enricher code updates data without nearby lineage/availability metadata.,"Trading features need source, ticker/timeframe granularity, calculation window, and availability time.",Add feature manifest entries or emit lineage metadata from each enricher.,"Test that every emitted feature has source, window, granularity, availability_time, causal flag.",low,2bfd3a40fe818aa1
P3,data_lineage,FEATURE_WITHOUT_LOCAL_LINEAGE_HINT,features/validation/feature_leakage_guard.py,151,,sample_df = df[numeric_features + numeric_targets].dropna(),Feature/enricher code updates data without nearby lineage/availability metadata.,"Trading features need source, ticker/timeframe granularity, calculation window, and availability time.",Add feature manifest entries or emit lineage metadata from each enricher.,"Test that every emitted feature has source, window, granularity, availability_time, causal flag.",low,8b2738a7a3405805
P3,data_lineage,FEATURE_WITHOUT_LOCAL_LINEAGE_HINT,features/validation/feature_leakage_guard.py,157,,corr_matrix = sample_df[numeric_features].corrwith(sample_df[,Feature/enricher code updates data without nearby lineage/availability metadata.,"Trading features need source, ticker/timeframe granularity, calculation window, and availability time.",Add feature manifest entries or emit lineage metadata from each enricher.,"Test that every emitted feature has source, window, granularity, availability_time, causal flag.",low,ec6c9d7c5cceb11f
P3,data_lineage,FEATURE_WITHOUT_LOCAL_LINEAGE_HINT,features/validation/redundancy_detector.py,64,,numeric_features = features_df.select_dtypes(include=[np.number]),Feature/enricher code updates data without nearby lineage/availability metadata.,"Trading features need source, ticker/timeframe granularity, calculation window, and availability time.",Add feature manifest entries or emit lineage metadata from each enricher.,"Test that every emitted feature has source, window, granularity, availability_time, causal flag.",low,6e064dc075d08add
P3,data_lineage,FEATURE_WITHOUT_LOCAL_LINEAGE_HINT,features/validation/redundancy_detector.py,65,,non_numeric_features = features_df.select_dtypes(exclude=[np.number]),Feature/enricher code updates data without nearby lineage/availability metadata.,"Trading features need source, ticker/timeframe granularity, calculation window, and availability time.",Add feature manifest entries or emit lineage metadata from each enricher.,"Test that every emitted feature has source, window, granularity, availability_time, causal flag.",low,4f784a023bb85cba
P3,data_lineage,FEATURE_WITHOUT_LOCAL_LINEAGE_HINT,features/validation/redundancy_detector.py,103,,"self.logger.info(f""🔍 Analyzing {len(features_df.columns)} features for redundancy"")",Feature/enricher code updates data without nearby lineage/availability metadata.,"Trading features need source, ticker/timeframe granularity, calculation window, and availability time.",Add feature manifest entries or emit lineage metadata from each enricher.,"Test that every emitted feature has source, window, granularity, availability_time, causal flag.",low,0495423b607e6ee0
P3,data_lineage,FEATURE_WITHOUT_LOCAL_LINEAGE_HINT,features/validation/redundancy_detector.py,106,,"'original_features': list(features_df.columns),",Feature/enricher code updates data without nearby lineage/availability metadata.,"Trading features need source, ticker/timeframe granularity, calculation window, and availability time.",Add feature manifest entries or emit lineage metadata from each enricher.,"Test that every emitted feature has source, window, granularity, availability_time, causal flag.",low,b1b4dad8f2652269
P3,data_lineage,FEATURE_WITHOUT_LOCAL_LINEAGE_HINT,features/validation/redundancy_detector.py,107,,"'original_count': len(features_df.columns),",Feature/enricher code updates data without nearby lineage/availability metadata.,"Trading features need source, ticker/timeframe granularity, calculation window, and availability time.",Add feature manifest entries or emit lineage metadata from each enricher.,"Test that every emitted feature has source, window, granularity, availability_time, causal flag.",low,37d857742fbce369
P3,data_lineage,FEATURE_WITHOUT_LOCAL_LINEAGE_HINT,features/validation/redundancy_detector.py,162,,"self._update_results(results, redundant_features, final_features, len(features_df.columns))",Feature/enricher code updates data without nearby lineage/availability metadata.,"Trading features need source, ticker/timeframe granularity, calculation window, and availability time.",Add feature manifest entries or emit lineage metadata from each enricher.,"Test that every emitted feature has source, window, granularity, availability_time, causal flag.",low,2bf73738ec02d53f
P3,data_lineage,FEATURE_WITHOUT_LOCAL_LINEAGE_HINT,features/validation/redundancy_detector.py,177,,'remaining_features': features_df.copy(),Feature/enricher code updates data without nearby lineage/availability metadata.,"Trading features need source, ticker/timeframe granularity, calculation window, and availability time.",Add feature manifest entries or emit lineage metadata from each enricher.,"Test that every emitted feature has source, window, granularity, availability_time, causal flag.",low,d968e39180677faa
P3,data_lineage,FEATURE_WITHOUT_LOCAL_LINEAGE_HINT,features/validation/redundancy_detector.py,182,,for feature_name in features_df.columns:,Feature/enricher code updates data without nearby lineage/availability metadata.,"Trading features need source, ticker/timeframe granularity, calculation window, and availability time.",Add feature manifest entries or emit lineage metadata from each enricher.,"Test that every emitted feature has source, window, granularity, availability_time, causal flag.",low,d1d0b01cfc8f3dc4
P3,data_lineage,FEATURE_WITHOUT_LOCAL_LINEAGE_HINT,features/validation/redundancy_detector.py,183,,feature_variance = features_df[feature_name].var(),Feature/enricher code updates data without nearby lineage/availability metadata.,"Trading features need source, ticker/timeframe granularity, calculation window, and availability time.",Add feature manifest entries or emit lineage metadata from each enricher.,"Test that every emitted feature has source, window, granularity, availability_time, causal flag.",low,34a95d0ffd2acc00
P3,data_lineage,FEATURE_WITHOUT_LOCAL_LINEAGE_HINT,features/validation/redundancy_detector.py,208,,correlation_matrix = features_df.corr().abs(),Feature/enricher code updates data without nearby lineage/availability metadata.,"Trading features need source, ticker/timeframe granularity, calculation window, and availability time.",Add feature manifest entries or emit lineage metadata from each enricher.,"Test that every emitted feature has source, window, granularity, availability_time, causal flag.",low,f21aac73ca312770
P3,data_lineage,FEATURE_WITHOUT_LOCAL_LINEAGE_HINT,features/validation/redundancy_detector.py,227,,"for feature_name, cluster_id in zip(features_df.columns, cluster_labels):",Feature/enricher code updates data without nearby lineage/availability metadata.,"Trading features need source, ticker/timeframe granularity, calculation window, and availability time.",Add feature manifest entries or emit lineage metadata from each enricher.,"Test that every emitted feature has source, window, granularity, availability_time, causal flag.",low,aac6594a5ed882ad
P3,data_lineage,FEATURE_WITHOUT_LOCAL_LINEAGE_HINT,features/validation/redundancy_detector.py,276,,X = features_df.copy(),Feature/enricher code updates data without nearby lineage/availability metadata.,"Trading features need source, ticker/timeframe granularity, calculation window, and availability time.",Add feature manifest entries or emit lineage metadata from each enricher.,"Test that every emitted feature has source, window, granularity, availability_time, causal flag.",low,8077238c1cfba1ac
P3,data_lineage,FEATURE_WITHOUT_LOCAL_LINEAGE_HINT,features/validation/redundancy_detector.py,328,,"'selected_features': features_df.copy(),",Feature/enricher code updates data without nearby lineage/availability metadata.,"Trading features need source, ticker/timeframe granularity, calculation window, and availability time.",Add feature manifest entries or emit lineage metadata from each enricher.,"Test that every emitted feature has source, window, granularity, availability_time, causal flag.",low,fbc4818b8b382c86
P3,data_lineage,FEATURE_WITHOUT_LOCAL_LINEAGE_HINT,features/validation/redundancy_detector.py,334,,features_to_keep = set(features_df.columns),Feature/enricher code updates data without nearby lineage/availability metadata.,"Trading features need source, ticker/timeframe granularity, calculation window, and availability time.",Add feature manifest entries or emit lineage metadata from each enricher.,"Test that every emitted feature has source, window, granularity, availability_time, causal flag.",low,f52f13ca63b7d574
P3,data_lineage,FEATURE_WITHOUT_LOCAL_LINEAGE_HINT,features/validation/redundancy_detector.py,343,,"features_df[group_features], group_features",Feature/enricher code updates data without nearby lineage/availability metadata.,"Trading features need source, ticker/timeframe granularity, calculation window, and availability time.",Add feature manifest entries or emit lineage metadata from each enricher.,"Test that every emitted feature has source, window, granularity, availability_time, causal flag.",low,94831a5ef26569dc
P3,data_lineage,FEATURE_WITHOUT_LOCAL_LINEAGE_HINT,features/validation/redundancy_detector.py,387,,final_features = features_df[list(features_to_keep)].copy(),Feature/enricher code updates data without nearby lineage/availability metadata.,"Trading features need source, ticker/timeframe granularity, calculation window, and availability time.",Add feature manifest entries or emit lineage metadata from each enricher.,"Test that every emitted feature has source, window, granularity, availability_time, causal flag.",low,e3bbed20d8614b7f
P3,data_lineage,FEATURE_WITHOUT_LOCAL_LINEAGE_HINT,targets/calculators/indicator_prediction_calculator.py,23,,if indicator_col not in df.columns:,Feature/enricher code updates data without nearby lineage/availability metadata.,"Trading features need source, ticker/timeframe granularity, calculation window, and availability time.",Add feature manifest entries or emit lineage metadata from each enricher.,"Test that every emitted feature has source, window, granularity, availability_time, causal flag.",low,9db14dc176c8edfc
P3,data_lineage,FEATURE_WITHOUT_LOCAL_LINEAGE_HINT,targets/calculators/indicator_prediction_calculator.py,27,,target_series = df[indicator_col].shift(shift),Feature/enricher code updates data without nearby lineage/availability metadata.,"Trading features need source, ticker/timeframe granularity, calculation window, and availability time.",Add feature manifest entries or emit lineage metadata from each enricher.,"Test that every emitted feature has source, window, granularity, availability_time, causal flag.",low,a46fb495795931f0
P3,determinism,NON_INJECTED_CLOCK,analytics/analyzers/hedge_fund_analyzer.py,71,,datetime.now().isoformat()},Direct current-time call detected.,Runtime and tests become nondeterministic; relative dates can drift.,Inject a clock/reference_now parameter or central time provider.,Freeze clock in tests and assert stable outputs.,medium,808a8a6d743b6552
P3,determinism,NON_INJECTED_CLOCK,analytics/analyzers/hedge_fund_analyzer.py,119,,min_idx = pd.Timestamp.now() - pd.Timedelta(days=365),Direct current-time call detected.,Runtime and tests become nondeterministic; relative dates can drift.,Inject a clock/reference_now parameter or central time provider.,Freeze clock in tests and assert stable outputs.,medium,5d4423d01926d7c1
P3,determinism,NON_INJECTED_CLOCK,analytics/analyzers/hedge_fund_analyzer.py,124,,max_idx = pd.Timestamp.now(),Direct current-time call detected.,Runtime and tests become nondeterministic; relative dates can drift.,Inject a clock/reference_now parameter or central time provider.,Freeze clock in tests and assert stable outputs.,medium,c6a60be47474bcde
P3,determinism,NON_INJECTED_CLOCK,analytics/analyzers/performance_attribution_analyzer.py,82,,'analysis_timestamp': datetime.now().isoformat()},Direct current-time call detected.,Runtime and tests become nondeterministic; relative dates can drift.,Inject a clock/reference_now parameter or central time provider.,Freeze clock in tests and assert stable outputs.,medium,f2f3b83a395a2b27
P3,determinism,NON_INJECTED_CLOCK,analytics/analyzers/performance_attribution_analyzer.py,262,,f'{datetime.now().year}-01-01'),Direct current-time call detected.,Runtime and tests become nondeterministic; relative dates can drift.,Inject a clock/reference_now parameter or central time provider.,Freeze clock in tests and assert stable outputs.,medium,a2e7548142eac687
P3,determinism,NON_INJECTED_CLOCK,analytics/analyzers/risk_decomposition_analyzer.py,99,,'analysis_timestamp': datetime.now().isoformat()},Direct current-time call detected.,Runtime and tests become nondeterministic; relative dates can drift.,Inject a clock/reference_now parameter or central time provider.,Freeze clock in tests and assert stable outputs.,medium,8dbbea6c12ad1add
P3,determinism,NON_INJECTED_CLOCK,analytics/arena/arena_battle.py,95,,"model_type, 'registered_at': datetime.now(), 'activations':",Direct current-time call detected.,Runtime and tests become nondeterministic; relative dates can drift.,Inject a clock/reference_now parameter or central time provider.,Freeze clock in tests and assert stable outputs.,medium,bb3ef13a5c669ea7
P3,determinism,NON_INJECTED_CLOCK,analytics/arena/arena_battle.py,351,,battle.end_time = datetime.now(),Direct current-time call detected.,Runtime and tests become nondeterministic; relative dates can drift.,Inject a clock/reference_now parameter or central time provider.,Freeze clock in tests and assert stable outputs.,medium,82ea4bc38a5a3f12
P3,determinism,NON_INJECTED_CLOCK,analytics/arena/arena_battle.py,365,,'timestamp': datetime.now().isoformat()},Direct current-time call detected.,Runtime and tests become nondeterministic; relative dates can drift.,Inject a clock/reference_now parameter or central time provider.,Freeze clock in tests and assert stable outputs.,medium,c019d020c14bbb73
P3,determinism,NON_INJECTED_CLOCK,analytics/arena/arena_battle.py,462,,"return {'leaderboard': leaderboard, 'last_updated': datetime.now().",Direct current-time call detected.,Runtime and tests become nondeterministic; relative dates can drift.,Inject a clock/reference_now parameter or central time provider.,Freeze clock in tests and assert stable outputs.,medium,dad0326072fe08f5
P3,determinism,NON_INJECTED_CLOCK,analytics/arena/ensemble_performance_bridge.py,41,,elapsed = (datetime.now() - self._last_sync).total_seconds(),Direct current-time call detected.,Runtime and tests become nondeterministic; relative dates can drift.,Inject a clock/reference_now parameter or central time provider.,Freeze clock in tests and assert stable outputs.,medium,f891b5066e330b27
P3,determinism,NON_INJECTED_CLOCK,analytics/arena/ensemble_performance_bridge.py,53,,"""sync_time"": datetime.now().isoformat(),",Direct current-time call detected.,Runtime and tests become nondeterministic; relative dates can drift.,Inject a clock/reference_now parameter or central time provider.,Freeze clock in tests and assert stable outputs.,medium,61261647895f7281
P3,determinism,NON_INJECTED_CLOCK,analytics/arena/ensemble_performance_bridge.py,57,,self._last_sync = datetime.now(),Direct current-time call detected.,Runtime and tests become nondeterministic; relative dates can drift.,Inject a clock/reference_now parameter or central time provider.,Freeze clock in tests and assert stable outputs.,medium,ca664421d582b548
P3,determinism,NON_INJECTED_CLOCK,analytics/arena/ensemble_performance_bridge.py,89,,"""last_updated"": datetime.now().isoformat(),",Direct current-time call detected.,Runtime and tests become nondeterministic; relative dates can drift.,Inject a clock/reference_now parameter or central time provider.,Freeze clock in tests and assert stable outputs.,medium,582f64fe27902b03
P3,determinism,NON_INJECTED_CLOCK,analytics/arena/ensemble_performance_bridge.py,105,,"""timestamp"": getattr(m, ""timestamp"", datetime.now()),",Direct current-time call detected.,Runtime and tests become nondeterministic; relative dates can drift.,Inject a clock/reference_now parameter or central time provider.,Freeze clock in tests and assert stable outputs.,medium,55d8ec6a80734a51
P3,determinism,NON_INJECTED_CLOCK,analytics/arena/ensemble_performance_bridge.py,133,,"""last_updated"": m.get(""timestamp"", datetime.now()),",Direct current-time call detected.,Runtime and tests become nondeterministic; relative dates can drift.,Inject a clock/reference_now parameter or central time provider.,Freeze clock in tests and assert stable outputs.,medium,54fb27e467ba9bc9
P3,determinism,NON_INJECTED_CLOCK,analytics/arena/performance_tracker.py,110,,'timestamp': datetime.now().isoformat()}),Direct current-time call detected.,Runtime and tests become nondeterministic; relative dates can drift.,Inject a clock/reference_now parameter or central time provider.,Freeze clock in tests and assert stable outputs.,medium,bb835274d91e41a7
P3,determinism,NON_INJECTED_CLOCK,analytics/arena/performance_tracker.py,127,,"timestamp=datetime.now(), accuracy=metrics.get('accuracy',",Direct current-time call detected.,Runtime and tests become nondeterministic; relative dates can drift.,Inject a clock/reference_now parameter or central time provider.,Freeze clock in tests and assert stable outputs.,medium,e2e9041dc26afcab
P3,determinism,NON_INJECTED_CLOCK,analytics/arena/performance_tracker.py,144,,stats['last_battle'] = datetime.now(),Direct current-time call detected.,Runtime and tests become nondeterministic; relative dates can drift.,Inject a clock/reference_now parameter or central time provider.,Freeze clock in tests and assert stable outputs.,medium,90653558b4425a76
P3,determinism,NON_INJECTED_CLOCK,analytics/arena/performance_tracker.py,225,,"=float(avg_win_rate), last_updated=datetime.now())",Direct current-time call detected.,Runtime and tests become nondeterministic; relative dates can drift.,Inject a clock/reference_now parameter or central time provider.,Freeze clock in tests and assert stable outputs.,medium,a5b5386379ca0c28
P3,determinism,NON_INJECTED_CLOCK,analytics/arena/performance_tracker.py,247,,cutoff_date = datetime.now() - timedelta(days=days),Direct current-time call detected.,Runtime and tests become nondeterministic; relative dates can drift.,Inject a clock/reference_now parameter or central time provider.,Freeze clock in tests and assert stable outputs.,medium,7d39183b90022acc
P3,determinism,NON_INJECTED_CLOCK,analytics/arena/performance_tracker.py,360,,'last_updated': datetime.now().isoformat()},Direct current-time call detected.,Runtime and tests become nondeterministic; relative dates can drift.,Inject a clock/reference_now parameter or central time provider.,Freeze clock in tests and assert stable outputs.,medium,05144ee5c1d72d5b
P3,determinism,NON_INJECTED_CLOCK,analytics/calculators/fama_french_factors.py,101,,if self.last_cache_time and (datetime.now() - self.last_cache_time) < self.cache_expiry:,Direct current-time call detected.,Runtime and tests become nondeterministic; relative dates can drift.,Inject a clock/reference_now parameter or central time provider.,Freeze clock in tests and assert stable outputs.,medium,0a2997d79f8a7215
P3,determinism,NON_INJECTED_CLOCK,analytics/calculators/fama_french_factors.py,145,,self.last_cache_time = datetime.now(),Direct current-time call detected.,Runtime and tests become nondeterministic; relative dates can drift.,Inject a clock/reference_now parameter or central time provider.,Freeze clock in tests and assert stable outputs.,medium,37d0c47ba24de4b5
P3,determinism,NON_INJECTED_CLOCK,analytics/calculators/fama_french_factors.py,190,,if self.last_cache_time and (datetime.now() - self.last_cache_time) < self.cache_expiry:,Direct current-time call detected.,Runtime and tests become nondeterministic; relative dates can drift.,Inject a clock/reference_now parameter or central time provider.,Freeze clock in tests and assert stable outputs.,medium,51789feacee99281
P3,determinism,NON_INJECTED_CLOCK,analytics/calculators/fama_french_factors.py,224,,self.last_cache_time = datetime.now(),Direct current-time call detected.,Runtime and tests become nondeterministic; relative dates can drift.,Inject a clock/reference_now parameter or central time provider.,Freeze clock in tests and assert stable outputs.,medium,d521e5ff61f815e0
P3,determinism,NON_INJECTED_CLOCK,analytics/context/ensemble_selector.py,99,,"""selection_time"": datetime.now(),",Direct current-time call detected.,Runtime and tests become nondeterministic; relative dates can drift.,Inject a clock/reference_now parameter or central time provider.,Freeze clock in tests and assert stable outputs.,medium,59de62a2ebbb4776
P3,determinism,NON_INJECTED_CLOCK,analytics/context/market_context_analyzer.py,190,,) else datetime.now().hour,Direct current-time call detected.,Runtime and tests become nondeterministic; relative dates can drift.,Inject a clock/reference_now parameter or central time provider.,Freeze clock in tests and assert stable outputs.,medium,f12438f95691ff25
P3,determinism,NON_INJECTED_CLOCK,analytics/context/market_context_analyzer.py,194,,) else datetime.now().weekday(),Direct current-time call detected.,Runtime and tests become nondeterministic; relative dates can drift.,Inject a clock/reference_now parameter or central time provider.,Freeze clock in tests and assert stable outputs.,medium,f8eaa8f5ec744a66
P3,determinism,NON_INJECTED_CLOCK,analytics/data_managers/model_results_manager.py,52,,df_to_save['ingestion_timestamp'] = datetime.now(),Direct current-time call detected.,Runtime and tests become nondeterministic; relative dates can drift.,Inject a clock/reference_now parameter or central time provider.,Freeze clock in tests and assert stable outputs.,medium,5a5bd37a240226bd
P3,determinism,NON_INJECTED_CLOCK,analytics/reporting/automated_reports.py,30,,"filename = f""daily_{datetime.now().strftime('%Y%m%d')}.json""",Direct current-time call detected.,Runtime and tests become nondeterministic; relative dates can drift.,Inject a clock/reference_now parameter or central time provider.,Freeze clock in tests and assert stable outputs.,medium,f494e9219b3b4477
P3,determinism,NON_INJECTED_CLOCK,analytics/reporting/automated_reports.py,44,,"""date"": datetime.now().strftime(""%Y-%m-%d""),",Direct current-time call detected.,Runtime and tests become nondeterministic; relative dates can drift.,Inject a clock/reference_now parameter or central time provider.,Freeze clock in tests and assert stable outputs.,medium,5379a806a5a8afd0
P3,determinism,NON_INJECTED_CLOCK,analytics/reporting/automated_reports.py,79,,"""timestamp"": datetime.now().isoformat(),",Direct current-time call detected.,Runtime and tests become nondeterministic; relative dates can drift.,Inject a clock/reference_now parameter or central time provider.,Freeze clock in tests and assert stable outputs.,medium,560fed536d773876
P3,determinism,NON_INJECTED_CLOCK,analytics/reporting/automated_reports.py,87,,"filename = f""trends_{datetime.now().strftime('%Y%m%d')}.json""",Direct current-time call detected.,Runtime and tests become nondeterministic; relative dates can drift.,Inject a clock/reference_now parameter or central time provider.,Freeze clock in tests and assert stable outputs.,medium,9dd952dcb1b2d572
P3,determinism,NON_INJECTED_CLOCK,analytics/reporting/model_analyzer.py,63,,"""timestamp"": datetime.now().isoformat(),",Direct current-time call detected.,Runtime and tests become nondeterministic; relative dates can drift.,Inject a clock/reference_now parameter or central time provider.,Freeze clock in tests and assert stable outputs.,medium,6267016a340c94b0
P3,determinism,NON_INJECTED_CLOCK,analytics/reporting/model_analyzer.py,149,,"file_path = self.report_dir / f""{report_name}_{datetime.now().strftime('%Y%m%d_%H%M')}.json""",Direct current-time call detected.,Runtime and tests become nondeterministic; relative dates can drift.,Inject a clock/reference_now parameter or central time provider.,Freeze clock in tests and assert stable outputs.,medium,f919ffa564385e1f
P3,determinism,NON_INJECTED_CLOCK,analytics/reporting/results_manager.py,43,,"timestamp = datetime.now().strftime(""%Y%m%d_%H%M%S"")",Direct current-time call detected.,Runtime and tests become nondeterministic; relative dates can drift.,Inject a clock/reference_now parameter or central time provider.,Freeze clock in tests and assert stable outputs.,medium,39cf00b346164830
P3,determinism,NON_INJECTED_CLOCK,analytics/signals/signal_analytics.py,225,,"'analysis_timestamp': datetime.now().isoformat(),",Direct current-time call detected.,Runtime and tests become nondeterministic; relative dates can drift.,Inject a clock/reference_now parameter or central time provider.,Freeze clock in tests and assert stable outputs.,medium,9e034492b1509074
P3,determinism,NON_INJECTED_CLOCK,backtesting/advanced/advanced_engine.py,268,,"report: dict[str, Any] = {'timestamp': datetime.now().isoformat",Direct current-time call detected.,Runtime and tests become nondeterministic; relative dates can drift.,Inject a clock/reference_now parameter or central time provider.,Freeze clock in tests and assert stable outputs.,medium,86b52156a2216fa7
P3,determinism,NON_INJECTED_CLOCK,calibration/adaptive_confidence_calibrator.py,117,,"self.calibration_history.append({'timestamp': datetime.now(),",Direct current-time call detected.,Runtime and tests become nondeterministic; relative dates can drift.,Inject a clock/reference_now parameter or central time provider.,Freeze clock in tests and assert stable outputs.,medium,63298bebed412683
P3,determinism,NON_INJECTED_CLOCK,calibration/adaptive_confidence_calibrator.py,141,,now = datetime.now(),Direct current-time call detected.,Runtime and tests become nondeterministic; relative dates can drift.,Inject a clock/reference_now parameter or central time provider.,Freeze clock in tests and assert stable outputs.,medium,57544dee95d3cd19
P3,determinism,NON_INJECTED_CLOCK,calibration/adaptive_confidence_calibrator.py,190,,self.last_retrain_time = datetime.now(),Direct current-time call detected.,Runtime and tests become nondeterministic; relative dates can drift.,Inject a clock/reference_now parameter or central time provider.,Freeze clock in tests and assert stable outputs.,medium,304d08e499463179
P3,determinism,NON_INJECTED_CLOCK,colab/memory/memory_monitor.py,17,,self.start_time = datetime.now(),Direct current-time call detected.,Runtime and tests become nondeterministic; relative dates can drift.,Inject a clock/reference_now parameter or central time provider.,Freeze clock in tests and assert stable outputs.,medium,38d5f9255ee81752
P3,determinism,NON_INJECTED_CLOCK,colab/memory/memory_monitor.py,38,,timestamp = datetime.now().isoformat(),Direct current-time call detected.,Runtime and tests become nondeterministic; relative dates can drift.,Inject a clock/reference_now parameter or central time provider.,Freeze clock in tests and assert stable outputs.,medium,74cce350f0755d76
P3,determinism,NON_INJECTED_CLOCK,core/base_integration.py,44,,"""last_check"": datetime.now().isoformat(),",Direct current-time call detected.,Runtime and tests become nondeterministic; relative dates can drift.,Inject a clock/reference_now parameter or central time provider.,Freeze clock in tests and assert stable outputs.,medium,9d65b39b69932ef7
P3,determinism,NON_INJECTED_CLOCK,core/error_handling/error_handler.py,134,,"error_info = {'timestamp': datetime.now().isoformat(), 'error_type':",Direct current-time call detected.,Runtime and tests become nondeterministic; relative dates can drift.,Inject a clock/reference_now parameter or central time provider.,Freeze clock in tests and assert stable outputs.,medium,766a931850e3653f
P3,determinism,NON_INJECTED_CLOCK,core/error_handling/error_handler.py,150,,now = datetime.now(),Direct current-time call detected.,Runtime and tests become nondeterministic; relative dates can drift.,Inject a clock/reference_now parameter or central time provider.,Freeze clock in tests and assert stable outputs.,medium,3e4f1e702a1d7abf
P3,determinism,NON_INJECTED_CLOCK,core/error_handling/error_handler.py,248,,start_time = datetime.now(),Direct current-time call detected.,Runtime and tests become nondeterministic; relative dates can drift.,Inject a clock/reference_now parameter or central time provider.,Freeze clock in tests and assert stable outputs.,medium,587d2cbfe57525cf
P3,determinism,NON_INJECTED_CLOCK,core/error_handling/error_handler.py,251,,duration = datetime.now() - start_time,Direct current-time call detected.,Runtime and tests become nondeterministic; relative dates can drift.,Inject a clock/reference_now parameter or central time provider.,Freeze clock in tests and assert stable outputs.,medium,de5df9cac46b0871
P3,determinism,NON_INJECTED_CLOCK,core/error_handling/error_handler.py,255,,duration = datetime.now() - start_time,Direct current-time call detected.,Runtime and tests become nondeterministic; relative dates can drift.,Inject a clock/reference_now parameter or central time provider.,Freeze clock in tests and assert stable outputs.,medium,7b434d65efb7e530
P3,determinism,NON_INJECTED_CLOCK,core/error_handling/error_handler.py,326,,self.start_time = datetime.now(),Direct current-time call detected.,Runtime and tests become nondeterministic; relative dates can drift.,Inject a clock/reference_now parameter or central time provider.,Freeze clock in tests and assert stable outputs.,medium,f9862360374e6c2d
P3,determinism,NON_INJECTED_CLOCK,core/error_handling/error_handler.py,333,,duration = datetime.now() - self.start_time,Direct current-time call detected.,Runtime and tests become nondeterministic; relative dates can drift.,Inject a clock/reference_now parameter or central time provider.,Freeze clock in tests and assert stable outputs.,medium,ffd1f650e795f772
P3,determinism,NON_INJECTED_CLOCK,core/logging/logger.py,156,,timestamp = datetime.now().isoformat(),Direct current-time call detected.,Runtime and tests become nondeterministic; relative dates can drift.,Inject a clock/reference_now parameter or central time provider.,Freeze clock in tests and assert stable outputs.,medium,159a741f1930fa8e
P3,determinism,NON_INJECTED_CLOCK,core/logging/logger.py,187,,"structured_data = {'message': message, 'timestamp': datetime.now().",Direct current-time call detected.,Runtime and tests become nondeterministic; relative dates can drift.,Inject a clock/reference_now parameter or central time provider.,Freeze clock in tests and assert stable outputs.,medium,f716be500fdeea2c
P3,determinism,NON_INJECTED_CLOCK,core/system/archive_manager.py,32,,"timestamp = datetime.now().strftime(""%Y%m%d_%H%M%S"")",Direct current-time call detected.,Runtime and tests become nondeterministic; relative dates can drift.,Inject a clock/reference_now parameter or central time provider.,Freeze clock in tests and assert stable outputs.,medium,5e251467e065fa5f
P3,determinism,NON_INJECTED_CLOCK,core/system/batch_processor.py,232,,timestamp = datetime.now().strftime('%Y%m%d_%H%M%S'),Direct current-time call detected.,Runtime and tests become nondeterministic; relative dates can drift.,Inject a clock/reference_now parameter or central time provider.,Freeze clock in tests and assert stable outputs.,medium,b0743ca6238a6d08
P3,determinism,NON_INJECTED_CLOCK,core/system/version_manager.py,116,,"timestamp = datetime.now().strftime(""%Y%m%d_%H%M"")",Direct current-time call detected.,Runtime and tests become nondeterministic; relative dates can drift.,Inject a clock/reference_now parameter or central time provider.,Freeze clock in tests and assert stable outputs.,medium,2115304a4c10ff6b
P3,determinism,NON_INJECTED_CLOCK,core/system/version_manager.py,124,,"run_id = f""run_{datetime.now().strftime('%Y%m%d_%H%M%S')}""",Direct current-time call detected.,Runtime and tests become nondeterministic; relative dates can drift.,Inject a clock/reference_now parameter or central time provider.,Freeze clock in tests and assert stable outputs.,medium,a098fd0ac9b755e2
P3,determinism,NON_INJECTED_CLOCK,core/system/version_manager.py,181,,"date=datetime.now().strftime(""%Y-%m-%d""),",Direct current-time call detected.,Runtime and tests become nondeterministic; relative dates can drift.,Inject a clock/reference_now parameter or central time provider.,Freeze clock in tests and assert stable outputs.,medium,e331316955d3e511
P3,determinism,NON_INJECTED_CLOCK,core/validation/validators.py,109,,timestamp: datetime = Field(default_factory=datetime.now),Direct current-time call detected.,Runtime and tests become nondeterministic; relative dates can drift.,Inject a clock/reference_now parameter or central time provider.,Freeze clock in tests and assert stable outputs.,medium,f294c819f8e8d904
P3,determinism,NON_INJECTED_CLOCK,core/validation/validators.py,127,,timestamp: datetime = Field(default_factory=datetime.now),Direct current-time call detected.,Runtime and tests become nondeterministic; relative dates can drift.,Inject a clock/reference_now parameter or central time provider.,Freeze clock in tests and assert stable outputs.,medium,738b0fa179a7bdd6
P3,determinism,NON_INJECTED_CLOCK,data/collectors/aaii_sentiment_collector.py,56,,df['collected_at'] = datetime.now(),Direct current-time call detected.,Runtime and tests become nondeterministic; relative dates can drift.,Inject a clock/reference_now parameter or central time provider.,Freeze clock in tests and assert stable outputs.,medium,1ef465bda638a7ad
P3,determinism,NON_INJECTED_CLOCK,data/collectors/alternative_me_collector.py,129,,date = datetime.now().strftime('%Y-%m-%d'),Direct current-time call detected.,Runtime and tests become nondeterministic; relative dates can drift.,Inject a clock/reference_now parameter or central time provider.,Freeze clock in tests and assert stable outputs.,medium,ab26517d045c80c3
P3,determinism,NON_INJECTED_CLOCK,data/collectors/alternative_me_collector.py,134,,"'timestamp': datetime.fromtimestamp(timestamp).isoformat() if timestamp > 0 else datetime.now().isoformat(),",Direct current-time call detected.,Runtime and tests become nondeterministic; relative dates can drift.,Inject a clock/reference_now parameter or central time provider.,Freeze clock in tests and assert stable outputs.,medium,126a6042b908f24d
P3,determinism,NON_INJECTED_CLOCK,data/collectors/cftc_collector.py,73,,df['collected_at'] = datetime.now(),Direct current-time call detected.,Runtime and tests become nondeterministic; relative dates can drift.,Inject a clock/reference_now parameter or central time provider.,Freeze clock in tests and assert stable outputs.,medium,6eef105791341be2
P3,determinism,NON_INJECTED_CLOCK,data/collectors/cftc_collector.py,233,,base_date = datetime.now() - timedelta(days=140),Direct current-time call detected.,Runtime and tests become nondeterministic; relative dates can drift.,Inject a clock/reference_now parameter or central time provider.,Freeze clock in tests and assert stable outputs.,medium,45fbe422208b61ac
P3,determinism,NON_INJECTED_CLOCK,data/collectors/economic_calendar_collector.py,108,,start = datetime.now() - timedelta(days=days_back),Direct current-time call detected.,Runtime and tests become nondeterministic; relative dates can drift.,Inject a clock/reference_now parameter or central time provider.,Freeze clock in tests and assert stable outputs.,medium,76dc67ff8e775962
P3,determinism,NON_INJECTED_CLOCK,data/collectors/economic_calendar_collector.py,109,,end = datetime.now() + timedelta(days=days_ahead),Direct current-time call detected.,Runtime and tests become nondeterministic; relative dates can drift.,Inject a clock/reference_now parameter or central time provider.,Freeze clock in tests and assert stable outputs.,medium,5160b6090047482d
P3,determinism,NON_INJECTED_CLOCK,data/collectors/fear_greed_collector.py,56,,df['collected_at'] = datetime.now(),Direct current-time call detected.,Runtime and tests become nondeterministic; relative dates can drift.,Inject a clock/reference_now parameter or central time provider.,Freeze clock in tests and assert stable outputs.,medium,94f5e09410af8b9d
P3,determinism,NON_INJECTED_CLOCK,data/collectors/fred_collector.py,28,,return (datetime.now() - timedelta(days=years * 365)).strftime('%Y-%m-%d'),Direct current-time call detected.,Runtime and tests become nondeterministic; relative dates can drift.,Inject a clock/reference_now parameter or central time provider.,Freeze clock in tests and assert stable outputs.,medium,b088f8a79a94844a
P3,determinism,NON_INJECTED_CLOCK,data/collectors/fred_collector.py,31,,return (datetime.now() - timedelta(days=days)).strftime('%Y-%m-%d'),Direct current-time call detected.,Runtime and tests become nondeterministic; relative dates can drift.,Inject a clock/reference_now parameter or central time provider.,Freeze clock in tests and assert stable outputs.,medium,33b66a298968dd28
P3,determinism,NON_INJECTED_CLOCK,data/collectors/fred_collector.py,34,,return (datetime.now() - timedelta(days=365)).strftime('%Y-%m-%d'),Direct current-time call detected.,Runtime and tests become nondeterministic; relative dates can drift.,Inject a clock/reference_now parameter or central time provider.,Freeze clock in tests and assert stable outputs.,medium,2350d7e807313961
P3,determinism,NON_INJECTED_CLOCK,data/collectors/put_call_ratio_collector.py,65,,df['collected_at'] = datetime.now(),Direct current-time call detected.,Runtime and tests become nondeterministic; relative dates can drift.,Inject a clock/reference_now parameter or central time provider.,Freeze clock in tests and assert stable outputs.,medium,9c3382d804e9e44c
P3,determinism,NON_INJECTED_CLOCK,data/collectors/put_call_ratio_collector.py,115,,base_date = datetime.now() - timedelta(days=60),Direct current-time call detected.,Runtime and tests become nondeterministic; relative dates can drift.,Inject a clock/reference_now parameter or central time provider.,Freeze clock in tests and assert stable outputs.,medium,f940c8a737357138
P3,determinism,NON_INJECTED_CLOCK,data/collectors/put_call_ratio_collector.py,154,,"'date': datetime.now().strftime('%Y-%m-%d'),",Direct current-time call detected.,Runtime and tests become nondeterministic; relative dates can drift.,Inject a clock/reference_now parameter or central time provider.,Freeze clock in tests and assert stable outputs.,medium,97c2394d235091c0
P3,determinism,NON_INJECTED_CLOCK,data/collectors/put_call_ratio_collector.py,160,,'timestamp': datetime.now(),Direct current-time call detected.,Runtime and tests become nondeterministic; relative dates can drift.,Inject a clock/reference_now parameter or central time provider.,Freeze clock in tests and assert stable outputs.,medium,40ecd6e5c5721767
P3,determinism,NON_INJECTED_CLOCK,data/collectors/put_call_ratio_collector.py,176,,base_date = datetime.now() - timedelta(days=60),Direct current-time call detected.,Runtime and tests become nondeterministic; relative dates can drift.,Inject a clock/reference_now parameter or central time provider.,Freeze clock in tests and assert stable outputs.,medium,f841d5a983c2a3ff
P3,determinism,NON_INJECTED_CLOCK,data/collectors/reddit_sentiment_collector.py,67,,df['collected_at'] = datetime.now(),Direct current-time call detected.,Runtime and tests become nondeterministic; relative dates can drift.,Inject a clock/reference_now parameter or central time provider.,Freeze clock in tests and assert stable outputs.,medium,2e50b357257e31a0
P3,determinism,NON_INJECTED_CLOCK,data/collectors/reddit_sentiment_collector.py,101,,base_date = datetime.now() - timedelta(days=60),Direct current-time call detected.,Runtime and tests become nondeterministic; relative dates can drift.,Inject a clock/reference_now parameter or central time provider.,Freeze clock in tests and assert stable outputs.,medium,920f517ffaa3edce
P3,determinism,NON_INJECTED_CLOCK,data/collectors/rss_collector.py,190,,cutoff = datetime.now(timezone.utc) - timedelta(days=self.,Direct current-time call detected.,Runtime and tests become nondeterministic; relative dates can drift.,Inject a clock/reference_now parameter or central time provider.,Freeze clock in tests and assert stable outputs.,medium,38923085951f838b
P3,determinism,NON_INJECTED_CLOCK,data/collectors/sec_filings_collector.py,76,,"run_date = kwargs.get(""run_date"", datetime.now())",Direct current-time call detected.,Runtime and tests become nondeterministic; relative dates can drift.,Inject a clock/reference_now parameter or central time provider.,Freeze clock in tests and assert stable outputs.,medium,8723f3e5f91035c9
P3,determinism,NON_INJECTED_CLOCK,data/collectors/vix_collector.py,84,,df['collected_at'] = datetime.now(),Direct current-time call detected.,Runtime and tests become nondeterministic; relative dates can drift.,Inject a clock/reference_now parameter or central time provider.,Freeze clock in tests and assert stable outputs.,medium,636bb3bc295604ee
P3,determinism,NON_INJECTED_CLOCK,data/collectors/yf_collector.py,52,,end_date = end_date or datetime.now(),Direct current-time call detected.,Runtime and tests become nondeterministic; relative dates can drift.,Inject a clock/reference_now parameter or central time provider.,Freeze clock in tests and assert stable outputs.,medium,773a9bdb8191fca1
P3,determinism,NON_INJECTED_CLOCK,data/collectors/yf_collector.py,77,,"# Use reference_now from kwargs if provided for stable testing, otherwise datetime.now()",Direct current-time call detected.,Runtime and tests become nondeterministic; relative dates can drift.,Inject a clock/reference_now parameter or central time provider.,Freeze clock in tests and assert stable outputs.,medium,92ddac113fd4dab8
P3,determinism,NON_INJECTED_CLOCK,data/collectors/yf_collector.py,78,,"reference_now = kwargs.get('reference_now', datetime.now())",Direct current-time call detected.,Runtime and tests become nondeterministic; relative dates can drift.,Inject a clock/reference_now parameter or central time provider.,Freeze clock in tests and assert stable outputs.,medium,0a7f07349f5584d5
P3,determinism,NON_INJECTED_CLOCK,data/data_loader.py,73,,'timestamp': datetime.now().isoformat()},Direct current-time call detected.,Runtime and tests become nondeterministic; relative dates can drift.,Inject a clock/reference_now parameter or central time provider.,Freeze clock in tests and assert stable outputs.,medium,b1c08d1994609fb8
P3,determinism,NON_INJECTED_CLOCK,data/management/data_versioning.py,92,,"'description': description, 'created_at': datetime.now().",Direct current-time call detected.,Runtime and tests become nondeterministic; relative dates can drift.,Inject a clock/reference_now parameter or central time provider.,Freeze clock in tests and assert stable outputs.,medium,cbad29c3c119e291
P3,determinism,NON_INJECTED_CLOCK,data/management/data_versioning.py,124,,file_age = datetime.now() - current_mtime,Direct current-time call detected.,Runtime and tests become nondeterministic; relative dates can drift.,Inject a clock/reference_now parameter or central time provider.,Freeze clock in tests and assert stable outputs.,medium,3064989c09e7838a
P3,determinism,NON_INJECTED_CLOCK,data/management/data_versioning.py,136,,metadata_age = datetime.now() - stored_mtime,Direct current-time call detected.,Runtime and tests become nondeterministic; relative dates can drift.,Inject a clock/reference_now parameter or central time provider.,Freeze clock in tests and assert stable outputs.,medium,17a96732c8216c27
P3,determinism,NON_INJECTED_CLOCK,data/management/data_versioning.py,267,,"report = {'generated_at': datetime.now().isoformat(), 'data_type':",Direct current-time call detected.,Runtime and tests become nondeterministic; relative dates can drift.,Inject a clock/reference_now parameter or central time provider.,Freeze clock in tests and assert stable outputs.,medium,4241652b45bdea83
P3,determinism,NON_INJECTED_CLOCK,data/quality/data_freshness_checker.py,62,,self.metrics['last_check_time'] = datetime.now(),Direct current-time call detected.,Runtime and tests become nondeterministic; relative dates can drift.,Inject a clock/reference_now parameter or central time provider.,Freeze clock in tests and assert stable outputs.,medium,dd3e4d5ed42879ec
P3,determinism,NON_INJECTED_CLOCK,data/quality/data_freshness_checker.py,96,,now = pd.Timestamp.now()  # This is tz-naive by default,Direct current-time call detected.,Runtime and tests become nondeterministic; relative dates can drift.,Inject a clock/reference_now parameter or central time provider.,Freeze clock in tests and assert stable outputs.,medium,e981a631ba916486
P3,determinism,NON_INJECTED_CLOCK,features/analysis/news_decay_modeler.py,268,,timestamp = datetime.now().strftime('%Y%m%d_%H%M%S'),Direct current-time call detected.,Runtime and tests become nondeterministic; relative dates can drift.,Inject a clock/reference_now parameter or central time provider.,Freeze clock in tests and assert stable outputs.,medium,38d4c5f6f2811e07
P3,determinism,NON_INJECTED_CLOCK,features/analysis/news_decay_modeler.py,305,,cutoff_time = datetime.now() - timedelta(days=days),Direct current-time call detected.,Runtime and tests become nondeterministic; relative dates can drift.,Inject a clock/reference_now parameter or central time provider.,Freeze clock in tests and assert stable outputs.,medium,2fdac4a9d16fc822
P3,determinism,NON_INJECTED_CLOCK,features/analysis/regime_importance_tracker.py,79,,current_time = datetime.now(),Direct current-time call detected.,Runtime and tests become nondeterministic; relative dates can drift.,Inject a clock/reference_now parameter or central time provider.,Freeze clock in tests and assert stable outputs.,medium,cf7b5877c26cf565
P3,determinism,NON_INJECTED_CLOCK,features/analysis/regime_importance_tracker.py,181,,cutoff_time = datetime.now() - timedelta(days=days),Direct current-time call detected.,Runtime and tests become nondeterministic; relative dates can drift.,Inject a clock/reference_now parameter or central time provider.,Freeze clock in tests and assert stable outputs.,medium,1496919731fae5bf
P3,determinism,NON_INJECTED_CLOCK,features/enrichers/macro_features_enricher.py,109,,end_date = pd.Timestamp.now(),Direct current-time call detected.,Runtime and tests become nondeterministic; relative dates can drift.,Inject a clock/reference_now parameter or central time provider.,Freeze clock in tests and assert stable outputs.,medium,e88e1addb6a80893
P3,determinism,NON_INJECTED_CLOCK,features/feature_orchestrator.py,168,,start_time = pd.Timestamp.now(),Direct current-time call detected.,Runtime and tests become nondeterministic; relative dates can drift.,Inject a clock/reference_now parameter or central time provider.,Freeze clock in tests and assert stable outputs.,medium,c437f10cd84bfbdd
P3,determinism,NON_INJECTED_CLOCK,features/feature_orchestrator.py,178,,end_time = pd.Timestamp.now(),Direct current-time call detected.,Runtime and tests become nondeterministic; relative dates can drift.,Inject a clock/reference_now parameter or central time provider.,Freeze clock in tests and assert stable outputs.,medium,535b9c3511c3596b
P3,determinism,NON_INJECTED_CLOCK,features/feature_selection_cache.py,126,,"datetime.now().isoformat(), 'n_available_features': len(",Direct current-time call detected.,Runtime and tests become nondeterministic; relative dates can drift.,Inject a clock/reference_now parameter or central time provider.,Freeze clock in tests and assert stable outputs.,medium,c0804d44ae669206
P3,determinism,NON_INJECTED_CLOCK,features/monitoring/feature_drift_detector.py,77,,self.metrics['last_check_time'] = pd.Timestamp.now(),Direct current-time call detected.,Runtime and tests become nondeterministic; relative dates can drift.,Inject a clock/reference_now parameter or central time provider.,Freeze clock in tests and assert stable outputs.,medium,7293437dd6c552c7
P3,determinism,NON_INJECTED_CLOCK,features/monitoring/feature_drift_detector.py,137,,"'timestamp': pd.Timestamp.now().isoformat(),",Direct current-time call detected.,Runtime and tests become nondeterministic; relative dates can drift.,Inject a clock/reference_now parameter or central time provider.,Freeze clock in tests and assert stable outputs.,medium,1f5d32cdeb5b533f
P3,determinism,NON_INJECTED_CLOCK,features/monitoring/feature_drift_detector.py,212,,"timestamp = pd.Timestamp.now().strftime(""%Y%m%d_%H%M%S"")",Direct current-time call detected.,Runtime and tests become nondeterministic; relative dates can drift.,Inject a clock/reference_now parameter or central time provider.,Freeze clock in tests and assert stable outputs.,medium,4f74666f65edd8d2
P3,determinism,NON_INJECTED_CLOCK,features/news_dataset_builder.py,257,,dataset_df['generated_at'] = datetime.now().isoformat(),Direct current-time call detected.,Runtime and tests become nondeterministic; relative dates can drift.,Inject a clock/reference_now parameter or central time provider.,Freeze clock in tests and assert stable outputs.,medium,966b8005a77230dd
P3,determinism,NON_INJECTED_CLOCK,features/news_dataset_builder.py,274,,'generated_at': datetime.now().isoformat(),Direct current-time call detected.,Runtime and tests become nondeterministic; relative dates can drift.,Inject a clock/reference_now parameter or central time provider.,Freeze clock in tests and assert stable outputs.,medium,11dec36faa78056e
P3,determinism,NON_INJECTED_CLOCK,features/nlp/processors/news_harmonizer.py,48,,pub_dt = pd.Timestamp.now(),Direct current-time call detected.,Runtime and tests become nondeterministic; relative dates can drift.,Inject a clock/reference_now parameter or central time provider.,Freeze clock in tests and assert stable outputs.,medium,8cefe6b95428e341
P3,determinism,NON_INJECTED_CLOCK,features/nlp/processors/news_processing.py,36,,"fname = f""clustered_news_{datetime.now().strftime('%Y%m%d_%H%M%S')}.parquet""",Direct current-time call detected.,Runtime and tests become nondeterministic; relative dates can drift.,Inject a clock/reference_now parameter or central time provider.,Freeze clock in tests and assert stable outputs.,medium,5c7d68c5799fa81c
P3,determinism,NON_INJECTED_CLOCK,features/selection/enhanced_smart_selector.py,84,,"'timestamp': datetime.now(),",Direct current-time call detected.,Runtime and tests become nondeterministic; relative dates can drift.,Inject a clock/reference_now parameter or central time provider.,Freeze clock in tests and assert stable outputs.,medium,50100ca63ca6ed01
P3,determinism,NON_INJECTED_CLOCK,features/selection/smart_selector.py,146,,"""timestamp"": datetime.now().isoformat(),",Direct current-time call detected.,Runtime and tests become nondeterministic; relative dates can drift.,Inject a clock/reference_now parameter or central time provider.,Freeze clock in tests and assert stable outputs.,medium,808995e9bdf9c85d
P3,determinism,NON_INJECTED_CLOCK,features/utils/datetime_utils.py,81,,df['datetime'] = pd.Timestamp.now().tz_localize(None),Direct current-time call detected.,Runtime and tests become nondeterministic; relative dates can drift.,Inject a clock/reference_now parameter or central time provider.,Freeze clock in tests and assert stable outputs.,medium,6f223ef7c487716e
P3,determinism,NON_INJECTED_CLOCK,features/validation/feature_leakage_guard.py,32,,self.timestamp = datetime.now().isoformat(),Direct current-time call detected.,Runtime and tests become nondeterministic; relative dates can drift.,Inject a clock/reference_now parameter or central time provider.,Freeze clock in tests and assert stable outputs.,medium,4cf1857fbbc13c16
P3,determinism,NON_INJECTED_CLOCK,features/validation/feature_leakage_guard.py,183,,ts = datetime.now().strftime('%Y%m%d_%H%M%S'),Direct current-time call detected.,Runtime and tests become nondeterministic; relative dates can drift.,Inject a clock/reference_now parameter or central time provider.,Freeze clock in tests and assert stable outputs.,medium,487fef8d911d1764
P3,determinism,NON_INJECTED_CLOCK,integration/dashboard_data_bridge.py,93,,self._cache_timestamps[cache_key] = datetime.now(),Direct current-time call detected.,Runtime and tests become nondeterministic; relative dates can drift.,Inject a clock/reference_now parameter or central time provider.,Freeze clock in tests and assert stable outputs.,medium,0f8555e855adb54d
P3,determinism,NON_INJECTED_CLOCK,integration/dashboard_data_bridge.py,145,,age = (datetime.now() - cache_time).total_seconds(),Direct current-time call detected.,Runtime and tests become nondeterministic; relative dates can drift.,Inject a clock/reference_now parameter or central time provider.,Freeze clock in tests and assert stable outputs.,medium,d21a1ad723e982ea
P3,determinism,NON_INJECTED_CLOCK,integration/dashboard_data_bridge.py,165,,'last_updated': datetime.now().isoformat(),Direct current-time call detected.,Runtime and tests become nondeterministic; relative dates can drift.,Inject a clock/reference_now parameter or central time provider.,Freeze clock in tests and assert stable outputs.,medium,e58542c5750c8036
P3,determinism,NON_INJECTED_CLOCK,integration/dashboard_data_bridge.py,178,,'last_updated': datetime.now().isoformat(),Direct current-time call detected.,Runtime and tests become nondeterministic; relative dates can drift.,Inject a clock/reference_now parameter or central time provider.,Freeze clock in tests and assert stable outputs.,medium,ece0fed8027cd841
P3,determinism,NON_INJECTED_CLOCK,integration/dashboard_data_bridge.py,200,,'last_updated': datetime.now().isoformat(),Direct current-time call detected.,Runtime and tests become nondeterministic; relative dates can drift.,Inject a clock/reference_now parameter or central time provider.,Freeze clock in tests and assert stable outputs.,medium,97a828b190250c00
P3,determinism,NON_INJECTED_CLOCK,integration/dashboard_data_bridge.py,206,,"'timestamp': datetime.now().isoformat(), 'pnl': 0.023},",Direct current-time call detected.,Runtime and tests become nondeterministic; relative dates can drift.,Inject a clock/reference_now parameter or central time provider.,Freeze clock in tests and assert stable outputs.,medium,e51392d6ecfa26f7
P3,determinism,NON_INJECTED_CLOCK,integration/dashboard_data_bridge.py,208,,"'timestamp': datetime.now().isoformat(), 'pnl': -0.015},",Direct current-time call detected.,Runtime and tests become nondeterministic; relative dates can drift.,Inject a clock/reference_now parameter or central time provider.,Freeze clock in tests and assert stable outputs.,medium,58da458489c7f567
P3,determinism,NON_INJECTED_CLOCK,integration/dashboard_data_bridge.py,210,,"'timestamp': datetime.now().isoformat(), 'pnl': 0.008}",Direct current-time call detected.,Runtime and tests become nondeterministic; relative dates can drift.,Inject a clock/reference_now parameter or central time provider.,Freeze clock in tests and assert stable outputs.,medium,9f142a4c382653ca
P3,determinism,NON_INJECTED_CLOCK,integration/dashboard_data_bridge.py,213,,'last_updated': datetime.now().isoformat(),Direct current-time call detected.,Runtime and tests become nondeterministic; relative dates can drift.,Inject a clock/reference_now parameter or central time provider.,Freeze clock in tests and assert stable outputs.,medium,b3ca37485125713d
P3,determinism,NON_INJECTED_CLOCK,integration/dashboard_data_bridge.py,239,,'last_updated': datetime.now().isoformat(),Direct current-time call detected.,Runtime and tests become nondeterministic; relative dates can drift.,Inject a clock/reference_now parameter or central time provider.,Freeze clock in tests and assert stable outputs.,medium,bbcc35aa8241db4c
P3,determinism,NON_INJECTED_CLOCK,integration/dashboard_data_bridge.py,248,,'last_updated': datetime.now().isoformat(),Direct current-time call detected.,Runtime and tests become nondeterministic; relative dates can drift.,Inject a clock/reference_now parameter or central time provider.,Freeze clock in tests and assert stable outputs.,medium,b4ca74bd50d17fd5
P3,determinism,NON_INJECTED_CLOCK,integration/dashboard_data_bridge.py,272,,'last_updated': datetime.now().isoformat(),Direct current-time call detected.,Runtime and tests become nondeterministic; relative dates can drift.,Inject a clock/reference_now parameter or central time provider.,Freeze clock in tests and assert stable outputs.,medium,7ae97c50e54152e0
P3,determinism,NON_INJECTED_CLOCK,integration/dashboard_data_bridge.py,276,,"dates = pd.date_range(end=datetime.now(), periods=30, freq='D')",Direct current-time call detected.,Runtime and tests become nondeterministic; relative dates can drift.,Inject a clock/reference_now parameter or central time provider.,Freeze clock in tests and assert stable outputs.,medium,528dff3f7bbb73ce
P3,determinism,NON_INJECTED_CLOCK,integration/dashboard_data_bridge.py,291,,'last_updated': datetime.now().isoformat(),Direct current-time call detected.,Runtime and tests become nondeterministic; relative dates can drift.,Inject a clock/reference_now parameter or central time provider.,Freeze clock in tests and assert stable outputs.,medium,20a88b7ba53fe1b8
P3,determinism,NON_INJECTED_CLOCK,integration/dashboard_data_bridge.py,321,,'last_updated': datetime.now().isoformat(),Direct current-time call detected.,Runtime and tests become nondeterministic; relative dates can drift.,Inject a clock/reference_now parameter or central time provider.,Freeze clock in tests and assert stable outputs.,medium,76f0bed12827c392
P3,determinism,NON_INJECTED_CLOCK,integration/dashboard_data_bridge.py,331,,'last_updated': datetime.now().isoformat(),Direct current-time call detected.,Runtime and tests become nondeterministic; relative dates can drift.,Inject a clock/reference_now parameter or central time provider.,Freeze clock in tests and assert stable outputs.,medium,f84f1f1d33dbee6c
P3,determinism,NON_INJECTED_CLOCK,integration/dashboard_data_bridge.py,347,,"'last_rebalanced': datetime.now().isoformat(),",Direct current-time call detected.,Runtime and tests become nondeterministic; relative dates can drift.,Inject a clock/reference_now parameter or central time provider.,Freeze clock in tests and assert stable outputs.,medium,1711d322a880d893
P3,determinism,NON_INJECTED_CLOCK,integration/dashboard_data_bridge.py,370,,'last_updated': datetime.now().isoformat(),Direct current-time call detected.,Runtime and tests become nondeterministic; relative dates can drift.,Inject a clock/reference_now parameter or central time provider.,Freeze clock in tests and assert stable outputs.,medium,5a9c3afcaeff902b
P3,determinism,NON_INJECTED_CLOCK,integration/dashboard_data_bridge.py,383,,'last_updated': datetime.now().isoformat(),Direct current-time call detected.,Runtime and tests become nondeterministic; relative dates can drift.,Inject a clock/reference_now parameter or central time provider.,Freeze clock in tests and assert stable outputs.,medium,7e6fc1cbaccff15a
P3,determinism,NON_INJECTED_CLOCK,integration/ensemble_performance_bridge.py,50,,time_since_sync = datetime.now() - self._last_sync_time,Direct current-time call detected.,Runtime and tests become nondeterministic; relative dates can drift.,Inject a clock/reference_now parameter or central time provider.,Freeze clock in tests and assert stable outputs.,medium,dc72366dd14a42df
P3,determinism,NON_INJECTED_CLOCK,integration/ensemble_performance_bridge.py,71,,"'sync_time': datetime.now(),",Direct current-time call detected.,Runtime and tests become nondeterministic; relative dates can drift.,Inject a clock/reference_now parameter or central time provider.,Freeze clock in tests and assert stable outputs.,medium,746806123022ce6b
P3,determinism,NON_INJECTED_CLOCK,integration/ensemble_performance_bridge.py,80,,self._last_sync_time = datetime.now(),Direct current-time call detected.,Runtime and tests become nondeterministic; relative dates can drift.,Inject a clock/reference_now parameter or central time provider.,Freeze clock in tests and assert stable outputs.,medium,35131cb59460344c
P3,determinism,NON_INJECTED_CLOCK,integration/ensemble_performance_bridge.py,111,,'last_updated': datetime.now(),Direct current-time call detected.,Runtime and tests become nondeterministic; relative dates can drift.,Inject a clock/reference_now parameter or central time provider.,Freeze clock in tests and assert stable outputs.,medium,5cf8e73573e73b36
P3,determinism,NON_INJECTED_CLOCK,integration/ensemble_performance_bridge.py,148,,"'timestamp': datetime.now(),",Direct current-time call detected.,Runtime and tests become nondeterministic; relative dates can drift.,Inject a clock/reference_now parameter or central time provider.,Freeze clock in tests and assert stable outputs.,medium,6ecf5f8bc24c0205
P3,determinism,NON_INJECTED_CLOCK,integrations/base.py,47,,"datetime.now().isoformat(), 'error': error}",Direct current-time call detected.,Runtime and tests become nondeterministic; relative dates can drift.,Inject a clock/reference_now parameter or central time provider.,Freeze clock in tests and assert stable outputs.,medium,731ed507339bece9
P3,determinism,NON_INJECTED_CLOCK,integrations/data/bigquery_client.py,185,,dates = [(datetime.now() - timedelta(days=i)).strftime('%Y%m%d') for,Direct current-time call detected.,Runtime and tests become nondeterministic; relative dates can drift.,Inject a clock/reference_now parameter or central time provider.,Freeze clock in tests and assert stable outputs.,medium,6e7df87c05509909
P3,determinism,NON_INJECTED_CLOCK,integrations/data/bigquery_client.py,199,,"datetime.now(), periods=5, freq='D')), 'value': np.random.randn",Direct current-time call detected.,Runtime and tests become nondeterministic; relative dates can drift.,Inject a clock/reference_now parameter or central time provider.,Freeze clock in tests and assert stable outputs.,medium,18c3cd8352b9af4b
P3,determinism,NON_INJECTED_CLOCK,main/modes/web_ui.py,173,,"return {'status': 'idle', 'last_update': datetime.now().isoformat(),",Direct current-time call detected.,Runtime and tests become nondeterministic; relative dates can drift.,Inject a clock/reference_now parameter or central time provider.,Freeze clock in tests and assert stable outputs.,medium,a7d7a9b3dd17527c
P3,determinism,NON_INJECTED_CLOCK,main/modes/web_ui.py,201,,"10000000), 'timestamp': datetime.now().isoformat(),",Direct current-time call detected.,Runtime and tests become nondeterministic; relative dates can drift.,Inject a clock/reference_now parameter or central time provider.,Freeze clock in tests and assert stable outputs.,medium,cd81112523846914
P3,determinism,NON_INJECTED_CLOCK,main/modes/web_ui.py,213,,return {'recent_activity': [{'time': datetime.now().strftime(,Direct current-time call detected.,Runtime and tests become nondeterministic; relative dates can drift.,Inject a clock/reference_now parameter or central time provider.,Freeze clock in tests and assert stable outputs.,medium,c994f738ee8c44e3
P3,determinism,NON_INJECTED_CLOCK,main/modes/web_ui.py,215,,"'price': 245.5}, {'time': datetime.now().strftime('%H:%M'),",Direct current-time call detected.,Runtime and tests become nondeterministic; relative dates can drift.,Inject a clock/reference_now parameter or central time provider.,Freeze clock in tests and assert stable outputs.,medium,498b427b75e1eccf
P3,determinism,NON_INJECTED_CLOCK,main/modes/web_ui.py,217,,"178.25}, {'time': datetime.now().strftime('%H:%M'), 'action':",Direct current-time call detected.,Runtime and tests become nondeterministic; relative dates can drift.,Inject a clock/reference_now parameter or central time provider.,Freeze clock in tests and assert stable outputs.,medium,d026401c4146d6bc
P3,determinism,NON_INJECTED_CLOCK,main/modes/web_ui.py,233,,"'disk_usage': 23.1, 'last_update': datetime.now().isoformat()}",Direct current-time call detected.,Runtime and tests become nondeterministic; relative dates can drift.,Inject a clock/reference_now parameter or central time provider.,Freeze clock in tests and assert stable outputs.,medium,004775858ed0fd18
P3,determinism,NON_INJECTED_CLOCK,meta_learning/awareness/context/manager.py,59,,"timestamp=datetime.now(),",Direct current-time call detected.,Runtime and tests become nondeterministic; relative dates can drift.,Inject a clock/reference_now parameter or central time provider.,Freeze clock in tests and assert stable outputs.,medium,42b52c29880bc9c8
P3,determinism,NON_INJECTED_CLOCK,meta_learning/awareness/context/storage.py,115,,cutoff = (datetime.now() - timedelta(hours=hours)).isoformat(),Direct current-time call detected.,Runtime and tests become nondeterministic; relative dates can drift.,Inject a clock/reference_now parameter or central time provider.,Freeze clock in tests and assert stable outputs.,medium,5e8b6ad718b6d1fc
P3,determinism,NON_INJECTED_CLOCK,meta_learning/evolution/dual_loops.py,130,,"rule_id = f""RULE_{agent_id.upper()}_{datetime.now().strftime('%Y%m%d%H%M')}_{i}""",Direct current-time call detected.,Runtime and tests become nondeterministic; relative dates can drift.,Inject a clock/reference_now parameter or central time provider.,Freeze clock in tests and assert stable outputs.,medium,47b04921e7ea7ca5
P3,determinism,NON_INJECTED_CLOCK,meta_learning/memory/diary_engine.py,72,,decision_timestamp: int = field(default_factory=lambda: int(datetime.now(timezone.utc).timestamp())),Direct current-time call detected.,Runtime and tests become nondeterministic; relative dates can drift.,Inject a clock/reference_now parameter or central time provider.,Freeze clock in tests and assert stable outputs.,medium,c54457d588c14385
P3,determinism,NON_INJECTED_CLOCK,meta_learning/memory/diary_engine.py,178,,"decision_timestamp=int(datetime.now(timezone.utc).timestamp()),",Direct current-time call detected.,Runtime and tests become nondeterministic; relative dates can drift.,Inject a clock/reference_now parameter or central time provider.,Freeze clock in tests and assert stable outputs.,medium,24e30ff8b7fb2e25
P3,determinism,NON_INJECTED_CLOCK,meta_learning/memory/diary_engine.py,227,,"""decision_timestamp"": int(pd.Timestamp.now().timestamp() * 1000),",Direct current-time call detected.,Runtime and tests become nondeterministic; relative dates can drift.,Inject a clock/reference_now parameter or central time provider.,Freeze clock in tests and assert stable outputs.,medium,74bd1b1484495595
P3,determinism,NON_INJECTED_CLOCK,meta_learning/memory/diary_engine.py,393,,"""timestamp"": datetime.now().isoformat()",Direct current-time call detected.,Runtime and tests become nondeterministic; relative dates can drift.,Inject a clock/reference_now parameter or central time provider.,Freeze clock in tests and assert stable outputs.,medium,8e69daac10559d96
P3,determinism,NON_INJECTED_CLOCK,meta_learning/real_time_learning.py,100,,"'timestamp': trade.get('timestamp', datetime.now()),",Direct current-time call detected.,Runtime and tests become nondeterministic; relative dates can drift.,Inject a clock/reference_now parameter or central time provider.,Freeze clock in tests and assert stable outputs.,medium,79e05f9bc59391ee
P3,determinism,NON_INJECTED_CLOCK,meta_learning/real_time_learning.py,165,,'last_update': datetime.now(),Direct current-time call detected.,Runtime and tests become nondeterministic; relative dates can drift.,Inject a clock/reference_now parameter or central time provider.,Freeze clock in tests and assert stable outputs.,medium,21a5397496cc3688
P3,determinism,NON_INJECTED_CLOCK,meta_learning/real_time_learning.py,256,,next_adaptation = datetime.now() + timedelta(hours=trades_until_adaptation * 0.5),Direct current-time call detected.,Runtime and tests become nondeterministic; relative dates can drift.,Inject a clock/reference_now parameter or central time provider.,Freeze clock in tests and assert stable outputs.,medium,24fc0e2e8966df7d
P3,determinism,NON_INJECTED_CLOCK,meta_learning/real_time_learning.py,311,,"'timestamp': datetime.now(),",Direct current-time call detected.,Runtime and tests become nondeterministic; relative dates can drift.,Inject a clock/reference_now parameter or central time provider.,Freeze clock in tests and assert stable outputs.,medium,24bb3c2baf83a0ca
P3,determinism,NON_INJECTED_CLOCK,meta_learning/security/agent_permissions.py,125,,"created_at=datetime.now(), last_active=datetime.now(),",Direct current-time call detected.,Runtime and tests become nondeterministic; relative dates can drift.,Inject a clock/reference_now parameter or central time provider.,Freeze clock in tests and assert stable outputs.,medium,38aec9814c4b13fa
P3,determinism,NON_INJECTED_CLOCK,meta_learning/security/agent_permissions.py,437,,now = datetime.now(),Direct current-time call detected.,Runtime and tests become nondeterministic; relative dates can drift.,Inject a clock/reference_now parameter or central time provider.,Freeze clock in tests and assert stable outputs.,medium,b5632df6d94ced37
P3,determinism,NON_INJECTED_CLOCK,meta_learning/security/agent_permissions.py,465,,now = datetime.now(),Direct current-time call detected.,Runtime and tests become nondeterministic; relative dates can drift.,Inject a clock/reference_now parameter or central time provider.,Freeze clock in tests and assert stable outputs.,medium,234dbb8d9f564364
P3,determinism,NON_INJECTED_CLOCK,meta_learning/security/agent_permissions.py,503,,self.action_counts[agent_id][action_type].append(datetime.now()),Direct current-time call detected.,Runtime and tests become nondeterministic; relative dates can drift.,Inject a clock/reference_now parameter or central time provider.,Freeze clock in tests and assert stable outputs.,medium,89a020775d2be077
P3,determinism,NON_INJECTED_CLOCK,meta_learning/security/agent_permissions.py,505,,self._registered_agents[agent_id].last_active = datetime.now(),Direct current-time call detected.,Runtime and tests become nondeterministic; relative dates can drift.,Inject a clock/reference_now parameter or central time provider.,Freeze clock in tests and assert stable outputs.,medium,001ea78966347d66
P3,determinism,NON_INJECTED_CLOCK,meta_learning/security/agent_permissions.py,512,,"audit_entry = {'timestamp': datetime.now().isoformat(), 'agent_id':",Direct current-time call detected.,Runtime and tests become nondeterministic; relative dates can drift.,Inject a clock/reference_now parameter or central time provider.,Freeze clock in tests and assert stable outputs.,medium,bbbe2ac17b770117
P3,determinism,NON_INJECTED_CLOCK,meta_learning/security/agent_permissions.py,525,,"f""agent_audit_{datetime.now().strftime('%Y%m%d')}.json"")",Direct current-time call detected.,Runtime and tests become nondeterministic; relative dates can drift.,Inject a clock/reference_now parameter or central time provider.,Freeze clock in tests and assert stable outputs.,medium,12237abd6a59ac4f
P3,determinism,NON_INJECTED_CLOCK,meta_learning/security/constraint_engine.py,139,,"timestamp=datetime.now(),",Direct current-time call detected.,Runtime and tests become nondeterministic; relative dates can drift.,Inject a clock/reference_now parameter or central time provider.,Freeze clock in tests and assert stable outputs.,medium,63ae803e333778be
P3,determinism,NON_INJECTED_CLOCK,meta_learning/security/constraint_engine.py,303,,if v.timestamp > datetime.now() - timedelta(hours=1),Direct current-time call detected.,Runtime and tests become nondeterministic; relative dates can drift.,Inject a clock/reference_now parameter or central time provider.,Freeze clock in tests and assert stable outputs.,medium,d83067bd3f244f55
P3,determinism,NON_INJECTED_CLOCK,meta_learning/security/constraint_engine.py,316,,cutoff_time = datetime.now() - timedelta(hours=hours),Direct current-time call detected.,Runtime and tests become nondeterministic; relative dates can drift.,Inject a clock/reference_now parameter or central time provider.,Freeze clock in tests and assert stable outputs.,medium,61a9c90a0ae0bf41
P3,determinism,NON_INJECTED_CLOCK,meta_learning/security/constraint_engine.py,488,,current_time = datetime.now(),Direct current-time call detected.,Runtime and tests become nondeterministic; relative dates can drift.,Inject a clock/reference_now parameter or central time provider.,Freeze clock in tests and assert stable outputs.,medium,80d2452be0ff5271
P3,determinism,NON_INJECTED_CLOCK,meta_learning/security/constraint_engine.py,593,,"timestamp=datetime.now(),",Direct current-time call detected.,Runtime and tests become nondeterministic; relative dates can drift.,Inject a clock/reference_now parameter or central time provider.,Freeze clock in tests and assert stable outputs.,medium,da7485f151047410
P3,determinism,NON_INJECTED_CLOCK,meta_learning/security/constraint_engine.py,612,,cutoff_time = datetime.now() - timedelta(hours=24),Direct current-time call detected.,Runtime and tests become nondeterministic; relative dates can drift.,Inject a clock/reference_now parameter or central time provider.,Freeze clock in tests and assert stable outputs.,medium,85cc9bcc29882fae
P3,determinism,NON_INJECTED_CLOCK,models/analysis/baseline_dominance_detector.py,74,,"'timestamp': datetime.now(),",Direct current-time call detected.,Runtime and tests become nondeterministic; relative dates can drift.,Inject a clock/reference_now parameter or central time provider.,Freeze clock in tests and assert stable outputs.,medium,d6ed431c463a0477
P3,determinism,NON_INJECTED_CLOCK,models/analysis/model_health_analyzer.py,41,,"""timestamp"": datetime.now(),",Direct current-time call detected.,Runtime and tests become nondeterministic; relative dates can drift.,Inject a clock/reference_now parameter or central time provider.,Freeze clock in tests and assert stable outputs.,medium,370c1bc8ad8a05ce
P3,determinism,NON_INJECTED_CLOCK,models/analysis/overfitting_detection/manager.py,38,,"'timestamp': datetime.now(),",Direct current-time call detected.,Runtime and tests become nondeterministic; relative dates can drift.,Inject a clock/reference_now parameter or central time provider.,Freeze clock in tests and assert stable outputs.,medium,1cb71f1846bbf6f5
P3,determinism,NON_INJECTED_CLOCK,models/analysis/regime_winner_analyzer.py,101,,current_time = current_time or datetime.now(),Direct current-time call detected.,Runtime and tests become nondeterministic; relative dates can drift.,Inject a clock/reference_now parameter or central time provider.,Freeze clock in tests and assert stable outputs.,medium,7c254bc9b8c1c935
P3,determinism,NON_INJECTED_CLOCK,models/analysis/regime_winner_analyzer.py,273,,cutoff = datetime.now() - timedelta(days=days),Direct current-time call detected.,Runtime and tests become nondeterministic; relative dates can drift.,Inject a clock/reference_now parameter or central time provider.,Freeze clock in tests and assert stable outputs.,medium,8ff090b4b081b06b
P3,determinism,NON_INJECTED_CLOCK,models/dean/dean_bootstrap_system.py,161,,'timestamp': datetime.now(),Direct current-time call detected.,Runtime and tests become nondeterministic; relative dates can drift.,Inject a clock/reference_now parameter or central time provider.,Freeze clock in tests and assert stable outputs.,medium,2e72148cdd2669b3
P3,determinism,NON_INJECTED_CLOCK,models/dean/dean_bootstrap_system.py,216,,"simulation_id = f""sim_{datetime.now().strftime('%Y%m%d_%H%M%S')}""",Direct current-time call detected.,Runtime and tests become nondeterministic; relative dates can drift.,Inject a clock/reference_now parameter or central time provider.,Freeze clock in tests and assert stable outputs.,medium,07cfa521ea4c3b51
P3,determinism,NON_INJECTED_CLOCK,models/dean/dean_bootstrap_system.py,261,,"timestamp=datetime.now(),",Direct current-time call detected.,Runtime and tests become nondeterministic; relative dates can drift.,Inject a clock/reference_now parameter or central time provider.,Freeze clock in tests and assert stable outputs.,medium,99e84ddd03811dd7
P3,determinism,NON_INJECTED_CLOCK,models/ensemble/correlation/correlation_engine.py,81,,"'timestamp': datetime.now(),",Direct current-time call detected.,Runtime and tests become nondeterministic; relative dates can drift.,Inject a clock/reference_now parameter or central time provider.,Freeze clock in tests and assert stable outputs.,medium,022aec9939ca3cf6
P3,determinism,NON_INJECTED_CLOCK,models/ensemble/correlation/correlation_engine.py,480,,cutoff_time = datetime.now() - timedelta(days=days),Direct current-time call detected.,Runtime and tests become nondeterministic; relative dates can drift.,Inject a clock/reference_now parameter or central time provider.,Freeze clock in tests and assert stable outputs.,medium,5d7d2a8c9b311b69
P3,determinism,NON_INJECTED_CLOCK,models/ensemble/dynamic_weights.py,245,,'exported_at': datetime.now().isoformat(),Direct current-time call detected.,Runtime and tests become nondeterministic; relative dates can drift.,Inject a clock/reference_now parameter or central time provider.,Freeze clock in tests and assert stable outputs.,medium,3422fbb577a3f892
P3,determinism,NON_INJECTED_CLOCK,models/ensemble/weight_stability/manager.py,42,,if timestamp is None: timestamp = datetime.now(),Direct current-time call detected.,Runtime and tests become nondeterministic; relative dates can drift.,Inject a clock/reference_now parameter or central time provider.,Freeze clock in tests and assert stable outputs.,medium,6f331fef9fd99f5d
P3,determinism,NON_INJECTED_CLOCK,models/ensemble/weight_stability/manager.py,113,,cutoff = datetime.now() - timedelta(days=days),Direct current-time call detected.,Runtime and tests become nondeterministic; relative dates can drift.,Inject a clock/reference_now parameter or central time provider.,Freeze clock in tests and assert stable outputs.,medium,7ccf8de0ae8c7e35
P3,determinism,NON_INJECTED_CLOCK,models/ensemble/weight_stability_monitor.py,43,,"return monitor.update_weights(new_weights, datetime.now())",Direct current-time call detected.,Runtime and tests become nondeterministic; relative dates can drift.,Inject a clock/reference_now parameter or central time provider.,Freeze clock in tests and assert stable outputs.,medium,925de074cac2302a
P3,determinism,NON_INJECTED_CLOCK,models/integrated_model_manager.py,100,,"'timestamp': datetime.now(),",Direct current-time call detected.,Runtime and tests become nondeterministic; relative dates can drift.,Inject a clock/reference_now parameter or central time provider.,Freeze clock in tests and assert stable outputs.,medium,fc54f6df751a4a22
P3,determinism,NON_INJECTED_CLOCK,models/model_selector/adaptive_selector.py,161,,self.selection_history.append({'timestamp': datetime.now().,Direct current-time call detected.,Runtime and tests become nondeterministic; relative dates can drift.,Inject a clock/reference_now parameter or central time provider.,Freeze clock in tests and assert stable outputs.,medium,9a4af3c1b208a741
P3,determinism,NON_INJECTED_CLOCK,models/model_selector/adaptive_selector.py,310,,"'last_updated': datetime.now().isoformat(), 'arena_integrated':",Direct current-time call detected.,Runtime and tests become nondeterministic; relative dates can drift.,Inject a clock/reference_now parameter or central time provider.,Freeze clock in tests and assert stable outputs.,medium,dac6904ce4814816
P3,determinism,NON_INJECTED_CLOCK,models/model_selector/adaptive_selector.py,360,,"performance_tracker.items()}, 'exported_at': datetime.now()",Direct current-time call detected.,Runtime and tests become nondeterministic; relative dates can drift.,Inject a clock/reference_now parameter or central time provider.,Freeze clock in tests and assert stable outputs.,medium,3d26f910ebb04bda
P3,determinism,NON_INJECTED_CLOCK,models/model_selector/heavy_light_comparator.py,84,,timestamp=datetime.now(),Direct current-time call detected.,Runtime and tests become nondeterministic; relative dates can drift.,Inject a clock/reference_now parameter or central time provider.,Freeze clock in tests and assert stable outputs.,medium,048d8ec3f5ad6f75
P3,determinism,NON_INJECTED_CLOCK,models/model_selector/smart_selector.py,290,,"run_data = {'timestamp': pd.Timestamp.now().isoformat(), 'metrics':",Direct current-time call detected.,Runtime and tests become nondeterministic; relative dates can drift.,Inject a clock/reference_now parameter or central time provider.,Freeze clock in tests and assert stable outputs.,medium,cd7128f80259c191
P3,determinism,NON_INJECTED_CLOCK,models/monitoring/drift/alert_system.py,163,,timestamp = datetime.now(),Direct current-time call detected.,Runtime and tests become nondeterministic; relative dates can drift.,Inject a clock/reference_now parameter or central time provider.,Freeze clock in tests and assert stable outputs.,medium,a58af2a7b0db8653
P3,determinism,NON_INJECTED_CLOCK,models/monitoring/drift/alert_system.py,223,,timestamp = datetime.now(),Direct current-time call detected.,Runtime and tests become nondeterministic; relative dates can drift.,Inject a clock/reference_now parameter or central time provider.,Freeze clock in tests and assert stable outputs.,medium,19d1f701f5d7df9d
P3,determinism,NON_INJECTED_CLOCK,models/monitoring/drift/alert_system.py,294,,timestamp = datetime.now(),Direct current-time call detected.,Runtime and tests become nondeterministic; relative dates can drift.,Inject a clock/reference_now parameter or central time provider.,Freeze clock in tests and assert stable outputs.,medium,5821b140c00e0422
P3,determinism,NON_INJECTED_CLOCK,models/monitoring/drift/alert_system.py,330,,"f""Timestamp: {datetime.now().strftime('%Y-%m-%d %H:%M:%S')}"",",Direct current-time call detected.,Runtime and tests become nondeterministic; relative dates can drift.,Inject a clock/reference_now parameter or central time provider.,Freeze clock in tests and assert stable outputs.,medium,c5c41bceac5cf92e
P3,determinism,NON_INJECTED_CLOCK,models/monitoring/drift/alert_system.py,390,,timestamp = datetime.now(),Direct current-time call detected.,Runtime and tests become nondeterministic; relative dates can drift.,Inject a clock/reference_now parameter or central time provider.,Freeze clock in tests and assert stable outputs.,medium,4ff601bcaf3d5b40
P3,determinism,NON_INJECTED_CLOCK,models/monitoring/prediction_drift_monitor.py,63,,timestamp = datetime.now(),Direct current-time call detected.,Runtime and tests become nondeterministic; relative dates can drift.,Inject a clock/reference_now parameter or central time provider.,Freeze clock in tests and assert stable outputs.,medium,e346841594bacb8c
P3,determinism,NON_INJECTED_CLOCK,models/monitoring/prediction_drift_monitor.py,313,,cutoff_time = datetime.now() - timedelta(days=days),Direct current-time call detected.,Runtime and tests become nondeterministic; relative dates can drift.,Inject a clock/reference_now parameter or central time provider.,Freeze clock in tests and assert stable outputs.,medium,48a2597d52ef228b
P3,determinism,NON_INJECTED_CLOCK,models/persistent_pool.py,110,,"'added_at': datetime.now().isoformat(),",Direct current-time call detected.,Runtime and tests become nondeterministic; relative dates can drift.,Inject a clock/reference_now parameter or central time provider.,Freeze clock in tests and assert stable outputs.,medium,60afef28a5e0ca90
P3,determinism,NON_INJECTED_CLOCK,models/persistent_pool.py,246,,'updated_at': datetime.now().isoformat(),Direct current-time call detected.,Runtime and tests become nondeterministic; relative dates can drift.,Inject a clock/reference_now parameter or central time provider.,Freeze clock in tests and assert stable outputs.,medium,7a93cb74c0435013
P3,determinism,NON_INJECTED_CLOCK,models/prototypes/prototype.py,64,,self.created_at = datetime.now(),Direct current-time call detected.,Runtime and tests become nondeterministic; relative dates can drift.,Inject a clock/reference_now parameter or central time provider.,Freeze clock in tests and assert stable outputs.,medium,67d2df0666290b51
P3,determinism,NON_INJECTED_CLOCK,models/quality/controller.py,111,,'updated_at': datetime.now().isoformat(),Direct current-time call detected.,Runtime and tests become nondeterministic; relative dates can drift.,Inject a clock/reference_now parameter or central time provider.,Freeze clock in tests and assert stable outputs.,medium,4356345c53e5c192
P3,determinism,NON_INJECTED_CLOCK,models/quality/controller.py,183,,'timestamp': datetime.now().isoformat(),Direct current-time call detected.,Runtime and tests become nondeterministic; relative dates can drift.,Inject a clock/reference_now parameter or central time provider.,Freeze clock in tests and assert stable outputs.,medium,efb794434f46f0df
P3,determinism,NON_INJECTED_CLOCK,models/registry/model_registry.py,56,,"'registered_at': datetime.now(),",Direct current-time call detected.,Runtime and tests become nondeterministic; relative dates can drift.,Inject a clock/reference_now parameter or central time provider.,Freeze clock in tests and assert stable outputs.,medium,ca2e077b546e35b9
P3,determinism,NON_INJECTED_CLOCK,models/registry/model_registry.py,132,,timestamp = datetime.now().strftime('%Y%m%d_%H%M%S'),Direct current-time call detected.,Runtime and tests become nondeterministic; relative dates can drift.,Inject a clock/reference_now parameter or central time provider.,Freeze clock in tests and assert stable outputs.,medium,fcc25e66870e0523
P3,determinism,NON_INJECTED_CLOCK,models/statistics/model_statistics.py,106,,cutoff_time = datetime.now() - timedelta(days=30),Direct current-time call detected.,Runtime and tests become nondeterministic; relative dates can drift.,Inject a clock/reference_now parameter or central time provider.,Freeze clock in tests and assert stable outputs.,medium,47645e2d158de983
P3,determinism,NON_INJECTED_CLOCK,monitoring/dashboard.py,450,,timestamp_str = datetime.now().strftime('%Y-%m-%d %H:%M:%S'),Direct current-time call detected.,Runtime and tests become nondeterministic; relative dates can drift.,Inject a clock/reference_now parameter or central time provider.,Freeze clock in tests and assert stable outputs.,medium,373eca34dc819214
P3,determinism,NON_INJECTED_CLOCK,monitoring/dashboard.py,559,,timestamp = datetime.now().strftime('%Y%m%d_%H%M%S'),Direct current-time call detected.,Runtime and tests become nondeterministic; relative dates can drift.,Inject a clock/reference_now parameter or central time provider.,Freeze clock in tests and assert stable outputs.,medium,4a61df1dcf404a52
P3,determinism,NON_INJECTED_CLOCK,monitoring/data_freshness_monitor.py,129,,current_time = pd.Timestamp.now(),Direct current-time call detected.,Runtime and tests become nondeterministic; relative dates can drift.,Inject a clock/reference_now parameter or central time provider.,Freeze clock in tests and assert stable outputs.,medium,ddcf4d31d8c31df4
P3,determinism,NON_INJECTED_CLOCK,monitoring/data_freshness_monitor.py,165,,'timestamp': pd.Timestamp.now().isoformat(),Direct current-time call detected.,Runtime and tests become nondeterministic; relative dates can drift.,Inject a clock/reference_now parameter or central time provider.,Freeze clock in tests and assert stable outputs.,medium,658879566a0539fe
P3,determinism,NON_INJECTED_CLOCK,monitoring/data_freshness_monitor.py,460,,cutoff_time = pd.Timestamp.now() - pd.Timedelta(hours=hours),Direct current-time call detected.,Runtime and tests become nondeterministic; relative dates can drift.,Inject a clock/reference_now parameter or central time provider.,Freeze clock in tests and assert stable outputs.,medium,04bcf05d677378d7
P3,determinism,NON_INJECTED_CLOCK,monitoring/example_usage.py,87,,'timestamp': datetime.now().isoformat(),Direct current-time call detected.,Runtime and tests become nondeterministic; relative dates can drift.,Inject a clock/reference_now parameter or central time provider.,Freeze clock in tests and assert stable outputs.,medium,1a89cf363df5aa3b
P3,determinism,NON_INJECTED_CLOCK,monitoring/example_usage.py,108,,"'timestamp': datetime.now().isoformat(),",Direct current-time call detected.,Runtime and tests become nondeterministic; relative dates can drift.,Inject a clock/reference_now parameter or central time provider.,Freeze clock in tests and assert stable outputs.,medium,7f31be92cd37aa5f
P3,determinism,NON_INJECTED_CLOCK,monitoring/example_usage.py,145,,'timestamp': datetime.now().isoformat(),Direct current-time call detected.,Runtime and tests become nondeterministic; relative dates can drift.,Inject a clock/reference_now parameter or central time provider.,Freeze clock in tests and assert stable outputs.,medium,08c91c1dc06fd016
P3,determinism,NON_INJECTED_CLOCK,monitoring/example_usage.py,239,,timestamp = datetime.now().strftime('%Y%m%d_%H%M%S'),Direct current-time call detected.,Runtime and tests become nondeterministic; relative dates can drift.,Inject a clock/reference_now parameter or central time provider.,Freeze clock in tests and assert stable outputs.,medium,91599b0009a242fa
P3,determinism,NON_INJECTED_CLOCK,monitoring/example_usage.py,288,,'timestamp': datetime.now().isoformat(),Direct current-time call detected.,Runtime and tests become nondeterministic; relative dates can drift.,Inject a clock/reference_now parameter or central time provider.,Freeze clock in tests and assert stable outputs.,medium,7998304b8a154ec5
P3,determinism,NON_INJECTED_CLOCK,monitoring/example_usage.py,295,,'timestamp': datetime.now().isoformat(),Direct current-time call detected.,Runtime and tests become nondeterministic; relative dates can drift.,Inject a clock/reference_now parameter or central time provider.,Freeze clock in tests and assert stable outputs.,medium,815d0e394de36765
P3,determinism,NON_INJECTED_CLOCK,monitoring/feature_drift_monitor.py,92,,self.metrics['last_check_time'] = datetime.now()  # type: ignore,Direct current-time call detected.,Runtime and tests become nondeterministic; relative dates can drift.,Inject a clock/reference_now parameter or central time provider.,Freeze clock in tests and assert stable outputs.,medium,c355a14061bd88af
P3,determinism,NON_INJECTED_CLOCK,monitoring/feature_drift_monitor.py,149,,"timestamp = datetime.now().strftime(""%Y%m%d_%H%M%S"")",Direct current-time call detected.,Runtime and tests become nondeterministic; relative dates can drift.,Inject a clock/reference_now parameter or central time provider.,Freeze clock in tests and assert stable outputs.,medium,d932090b854d4fa7
P3,determinism,NON_INJECTED_CLOCK,monitoring/health_hub.py,175,,"return {'timestamp': datetime.now().isoformat(), 'metrics':",Direct current-time call detected.,Runtime and tests become nondeterministic; relative dates can drift.,Inject a clock/reference_now parameter or central time provider.,Freeze clock in tests and assert stable outputs.,medium,d2b43545bb9ef9b4
P3,determinism,NON_INJECTED_CLOCK,monitoring/health_hub.py,255,,"drift_detected, 'timestamp': datetime.now().isoformat()}",Direct current-time call detected.,Runtime and tests become nondeterministic; relative dates can drift.,Inject a clock/reference_now parameter or central time provider.,Freeze clock in tests and assert stable outputs.,medium,a99c728275b17627
P3,determinism,NON_INJECTED_CLOCK,monitoring/health_hub.py,285,,cutoff = datetime.now() - timedelta(days=window_days),Direct current-time call detected.,Runtime and tests become nondeterministic; relative dates can drift.,Inject a clock/reference_now parameter or central time provider.,Freeze clock in tests and assert stable outputs.,medium,97924d0c0df8dc4f
P3,determinism,NON_INJECTED_CLOCK,monitoring/infrastructure/resource_monitor.py,81,,"return {'timestamp': datetime.now().isoformat(), 'system': futures[",Direct current-time call detected.,Runtime and tests become nondeterministic; relative dates can drift.,Inject a clock/reference_now parameter or central time provider.,Freeze clock in tests and assert stable outputs.,medium,a9ffae41484d440a
P3,determinism,NON_INJECTED_CLOCK,monitoring/ml_analytics.py,79,,"results = {'timestamp': datetime.now().isoformat(),",Direct current-time call detected.,Runtime and tests become nondeterministic; relative dates can drift.,Inject a clock/reference_now parameter or central time provider.,Freeze clock in tests and assert stable outputs.,medium,84db872da144ae47
P3,determinism,NON_INJECTED_CLOCK,monitoring/ml_analytics.py,117,,"return {'timestamp': datetime.now().isoformat(), 'metrics':",Direct current-time call detected.,Runtime and tests become nondeterministic; relative dates can drift.,Inject a clock/reference_now parameter or central time provider.,Freeze clock in tests and assert stable outputs.,medium,929a6608764636f8
P3,determinism,NON_INJECTED_CLOCK,monitoring/ml_analytics.py,147,,cutoff = datetime.now() - timedelta(days=window_days),Direct current-time call detected.,Runtime and tests become nondeterministic; relative dates can drift.,Inject a clock/reference_now parameter or central time provider.,Freeze clock in tests and assert stable outputs.,medium,32ed4f0a40ed1165
P3,determinism,NON_INJECTED_CLOCK,monitoring/ml_analytics.py,178,,"datetime.now().hour), float(datetime.now().dayofweek)]",Direct current-time call detected.,Runtime and tests become nondeterministic; relative dates can drift.,Inject a clock/reference_now parameter or central time provider.,Freeze clock in tests and assert stable outputs.,medium,83c53dd358f0d7ca
P3,determinism,NON_INJECTED_CLOCK,monitoring/monitoring_system.py,82,,"return {'monitor_name': self.name, 'timestamp': datetime.now().",Direct current-time call detected.,Runtime and tests become nondeterministic; relative dates can drift.,Inject a clock/reference_now parameter or central time provider.,Freeze clock in tests and assert stable outputs.,medium,2b8e3ceb20f9b698
P3,determinism,NON_INJECTED_CLOCK,monitoring/monitoring_system.py,123,,"process_count, 'timestamp': datetime.now().isoformat()}",Direct current-time call detected.,Runtime and tests become nondeterministic; relative dates can drift.,Inject a clock/reference_now parameter or central time provider.,Freeze clock in tests and assert stable outputs.,medium,c9df13b1054cf6ab
P3,determinism,NON_INJECTED_CLOCK,monitoring/monitoring_system.py,158,,"alertstatus.ACTIVE.value, 'timestamp': datetime.now().isoformat",Direct current-time call detected.,Runtime and tests become nondeterministic; relative dates can drift.,Inject a clock/reference_now parameter or central time provider.,Freeze clock in tests and assert stable outputs.,medium,2615533cb5da8854
P3,determinism,NON_INJECTED_CLOCK,monitoring/monitoring_system.py,184,,"0.0, 'timestamp': datetime.now().isoformat()}",Direct current-time call detected.,Runtime and tests become nondeterministic; relative dates can drift.,Inject a clock/reference_now parameter or central time provider.,Freeze clock in tests and assert stable outputs.,medium,3a690723fd4725fd
P3,determinism,NON_INJECTED_CLOCK,monitoring/monitoring_system.py,210,,"alertstatus.ACTIVE.value, 'timestamp': datetime.now().isoformat",Direct current-time call detected.,Runtime and tests become nondeterministic; relative dates can drift.,Inject a clock/reference_now parameter or central time provider.,Freeze clock in tests and assert stable outputs.,medium,c5ff1b963aefb524
P3,determinism,NON_INJECTED_CLOCK,monitoring/monitoring_system.py,239,,"s in self.data_sources.values()), 'timestamp': datetime.now",Direct current-time call detected.,Runtime and tests become nondeterministic; relative dates can drift.,Inject a clock/reference_now parameter or central time provider.,Freeze clock in tests and assert stable outputs.,medium,f2ef8f72a0458c61
P3,determinism,NON_INJECTED_CLOCK,monitoring/monitoring_system.py,263,,"alertstatus.ACTIVE.value, 'timestamp': datetime.now().isoformat",Direct current-time call detected.,Runtime and tests become nondeterministic; relative dates can drift.,Inject a clock/reference_now parameter or central time provider.,Freeze clock in tests and assert stable outputs.,medium,6f6c2c0ecf0988cc
P3,determinism,NON_INJECTED_CLOCK,monitoring/monitoring_system.py,297,,alert['resolved_at'] = datetime.now().isoformat(),Direct current-time call detected.,Runtime and tests become nondeterministic; relative dates can drift.,Inject a clock/reference_now parameter or central time provider.,Freeze clock in tests and assert stable outputs.,medium,7b11db7f31b110c1
P3,determinism,NON_INJECTED_CLOCK,monitoring/monitoring_system.py,312,,cutoff_time = datetime.now() - timedelta(hours=self.auto_resolve_hours),Direct current-time call detected.,Runtime and tests become nondeterministic; relative dates can drift.,Inject a clock/reference_now parameter or central time provider.,Freeze clock in tests and assert stable outputs.,medium,6892224b330a9d4f
P3,determinism,NON_INJECTED_CLOCK,monitoring/monitoring_system.py,370,,"dashboard_data: dict[str, Any] = {'timestamp': datetime.now().",Direct current-time call detected.,Runtime and tests become nondeterministic; relative dates can drift.,Inject a clock/reference_now parameter or central time provider.,Freeze clock in tests and assert stable outputs.,medium,9d63480c5e12a7f9
P3,determinism,NON_INJECTED_CLOCK,monitoring/monitoring_system.py,400,,cutoff_time = datetime.now() - timedelta(hours=hours),Direct current-time call detected.,Runtime and tests become nondeterministic; relative dates can drift.,Inject a clock/reference_now parameter or central time provider.,Freeze clock in tests and assert stable outputs.,medium,e2895033712b0f85
P3,determinism,NON_INJECTED_CLOCK,monitoring/monitoring_system.py,503,,"get_active_alerts()), 'last_collection': datetime.now().isoformat()",Direct current-time call detected.,Runtime and tests become nondeterministic; relative dates can drift.,Inject a clock/reference_now parameter or central time provider.,Freeze clock in tests and assert stable outputs.,medium,46a5f60bb3431f8b
P3,determinism,NON_INJECTED_CLOCK,monitoring/reporting/performance_reports.py,47,,'timestamp': (timestamp or datetime.now()).isoformat(),Direct current-time call detected.,Runtime and tests become nondeterministic; relative dates can drift.,Inject a clock/reference_now parameter or central time provider.,Freeze clock in tests and assert stable outputs.,medium,bfa6addc591049ae
P3,determinism,NON_INJECTED_CLOCK,monitoring/reporting/performance_reports.py,104,,"'timestamp': datetime.now().isoformat(),",Direct current-time call detected.,Runtime and tests become nondeterministic; relative dates can drift.,Inject a clock/reference_now parameter or central time provider.,Freeze clock in tests and assert stable outputs.,medium,3252b576a7486fb8
P3,determinism,NON_INJECTED_CLOCK,monitoring/tests.py,110,,'timestamp': datetime.now().isoformat(),Direct current-time call detected.,Runtime and tests become nondeterministic; relative dates can drift.,Inject a clock/reference_now parameter or central time provider.,Freeze clock in tests and assert stable outputs.,medium,11132de069e500e7
P3,determinism,NON_INJECTED_CLOCK,monitoring/tests.py,172,,"'timestamp': datetime.now().isoformat(),",Direct current-time call detected.,Runtime and tests become nondeterministic; relative dates can drift.,Inject a clock/reference_now parameter or central time provider.,Freeze clock in tests and assert stable outputs.,medium,7b42f392333f7eaa
P3,determinism,NON_INJECTED_CLOCK,monitoring/tests.py,191,,'timestamp': datetime.now().isoformat(),Direct current-time call detected.,Runtime and tests become nondeterministic; relative dates can drift.,Inject a clock/reference_now parameter or central time provider.,Freeze clock in tests and assert stable outputs.,medium,d751ac6de5b04bce
P3,determinism,NON_INJECTED_CLOCK,monitoring/tests.py,212,,'timestamp': datetime.now().isoformat(),Direct current-time call detected.,Runtime and tests become nondeterministic; relative dates can drift.,Inject a clock/reference_now parameter or central time provider.,Freeze clock in tests and assert stable outputs.,medium,399a37ce3b3553ea
P3,determinism,NON_INJECTED_CLOCK,monitoring/tests.py,219,,'timestamp': datetime.now().isoformat(),Direct current-time call detected.,Runtime and tests become nondeterministic; relative dates can drift.,Inject a clock/reference_now parameter or central time provider.,Freeze clock in tests and assert stable outputs.,medium,160af0d6440b31a1
P3,determinism,NON_INJECTED_CLOCK,monitoring/tests.py,325,,'timestamp': datetime.now().isoformat(),Direct current-time call detected.,Runtime and tests become nondeterministic; relative dates can drift.,Inject a clock/reference_now parameter or central time provider.,Freeze clock in tests and assert stable outputs.,medium,c81ae136f7bf6432
P3,determinism,NON_INJECTED_CLOCK,optimization/dynamic_config_updater.py,144,,"'timestamp': datetime.datetime.now().isoformat(),",Direct current-time call detected.,Runtime and tests become nondeterministic; relative dates can drift.,Inject a clock/reference_now parameter or central time provider.,Freeze clock in tests and assert stable outputs.,medium,5b45c9f3f8b051e4
P3,determinism,NON_INJECTED_CLOCK,optimization/hyperparameter_searcher.py,305,,"f""hyperparameter_search_results_{datetime.now().strftime('%Y%m%d_%H%M%S')}.json""",Direct current-time call detected.,Runtime and tests become nondeterministic; relative dates can drift.,Inject a clock/reference_now parameter or central time provider.,Freeze clock in tests and assert stable outputs.,medium,ef76f04504f99056
P3,determinism,NON_INJECTED_CLOCK,optimization/hyperparameter_searcher.py,309,,"'trial_history': self.trial_history, 'timestamp': datetime.now(",Direct current-time call detected.,Runtime and tests become nondeterministic; relative dates can drift.,Inject a clock/reference_now parameter or central time provider.,Freeze clock in tests and assert stable outputs.,medium,f6323a8c2d6eec20
P3,determinism,NON_INJECTED_CLOCK,patterns/pattern_analyzer.py,36,,"f""pattern_{datetime.now().strftime('%H%M%S')}"")",Direct current-time call detected.,Runtime and tests become nondeterministic; relative dates can drift.,Inject a clock/reference_now parameter or central time provider.,Freeze clock in tests and assert stable outputs.,medium,4ffb6ec55fe622c4
P3,determinism,NON_INJECTED_CLOCK,patterns/pattern_analyzer.py,38,,"self.log('INFO', f'Start time: {datetime.now().isoformat()}')",Direct current-time call detected.,Runtime and tests become nondeterministic; relative dates can drift.,Inject a clock/reference_now parameter or central time provider.,Freeze clock in tests and assert stable outputs.,medium,78530fc0cf3db7de
P3,determinism,NON_INJECTED_CLOCK,patterns/pattern_analyzer.py,44,,timestamp = datetime.now().isoformat(),Direct current-time call detected.,Runtime and tests become nondeterministic; relative dates can drift.,Inject a clock/reference_now parameter or central time provider.,Freeze clock in tests and assert stable outputs.,medium,a601af2c1906b9e4
P3,determinism,NON_INJECTED_CLOCK,patterns/pattern_analyzer.py,144,,timestamp = datetime.now().strftime('%Y%m%d_%H%M%S'),Direct current-time call detected.,Runtime and tests become nondeterministic; relative dates can drift.,Inject a clock/reference_now parameter or central time provider.,Freeze clock in tests and assert stable outputs.,medium,26dea3ce80848cee
P3,determinism,NON_INJECTED_CLOCK,patterns/pattern_analyzer.py,235,,results['analysis_timestamp'] = datetime.now().isoformat(),Direct current-time call detected.,Runtime and tests become nondeterministic; relative dates can drift.,Inject a clock/reference_now parameter or central time provider.,Freeze clock in tests and assert stable outputs.,medium,51232409dfaf5078
P3,determinism,NON_INJECTED_CLOCK,pipeline/guards/macro_release_timing_guard.py,497,,current_time = pd.Timestamp.now(),Direct current-time call detected.,Runtime and tests become nondeterministic; relative dates can drift.,Inject a clock/reference_now parameter or central time provider.,Freeze clock in tests and assert stable outputs.,medium,41de9ca63848670b
P3,determinism,NON_INJECTED_CLOCK,pipeline/guards/safe_feature_combiner.py,359,,'timestamp': pd.Timestamp.now().isoformat(),Direct current-time call detected.,Runtime and tests become nondeterministic; relative dates can drift.,Inject a clock/reference_now parameter or central time provider.,Freeze clock in tests and assert stable outputs.,medium,43b3d203cb376a06
P3,determinism,NON_INJECTED_CLOCK,pipeline/guards/safe_feature_combiner.py,442,,current_time = pd.Timestamp.now(),Direct current-time call detected.,Runtime and tests become nondeterministic; relative dates can drift.,Inject a clock/reference_now parameter or central time provider.,Freeze clock in tests and assert stable outputs.,medium,dbed6f81ccfe3353
P3,determinism,NON_INJECTED_CLOCK,pipeline/guards/temporal_leakage_guard.py,533,,current_time = pd.Timestamp.now(),Direct current-time call detected.,Runtime and tests become nondeterministic; relative dates can drift.,Inject a clock/reference_now parameter or central time provider.,Freeze clock in tests and assert stable outputs.,medium,c06f742ce6baafe4
P3,determinism,NON_INJECTED_CLOCK,pipeline/guards/temporal_target_guard.py,146,,"return guard.generate_targets_safe(df, timeframe, pd.Timestamp.now(), configs)",Direct current-time call detected.,Runtime and tests become nondeterministic; relative dates can drift.,Inject a clock/reference_now parameter or central time provider.,Freeze clock in tests and assert stable outputs.,medium,18e3f25d0aad52a3
P3,determinism,NON_INJECTED_CLOCK,pipeline/guards/timeframe_alignment_guard.py,433,,current_time = pd.Timestamp.now(),Direct current-time call detected.,Runtime and tests become nondeterministic; relative dates can drift.,Inject a clock/reference_now parameter or central time provider.,Freeze clock in tests and assert stable outputs.,medium,358b50b8edaaf828
P3,determinism,NON_INJECTED_CLOCK,pipeline/hybrid/cache_manager.py,58,,days = (datetime.now() - datetime.fromisoformat(last_ts)).days,Direct current-time call detected.,Runtime and tests become nondeterministic; relative dates can drift.,Inject a clock/reference_now parameter or central time provider.,Freeze clock in tests and assert stable outputs.,medium,0b29d40279cadce5
P3,determinism,NON_INJECTED_CLOCK,pipeline/hybrid/colab_manager.py,59,,"timestamp = datetime.now().strftime(""%Y%m%d_%H%M%S"")",Direct current-time call detected.,Runtime and tests become nondeterministic; relative dates can drift.,Inject a clock/reference_now parameter or central time provider.,Freeze clock in tests and assert stable outputs.,medium,28249c96d8bfb58b
P3,determinism,NON_INJECTED_CLOCK,pipeline/hybrid/feature_selection_manager.py,85,,'timestamp': pd.Timestamp.now().isoformat(),Direct current-time call detected.,Runtime and tests become nondeterministic; relative dates can drift.,Inject a clock/reference_now parameter or central time provider.,Freeze clock in tests and assert stable outputs.,medium,fc738820861b3b71
P3,determinism,NON_INJECTED_CLOCK,pipeline/hybrid/feature_selection_validator.py,78,,days = (datetime.now() - datetime.fromisoformat(last_ts)).days,Direct current-time call detected.,Runtime and tests become nondeterministic; relative dates can drift.,Inject a clock/reference_now parameter or central time provider.,Freeze clock in tests and assert stable outputs.,medium,f3390d66051048f6
P3,determinism,NON_INJECTED_CLOCK,pipeline/hybrid/feature_selection_validator.py,154,,datetime.now().isoformat()},Direct current-time call detected.,Runtime and tests become nondeterministic; relative dates can drift.,Inject a clock/reference_now parameter or central time provider.,Freeze clock in tests and assert stable outputs.,medium,9005c1ec224b4fac
P3,determinism,NON_INJECTED_CLOCK,pipeline/hybrid/final_stages_executor.py,194,,"return {'timestamp': datetime.now().isoformat(), 'batch_name': self",Direct current-time call detected.,Runtime and tests become nondeterministic; relative dates can drift.,Inject a clock/reference_now parameter or central time provider.,Freeze clock in tests and assert stable outputs.,medium,2cb3ad1a4ebb47bc
P3,determinism,NON_INJECTED_CLOCK,pipeline/hybrid/final_stages_executor.py,204,,") / f""final_results_{datetime.now().strftime('%Y%m%d_%H%M%S')}.json""",Direct current-time call detected.,Runtime and tests become nondeterministic; relative dates can drift.,Inject a clock/reference_now parameter or central time provider.,Freeze clock in tests and assert stable outputs.,medium,9ea1aaf4cb597d4b
P3,determinism,NON_INJECTED_CLOCK,pipeline/hybrid/final_stages_orchestrator.py,86,,"'timestamp': datetime.now().isoformat(),",Direct current-time call detected.,Runtime and tests become nondeterministic; relative dates can drift.,Inject a clock/reference_now parameter or central time provider.,Freeze clock in tests and assert stable outputs.,medium,79d685760d2f838f
P3,determinism,NON_INJECTED_CLOCK,pipeline/hybrid/final_stages_orchestrator.py,95,,"output_path = self.output_dir / f""final_results_{datetime.now().strftime('%Y%m%d_%H%M%S')}.json""",Direct current-time call detected.,Runtime and tests become nondeterministic; relative dates can drift.,Inject a clock/reference_now parameter or central time provider.,Freeze clock in tests and assert stable outputs.,medium,580f035b65cf2af1
P3,determinism,NON_INJECTED_CLOCK,pipeline/hybrid/light_models_trainer.py,51,,timestamp = datetime.now().strftime('%Y%m%d_%H%M%S'),Direct current-time call detected.,Runtime and tests become nondeterministic; relative dates can drift.,Inject a clock/reference_now parameter or central time provider.,Freeze clock in tests and assert stable outputs.,medium,ddbff66a9f02e68e
P3,determinism,NON_INJECTED_CLOCK,pipeline/hybrid/metadata_manager.py,94,,"'timestamp': datetime.now().isoformat(),",Direct current-time call detected.,Runtime and tests become nondeterministic; relative dates can drift.,Inject a clock/reference_now parameter or central time provider.,Freeze clock in tests and assert stable outputs.,medium,5c67d529c2b49f23
P3,determinism,NON_INJECTED_CLOCK,pipeline/hybrid/metadata_manager.py,100,,"timestamp = datetime.now().strftime(""%Y%m%d_%H%M%S"")",Direct current-time call detected.,Runtime and tests become nondeterministic; relative dates can drift.,Inject a clock/reference_now parameter or central time provider.,Freeze clock in tests and assert stable outputs.,medium,6678c1ed0d49584e
P3,determinism,NON_INJECTED_CLOCK,pipeline/hybrid/model_training_orchestrator.py,223,,"'timestamp': datetime.now().isoformat(),",Direct current-time call detected.,Runtime and tests become nondeterministic; relative dates can drift.,Inject a clock/reference_now parameter or central time provider.,Freeze clock in tests and assert stable outputs.,medium,0df02540fa6d108e
P3,determinism,NON_INJECTED_CLOCK,pipeline/hybrid/pipeline_executor.py,34,,"timestamp = pd.Timestamp.now().strftime(""%Y%m%d_%H%M%S"")",Direct current-time call detected.,Runtime and tests become nondeterministic; relative dates can drift.,Inject a clock/reference_now parameter or central time provider.,Freeze clock in tests and assert stable outputs.,medium,8bc54849993a8bee
P3,determinism,NON_INJECTED_CLOCK,pipeline/hybrid/pipeline_metadata_manager.py,62,,"accumulated_results = {'timestamp': datetime.now().isoformat(),",Direct current-time call detected.,Runtime and tests become nondeterministic; relative dates can drift.,Inject a clock/reference_now parameter or central time provider.,Freeze clock in tests and assert stable outputs.,medium,10a6ac4884da66b8
P3,determinism,NON_INJECTED_CLOCK,pipeline/hybrid/pipeline_runner.py,40,,"timestamp = datetime.now().strftime(""%Y%m%d_%H%M%S"")",Direct current-time call detected.,Runtime and tests become nondeterministic; relative dates can drift.,Inject a clock/reference_now parameter or central time provider.,Freeze clock in tests and assert stable outputs.,medium,d69d0eec6500fa33
P3,determinism,NON_INJECTED_CLOCK,pipeline/stages/evaluation/analytics.py,104,,"""timestamp"": pd.Timestamp.now().isoformat(),",Direct current-time call detected.,Runtime and tests become nondeterministic; relative dates can drift.,Inject a clock/reference_now parameter or central time provider.,Freeze clock in tests and assert stable outputs.,medium,b15bc712eb46e179
P3,determinism,NON_INJECTED_CLOCK,pipeline/stages/evaluation/backtest_adapter.py,24,,price_pivot.index = [pd.Timestamp.now()],Direct current-time call detected.,Runtime and tests become nondeterministic; relative dates can drift.,Inject a clock/reference_now parameter or central time provider.,Freeze clock in tests and assert stable outputs.,medium,55f776ef89513f26
P3,determinism,NON_INJECTED_CLOCK,pipeline/stages/evaluation/backtest_adapter.py,33,,price_pivot.index = [pd.Timestamp.now()],Direct current-time call detected.,Runtime and tests become nondeterministic; relative dates can drift.,Inject a clock/reference_now parameter or central time provider.,Freeze clock in tests and assert stable outputs.,medium,6dc4e4607cdb6ace
P3,determinism,NON_INJECTED_CLOCK,pipeline/stages/evaluation/backtest_analyzer.py,67,,price_pivot.index = [pd.Timestamp.now()],Direct current-time call detected.,Runtime and tests become nondeterministic; relative dates can drift.,Inject a clock/reference_now parameter or central time provider.,Freeze clock in tests and assert stable outputs.,medium,9ffea314cb4525a6
P3,determinism,NON_INJECTED_CLOCK,pipeline/stages/evaluation/backtest_analyzer.py,77,,price_pivot.index = [pd.Timestamp.now()],Direct current-time call detected.,Runtime and tests become nondeterministic; relative dates can drift.,Inject a clock/reference_now parameter or central time provider.,Freeze clock in tests and assert stable outputs.,medium,7c948ac7effbf6f0
P3,determinism,NON_INJECTED_CLOCK,pipeline/stages/evaluation/backtest_analyzer.py,107,,end_date = datetime.now(),Direct current-time call detected.,Runtime and tests become nondeterministic; relative dates can drift.,Inject a clock/reference_now parameter or central time provider.,Freeze clock in tests and assert stable outputs.,medium,f0f865ab78d45938
P3,determinism,NON_INJECTED_CLOCK,pipeline/stages/evaluation/backtest_analyzer.py,144,,"dates = pd.date_range(end=datetime.now(), periods=2, freq='D')",Direct current-time call detected.,Runtime and tests become nondeterministic; relative dates can drift.,Inject a clock/reference_now parameter or central time provider.,Freeze clock in tests and assert stable outputs.,medium,fc9c280529de6548
P3,determinism,NON_INJECTED_CLOCK,pipeline/stages/evaluation/backtest_analyzer.py,267,,"dates = pd.date_range(end=pd.Timestamp.now(), periods=2, freq='D')",Direct current-time call detected.,Runtime and tests become nondeterministic; relative dates can drift.,Inject a clock/reference_now parameter or central time provider.,Freeze clock in tests and assert stable outputs.,medium,a3bf8b0c63d658cb
P3,determinism,NON_INJECTED_CLOCK,pipeline/stages/evaluation/report_generator.py,96,,'timestamp': pd.Timestamp.now().isoformat(),Direct current-time call detected.,Runtime and tests become nondeterministic; relative dates can drift.,Inject a clock/reference_now parameter or central time provider.,Freeze clock in tests and assert stable outputs.,medium,296fdd7dd7865aff
P3,determinism,NON_INJECTED_CLOCK,pipeline/stages/evaluation/report_generator.py,116,,"'timestamp': pd.Timestamp.now().isoformat(),",Direct current-time call detected.,Runtime and tests become nondeterministic; relative dates can drift.,Inject a clock/reference_now parameter or central time provider.,Freeze clock in tests and assert stable outputs.,medium,710ad825267741a2
P3,determinism,NON_INJECTED_CLOCK,pipeline/stages/evaluation/report_generator.py,160,,"file_path = save_dir / f""summary_{pd.Timestamp.now().strftime('%Y%m%d_%H%M%S')}.json""",Direct current-time call detected.,Runtime and tests become nondeterministic; relative dates can drift.,Inject a clock/reference_now parameter or central time provider.,Freeze clock in tests and assert stable outputs.,medium,fc77fffe62c5b653
P3,determinism,NON_INJECTED_CLOCK,pipeline/stages/feature_engineering/orchestrator.py,86,,'timestamp': datetime.now().isoformat(),Direct current-time call detected.,Runtime and tests become nondeterministic; relative dates can drift.,Inject a clock/reference_now parameter or central time provider.,Freeze clock in tests and assert stable outputs.,medium,df4bb3dbb8e6e69a
P3,determinism,NON_INJECTED_CLOCK,pipeline/stages/modeling/metrics.py,23,,"""timestamp"": datetime.datetime.now().isoformat(),",Direct current-time call detected.,Runtime and tests become nondeterministic; relative dates can drift.,Inject a clock/reference_now parameter or central time provider.,Freeze clock in tests and assert stable outputs.,medium,3e0b1149241ea1d2
P3,determinism,NON_INJECTED_CLOCK,pipeline/stages/modeling/metrics.py,35,,"""timestamp"": datetime.datetime.now().isoformat(),",Direct current-time call detected.,Runtime and tests become nondeterministic; relative dates can drift.,Inject a clock/reference_now parameter or central time provider.,Freeze clock in tests and assert stable outputs.,medium,4eced529b55a7056
P3,determinism,NON_INJECTED_CLOCK,pipeline/stages/modeling/utils.py,31,,"""timestamp"": datetime.datetime.now().isoformat(),",Direct current-time call detected.,Runtime and tests become nondeterministic; relative dates can drift.,Inject a clock/reference_now parameter or central time provider.,Freeze clock in tests and assert stable outputs.,medium,b61bbb943de04e68
P3,determinism,NON_INJECTED_CLOCK,pipeline/stages/modeling/utils.py,42,,"""timestamp"": datetime.datetime.now().isoformat(),",Direct current-time call detected.,Runtime and tests become nondeterministic; relative dates can drift.,Inject a clock/reference_now parameter or central time provider.,Freeze clock in tests and assert stable outputs.,medium,0ad568c904fd3109
P3,determinism,NON_INJECTED_CLOCK,pipeline/stages/prediction/result_builder.py,116,,ts_val = datetime.now().isoformat(),Direct current-time call detected.,Runtime and tests become nondeterministic; relative dates can drift.,Inject a clock/reference_now parameter or central time provider.,Freeze clock in tests and assert stable outputs.,medium,069e11937cb82256
P3,determinism,NON_INJECTED_CLOCK,pipeline/stages/prediction/result_builder.py,188,,"stage_5_results = {'timestamp': datetime.now().isoformat(),",Direct current-time call detected.,Runtime and tests become nondeterministic; relative dates can drift.,Inject a clock/reference_now parameter or central time provider.,Freeze clock in tests and assert stable outputs.,medium,f11c70b32ae3d3e2
P3,determinism,NON_INJECTED_CLOCK,pipeline/stages/processing/orchestrator.py,115,,'timestamp': datetime.now().isoformat(),Direct current-time call detected.,Runtime and tests become nondeterministic; relative dates can drift.,Inject a clock/reference_now parameter or central time provider.,Freeze clock in tests and assert stable outputs.,medium,11150d2a4fb10ddc
P3,determinism,NON_INJECTED_CLOCK,pipeline/stages/processing/storage.py,20,,timestamp = datetime.now().strftime('%Y%m%d_%H%M%S'),Direct current-time call detected.,Runtime and tests become nondeterministic; relative dates can drift.,Inject a clock/reference_now parameter or central time provider.,Freeze clock in tests and assert stable outputs.,medium,3bbeedb3ad1684ce
P3,determinism,NON_INJECTED_CLOCK,pipeline/stages/stage_4_modeling.py,129,,'timestamp': datetime.datetime.now().isoformat(),Direct current-time call detected.,Runtime and tests become nondeterministic; relative dates can drift.,Inject a clock/reference_now parameter or central time provider.,Freeze clock in tests and assert stable outputs.,medium,5c9eaa5e7163708f
P3,determinism,NON_INJECTED_CLOCK,pipeline/stages/stage_5_prediction.py,449,,"stage_5_results = {'timestamp': datetime.now().isoformat(),",Direct current-time call detected.,Runtime and tests become nondeterministic; relative dates can drift.,Inject a clock/reference_now parameter or central time provider.,Freeze clock in tests and assert stable outputs.,medium,27decd38343efed6
P3,determinism,NON_INJECTED_CLOCK,pipeline/stages/stage_6_trading_execution.py,243,,timestamp = datetime.now(timezone.utc),Direct current-time call detected.,Runtime and tests become nondeterministic; relative dates can drift.,Inject a clock/reference_now parameter or central time provider.,Freeze clock in tests and assert stable outputs.,medium,764fc2b7a833bb74
P3,determinism,NON_INJECTED_CLOCK,pipeline/stages/stage_6_trading_execution.py,245,,timestamp = datetime.now(timezone.utc),Direct current-time call detected.,Runtime and tests become nondeterministic; relative dates can drift.,Inject a clock/reference_now parameter or central time provider.,Freeze clock in tests and assert stable outputs.,medium,ee7468321f855b3b
P3,determinism,NON_INJECTED_CLOCK,pipeline/stages/stage_7_evaluation.py,174,,'timestamp': pd.Timestamp.now().isoformat(),Direct current-time call detected.,Runtime and tests become nondeterministic; relative dates can drift.,Inject a clock/reference_now parameter or central time provider.,Freeze clock in tests and assert stable outputs.,medium,af29f0c30b97ac3e
P3,determinism,NON_INJECTED_CLOCK,pipeline/stages/trading/data_io.py,94,,"stage_6_results = {'timestamp': datetime.now().isoformat(),",Direct current-time call detected.,Runtime and tests become nondeterministic; relative dates can drift.,Inject a clock/reference_now parameter or central time provider.,Freeze clock in tests and assert stable outputs.,medium,bc648761691b0df6
P3,determinism,NON_INJECTED_CLOCK,pipeline/stages/trading/recommendation_engine.py,508,,'timestamp': datetime.now().isoformat()},Direct current-time call detected.,Runtime and tests become nondeterministic; relative dates can drift.,Inject a clock/reference_now parameter or central time provider.,Freeze clock in tests and assert stable outputs.,medium,009dfc6a325e82cc
P3,determinism,NON_INJECTED_CLOCK,predictions/caching.py,114,,if ttl_seconds and (datetime.now() - timestamp).total_seconds(,Direct current-time call detected.,Runtime and tests become nondeterministic; relative dates can drift.,Inject a clock/reference_now parameter or central time provider.,Freeze clock in tests and assert stable outputs.,medium,111428ea29731bcf
P3,determinism,NON_INJECTED_CLOCK,predictions/caching.py,129,,"self.cache[cache_key] = result, datetime.now()",Direct current-time call detected.,Runtime and tests become nondeterministic; relative dates can drift.,Inject a clock/reference_now parameter or central time provider.,Freeze clock in tests and assert stable outputs.,medium,c0095c80d7cb3224
P3,determinism,NON_INJECTED_CLOCK,risk/elite_risk_metrics.py,235,,"position_risks, 'timestamp': datetime.now().isoformat(),",Direct current-time call detected.,Runtime and tests become nondeterministic; relative dates can drift.,Inject a clock/reference_now parameter or central time provider.,Freeze clock in tests and assert stable outputs.,medium,b3b543477117e856
P3,determinism,NON_INJECTED_CLOCK,risk/elite_risk_metrics.py,491,,"violations, 'warnings': warnings, 'checked_at': datetime.now().",Direct current-time call detected.,Runtime and tests become nondeterministic; relative dates can drift.,Inject a clock/reference_now parameter or central time provider.,Freeze clock in tests and assert stable outputs.,medium,46aab1d4f615773d
P3,determinism,NON_INJECTED_CLOCK,risk/kill_switch/alerts.py,16,,ts = timestamp or datetime.now(),Direct current-time call detected.,Runtime and tests become nondeterministic; relative dates can drift.,Inject a clock/reference_now parameter or central time provider.,Freeze clock in tests and assert stable outputs.,medium,39de54f315da04b1
P3,determinism,NON_INJECTED_CLOCK,risk/kill_switch/manager.py,41,,"'timestamp': datetime.now(),",Direct current-time call detected.,Runtime and tests become nondeterministic; relative dates can drift.,Inject a clock/reference_now parameter or central time provider.,Freeze clock in tests and assert stable outputs.,medium,c3c6434225441179
P3,determinism,NON_INJECTED_CLOCK,risk/kill_switch/manager.py,87,,"save_path = self.config_manager.storage_path / f""risk_event_{datetime.now().strftime('%Y%m%d_%H%M%S')}.json""",Direct current-time call detected.,Runtime and tests become nondeterministic; relative dates can drift.,Inject a clock/reference_now parameter or central time provider.,Freeze clock in tests and assert stable outputs.,medium,f08cef5d9fc9ab05
P3,determinism,NON_INJECTED_CLOCK,risk/max_exposure_monitor.py,38,,"'timestamp': datetime.now().isoformat(),",Direct current-time call detected.,Runtime and tests become nondeterministic; relative dates can drift.,Inject a clock/reference_now parameter or central time provider.,Freeze clock in tests and assert stable outputs.,medium,fe2f9a045c5c060b
P3,determinism,NON_INJECTED_CLOCK,trading/adaptive_parameter_manager.py,281,,"'timestamp': pd.Timestamp.now(),",Direct current-time call detected.,Runtime and tests become nondeterministic; relative dates can drift.,Inject a clock/reference_now parameter or central time provider.,Freeze clock in tests and assert stable outputs.,medium,35501fa87a34567a
P3,determinism,NON_INJECTED_CLOCK,trading/consensus_engine.py,31,,timestamp: datetime = field(default_factory=datetime.now),Direct current-time call detected.,Runtime and tests become nondeterministic; relative dates can drift.,Inject a clock/reference_now parameter or central time provider.,Freeze clock in tests and assert stable outputs.,medium,4511efbfd7f93ba8
P3,determinism,NON_INJECTED_CLOCK,trading/live_adaptive_ensemble.py,99,,"timestamp=datetime.now(),",Direct current-time call detected.,Runtime and tests become nondeterministic; relative dates can drift.,Inject a clock/reference_now parameter or central time provider.,Freeze clock in tests and assert stable outputs.,medium,f1f62edda86927f9
P3,determinism,NON_INJECTED_CLOCK,trading/live_adaptive_ensemble.py,124,,(datetime.now() - self.last_reweight_time).days >= self.reweight_interval_days,Direct current-time call detected.,Runtime and tests become nondeterministic; relative dates can drift.,Inject a clock/reference_now parameter or central time provider.,Freeze clock in tests and assert stable outputs.,medium,822280c6841290db
P3,determinism,NON_INJECTED_CLOCK,trading/live_adaptive_ensemble.py,129,,cutoff_time = datetime.now() - timedelta(days=lookback_days),Direct current-time call detected.,Runtime and tests become nondeterministic; relative dates can drift.,Inject a clock/reference_now parameter or central time provider.,Freeze clock in tests and assert stable outputs.,medium,07e13bd01fa75949
P3,determinism,NON_INJECTED_CLOCK,trading/live_adaptive_ensemble.py,207,,"timestamp=datetime.now(),",Direct current-time call detected.,Runtime and tests become nondeterministic; relative dates can drift.,Inject a clock/reference_now parameter or central time provider.,Freeze clock in tests and assert stable outputs.,medium,a09af4b2c1224cb0
P3,determinism,NON_INJECTED_CLOCK,trading/live_adaptive_ensemble.py,253,,self.last_reweight_time = datetime.now(),Direct current-time call detected.,Runtime and tests become nondeterministic; relative dates can drift.,Inject a clock/reference_now parameter or central time provider.,Freeze clock in tests and assert stable outputs.,medium,104e0efdd061aad8
P3,determinism,NON_INJECTED_CLOCK,trading/virtual_portfolio.py,113,,"performance_history, 'last_updated': datetime.now().isoformat()}",Direct current-time call detected.,Runtime and tests become nondeterministic; relative dates can drift.,Inject a clock/reference_now parameter or central time provider.,Freeze clock in tests and assert stable outputs.,medium,50f8c8b77a0b1d3b
P3,determinism,NON_INJECTED_CLOCK,trading/virtual_portfolio.py,183,,"return {'timestamp': datetime.now(), 'type': 'BUY', 'ticker':",Direct current-time call detected.,Runtime and tests become nondeterministic; relative dates can drift.,Inject a clock/reference_now parameter or central time provider.,Freeze clock in tests and assert stable outputs.,medium,de0507e555840504
P3,determinism,NON_INJECTED_CLOCK,trading/virtual_portfolio.py,203,,"total_cost / quantity, 'entry_time': datetime.now(),",Direct current-time call detected.,Runtime and tests become nondeterministic; relative dates can drift.,Inject a clock/reference_now parameter or central time provider.,Freeze clock in tests and assert stable outputs.,medium,be276fe575abcf34
P3,determinism,NON_INJECTED_CLOCK,trading/virtual_portfolio.py,225,,"transaction = {'timestamp': datetime.now(), 'type': 'SELL',",Direct current-time call detected.,Runtime and tests become nondeterministic; relative dates can drift.,Inject a clock/reference_now parameter or central time provider.,Freeze clock in tests and assert stable outputs.,medium,5888699e3648fcf7
P3,determinism,NON_INJECTED_CLOCK,trading/virtual_portfolio.py,259,,equity_curve[datetime.now()] = total_value,Direct current-time call detected.,Runtime and tests become nondeterministic; relative dates can drift.,Inject a clock/reference_now parameter or central time provider.,Freeze clock in tests and assert stable outputs.,medium,2322d2ab66168e9e
P3,determinism,NON_INJECTED_CLOCK,trading/virtual_portfolio.py,272,,"positions_report, 'metrics': metrics, 'timestamp': datetime.now",Direct current-time call detected.,Runtime and tests become nondeterministic; relative dates can drift.,Inject a clock/reference_now parameter or central time provider.,Freeze clock in tests and assert stable outputs.,medium,53bbc4114ec5de3c
P3,determinism,NON_INJECTED_CLOCK,trading/virtual_portfolio.py,278,,"record = {'timestamp': datetime.now().isoformat(), 'total_value':",Direct current-time call detected.,Runtime and tests become nondeterministic; relative dates can drift.,Inject a clock/reference_now parameter or central time provider.,Freeze clock in tests and assert stable outputs.,medium,857ad295d49b7ec5
P3,determinism,NON_INJECTED_CLOCK,training/adaptive_training_manager.py,350,,"'execution_phases']), 'timestamp': datetime.now().isoformat()}",Direct current-time call detected.,Runtime and tests become nondeterministic; relative dates can drift.,Inject a clock/reference_now parameter or central time provider.,Freeze clock in tests and assert stable outputs.,medium,1bac9ed02eb440f7
P3,determinism,NON_INJECTED_CLOCK,training/adaptive_training_manager.py,357,,ts = datetime.now().strftime('%Y%m%d_%H%M%S'),Direct current-time call detected.,Runtime and tests become nondeterministic; relative dates can drift.,Inject a clock/reference_now parameter or central time provider.,Freeze clock in tests and assert stable outputs.,medium,33ff50fd7b1d57fd
P3,determinism,NON_INJECTED_CLOCK,training/base_trainer.py,387,,"""timestamp"": datetime.now().isoformat()",Direct current-time call detected.,Runtime and tests become nondeterministic; relative dates can drift.,Inject a clock/reference_now parameter or central time provider.,Freeze clock in tests and assert stable outputs.,medium,3ca50338821cb000
P3,determinism,NON_INJECTED_CLOCK,training/pattern_aware_training.py,75,,"'timestamp': datetime.now().isoformat(),",Direct current-time call detected.,Runtime and tests become nondeterministic; relative dates can drift.,Inject a clock/reference_now parameter or central time provider.,Freeze clock in tests and assert stable outputs.,medium,dbe7fb4acbc7495a
P3,determinism,NON_INJECTED_CLOCK,training/progressive_trainer.py,326,,"""timestamp"": datetime.now().isoformat()",Direct current-time call detected.,Runtime and tests become nondeterministic; relative dates can drift.,Inject a clock/reference_now parameter or central time provider.,Freeze clock in tests and assert stable outputs.,medium,3e0fb7792d4b2daf
P3,determinism,NON_INJECTED_CLOCK,training/progressive_trainer.py,331,,"timestamp = datetime.now().strftime(""%Y%m%d_%H%M%S"")",Direct current-time call detected.,Runtime and tests become nondeterministic; relative dates can drift.,Inject a clock/reference_now parameter or central time provider.,Freeze clock in tests and assert stable outputs.,medium,664f8aeb3890c3d3
P3,determinism,NON_INJECTED_CLOCK,training/state/training_state_manager.py,100,,"""timestamp"": datetime.now().isoformat()",Direct current-time call detected.,Runtime and tests become nondeterministic; relative dates can drift.,Inject a clock/reference_now parameter or central time provider.,Freeze clock in tests and assert stable outputs.,medium,c3c0e54518ff769a
P3,determinism,NON_INJECTED_CLOCK,training/unified_training_manager.py,98,,datetime.now().isoformat()},Direct current-time call detected.,Runtime and tests become nondeterministic; relative dates can drift.,Inject a clock/reference_now parameter or central time provider.,Freeze clock in tests and assert stable outputs.,medium,8c65f645e043f9e6
P3,determinism,NON_INJECTED_CLOCK,training/unified_training_manager.py,169,,"'timestamp': datetime.now().isoformat(), 'ticker_plans': {}})",Direct current-time call detected.,Runtime and tests become nondeterministic; relative dates can drift.,Inject a clock/reference_now parameter or central time provider.,Freeze clock in tests and assert stable outputs.,medium,109a4d632e70f508
P3,determinism,NON_INJECTED_CLOCK,training/unified_training_manager.py,204,,"f""unified_plan_{datetime.now().strftime('%Y%m%d_%H%M%S')}.json"")",Direct current-time call detected.,Runtime and tests become nondeterministic; relative dates can drift.,Inject a clock/reference_now parameter or central time provider.,Freeze clock in tests and assert stable outputs.,medium,8ce95c4013a565a4
P3,determinism,NON_INJECTED_CLOCK,training/unified_training_manager.py,211,,"f""unified_results_{datetime.now().strftime('%Y%m%d_%H%M%S')}.json"")",Direct current-time call detected.,Runtime and tests become nondeterministic; relative dates can drift.,Inject a clock/reference_now parameter or central time provider.,Freeze clock in tests and assert stable outputs.,medium,a0101f98f169265b
P3,determinism,NON_INJECTED_CLOCK,utils/trading_calendar.py,16,,"def __init__(self, start_year: int=2020, end_year: int=datetime.now().",Direct current-time call detected.,Runtime and tests become nondeterministic; relative dates can drift.,Inject a clock/reference_now parameter or central time provider.,Freeze clock in tests and assert stable outputs.,medium,8620bac23ff4e747
P3,determinism,NON_INJECTED_CLOCK,validation/temporal_feature_separator.py,93,,'analysis_timestamp': datetime.now().isoformat(),Direct current-time call detected.,Runtime and tests become nondeterministic; relative dates can drift.,Inject a clock/reference_now parameter or central time provider.,Freeze clock in tests and assert stable outputs.,medium,96aea692ec2b2bd9
P3,determinism,NON_INJECTED_CLOCK,validation/temporal_feature_separator.py,287,,'generated_at': datetime.now().isoformat(),Direct current-time call detected.,Runtime and tests become nondeterministic; relative dates can drift.,Inject a clock/reference_now parameter or central time provider.,Freeze clock in tests and assert stable outputs.,medium,611e9f92d2319118
