rule,file,line,snippet
target_col_in_feature,src/algorithms/adaptive_position_sizer.py,213,target_risk_pct = self.base_position_size_pct
target_col_in_feature,src/algorithms/adaptive_position_sizer.py,216,"return min(target_risk_pct / var_pct, 2.0)"
broad_except,src/algorithms/adaptive_position_sizer.py,217,except Exception as e:
broad_except,src/algorithms/adaptive_position_sizer.py,312,except Exception as e:
broad_except,src/algorithms/adaptive_position_sizer.py,329,except Exception as e:
broad_except,src/algorithms/advanced_backtest_engine.py,130,except Exception as e:
broad_except,src/algorithms/advanced_backtest_engine.py,155,except Exception as e:
broad_except,src/algorithms/advanced_backtest_engine.py,185,except Exception as e:
negative_shift,src/algorithms/bias_detector.py,108,"returns = prices.pct_change(periods=lag, fill_method=None).shift(-lag)"
negative_shift,src/algorithms/bias_detector.py,111,return prices.shift(-lag)
broad_except,src/algorithms/bias_detector.py,66,except Exception as e:
broad_except,src/algorithms/regime_detector.py,79,except Exception as e:
target_col_in_feature,src/algorithms/risk_parity_allocator.py,96,"{}), 'target_volatility': params.get('target_volatility')}"
target_col_in_feature,src/algorithms/risk_parity_allocator.py,107,if params['target_volatility'] is not None:
target_col_in_feature,src/algorithms/risk_parity_allocator.py,108,"weights = self._scale_to_target_volatility(weights, vols,"
target_col_in_feature,src/algorithms/risk_parity_allocator.py,109,"correlations, params['target_volatility'])"
target_col_in_feature,src/algorithms/risk_parity_allocator.py,126,"]), 'target_volatility': params['target_volatility']}"
target_col_in_feature,src/algorithms/risk_parity_allocator.py,175,target_contrib = 1.0 / n_assets
target_col_in_feature,src/algorithms/risk_parity_allocator.py,176,return np.sum((risk_contrib - target_contrib) ** 2)
target_col_in_feature,src/algorithms/risk_parity_allocator.py,379,"def _scale_to_target_volatility(self, weights: np.ndarray, vols: np."
target_col_in_feature,src/algorithms/risk_parity_allocator.py,380,"ndarray, correlations: (np.ndarray | None), target_volatility: float"
target_col_in_feature,src/algorithms/risk_parity_allocator.py,391,scale_factor = target_volatility / portfolio_vol
broad_except,src/algorithms/risk_parity_allocator.py,76,except Exception as e:
broad_except,src/algorithms/risk_parity_allocator.py,224,except Exception as e:
broad_except,src/algorithms/risk_parity_allocator.py,334,except Exception as e:
broad_except,src/algorithms/risk_parity_allocator.py,367,except Exception as e:
broad_except,src/algorithms/risk_parity_allocator.py,395,except Exception as e:
broad_except,src/algorithms/risk_parity_allocator.py,414,except Exception as e:
broad_except,src/algorithms/risk_parity_allocator.py,436,except Exception as e:
broad_except,src/algorithms/risk_parity_allocator.py,477,except Exception as e:
broad_except,src/algorithms/risk_parity_allocator.py,521,except Exception as e:
return_none_empty,src/algorithms/risk_parity_allocator.py,86,return None
return_none_empty,src/algorithms/risk_parity_allocator.py,240,return []
return_none_empty,src/algorithms/risk_parity_allocator.py,272,"return [], []"
return_none_empty,src/algorithms/walk_forward_optimizer.py,161,return {}
return_none_empty,src/algorithms/walk_forward_optimizer.py,168,return []
broad_except,src/analytics/unified_analytics_engine.py,111,except Exception as e:  # audit-ignore: EXCEPTION_FALLS_BACK_TO_SAMPLE_DATA
broad_except,src/analytics/unified_analytics_engine.py,160,except Exception as e:
return_none_empty,src/analytics/unified_analytics_engine.py,176,return None
broad_except,src/calibration/adaptive_confidence_calibrator.py,92,except Exception as e:
broad_except,src/calibration/adaptive_confidence_calibrator.py,132,except Exception as e:
broad_except,src/calibration/adaptive_confidence_calibrator.py,197,except Exception as e:
broad_except,src/calibration/adaptive_confidence_calibrator.py,220,except Exception as e:
broad_except,src/calibration/adaptive_confidence_calibrator.py,235,except Exception as e:
broad_except,src/calibration/adaptive_confidence_calibrator.py,266,except Exception as e:
broad_except,src/calibration/adaptive_confidence_calibrator.py,286,except Exception as e:
broad_except,src/calibration/adaptive_confidence_calibrator.py,310,except Exception as e:
broad_except,src/calibration/adaptive_confidence_calibrator.py,339,except Exception as e:
return_none_empty,src/calibration/adaptive_confidence_calibrator.py,210,return None
pickle_joblib_load,src/calibration/adaptive_confidence_calibrator.py,298,data = joblib.load(path_obj)  # audit-ignore: UNSAFE_MODEL_OR_PICKLE_LOAD
path_user_input,src/calibration/adaptive_confidence_calibrator.py,274,"Path(filepath).parent.mkdir(parents=True, exist_ok=True)"
combined_synthetic_score,src/calibration/calibration_engine.py,226,"synthetic_metric = self._evaluate_on_synthetic(model,"
combined_synthetic_score,src/calibration/calibration_engine.py,228,combined_metric = 0.7 * real_metric + 0.3 * synthetic_metric
combined_synthetic_score,src/calibration/calibration_engine.py,232,f'   Synthetic Sharpe: {synthetic_metric:.4f} (30% weight)')
combined_synthetic_score,src/calibration/calibration_engine.py,233,logger.info(f'   Combined: {combined_metric:.4f}')
combined_synthetic_score,src/calibration/calibration_engine.py,234,return float(combined_metric)
broad_except,src/calibration/calibration_engine.py,95,except Exception as e:
broad_except,src/calibration/calibration_engine.py,133,except Exception as e:
broad_except,src/calibration/calibration_engine.py,235,except Exception as e:
broad_except,src/calibration/calibration_engine.py,273,except Exception as e:
broad_except,src/calibration/calibration_engine.py,300,except Exception as e:
path_user_input,src/calibration/calibration_engine.py,51,"self.real_data_path = Path(paths.get('trading_db',"
path_user_input,src/calibration/calibration_engine.py,53,"self.synthetic_data_path = Path(paths.get('synthetic_data',"
path_user_input,src/calibration/calibration_engine.py,58,"results_dir = Path(paths.get('results', 'results'))"
path_user_input,src/calibration/calibration_engine.py,113,with open(file) as f:
path_user_input,src/calibration/calibration_engine.py,119,with open(file) as f:
path_user_input,src/calibration/calibration_engine.py,125,with open(file) as f:
path_user_input,src/calibration/calibration_engine.py,349,"with open(results_path, 'w') as f:"
target_col_in_feature,src/cli/argument_validator.py,92,target_name = args.test_target
target_col_in_feature,src/cli/argument_validator.py,93,if not target_name.startswith('target_'):
target_col_in_feature,src/cli/argument_validator.py,94,"target_name = f""target_{target_name}"""
target_col_in_feature,src/cli/argument_validator.py,96,if target_name not in config_data['available_targets']:
target_col_in_feature,src/cli/batch_manager.py,35,target_name = args.test_target
target_col_in_feature,src/cli/batch_manager.py,36,if not target_name.startswith('target_'):
target_col_in_feature,src/cli/batch_manager.py,37,"target_name = f""target_{target_name}"""
target_col_in_feature,src/cli/batch_manager.py,38,parts.append(target_name)
path_user_input,src/cli/batch_manager.py,55,"output_dir = Path(""outputs"")"
broad_except,src/cli/pipeline_data_loader.py,22,except Exception as e:
broad_except,src/cli/pipeline_data_loader.py,88,except Exception as ex:
return_none_empty,src/cli/pipeline_data_loader.py,26,return None
path_user_input,src/cli/pipeline_data_loader.py,33,"persistent_news = Path(""data/processed/features/news_data.parquet"")"
path_user_input,src/cli/pipeline_data_loader.py,38,"Path(""data/processed/features/macro_data.parquet""),"
path_user_input,src/cli/pipeline_data_loader.py,39,"Path(""data/processed/features/economic_data.parquet""),"
target_col_in_feature,src/cli/pipeline_executor.py,310,target_cols = [col for col in targets_df.columns if str(col).
target_col_in_feature,src/cli/pipeline_executor.py,311,startswith('target_')]
target_col_in_feature,src/cli/pipeline_executor.py,312,if not target_cols:
target_col_in_feature,src/cli/pipeline_executor.py,314,"f""Cannot continue batch '{batch_name}': targets.parquet has no target_* columns."""
target_col_in_feature,src/cli/pipeline_executor.py,316,"return {'status': 'failed', 'reason': 'missing_target_columns'}"
broad_except,src/cli/pipeline_executor.py,245,except Exception as ex:
broad_except,src/cli/pipeline_executor.py,276,except Exception as e:
return_none_empty,src/cli/pipeline_executor.py,154,"return None, None, colab_results, None, None"
return_none_empty,src/cli/pipeline_executor.py,168,"return None, None, colab_results"
return_none_empty,src/cli/pipeline_executor.py,280,return None
return_none_empty,src/cli/pipeline_executor.py,317,return None
path_user_input,src/cli/pipeline_executor.py,189,"news_data = PipelineExecutor._safe_load_parquet(Path('data/processed/features/news_data.parquet'), ""News (Persistent)"", silent=True)"
path_user_input,src/cli/pipeline_executor.py,192,"economic_data = PipelineExecutor._safe_load_parquet(Path('data/processed/features/macro_data.parquet'), ""Macro (Persistent)"", silent=True)"
path_user_input,src/cli/pipeline_executor.py,194,"economic_data = PipelineExecutor._safe_load_parquet(Path('data/processed/features/economic_data.parquet'), ""Economic (Persistent)"", silent=True)"
path_user_input,src/config/tickers.py,380,"with open(filepath, 'w') as f:"
broad_except,src/config/unified_config_manager.py,150,except Exception as e:
return_none_empty,src/config/unified_config_manager.py,56,return None
return_none_empty,src/config/unified_config_manager.py,242,return None
return_none_empty,src/config/unified_config_manager.py,412,return {}
path_user_input,src/config/unified_config_manager.py,92,self.config_dir = Path(config_dir).resolve()
path_user_input,src/config/unified_config_manager.py,95,self.config_dir = Path(__file__).parent
path_user_input,src/config/unified_config_manager.py,162,normalized_path = Path(config_path).resolve()
path_user_input,src/config/unified_config_manager.py,168,path_obj = Path(config_path)
path_user_input,src/config/unified_config_manager.py,336,return Path(path_str)
path_user_input,src/config/unified_config_manager.py,366,runtime_path = Path(runtime_val)
path_user_input,src/config/unified_config_manager.py,407,res_path = Path(output_dir)
path_user_input,src/config/unified_config_manager.py,488,effective_config_dir = config_dir or str(Path(__file__).parent)
broad_except,src/core/base_integration.py,38,except Exception as e:
broad_except,src/data/data_loader.py,71,except Exception as e:
broad_except,src/data/data_loader.py,84,except Exception as e:
path_user_input,src/data/data_loader.py,18,self.batch_dir = Path(batch_dir).resolve()
path_user_input,src/data/data_loader.py,67,with open(cache_file) as f:
path_user_input,src/data/data_loader.py,82,"with open(cache_file, 'w') as f:"
path_user_input,src/data_sources/local_file_data_source.py,21,self.file_path = Path(file_path)
path_user_input,src/data_sources/local_file_data_source.py,27,"file_path = Path(overrides.get(""file_path"", self.file_path))"
path_user_input,src/data_sources/local_file_data_source.py,35,df = pd.read_csv(file_path)
negative_shift,src/devtools/rule_generator.py,106,data[f'target_return_{window}d'] = target_returns.shift(-window)
target_col_in_feature,src/devtools/rule_generator.py,37,"self.target_asset = self.analysis_config.get('target_asset', 'SPY')"
target_col_in_feature,src/devtools/rule_generator.py,47,all_tickers = [self.target_asset] + [ind['name'] for ind in self.indicators_to_analyze]
target_col_in_feature,src/devtools/rule_generator.py,104,target_returns = data[self.target_asset].pct_change(fill_method=None)
target_col_in_feature,src/devtools/rule_generator.py,106,data[f'target_return_{window}d'] = target_returns.shift(-window)
target_col_in_feature,src/devtools/rule_generator.py,117,event_data = data[event_mask].dropna(subset=[f'target_return_{w}d' for w in effect_windows])
target_col_in_feature,src/devtools/rule_generator.py,125,returns_col = f'target_return_{window}d'
broad_except,src/devtools/rule_generator.py,54,except Exception as e:
broad_except,src/devtools/rule_generator.py,152,except Exception as e:
return_none_empty,src/devtools/rule_generator.py,101,return None
return_none_empty,src/devtools/rule_generator.py,115,return None
return_none_empty,src/devtools/rule_generator.py,121,return None
path_user_input,src/devtools/rule_generator.py,149,"with open(path, 'w') as f:"
pickle_joblib_load,src/ensembling/stacked_ensemble.py,326,state = joblib.load(f)  # audit-ignore: UNSAFE_MODEL_OR_PICKLE_LOAD
path_user_input,src/ensembling/stacked_ensemble.py,299,"with open(path, 'wb') as f:"
path_user_input,src/ensembling/stacked_ensemble.py,321,if not trusted_path.resolve().is_relative_to(Path(base_model_path).resolve()):
path_user_input,src/ensembling/stacked_ensemble.py,325,"with open(trusted_path, 'rb') as f:"
broad_except,src/factories/model_factory.py,146,except Exception as inspect_error:
broad_except,src/factories/model_factory.py,201,except Exception as e:
return_none_empty,src/factories/model_factory.py,200,return None
broad_except,src/factories/tree_model_factory.py,38,except Exception as e:
target_col_in_feature,src/features/colab_context_integration.py,73,"DataFrame, ticker: str, target_col: str, model_type: str='mlp'"
target_col_in_feature,src/features/colab_context_integration.py,82,target_col: Target column name
target_col_in_feature,src/features/colab_context_integration.py,93,if target_col not in ticker_targets.columns:
target_col_in_feature,src/features/colab_context_integration.py,94,"raise ValueError(f""Target '{target_col}' not found in targets"")"
target_col_in_feature,src/features/colab_context_integration.py,95,y = ticker_targets[target_col]
broad_except,src/features/colab_context_integration.py,65,except Exception as e:
broad_except,src/features/colab_context_integration.py,162,except Exception as e:
broad_except,src/features/colab_context_integration.py,199,except Exception as e:
path_user_input,src/features/colab_context_integration.py,28,self.project_path = Path(project_path)
path_user_input,src/features/colab_context_integration.py,159,"with open(output_path, 'w') as f:"
broad_except,src/features/context_aware_feature_selector.py,178,except Exception as e:
broad_except,src/features/context_aware_feature_selector.py,212,except Exception as e:
broad_except,src/features/context_aware_feature_selector.py,269,except Exception as e:
path_user_input,src/features/context_aware_feature_selector.py,266,"with open(output_path, 'w') as f:"
broad_except,src/features/feature_cache.py,105,except Exception as unlink_err:
broad_except,src/features/feature_cache.py,173,except Exception as e:
broad_except,src/features/feature_cache.py,191,except Exception as e:
broad_except,src/features/feature_cache.py,209,except Exception as e:
broad_except,src/features/feature_cache.py,250,except Exception as e:
broad_except,src/features/feature_cache.py,272,except Exception as e:
return_none_empty,src/features/feature_cache.py,71,return None
return_none_empty,src/features/feature_cache.py,82,return None
return_none_empty,src/features/feature_cache.py,99,return None
path_user_input,src/features/feature_cache.py,54,self.cache_dir = Path(cache_dir)
target_col_in_feature,src/features/feature_orchestrator.py,300,target_cols = [col for col in df.columns if col.startswith('target_')]
target_col_in_feature,src/features/feature_orchestrator.py,301,exclude_cols = set(service_cols + target_cols)
target_col_in_feature,src/features/feature_orchestrator.py,329,target_col = selector_config.get('target_col')
target_col_in_feature,src/features/feature_orchestrator.py,330,if not aux_pool or not target_col:
target_col_in_feature,src/features/feature_orchestrator.py,332,"""'auxiliary_pool_cols' and 'target_col' must be configured for context selection."""
target_col_in_feature,src/features/feature_orchestrator.py,338,"aux_pool, target_col)"
broad_except,src/features/feature_orchestrator.py,90,except Exception as e:
broad_except,src/features/feature_orchestrator.py,113,except Exception:  # noqa: S110
broad_except,src/features/feature_orchestrator.py,120,except Exception as e:
broad_except,src/features/feature_orchestrator.py,152,except Exception as e:
broad_except,src/features/feature_orchestrator.py,272,except Exception as e:
broad_except,src/features/feature_orchestrator.py,344,except Exception as e:
return_none_empty,src/features/feature_orchestrator.py,82,return None
target_col_in_feature,src/features/feature_selection_cache.py,21,"- target_name (target_return_1d, target_up_1d, etc.)"
target_col_in_feature,src/features/feature_selection_cache.py,60,"def _compute_cache_key(self, model_type: str, target_name: str,"
target_col_in_feature,src/features/feature_selection_cache.py,67,- target_name
target_col_in_feature,src/features/feature_selection_cache.py,75,f'{model_type}_{target_name}_{market_regime}_{features_hash}')
target_col_in_feature,src/features/feature_selection_cache.py,78,"def get_selection(self, model_type: str, target_name: str,"
target_col_in_feature,src/features/feature_selection_cache.py,90,"cache_key = self._compute_cache_key(model_type, target_name,"
target_col_in_feature,src/features/feature_selection_cache.py,103,"def save_selection(self, model_type: str, target_name: str,"
target_col_in_feature,src/features/feature_selection_cache.py,112,target_name: Назва таргету
target_col_in_feature,src/features/feature_selection_cache.py,119,"cache_key = self._compute_cache_key(model_type, target_name,"
target_col_in_feature,src/features/feature_selection_cache.py,121,"cached_data = {'model_type': model_type, 'target_name': target_name,"
target_col_in_feature,src/features/feature_selection_cache.py,136,"def is_cached(self, model_type: str, target_name: str, market_regime:"
target_col_in_feature,src/features/feature_selection_cache.py,139,"cache_key = self._compute_cache_key(model_type, target_name,"
target_col_in_feature,src/features/feature_selection_cache.py,143,"def invalidate(self, model_type: str | None=None, target_name:"
target_col_in_feature,src/features/feature_selection_cache.py,150,if (model_type is None and target_name is None and market_regime is
target_col_in_feature,src/features/feature_selection_cache.py,161,if target_name and cached_data.get('target_name') != target_name:
target_col_in_feature,src/features/feature_selection_cache.py,181,target_names = {}
target_col_in_feature,src/features/feature_selection_cache.py,185,"target_name = cached_data.get('target_name', 'unknown')"
target_col_in_feature,src/features/feature_selection_cache.py,188,"target_names[target_name] = target_names.get(target_name, 0) + 1"
target_col_in_feature,src/features/feature_selection_cache.py,192,"cache_size_mb, 2), 'model_types': model_types, 'target_names':"
target_col_in_feature,src/features/feature_selection_cache.py,193,"target_names, 'market_regimes': market_regimes, 'cache_file':"
target_col_in_feature,src/features/feature_selection_cache.py,210,"for target_name, count in stats['target_names'].items():"
target_col_in_feature,src/features/feature_selection_cache.py,211,logger.info(f'  {target_name}: {count}')
broad_except,src/features/feature_selection_cache.py,42,except Exception as e:
broad_except,src/features/feature_selection_cache.py,57,except Exception as e:
return_none_empty,src/features/feature_selection_cache.py,47,return {}
return_none_empty,src/features/feature_selection_cache.py,101,return None
path_user_input,src/features/feature_selection_cache.py,27,self.cache_dir = Path(cache_dir)
path_user_input,src/features/feature_selection_cache.py,37,with open(self.cache_file) as f:
path_user_input,src/features/feature_selection_cache.py,52,"with open(self.cache_file, 'w') as f:"
target_col_in_feature,src/features/feature_selector.py,153,"target_col: str, model_type: str='mlp', market_regime: str='normal'"
target_col_in_feature,src/features/feature_selector.py,159,"f'🔍 Selecting features for {ticker} (Target: {target_col}, Model: {model_type})'"
target_col_in_feature,src/features/feature_selector.py,167,if target_col not in ticker_targets.columns:
target_col_in_feature,src/features/feature_selector.py,168,"self.logger.error(f""❌ Target '{target_col}' not found for {ticker}"""
target_col_in_feature,src/features/feature_selector.py,171,target_series = ticker_targets[target_col]
target_col_in_feature,src/features/feature_selector.py,173,context_id = f'{ticker}_{target_col}_{model_type}'
target_col_in_feature,src/features/feature_selector.py,175,"target_series=target_series, context_id=context_id,"
broad_except,src/features/feature_selector.py,102,except Exception as e:
broad_except,src/features/news_clusterer.py,50,except Exception as e:
return_none_empty,src/features/news_clusterer.py,168,return {}
path_user_input,src/features/news_clusterer.py,193,"with open(output_path, 'w', encoding='utf-8') as f:"
broad_except,src/features/news_dataset_builder.py,111,except Exception as e:
broad_except,src/features/news_dataset_builder.py,138,except Exception as e:
broad_except,src/features/news_dataset_builder.py,198,except Exception as e:
return_none_empty,src/features/news_dataset_builder.py,158,return None
return_none_empty,src/features/news_dataset_builder.py,223,return {}
return_none_empty,src/features/news_dataset_builder.py,226,return {}
return_none_empty,src/features/news_dataset_builder.py,229,return {}
path_user_input,src/features/news_dataset_builder.py,284,"with open(metadata_path, 'w') as f:"
broad_except,src/features/news_impact_classifier.py,50,except Exception as e:
broad_except,src/features/news_impact_classifier.py,67,except Exception as e:
path_user_input,src/features/news_impact_classifier.py,46,"config_path = Path(__file__).parent.parent / ""config"" / ""news_impact_classification.yaml"""
path_user_input,src/features/news_impact_classifier.py,47,"with open(config_path, encoding='utf-8') as f:"
broad_except,src/integration/dashboard_data_bridge.py,63,except Exception as e:
broad_except,src/integration/dashboard_data_bridge.py,97,except Exception as e:
broad_except,src/integration/dashboard_data_bridge.py,181,except Exception as e:
broad_except,src/integration/dashboard_data_bridge.py,216,except Exception as e:
broad_except,src/integration/dashboard_data_bridge.py,251,except Exception as e:
broad_except,src/integration/dashboard_data_bridge.py,294,except Exception as e:
broad_except,src/integration/dashboard_data_bridge.py,333,except Exception as e:
broad_except,src/integration/dashboard_data_bridge.py,351,except Exception as e:
broad_except,src/integration/dashboard_data_bridge.py,386,except Exception as e:
return_none_empty,src/integration/dashboard_data_bridge.py,86,return {}
broad_except,src/integration/ensemble_performance_bridge.py,86,except Exception as e:
broad_except,src/integration/ensemble_performance_bridge.py,115,except Exception as e:
broad_except,src/integration/ensemble_performance_bridge.py,155,except Exception as e:
broad_except,src/integration/ensemble_performance_bridge.py,186,except Exception as e:
broad_except,src/integration/ensemble_performance_bridge.py,218,except Exception as e:
broad_except,src/integration/ensemble_performance_bridge.py,239,except Exception as e:
broad_except,src/integration/ensemble_performance_bridge.py,269,except Exception as e:
return_none_empty,src/integration/ensemble_performance_bridge.py,57,return {}
return_none_empty,src/integration/ensemble_performance_bridge.py,236,return {}
return_none_empty,src/integration/ensemble_performance_bridge.py,237,return {}
broad_except,src/integrations/base.py,45,except Exception as e:
broad_except,src/main/system_orchestrator.py,58,except Exception as e:
broad_except,src/main/system_orchestrator.py,150,except Exception as e:
broad_except,src/main/system_orchestrator.py,206,except Exception as e:
broad_except,src/main/system_orchestrator.py,224,except Exception as e:
return_none_empty,src/main/system_orchestrator.py,171,return None  # Cannot await in sync context
return_none_empty,src/models/enhanced_factory.py,151,return None
target_col_in_feature,src/models/feature_selector.py,9,self.target_features = [
target_col_in_feature,src/models/feature_selector.py,63,available_features = [f for f in self.target_features if f in cols_to_use]
target_col_in_feature,src/models/feature_selector.py,81,# Leakage guard: ensure no column in final_selected starts with 'target_'
target_col_in_feature,src/models/feature_selector.py,102,return self.target_features
broad_except,src/models/integrated_model_manager.py,185,except Exception as e:
broad_except,src/models/integrated_model_manager.py,224,except Exception as e:
path_user_input,src/models/integrated_model_manager.py,52,"Path(self.config.get('storage_path', 'data/models/registry'))"
path_user_input,src/models/integrated_model_manager.py,64,"self.storage_path = Path(self.config.get('storage_path', 'data/models/integrated_manager'))"
path_user_input,src/models/integrated_model_manager.py,214,"with open(filepath, 'w') as f:"
top_tensorflow_import,src/models/loader.py,238,from tensorflow.keras.models import load_model
top_tensorflow_import,src/models/loader.py,271,from tensorflow.keras.models import load_model
top_tensorflow_import,src/models/loader.py,279,import tensorflow as tf
top_tensorflow_import,src/models/loader.py,287,from tensorflow.keras.models import load_model
top_tensorflow_import,src/models/loader.py,295,import tensorflow as tf
heavy_import,src/models/loader.py,238,from tensorflow.keras.models import load_model
heavy_import,src/models/loader.py,271,from tensorflow.keras.models import load_model
heavy_import,src/models/loader.py,279,import tensorflow as tf
heavy_import,src/models/loader.py,287,from tensorflow.keras.models import load_model
heavy_import,src/models/loader.py,295,import tensorflow as tf
heavy_import,src/models/loader.py,340,import torch
heavy_import,src/models/loader.py,393,import torch
heavy_import,src/models/loader.py,394,import torch.nn as nn
heavy_import,src/models/loader.py,491,import torch
broad_except,src/models/loader.py,126,except Exception as e:
broad_except,src/models/loader.py,211,except Exception as e:
broad_except,src/models/loader.py,222,except Exception as e1:
broad_except,src/models/loader.py,229,except Exception as e2:
broad_except,src/models/loader.py,250,except Exception as e:
broad_except,src/models/loader.py,261,except Exception as fallback_error:
broad_except,src/models/loader.py,348,except Exception:
broad_except,src/models/loader.py,376,except Exception as e:
return_none_empty,src/models/loader.py,102,return None
return_none_empty,src/models/loader.py,110,return None
return_none_empty,src/models/loader.py,141,return None
return_none_empty,src/models/loader.py,162,return None
return_none_empty,src/models/loader.py,180,return None
pickle_joblib_load,src/models/loader.py,185,return joblib.load(str(trusted_path))  # audit-ignore: UNSAFE_MODEL_OR_PICKLE_LOAD
pickle_joblib_load,src/models/loader.py,210,return joblib.load(str(trusted_path))  # audit-ignore: UNSAFE_MODEL_OR_PICKLE_LOAD
pickle_joblib_load,src/models/loader.py,221,return joblib.load(str(trusted_path))  # audit-ignore: UNSAFE_MODEL_OR_PICKLE_LOAD
pickle_joblib_load,src/models/loader.py,228,return pickle.load(f)  # audit-ignore: UNSAFE_MODEL_OR_PICKLE_LOAD
pickle_joblib_load,src/models/loader.py,344,loaded_obj = torch.load(  # audit-ignore: UNSAFE_MODEL_OR_PICKLE_LOAD
pickle_joblib_load,src/models/loader.py,347,"loaded_obj = torch.load(trusted_path, map_location='cpu')  # audit-ignore: UNSAFE_MODEL_OR_PICKLE_LOAD"
pickle_joblib_load,src/models/loader.py,351,loaded_obj = torch.load(  # audit-ignore: UNSAFE_MODEL_OR_PICKLE_LOAD
path_user_input,src/models/loader.py,175,consensus_path = Path(consensus_path_str)
path_user_input,src/models/loader.py,227,"with open(trusted_path, 'rb') as f:"
broad_except,src/models/model_pool.py,136,except Exception as e:
return_none_empty,src/models/model_pool.py,128,return None
pickle_joblib_load,src/models/model_pool.py,89,return joblib.load('models/BTC_LSTM_v2.joblib')
broad_except,src/models/persistent_pool.py,235,except Exception as e:
broad_except,src/models/persistent_pool.py,249,except Exception as e:
broad_except,src/models/persistent_pool.py,293,except Exception as e:
return_none_empty,src/models/persistent_pool.py,151,return None
return_none_empty,src/models/persistent_pool.py,159,return None
path_user_input,src/models/persistent_pool.py,71,self.cache_dir = Path(cache_dir)
path_user_input,src/models/persistent_pool.py,230,with open(index_path) as f:
path_user_input,src/models/persistent_pool.py,243,"with open(index_path, 'w') as f:"
path_user_input,src/models/persistent_pool.py,283,export_path = Path(export_dir)
broad_except,src/monitoring/config.py,36,except Exception as e:
broad_except,src/monitoring/config.py,53,except Exception as e:
path_user_input,src/monitoring/config.py,31,"with open(self.config_file, encoding='utf-8') as f:"
path_user_input,src/monitoring/config.py,50,"with open(self.config_file, 'w', encoding='utf-8') as f:"
broad_except,src/monitoring/dashboard.py,172,except Exception as e:
broad_except,src/monitoring/dashboard.py,428,except Exception as e:
broad_except,src/monitoring/dashboard.py,489,except Exception as e:
broad_except,src/monitoring/dashboard.py,503,except Exception as e:
broad_except,src/monitoring/dashboard.py,564,except Exception as e:
path_user_input,src/monitoring/dashboard.py,500,"with open(filepath, 'w', encoding='utf-8') as f:"
broad_except,src/monitoring/data_freshness_monitor.py,149,except Exception as e:
broad_except,src/monitoring/data_freshness_monitor.py,288,except Exception as e:
broad_except,src/monitoring/data_freshness_monitor.py,408,except Exception as e:
broad_except,src/monitoring/data_freshness_monitor.py,418,except Exception as e:
broad_except,src/monitoring/data_freshness_monitor.py,534,except Exception as e:
return_none_empty,src/monitoring/data_freshness_monitor.py,228,return None
return_none_empty,src/monitoring/data_freshness_monitor.py,233,return None
return_none_empty,src/monitoring/data_freshness_monitor.py,291,return None
return_none_empty,src/monitoring/data_freshness_monitor.py,305,return None
path_user_input,src/monitoring/data_freshness_monitor.py,230,path_obj = Path(data_path)
broad_except,src/monitoring/example_usage.py,153,except Exception as e:
broad_except,src/monitoring/example_usage.py,265,except Exception as e:
broad_except,src/monitoring/example_usage.py,306,except Exception as e:
path_user_input,src/monitoring/example_usage.py,163,"with open(temp_file, 'w') as f:"
target_col_in_feature,src/monitoring/feature_drift_monitor.py,100,"if not col.startswith('target_') and col not in ['hash', 'interval']"
broad_except,src/monitoring/feature_drift_monitor.py,176,except Exception as e:
path_user_input,src/monitoring/feature_drift_monitor.py,52,self.report_dir = Path(report_dir)
broad_except,src/monitoring/health_hub.py,74,except Exception as e:
broad_except,src/monitoring/health_hub.py,123,except Exception as e:
broad_except,src/monitoring/health_hub.py,188,except Exception as e:
broad_except,src/monitoring/health_hub.py,217,except Exception as e:
broad_except,src/monitoring/health_hub.py,253,except Exception as e:
broad_except,src/monitoring/health_hub.py,266,except Exception as e:
return_none_empty,src/monitoring/health_hub.py,132,return None
return_none_empty,src/monitoring/health_hub.py,285,"return None, {'status': 'insufficient_window', 'message':"
pickle_joblib_load,src/monitoring/health_hub.py,97,self.models[model_name] = joblib.load(trusted_path)  # audit-ignore: UNSAFE_MODEL_OR_PICKLE_LOAD
pickle_joblib_load,src/monitoring/health_hub.py,108,self.scalers['resource_scaler'] = joblib.load(trusted_path)  # audit-ignore: UNSAFE_MODEL_OR_PICKLE_LOAD
path_user_input,src/monitoring/health_hub.py,66,self.model_dir = Path(models_path) / 'system_health_monitor'
broad_except,src/monitoring/ml_analytics.py,65,except Exception as e:
broad_except,src/monitoring/ml_analytics.py,90,except Exception as e:
broad_except,src/monitoring/ml_analytics.py,123,except Exception as e:
broad_except,src/monitoring/ml_analytics.py,139,except Exception as e:
broad_except,src/monitoring/ml_analytics.py,165,except Exception as e:
broad_except,src/monitoring/ml_analytics.py,183,except Exception as e:
broad_except,src/monitoring/ml_analytics.py,232,except Exception as e:
broad_except,src/monitoring/ml_analytics.py,283,except Exception as e:
broad_except,src/monitoring/ml_analytics.py,310,except Exception as e:
return_none_empty,src/monitoring/ml_analytics.py,226,return []
return_none_empty,src/monitoring/ml_analytics.py,236,return []
pickle_joblib_load,src/monitoring/ml_analytics.py,54,self.models[model_name] = joblib.load(trusted_path)  # audit-ignore: UNSAFE_MODEL_OR_PICKLE_LOAD
pickle_joblib_load,src/monitoring/ml_analytics.py,64,self.scalers['resource_scaler'] = joblib.load(trusted_path)  # audit-ignore: UNSAFE_MODEL_OR_PICKLE_LOAD
path_user_input,src/monitoring/ml_analytics.py,31,self.model_dir = Path('models/ml_analytics')
broad_except,src/monitoring/monitoring_system.py,131,except Exception as e:
broad_except,src/monitoring/monitoring_system.py,189,except Exception as e:
broad_except,src/monitoring/monitoring_system.py,245,except Exception as e:
broad_except,src/monitoring/monitoring_system.py,333,except Exception as e:
broad_except,src/monitoring/monitoring_system.py,387,except Exception as e:
broad_except,src/monitoring/monitoring_system.py,429,except Exception as e:
broad_except,src/monitoring/monitoring_system.py,492,except Exception as e:
return_none_empty,src/monitoring/monitoring_system.py,76,return {}
path_user_input,src/monitoring/tests.py,364,"with open(tmp_path, encoding='utf-8') as f:"
path_user_input,src/optimization/dynamic_config_updater.py,26,self.project_path = Path(project_path) if project_path else Path.cwd()
path_user_input,src/optimization/dynamic_config_updater.py,168,"with open(filepath, 'w') as f:"
broad_except,src/optimization/hyperparameter_searcher.py,102,except Exception as e:
broad_except,src/optimization/hyperparameter_searcher.py,120,except Exception as e:
broad_except,src/optimization/hyperparameter_searcher.py,150,except Exception as e:
broad_except,src/optimization/hyperparameter_searcher.py,164,except Exception as e:
broad_except,src/optimization/hyperparameter_searcher.py,203,except Exception as e:
return_none_empty,src/optimization/hyperparameter_searcher.py,301,return {}
path_user_input,src/optimization/hyperparameter_searcher.py,25,self.project_path = Path(project_path) if project_path else Path.cwd()
path_user_input,src/optimization/hyperparameter_searcher.py,313,"with open(filepath, 'w') as f:"
broad_except,src/patterns/pattern_analyzer.py,253,except Exception as e:
return_none_empty,src/patterns/pattern_analyzer.py,314,return {}
return_none_empty,src/patterns/pattern_analyzer.py,333,return {}
path_user_input,src/patterns/pattern_analyzer.py,26,self.debug_dir = Path('logs/pattern_debug')
path_user_input,src/patterns/pattern_analyzer.py,149,"with open(debug_file, 'w') as f:"
broad_except,src/pipeline/pipeline_orchestrator.py,288,except Exception as e:
return_none_empty,src/pipeline/pipeline_orchestrator.py,277,return None
return_none_empty,src/predictions/caching.py,97,return None
path_user_input,src/predictions/caching.py,70,self.persist_dir = Path(persist_dir) if persist_dir else None
heavy_import,src/predictions/deep_predict.py,15,import torch
target_col_in_feature,src/predictions/models_predict.py,62,"target_scaler=None, ensemble_weights: dict[str, float] | None=None"
target_col_in_feature,src/predictions/models_predict.py,77,if target_scaler is not None:
target_col_in_feature,src/predictions/models_predict.py,78,"y_pred = safe_inverse_transform(target_scaler, y_pred)"
target_col_in_feature,src/predictions/models_predict.py,109,target_scaler = None
target_col_in_feature,src/predictions/models_predict.py,119,target_scaler = model
target_col_in_feature,src/predictions/models_predict.py,123,"ensemble_result = get_predictions(models_dict, df, target_scaler="
target_col_in_feature,src/predictions/models_predict.py,124,target_scaler)
broad_except,src/predictions/models_predict.py,25,except Exception as e:
broad_except,src/predictions/models_predict.py,56,except Exception as e:
broad_except,src/predictions/models_predict.py,144,except Exception as e:
pickle_joblib_load,src/predictions/models_predict.py,117,model = joblib.load(model_path)  # audit-ignore: UNSAFE_MODEL_OR_PICKLE_LOAD
path_user_input,src/predictions/models_predict.py,98,parquet_file = Path(parquet_path)
path_user_input,src/predictions/models_predict.py,104,models_dir = Path(models_path)
path_user_input,src/predictions/models_predict.py,112,"Path(models_path) / f,"
broad_except,src/processing/cleaners.py,65,except Exception as e:
broad_except,src/processing/cleaners.py,166,except Exception as e:
broad_except,src/processing/cleaners.py,181,except Exception as e:
broad_except,src/processing/normalization_manager.py,103,except Exception as e:
broad_except,src/processing/normalization_manager.py,158,except Exception as e:
broad_except,src/processing/normalization_manager.py,187,except Exception as e:
pickle_joblib_load,src/processing/normalization_manager.py,182,scaler = joblib.load(trusted_path)  # audit-ignore: UNSAFE_MODEL_OR_PICKLE_LOAD
broad_except,src/processing/parallel_processor.py,65,except Exception as e:
return_none_empty,src/processing/parallel_processor.py,52,return []
return_none_empty,src/processing/parallel_processor.py,136,return []
target_col_in_feature,src/processing/price_preprocessor.py,21,"target_columns = [""datetime"", ""ticker""] + metrics"
target_col_in_feature,src/processing/price_preprocessor.py,26,return pd.DataFrame(columns=target_columns)
target_col_in_feature,src/processing/price_preprocessor.py,36,"logger.debug(f""Target columns: {target_columns}"")"
target_col_in_feature,src/processing/price_preprocessor.py,38,"if self._is_already_normalized(df, target_columns):"
target_col_in_feature,src/processing/price_preprocessor.py,41,"processed_df = self._preserve_metadata_columns(df, target_columns, preserve_columns)"
target_col_in_feature,src/processing/price_preprocessor.py,45,"processed_df = self._normalize_structure(df, metrics, target_columns)"
target_col_in_feature,src/processing/price_preprocessor.py,47,"processed_df = self._finalize_dataframe(processed_df, metrics, target_columns, preserve_columns)"
target_col_in_feature,src/processing/price_preprocessor.py,50,"def _is_already_normalized(self, df: pd.DataFrame, target_columns: list[str]) -> bool:"
target_col_in_feature,src/processing/price_preprocessor.py,53,return all(col in current_cols for col in target_columns)
target_col_in_feature,src/processing/price_preprocessor.py,55,"def _preserve_metadata_columns(self, df: pd.DataFrame, target_columns: list[str], preserve_columns: list[str]) -> pd.DataFrame:"
target_col_in_feature,src/processing/price_preprocessor.py,59,columns_to_keep = target_columns.copy()
target_col_in_feature,src/processing/price_preprocessor.py,68,"def _normalize_structure(self, df: pd.DataFrame, metrics: list[str], target_columns: list[str]) -> pd.DataFrame:"
target_col_in_feature,src/processing/price_preprocessor.py,140,"def _finalize_dataframe(self, processed_df: pd.DataFrame, metrics: list[str], target_columns: list[str], preserve_columns: list[str]) -> pd.DataFrame:"
target_col_in_feature,src/processing/price_preprocessor.py,152,columns_to_keep = target_columns.copy()
broad_except,src/processing/price_preprocessor.py,99,except Exception as e:
target_col_in_feature,src/processing/sampling.py,23,"target_col: str,"
target_col_in_feature,src/processing/sampling.py,32,"target_col: The name of the column to balance (e.g., a label or a boolean flag)."
target_col_in_feature,src/processing/sampling.py,39,if df.empty or target_col not in df.columns:
target_col_in_feature,src/processing/sampling.py,40,"logger.warning(f""DataFrame is empty or target column '{target_col}' not found. Returning original DataFrame."")"
target_col_in_feature,src/processing/sampling.py,44,class_counts = df[target_col].value_counts()
target_col_in_feature,src/processing/sampling.py,56,"logger.info(f""Balancing dataset based on column '{target_col}'. Original class counts:\n{class_counts}"")"
target_col_in_feature,src/processing/sampling.py,62,class_df = df[df[target_col] == class_label]
broad_except,src/risk/elite_risk_metrics.py,174,except Exception as e:
return_none_empty,src/risk/elite_risk_metrics.py,78,return None
return_none_empty,src/risk/elite_risk_metrics.py,84,return None
broad_except,src/risk/max_exposure_monitor.py,70,except Exception as e:
broad_except,src/risk/metrics.py,40,except Exception as e:
broad_except,src/risk/metrics.py,85,except Exception as e:
broad_except,src/risk/metrics.py,143,except Exception as e:
broad_except,src/risk/metrics.py,192,except Exception as e:
broad_except,src/risk/metrics.py,204,except Exception as e:
broad_except,src/risk/metrics.py,252,except Exception as e:
return_none_empty,src/risk/metrics.py,28,return []
return_none_empty,src/risk/metrics.py,49,return {}
target_col_in_feature,src/risk/risk_manager.py,63,"target_volatility: float = 0.02,      # 2% target volatility"
target_col_in_feature,src/risk/risk_manager.py,75,target_volatility: Target volatility for position sizing
target_col_in_feature,src/risk/risk_manager.py,83,self.target_volatility = target_volatility
target_col_in_feature,src/risk/risk_manager.py,255,vol_adjustment = self.target_volatility / volatility
heavy_import,src/sentiment/sentiment_models.py,29,import torch
heavy_import,src/sentiment/sentiment_models.py,30,"from transformers import AutoModelForSequenceClassification, AutoTokenizer, pipeline"
broad_except,src/sentiment/sentiment_models.py,70,except Exception as e:
broad_except,src/sentiment/sentiment_models.py,140,except Exception as e:
broad_except,src/simulation/simulation_engine.py,115,except Exception as e:
target_col_in_feature,src/targets/target_orchestrator.py,26,"targets_list: Either a dict {target_name: config} or list [{name: ..., type: ..., params: ...}]"
target_col_in_feature,src/targets/target_orchestrator.py,87,"def _is_target_for_timeframe(self, target: dict[str, Any], timeframe: str) -> bool:"
target_col_in_feature,src/targets/target_orchestrator.py,121,"return [target for target in self.targets if self._is_target_for_timeframe(target, timeframe)]"
target_col_in_feature,src/targets/target_orchestrator.py,135,for target_config in self.targets:
target_col_in_feature,src/targets/target_orchestrator.py,136,"self._generate_single_target(df, target_config, targets_dict,"
target_col_in_feature,src/targets/target_orchestrator.py,155,"def _generate_single_target(self, df: pd.DataFrame, target_config: dict,"
target_col_in_feature,src/targets/target_orchestrator.py,158,name = target_config['name']
target_col_in_feature,src/targets/target_orchestrator.py,159,target_type = target_config['type']
target_col_in_feature,src/targets/target_orchestrator.py,160,"params = target_config.get('params', {})"
target_col_in_feature,src/targets/target_orchestrator.py,162,logger.debug(f'Generating target: {name} (Type: {target_type})')
target_col_in_feature,src/targets/target_orchestrator.py,163,calculator_class = self.CALCULATOR_MAPPING.get(target_type)
target_col_in_feature,src/targets/target_orchestrator.py,166,"f""No calculator found for target type '{target_type}'. Skipping target '{name}'."""
target_col_in_feature,src/targets/target_orchestrator.py,170,"self._handle_standard_target(df, name, target_type, params,"
target_col_in_feature,src/targets/target_orchestrator.py,177,"target_type: str, params: dict, targets_dict: dict) ->None:"
target_col_in_feature,src/targets/target_orchestrator.py,179,calculator_class = self.CALCULATOR_MAPPING[target_type]
target_col_in_feature,src/targets/target_orchestrator.py,181,"method_name = self.METHOD_MAPPING.get(target_type, 'calculate')"
target_col_in_feature,src/targets/target_orchestrator.py,184,"target_series = self._process_by_ticker_groups(df,"
target_col_in_feature,src/targets/target_orchestrator.py,187,"target_series = calculation_method(df, **params)"
target_col_in_feature,src/targets/target_orchestrator.py,188,targets_dict[name] = target_series
target_col_in_feature,src/targets/target_orchestrator.py,194,target_series_list = []
target_col_in_feature,src/targets/target_orchestrator.py,199,target_series_list.append(group_target)
target_col_in_feature,src/targets/target_orchestrator.py,200,if not target_series_list:
target_col_in_feature,src/targets/target_orchestrator.py,202,return pd.concat(target_series_list).reindex(df.index)
target_col_in_feature,src/targets/target_orchestrator.py,214,target_cols = [col for col in targets_df.columns if col.startswith(
target_col_in_feature,src/targets/target_orchestrator.py,215,'target_')]
target_col_in_feature,src/targets/target_orchestrator.py,217,f'✅ Generated {len(target_cols)} target columns (total {len(targets_df.columns)} with metadata)'
broad_except,src/targets/target_orchestrator.py,59,except Exception as e:
broad_except,src/targets/target_orchestrator.py,172,except Exception as e:
path_user_input,src/targets/target_orchestrator.py,57,with open(params_path) as f:
broad_except,src/trading/consensus_engine.py,66,except Exception as e:
broad_except,src/trading/consensus_engine.py,150,except Exception as e:
broad_except,src/trading/consensus_engine.py,220,except Exception as e:
broad_except,src/trading/consensus_engine.py,273,except Exception as e:
broad_except,src/trading/consensus_engine.py,295,except Exception as e:
return_none_empty,src/trading/consensus_engine.py,239,return {}
path_user_input,src/trading/consensus_engine.py,60,if Path(meta_model_path).exists():
target_col_in_feature,src/trading/elite_risk_sizer.py,167,"target_allocations: dict[str, float], current_prices: dict[str,"
target_col_in_feature,src/trading/elite_risk_sizer.py,174,target_allocations: {ticker: 0.10}  (10% each)
target_col_in_feature,src/trading/elite_risk_sizer.py,182,"for ticker, target_pct in target_allocations.items():"
target_col_in_feature,src/trading/elite_risk_sizer.py,183,target_value = total_equity * target_pct
target_col_in_feature,src/trading/elite_risk_sizer.py,190,diff_value = target_value - current_value
target_col_in_feature,src/trading/elite_risk_sizer.py,196,"f'[REBALANCE] {ticker}: {action} {abs(diff_shares)} shares (current: ${current_value:.2f}, target: ${target_value:.2f})'"
broad_except,src/trading/elite_risk_sizer.py,143,except Exception as e:
broad_except,src/trading/elite_risk_sizer.py,161,except Exception as e:
target_col_in_feature,src/trading/portfolio_manager.py,240,"volatilities: dict[str, float], target_assets: (list[str] | None)=None"
target_col_in_feature,src/trading/portfolio_manager.py,246,if not target_assets:
target_col_in_feature,src/trading/portfolio_manager.py,247,target_assets = list(current_prices.keys())
target_col_in_feature,src/trading/portfolio_manager.py,249,correlations = np.eye(len(target_assets))
target_col_in_feature,src/trading/portfolio_manager.py,251,"target_assets, volatilities={asset: volatilities.get(asset,"
target_col_in_feature,src/trading/portfolio_manager.py,252,"0.15) for asset in target_assets}, correlations="
target_col_in_feature,src/trading/portfolio_manager.py,253,"correlations, params={'target_volatility': None})"
target_col_in_feature,src/trading/portfolio_manager.py,255,"for asset, target_weight in allocation_result['weights'].items():"
target_col_in_feature,src/trading/portfolio_manager.py,258,target_value = total_value * target_weight
target_col_in_feature,src/trading/portfolio_manager.py,264,value_adjustment = target_value - current_value
broad_except,src/trading/portfolio_manager.py,191,except Exception as e:
broad_except,src/trading/portfolio_manager.py,213,except Exception as e:
broad_except,src/trading/portfolio_manager.py,276,except Exception as e:
return_none_empty,src/trading/portfolio_manager.py,85,return []
return_none_empty,src/trading/portfolio_manager.py,101,return None
return_none_empty,src/trading/portfolio_manager.py,116,return None
return_none_empty,src/trading/portfolio_manager.py,130,return None
return_none_empty,src/trading/portfolio_manager.py,142,return None
return_none_empty,src/trading/portfolio_manager.py,151,return []
target_col_in_feature,src/trading/signal_processor.py,80,target_features = historical_features.tail(1)
target_col_in_feature,src/trading/signal_processor.py,81,if target_features.empty:
target_col_in_feature,src/trading/signal_processor.py,84,"{""historical_features"": historical_features, ""target_features"": target_features}"
target_col_in_feature,src/trading/signal_processor.py,86,"return analysis.get(""similarities"", {}).get(target_features.index[-1], [])"
broad_except,src/trading/signal_processor.py,70,except Exception as e:
broad_except,src/trading/signal_processor.py,87,except Exception as e:
return_none_empty,src/trading/signal_processor.py,37,return []
return_none_empty,src/trading/signal_processor.py,73,return None
return_none_empty,src/trading/signal_processor.py,77,return None
return_none_empty,src/trading/signal_processor.py,82,return None
target_col_in_feature,src/trading/trading_orchestrator.py,140,target_features = historical_features.tail(1)
target_col_in_feature,src/trading/trading_orchestrator.py,142,'target_features': target_features}
target_col_in_feature,src/trading/trading_orchestrator.py,145,"target_features.index[-1], [])"
return_none_empty,src/trading/trading_orchestrator.py,173,return None
broad_except,src/trading/virtual_portfolio.py,69,except Exception as e:
broad_except,src/trading/virtual_portfolio.py,104,except Exception as e:
broad_except,src/trading/virtual_portfolio.py,176,except Exception as e:
broad_except,src/trading/virtual_portfolio.py,244,except Exception as e:
path_user_input,src/trading/virtual_portfolio.py,47,portfolio_dir = Path('data/portfolios')
path_user_input,src/trading/virtual_portfolio.py,62,"with open(self.portfolio_file, encoding='utf-8') as f:"
path_user_input,src/trading/virtual_portfolio.py,100,"with open(self.portfolio_file, 'w', encoding='utf-8') as f:"
target_col_in_feature,src/training/adaptive_training_manager.py,38,from src.features.adaptive_target_generator import AdaptiveTargetGenerator
target_col_in_feature,src/training/adaptive_training_manager.py,62,"'hybrid', max_targets_per_ticker=10, target_diversity_threshold"
target_col_in_feature,src/training/adaptive_training_manager.py,65,"enable_quality_filtering=True, enable_target_validation=True)"
target_col_in_feature,src/training/adaptive_training_manager.py,67,self.target_system = AdaptiveTargetsSystem()
target_col_in_feature,src/training/adaptive_training_manager.py,68,self.target_generator = AdaptiveTargetGenerator()
target_col_in_feature,src/training/adaptive_training_manager.py,90,"'target_analysis': {}, 'compatibility_matrix': {},"
target_col_in_feature,src/training/adaptive_training_manager.py,95,analysis['target_analysis'] = self._analyze_target_compatibility(
target_col_in_feature,src/training/adaptive_training_manager.py,114,suitable_targets = self.target_system.get_suitable_targets(
target_col_in_feature,src/training/adaptive_training_manager.py,116,target_categories = self.target_system.get_targets_by_category(
target_col_in_feature,src/training/adaptive_training_manager.py,120,"), 'target_categories': {cat: len(targets) for cat, targets in"
target_col_in_feature,src/training/adaptive_training_manager.py,121,"target_categories.items() if targets},"
target_col_in_feature,src/training/adaptive_training_manager.py,122,'target_quality_score': self.
target_col_in_feature,src/training/adaptive_training_manager.py,123,"_calculate_target_quality_score(suitable_targets),"
target_col_in_feature,src/training/adaptive_training_manager.py,129,"'target_quality_score', 0)))}"
target_col_in_feature,src/training/adaptive_training_manager.py,131,"def _calculate_target_quality_score(self, targets: list) ->float:"
target_col_in_feature,src/training/adaptive_training_manager.py,160,scores = [analysis['target_quality_score'] for analysis in
target_col_in_feature,src/training/adaptive_training_manager.py,165,"def _analyze_target_compatibility(self, tickers: list[str]) ->dict[str, Any"
target_col_in_feature,src/training/adaptive_training_manager.py,169,"'unique_targets': {}, 'target_distribution': {},"
target_col_in_feature,src/training/adaptive_training_manager.py,174,"ticker_target_set = {f'target_volatility_1h_{ticker}',"
target_col_in_feature,src/training/adaptive_training_manager.py,175,"f'target_return_1h_{ticker}',"
target_col_in_feature,src/training/adaptive_training_manager.py,176,"f'target_direction_1h_{ticker}',"
target_col_in_feature,src/training/adaptive_training_manager.py,177,"f'target_volatility_4h_{ticker}',"
target_col_in_feature,src/training/adaptive_training_manager.py,178,"f'target_return_4h_{ticker}',"
target_col_in_feature,src/training/adaptive_training_manager.py,179,"f'target_volatility_1d_{ticker}',"
target_col_in_feature,src/training/adaptive_training_manager.py,180,"f'target_return_5d_{ticker}',"
target_col_in_feature,src/training/adaptive_training_manager.py,181,"f'target_volatility_5d_{ticker}',"
target_col_in_feature,src/training/adaptive_training_manager.py,182,"f'target_direction_5d_{ticker}',"
target_col_in_feature,src/training/adaptive_training_manager.py,183,f'target_max_drawdown_20d_{ticker}'}
target_col_in_feature,src/training/adaptive_training_manager.py,184,ticker_targets[ticker] = ticker_target_set
target_col_in_feature,src/training/adaptive_training_manager.py,185,all_targets.update(ticker_target_set)
target_col_in_feature,src/training/adaptive_training_manager.py,195,compatibility['target_distribution'] = {'total_unique': len(
target_col_in_feature,src/training/adaptive_training_manager.py,240,common_targets = analysis['target_analysis']['common_targets']
target_col_in_feature,src/training/adaptive_training_manager.py,275,"'training_groups'], 'target_configurations': {},"
target_col_in_feature,src/training/adaptive_training_manager.py,279,plan['target_configurations'][f'group_{i + 1}'
target_col_in_feature,src/training/adaptive_training_manager.py,280,"] = self._create_group_target_config(group, analysis)"
target_col_in_feature,src/training/adaptive_training_manager.py,300,"def _create_group_target_config(self, group: list[str], analysis: dict["
target_col_in_feature,src/training/adaptive_training_manager.py,307,"ticker_targets.extend(['target_vol_5d', 'target_ret_5d',"
target_col_in_feature,src/training/adaptive_training_manager.py,308,'target_drawdown_20d'])
target_col_in_feature,src/training/adaptive_training_manager.py,310,"ticker_targets.extend(['target_vol_1h', 'target_ret_1h',"
target_col_in_feature,src/training/adaptive_training_manager.py,311,'target_direction_1h'])
target_col_in_feature,src/training/adaptive_training_manager.py,330,'target_diversity_index': len(analysis['target_analysis'][
broad_except,src/training/adaptive_training_manager.py,390,except Exception as e:
return_none_empty,src/training/adaptive_training_manager.py,33,return []
return_none_empty,src/training/adaptive_training_manager.py,36,return {}
path_user_input,src/training/adaptive_training_manager.py,71,"self.adaptive_dir = Path(paths.get('models', 'models')) / 'adaptive'"
path_user_input,src/training/adaptive_training_manager.py,72,"self.targets_dir = Path(paths.get('data', 'data')) / 'adaptive_targets'"
path_user_input,src/training/adaptive_training_manager.py,73,"self.reports_dir = Path(paths.get('reports', 'reports')) / 'adaptive'"
path_user_input,src/training/adaptive_training_manager.py,367,"with open(filepath, 'w') as f:"
target_col_in_feature,src/training/base_trainer.py,64,"target_diversity_threshold: float | None = None,"
target_col_in_feature,src/training/base_trainer.py,67,enable_target_validation: bool = True
target_col_in_feature,src/training/base_trainer.py,90,self.target_diversity_threshold = target_diversity_threshold
target_col_in_feature,src/training/base_trainer.py,93,self.enable_target_validation = enable_target_validation
target_col_in_feature,src/training/base_trainer.py,257,"is_classification = 'classification' in data.get('target_type', '')"
target_col_in_feature,src/training/base_trainer.py,327,"self._save_champion(model, ticker, data.get('target_name', 'unknown'))"
target_col_in_feature,src/training/base_trainer.py,329,"ticker=ticker, model_name=m_type, target=data.get('target_name', 'unknown'),"
target_col_in_feature,src/training/base_trainer.py,399,"required_keys = ['X_train', 'y_train', 'X_test', 'y_test', 'target_name']"
broad_except,src/training/base_trainer.py,131,except Exception as e:
broad_except,src/training/base_trainer.py,296,except Exception as e:
path_user_input,src/training/base_trainer.py,128,self.output_dir = Path(models_path)
return_none_empty,src/training/batch_trainer.py,35,return []
return_none_empty,src/training/batch_trainer.py,46,return {}
target_col_in_feature,src/training/light_model_trainer.py,46,- target_col: Name of target column
target_col_in_feature,src/training/light_model_trainer.py,58,target_col = config['target_col']
target_col_in_feature,src/training/light_model_trainer.py,65,drop_cols = [c for c in features_df.columns if c.startswith('target_') or c in metadata_cols]
target_col_in_feature,src/training/light_model_trainer.py,67,# Ensure target_col is removed from drop_cols so we can extract it for y
target_col_in_feature,src/training/light_model_trainer.py,70,y = features_df[target_col]
target_col_in_feature,src/training/light_model_trainer.py,72,# Check if target_col was actually in features_df and not dropped
target_col_in_feature,src/training/light_model_trainer.py,73,# (target_col is usually one of the columns starting with 'target_')
broad_except,src/training/light_model_trainer.py,109,except Exception as e:
broad_except,src/training/light_model_trainer.py,156,except Exception as e:
broad_except,src/training/light_model_trainer.py,180,except Exception as e:
pickle_joblib_load,src/training/light_model_trainer.py,177,self.models_in_memory[model_key] = joblib.load(trusted_path)  # audit-ignore: UNSAFE_MODEL_OR_PICKLE_LOAD
path_user_input,src/training/light_model_trainer.py,152,"Path(path).parent.mkdir(parents=True, exist_ok=True)"
target_col_in_feature,src/training/pattern_aware_training.py,130,y = self._create_target_vector(targets)
target_col_in_feature,src/training/pattern_aware_training.py,165,drop_cols = [col for col in frame.columns if str(col).startswith('target_')]
target_col_in_feature,src/training/pattern_aware_training.py,168,"def _create_target_vector(self, targets: Any) -> pd.Series:"
target_col_in_feature,src/training/pattern_aware_training.py,173,target_cols = [col for col in targets.columns if str(col).startswith('target_')]
target_col_in_feature,src/training/pattern_aware_training.py,174,selected_col = target_cols[0] if target_cols else targets.select_dtypes(include=[np.number]).columns[0]
target_col_in_feature,src/training/pattern_aware_training.py,178,target_cols = [col for col in frame.columns if str(col).startswith('target_')]
target_col_in_feature,src/training/pattern_aware_training.py,179,selected_col = target_cols[0] if target_cols else frame.columns[0]
return_none_empty,src/training/pattern_aware_training.py,204,return {}
broad_except,src/training/progressive_trainer.py,114,except Exception as e:
broad_except,src/training/progressive_trainer.py,182,except Exception as e:
broad_except,src/training/progressive_trainer.py,198,except Exception as e:
broad_except,src/training/progressive_trainer.py,344,except Exception as e:
return_none_empty,src/training/progressive_trainer.py,89,return []
return_none_empty,src/training/progressive_trainer.py,162,return None
path_user_input,src/training/progressive_trainer.py,61,"self.checkpoints_dir = Path(""models/progressive/checkpoints"")"
path_user_input,src/training/progressive_trainer.py,62,"self.results_dir = Path(""results/progressive"")"
path_user_input,src/training/progressive_trainer.py,63,"self.analytics_dir = Path(""analytics/progressive"")"
path_user_input,src/training/progressive_trainer.py,337,"with open(results_file, 'w') as f:"
path_user_input,src/training/progressive_trainer.py,340,"with open(analytics_file, 'w') as f:"
broad_except,src/training/run_training.py,60,except Exception as e:
broad_except,src/training/unified_training_manager.py,111,except Exception as e:
broad_except,src/training/unified_training_manager.py,124,except Exception as e:
broad_except,src/training/unified_training_manager.py,143,except Exception as e:
path_user_input,src/training/unified_training_manager.py,47,"self.base_dir = Path(system_config.get('unified_models_path',"
path_user_input,src/training/unified_training_manager.py,207,"with open(filepath, 'w') as f:"
path_user_input,src/training/unified_training_manager.py,214,"with open(filepath, 'w') as f:"
return_none_empty,src/utils/artifact_security.py,44,return []
path_user_input,src/utils/artifact_security.py,32,return Path(__file__).resolve().parents[2]
path_user_input,src/utils/artifact_security.py,45,return [Path(part) for part in raw.split(os.pathsep) if part.strip()]
path_user_input,src/utils/artifact_security.py,49,root_path = Path(root).expanduser()
path_user_input,src/utils/artifact_security.py,86,root = Path(project_root).resolve(strict=False) if project_root else get_project_root()
path_user_input,src/utils/artifact_security.py,87,candidate = Path(artifact_text).expanduser()
target_col_in_feature,src/utils/checkpoint_manager.py,79,"def find_latest_checkpoint(checkpoint_dir: str, ticker: str, target_col: str,"
target_col_in_feature,src/utils/checkpoint_manager.py,85,"pattern = f""{ticker}_{target_col}_{model_type}_*.pt"""
heavy_import,src/utils/checkpoint_manager.py,53,import torch
broad_except,src/utils/checkpoint_manager.py,74,except Exception as e:
return_none_empty,src/utils/checkpoint_manager.py,83,return None
return_none_empty,src/utils/checkpoint_manager.py,89,return None
pickle_joblib_load,src/utils/checkpoint_manager.py,61,checkpoint = torch.load(  # audit-ignore: UNSAFE_MODEL_OR_PICKLE_LOAD
path_user_input,src/utils/checkpoint_manager.py,43,"with open(checkpoint_file, 'w') as f:"
path_user_input,src/utils/checkpoint_manager.py,86,checkpoints = list(Path(checkpoint_dir).glob(pattern))
broad_except,src/utils/collector_fixes.py,30,except Exception as e:
return_none_empty,src/utils/collector_fixes.py,37,return None
return_none_empty,src/utils/json_utils.py,29,return None
path_user_input,src/utils/path_utils.py,59,file_path = Path(file_path).resolve()
path_user_input,src/utils/path_utils.py,60,base_dir = Path(base_dir).resolve()
path_user_input,src/utils/path_utils.py,86,safe_path = Path(base_dir) / safe_name
negative_shift,src/utils/smart_missing_data_handler.py,225,# FIX: Removed series.shift(-1) to prevent look-ahead bias.
broad_except,src/utils/trading_calendar.py,35,except Exception as e:
broad_except,src/utils/trading_calendar.py,54,except Exception as e:
broad_except,src/utils/trading_calendar.py,79,except Exception as e:
broad_except,src/utils/trading_calendar.py,113,except Exception as e:
broad_except,src/utils/trading_calendar.py,126,except Exception as e:
return_none_empty,src/utils/trading_calendar.py,78,return []
broad_except,src/utils/type_conversion.py,242,except Exception as e:
broad_except,src/utils/type_conversion.py,279,except Exception as e:
broad_except,src/utils/type_conversion.py,310,except Exception as e:
return_none_empty,src/utils/type_conversion.py,33,return None
return_none_empty,src/utils/type_conversion.py,40,return None
return_none_empty,src/utils/type_conversion.py,49,return None
return_none_empty,src/utils/type_conversion.py,58,return None
return_none_empty,src/utils/type_conversion.py,67,return None
return_none_empty,src/utils/type_conversion.py,74,return None
return_none_empty,src/utils/type_conversion.py,158,return None
return_none_empty,src/utils/type_conversion.py,165,return None
return_none_empty,src/utils/type_conversion.py,175,return None
return_none_empty,src/utils/type_conversion.py,181,return None
return_none_empty,src/utils/type_conversion.py,196,return None
negative_shift,src/validation/data_leakage_detector.py,125,future_target = df[target_col].shift(-1)  # audit-ignore: NEGATIVE_SHIFT_LOOKAHEAD
target_col_in_feature,src/validation/data_leakage_detector.py,22,"TARGET_LEAKAGE = ""target_leakage"""
target_col_in_feature,src/validation/data_leakage_detector.py,51,"def detect_correlation_leakage(df: pd.DataFrame, target_col: str, threshold: float = 0.99) -> dict[str, float]:"
target_col_in_feature,src/validation/data_leakage_detector.py,57,target_col: The name of the target column.
target_col_in_feature,src/validation/data_leakage_detector.py,63,if target_col not in df.columns:
target_col_in_feature,src/validation/data_leakage_detector.py,64,"logger.error(f""Target column '{target_col}' not found for correlation analysis."")"
target_col_in_feature,src/validation/data_leakage_detector.py,71,correlations = numeric_df.corr()[target_col].abs()
target_col_in_feature,src/validation/data_leakage_detector.py,73,leakage_features = correlations[(correlations >= threshold) & (correlations.index != target_col)]
target_col_in_feature,src/validation/data_leakage_detector.py,76,"logger.warning(f""Detected {len(leakage_features)} features with correlation >= {threshold} against {target_col}."")"
target_col_in_feature,src/validation/data_leakage_detector.py,106,"def detect_future_data_in_features(df: pd.DataFrame, features: list[str], target_col: str) -> dict[str, float]:"
target_col_in_feature,src/validation/data_leakage_detector.py,114,target_col: The target column.
target_col_in_feature,src/validation/data_leakage_detector.py,119,if target_col not in df.columns:
target_col_in_feature,src/validation/data_leakage_detector.py,125,future_target = df[target_col].shift(-1)  # audit-ignore: NEGATIVE_SHIFT_LOOKAHEAD
target_col_in_feature,src/validation/data_leakage_detector.py,128,if feature in df.columns and feature != target_col:
target_col_in_feature,src/validation/data_leakage_detector.py,137,"def run_comprehensive_audit(self, df: pd.DataFrame, target_col: str) -> LeakageReport:"
target_col_in_feature,src/validation/data_leakage_detector.py,141,"logger.info(f""Starting comprehensive leakage audit for target: {target_col}"")"
target_col_in_feature,src/validation/data_leakage_detector.py,143,"corr_leakage = self.detect_correlation_leakage(df, target_col)"
target_col_in_feature,src/validation/data_leakage_detector.py,144,"lookahead_leakage = self.detect_future_data_in_features(df, df.columns.tolist(), target_col)"
target_col_in_feature,src/validation/data_leakage_detector.py,194,"report = detector.run_comprehensive_audit(df, target_col='target')"
return_none_empty,src/validation/data_leakage_detector.py,65,return {}
return_none_empty,src/validation/data_leakage_detector.py,69,return {}
return_none_empty,src/validation/data_leakage_detector.py,120,return {}
target_col_in_feature,src/validation/pipeline_schemas.py,131,target_cols_in_features = [col for col in self.selected_features if col.startswith('target_')]
target_col_in_feature,src/validation/pipeline_schemas.py,132,target_cols_in_targets = bool(self.all_targets)
target_col_in_feature,src/validation/pipeline_schemas.py,134,if not target_cols_in_features and not target_cols_in_targets:
broad_except,src/validation/pipeline_schemas.py,212,except Exception as e:
broad_except,src/validation/pipeline_schemas.py,275,except Exception as e:
path_user_input,src/validation/pipeline_schemas.py,273,"with open(metadata_path, encoding='utf-8') as f:"
target_col_in_feature,src/validation/temporal_feature_separator.py,45,"def _validate_feature_target_alignment(self, df_features: pd.DataFrame, target_series: pd.Series) -> bool:"
target_col_in_feature,src/validation/temporal_feature_separator.py,47,if len(df_features) != len(target_series):
target_col_in_feature,src/validation/temporal_feature_separator.py,48,"logger.warning(f""Feature/Target alignment error: Features({len(df_features)}) vs Target({len(target_series)})"")"
target_col_in_feature,src/validation/temporal_feature_separator.py,52,"def _calculate_lookahead_correlations(self, feature_values: np.ndarray, target_series: pd.Series, max_lookahead: int) -> list[dict[str, Any]]:"
target_col_in_feature,src/validation/temporal_feature_separator.py,57,if lag >= len(target_series):
target_col_in_feature,src/validation/temporal_feature_separator.py,60,shifted_target = target_series.iloc[lag:].reset_index(drop=True)
target_col_in_feature,src/validation/temporal_feature_separator.py,108,"target_series: pd.Series,"
target_col_in_feature,src/validation/temporal_feature_separator.py,117,target_series: Target vector.
target_col_in_feature,src/validation/temporal_feature_separator.py,123,"if not self._validate_feature_target_alignment(df_features, target_series):"
target_col_in_feature,src/validation/temporal_feature_separator.py,131,"feature_values, target_series, max_lookahead"
target_col_in_feature,src/validation/temporal_feature_separator.py,157,"def _detect_direct_target_proxy(self, col: str, feature: np.ndarray, target: np.ndarray, threshold: float) -> dict[str, Any] | None:"
target_col_in_feature,src/validation/temporal_feature_separator.py,164,"'pattern': 'direct_target_proxy',"
target_col_in_feature,src/validation/temporal_feature_separator.py,170,"def _detect_delayed_target_redundancy(self, col: str, feature: np.ndarray, target: np.ndarray, threshold: float) -> dict[str, Any] | None:"
target_col_in_feature,src/validation/temporal_feature_separator.py,183,"'pattern': 'delayed_target_redundancy',"
target_col_in_feature,src/validation/temporal_feature_separator.py,192,"target_series: pd.Series,"
target_col_in_feature,src/validation/temporal_feature_separator.py,204,target = target_series.values
target_col_in_feature,src/validation/temporal_feature_separator.py,210,"direct_pattern = self._detect_direct_target_proxy(col, feature, target, threshold)"
target_col_in_feature,src/validation/temporal_feature_separator.py,215,"delayed_pattern = self._detect_delayed_target_redundancy(col, feature, target, threshold)"
return_none_empty,src/validation/temporal_feature_separator.py,124,return {}
return_none_empty,src/validation/temporal_feature_separator.py,148,return None
return_none_empty,src/validation/temporal_feature_separator.py,152,return None
return_none_empty,src/validation/temporal_feature_separator.py,168,return None
return_none_empty,src/validation/temporal_feature_separator.py,173,return None
return_none_empty,src/validation/temporal_feature_separator.py,187,return None
path_user_input,src/validation/temporal_feature_separator.py,40,self.project_path = Path(project_path) if project_path else Path.cwd()
path_user_input,src/validation/temporal_feature_separator.py,292,"with open(filepath, 'w') as f:"
broad_except,src/validation/time_series_validator.py,186,except Exception as e:
broad_except,src/validation/time_series_validator.py,229,except Exception as e:
broad_except,src/validation/time_series_validator.py,325,except Exception as e:
broad_except,src/validation/time_series_validator.py,347,except Exception as e:
broad_except,src/validation/time_series_validator.py,383,except Exception as e:
broad_except,src/validation/validators.py,202,except Exception as e:
return_none_empty,src/validation/validators.py,101,return []
return_none_empty,src/validation/validators.py,106,return []
return_none_empty,src/validation/validators.py,112,return []
return_none_empty,src/validation/validators.py,117,return []
return_none_empty,src/validation/validators.py,122,return []
return_none_empty,src/validation/validators.py,129,return []
return_none_empty,src/validation/validators.py,134,return []
return_none_empty,src/validation/validators.py,139,return []
path_user_input,src/training/security/path_security_validator.py,89,base_path = Path(base_dir).resolve()
broad_except,src/training/state/training_state_manager.py,108,except Exception as e:
broad_except,src/training/state/training_state_manager.py,136,except Exception as e:
path_user_input,src/training/state/training_state_manager.py,105,"with open(filepath, 'w') as f:"
path_user_input,src/training/state/training_state_manager.py,120,with open(checkpoint_path) as f:
return_none_empty,src/targets/calculators/base_news_target_calculator.py,22,"return None, None"
target_col_in_feature,src/targets/calculators/classification_calculator.py,25,target_series = pd.Series(
target_col_in_feature,src/targets/calculators/classification_calculator.py,29,return target_series
target_col_in_feature,src/targets/calculators/classification_calculator.py,51,"target_series = pd.Series(np.select(conditions, choices, default=np.nan), index=df.index)"
target_col_in_feature,src/targets/calculators/classification_calculator.py,52,target_series[returns.isna()] = np.nan # Propagate NaNs
target_col_in_feature,src/targets/calculators/classification_calculator.py,53,return target_series
target_col_in_feature,src/targets/calculators/indicator_prediction_calculator.py,28,target_series = df[indicator_col].shift(shift)
target_col_in_feature,src/targets/calculators/indicator_prediction_calculator.py,29,return target_series
target_col_in_feature,src/targets/calculators/post_news_target_calculator.py,107,target_candle = future_candles.iloc[candle_num - 1]
target_col_in_feature,src/targets/calculators/post_news_target_calculator.py,108,target_price = target_candle['close']
target_col_in_feature,src/targets/calculators/post_news_target_calculator.py,111,target_return = (target_price - current_price) / current_price
target_col_in_feature,src/targets/calculators/post_news_target_calculator.py,112,targets.append(target_return)
target_col_in_feature,src/targets/calculators/pre_news_target_calculator.py,51,"def _calculate_target_return(self, df_tf: pd.DataFrame, ticker: str, current_time: pd.Timestamp,"
target_col_in_feature,src/targets/calculators/pre_news_target_calculator.py,70,target_candle = past_candles.iloc[0]
target_col_in_feature,src/targets/calculators/pre_news_target_calculator.py,71,past_price = target_candle['close']
target_col_in_feature,src/targets/calculators/pre_news_target_calculator.py,125,"target_return = self._calculate_target_return(df_tf, ticker, current_time, current_price, news_df, candle_num, timeframe)"
target_col_in_feature,src/targets/calculators/pre_news_target_calculator.py,126,targets.append(target_return)
target_col_in_feature,src/targets/calculators/regression_calculator.py,44,target_series = (future_price - df[base_col]) / df[base_col]
target_col_in_feature,src/targets/calculators/regression_calculator.py,61,target_series = target_series - total_cost
target_col_in_feature,src/targets/calculators/regression_calculator.py,67,return target_series
broad_except,src/risk/kill_switch/calculator.py,52,except Exception as e:
broad_except,src/risk/kill_switch/calculator.py,98,except Exception as e:
broad_except,src/risk/kill_switch/calculator.py,126,except Exception as e:
broad_except,src/risk/kill_switch/calculator.py,169,except Exception as e:
broad_except,src/risk/kill_switch/calculator.py,209,except Exception as e:
return_none_empty,src/risk/kill_switch/calculator.py,62,return {}
return_none_empty,src/risk/kill_switch/calculator.py,113,return []
return_none_empty,src/risk/kill_switch/calculator.py,118,return []
return_none_empty,src/risk/kill_switch/calculator.py,139,return {}
path_user_input,src/risk/kill_switch/config.py,95,"self.storage_path = Path(self.config.get('storage_path', 'data/risk/kill_switch'))"
broad_except,src/risk/kill_switch/manager.py,77,except Exception as e:
broad_except,src/risk/kill_switch/manager.py,94,except Exception as e:
path_user_input,src/risk/kill_switch/manager.py,92,"with open(save_path, 'w') as f:"
return_none_empty,src/processing/filters/price_filter.py,92,return []
return_none_empty,src/processing/filters/price_filter.py,110,return []
return_none_empty,src/processing/filters/price_filter.py,117,return []
return_none_empty,src/pipeline/guards/macro_release_timing_guard.py,325,return None
return_none_empty,src/pipeline/guards/macro_release_timing_guard.py,339,return None
target_col_in_feature,src/pipeline/guards/safe_feature_combiner.py,157,"if col not in ['datetime', 'ticker', 'interval'] and not col.startswith('target_')]"
target_col_in_feature,src/pipeline/guards/safe_feature_combiner.py,324,"if col not in ['datetime', 'ticker', 'interval'] and not col.startswith('target_')]"
target_col_in_feature,src/pipeline/guards/safe_feature_combiner.py,408,"if col not in ['datetime', 'ticker', 'interval'] and not col.startswith('target_')]"
target_col_in_feature,src/pipeline/guards/temporal_leakage_guard.py,346,"target_df: pd.DataFrame,"
target_col_in_feature,src/pipeline/guards/temporal_leakage_guard.py,353,target_df: Target DataFrame
target_col_in_feature,src/pipeline/guards/temporal_leakage_guard.py,375,if not features_df.empty and not target_df.empty:
target_col_in_feature,src/pipeline/guards/temporal_leakage_guard.py,377,for target_col in target_df.columns:
target_col_in_feature,src/pipeline/guards/temporal_leakage_guard.py,378,if target_col.startswith('target_'):
target_col_in_feature,src/pipeline/guards/temporal_leakage_guard.py,380,"if feature_col.replace('m15_', '').replace('h1_', '').replace('d1_', '') == target_col.replace('target_', ''):"
target_col_in_feature,src/pipeline/guards/temporal_leakage_guard.py,382,"f""Feature {feature_col} may be identical to target {target_col}"""
target_col_in_feature,src/pipeline/guards/temporal_leakage_guard.py,391,'targets_shape': target_df.shape
target_col_in_feature,src/pipeline/guards/temporal_leakage_guard.py,396,"def check_feature_target_alignment(self,"
target_col_in_feature,src/pipeline/guards/temporal_leakage_guard.py,398,"target_df: pd.DataFrame,"
target_col_in_feature,src/pipeline/guards/temporal_leakage_guard.py,405,target_df: Target DataFrame
target_col_in_feature,src/pipeline/guards/temporal_leakage_guard.py,420,targets_dt = self._get_datetime_column(target_df)
target_col_in_feature,src/pipeline/guards/temporal_leakage_guard.py,433,targets_time = target_df.index
target_col_in_feature,src/pipeline/guards/temporal_leakage_guard.py,435,targets_time = pd.to_datetime(target_df[targets_dt])
target_col_in_feature,src/pipeline/guards/temporal_leakage_guard.py,441,"f""target_max={targets_time.max()}, feature_max={features_time.max()}"""
target_col_in_feature,src/pipeline/guards/temporal_leakage_guard.py,448,"f""feature_max={features_time.max()}, target_max={targets_time.max()}"""
return_none_empty,src/pipeline/guards/temporal_leakage_guard.py,175,return None
negative_shift,src/pipeline/guards/temporal_target_guard.py,25,future_price = df_enriched.groupby('ticker')['close'].shift(-shift)  # audit-ignore: NEGATIVE_SHIFT_LOOKAHEAD
negative_shift,src/pipeline/guards/temporal_target_guard.py,27,future_price = df_enriched['close'].shift(-shift)  # audit-ignore: NEGATIVE_SHIFT_LOOKAHEAD
negative_shift,src/pipeline/guards/temporal_target_guard.py,38,"results['target_volatility_1d'] = grouped_ret1.transform(lambda s: s.rolling(window=5, min_periods=1).std().shift(-1))  # audit-ignore: NEGATIVE_SHIFT_LOOKAHEAD"
negative_shift,src/pipeline/guards/temporal_target_guard.py,39,"results['target_volatility_5d'] = grouped_ret1.transform(lambda s: s.rolling(window=20, min_periods=1).std().shift(-5))  # audit-ignore: NEGATIVE_SHIFT_LOOKAHEAD"
negative_shift,src/pipeline/guards/temporal_target_guard.py,41,"results['target_volatility_1d'] = ret1_series.rolling(window=5, min_periods=1).std().shift(-1)  # audit-ignore: NEGATIVE_SHIFT_LOOKAHEAD"
negative_shift,src/pipeline/guards/temporal_target_guard.py,42,"results['target_volatility_5d'] = ret1_series.rolling(window=20, min_periods=1).std().shift(-5)  # audit-ignore: NEGATIVE_SHIFT_LOOKAHEAD"
target_col_in_feature,src/pipeline/guards/temporal_target_guard.py,23,"name = f""target_return_{shift}d"""
target_col_in_feature,src/pipeline/guards/temporal_target_guard.py,31,ret1 = results['target_return_1d']
target_col_in_feature,src/pipeline/guards/temporal_target_guard.py,32,results['target_return_1d_direction'] = ret1.gt(0).astype(float).where(ret1.notna())
target_col_in_feature,src/pipeline/guards/temporal_target_guard.py,38,"results['target_volatility_1d'] = grouped_ret1.transform(lambda s: s.rolling(window=5, min_periods=1).std().shift(-1))  # audit-ignore: NEGATIVE_SHIFT_LOOKAHEAD"
target_col_in_feature,src/pipeline/guards/temporal_target_guard.py,39,"results['target_volatility_5d'] = grouped_ret1.transform(lambda s: s.rolling(window=20, min_periods=1).std().shift(-5))  # audit-ignore: NEGATIVE_SHIFT_LOOKAHEAD"
target_col_in_feature,src/pipeline/guards/temporal_target_guard.py,41,"results['target_volatility_1d'] = ret1_series.rolling(window=5, min_periods=1).std().shift(-1)  # audit-ignore: NEGATIVE_SHIFT_LOOKAHEAD"
target_col_in_feature,src/pipeline/guards/temporal_target_guard.py,42,"results['target_volatility_5d'] = ret1_series.rolling(window=20, min_periods=1).std().shift(-5)  # audit-ignore: NEGATIVE_SHIFT_LOOKAHEAD"
target_col_in_feature,src/pipeline/guards/temporal_target_guard.py,83,"def _process_target_config(self, config: dict, df_enriched: pd.DataFrame) -> tuple:"
target_col_in_feature,src/pipeline/guards/temporal_target_guard.py,114,target_configs: list[dict] | None = None) -> pd.DataFrame:
target_col_in_feature,src/pipeline/guards/temporal_target_guard.py,119,if df_enriched is None or df_enriched.empty or not target_configs:
target_col_in_feature,src/pipeline/guards/temporal_target_guard.py,129,for config in target_configs:
target_col_in_feature,src/pipeline/guards/temporal_target_guard.py,130,"name, result = self._process_target_config(config, df_enriched)"
target_col_in_feature,src/pipeline/guards/temporal_target_guard.py,139,def get_temporal_target_guard(config_manager=None) -> TemporalTargetGuard:
target_col_in_feature,src/pipeline/guards/temporal_target_guard.py,145,guard = get_temporal_target_guard()
broad_except,src/pipeline/guards/temporal_target_guard.py,99,except Exception as e:
return_none_empty,src/pipeline/guards/timeframe_alignment_guard.py,82,return None
return_none_empty,src/pipeline/guards/timeframe_alignment_guard.py,89,return None
return_none_empty,src/pipeline/guards/timeframe_alignment_guard.py,96,return None
return_none_empty,src/pipeline/guards/timeframe_alignment_guard.py,216,return None
return_none_empty,src/pipeline/guards/timeframe_alignment_guard.py,225,return None
return_none_empty,src/pipeline/guards/timeframe_alignment_guard.py,237,return None
return_none_empty,src/pipeline/guards/timeframe_alignment_guard.py,258,return None
target_col_in_feature,src/pipeline/guards/__init__.py,26,"from .temporal_target_guard import TemporalTargetGuard, generate_targets_quick, get_temporal_target_guard"
target_col_in_feature,src/pipeline/guards/__init__.py,40,"'get_temporal_target_guard',"
broad_except,src/pipeline/hybrid/cache_manager.py,64,except Exception as e:
broad_except,src/pipeline/hybrid/cache_manager.py,81,except Exception as e:
broad_except,src/pipeline/hybrid/cache_manager.py,97,except Exception as e:
return_none_empty,src/pipeline/hybrid/cache_manager.py,48,return None
return_none_empty,src/pipeline/hybrid/cache_manager.py,54,return None
return_none_empty,src/pipeline/hybrid/cache_manager.py,66,return None
path_user_input,src/pipeline/hybrid/cache_manager.py,56,"with open(files[0], encoding='utf-8') as f:"
target_col_in_feature,src/pipeline/hybrid/colab_manager.py,61,"eff_batch_name = (config.batch_name or self.batch_name).replace('target_target_', 'target_')"
target_col_in_feature,src/pipeline/hybrid/colab_manager.py,211,"batch_name = batch_name.replace('target_target_', 'target_')"
return_none_empty,src/pipeline/hybrid/colab_manager.py,169,return None
path_user_input,src/pipeline/hybrid/colab_manager.py,85,"with open(metadata_path, 'w') as f:"
path_user_input,src/pipeline/hybrid/colab_manager.py,233,with open(file_path) as f:
path_user_input,src/pipeline/hybrid/colab_manager.py,242,with open(file_path) as f:
path_user_input,src/pipeline/hybrid/colab_manager.py,295,"with open(config_path, 'w') as f:"
target_col_in_feature,src/pipeline/hybrid/colab_workflow_manager.py,60,feats = [c for c in features_df.columns if not c.startswith('target_')]
path_user_input,src/pipeline/hybrid/colab_workflow_manager.py,58,b_dir = Path(batch_info['batch_dir'])
path_user_input,src/pipeline/hybrid/colab_workflow_manager.py,62,"with open(b_dir / f""selected_features_{m}.json"", 'w', encoding='utf-8') as f:"
broad_except,src/pipeline/hybrid/component_factory.py,101,except Exception as e:
target_col_in_feature,src/pipeline/hybrid/context_builder.py,35,"selected_features: list[str], target_cols: list[str], file_path: Path) -> dict[str, Any]:"
target_col_in_feature,src/pipeline/hybrid/context_builder.py,40,"'targets': [context_target] if context_target else list(target_cols),"
target_col_in_feature,src/pipeline/hybrid/context_builder.py,47,"light_models_to_train: list[str], target_cols: list[str],"
target_col_in_feature,src/pipeline/hybrid/context_builder.py,67,"selected_features, target_cols, file_path)"
return_none_empty,src/pipeline/hybrid/context_builder.py,53,return None
return_none_empty,src/pipeline/hybrid/context_builder.py,60,return None
return_none_empty,src/pipeline/hybrid/context_builder.py,64,return None
target_col_in_feature,src/pipeline/hybrid/data_batch_manager.py,45,"target_dedup_cols = self._dedup_columns(e_t, targets_df_filtered)"
target_col_in_feature,src/pipeline/hybrid/data_batch_manager.py,50,"subset=target_dedup_cols, keep='last'"
broad_except,src/pipeline/hybrid/data_batch_manager.py,58,except Exception as e:
path_user_input,src/pipeline/hybrid/data_batch_manager.py,72,"backup_dir = Path(""backups/accumulated"") / f""main_database_backup_{timestamp}"""
path_user_input,src/pipeline/hybrid/data_batch_manager.py,88,"with open(config_path, 'w', encoding='utf-8') as f:"
path_user_input,src/pipeline/hybrid/data_batch_manager.py,116,"with open(metadata_path, 'w', encoding='utf-8') as f:"
broad_except,src/pipeline/hybrid/data_cache_manager.py,45,except Exception as e:
broad_except,src/pipeline/hybrid/data_cache_manager.py,72,except Exception as e:
return_none_empty,src/pipeline/hybrid/data_cache_manager.py,27,"return None, None"
broad_except,src/pipeline/hybrid/data_manager.py,34,except Exception as e:
broad_except,src/pipeline/hybrid/data_manager.py,49,except Exception as e:
broad_except,src/pipeline/hybrid/data_manager.py,96,except Exception as e:
target_col_in_feature,src/pipeline/hybrid/data_processor.py,36,target_cols = [c for c in df.columns if c.startswith('target_')]
target_col_in_feature,src/pipeline/hybrid/data_processor.py,37,feature_cols = [c for c in df.columns if c not in target_cols]
target_col_in_feature,src/pipeline/hybrid/data_processor.py,40,targets_df = df[target_cols].copy()
return_none_empty,src/pipeline/hybrid/data_processor.py,55,return None
path_user_input,src/pipeline/hybrid/data_processor.py,70,batch_dir = Path(output_dir) / batch_name
target_col_in_feature,src/pipeline/hybrid/data_utils.py,74,target_cols = [c for c in df.columns if c.startswith('target_')]
target_col_in_feature,src/pipeline/hybrid/data_utils.py,75,feature_cols = [c for c in df.columns if c not in target_cols]
target_col_in_feature,src/pipeline/hybrid/data_utils.py,78,targets_df = df[target_cols].copy()
return_none_empty,src/pipeline/hybrid/data_utils.py,57,return None
target_col_in_feature,src/pipeline/hybrid/feature_loader.py,16,"def _get_file_candidates(self, model_type: str, ticker: str, target_name: str) -> list[Path]:"
target_col_in_feature,src/pipeline/hybrid/feature_loader.py,18,"self.batch_dir / f""selected_features_{model_type}_{ticker}_{target_name}.json"","
target_col_in_feature,src/pipeline/hybrid/feature_loader.py,20,"self.batch_dir / f""selected_features_{model_type}_{target_name}.json"","
target_col_in_feature,src/pipeline/hybrid/feature_loader.py,24,"async def load_async(self, model_type: str, ticker: str, target_name: str) -> list[str]:"
target_col_in_feature,src/pipeline/hybrid/feature_loader.py,26,"candidates = self._get_file_candidates(model_type, ticker, target_name)"
target_col_in_feature,src/pipeline/hybrid/feature_loader.py,40,"def load_sync(self, model_type: str, ticker: str, target_name: str) -> list[str]:"
target_col_in_feature,src/pipeline/hybrid/feature_loader.py,42,"candidates = self._get_file_candidates(model_type, ticker, target_name)"
broad_except,src/pipeline/hybrid/feature_loader.py,34,except Exception as e:
broad_except,src/pipeline/hybrid/feature_loader.py,49,except Exception as e:
return_none_empty,src/pipeline/hybrid/feature_loader.py,38,return []
return_none_empty,src/pipeline/hybrid/feature_loader.py,53,return []
path_user_input,src/pipeline/hybrid/feature_loader.py,30,"async with aiofiles.open(candidate, encoding=""utf-8"") as f:"
path_user_input,src/pipeline/hybrid/feature_loader.py,46,"with open(candidate, encoding=""utf-8"") as f:"
target_col_in_feature,src/pipeline/hybrid/feature_processor.py,73,target_cols = [c for c in df.columns if c.startswith('target_')]
target_col_in_feature,src/pipeline/hybrid/feature_processor.py,74,feature_cols = [c for c in df.columns if c not in target_cols]
target_col_in_feature,src/pipeline/hybrid/feature_processor.py,80,targets_columns = target_cols + [col for col in essential_metadata if col in df.columns]
target_col_in_feature,src/pipeline/hybrid/feature_processor.py,83,"self.logger.info(f""✅ Split: {len(feature_cols)} feature columns, {len(target_cols)} target columns"")"
return_none_empty,src/pipeline/hybrid/feature_processor.py,26,return None
return_none_empty,src/pipeline/hybrid/feature_processor.py,95,return None
target_col_in_feature,src/pipeline/hybrid/feature_selection_manager.py,56,"if not col.startswith('target_') and col not in ['ticker', 'timeframe', 'date', 'datetime']]"
path_user_input,src/pipeline/hybrid/feature_selection_manager.py,89,"with open(feature_file, 'w') as f:"
target_col_in_feature,src/pipeline/hybrid/feature_selection_validator.py,126,"startswith('target_') and col not in ['ticker', 'timeframe',"
broad_except,src/pipeline/hybrid/feature_selection_validator.py,84,except Exception as e:
broad_except,src/pipeline/hybrid/feature_selection_validator.py,102,except Exception as e:
broad_except,src/pipeline/hybrid/feature_selection_validator.py,142,except Exception as e:
return_none_empty,src/pipeline/hybrid/feature_selection_validator.py,68,return None
return_none_empty,src/pipeline/hybrid/feature_selection_validator.py,74,return None
return_none_empty,src/pipeline/hybrid/feature_selection_validator.py,87,return None
path_user_input,src/pipeline/hybrid/feature_selection_validator.py,76,"with open(files[0], encoding='utf-8') as f:"
path_user_input,src/pipeline/hybrid/feature_selection_validator.py,161,"with open(file_path, 'w', encoding='utf-8') as f:"
target_col_in_feature,src/pipeline/hybrid/final_stages_executor.py,75,for target_data in all_results.values():
target_col_in_feature,src/pipeline/hybrid/final_stages_executor.py,76,"models = target_data.get('models', {})"
target_col_in_feature,src/pipeline/hybrid/final_stages_executor.py,91,for target_col in [col for col in targets_df.columns if col.
target_col_in_feature,src/pipeline/hybrid/final_stages_executor.py,92,startswith('target_')]:
target_col_in_feature,src/pipeline/hybrid/final_stages_executor.py,93,targets_df[target_col]
target_col_in_feature,src/pipeline/hybrid/final_stages_executor.py,95,'results'][target_col] = {'models': {}}
target_col_in_feature,src/pipeline/hybrid/final_stages_executor.py,99,"f'model_{ticker}_{target_col}_{model_type}.keras',"
target_col_in_feature,src/pipeline/hybrid/final_stages_executor.py,104,'all']['results'][target_col]['models'][model_type
target_col_in_feature,src/pipeline/hybrid/final_stages_executor.py,107,f'✅ {ticker}-{target_col}-{model_type}: trained')
target_col_in_feature,src/pipeline/hybrid/final_stages_executor.py,110,f'❌ {ticker}-{target_col}-{model_type}: {e}')
target_col_in_feature,src/pipeline/hybrid/final_stages_executor.py,112,'all']['results'][target_col]['models'][model_type
target_col_in_feature,src/pipeline/hybrid/final_stages_executor.py,138,"for target, target_data in ticker_data["
target_col_in_feature,src/pipeline/hybrid/final_stages_executor.py,143,target] = target_data
target_col_in_feature,src/pipeline/hybrid/final_stages_executor.py,148,"new_models = target_data.get('models', {})"
broad_except,src/pipeline/hybrid/final_stages_executor.py,108,except Exception as e:
broad_except,src/pipeline/hybrid/final_stages_executor.py,183,except Exception as e:
path_user_input,src/pipeline/hybrid/final_stages_executor.py,172,accumulated_results_path = Path(self.output_dir
path_user_input,src/pipeline/hybrid/final_stages_executor.py,176,"with open(accumulated_results_path, encoding='utf-8'"
path_user_input,src/pipeline/hybrid/final_stages_executor.py,201,output_path = Path(self.output_dir
path_user_input,src/pipeline/hybrid/final_stages_executor.py,204,"async with aiofiles.open(output_path, 'w', encoding='utf-8') as f:"
path_user_input,src/pipeline/hybrid/final_stages_orchestrator.py,99,"async with aiofiles.open(output_path, 'w', encoding='utf-8') as f:"
target_col_in_feature,src/pipeline/hybrid/light_models_trainer.py,26,target_cols: list[str]
target_col_in_feature,src/pipeline/hybrid/light_models_trainer.py,126,col.startswith('target_')]
target_col_in_feature,src/pipeline/hybrid/light_models_trainer.py,128,"'timeframe', 'datetime'] + config.target_cols]"
broad_except,src/pipeline/hybrid/light_models_trainer.py,105,except Exception as e:
broad_except,src/pipeline/hybrid/light_models_trainer.py,145,except Exception as e:
return_none_empty,src/pipeline/hybrid/light_models_trainer.py,150,return []
path_user_input,src/pipeline/hybrid/light_models_trainer.py,81,"async with aiofiles.open(light_results_path, 'w', encoding='utf-8'"
path_user_input,src/pipeline/hybrid/light_models_trainer.py,98,"with open(results_path, encoding='utf-8') as f:"
path_user_input,src/pipeline/hybrid/light_models_trainer.py,137,features_path = Path(features_file)
path_user_input,src/pipeline/hybrid/light_models_trainer.py,140,"with open(features_path, encoding='utf-8') as f:"
return_none_empty,src/pipeline/hybrid/metadata_manager.py,119,return None
path_user_input,src/pipeline/hybrid/metadata_manager.py,69,"with open(metadata_path, 'w', encoding='utf-8') as f:"
path_user_input,src/pipeline/hybrid/metadata_manager.py,74,"with open(pickle_path, 'wb') as f:"
path_user_input,src/pipeline/hybrid/metadata_manager.py,103,"with open(output_path, 'w', encoding='utf-8') as f:"
path_user_input,src/pipeline/hybrid/metadata_manager.py,114,"parts = Path(path_str.replace('/', '\\')).parts"
target_col_in_feature,src/pipeline/hybrid/model_training_orchestrator.py,62,for target_col in context_data['targets']:
target_col_in_feature,src/pipeline/hybrid/model_training_orchestrator.py,63,if target_col not in c_targets_df.columns:
target_col_in_feature,src/pipeline/hybrid/model_training_orchestrator.py,68,"target_col, model_name, resolved_ticker, timeframe, batch_dir"
target_col_in_feature,src/pipeline/hybrid/model_training_orchestrator.py,73,"context_metadata[f""{resolved_ticker}_{target_col}_{model_name}""] = metadata"
target_col_in_feature,src/pipeline/hybrid/model_training_orchestrator.py,88,"available_features: list[str], target_col: str, model_name: str,"
target_col_in_feature,src/pipeline/hybrid/model_training_orchestrator.py,96,"split_data = self._prepare_chronological_split(c_features_df, c_targets_df, available_features, target_col)"
target_col_in_feature,src/pipeline/hybrid/model_training_orchestrator.py,103,task_type = self._resolve_target_task_type(target_col)
target_col_in_feature,src/pipeline/hybrid/model_training_orchestrator.py,105,"light_trainer, X_train, y_train, model_name, resolved_ticker, timeframe, target_col, task_type"
target_col_in_feature,src/pipeline/hybrid/model_training_orchestrator.py,115,"model_path = self._save_trained_model(light_trainer, result, batch_dir, model_name, resolved_ticker, target_col)"
target_col_in_feature,src/pipeline/hybrid/model_training_orchestrator.py,118,"return self._create_model_metadata(resolved_ticker, target_col, model_name, metrics, model_path, available_features)"
target_col_in_feature,src/pipeline/hybrid/model_training_orchestrator.py,121,"self.logger.error(f""❌ Error training {model_name} for {target_col}: {e}"", exc_info=True)"
target_col_in_feature,src/pipeline/hybrid/model_training_orchestrator.py,123,"f""Training failed for model={model_name}, ticker={resolved_ticker}, target={target_col}"""
target_col_in_feature,src/pipeline/hybrid/model_training_orchestrator.py,127,"feature_cols: list[str], target_col: str) -> tuple | None:"
target_col_in_feature,src/pipeline/hybrid/model_training_orchestrator.py,131,"X, y = f_sorted[feature_cols].copy(), t_sorted[target_col].copy()"
target_col_in_feature,src/pipeline/hybrid/model_training_orchestrator.py,152,"'target_col': target,"
target_col_in_feature,src/pipeline/hybrid/model_training_orchestrator.py,177,"resolved_ticker: str, timeframe: str, target_col: str, task_type: str) -> dict[str, Any] | None:"
target_col_in_feature,src/pipeline/hybrid/model_training_orchestrator.py,183,"'target_col': target_col,"
target_col_in_feature,src/pipeline/hybrid/model_training_orchestrator.py,204,"model_name: str, resolved_ticker: str, target_col: str) -> Path:"
target_col_in_feature,src/pipeline/hybrid/model_training_orchestrator.py,208,"model_path = models_dir / f""{model_name}_{resolved_ticker}_{target_col}.joblib"""
target_col_in_feature,src/pipeline/hybrid/model_training_orchestrator.py,214,"def _create_model_metadata(self, resolved_ticker: str, target_col: str, model_name: str,"
target_col_in_feature,src/pipeline/hybrid/model_training_orchestrator.py,219,"'target': target_col,"
target_col_in_feature,src/pipeline/hybrid/model_training_orchestrator.py,238,"def _resolve_target_task_type(self, target_name: str) -> str:"
target_col_in_feature,src/pipeline/hybrid/model_training_orchestrator.py,248,"target_definitions = targets_config.get('targets', targets_config)"
target_col_in_feature,src/pipeline/hybrid/model_training_orchestrator.py,249,"target_meta = target_definitions.get(target_name, {}) if isinstance(target_definitions, dict) else {}"
target_col_in_feature,src/pipeline/hybrid/model_training_orchestrator.py,250,"configured_type = str(target_meta.get('type', '')).lower()"
target_col_in_feature,src/pipeline/hybrid/model_training_orchestrator.py,252,"return self._determine_task_type(configured_type, target_name)"
target_col_in_feature,src/pipeline/hybrid/model_training_orchestrator.py,254,"def _determine_task_type(self, configured_type: str, target_name: str) -> str:"
target_col_in_feature,src/pipeline/hybrid/model_training_orchestrator.py,261,fallback_name = str(target_name).lower()
broad_except,src/pipeline/hybrid/model_training_orchestrator.py,120,except Exception as e:
return_none_empty,src/pipeline/hybrid/model_training_orchestrator.py,49,"return {}, 0"
return_none_empty,src/pipeline/hybrid/model_training_orchestrator.py,56,"return {}, 0"
return_none_empty,src/pipeline/hybrid/model_training_orchestrator.py,98,return None
return_none_empty,src/pipeline/hybrid/model_training_orchestrator.py,109,return None
return_none_empty,src/pipeline/hybrid/model_training_orchestrator.py,137,return None
return_none_empty,src/pipeline/hybrid/model_training_orchestrator.py,236,return None
target_col_in_feature,src/pipeline/hybrid/orchestrator_config.py,114,"def resolve_target_task_type(self, target_name: str) -> str:"
target_col_in_feature,src/pipeline/hybrid/orchestrator_config.py,120,"configured_type = targets_config.get(target_name, {}).get('type', 'regression')"
target_col_in_feature,src/pipeline/hybrid/orchestrator_config.py,121,"return self._determine_task_type(configured_type, target_name)"
target_col_in_feature,src/pipeline/hybrid/orchestrator_config.py,123,"def _determine_task_type(self, configured_type: str, target_name: str) -> str:"
target_col_in_feature,src/pipeline/hybrid/orchestrator_config.py,131,"self.logger.warning(f""Unknown target type '{configured_type}' for {target_name}, defaulting to regression"")"
path_user_input,src/pipeline/hybrid/orchestrator_config.py,52,"output_dir = Path(self.config_manager.get('system.accumulation.output_dir', 'data/colab/accumulated')) / batch_name"
path_user_input,src/pipeline/hybrid/orchestrator_config.py,57,"models_dir = Path(system_config.get('models_path', 'trained_models'))"
path_user_input,src/pipeline/hybrid/orchestrator_context.py,25,"self._output_dir = Path(self.config_manager.get(""paths.output"", ""data/output""))"
path_user_input,src/pipeline/hybrid/orchestrator_context.py,32,"self._models_dir = Path(self.config_manager.get(""paths.models"", ""trained_models""))"
return_none_empty,src/pipeline/hybrid/orchestrator_interface.py,144,return None
path_user_input,src/pipeline/hybrid/orchestrator_interface.py,139,"parts = Path(path_str.replace('/', '\\')).parts"
broad_except,src/pipeline/hybrid/pipeline_executor.py,144,except Exception as e:
path_user_input,src/pipeline/hybrid/pipeline_executor.py,92,"with open(path.with_suffix('.json'), 'w') as f:"
path_user_input,src/pipeline/hybrid/pipeline_executor.py,95,"with open(path, 'wb') as f:"
target_col_in_feature,src/pipeline/hybrid/pipeline_manager.py,130,"if not str(col).startswith(""target_"")"
path_user_input,src/pipeline/hybrid/pipeline_manager.py,126,batch_dir = Path(batch_info['batch_dir'])
path_user_input,src/pipeline/hybrid/pipeline_manager.py,136,"with open(features_file, 'w', encoding='utf-8') as f:"
broad_except,src/pipeline/hybrid/pipeline_metadata_manager.py,76,except Exception as e:
path_user_input,src/pipeline/hybrid/pipeline_metadata_manager.py,44,"with open(metadata_path, 'w', encoding='utf-8') as f:"
path_user_input,src/pipeline/hybrid/pipeline_metadata_manager.py,48,"with open(batch_metadata_path, 'w', encoding='utf-8') as f:"
path_user_input,src/pipeline/hybrid/pipeline_metadata_manager.py,67,"with open(light_results_path, encoding='utf-8') as f:"
path_user_input,src/pipeline/hybrid/pipeline_metadata_manager.py,90,"async with aiofiles.open(light_results_path, 'w', encoding='utf-8'"
return_none_empty,src/pipeline/hybrid/pipeline_runner.py,131,return None
path_user_input,src/pipeline/hybrid/pipeline_runner.py,25,self.output_dir = Path(output_dir)
path_user_input,src/pipeline/hybrid/pipeline_runner.py,123,"with open(path, 'wb') as f:"
path_user_input,src/pipeline/hybrid/pipeline_runner.py,156,"with open(metadata_path, 'w', encoding='utf-8') as f:"
path_user_input,src/pipeline/hybrid/pipeline_runner.py,163,"with open(batch_metadata_path, 'w', encoding='utf-8') as f:"
target_col_in_feature,src/pipeline/hybrid/results_processor.py,40,"eff_batch_name = batch_name.replace('target_target_', 'target_')"
target_col_in_feature,src/pipeline/hybrid/results_processor.py,138,"for target, target_data in timeframe_data.get('results', {}"
target_col_in_feature,src/pipeline/hybrid/results_processor.py,140,"for model, model_data in target_data.get('models', {}"
broad_except,src/pipeline/hybrid/results_processor.py,67,except Exception as e:
broad_except,src/pipeline/hybrid/results_processor.py,87,except Exception as e:
return_none_empty,src/pipeline/hybrid/results_processor.py,71,return None
return_none_empty,src/pipeline/hybrid/results_processor.py,80,return None
return_none_empty,src/pipeline/hybrid/results_processor.py,163,return None
path_user_input,src/pipeline/hybrid/results_processor.py,85,"with open(results_path, encoding='utf-8') as f:"
path_user_input,src/pipeline/hybrid/results_processor.py,158,"parts = Path(path_str.replace('/', os.sep)).parts"
target_col_in_feature,src/pipeline/hybrid/selected_features_processor.py,35,target_cols: list[str]
target_col_in_feature,src/pipeline/hybrid/selected_features_processor.py,45,target_cols: list[str]
target_col_in_feature,src/pipeline/hybrid/selected_features_processor.py,56,target_cols: list[str]
target_col_in_feature,src/pipeline/hybrid/selected_features_processor.py,106,"config.light_models_to_train, config.target_cols, config."
target_col_in_feature,src/pipeline/hybrid/selected_features_processor.py,133,target_cols=config.target_cols)
target_col_in_feature,src/pipeline/hybrid/selected_features_processor.py,160,target_cols=request.target_cols)
broad_except,src/pipeline/hybrid/selected_features_processor.py,108,except Exception as e:
return_none_empty,src/pipeline/hybrid/selected_features_processor.py,155,return {}
path_user_input,src/pipeline/hybrid/selected_features_processor.py,100,"async with aiofiles.open(config.file_path, encoding='utf-8'"
broad_except,src/pipeline/hybrid/storage_helpers.py,37,except Exception as e:
broad_except,src/pipeline/hybrid/storage_helpers.py,78,except Exception as e:
broad_except,src/pipeline/hybrid/storage_helpers.py,94,except Exception as e:
path_user_input,src/pipeline/hybrid/storage_helpers.py,20,if sa_path and Path(sa_path).exists():
path_user_input,src/pipeline/hybrid/storage_helpers.py,28,if Path(creds_path).exists():
broad_except,src/pipeline/hybrid/storage_manager.py,35,except Exception as e:
broad_except,src/pipeline/hybrid/storage_manager.py,62,except Exception as e:
broad_except,src/pipeline/hybrid/storage_manager.py,77,except Exception as e:
broad_except,src/pipeline/hybrid/storage_manager.py,99,except Exception as e:
broad_except,src/pipeline/hybrid/storage_manager.py,110,except Exception as e:
broad_except,src/pipeline/hybrid/storage_manager.py,125,except Exception as e:
target_col_in_feature,src/pipeline/hybrid/test_mode_manager.py,55,target_cols = [c for c in targets_df.columns if c.startswith('target_')
target_col_in_feature,src/pipeline/hybrid/test_mode_manager.py,57,if test_target and test_target in target_cols:
target_col_in_feature,src/pipeline/hybrid/test_mode_manager.py,58,target_cols = [test_target]
target_col_in_feature,src/pipeline/hybrid/test_mode_manager.py,65,"return features_df, targets_df, target_cols, ticker_col"
broad_except,src/pipeline/hybrid/test_mode_manager.py,44,except Exception as e:
path_user_input,src/pipeline/hybrid/test_mode_manager.py,33,"async with aiofiles.open(runtime_params_path, encoding"
negative_shift,src/pipeline/stages/stage_0_data_generation.py,133,targets['return_1h'] = (close_prices.shift(-1) / close_prices) - 1  # audit-ignore: NEGATIVE_SHIFT_LOOKAHEAD
negative_shift,src/pipeline/stages/stage_0_data_generation.py,134,targets['return_4h'] = (close_prices.shift(-4) / close_prices) - 1  # audit-ignore: NEGATIVE_SHIFT_LOOKAHEAD
negative_shift,src/pipeline/stages/stage_0_data_generation.py,135,targets['return_24h'] = (close_prices.shift(-24) / close_prices) - 1  # audit-ignore: NEGATIVE_SHIFT_LOOKAHEAD
negative_shift,src/pipeline/stages/stage_0_data_generation.py,137,future_1h_returns = (close_prices.shift(-1) / close_prices) - 1  # audit-ignore: NEGATIVE_SHIFT_LOOKAHEAD
target_col_in_feature,src/pipeline/stages/stage_0_data_generation.py,143,future_target_cols = [
target_col_in_feature,src/pipeline/stages/stage_0_data_generation.py,150,targets = targets.dropna(subset=future_target_cols)
broad_except,src/pipeline/stages/stage_0_setup.py,77,except Exception as e:
return_none_empty,src/pipeline/stages/stage_0_setup.py,82,return {}
return_none_empty,src/pipeline/stages/stage_1_collection.py,95,return None
return_none_empty,src/pipeline/stages/stage_1_collection.py,228,return None
target_col_in_feature,src/pipeline/stages/stage_3_improvements.py,142,"'features_count': len([col for col in features_df.columns if not col.startswith('target_')]),"
target_col_in_feature,src/pipeline/stages/stage_3_improvements.py,143,"'targets_count': len([col for col in targets_df.columns if col.startswith('target_')]),"
broad_except,src/pipeline/stages/stage_3_improvements.py,98,except Exception as e:
broad_except,src/pipeline/stages/stage_3_improvements.py,178,except Exception as e:
broad_except,src/pipeline/stages/stage_3_improvements.py,225,except Exception as e:
target_col_in_feature,src/pipeline/stages/stage_4_modeling.py,28,target_name: str
target_col_in_feature,src/pipeline/stages/stage_4_modeling.py,97,target_cols = [c for c in df.columns if c.startswith('target_')]
target_col_in_feature,src/pipeline/stages/stage_4_modeling.py,100,for target_name in target_cols:
target_col_in_feature,src/pipeline/stages/stage_4_modeling.py,104,"target_cols=[target_name],"
target_col_in_feature,src/pipeline/stages/stage_4_modeling.py,123,"context_key = f""{ticker}_{target_name}_{current_pattern}"""
target_col_in_feature,src/pipeline/stages/stage_4_modeling.py,126,"'target': target_name,"
broad_except,src/pipeline/stages/stage_4_modeling.py,137,except Exception as e:
return_none_empty,src/pipeline/stages/stage_4_modeling.py,76,return {}
path_user_input,src/pipeline/stages/stage_4_modeling.py,60,"self.diary_path = Path(self.system_config.get('diary_path', 'logs/experience_diary.csv'))"
target_col_in_feature,src/pipeline/stages/stage_5_prediction.py,242,target_scaler = self._load_target_scaler(meta)
target_col_in_feature,src/pipeline/stages/stage_5_prediction.py,269,"adjusted_prediction, target_scaler)"
target_col_in_feature,src/pipeline/stages/stage_5_prediction.py,306,"def _load_target_scaler(self, meta: dict[str, Any]) ->Any | None:"
target_col_in_feature,src/pipeline/stages/stage_5_prediction.py,307,return self.scaler_service.load_target_scaler(meta)
broad_except,src/pipeline/stages/stage_5_prediction.py,414,except Exception as e:
broad_except,src/pipeline/stages/stage_5_prediction.py,460,except Exception as e:
return_none_empty,src/pipeline/stages/stage_5_prediction.py,134,return {}
return_none_empty,src/pipeline/stages/stage_5_prediction.py,136,return {}
return_none_empty,src/pipeline/stages/stage_5_prediction.py,214,return None
return_none_empty,src/pipeline/stages/stage_5_prediction.py,219,return None
return_none_empty,src/pipeline/stages/stage_5_prediction.py,240,return None
return_none_empty,src/pipeline/stages/stage_5_prediction.py,254,return None
return_none_empty,src/pipeline/stages/stage_5_prediction.py,354,return None
return_none_empty,src/pipeline/stages/stage_5_prediction.py,359,return None
path_user_input,src/pipeline/stages/stage_5_prediction.py,424,output_dir = Path(self.config_manager.get(self.
path_user_input,src/pipeline/stages/stage_5_prediction.py,430,"path_parts = Path(path.replace('/', '\\')).parts"
path_user_input,src/pipeline/stages/stage_5_prediction.py,456,"with open(stage_5_file, 'w') as f:"
broad_except,src/pipeline/stages/stage_6_trading_execution.py,152,except Exception as e:
return_none_empty,src/pipeline/stages/stage_6_trading_execution.py,76,return {}
return_none_empty,src/pipeline/stages/stage_6_trading_execution.py,266,"return None, price"
return_none_empty,src/pipeline/stages/stage_6_trading_execution.py,273,return None
return_none_empty,src/pipeline/stages/stage_6_trading_execution.py,277,return None
return_none_empty,src/pipeline/stages/stage_6_trading_execution.py,280,return None
return_none_empty,src/pipeline/stages/stage_6_trading_execution.py,289,return None
return_none_empty,src/pipeline/stages/stage_6_trading_execution.py,292,return None
return_none_empty,src/pipeline/stages/stage_6_trading_execution.py,297,return None
return_none_empty,src/pipeline/stages/stage_6_trading_execution.py,301,return None
return_none_empty,src/pipeline/stages/stage_6_trading_execution.py,323,"return [], {}, kwargs"
path_user_input,src/pipeline/stages/stage_6_trading_execution.py,313,"output_dir = Path(self.config_manager.get('system.accumulation.output_dir', 'data/colab/accumulated'))"
path_user_input,src/pipeline/stages/stage_6_trading_execution.py,320,"async with aiofiles.open(file, encoding='utf-8') as f:"
path_user_input,src/pipeline/stages/stage_6_trading_execution.py,326,"output_dir = Path(self.config_manager.get('system.accumulation.output_dir', 'data/colab/accumulated'))"
broad_except,src/pipeline/stages/stage_7_evaluation.py,157,except Exception as e:
return_none_empty,src/pipeline/stages/stage_7_evaluation.py,60,return {}
path_user_input,src/pipeline/stages/stage_7_evaluation.py,32,self.results_dir = Path('data/results')
path_user_input,src/pipeline/stages/stage_7_evaluation.py,33,self.reports_dir = Path('reports/evaluation')
target_col_in_feature,src/pipeline/stages/evaluation/analytics.py,85,"""target_series"": signals_df[""signal""] if ""signal"" in signals_df.columns else pd.Series(dtype=float),"
broad_except,src/pipeline/stages/evaluation/analytics.py,20,except Exception as e:
broad_except,src/pipeline/stages/evaluation/analytics.py,92,except Exception as e:
return_none_empty,src/pipeline/stages/evaluation/analytics.py,13,return {}
return_none_empty,src/pipeline/stages/evaluation/analytics.py,16,return {}
return_none_empty,src/pipeline/stages/evaluation/analytics.py,33,return {}
broad_except,src/pipeline/stages/evaluation/backtest_adapter.py,70,except Exception as e:
return_none_empty,src/pipeline/stages/evaluation/backtest_adapter.py,45,return {}
return_none_empty,src/pipeline/stages/evaluation/backtest_adapter.py,48,return {}
return_none_empty,src/pipeline/stages/evaluation/backtest_adapter.py,50,return {}
return_none_empty,src/pipeline/stages/evaluation/backtest_adapter.py,60,return {}
broad_except,src/pipeline/stages/evaluation/backtest_analyzer.py,86,except Exception as e:
broad_except,src/pipeline/stages/evaluation/backtest_analyzer.py,143,except Exception as e:
broad_except,src/pipeline/stages/evaluation/backtest_analyzer.py,238,except Exception as e:
broad_except,src/pipeline/stages/evaluation/backtest_analyzer.py,266,except Exception as e:
return_none_empty,src/pipeline/stages/evaluation/backtest_analyzer.py,167,return {}
return_none_empty,src/pipeline/stages/evaluation/backtest_analyzer.py,173,return {}
return_none_empty,src/pipeline/stages/evaluation/backtest_analyzer.py,177,return {}
return_none_empty,src/pipeline/stages/evaluation/backtest_analyzer.py,184,return {}
return_none_empty,src/pipeline/stages/evaluation/backtest_analyzer.py,188,return {}
return_none_empty,src/pipeline/stages/evaluation/backtest_analyzer.py,212,return {}
return_none_empty,src/pipeline/stages/evaluation/backtest_analyzer.py,216,return {}
return_none_empty,src/pipeline/stages/evaluation/backtest_analyzer.py,236,return {}
broad_except,src/pipeline/stages/evaluation/data_recovery.py,26,except Exception as e:
broad_except,src/pipeline/stages/evaluation/io.py,25,except Exception as e:
return_none_empty,src/pipeline/stages/evaluation/io.py,13,"return [], [], {}"
path_user_input,src/pipeline/stages/evaluation/io.py,18,"async with aiofiles.open(stage_6_file, encoding=""utf-8"") as f:"
path_user_input,src/pipeline/stages/evaluation/io.py,32,"with open(path, ""w"", encoding=""utf-8"") as f:"
path_user_input,src/pipeline/stages/evaluation/io.py,40,"async with aiofiles.open(path, ""w"", encoding=""utf-8"") as f:"
broad_except,src/pipeline/stages/evaluation/metrics_calculator.py,69,except Exception as e:
broad_except,src/pipeline/stages/evaluation/metrics_calculator.py,111,except Exception as e:
broad_except,src/pipeline/stages/evaluation/metrics_calculator.py,145,except Exception as e:
broad_except,src/pipeline/stages/evaluation/metrics_calculator.py,177,except Exception as e:
broad_except,src/pipeline/stages/evaluation/metrics_calculator.py,206,except Exception as e:
return_none_empty,src/pipeline/stages/evaluation/metrics_calculator.py,55,return {}
return_none_empty,src/pipeline/stages/evaluation/metrics_calculator.py,59,return {}
return_none_empty,src/pipeline/stages/evaluation/metrics_calculator.py,80,return {}
return_none_empty,src/pipeline/stages/evaluation/metrics_calculator.py,127,return {}
return_none_empty,src/pipeline/stages/evaluation/metrics_calculator.py,193,return {}
broad_except,src/pipeline/stages/evaluation/reporting.py,38,except Exception as e:
path_user_input,src/pipeline/stages/evaluation/reporting.py,14,"out = Path(""reports/charts"")"
path_user_input,src/pipeline/stages/evaluation/reporting.py,46,"with open(path, ""w"", encoding=""utf-8"") as f:"
broad_except,src/pipeline/stages/evaluation/report_generator.py,71,except Exception as e:
broad_except,src/pipeline/stages/evaluation/report_generator.py,110,except Exception as e:
broad_except,src/pipeline/stages/evaluation/report_generator.py,140,except Exception as e:
broad_except,src/pipeline/stages/evaluation/report_generator.py,168,except Exception as e:
path_user_input,src/pipeline/stages/evaluation/report_generator.py,38,self.reports_dir = reports_dir or Path('reports/evaluation')
path_user_input,src/pipeline/stages/evaluation/report_generator.py,157,save_dir = results_dir or Path('data/results')
path_user_input,src/pipeline/stages/evaluation/report_generator.py,162,"with open(file_path, 'w', encoding='utf-8') as f:"
target_col_in_feature,src/pipeline/stages/feature_engineering/guards.py,7,from src.pipeline.guards.temporal_target_guard import get_temporal_target_guard
target_col_in_feature,src/pipeline/stages/feature_engineering/guards.py,25,self.temporal_target_guard = get_temporal_target_guard()
return_none_empty,src/pipeline/stages/feature_engineering/guards.py,72,return None
target_col_in_feature,src/pipeline/stages/feature_engineering/orchestrator.py,33,self.target_gen = TargetGenerator(config_manager)
target_col_in_feature,src/pipeline/stages/feature_engineering/orchestrator.py,54,targets_df = self.target_gen.generate_targets(enriched_df)
target_col_in_feature,src/pipeline/stages/feature_engineering/orchestrator.py,56,target_cols = [col for col in targets_df.columns if col.startswith('target_')]
target_col_in_feature,src/pipeline/stages/feature_engineering/orchestrator.py,57,for col in target_cols:
target_col_in_feature,src/pipeline/stages/feature_engineering/orchestrator.py,70,"target_col = kwargs.get('target_column', 'target_up_1d')"
target_col_in_feature,src/pipeline/stages/feature_engineering/orchestrator.py,71,if target_col in final_features.columns:
target_col_in_feature,src/pipeline/stages/feature_engineering/orchestrator.py,74,"target_col,"
target_col_in_feature,src/pipeline/stages/feature_engineering/orchestrator.py,103,"target_col: str,"
target_col_in_feature,src/pipeline/stages/feature_engineering/orchestrator.py,106,target_cols = [col for col in final_features.columns if col.startswith('target_')]
target_col_in_feature,src/pipeline/stages/feature_engineering/orchestrator.py,108,"candidate_features = final_features.drop(columns=target_cols, errors='ignore')"
target_col_in_feature,src/pipeline/stages/feature_engineering/orchestrator.py,114,target_series = final_features[target_col]
target_col_in_feature,src/pipeline/stages/feature_engineering/orchestrator.py,116,"candidate_features = candidate_features.drop(columns=[target_col], errors='ignore')"
target_col_in_feature,src/pipeline/stages/feature_engineering/orchestrator.py,117,valid_index = candidate_features.index.intersection(target_series.dropna().index)
target_col_in_feature,src/pipeline/stages/feature_engineering/orchestrator.py,119,if candidate_features.empty or len(valid_index) < 5 or target_series.loc[valid_index].nunique() < 2:
target_col_in_feature,src/pipeline/stages/feature_engineering/orchestrator.py,126,"target_series.loc[valid_index],"
target_col_in_feature,src/pipeline/stages/feature_engineering/orchestrator.py,127,"context_id=kwargs.get('context_id', f'stage3_{target_col}'),"
broad_except,src/pipeline/stages/feature_engineering/orchestrator.py,140,except Exception as e:
target_col_in_feature,src/pipeline/stages/feature_engineering/targets.py,6,from src.targets.target_orchestrator import TargetOrchestrator
target_col_in_feature,src/pipeline/stages/feature_engineering/targets.py,16,self.target_orchestrator = TargetOrchestrator(targets_list=targets_list)
target_col_in_feature,src/pipeline/stages/feature_engineering/targets.py,21,return self.target_orchestrator.generate_targets(df)
target_col_in_feature,src/pipeline/stages/feature_engineering/targets.py,26,target_cols = [col for col in targets_df.columns if col.startswith('target_')]
target_col_in_feature,src/pipeline/stages/feature_engineering/targets.py,27,if not target_cols:
target_col_in_feature,src/pipeline/stages/feature_engineering/targets.py,31,for col in target_cols:
target_col_in_feature,src/pipeline/stages/modeling/dataclasses.py,12,target_name: str
target_col_in_feature,src/pipeline/stages/modeling/dataclasses.py,23,target_name: str
target_col_in_feature,src/pipeline/stages/modeling/dataclasses.py,45,target_name: str
target_col_in_feature,src/pipeline/stages/modeling/dataclasses.py,55,target_name: str
target_col_in_feature,src/pipeline/stages/modeling/dataclasses.py,68,target_name: str
target_col_in_feature,src/pipeline/stages/modeling/dataclasses.py,85,target_name: str
target_col_in_feature,src/pipeline/stages/modeling/dataclasses.py,104,target_name: str
target_col_in_feature,src/pipeline/stages/modeling/io.py,16,"config.batch_dir / f'selected_features_{config.model_type}_{config.ticker}_{config.target_name}.json',"
target_col_in_feature,src/pipeline/stages/modeling/io.py,18,"config.batch_dir / f'selected_features_{config.model_type}_{config.target_name}.json',"
target_col_in_feature,src/pipeline/stages/modeling/io.py,37,[c for c in config.x_train.columns if c.startswith('target_')]
target_col_in_feature,src/pipeline/stages/modeling/io.py,65,"config.batch_dir / f'selected_features_{config.model_type}_{config.ticker}_{config.target_name}.json',"
target_col_in_feature,src/pipeline/stages/modeling/io.py,67,"config.batch_dir / f'selected_features_{config.model_type}_{config.target_name}.json',"
target_col_in_feature,src/pipeline/stages/modeling/io.py,84,[c for c in config.x_train.columns if c.startswith('target_')]
target_col_in_feature,src/pipeline/stages/modeling/io.py,105,"def save_light_models_results(stage, ticker: str, target_name: str, light_models: dict[str, Any], batch_dir: Path) -> None:"
target_col_in_feature,src/pipeline/stages/modeling/io.py,116,"target_data = ticker_data.get(target_name, {})"
target_col_in_feature,src/pipeline/stages/modeling/io.py,120,target_data[model_type] = {
target_col_in_feature,src/pipeline/stages/modeling/io.py,134,ticker_data[target_name] = target_data
target_col_in_feature,src/pipeline/stages/modeling/io.py,139,logger.info(f'✅ Saved light model results for {ticker}/{target_name} ({len(target_data)} models) -> {results_file.name}')
broad_except,src/pipeline/stages/modeling/io.py,55,except Exception as e:
broad_except,src/pipeline/stages/modeling/io.py,99,except Exception as e:
broad_except,src/pipeline/stages/modeling/io.py,140,except Exception as e:
broad_except,src/pipeline/stages/modeling/io.py,170,except Exception as e:
broad_except,src/pipeline/stages/modeling/io.py,185,except Exception as e:
broad_except,src/pipeline/stages/modeling/io.py,195,except Exception as e:
return_none_empty,src/pipeline/stages/modeling/io.py,60,return []
return_none_empty,src/pipeline/stages/modeling/io.py,102,return []
return_none_empty,src/pipeline/stages/modeling/io.py,161,return None
return_none_empty,src/pipeline/stages/modeling/io.py,172,return None
return_none_empty,src/pipeline/stages/modeling/io.py,187,return None
return_none_empty,src/pipeline/stages/modeling/io.py,197,return None
path_user_input,src/pipeline/stages/modeling/io.py,45,"async with aiofiles.open(candidate, encoding='utf-8') as f:"
path_user_input,src/pipeline/stages/modeling/io.py,90,"with open(candidate, encoding='utf-8') as f:"
path_user_input,src/pipeline/stages/modeling/io.py,110,"with open(results_file, encoding='utf-8') as f:"
path_user_input,src/pipeline/stages/modeling/io.py,137,"with open(results_file, 'w', encoding='utf-8') as f:"
path_user_input,src/pipeline/stages/modeling/io.py,146,"accumulated_dir = Path(stage.config_manager.get('system.accumulation.output_dir', 'data/colab/accumulated'))"
path_user_input,src/pipeline/stages/modeling/io.py,163,with open(runtime_params_path) as f:
path_user_input,src/pipeline/stages/modeling/io.py,192,with open(runtime_file) as f:
target_col_in_feature,src/pipeline/stages/modeling/metrics.py,28,"""target"": config.target_name,"
target_col_in_feature,src/pipeline/stages/modeling/orchestration.py,23,"dict[str, Any], ticker: str, target_name: str, top_n: int=3) ->(dict["
target_col_in_feature,src/pipeline/stages/modeling/orchestration.py,36,"f'No metrics found for {ticker}_{target_name}, skipping ensemble'"
target_col_in_feature,src/pipeline/stages/modeling/orchestration.py,53,"'weighted_average', 'ticker': ticker, 'target_name': target_name}"
target_col_in_feature,src/pipeline/stages/modeling/orchestration.py,54,logger.info(f'✅ Ensemble created for {ticker}_{target_name}:')
target_col_in_feature,src/pipeline/stages/modeling/orchestration.py,59,f'ensemble_{ticker}_{target_name}.json')
target_col_in_feature,src/pipeline/stages/modeling/orchestration.py,66,"f'Failed to create ensemble for {ticker}_{target_name}: {e}',"
target_col_in_feature,src/pipeline/stages/modeling/orchestration.py,69,"f""Failed to create ensemble for {ticker}_{target_name}"""
target_col_in_feature,src/pipeline/stages/modeling/orchestration.py,76,target_cols = [c for c in df.columns if c.startswith('target_')]
target_col_in_feature,src/pipeline/stages/modeling/orchestration.py,79,for target_name in target_cols:
target_col_in_feature,src/pipeline/stages/modeling/orchestration.py,81,"target_name=target_name, timeframe=timeframe, champions="
target_col_in_feature,src/pipeline/stages/modeling/orchestration.py,92,context_key = f'{config.ticker}_{config.target_name}'
target_col_in_feature,src/pipeline/stages/modeling/orchestration.py,94,"ticker, timeframe=config.timeframe, target_cols=[config.target_name"
target_col_in_feature,src/pipeline/stages/modeling/orchestration.py,108,"target_name=config.target_name, timeframe=config.timeframe,"
target_col_in_feature,src/pipeline/stages/modeling/orchestration.py,116,context_key = f'{config.ticker}_{config.target_name}'
target_col_in_feature,src/pipeline/stages/modeling/orchestration.py,128,"config.ticker, target_name=config.target_name, batch_dir=batch_dir,"
target_col_in_feature,src/pipeline/stages/modeling/orchestration.py,136,"champion_config = ChampionInfoConfig(ticker=config.ticker, target_name="
target_col_in_feature,src/pipeline/stages/modeling/orchestration.py,137,"config.target_name, winner_name=winner_name, comparison_report="
target_col_in_feature,src/pipeline/stages/modeling/orchestration.py,149,"config.ticker, config.target_name, config.prepared_data, batch_dir,"
broad_except,src/pipeline/stages/modeling/orchestration.py,64,except Exception as e:
broad_except,src/pipeline/stages/modeling/orchestration.py,84,except Exception as e:
return_none_empty,src/pipeline/stages/modeling/orchestration.py,32,return None
return_none_empty,src/pipeline/stages/modeling/orchestration.py,38,return None
return_none_empty,src/pipeline/stages/modeling/orchestration.py,46,return None
path_user_input,src/pipeline/stages/modeling/orchestration.py,60,"with open(ensemble_path, 'w') as f:"
target_col_in_feature,src/pipeline/stages/modeling/training.py,15,"target_name: str,"
target_col_in_feature,src/pipeline/stages/modeling/training.py,33,task_type = stage._determine_task_type(target_name)
target_col_in_feature,src/pipeline/stages/modeling/training.py,41,"target_name=target_name,"
target_col_in_feature,src/pipeline/stages/modeling/training.py,56,"context_key = f""{ticker}_{target_name}_{model_type}"""
target_col_in_feature,src/pipeline/stages/modeling/training.py,81,train_df[config.target_name] = config.y_train.values
target_col_in_feature,src/pipeline/stages/modeling/training.py,87,"'target_col': config.target_name,"
target_col_in_feature,src/pipeline/stages/modeling/training.py,99,"model_path = stage.models_dir / f""{config.model_type}_{config.ticker}_{config.target_name}.joblib"""
target_col_in_feature,src/pipeline/stages/modeling/training.py,104,"target_name=config.target_name,"
broad_except,src/pipeline/stages/modeling/training.py,59,except Exception as e:
return_none_empty,src/pipeline/stages/modeling/training.py,73,return None
target_col_in_feature,src/pipeline/stages/modeling/utils.py,36,"""target"": config.target_name,"
target_col_in_feature,src/pipeline/stages/modeling/utils.py,78,def determine_task_type(target_name: str) -> str:
target_col_in_feature,src/pipeline/stages/modeling/utils.py,79,"return ""regression"" if ""return"" in target_name or ""price"" in target_name else ""classification"""
return_none_empty,src/pipeline/stages/modeling/utils.py,73,return None
broad_except,src/pipeline/stages/monitoring/feature_monitoring.py,41,except Exception as exc:
broad_except,src/pipeline/stages/monitoring/feature_monitoring.py,46,except Exception as exc:
broad_except,src/pipeline/stages/monitoring/feature_monitoring.py,51,except Exception as exc:
broad_except,src/pipeline/stages/news/news_manager.py,27,except Exception as e:
return_none_empty,src/pipeline/stages/news/news_manager.py,21,return None
broad_except,src/pipeline/stages/prediction/anomaly_engine.py,43,except Exception as e:
broad_except,src/pipeline/stages/prediction/anomaly_engine.py,70,except Exception as e:
broad_except,src/pipeline/stages/prediction/anomaly_engine.py,88,except Exception as e:
broad_except,src/pipeline/stages/prediction/anomaly_engine.py,105,except Exception as e:
broad_except,src/pipeline/stages/prediction/anomaly_engine.py,122,except Exception as e:
broad_except,src/pipeline/stages/prediction/anomaly_engine.py,160,except Exception as e:
broad_except,src/pipeline/stages/prediction/anomaly_engine.py,170,except Exception as e:
broad_except,src/pipeline/stages/prediction/data_preparation_service.py,277,except Exception as e:
return_none_empty,src/pipeline/stages/prediction/data_preparation_service.py,54,"return None, {}, market_regime"
return_none_empty,src/pipeline/stages/prediction/data_preparation_service.py,59,"return None, {}, market_regime"
return_none_empty,src/pipeline/stages/prediction/data_preparation_service.py,110,return None
return_none_empty,src/pipeline/stages/prediction/data_preparation_service.py,174,return None
return_none_empty,src/pipeline/stages/prediction/data_preparation_service.py,180,return None
return_none_empty,src/pipeline/stages/prediction/data_preparation_service.py,205,return None
return_none_empty,src/pipeline/stages/prediction/data_preparation_service.py,219,return None
return_none_empty,src/pipeline/stages/prediction/data_preparation_service.py,251,return None
target_col_in_feature,src/pipeline/stages/prediction/data_preparer.py,137,"target_col = meta.get('target', '')"
target_col_in_feature,src/pipeline/stages/prediction/data_preparer.py,141,"f'   ticker={ticker}, target={target_col}, model_type={model_type}'"
target_col_in_feature,src/pipeline/stages/prediction/data_preparer.py,312,"def load_target_scaler(self, meta: dict[str, Any]) ->(Any | None):"
target_col_in_feature,src/pipeline/stages/prediction/data_preparer.py,314,"target_col = meta.get('target', '')"
target_col_in_feature,src/pipeline/stages/prediction/data_preparer.py,320,scaler_filename = f'scaler_{ticker}_{target_col}.pkl'
target_col_in_feature,src/pipeline/stages/prediction/data_preparer.py,329,"for batch_name in ['main_database', 'test_ticker_AAPL_target_return_1d'"
target_col_in_feature,src/pipeline/stages/prediction/data_preparer.py,352,self.logger.debug(f'No target scaler found for {ticker}_{target_col}')
target_col_in_feature,src/pipeline/stages/prediction/data_preparer.py,362,target_scaler = joblib.load(trusted_scaler_path)  # audit-ignore: UNSAFE_MODEL_OR_PICKLE_LOAD
target_col_in_feature,src/pipeline/stages/prediction/data_preparer.py,363,"if hasattr(target_scaler, 'scale_'):"
target_col_in_feature,src/pipeline/stages/prediction/data_preparer.py,364,if target_scaler.scale_.shape[0] == 1:
target_col_in_feature,src/pipeline/stages/prediction/data_preparer.py,367,return target_scaler
target_col_in_feature,src/pipeline/stages/prediction/data_preparer.py,369,f'INVALID scaler at {scaler_path}: {target_scaler.scale_.shape[0]} features instead of 1'
target_col_in_feature,src/pipeline/stages/prediction/data_preparer.py,382,"target_col = meta.get('target', '')"
target_col_in_feature,src/pipeline/stages/prediction/data_preparer.py,384,if 'return' in target_col.lower():
target_col_in_feature,src/pipeline/stages/prediction/data_preparer.py,386,elif 'up' in target_col.lower() or 'down' in target_col.lower():
target_col_in_feature,src/pipeline/stages/prediction/data_preparer.py,388,elif 'multi' in target_col.lower():
target_col_in_feature,src/pipeline/stages/prediction/data_preparer.py,394,f'✅ Created fallback scaler for {ticker}_{target_col}')
broad_except,src/pipeline/stages/prediction/data_preparer.py,81,except Exception as e:
broad_except,src/pipeline/stages/prediction/data_preparer.py,240,except Exception as e:
broad_except,src/pipeline/stages/prediction/data_preparer.py,260,except Exception as e:
broad_except,src/pipeline/stages/prediction/data_preparer.py,348,except Exception as e:
broad_except,src/pipeline/stages/prediction/data_preparer.py,374,except Exception as e:
broad_except,src/pipeline/stages/prediction/data_preparer.py,396,except Exception as e:
broad_except,src/pipeline/stages/prediction/data_preparer.py,407,except Exception as e:
return_none_empty,src/pipeline/stages/prediction/data_preparer.py,37,"return None, {}, market_regime"
return_none_empty,src/pipeline/stages/prediction/data_preparer.py,44,"return None, {}, market_regime"
return_none_empty,src/pipeline/stages/prediction/data_preparer.py,101,return None
return_none_empty,src/pipeline/stages/prediction/data_preparer.py,118,return None
return_none_empty,src/pipeline/stages/prediction/data_preparer.py,127,return None
return_none_empty,src/pipeline/stages/prediction/data_preparer.py,136,return None
return_none_empty,src/pipeline/stages/prediction/data_preparer.py,145,return None
return_none_empty,src/pipeline/stages/prediction/data_preparer.py,169,return None
return_none_empty,src/pipeline/stages/prediction/data_preparer.py,185,return None
return_none_empty,src/pipeline/stages/prediction/data_preparer.py,194,return None
return_none_empty,src/pipeline/stages/prediction/data_preparer.py,213,return None
return_none_empty,src/pipeline/stages/prediction/data_preparer.py,249,return None
return_none_empty,src/pipeline/stages/prediction/data_preparer.py,309,return None
return_none_empty,src/pipeline/stages/prediction/data_preparer.py,353,return None
return_none_empty,src/pipeline/stages/prediction/data_preparer.py,377,return None
pickle_joblib_load,src/pipeline/stages/prediction/data_preparer.py,362,target_scaler = joblib.load(trusted_scaler_path)  # audit-ignore: UNSAFE_MODEL_OR_PICKLE_LOAD
path_user_input,src/pipeline/stages/prediction/data_preparer.py,65,base_dir = Path(self.config_manager.get(self.
path_user_input,src/pipeline/stages/prediction/data_preparer.py,316,base_dir = Path(self.config_manager.get(self.
path_user_input,src/pipeline/stages/prediction/data_preparer.py,318,"scalers_dir = Path(self.config_manager.get('paths.scalers',"
path_user_input,src/pipeline/stages/prediction/data_preparer.py,325,"model_path = Path(model_path_str.replace('/', os.sep))"
target_col_in_feature,src/pipeline/stages/prediction/model_resolver.py,371,"for target, target_data in results.items():"
target_col_in_feature,src/pipeline/stages/prediction/model_resolver.py,372,"models = target_data.get('models', {})"
broad_except,src/pipeline/stages/prediction/model_resolver.py,200,except Exception as e:
broad_except,src/pipeline/stages/prediction/model_resolver.py,287,except Exception as e:
broad_except,src/pipeline/stages/prediction/model_resolver.py,306,except Exception as e:
broad_except,src/pipeline/stages/prediction/model_resolver.py,340,except Exception as e:
broad_except,src/pipeline/stages/prediction/model_resolver.py,360,except Exception as e:
return_none_empty,src/pipeline/stages/prediction/model_resolver.py,59,return None
return_none_empty,src/pipeline/stages/prediction/model_resolver.py,74,return None
return_none_empty,src/pipeline/stages/prediction/model_resolver.py,84,return None
return_none_empty,src/pipeline/stages/prediction/model_resolver.py,125,return None
return_none_empty,src/pipeline/stages/prediction/model_resolver.py,184,return None
return_none_empty,src/pipeline/stages/prediction/model_resolver.py,187,return None
return_none_empty,src/pipeline/stages/prediction/model_resolver.py,190,return None
return_none_empty,src/pipeline/stages/prediction/model_resolver.py,204,return None
return_none_empty,src/pipeline/stages/prediction/model_resolver.py,228,return None
return_none_empty,src/pipeline/stages/prediction/model_resolver.py,323,return None
path_user_input,src/pipeline/stages/prediction/model_resolver.py,67,parts = Path(model_path_str).parts
path_user_input,src/pipeline/stages/prediction/model_resolver.py,89,base_dir = Path(self.config_manager.get(self.
path_user_input,src/pipeline/stages/prediction/model_resolver.py,188,"direct_path = Path(model_path_str.replace('/', os.sep))"
path_user_input,src/pipeline/stages/prediction/model_resolver.py,214,return Path(self.config_manager.get(self.
path_user_input,src/pipeline/stages/prediction/model_resolver.py,224,base_dir = Path(self.config_manager.get(self.
path_user_input,src/pipeline/stages/prediction/model_resolver.py,262,models_root = Path(self.config_manager.get(self.
path_user_input,src/pipeline/stages/prediction/model_resolver.py,302,with open(runtime_params_path) as f:
path_user_input,src/pipeline/stages/prediction/model_resolver.py,313,output_dir = Path(self.config_manager.get(
path_user_input,src/pipeline/stages/prediction/model_resolver.py,333,with open(latest_light) as f:
path_user_input,src/pipeline/stages/prediction/model_resolver.py,349,with open(colab_summary_file) as f:
target_col_in_feature,src/pipeline/stages/prediction/model_selection_service.py,144,"target_type = meta.get('target_type', 'classification')"
target_col_in_feature,src/pipeline/stages/prediction/model_selection_service.py,197,"ticker_df_clean, target_type, list(model_aliases.keys())"
broad_except,src/pipeline/stages/prediction/model_selection_service.py,81,except Exception as e:
broad_except,src/pipeline/stages/prediction/model_selection_service.py,178,except Exception as e:
broad_except,src/pipeline/stages/prediction/model_selection_service.py,281,except Exception as e:
return_none_empty,src/pipeline/stages/prediction/model_selection_service.py,231,return None
return_none_empty,src/pipeline/stages/prediction/model_selection_service.py,288,return None if value is None else str(value)
return_none_empty,src/pipeline/stages/prediction/model_selection_service.py,289,return None
path_user_input,src/pipeline/stages/prediction/model_selection_service.py,45,base_dir = Path(self.config_manager.get(
broad_except,src/pipeline/stages/prediction/prediction_context_manager.py,77,except Exception as e:
return_none_empty,src/pipeline/stages/prediction/prediction_context_manager.py,20,return None
return_none_empty,src/pipeline/stages/prediction/prediction_context_manager.py,59,return None
target_col_in_feature,src/pipeline/stages/prediction/prediction_generator.py,109,target_scaler: Any) ->float:
target_col_in_feature,src/pipeline/stages/prediction/prediction_generator.py,111,if target_scaler is None:
target_col_in_feature,src/pipeline/stages/prediction/prediction_generator.py,120,"if hasattr(target_scaler, 'scale_') and target_scaler.scale_.shape["
target_col_in_feature,src/pipeline/stages/prediction/prediction_generator.py,123,f'Scaler has wrong number of features: {target_scaler.scale_.shape[0]} instead of 1'
target_col_in_feature,src/pipeline/stages/prediction/prediction_generator.py,125,denormalized = target_scaler.inverse_transform(pred_to_denorm)
broad_except,src/pipeline/stages/prediction/prediction_generator.py,129,except Exception as e:
return_none_empty,src/pipeline/stages/prediction/prediction_generator.py,66,"return None, {}"
return_none_empty,src/pipeline/stages/prediction/prediction_generator.py,82,"return None, {}"
target_col_in_feature,src/pipeline/stages/prediction/result_builder.py,33,"target_col = request.meta.get('target', '')"
target_col_in_feature,src/pipeline/stages/prediction/result_builder.py,34,ae_key = f'{ticker}_{target_col}_autoencoder'
target_col_in_feature,src/pipeline/stages/prediction/result_builder.py,42,f'model_{ticker}_{target_col}_autoencoder{ext}')
target_col_in_feature,src/pipeline/stages/prediction/result_builder.py,44,"ae_meta = {'ticker': ticker, 'target': target_col,"
target_col_in_feature,src/pipeline/stages/prediction/result_builder.py,55,f'selected_features_{ticker}_{target_col}_autoencoder.json'
target_col_in_feature,src/pipeline/stages/prediction/result_builder.py,83,"f'🔒 Autoencoder anomaly integration for {ticker} ({target_col}): MSE={mse:.4f}, normalcy={ae_normalcy:.2%}, blended_normalcy={anomaly_score:.2%}'"
broad_except,src/pipeline/stages/prediction/result_builder.py,62,except Exception as fe:
broad_except,src/pipeline/stages/prediction/result_builder.py,85,except Exception as e:
broad_except,src/pipeline/stages/prediction/result_builder.py,207,except Exception as e:
return_none_empty,src/pipeline/stages/prediction/result_builder.py,133,return None
return_none_empty,src/pipeline/stages/prediction/result_builder.py,138,return None
path_user_input,src/pipeline/stages/prediction/result_builder.py,59,with open(features_path) as f:
path_user_input,src/pipeline/stages/prediction/result_builder.py,171,output_dir = Path(self.model_resolver.config_manager.get(self.
path_user_input,src/pipeline/stages/prediction/result_builder.py,177,"path_parts = Path(path.replace('/', os.sep)).parts"
path_user_input,src/pipeline/stages/prediction/result_builder.py,203,"with open(stage_5_file, 'w') as f:"
target_col_in_feature,src/pipeline/stages/prediction/scaler_service.py,34,"def load_target_scaler(self, meta: dict[str, Any]) -> Any | None:"
target_col_in_feature,src/pipeline/stages/prediction/scaler_service.py,46,"target_col = meta.get('target', '')"
target_col_in_feature,src/pipeline/stages/prediction/scaler_service.py,70,scaler_path = base_dir / batch_name / f'scaler_{ticker}_{target_col}.pkl'
target_col_in_feature,src/pipeline/stages/prediction/scaler_service.py,83,target_scaler = joblib.load(trusted_scaler_path)  # audit-ignore: UNSAFE_MODEL_OR_PICKLE_LOAD
target_col_in_feature,src/pipeline/stages/prediction/scaler_service.py,85,"if hasattr(target_scaler, 'scale_'):"
target_col_in_feature,src/pipeline/stages/prediction/scaler_service.py,86,if target_scaler.scale_.shape[0] == 1:
target_col_in_feature,src/pipeline/stages/prediction/scaler_service.py,88,return target_scaler
target_col_in_feature,src/pipeline/stages/prediction/scaler_service.py,91,f'❌ INVALID scaler! Has {target_scaler.scale_.shape[0]} features instead of 1'
broad_except,src/pipeline/stages/prediction/scaler_service.py,98,except Exception as e:
return_none_empty,src/pipeline/stages/prediction/scaler_service.py,50,return None
return_none_empty,src/pipeline/stages/prediction/scaler_service.py,57,return None
return_none_empty,src/pipeline/stages/prediction/scaler_service.py,61,return None
return_none_empty,src/pipeline/stages/prediction/scaler_service.py,75,return None
return_none_empty,src/pipeline/stages/prediction/scaler_service.py,96,return None
pickle_joblib_load,src/pipeline/stages/prediction/scaler_service.py,83,target_scaler = joblib.load(trusted_scaler_path)  # audit-ignore: UNSAFE_MODEL_OR_PICKLE_LOAD
path_user_input,src/pipeline/stages/prediction/scaler_service.py,66,base_dir = Path(self.config_manager.get(
return_none_empty,src/pipeline/stages/processing/data_handler.py,103,return []
broad_except,src/pipeline/stages/processing/orchestrator.py,48,except Exception as e:
return_none_empty,src/pipeline/stages/processing/orchestrator.py,58,return {}
broad_except,src/pipeline/stages/processing/storage.py,33,except Exception as e:
broad_except,src/pipeline/stages/trading/data_io.py,79,except Exception as e:
broad_except,src/pipeline/stages/trading/data_io.py,106,except Exception as e:
return_none_empty,src/pipeline/stages/trading/data_io.py,50,"return None, None, kwargs"
return_none_empty,src/pipeline/stages/trading/data_io.py,60,"return None, None, kwargs"
return_none_empty,src/pipeline/stages/trading/data_io.py,82,"return None, None, kwargs"
return_none_empty,src/pipeline/stages/trading/data_io.py,115,return None
path_user_input,src/pipeline/stages/trading/data_io.py,19,self.output_dir = Path(self.config_manager.get(
path_user_input,src/pipeline/stages/trading/data_io.py,85,"async with aiofiles.open(file_path, encoding='utf-8') as f:"
path_user_input,src/pipeline/stages/trading/data_io.py,103,"with open(results_file, 'w', encoding='utf-8') as f:"
target_col_in_feature,src/pipeline/stages/trading/recommendation_engine.py,96,"def _get_champion_model_for_target(self, target_key: str, heavy_models:"
target_col_in_feature,src/pipeline/stages/trading/recommendation_engine.py,99,"combined_group = heavy_models.get(target_key, []) + light_models.get("
target_col_in_feature,src/pipeline/stages/trading/recommendation_engine.py,100,"target_key, [])"
target_col_in_feature,src/pipeline/stages/trading/recommendation_engine.py,110,for target_key in all_targets:
target_col_in_feature,src/pipeline/stages/trading/recommendation_engine.py,111,"champion = self._get_champion_model_for_target(target_key,"
target_col_in_feature,src/pipeline/stages/trading/recommendation_engine.py,114,recommendations['champion_by_target'][target_key] = {
target_col_in_feature,src/pipeline/stages/trading/recommendation_engine.py,131,"target_key = f""{ticker}_{'_'.join(parts[2:])}"""
target_col_in_feature,src/pipeline/stages/trading/recommendation_engine.py,133,target_key)
target_col_in_feature,src/pipeline/stages/trading/recommendation_engine.py,137,"target_key, models_metadata, [pred])"
target_col_in_feature,src/pipeline/stages/trading/recommendation_engine.py,345,"def _calculate_robust_confidence(self, ticker: str, target_key: str,"
target_col_in_feature,src/pipeline/stages/trading/recommendation_engine.py,349,"champion_data = self._find_champion_model(ticker, target_key,"
target_col_in_feature,src/pipeline/stages/trading/recommendation_engine.py,368,"def _find_champion_model(self, ticker: str, target_key: str,"
target_col_in_feature,src/pipeline/stages/trading/recommendation_engine.py,372,"if meta.get('target') == target_key.split('_', 1)[1]:"
broad_except,src/pipeline/stages/trading/recommendation_engine.py,54,except Exception as e:
broad_except,src/pipeline/stages/trading/recommendation_engine.py,149,except Exception as e:
broad_except,src/pipeline/stages/trading/recommendation_engine.py,193,except Exception as e:
broad_except,src/pipeline/stages/trading/recommendation_engine.py,232,except Exception:
broad_except,src/pipeline/stages/trading/recommendation_engine.py,364,except Exception as e:
broad_except,src/pipeline/stages/trading/recommendation_engine.py,453,except Exception as e:
return_none_empty,src/pipeline/stages/trading/recommendation_engine.py,102,return None
return_none_empty,src/pipeline/stages/trading/recommendation_engine.py,320,return None
return_none_empty,src/pipeline/stages/trading/recommendation_engine.py,523,return None
broad_except,src/pipeline/stages/utils/collection_manager.py,33,except Exception as e:
broad_except,src/pipeline/stages/utils/collection_manager.py,76,except Exception as e:
return_none_empty,src/pipeline/stages/utils/collection_manager.py,85,return None
broad_except,src/optimization/hyperparameters/bayesian.py,138,except Exception as e:
return_none_empty,src/optimization/hyperparameters/bayesian.py,154,return []
target_col_in_feature,src/optimization/portfolio/optimizer.py,84,"lambda : self.markowitz_optimization(returns, target_return=0,"
target_col_in_feature,src/optimization/portfolio/optimizer.py,172,"float=0.02, target_return: float=None, current_weights: np.ndarray | None=None) ->dict[str, Any]:"
target_col_in_feature,src/optimization/portfolio/optimizer.py,191,if target_return is not None:
target_col_in_feature,src/optimization/portfolio/optimizer.py,193,portfolio_return(x) - target_return})
target_col_in_feature,src/optimization/portfolio/optimizer.py,353,target_risk = 1.0 / n_assets
target_col_in_feature,src/optimization/portfolio/optimizer.py,354,return np.sum((contrib - target_risk) ** 2)
broad_except,src/optimization/portfolio/optimizer.py,142,except Exception as e:
broad_except,src/optimization/portfolio/optimizer.py,166,except Exception as e:
broad_except,src/optimization/portfolio/optimizer.py,280,except Exception as e:
broad_except,src/optimization/portfolio/optimizer.py,329,except Exception as e:
broad_except,src/optimization/portfolio/optimizer.py,373,except Exception as e:
broad_except,src/optimization/portfolio/optimizer.py,397,except Exception as e:
broad_except,src/optimization/portfolio/optimizer.py,418,except Exception as e:
broad_except,src/optimization/portfolio/optimizer.py,448,except Exception as e:
broad_except,src/optimization/portfolio/optimizer.py,465,except Exception as e:
broad_except,src/optimization/portfolio/optimizer.py,482,except Exception as e:
broad_except,src/monitoring/infrastructure/resource_monitor.py,73,except Exception as e:
broad_except,src/monitoring/infrastructure/resource_monitor.py,124,except Exception as e:
broad_except,src/monitoring/infrastructure/resource_monitor.py,188,except Exception as e:
broad_except,src/monitoring/reporting/performance_reports.py,119,except Exception as e:
path_user_input,src/monitoring/reporting/performance_reports.py,116,"with open(output_path, 'w') as f:"
broad_except,src/models/actions/action_trigger.py,61,except Exception as e:
broad_except,src/models/actions/action_trigger.py,91,except Exception as e:
target_col_in_feature,src/models/adapters/data_preparation.py,20,"target_cols: list[str],"
target_col_in_feature,src/models/adapters/data_preparation.py,32,if not target_cols:
target_col_in_feature,src/models/adapters/data_preparation.py,33,"logger.error(""target_cols є обов'язковим параметром."")"
target_col_in_feature,src/models/adapters/data_preparation.py,43,for col in target_cols:
target_col_in_feature,src/models/adapters/data_preparation.py,49,"df_processed, categorical_info = handle_categorical_features(filtered_df, target_cols)"
target_col_in_feature,src/models/adapters/data_preparation.py,54,"if c not in target_cols and c not in ['datetime', 'date']]"
target_col_in_feature,src/models/adapters/data_preparation.py,61,y = df_processed[target_cols]
target_col_in_feature,src/models/adapters/data_preparation.py,98,target_scaler = None
target_col_in_feature,src/models/adapters/data_preparation.py,100,target_scaler = StandardScaler()
target_col_in_feature,src/models/adapters/data_preparation.py,101,y_train_processed = target_scaler.fit_transform(y_train)
target_col_in_feature,src/models/adapters/data_preparation.py,102,y_val_processed = target_scaler.transform(y_val)
target_col_in_feature,src/models/adapters/data_preparation.py,103,y_test_processed = target_scaler.transform(y_test)
target_col_in_feature,src/models/adapters/data_preparation.py,110,"'imputer': imputer, 'scaler': scaler, 'target_scaler': target_scaler,"
target_col_in_feature,src/models/adapters/data_preparation.py,121,"'ticker': ticker, 'timeframe': timeframe, 'target_cols': target_cols,"
broad_except,src/models/adapters/data_preparation.py,125,except Exception as e:
return_none_empty,src/models/adapters/data_preparation.py,34,return None
return_none_empty,src/models/adapters/data_preparation.py,40,return None
return_none_empty,src/models/adapters/data_preparation.py,46,return None
return_none_empty,src/models/adapters/data_preparation.py,58,return None
broad_except,src/models/adapters/sentiment_integration.py,29,except Exception as e:
broad_except,src/models/adapters/sentiment_integration.py,49,except Exception as e:
broad_except,src/models/adapters/sentiment_integration.py,82,except Exception as e:
broad_except,src/models/adapters/sentiment_integration.py,200,except Exception as e:
broad_except,src/models/adapters/sentiment_integration.py,253,except Exception as e:
target_col_in_feature,src/models/adapters/unified_model_adapter.py,96,"target_col: str,"
target_col_in_feature,src/models/adapters/unified_model_adapter.py,107,target_col: Target column name.
target_col_in_feature,src/models/adapters/unified_model_adapter.py,120,"target_col=target_col,"
target_col_in_feature,src/models/adapters/unified_model_adapter.py,126,"target_count = self.model_feature_counts.get(model_type, 42)"
target_col_in_feature,src/models/adapters/unified_model_adapter.py,131,"return self._fallback_selection(features_df, ticker, target_count)"
target_col_in_feature,src/models/adapters/unified_model_adapter.py,139,"def _fallback_selection(self, df: pd.DataFrame, ticker: str, target_count: int) -> tuple[np.ndarray, list[str]]:"
target_col_in_feature,src/models/adapters/unified_model_adapter.py,160,if len(selected) < target_count:
target_col_in_feature,src/models/adapters/unified_model_adapter.py,167,additional = variances.index[: target_count - len(selected)].tolist()
target_col_in_feature,src/models/adapters/unified_model_adapter.py,170,final_list = selected[:target_count]
target_col_in_feature,src/models/adapters/unified_model_adapter.py,173,"def _find_alternative_feature(self, df: pd.DataFrame, target_feature: str) -> str | None:"
target_col_in_feature,src/models/adapters/unified_model_adapter.py,175,target_lower = target_feature.lower()
target_col_in_feature,src/models/adapters/unified_model_adapter.py,178,if target_lower in col_str or col_str in target_lower:
broad_except,src/models/adapters/unified_model_adapter.py,135,except Exception as e:
return_none_empty,src/models/adapters/unified_model_adapter.py,180,return None
target_col_in_feature,src/models/analysis/baseline_dominance_detector.py,71,"target_series: pd.Series | None = None) -> dict[str, Any]:"
target_col_in_feature,src/models/analysis/baseline_dominance_detector.py,85,"baseline_results = await self._train_baseline_models(market_data, features_df, target_series)"
target_col_in_feature,src/models/analysis/baseline_dominance_detector.py,114,"target_series: pd.Series | None) -> dict[str, Any]:"
target_col_in_feature,src/models/analysis/baseline_dominance_detector.py,119,"result = model.train_and_evaluate(market_data, features_df, target_series)"
broad_except,src/models/analysis/baseline_dominance_detector.py,107,except Exception as e:
broad_except,src/models/analysis/baseline_dominance_detector.py,122,except Exception as e:
broad_except,src/models/analysis/model_analyzer.py,76,except Exception as e:
broad_except,src/models/analysis/model_analyzer.py,103,except Exception as e:
broad_except,src/models/analysis/model_analyzer.py,121,except Exception as e:
broad_except,src/models/analysis/model_analyzer.py,137,except Exception as e:
broad_except,src/models/analysis/model_analyzer.py,157,except Exception as e:
broad_except,src/models/analysis/regime_winner_analyzer.py,145,except Exception as e:
broad_except,src/models/analysis/regime_winner_analyzer.py,191,except Exception as e:
broad_except,src/models/analysis/regime_winner_analyzer.py,271,except Exception as e:
return_none_empty,src/models/analysis/regime_winner_analyzer.py,288,return {}
path_user_input,src/models/analysis/regime_winner_analyzer.py,76,"self.storage_path = Path(self.config.get('storage_path', 'data/analysis/regime_winners'))"
path_user_input,src/models/analysis/regime_winner_analyzer.py,269,"with open(filepath, 'w') as f:"
broad_except,src/models/ensemble/confidence_calibrator.py,62,except Exception as e:
broad_except,src/models/ensemble/confidence_calibrator.py,74,except Exception as e:
broad_except,src/models/ensemble/confidence_calibrator.py,113,except Exception as e:
broad_except,src/models/ensemble/confidence_calibrator.py,142,except Exception as e:
pickle_joblib_load,src/models/ensemble/confidence_calibrator.py,136,payload = joblib.load(trusted_path)  # audit-ignore: UNSAFE_MODEL_OR_PICKLE_LOAD
path_user_input,src/models/ensemble/confidence_calibrator.py,104,path = Path(filepath)
path_user_input,src/models/ensemble/confidence_calibrator.py,126,abs_p = Path(filepath).resolve()
path_user_input,src/models/ensemble/confidence_calibrator.py,129,"Path('data').resolve(),"
path_user_input,src/models/ensemble/confidence_calibrator.py,130,Path('models').resolve()
return_none_empty,src/models/ensemble/dynamic_weights.py,232,return []
path_user_input,src/models/ensemble/dynamic_weights.py,249,"Path(filepath).parent.mkdir(parents=True, exist_ok=True)"
path_user_input,src/models/ensemble/dynamic_weights.py,250,"with open(filepath, 'w') as f:"
path_user_input,src/models/ensemble/dynamic_weights.py,262,with open(filepath) as f:
target_col_in_feature,src/models/ensemble/enhanced_ensemble.py,80,"for target_name, target_result in results.items():"
target_col_in_feature,src/models/ensemble/enhanced_ensemble.py,81,"if not isinstance(target_result, dict"
target_col_in_feature,src/models/ensemble/enhanced_ensemble.py,82,) or 'models' not in target_result:
target_col_in_feature,src/models/ensemble/enhanced_ensemble.py,84,"models = target_result.get('models', {})"
target_col_in_feature,src/models/ensemble/enhanced_ensemble.py,89,model_key = f'{ticker}_{target_name}_{model_type}'
target_col_in_feature,src/models/ensemble/enhanced_ensemble.py,94,"target_name, 'timeframe': timeframe, 'model_type':"
target_col_in_feature,src/models/ensemble/enhanced_ensemble.py,119,f'data/colab/accumulated/test_ticker_amd_target_1d_ep5_iter5/models/{model_filename}'
target_col_in_feature,src/models/ensemble/enhanced_ensemble.py,144,"def _should_skip_model(self, model_info: dict, target_cols: list[str],"
target_col_in_feature,src/models/ensemble/enhanced_ensemble.py,147,if target_cols and model_info['target'] not in target_cols:
target_col_in_feature,src/models/ensemble/enhanced_ensemble.py,182,"def load_local_light_models(self, target_cols: list[str]=None, tickers:"
target_col_in_feature,src/models/ensemble/enhanced_ensemble.py,198,"if self._should_skip_model(model_info, target_cols, tickers,"
heavy_import,src/models/ensemble/enhanced_ensemble.py,128,import torch
broad_except,src/models/ensemble/enhanced_ensemble.py,136,except Exception as e:
broad_except,src/models/ensemble/enhanced_ensemble.py,177,except Exception as e:
return_none_empty,src/models/ensemble/enhanced_ensemble.py,104,return None
return_none_empty,src/models/ensemble/enhanced_ensemble.py,142,return None
return_none_empty,src/models/ensemble/enhanced_ensemble.py,164,return None
return_none_empty,src/models/ensemble/enhanced_ensemble.py,172,return None
return_none_empty,src/models/ensemble/enhanced_ensemble.py,232,return None
return_none_empty,src/models/ensemble/enhanced_ensemble.py,286,return None
return_none_empty,src/models/ensemble/enhanced_ensemble.py,292,return None
return_none_empty,src/models/ensemble/enhanced_ensemble.py,320,return None
return_none_empty,src/models/ensemble/enhanced_ensemble.py,329,return None
pickle_joblib_load,src/models/ensemble/enhanced_ensemble.py,131,model_obj = torch.load(  # audit-ignore: UNSAFE_MODEL_OR_PICKLE_LOAD
pickle_joblib_load,src/models/ensemble/enhanced_ensemble.py,167,model = joblib.load(model_file)  # audit-ignore: UNSAFE_MODEL_OR_PICKLE_LOAD
path_user_input,src/models/ensemble/enhanced_ensemble.py,20,self.models_path = Path(models_path)
path_user_input,src/models/ensemble/enhanced_ensemble.py,108,abs_p = Path(p).resolve()
path_user_input,src/models/ensemble/enhanced_ensemble.py,110,"Path('data').resolve(),"
path_user_input,src/models/ensemble/enhanced_ensemble.py,111,Path('models').resolve()
path_user_input,src/models/ensemble/enhanced_ensemble.py,116,model_filename = Path(model_path).name
path_user_input,src/models/ensemble/enhanced_ensemble.py,123,if Path(path_candidate).exists():
broad_except,src/models/ensemble/ensemble_model.py,46,except Exception as e:
broad_except,src/models/ensemble/ensemble_model.py,76,except Exception as e:
broad_except,src/models/ensemble/ensemble_model.py,105,except Exception as e:
pickle_joblib_load,src/models/ensemble/ensemble_model.py,101,loaded_model = joblib.load(trusted_path)  # audit-ignore: UNSAFE_MODEL_OR_PICKLE_LOAD
path_user_input,src/models/ensemble/ensemble_model.py,97,if not trusted_path.resolve().is_relative_to(Path(base_model_path).resolve()):
broad_except,src/models/health/model_health_evaluator.py,84,except Exception as e:
broad_except,src/models/health/model_health_evaluator.py,146,except Exception as e:
broad_except,src/models/health/model_health_evaluator.py,175,except Exception as e:
broad_except,src/models/health/model_health_evaluator.py,193,except Exception as e:
broad_except,src/models/linear/knn_model.py,50,except Exception as e:
broad_except,src/models/linear/knn_model.py,80,except Exception as e:
broad_except,src/models/linear/knn_model.py,111,except Exception as e:
pickle_joblib_load,src/models/linear/knn_model.py,107,loaded_model = joblib.load(trusted_path)  # audit-ignore: UNSAFE_MODEL_OR_PICKLE_LOAD
path_user_input,src/models/linear/knn_model.py,103,if not trusted_path.resolve().is_relative_to(Path(base_model_path).resolve()):
broad_except,src/models/linear/linear_model.py,40,except Exception as e:
broad_except,src/models/linear/linear_model.py,70,except Exception as e:
broad_except,src/models/linear/linear_model.py,101,except Exception as e:
pickle_joblib_load,src/models/linear/linear_model.py,97,loaded_model = joblib.load(trusted_path)  # audit-ignore: UNSAFE_MODEL_OR_PICKLE_LOAD
path_user_input,src/models/linear/linear_model.py,93,if not trusted_path.resolve().is_relative_to(Path(base_model_path).resolve()):
broad_except,src/models/linear/svm_model.py,56,except Exception as e:
broad_except,src/models/linear/svm_model.py,86,except Exception as e:
broad_except,src/models/linear/svm_model.py,117,except Exception as e:
pickle_joblib_load,src/models/linear/svm_model.py,113,loaded_model = joblib.load(trusted_path)  # audit-ignore: UNSAFE_MODEL_OR_PICKLE_LOAD
path_user_input,src/models/linear/svm_model.py,109,if not trusted_path.resolve().is_relative_to(Path(base_model_path).resolve()):
broad_except,src/models/model_selector/adaptive_selector.py,134,except Exception as e:
broad_except,src/models/model_selector/adaptive_selector.py,212,except Exception as e:
broad_except,src/models/model_selector/adaptive_selector.py,284,except Exception as e:
broad_except,src/models/model_selector/adaptive_selector.py,294,except Exception as e:
broad_except,src/models/model_selector/adaptive_selector.py,321,except Exception as e:
broad_except,src/models/model_selector/adaptive_selector.py,349,except Exception as e:
return_none_empty,src/models/model_selector/adaptive_selector.py,112,return {}
return_none_empty,src/models/model_selector/adaptive_selector.py,260,return None
return_none_empty,src/models/model_selector/adaptive_selector.py,268,return None
return_none_empty,src/models/model_selector/adaptive_selector.py,274,return {}
return_none_empty,src/models/model_selector/adaptive_selector.py,283,return {}
path_user_input,src/models/model_selector/adaptive_selector.py,95,self.leaderboard_path = Path(leaderboard_path)
path_user_input,src/models/model_selector/adaptive_selector.py,276,with open(self.leaderboard_path) as f:
path_user_input,src/models/model_selector/adaptive_selector.py,292,"with open(self.leaderboard_path, 'w') as f:"
path_user_input,src/models/model_selector/adaptive_selector.py,359,"Path(filepath).parent.mkdir(parents=True, exist_ok=True)"
path_user_input,src/models/model_selector/adaptive_selector.py,360,"with open(filepath, 'w') as f:"
target_col_in_feature,src/models/model_selector/fingerprint_selector.py,41,target_bits = context_fingerprint.split('|')
target_col_in_feature,src/models/model_selector/fingerprint_selector.py,47,if len(fp_bits) != len(target_bits):
target_col_in_feature,src/models/model_selector/fingerprint_selector.py,50,matches = sum(1 for i in range(len(target_bits)) if target_bits[i] == fp_bits[i])
target_col_in_feature,src/models/model_selector/fingerprint_selector.py,56,if best_sim_fp and max_matches >= (len(target_bits) / 2):
broad_except,src/models/model_selector/fingerprint_selector.py,67,except Exception as e:
broad_except,src/models/model_selector/fingerprint_selector.py,103,except Exception as e:
target_col_in_feature,src/models/model_selector/smart_selector.py,139,"target_type = action.get('target_type', 'classification')"
target_col_in_feature,src/models/model_selector/smart_selector.py,146,"ticker, target_type)"
target_col_in_feature,src/models/model_selector/smart_selector.py,169,"def _get_historical_reliability(self, model_name: str, target_type: str,"
target_col_in_feature,src/models/model_selector/smart_selector.py,173,if key.startswith(model_name) and key.endswith(target_type):
target_col_in_feature,src/models/model_selector/smart_selector.py,206,"def calculate_model_score(self, model_name: str, target_type: str,"
target_col_in_feature,src/models/model_selector/smart_selector.py,209,"base_score = self._get_default_model_score(model_name, target_type)"
target_col_in_feature,src/models/model_selector/smart_selector.py,210,"historical_score = self._get_historical_score(model_name, target_type)"
target_col_in_feature,src/models/model_selector/smart_selector.py,218,"def _get_historical_score(self, model_name: str, target_type: str"
target_col_in_feature,src/models/model_selector/smart_selector.py,222,if key.startswith(model_name) and key.endswith(target_type):
target_col_in_feature,src/models/model_selector/smart_selector.py,249,"def _get_default_model_score(self, model_name: str, target_type: str"
target_col_in_feature,src/models/model_selector/smart_selector.py,251,"return self.competence_map.get('default_scores', {}).get(target_type,"
target_col_in_feature,src/models/model_selector/smart_selector.py,274,"def select_best_model(self, df: pd.DataFrame, target_type: str,"
target_col_in_feature,src/models/model_selector/smart_selector.py,278,"'default_scores', {}).get(target_type, {}).keys())"
target_col_in_feature,src/models/model_selector/smart_selector.py,280,"model_scores = {name: self.calculate_model_score(name, target_type,"
target_col_in_feature,src/models/model_selector/smart_selector.py,288,"def update_performance(self, model_name: str, ticker: str, target_type:"
target_col_in_feature,src/models/model_selector/smart_selector.py,290,history_key = f'{model_name}_{ticker}_{target_type}'
broad_except,src/models/model_selector/smart_selector.py,36,except Exception as e:
broad_except,src/models/model_selector/smart_selector.py,46,except Exception as e:
broad_except,src/models/model_selector/smart_selector.py,54,except Exception as e:
broad_except,src/models/model_selector/smart_selector.py,164,except Exception as e:
return_none_empty,src/models/model_selector/smart_selector.py,35,return {}
return_none_empty,src/models/model_selector/smart_selector.py,227,return None
path_user_input,src/models/model_selector/smart_selector.py,32,with open(self.results_file) as f:
path_user_input,src/models/model_selector/smart_selector.py,44,with open(file_path) as f:
path_user_input,src/models/model_selector/smart_selector.py,52,"with open(self.results_file, 'w') as f:"
broad_except,src/models/monitoring/prediction_drift_monitor.py,108,except Exception as e:
broad_except,src/models/monitoring/prediction_drift_monitor.py,163,except Exception as e:
broad_except,src/models/monitoring/prediction_drift_monitor.py,209,except Exception as e:
broad_except,src/models/monitoring/prediction_drift_monitor.py,252,except Exception as e:
broad_except,src/models/monitoring/prediction_drift_monitor.py,281,except Exception as e:
broad_except,src/models/monitoring/prediction_drift_monitor.py,303,except Exception as e:
return_none_empty,src/models/monitoring/prediction_drift_monitor.py,325,return None
path_user_input,src/models/monitoring/prediction_drift_monitor.py,48,"self.storage_path = Path(self.config.get('storage_path', 'data/monitoring/prediction_drift'))"
path_user_input,src/models/monitoring/prediction_drift_monitor.py,293,"with open(filepath, 'w') as f:"
top_tensorflow_import,src/models/neural/autoencoder_model.py,6,import tensorflow as tf
top_tensorflow_import,src/models/neural/autoencoder_model.py,7,"from tensorflow.keras import layers, models"
heavy_import,src/models/neural/autoencoder_model.py,6,import tensorflow as tf
heavy_import,src/models/neural/autoencoder_model.py,7,"from tensorflow.keras import layers, models"
top_tensorflow_import,src/models/neural/base_neural.py,10,import tensorflow as tf
heavy_import,src/models/neural/base_neural.py,10,import tensorflow as tf
broad_except,src/models/neural/base_neural.py,108,except Exception as e:
broad_except,src/models/neural/base_neural.py,147,except Exception as e:
broad_except,src/models/neural/base_neural.py,182,except Exception as e:
top_tensorflow_import,src/models/neural/cnn_model.py,7,import tensorflow as tf
top_tensorflow_import,src/models/neural/cnn_model.py,8,from tensorflow.keras import Sequential
top_tensorflow_import,src/models/neural/cnn_model.py,9,"from tensorflow.keras.layers import Conv1D, Dense, Dropout, Flatten, Input, MaxPooling1D"
heavy_import,src/models/neural/cnn_model.py,7,import tensorflow as tf
heavy_import,src/models/neural/cnn_model.py,8,from tensorflow.keras import Sequential
heavy_import,src/models/neural/cnn_model.py,9,"from tensorflow.keras.layers import Conv1D, Dense, Dropout, Flatten, Input, MaxPooling1D"
broad_except,src/models/neural/cnn_model.py,107,except Exception as e:
broad_except,src/models/neural/cnn_model.py,136,except Exception as e:
top_tensorflow_import,src/models/neural/gru_model.py,6,import tensorflow as tf
top_tensorflow_import,src/models/neural/gru_model.py,7,"from tensorflow.keras import layers, models"
heavy_import,src/models/neural/gru_model.py,6,import tensorflow as tf
heavy_import,src/models/neural/gru_model.py,7,"from tensorflow.keras import layers, models"
top_tensorflow_import,src/models/neural/lstm_model.py,6,import tensorflow as tf
top_tensorflow_import,src/models/neural/lstm_model.py,7,"from tensorflow.keras import layers, models"
heavy_import,src/models/neural/lstm_model.py,6,import tensorflow as tf
heavy_import,src/models/neural/lstm_model.py,7,"from tensorflow.keras import layers, models"
top_tensorflow_import,src/models/neural/mlp_model.py,4,import tensorflow as tf
top_tensorflow_import,src/models/neural/mlp_model.py,5,"from tensorflow.keras import layers, models"
heavy_import,src/models/neural/mlp_model.py,4,import tensorflow as tf
heavy_import,src/models/neural/mlp_model.py,5,"from tensorflow.keras import layers, models"
broad_except,src/models/neural/tabnet_model.py,145,except Exception as e:
pickle_joblib_load,src/models/neural/tabnet_model.py,131,metadata = joblib.load(metadata_path)  # audit-ignore: UNSAFE_MODEL_OR_PICKLE_LOAD
path_user_input,src/models/neural/tabnet_model.py,108,metadata_path = Path(model_path).with_suffix('.meta')
path_user_input,src/models/neural/tabnet_model.py,128,"Path(path).with_suffix('.meta'),"
top_tensorflow_import,src/models/neural/transformer_model.py,128,from tensorflow.keras.optimizers import Adam
top_tensorflow_import,src/models/neural/transformer_model.py,168,import tensorflow as tf
heavy_import,src/models/neural/transformer_model.py,128,from tensorflow.keras.optimizers import Adam
heavy_import,src/models/neural/transformer_model.py,168,import tensorflow as tf
broad_except,src/models/neural/transformer_model.py,64,except Exception as e:
broad_except,src/models/neural/transformer_model.py,115,except Exception as e:
broad_except,src/models/neural/transformer_model.py,122,except Exception as e2:
broad_except,src/models/neural/transformer_model.py,239,except Exception as e:
broad_except,src/models/neural/transformer_model.py,244,except Exception as e2:
broad_except,src/models/neural/transformer_model.py,348,except Exception as e:
return_none_empty,src/models/neural/transformer_model.py,332,return None
broad_except,src/models/prototypes/prototype.py,97,except Exception as e:
return_none_empty,src/models/prototypes/prototype.py,83,return None
broad_except,src/models/prototypes/registry.py,167,except Exception as e:
broad_except,src/models/prototypes/registry.py,198,except Exception as e:
return_none_empty,src/models/prototypes/registry.py,94,return None
path_user_input,src/models/prototypes/registry.py,44,self.registry_path = Path(registry_path)
path_user_input,src/models/prototypes/registry.py,163,"with open(self.registry_path, ""w"") as f:"
path_user_input,src/models/prototypes/registry.py,177,with open(self.registry_path) as f:
return_none_empty,src/models/quality/controller.py,130,return None
broad_except,src/models/registry/model_registry.py,62,except Exception as e:
broad_except,src/models/registry/model_registry.py,138,except Exception as e:
broad_except,src/models/registry/model_registry.py,159,except Exception as e:
return_none_empty,src/models/registry/model_registry.py,158,return None
path_user_input,src/models/registry/model_registry.py,37,self.storage_path = storage_path or Path('data/models/registry')
path_user_input,src/models/registry/model_registry.py,136,"with open(filepath, 'w') as f:"
path_user_input,src/models/registry/model_registry.py,156,with open(latest_file) as f:
broad_except,src/models/statistics/model_statistics.py,54,except Exception as e:
broad_except,src/models/statistics/model_statistics.py,85,except Exception as e:
broad_except,src/models/statistics/model_statistics.py,115,except Exception as e:
broad_except,src/models/statistics/model_statistics.py,151,except Exception as e:
broad_except,src/models/tree/catboost_model.py,78,except Exception as e:
broad_except,src/models/tree/catboost_model.py,90,except Exception as e:
broad_except,src/models/tree/catboost_model.py,105,except Exception as e:
broad_except,src/models/tree/catboost_model.py,119,except Exception as e:
broad_except,src/models/tree/catboost_model.py,139,except Exception as e:
broad_except,src/models/tree/catboost_model.py,150,except Exception as e:
broad_except,src/models/tree/lightgbm_model.py,61,except Exception as e:
broad_except,src/models/tree/lightgbm_model.py,91,except Exception as e:
broad_except,src/models/tree/lightgbm_model.py,122,except Exception as e:
pickle_joblib_load,src/models/tree/lightgbm_model.py,118,loaded_model = joblib.load(trusted_path)  # audit-ignore: UNSAFE_MODEL_OR_PICKLE_LOAD
path_user_input,src/models/tree/lightgbm_model.py,114,if not trusted_path.resolve().is_relative_to(Path(base_model_path).resolve()):
broad_except,src/models/tree/random_forest_model.py,56,except Exception as e:
broad_except,src/models/tree/random_forest_model.py,86,except Exception as e:
broad_except,src/models/tree/random_forest_model.py,117,except Exception as e:
pickle_joblib_load,src/models/tree/random_forest_model.py,113,loaded_model = joblib.load(trusted_path)  # audit-ignore: UNSAFE_MODEL_OR_PICKLE_LOAD
path_user_input,src/models/tree/random_forest_model.py,109,if not trusted_path.resolve().is_relative_to(Path(base_model_path).resolve()):
broad_except,src/models/tree/xgboost_model.py,65,except Exception as e:
broad_except,src/models/tree/xgboost_model.py,95,except Exception as e:
broad_except,src/models/tree/xgboost_model.py,126,except Exception as e:
pickle_joblib_load,src/models/tree/xgboost_model.py,122,loaded_model = joblib.load(trusted_path)  # audit-ignore: UNSAFE_MODEL_OR_PICKLE_LOAD
path_user_input,src/models/tree/xgboost_model.py,118,if not trusted_path.resolve().is_relative_to(Path(base_model_path).resolve()):
broad_except,src/models/monitoring/drift/alert_system.py,188,except Exception as e:
broad_except,src/models/monitoring/drift/alert_system.py,247,except Exception as e:
broad_except,src/models/monitoring/drift/alert_system.py,373,except Exception as e:
broad_except,src/models/monitoring/drift/analyzer.py,43,except Exception as e:
broad_except,src/models/monitoring/drift/analyzer.py,67,except Exception as e:
broad_except,src/models/monitoring/drift/analyzer.py,87,except Exception as e:
broad_except,src/models/monitoring/drift/drift_calculator.py,199,except Exception as e:
broad_except,src/models/monitoring/drift/drift_calculator.py,261,except Exception as e:
broad_except,src/models/monitoring/drift/drift_calculator.py,286,except Exception as e:
broad_except,src/models/monitoring/drift/drift_calculator.py,336,except Exception as e:
broad_except,src/models/monitoring/drift/drift_calculator.py,363,except Exception as e:
broad_except,src/models/monitoring/drift/drift_visualizer.py,91,except Exception as e:
broad_except,src/models/monitoring/drift/drift_visualizer.py,159,except Exception as e:
broad_except,src/models/monitoring/drift/drift_visualizer.py,220,except Exception as e:
broad_except,src/models/monitoring/drift/drift_visualizer.py,326,except Exception as e:
broad_except,src/models/monitoring/drift/drift_visualizer.py,390,except Exception as e:
broad_except,src/models/monitoring/drift/history.py,40,except Exception as e:
broad_except,src/models/ensemble/calibration/strategies.py,21,except Exception as e:
broad_except,src/models/ensemble/calibration/strategies.py,40,except Exception as e:
broad_except,src/models/ensemble/correlation/correlation_engine.py,142,except Exception as e:
broad_except,src/models/ensemble/correlation/correlation_engine.py,171,except Exception as e:
broad_except,src/models/ensemble/correlation/correlation_engine.py,219,except Exception as e:
broad_except,src/models/ensemble/correlation/correlation_engine.py,235,except Exception as e:
broad_except,src/models/ensemble/correlation/correlation_engine.py,254,except Exception as e:
broad_except,src/models/ensemble/correlation/correlation_engine.py,264,except Exception as e:
broad_except,src/models/ensemble/correlation/correlation_engine.py,283,except Exception as e:
broad_except,src/models/ensemble/correlation/correlation_engine.py,306,except Exception as e:
broad_except,src/models/ensemble/correlation/correlation_engine.py,332,except Exception as e:
broad_except,src/models/ensemble/correlation/correlation_engine.py,352,except Exception as e:
broad_except,src/models/ensemble/correlation/correlation_engine.py,413,except Exception as e:
broad_except,src/models/ensemble/correlation/correlation_engine.py,423,except Exception as e:
broad_except,src/models/ensemble/correlation/correlation_engine.py,443,except Exception as e:
broad_except,src/models/ensemble/correlation/correlation_engine.py,471,except Exception as e:
broad_except,src/models/ensemble/correlation/correlation_engine.py,500,except Exception as e:
broad_except,src/models/ensemble/correlation/correlation_engine.py,517,except Exception as e:
broad_except,src/models/ensemble/correlation/correlation_engine.py,546,except Exception as e:
broad_except,src/models/ensemble/correlation/correlation_visualizer.py,83,except Exception as e:
broad_except,src/models/ensemble/correlation/correlation_visualizer.py,127,except Exception as e:
broad_except,src/models/ensemble/correlation/correlation_visualizer.py,174,except Exception as e:
broad_except,src/models/ensemble/correlation/correlation_visualizer.py,224,except Exception as e:
broad_except,src/models/ensemble/correlation/correlation_visualizer.py,267,except Exception as e:
path_user_input,src/models/ensemble/correlation/correlation_visualizer.py,38,self.output_dir = output_dir or Path('reports/correlation')
broad_except,src/models/ensemble/weight_stability/analyzer.py,69,except Exception as e:
return_none_empty,src/models/ensemble/weight_stability/analyzer.py,24,return []
return_none_empty,src/models/ensemble/weight_stability/analyzer.py,32,return []
return_none_empty,src/models/ensemble/weight_stability/analyzer.py,40,return []
return_none_empty,src/models/ensemble/weight_stability/analyzer.py,48,return []
return_none_empty,src/models/ensemble/weight_stability/analyzer.py,54,return []
broad_except,src/models/ensemble/weight_stability/calculator.py,84,except Exception as e:
broad_except,src/models/ensemble/weight_stability/calculator.py,113,except Exception as e:
broad_except,src/models/ensemble/weight_stability/calculator.py,137,except Exception as e:
broad_except,src/models/ensemble/weight_stability/calculator.py,163,except Exception as e:
broad_except,src/models/ensemble/weight_stability/calculator.py,190,except Exception as e:
return_none_empty,src/models/ensemble/weight_stability/manager.py,79,return {}
broad_except,src/models/ensemble/weight_stability/visualizer.py,78,except Exception as e:
broad_except,src/models/analysis/baseline/comparison.py,49,except Exception as e:
broad_except,src/models/analysis/baseline/recommendations.py,39,except Exception as e:
broad_except,src/models/analysis/baseline/recommendations.py,70,except Exception as e:
target_col_in_feature,src/models/analysis/baselines/base.py,16,"pd.DataFrame | None=None, target_series: pd.Series | None=None"
target_col_in_feature,src/models/analysis/baselines/models.py,24,"pd.DataFrame | None=None, target_series: pd.Series | None=None"
target_col_in_feature,src/models/analysis/baselines/models.py,27,if features_df is None or target_series is None or len(features_df
target_col_in_feature,src/models/analysis/baselines/models.py,37,"model.fit(X, target_series)"
target_col_in_feature,src/models/analysis/baselines/models.py,38,"predictions = pd.Series(model.predict(X), index=target_series.index)"
target_col_in_feature,src/models/analysis/baselines/models.py,40,"predictions, 'metrics': self._calculate_metrics(target_series,"
target_col_in_feature,src/models/analysis/baselines/models.py,57,"pd.DataFrame | None=None, target_series: pd.Series | None=None"
target_col_in_feature,src/models/analysis/baselines/models.py,60,if features_df is None or target_series is None or len(features_df
target_col_in_feature,src/models/analysis/baselines/models.py,71,"model.fit(X, target_series)"
target_col_in_feature,src/models/analysis/baselines/models.py,72,"predictions = pd.Series(model.predict(X), index=target_series.index)"
target_col_in_feature,src/models/analysis/baselines/models.py,74,"predictions, 'metrics': self._calculate_metrics(target_series,"
broad_except,src/models/analysis/baselines/models.py,44,except Exception as e:
broad_except,src/models/analysis/baselines/models.py,78,except Exception as e:
future_target_fill,src/models/analysis/baselines/strategies.py,24,predictions = target_series.shift(1).fillna(target_series.mean()
target_col_in_feature,src/models/analysis/baselines/strategies.py,20,"pd.DataFrame | None=None, target_series: pd.Series | None=None"
target_col_in_feature,src/models/analysis/baselines/strategies.py,23,if target_series is not None:
target_col_in_feature,src/models/analysis/baselines/strategies.py,24,predictions = target_series.shift(1).fillna(target_series.mean()
target_col_in_feature,src/models/analysis/baselines/strategies.py,26,actual = target_series
target_col_in_feature,src/models/analysis/baselines/strategies.py,49,"pd.DataFrame | None=None, target_series: pd.Series | None=None"
target_col_in_feature,src/models/analysis/baselines/strategies.py,58,actual = target_series if target_series is not None else prices
target_col_in_feature,src/models/analysis/baselines/strategies.py,88,"pd.DataFrame | None=None, target_series: pd.Series | None=None"
target_col_in_feature,src/models/analysis/baselines/strategies.py,101,actual = target_series if target_series is not None else prices
broad_except,src/models/analysis/baselines/strategies.py,36,except Exception as e:
broad_except,src/models/analysis/baselines/strategies.py,75,except Exception as e:
broad_except,src/models/analysis/baselines/strategies.py,106,except Exception as e:
broad_except,src/models/analysis/overfitting_detection/analyzer.py,43,except Exception as e:
broad_except,src/models/analysis/overfitting_detection/analyzer.py,62,except Exception as e:
broad_except,src/models/analysis/overfitting_detection/analyzer.py,88,except Exception as e:
path_user_input,src/models/analysis/overfitting_detection/config.py,45,"self.storage_path = Path(self.config.get('storage_path', 'data/analysis/overfitting'))"
broad_except,src/models/analysis/overfitting_detection/manager.py,71,except Exception as e:
broad_except,src/models/analysis/overfitting_detection/manager.py,95,except Exception as e:
path_user_input,src/models/analysis/overfitting_detection/manager.py,93,"with open(save_path, 'w') as f:"
broad_except,src/models/analysis/overfitting_detection/metrics.py,23,except Exception as e:
broad_except,src/models/analysis/overfitting_detection/visualizer.py,39,except Exception as e:
broad_except,src/models/analysis/overfitting_detection/visualizer.py,55,except Exception as e:
broad_except,src/models/analysis/regime/detector.py,26,except Exception as e:
broad_except,src/models/analysis/regime/detector.py,42,except Exception as e:
broad_except,src/models/analysis/regime/detector.py,57,except Exception as e:
broad_except,src/models/analysis/regime/metrics.py,31,except Exception as e:
broad_except,src/models/analysis/regime/patterns.py,39,except Exception as e:
broad_except,src/models/analysis/regime/patterns.py,70,except Exception as e:
broad_except,src/models/analysis/regime/patterns.py,111,except Exception as e:
broad_except,src/models/analysis/regime/recommendations.py,43,except Exception as e:
return_none_empty,src/models/analysis/regime/recommendations.py,45,return []
broad_except,src/models/analysis/regime/stability.py,29,except Exception as e:
broad_except,src/models/analysis/regime/stability.py,48,except Exception as e:
return_none_empty,src/models/analysis/regime/stability.py,18,return {}
target_col_in_feature,src/metrics/financial/financial_metrics_library.py,75,target_return = risk_free_rate / periods
target_col_in_feature,src/metrics/financial/financial_metrics_library.py,76,downside_returns = clean_returns[clean_returns < target_return]
target_col_in_feature,src/metrics/financial/financial_metrics_library.py,111,"def run_granger_causality(df: pd.DataFrame, target_col: str, predictor_col: str, maxlag: int = 5) -> dict[str, Any]:"
target_col_in_feature,src/metrics/financial/financial_metrics_library.py,113,if target_col not in df.columns or predictor_col not in df.columns:
target_col_in_feature,src/metrics/financial/financial_metrics_library.py,115,"data = df[[target_col, predictor_col]].dropna()"
target_col_in_feature,src/metrics/financial/financial_metrics_library.py,119,target_stationary = adfuller(data[target_col])[1] < 0.05
target_col_in_feature,src/metrics/financial/financial_metrics_library.py,124,correlation = data[target_col].corr(data[predictor_col])
target_col_in_feature,src/metrics/financial/financial_metrics_library.py,129,"""target_stationary"": target_stationary,"
broad_except,src/metrics/financial/financial_metrics_library.py,133,except Exception as e:
broad_except,src/metrics/financial/financial_metrics_library.py,152,except Exception as e:
return_none_empty,src/metrics/financial/portfolio_metrics.py,42,return {}
broad_except,src/metrics/model/ml_evaluator.py,99,except Exception as e:
broad_except,src/metrics/model/ml_evaluator.py,113,except Exception as e:
return_none_empty,src/metrics/model/ml_evaluator.py,56,return {}
return_none_empty,src/metrics/model/ml_evaluator.py,63,return {}
return_none_empty,src/metrics/model/ml_evaluator.py,77,return {}
return_none_empty,src/meta_learning/evolution/dual_loops.py,115,return []
return_none_empty,src/meta_learning/evolution/dual_loops.py,122,return []
broad_except,src/meta_learning/memory/contextual_weight_calculator.py,93,except Exception as e:
broad_except,src/meta_learning/memory/contextual_weight_calculator.py,142,except Exception as e:
return_none_empty,src/meta_learning/memory/contextual_weight_calculator.py,89,return {}
return_none_empty,src/meta_learning/memory/contextual_weight_calculator.py,116,return {}
return_none_empty,src/meta_learning/memory/contextual_weight_calculator.py,166,return {}
return_none_empty,src/meta_learning/memory/contextual_weight_calculator.py,239,return []
broad_except,src/meta_learning/memory/diary_engine.py,135,except Exception as e:
broad_except,src/meta_learning/memory/diary_engine.py,175,except Exception as e:
broad_except,src/meta_learning/memory/diary_engine.py,252,except Exception as e:
broad_except,src/meta_learning/memory/diary_engine.py,293,except Exception as e:
target_col_in_feature,src/meta_learning/memory/knn_context_finder.py,114,target_vec = self._fingerprint_to_vec(context_fingerprint)
target_col_in_feature,src/meta_learning/memory/knn_context_finder.py,115,if not target_vec:
target_col_in_feature,src/meta_learning/memory/knn_context_finder.py,120,"hist_vecs = [(fp, v) for fp, v in hist_vecs if len(v) == len(target_vec)]"
target_col_in_feature,src/meta_learning/memory/knn_context_finder.py,127,"cols = [f""fp_{i}"" for i in range(len(target_vec))]"
target_col_in_feature,src/meta_learning/memory/knn_context_finder.py,130,"target_df = pd.DataFrame([target_vec], columns=cols, index=[""target""])"
target_col_in_feature,src/meta_learning/memory/knn_context_finder.py,133,"res = finder.analyze({""historical_features"": hist_df, ""target_features"": target_df})"
target_col_in_feature,src/meta_learning/memory/knn_context_finder.py,206,target_vec = ContextualWeightCalculator.pattern_sequence_to_vec(context_pattern_seq)
target_col_in_feature,src/meta_learning/memory/knn_context_finder.py,207,if not target_vec:
target_col_in_feature,src/meta_learning/memory/knn_context_finder.py,216,if len(vec) == len(target_vec)
target_col_in_feature,src/meta_learning/memory/knn_context_finder.py,224,"cols = [f""pattern_{i}"" for i in range(len(target_vec))]"
target_col_in_feature,src/meta_learning/memory/knn_context_finder.py,227,"target_df = pd.DataFrame([target_vec], columns=cols, index=[""target""])"
target_col_in_feature,src/meta_learning/memory/knn_context_finder.py,230,"res = finder.analyze({""historical_features"": hist_df, ""target_features"": target_df})"
broad_except,src/meta_learning/memory/knn_context_finder.py,156,except Exception as e:
return_none_empty,src/meta_learning/memory/knn_context_finder.py,107,return {}
return_none_empty,src/meta_learning/memory/knn_context_finder.py,111,return {}
return_none_empty,src/meta_learning/memory/knn_context_finder.py,116,return {}
return_none_empty,src/meta_learning/memory/knn_context_finder.py,122,return {}
return_none_empty,src/meta_learning/memory/knn_context_finder.py,138,return {}
return_none_empty,src/meta_learning/memory/knn_context_finder.py,148,return {}
return_none_empty,src/meta_learning/memory/knn_context_finder.py,200,return {}
return_none_empty,src/meta_learning/memory/knn_context_finder.py,204,return {}
return_none_empty,src/meta_learning/memory/knn_context_finder.py,208,return {}
return_none_empty,src/meta_learning/memory/knn_context_finder.py,220,return {}
return_none_empty,src/meta_learning/memory/knn_context_finder.py,235,return {}
return_none_empty,src/meta_learning/memory/knn_context_finder.py,244,return {}
broad_except,src/meta_learning/security/agent_permissions.py,136,except Exception as e:
broad_except,src/meta_learning/security/agent_permissions.py,281,except Exception as e:
broad_except,src/meta_learning/security/agent_permissions.py,315,except Exception as e:
broad_except,src/meta_learning/security/agent_permissions.py,443,except Exception as e:
broad_except,src/meta_learning/security/agent_permissions.py,467,except Exception as e:
broad_except,src/meta_learning/security/agent_permissions.py,497,except Exception as e:
broad_except,src/meta_learning/security/agent_permissions.py,507,except Exception as e:
broad_except,src/meta_learning/security/agent_permissions.py,542,except Exception as e:
return_none_empty,src/meta_learning/security/agent_permissions.py,158,"return None, f'No permission found for action: {action_type.value}'"
return_none_empty,src/meta_learning/security/agent_permissions.py,225,return None
return_none_empty,src/meta_learning/security/agent_permissions.py,324,return None
return_none_empty,src/meta_learning/security/agent_permissions.py,399,return None
return_none_empty,src/meta_learning/security/agent_permissions.py,407,return None
return_none_empty,src/meta_learning/security/agent_permissions.py,414,return None
return_none_empty,src/meta_learning/security/agent_permissions.py,422,return None
path_user_input,src/meta_learning/security/agent_permissions.py,100,"self.storage_path = Path(self.config.get('storage_path',"
path_user_input,src/meta_learning/security/agent_permissions.py,540,"with open(audit_file, 'w') as f:"
broad_except,src/meta_learning/security/constraint_engine.py,133,except Exception as e:
broad_except,src/meta_learning/security/constraint_engine.py,240,except Exception as e:
broad_except,src/meta_learning/security/constraint_engine.py,264,except Exception as e:
broad_except,src/meta_learning/security/constraint_engine.py,287,except Exception as e:
broad_except,src/meta_learning/security/constraint_engine.py,533,except Exception as e:
broad_except,src/meta_learning/awareness/context/manager.py,45,except Exception as e:
broad_except,src/meta_learning/awareness/context/scanner.py,24,except Exception as e:
return_none_empty,src/meta_learning/awareness/context/scanner.py,31,return []
broad_except,src/main/modes/backtest.py,39,except Exception as e:
broad_except,src/main/modes/backtest.py,100,except Exception as e:
broad_except,src/main/modes/backtest.py,126,except Exception as e:
broad_except,src/main/modes/monster_test.py,108,except Exception as e:
broad_except,src/main/modes/predict.py,75,except Exception as e:
broad_except,src/main/modes/train.py,57,except Exception as e:
target_col_in_feature,src/main/modes/training_data_pipeline.py,18,from src.targets.target_orchestrator import TargetOrchestrator
target_col_in_feature,src/main/modes/training_data_pipeline.py,53,target_orchestrator = TargetOrchestrator(targets_list=targets_list)
target_col_in_feature,src/main/modes/training_data_pipeline.py,54,targets_df = target_orchestrator.generate_targets(features_df)
target_col_in_feature,src/main/modes/training_data_pipeline.py,55,target_cols = [col for col in targets_df.columns if col.startswith('target_')]
target_col_in_feature,src/main/modes/training_data_pipeline.py,57,for col in target_cols:
broad_except,src/main/modes/training_data_pipeline.py,74,except Exception as e:
path_user_input,src/main/modes/training_data_pipeline.py,66,output_dir = Path(output_dir_str)
broad_except,src/main/modes/web_ui.py,45,except Exception as e:
broad_except,src/main/modes/web_ui.py,122,except Exception as e:
broad_except,src/main/modes/web_ui.py,134,except Exception as e:
broad_except,src/main/modes/web_ui.py,204,except Exception as e:
broad_except,src/main/modes/web_ui.py,228,except Exception as e:
return_none_empty,src/main/modes/web_ui.py,148,return None
broad_except,src/integrations/data/bigquery_client.py,61,except Exception as e:
broad_except,src/integrations/data/bigquery_client.py,83,except Exception as e:
broad_except,src/integrations/data/bigquery_client.py,157,except Exception as e:
broad_except,src/features/analysis/importance_stability_analyzer.py,104,except Exception as e:
broad_except,src/features/analysis/importance_stability_analyzer.py,155,except Exception as e:
broad_except,src/features/analysis/importance_stability_analyzer.py,229,except Exception as e:
broad_except,src/features/analysis/market_conditions_analyzer.py,85,except Exception as e:
broad_except,src/features/analysis/market_conditions_analyzer.py,102,except Exception as e:
broad_except,src/features/analysis/market_conditions_analyzer.py,117,except Exception as e:
broad_except,src/features/analysis/market_conditions_analyzer.py,143,except Exception as e:
broad_except,src/features/analysis/news_decay_modeler.py,118,except Exception as e:
broad_except,src/features/analysis/news_decay_modeler.py,166,except Exception as e:
broad_except,src/features/analysis/news_decay_modeler.py,199,except Exception as e:
broad_except,src/features/analysis/news_decay_modeler.py,262,except Exception as e:
broad_except,src/features/analysis/news_decay_modeler.py,277,except Exception as e:
broad_except,src/features/analysis/news_decay_modeler.py,327,except Exception as e:
broad_except,src/features/analysis/news_decay_modeler.py,346,except Exception as e:
return_none_empty,src/features/analysis/news_decay_modeler.py,354,return {}
path_user_input,src/features/analysis/news_decay_modeler.py,56,"self.storage_path = Path(self.config.get('storage_path', 'data/analysis/news_decay'))"
path_user_input,src/features/analysis/news_decay_modeler.py,272,"with open(filepath, 'w') as f:"
path_user_input,src/features/analysis/news_decay_modeler.py,315,with open(file_path) as f:
broad_except,src/features/analysis/regime_adapter.py,94,except Exception as e:
broad_except,src/features/analysis/regime_adapter.py,135,except Exception as e:
return_none_empty,src/features/analysis/regime_adapter.py,96,return []
broad_except,src/features/analysis/regime_importance_tracker.py,150,except Exception as e:
broad_except,src/features/analysis/regime_importance_tracker.py,161,except Exception as e:
broad_except,src/features/analysis/regime_importance_tracker.py,176,except Exception as e:
path_user_input,src/features/analysis/regime_importance_tracker.py,57,"self.storage_path = Path(self.config.get('storage_path', 'data/analysis/regime_importance'))"
path_user_input,src/features/analysis/regime_importance_tracker.py,170,"with open(filepath, 'w') as f:"
target_col_in_feature,src/features/builders/news_event_dataset_builder.py,159,"if isinstance(col, str) and col.startswith('target_'):"
broad_except,src/features/builders/news_event_dataset_builder.py,81,except Exception as e:
return_none_empty,src/features/builders/news_event_dataset_builder.py,104,return None
return_none_empty,src/features/builders/news_event_dataset_builder.py,112,return None
broad_except,src/features/enrichers/advanced_analytics_enricher.py,37,except Exception as e:
broad_except,src/features/enrichers/advanced_analytics_enricher.py,52,except Exception as e:
broad_except,src/features/enrichers/advanced_analytics_enricher.py,118,except Exception as e:
broad_except,src/features/enrichers/advanced_analytics_enricher.py,145,except Exception as e:
broad_except,src/features/enrichers/advanced_analytics_enricher.py,169,except Exception as e:
broad_except,src/features/enrichers/base.py,90,except Exception as e:
target_col_in_feature,src/features/enrichers/context_map_enricher.py,132,return [c for c in context_columns if not c.startswith('target_') and not c.startswith('state_') and c not in exclude]
broad_except,src/features/enrichers/context_map_enricher.py,65,except Exception as e:
return_none_empty,src/features/enrichers/context_map_enricher.py,117,return None
return_none_empty,src/features/enrichers/context_map_enricher.py,120,return None
path_user_input,src/features/enrichers/context_map_enricher.py,56,"config_path = Path(__file__).parent.parent.parent / ""config"" / ""noise_filter_config.yaml"""
path_user_input,src/features/enrichers/context_map_enricher.py,59,"with open(config_path, encoding='utf-8') as f:"
negative_shift,src/features/enrichers/derived_features_enricher.py,149,forward_price = price.shift(-p)
target_col_in_feature,src/features/enrichers/derived_features_enricher.py,17,"def __init__(self, target_column: str = 'close', returns_column: str = 'returns'):"
target_col_in_feature,src/features/enrichers/derived_features_enricher.py,36,self.target_column = target_column # Used for price-based features
target_col_in_feature,src/features/enrichers/derived_features_enricher.py,57,df: DataFrame with data. Must contain the target_column or returns_column.
target_col_in_feature,src/features/enrichers/derived_features_enricher.py,65,"price_target_col = self._resolve_price_target_column(df_enriched, kwargs.get('target_column', self.target_column))"
target_col_in_feature,src/features/enrichers/derived_features_enricher.py,66,if price_target_col:
target_col_in_feature,src/features/enrichers/derived_features_enricher.py,67,"self._add_price_based_features(df_enriched, price_target_col)"
target_col_in_feature,src/features/enrichers/derived_features_enricher.py,77,"def _resolve_price_target_column(self, df_enriched: pd.DataFrame, target_col: str) -> str | None:"
target_col_in_feature,src/features/enrichers/derived_features_enricher.py,79,"if not isinstance(target_col, str) or target_col not in df_enriched.columns:"
target_col_in_feature,src/features/enrichers/derived_features_enricher.py,80,# Fallback to 'close' if target_column is invalid
target_col_in_feature,src/features/enrichers/derived_features_enricher.py,82,return target_col
target_col_in_feature,src/features/enrichers/derived_features_enricher.py,84,"def _add_price_based_features(self, df_enriched: pd.DataFrame, price_target_col: str) -> None:"
target_col_in_feature,src/features/enrichers/derived_features_enricher.py,86,"logger.info(f""Generating price-based derived features on column '{price_target_col}'..."")"
target_col_in_feature,src/features/enrichers/derived_features_enricher.py,91,df_enriched[price_target_col]
target_col_in_feature,src/features/enrichers/derived_features_enricher.py,95,"logger.info(f""Calculated '{self.returns_column}' from '{price_target_col}'"")"
target_col_in_feature,src/features/enrichers/derived_features_enricher.py,99,"self._add_lags(df_enriched, price_target_col, self.config['lags'])"
target_col_in_feature,src/features/enrichers/derived_features_enricher.py,101,"self._add_velocity(df_enriched, price_target_col, self.config['velocity'])"
target_col_in_feature,src/features/enrichers/derived_features_enricher.py,103,"self._add_acceleration(df_enriched, price_target_col, self.config['acceleration'])"
target_col_in_feature,src/features/enrichers/derived_features_enricher.py,105,"self._add_rolling_stat(df_enriched, price_target_col, 'rolling_skew', self.config['rolling_skew'])"
target_col_in_feature,src/features/enrichers/derived_features_enricher.py,107,"self._add_rolling_stat(df_enriched, price_target_col, 'rolling_kurtosis', self.config['rolling_kurtosis'])"
target_col_in_feature,src/features/enrichers/derived_features_enricher.py,118,"def _add_lags(self, df: pd.DataFrame, target_col: str, lags: list[int]):"
target_col_in_feature,src/features/enrichers/derived_features_enricher.py,120,df[f'LAG_{lag}'] = df[target_col].shift(lag)
target_col_in_feature,src/features/enrichers/derived_features_enricher.py,122,"def _add_velocity(self, df: pd.DataFrame, target_col: str, periods: list[int]):"
target_col_in_feature,src/features/enrichers/derived_features_enricher.py,124,df[f'VELOCITY_{p}'] = df[target_col].diff(p)
target_col_in_feature,src/features/enrichers/derived_features_enricher.py,126,"def _add_acceleration(self, df: pd.DataFrame, target_col: str, periods: list[int]):"
target_col_in_feature,src/features/enrichers/derived_features_enricher.py,128,df[f'ACCELERATION_{p}'] = df[target_col].diff(p).diff(p)
target_col_in_feature,src/features/enrichers/derived_features_enricher.py,152,df[f'target_forward_return_{p}P'] = forward_returns
target_col_in_feature,src/features/enrichers/derived_features_enricher.py,157,df[f'target_forward_direction_{p}P'] = direction
broad_except,src/features/enrichers/hype_enricher.py,65,except Exception as e:
return_none_empty,src/features/enrichers/hype_enricher.py,100,return None
broad_except,src/features/enrichers/keyword_entity_enricher.py,35,except Exception as e:
broad_except,src/features/enrichers/keyword_entity_enricher.py,76,except Exception as e:
return_none_empty,src/features/enrichers/keyword_entity_enricher.py,108,return None
return_none_empty,src/features/enrichers/keyword_entity_enricher.py,118,return None
broad_except,src/features/enrichers/macro_features_enricher.py,82,except Exception as e:
broad_except,src/features/enrichers/macro_features_enricher.py,307,except Exception as e:
broad_except,src/features/enrichers/macro_features_enricher.py,349,except Exception as e:
path_user_input,src/features/enrichers/macro_features_enricher.py,40,self.cache_path = Path('./cache') / 'macro_data.parquet'
path_user_input,src/features/enrichers/macro_features_enricher.py,73,with open(params_path) as f:
broad_except,src/features/enrichers/market_context_enricher.py,91,except Exception as e:
broad_except,src/features/enrichers/news_impact_enricher.py,121,except Exception as e:
broad_except,src/features/enrichers/news_impact_enricher.py,285,except Exception as e:
broad_except,src/features/enrichers/news_impact_enricher.py,327,except Exception as e:
return_none_empty,src/features/enrichers/news_impact_enricher.py,134,return None
return_none_empty,src/features/enrichers/news_impact_enricher.py,145,return None
return_none_empty,src/features/enrichers/news_impact_enricher.py,155,return None
return_none_empty,src/features/enrichers/news_impact_enricher.py,176,return None
return_none_empty,src/features/enrichers/news_impact_enricher.py,296,return None
return_none_empty,src/features/enrichers/news_impact_enricher.py,306,return None
return_none_empty,src/features/enrichers/news_impact_enricher.py,370,return None
broad_except,src/features/enrichers/news_quality_enricher.py,65,except Exception as e:
return_none_empty,src/features/enrichers/news_quality_enricher.py,78,return None
broad_except,src/features/enrichers/nlp_features_enricher.py,76,except Exception as e:
return_none_empty,src/features/enrichers/nlp_features_enricher.py,159,return None
broad_except,src/features/enrichers/sentiment_features_enricher.py,282,except Exception as e:
return_none_empty,src/features/enrichers/sentiment_features_enricher.py,96,return None
return_none_empty,src/features/enrichers/sentiment_features_enricher.py,146,return None
return_none_empty,src/features/enrichers/sentiment_features_enricher.py,156,return None
fillna_zero,src/features/enrichers/technical_analysis_enricher.py,320,df_enriched['SHARPE_RATIO'] = sharpe.fillna(0.0)
fillna_zero,src/features/enrichers/technical_analysis_enricher.py,329,df_enriched['SORTINO_RATIO'] = sortino.fillna(0.0)
fillna_zero,src/features/enrichers/technical_analysis_enricher.py,348,"df_enriched['AUTOCORR'] = returns.rolling(window=window, min_periods=min_periods).corr(returns.shift(1)).fillna(0.0)"
fillna_zero,src/features/enrichers/technical_analysis_enricher.py,353,).fillna(0.5)
fillna_zero,src/features/enrichers/technical_analysis_enricher.py,356,"df_enriched['SKEWNESS'] = returns.rolling(window=window, min_periods=min_periods).skew().fillna(0.0)"
fillna_zero,src/features/enrichers/technical_analysis_enricher.py,359,"df_enriched['KURTOSIS'] = returns.rolling(window=window, min_periods=min_periods).kurt().fillna(0.0)"
broad_except,src/features/enrichers/technical_analysis_enricher.py,164,except Exception as e:
broad_except,src/features/enrichers/technical_analysis_enricher.py,190,except Exception as e:
broad_except,src/features/enrichers/technical_analysis_enricher.py,220,except Exception as e:
broad_except,src/features/enrichers/technical_analysis_enricher.py,224,except Exception as e:
broad_except,src/features/enrichers/technical_analysis_enricher.py,228,except Exception as e:
broad_except,src/features/enrichers/technical_analysis_enricher.py,232,except Exception as e:
broad_except,src/features/enrichers/technical_analysis_enricher.py,236,except Exception as e:
broad_except,src/features/enrichers/technical_analysis_enricher.py,240,except Exception as e:
broad_except,src/features/enrichers/technical_analysis_enricher.py,242,except Exception as e:
broad_except,src/features/enrichers/technical_analysis_enricher.py,299,except Exception as e:
broad_except,src/features/enrichers/technical_analysis_enricher.py,332,except Exception as e:
broad_except,src/features/enrichers/technical_analysis_enricher.py,362,except Exception as e:
broad_except,src/features/enrichers/technical_analysis_enricher.py,378,except Exception as e:
broad_except,src/features/enrichers/technical_analysis_enricher.py,398,except Exception:
broad_except,src/features/monitoring/feature_drift_detector.py,162,except Exception as e:
broad_except,src/features/monitoring/feature_drift_detector.py,202,except Exception as e:
path_user_input,src/features/monitoring/feature_drift_detector.py,47,self.output_dir = Path(output_dir)
path_user_input,src/features/monitoring/feature_drift_detector.py,222,"with open(json_path, 'w') as f:"
broad_except,src/features/nlp/deduplication_service.py,79,except Exception as e:
target_col_in_feature,src/features/selection/enhanced_smart_selector.py,61,"target_series: pd.Series,"
target_col_in_feature,src/features/selection/enhanced_smart_selector.py,93,"features_df, target_series"
target_col_in_feature,src/features/selection/enhanced_smart_selector.py,106,"clean_features, target_series, context_id,"
target_col_in_feature,src/features/selection/enhanced_smart_selector.py,152,"target_series: pd.Series,"
target_col_in_feature,src/features/selection/enhanced_smart_selector.py,160,"return await selector.select_with_full_analysis(features_df, target_series, context_id, **kwargs)"
broad_except,src/features/selection/enhanced_smart_selector.py,118,except Exception as e:
target_col_in_feature,src/features/selection/smart_selector.py,80,"def _pre_filter_data(self, features_df: pd.DataFrame, target_series: pd.Series, regime_context_id: str) -> pd.DataFrame | None:"
target_col_in_feature,src/features/selection/smart_selector.py,82,if target_series.std() < self.min_volatility:
target_col_in_feature,src/features/selection/smart_selector.py,93,"def _run_feature_selection_methods(self, features_clean: pd.DataFrame, target_series: pd.Series,"
target_col_in_feature,src/features/selection/smart_selector.py,101,"ranked_features = method_func(features_clean, target_series, is_classification)"
target_col_in_feature,src/features/selection/smart_selector.py,152,"def select(self, features_df: pd.DataFrame, target_series: pd.Series, context_id: str,"
target_col_in_feature,src/features/selection/smart_selector.py,160,target_series: Target series
target_col_in_feature,src/features/selection/smart_selector.py,161,"context_id: Context identifier (e.g., ""AMD_target_return_1d_mlp"")"
target_col_in_feature,src/features/selection/smart_selector.py,178,"features_clean = self._pre_filter_data(features_df, target_series, regime_context_id)"
target_col_in_feature,src/features/selection/smart_selector.py,183,"scores = self._run_feature_selection_methods(features_clean, target_series, is_classification, market_regime, regime_context_id)"
target_col_in_feature,src/features/selection/smart_selector.py,228,"def _correlation_filter(self, features_df, target_series, is_classification) -> pd.Series:"
target_col_in_feature,src/features/selection/smart_selector.py,230,"return features_df.apply(lambda x: x.corr(target_series, method=self.correlation_method)).abs().sort_values(ascending=False)"
target_col_in_feature,src/features/selection/smart_selector.py,232,"def _mutual_info_filter(self, features_df, target_series, is_classification) -> pd.Series:"
target_col_in_feature,src/features/selection/smart_selector.py,235,"mi = mi_func(features_df, target_series, random_state=self.mi_random_state)"
target_col_in_feature,src/features/selection/smart_selector.py,238,"def _lgbm_filter(self, features_df, target_series, is_classification) -> pd.Series | None:"
target_col_in_feature,src/features/selection/smart_selector.py,250,"model = lgb.train(params, lgb.Dataset(features_df, label=target_series),"
target_col_in_feature,src/features/selection/smart_selector.py,258,"def _random_forest_filter(self, features_df, target_series, is_classification) -> pd.Series | None:"
target_col_in_feature,src/features/selection/smart_selector.py,297,"model.fit(features_df, target_series)"
target_col_in_feature,src/features/selection/smart_selector.py,303,"def _variance_filter(self, features_df, target_series, is_classification) -> pd.Series | None:"
broad_except,src/features/selection/smart_selector.py,110,except Exception as e:
broad_except,src/features/selection/smart_selector.py,254,except Exception as e:
broad_except,src/features/selection/smart_selector.py,299,except Exception as e:
broad_except,src/features/selection/smart_selector.py,310,except Exception as e:
return_none_empty,src/features/selection/smart_selector.py,56,return {}
return_none_empty,src/features/selection/smart_selector.py,59,return {}
return_none_empty,src/features/selection/smart_selector.py,78,return None
return_none_empty,src/features/selection/smart_selector.py,84,return None
return_none_empty,src/features/selection/smart_selector.py,89,return None
return_none_empty,src/features/selection/smart_selector.py,118,"return [], 0.0"
return_none_empty,src/features/selection/smart_selector.py,180,return []
return_none_empty,src/features/selection/smart_selector.py,190,return []
return_none_empty,src/features/selection/smart_selector.py,244,return None
return_none_empty,src/features/selection/smart_selector.py,264,return None
path_user_input,src/features/selection/smart_selector.py,52,with open(self.storage_path) as f:
path_user_input,src/features/selection/smart_selector.py,64,"with open(self.storage_path, 'w') as f:"
target_col_in_feature,src/features/selection/volatility_driver_selector.py,29,"def select(self, df: pd.DataFrame, auxiliary_pool: list[str], target_col: str) -> list[str]:"
target_col_in_feature,src/features/selection/volatility_driver_selector.py,40,df[target_col]
target_col_in_feature,src/features/selection/volatility_driver_selector.py,44,".rename(""_target_volatility"")"
target_col_in_feature,src/features/selection/volatility_driver_selector.py,55,"y_vol = training_data[""_target_volatility""]"
broad_except,src/features/selection/volatility_driver_selector.py,75,except Exception as e:
return_none_empty,src/features/selection/volatility_driver_selector.py,36,return []
return_none_empty,src/features/selection/volatility_driver_selector.py,53,return []
return_none_empty,src/features/selection/volatility_driver_selector.py,64,return []
broad_except,src/features/utils/modular_adaptive_technical_indicators.py,80,except Exception as e:
broad_except,src/features/utils/modular_adaptive_technical_indicators.py,130,except Exception as e:
broad_except,src/features/utils/modular_adaptive_technical_indicators.py,174,except Exception as e:
broad_except,src/features/utils/modular_adaptive_technical_indicators.py,192,except Exception as e:
broad_except,src/features/utils/modular_adaptive_technical_indicators.py,246,except Exception as e:
broad_except,src/features/utils/modular_adaptive_technical_indicators.py,272,except Exception as e:
target_col_in_feature,src/features/validation/feature_leakage_guard.py,75,"None, target_cols: list[str] | None=None, ticker: str='unknown'"
target_col_in_feature,src/features/validation/feature_leakage_guard.py,83,target_cols: List of target columns. If None — columns with prefix 'target_'.
target_col_in_feature,src/features/validation/feature_leakage_guard.py,90,if target_cols is None:
target_col_in_feature,src/features/validation/feature_leakage_guard.py,91,target_cols = [c for c in df.columns if c.startswith('target_')]
target_col_in_feature,src/features/validation/feature_leakage_guard.py,94,target_cols)
target_col_in_feature,src/features/validation/feature_leakage_guard.py,96,if not target_cols:
target_col_in_feature,src/features/validation/feature_leakage_guard.py,105,"target_cols, ticker)"
target_col_in_feature,src/features/validation/feature_leakage_guard.py,140,"target_cols: list[str], ticker: str) ->dict[str, dict[str, float]]:"
target_col_in_feature,src/features/validation/feature_leakage_guard.py,143,Returns dict: {feature_col: {target_col: correlation}}.
target_col_in_feature,src/features/validation/feature_leakage_guard.py,148,numeric_targets = [c for c in target_cols if c in df.columns and pd
broad_except,src/features/validation/feature_leakage_guard.py,173,except Exception as e:
broad_except,src/features/validation/feature_leakage_guard.py,191,except Exception as e:
path_user_input,src/features/validation/feature_leakage_guard.py,70,self.report_dir = Path(report_dir) if report_dir else None
path_user_input,src/features/validation/feature_leakage_guard.py,187,"with open(report_path, 'w', encoding='utf-8') as f:"
fillna_zero,src/features/validation/redundancy_detector.py,209,features_clean = features_df.fillna(features_df.mean()).fillna(0)
fillna_zero,src/features/validation/redundancy_detector.py,210,correlation_matrix = features_clean.corr().abs().fillna(0)
fillna_zero,src/features/validation/redundancy_detector.py,286,X = X.fillna(X.mean()).fillna(0)
fillna_zero,src/features/validation/redundancy_detector.py,289,y = y.fillna(y.mean()).fillna(0)
target_col_in_feature,src/features/validation/redundancy_detector.py,92,"target_series: pd.Series | None = None) -> dict[str, Any]:"
target_col_in_feature,src/features/validation/redundancy_detector.py,98,"target_series: Target series (optional, for VIF calculation)"
target_col_in_feature,src/features/validation/redundancy_detector.py,141,if self.use_vif and target_series is not None:
target_col_in_feature,src/features/validation/redundancy_detector.py,142,"vif_results = self._calculate_vif_analysis(numeric_features, target_series)"
target_col_in_feature,src/features/validation/redundancy_detector.py,271,"target_series: pd.Series) -> dict[str, Any]:"
target_col_in_feature,src/features/validation/redundancy_detector.py,283,y = target_series.copy()
target_col_in_feature,src/features/validation/redundancy_detector.py,542,"target_series: pd.Series | None = None,"
target_col_in_feature,src/features/validation/redundancy_detector.py,549,"target_series: Target series (optional, for VIF calculation)"
target_col_in_feature,src/features/validation/redundancy_detector.py,556,"return detector.eliminate_redundant_features(features_df, target_series)"
broad_except,src/features/validation/redundancy_detector.py,168,except Exception as e:
broad_except,src/features/validation/redundancy_detector.py,265,except Exception as e:
broad_except,src/features/validation/redundancy_detector.py,328,except Exception as e:
broad_except,src/features/validation/redundancy_detector.py,405,except Exception as e:
broad_except,src/features/validation/redundancy_detector.py,444,except Exception as e:
heavy_import,src/features/nlp/extractors/entity_extractor.py,37,import spacy
broad_except,src/features/nlp/extractors/entity_extractor.py,83,except Exception as e:
broad_except,src/features/nlp/extractors/entity_extractor.py,100,except Exception as e:
return_none_empty,src/features/nlp/extractors/entity_extractor.py,49,return None
return_none_empty,src/features/nlp/extractors/entity_extractor.py,70,return []
return_none_empty,src/features/nlp/extractors/keyword_extractor.py,101,return []
return_none_empty,src/features/nlp/extractors/news_ticker_detector.py,96,return []
return_none_empty,src/features/nlp/extractors/news_ticker_detector.py,180,return None
heavy_import,src/features/nlp/models/finbert_pipeline.py,31,import torch
heavy_import,src/features/nlp/models/finbert_pipeline.py,32,"from transformers import AutoModelForSequenceClassification, AutoTokenizer, pipeline"
broad_except,src/features/nlp/models/finbert_pipeline.py,52,except Exception as e:
heavy_import,src/features/nlp/models/roberta_sentiment.py,4,import torch
heavy_import,src/features/nlp/models/roberta_sentiment.py,5,"from transformers import AutoModelForSequenceClassification, AutoTokenizer"
broad_except,src/features/nlp/models/roberta_sentiment.py,58,except Exception as e:
broad_except,src/features/nlp/models/roberta_sentiment.py,83,except Exception as e:
broad_except,src/features/nlp/models/roberta_sentiment.py,104,except Exception as e:
heavy_import,src/features/nlp/models/sentiment_core.py,5,from transformers import AutoModelForSequenceClassification
broad_except,src/features/nlp/processors/news_analyzer.py,81,except Exception as e:
broad_except,src/features/nlp/processors/news_harmonizer.py,16,except Exception as e:
broad_except,src/features/nlp/processors/news_processing.py,40,except Exception as e:
broad_except,src/features/nlp/processors/news_processing.py,86,except Exception as e:
broad_except,src/features/nlp/processors/news_processing.py,112,except Exception as e:
return_none_empty,src/features/nlp/scoring/keyword_features.py,30,return []
heavy_import,src/features/nlp/scoring/summarizer.py,7,import torch
heavy_import,src/features/nlp/scoring/summarizer.py,8,"from transformers import Pipeline, pipeline"
broad_except,src/features/nlp/scoring/summarizer.py,71,except Exception as e:
broad_except,src/features/nlp/scoring/summarizer.py,128,except Exception as e:
return_none_empty,src/features/builders/news_event/candle_seeker.py,32,return []
return_none_empty,src/features/builders/news_event/candle_seeker.py,48,return []
return_none_empty,src/features/builders/news_event/candle_seeker.py,57,return []
return_none_empty,src/features/builders/news_event/candle_seeker.py,73,return []
return_none_empty,src/features/builders/news_event/candle_seeker.py,100,return None
return_none_empty,src/features/builders/news_event/enricher.py,38,return {}
return_none_empty,src/features/builders/news_event/enricher.py,44,return {}
return_none_empty,src/features/builders/news_event/enricher.py,62,return {}
return_none_empty,src/features/builders/news_event/filter.py,38,return None
broad_except,src/features/analysis/decay/decay_model_fitter.py,61,except Exception as e:
broad_except,src/features/analysis/decay/decay_model_fitter.py,93,except Exception as e:
return_none_empty,src/features/analysis/decay/decay_model_fitter.py,138,return None
broad_except,src/features/analysis/decay/decay_predictor.py,100,except Exception as e:
broad_except,src/data/collectors/aaii_sentiment_collector.py,62,except Exception as e:  # audit-ignore: BROAD_EXCEPTION_SILENT_RETURN
broad_except,src/data/collectors/aaii_sentiment_collector.py,94,except Exception as e:  # audit-ignore: BROAD_EXCEPTION_SILENT_RETURN
broad_except,src/data/collectors/aaii_sentiment_collector.py,108,except Exception as e:  # audit-ignore: BROAD_EXCEPTION_SILENT_RETURN
broad_except,src/data/collectors/aaii_sentiment_collector.py,137,except Exception as e:
broad_except,src/data/collectors/aaii_sentiment_collector.py,165,except Exception as e:
return_none_empty,src/data/collectors/aaii_sentiment_collector.py,43,return None
return_none_empty,src/data/collectors/aaii_sentiment_collector.py,48,return None
return_none_empty,src/data/collectors/aaii_sentiment_collector.py,52,return None
return_none_empty,src/data/collectors/aaii_sentiment_collector.py,64,return None
return_none_empty,src/data/collectors/aaii_sentiment_collector.py,80,return []
return_none_empty,src/data/collectors/aaii_sentiment_collector.py,83,return []
return_none_empty,src/data/collectors/aaii_sentiment_collector.py,88,return []
return_none_empty,src/data/collectors/aaii_sentiment_collector.py,92,return []
return_none_empty,src/data/collectors/aaii_sentiment_collector.py,96,return []
return_none_empty,src/data/collectors/aaii_sentiment_collector.py,106,return []
return_none_empty,src/data/collectors/aaii_sentiment_collector.py,110,return []
broad_except,src/data/collectors/alternative_me_collector.py,69,except Exception as e:
broad_except,src/data/collectors/alternative_me_collector.py,114,except Exception as e:
broad_except,src/data/collectors/alternative_me_collector.py,140,except Exception as e:
broad_except,src/data/collectors/alternative_me_collector.py,166,except Exception as e:
return_none_empty,src/data/collectors/alternative_me_collector.py,44,return None
return_none_empty,src/data/collectors/alternative_me_collector.py,52,return None
return_none_empty,src/data/collectors/alternative_me_collector.py,58,return None
return_none_empty,src/data/collectors/alternative_me_collector.py,86,return []
return_none_empty,src/data/collectors/alternative_me_collector.py,89,return []
return_none_empty,src/data/collectors/alternative_me_collector.py,99,return []
return_none_empty,src/data/collectors/alternative_me_collector.py,110,return []
broad_except,src/data/collectors/bigquery_collector.py,47,except Exception as e:  # audit-ignore: BROAD_EXCEPTION_SILENT_RETURN
broad_except,src/data/collectors/bigquery_collector.py,63,except Exception as e:
return_none_empty,src/data/collectors/bigquery_collector.py,32,return []
return_none_empty,src/data/collectors/bigquery_collector.py,42,return []
broad_except,src/data/collectors/cftc_collector.py,83,except Exception as e:
broad_except,src/data/collectors/cftc_collector.py,145,except Exception as e:  # audit-ignore: EXCEPTION_FALLS_BACK_TO_SAMPLE_DATA
broad_except,src/data/collectors/cftc_collector.py,225,except Exception as e:  # audit-ignore: EXCEPTION_FALLS_BACK_TO_SAMPLE_DATA
broad_except,src/data/collectors/cftc_collector.py,310,except Exception as e:
return_none_empty,src/data/collectors/cftc_collector.py,43,return None
return_none_empty,src/data/collectors/cftc_collector.py,59,return None
return_none_empty,src/data/collectors/cftc_collector.py,66,return None
return_none_empty,src/data/collectors/cftc_collector.py,108,return []
return_none_empty,src/data/collectors/cftc_collector.py,121,return []
return_none_empty,src/data/collectors/cftc_collector.py,124,return []
return_none_empty,src/data/collectors/cftc_collector.py,130,return []
return_none_empty,src/data/collectors/cftc_collector.py,140,return []
broad_except,src/data/collectors/collector_factory.py,32,except Exception as e:
broad_except,src/data/collectors/collector_factory.py,64,except Exception as e:
broad_except,src/data/collectors/collector_factory.py,88,except Exception as e:
return_none_empty,src/data/collectors/collector_factory.py,75,return None
return_none_empty,src/data/collectors/collector_factory.py,82,return None
broad_except,src/data/collectors/custom_csv_collector.py,45,except Exception as e:  # audit-ignore: BROAD_EXCEPTION_SILENT_RETURN
return_none_empty,src/data/collectors/custom_csv_collector.py,30,return []
path_user_input,src/data/collectors/custom_csv_collector.py,55,"with open(file_path, encoding=encoding) as infile:"
broad_except,src/data/collectors/economic_calendar_collector.py,103,except Exception as e:  # audit-ignore: BROAD_EXCEPTION_SILENT_RETURN
broad_except,src/data/collectors/economic_calendar_collector.py,156,except Exception as e:  # audit-ignore: BROAD_EXCEPTION_SILENT_RETURN
return_none_empty,src/data/collectors/economic_calendar_collector.py,45,return None
return_none_empty,src/data/collectors/economic_calendar_collector.py,49,return None
return_none_empty,src/data/collectors/economic_calendar_collector.py,62,return None
return_none_empty,src/data/collectors/economic_calendar_collector.py,78,return []
return_none_empty,src/data/collectors/economic_calendar_collector.py,84,return []
return_none_empty,src/data/collectors/economic_calendar_collector.py,97,return []
return_none_empty,src/data/collectors/economic_calendar_collector.py,133,return []
return_none_empty,src/data/collectors/economic_calendar_collector.py,144,return []
return_none_empty,src/data/collectors/economic_calendar_collector.py,160,return []
broad_except,src/data/collectors/fear_greed_collector.py,62,except Exception as e:  # audit-ignore: BROAD_EXCEPTION_SILENT_RETURN
broad_except,src/data/collectors/fear_greed_collector.py,103,except Exception as e:
broad_except,src/data/collectors/fear_greed_collector.py,109,except Exception as e:  # audit-ignore: BROAD_EXCEPTION_SILENT_RETURN
broad_except,src/data/collectors/fear_greed_collector.py,137,except Exception as e:
return_none_empty,src/data/collectors/fear_greed_collector.py,42,return None
return_none_empty,src/data/collectors/fear_greed_collector.py,48,return None
return_none_empty,src/data/collectors/fear_greed_collector.py,52,return None
return_none_empty,src/data/collectors/fear_greed_collector.py,64,return None
return_none_empty,src/data/collectors/fear_greed_collector.py,81,return []
return_none_empty,src/data/collectors/fear_greed_collector.py,86,return []
return_none_empty,src/data/collectors/fear_greed_collector.py,92,return []
return_none_empty,src/data/collectors/fear_greed_collector.py,112,return []
broad_except,src/data/collectors/fred_collector.py,115,except Exception as e:
return_none_empty,src/data/collectors/fred_collector.py,50,return None
return_none_empty,src/data/collectors/fred_collector.py,55,return None
return_none_empty,src/data/collectors/fred_collector.py,70,return None
return_none_empty,src/data/collectors/fred_collector.py,81,return None
return_none_empty,src/data/collectors/fred_collector.py,93,return None
broad_except,src/data/collectors/free_google_trends_collector.py,38,except Exception as e:
broad_except,src/data/collectors/free_google_trends_collector.py,70,except Exception as e:
broad_except,src/data/collectors/free_google_trends_collector.py,104,except Exception as e:
return_none_empty,src/data/collectors/free_google_trends_collector.py,52,return []
return_none_empty,src/data/collectors/free_google_trends_collector.py,96,return []
broad_except,src/data/collectors/google_news_collector.py,202,except Exception as e:
return_none_empty,src/data/collectors/google_news_collector.py,77,return None
return_none_empty,src/data/collectors/google_news_collector.py,94,return None
return_none_empty,src/data/collectors/google_news_collector.py,109,return None
return_none_empty,src/data/collectors/google_news_collector.py,128,return None
return_none_empty,src/data/collectors/google_news_collector.py,150,return None
return_none_empty,src/data/collectors/google_news_collector.py,160,return None
return_none_empty,src/data/collectors/google_news_collector.py,190,return []
return_none_empty,src/data/collectors/google_news_collector.py,201,return []
return_none_empty,src/data/collectors/google_news_collector.py,209,return None
return_none_empty,src/data/collectors/google_news_collector.py,217,return None
broad_except,src/data/collectors/huggingface_collector.py,48,except Exception as e:
broad_except,src/data/collectors/huggingface_collector.py,104,except Exception as e:
broad_except,src/data/collectors/huggingface_collector.py,113,except Exception as e:  # audit-ignore: BROAD_EXCEPTION_SILENT_RETURN
return_none_empty,src/data/collectors/huggingface_collector.py,43,return None
return_none_empty,src/data/collectors/huggingface_collector.py,54,return None
return_none_empty,src/data/collectors/huggingface_collector.py,71,return None
return_none_empty,src/data/collectors/huggingface_collector.py,91,return []
return_none_empty,src/data/collectors/huggingface_collector.py,117,return []
broad_except,src/data/collectors/insider_collector.py,70,except Exception as e:
broad_except,src/data/collectors/insider_collector.py,92,except Exception as e:
broad_except,src/data/collectors/insider_collector.py,112,except Exception as e:
broad_except,src/data/collectors/insider_collector.py,187,except Exception as e:
return_none_empty,src/data/collectors/insider_collector.py,45,return []
return_none_empty,src/data/collectors/insider_collector.py,127,return []
return_none_empty,src/data/collectors/insider_collector.py,166,return None
return_none_empty,src/data/collectors/insider_collector.py,180,return None
return_none_empty,src/data/collectors/insider_collector.py,193,return None
return_none_empty,src/data/collectors/insider_collector.py,211,return None
return_none_empty,src/data/collectors/insider_collector.py,220,return None
broad_except,src/data/collectors/local_file_collector.py,70,except Exception as e:
return_none_empty,src/data/collectors/local_file_collector.py,47,return []
return_none_empty,src/data/collectors/local_file_collector.py,60,return []
return_none_empty,src/data/collectors/local_file_collector.py,69,return []
broad_except,src/data/collectors/market_data_collector.py,52,except Exception as e:
return_none_empty,src/data/collectors/market_data_collector.py,57,return None
broad_except,src/data/collectors/newsapi_collector.py,195,except Exception as e:
return_none_empty,src/data/collectors/newsapi_collector.py,65,return None
return_none_empty,src/data/collectors/newsapi_collector.py,73,return None
return_none_empty,src/data/collectors/newsapi_collector.py,97,return None
return_none_empty,src/data/collectors/newsapi_collector.py,120,return None
return_none_empty,src/data/collectors/newsapi_collector.py,142,return None
return_none_empty,src/data/collectors/newsapi_collector.py,153,return None
broad_except,src/data/collectors/put_call_ratio_collector.py,75,except Exception as e:
broad_except,src/data/collectors/put_call_ratio_collector.py,167,except Exception as e:  # audit-ignore: EXCEPTION_FALLS_BACK_TO_SAMPLE_DATA
broad_except,src/data/collectors/put_call_ratio_collector.py,250,except Exception as e:
return_none_empty,src/data/collectors/put_call_ratio_collector.py,43,return None
return_none_empty,src/data/collectors/put_call_ratio_collector.py,51,return None
return_none_empty,src/data/collectors/put_call_ratio_collector.py,58,return None
return_none_empty,src/data/collectors/put_call_ratio_collector.py,91,return []
return_none_empty,src/data/collectors/put_call_ratio_collector.py,94,return []
return_none_empty,src/data/collectors/put_call_ratio_collector.py,100,return []
broad_except,src/data/collectors/reddit_sentiment_collector.py,78,except Exception as e:
broad_except,src/data/collectors/reddit_sentiment_collector.py,163,except Exception as e:
broad_except,src/data/collectors/reddit_sentiment_collector.py,198,except Exception as e:
return_none_empty,src/data/collectors/reddit_sentiment_collector.py,46,return None
return_none_empty,src/data/collectors/reddit_sentiment_collector.py,54,return None
return_none_empty,src/data/collectors/reddit_sentiment_collector.py,61,return None
return_none_empty,src/data/collectors/reddit_sentiment_collector.py,97,return []
broad_except,src/data/collectors/rss_collector.py,172,except Exception as exc:
broad_except,src/data/collectors/rss_collector.py,188,except Exception as exc:
return_none_empty,src/data/collectors/rss_collector.py,84,return None
return_none_empty,src/data/collectors/rss_collector.py,96,return None
return_none_empty,src/data/collectors/rss_collector.py,118,return None
return_none_empty,src/data/collectors/rss_collector.py,129,return None
return_none_empty,src/data/collectors/rss_collector.py,134,return None
return_none_empty,src/data/collectors/rss_collector.py,171,return []
return_none_empty,src/data/collectors/rss_collector.py,187,return []
return_none_empty,src/data/collectors/rss_collector.py,217,return None
return_none_empty,src/data/collectors/rss_collector.py,221,return None
return_none_empty,src/data/collectors/rss_collector.py,224,return None
return_none_empty,src/data/collectors/rss_collector.py,229,return None
broad_except,src/data/collectors/sec_filings_collector.py,58,except Exception as e:
broad_except,src/data/collectors/sec_filings_collector.py,204,except Exception as e:
return_none_empty,src/data/collectors/sec_filings_collector.py,75,return None
return_none_empty,src/data/collectors/sec_filings_collector.py,94,return None
return_none_empty,src/data/collectors/sec_filings_collector.py,107,return None
return_none_empty,src/data/collectors/sec_filings_collector.py,128,return None
return_none_empty,src/data/collectors/sec_filings_collector.py,151,return None
return_none_empty,src/data/collectors/sec_filings_collector.py,181,return []
broad_except,src/data/collectors/vix_collector.py,27,except Exception as e:
broad_except,src/data/collectors/vix_collector.py,93,except Exception as e:
broad_except,src/data/collectors/vix_collector.py,162,except Exception as e:
broad_except,src/data/collectors/vix_collector.py,199,except Exception as e:
return_none_empty,src/data/collectors/vix_collector.py,61,return None
return_none_empty,src/data/collectors/vix_collector.py,69,return None
return_none_empty,src/data/collectors/vix_collector.py,76,return None
return_none_empty,src/data/collectors/vix_collector.py,112,return []
path_user_input,src/data/collectors/vix_collector.py,20,"cache_dir = Path(""data/cache/yfinance"").resolve()"
broad_except,src/data/collectors/yf_collector.py,27,except Exception as e:
return_none_empty,src/data/collectors/yf_collector.py,51,return []
return_none_empty,src/data/collectors/yf_collector.py,73,return []
return_none_empty,src/data/collectors/yf_collector.py,117,return []
return_none_empty,src/data/collectors/yf_collector.py,126,return []
return_none_empty,src/data/collectors/yf_collector.py,146,return None
return_none_empty,src/data/collectors/yf_collector.py,189,return []
path_user_input,src/data/collectors/yf_collector.py,20,"cache_dir = Path(""data/cache/yfinance"").resolve()"
broad_except,src/data/management/data_manager.py,75,except Exception as e:
broad_except,src/data/management/data_manager.py,92,except Exception as e:
broad_except,src/data/management/data_manager.py,122,except Exception as e:
broad_except,src/data/management/data_manager.py,132,except Exception as e:
broad_except,src/data/management/data_manager.py,148,except Exception as e:
broad_except,src/data/management/data_manager.py,196,except Exception as e:
broad_except,src/data/management/data_manager.py,204,except Exception as e:
broad_except,src/data/management/data_manager.py,238,except Exception as e:
broad_except,src/data/management/data_manager.py,376,except Exception as e:
broad_except,src/data/management/data_manager.py,499,except Exception as idx_e:
broad_except,src/data/management/data_manager.py,520,except Exception as clean_e:
broad_except,src/data/management/data_manager.py,540,except Exception as check_e:
return_none_empty,src/data/management/data_manager.py,275,return []
broad_except,src/data/management/data_versioning.py,36,except Exception as e:
broad_except,src/data/management/data_versioning.py,48,except Exception as e:
broad_except,src/data/management/data_versioning.py,58,except Exception as e:
broad_except,src/data/management/data_versioning.py,218,except Exception as e:
return_none_empty,src/data/management/data_versioning.py,41,return {}
return_none_empty,src/data/management/data_versioning.py,91,return {}
path_user_input,src/data/management/data_versioning.py,21,self.version_dir = Path(version_dir)
path_user_input,src/data/management/data_versioning.py,34,with open(self.metadata_file) as f:
path_user_input,src/data/management/data_versioning.py,46,"with open(self.metadata_file, 'w') as f:"
path_user_input,src/data/management/data_versioning.py,56,"with open(file_path, 'rb') as f:"
path_user_input,src/data/management/data_versioning.py,88,file_path = Path(file_path)
path_user_input,src/data/management/data_versioning.py,116,file_path = Path(file_path)
path_user_input,src/data/management/data_versioning.py,204,file_path = Path(file_info['file_key'])
path_user_input,src/data/management/data_versioning.py,241,file_path = Path(file_path)
broad_except,src/data/quality/data_freshness_checker.py,86,except Exception as e:
broad_except,src/data/quality/temporal_alignment_checker.py,168,except Exception as e:
negative_shift,src/data/synthetic/data_generator.py,136,targets['return_1h'] = (close_prices.shift(-1) / close_prices) - 1  # audit-ignore: NEGATIVE_SHIFT_LOOKAHEAD
negative_shift,src/data/synthetic/data_generator.py,137,targets['return_4h'] = (close_prices.shift(-4) / close_prices) - 1  # audit-ignore: NEGATIVE_SHIFT_LOOKAHEAD
negative_shift,src/data/synthetic/data_generator.py,138,targets['return_24h'] = (close_prices.shift(-24) / close_prices) - 1  # audit-ignore: NEGATIVE_SHIFT_LOOKAHEAD
negative_shift,src/data/synthetic/data_generator.py,150,future_1h_returns = close_prices.pct_change(fill_method=None).shift(-1)  # audit-ignore: NEGATIVE_SHIFT_LOOKAHEAD
target_col_in_feature,src/data/validation/event_dataset_validator.py,23,self.target_prefix = 'target_'
target_col_in_feature,src/data/validation/event_dataset_validator.py,37,issues.extend(self._check_target_columns(df))
target_col_in_feature,src/data/validation/event_dataset_validator.py,42,.startswith('Missing') or i.startswith('No target_')]) == 0
target_col_in_feature,src/data/validation/event_dataset_validator.py,48,"int(len(df)), 'columns': int(len(df.columns)), 'target_columns':"
target_col_in_feature,src/data/validation/event_dataset_validator.py,50,"target_prefix)]), 'missing_required': len([c for c in self."
target_col_in_feature,src/data/validation/event_dataset_validator.py,87,"def _check_target_columns(self, df: pd.DataFrame) ->list[str]:"
target_col_in_feature,src/data/validation/event_dataset_validator.py,88,target_cols = [col for col in df.columns if col.lower().startswith(
target_col_in_feature,src/data/validation/event_dataset_validator.py,89,self.target_prefix)]
target_col_in_feature,src/data/validation/event_dataset_validator.py,90,if not target_cols:
target_col_in_feature,src/data/validation/event_dataset_validator.py,91,return ['CRITICAL: No target_* columns found in event dataset.']
target_col_in_feature,src/data/validation/event_dataset_validator.py,92,if df[target_cols].isna().all(axis=None):
target_col_in_feature,src/data/validation/event_dataset_validator.py,93,return ['CRITICAL: All target_* values are missing.']
broad_except,src/data/validation/event_dataset_validator.py,66,except Exception as e:
return_none_empty,src/data/validation/event_dataset_validator.py,85,return []
return_none_empty,src/data/validation/event_dataset_validator.py,94,return []
return_none_empty,src/data/validation/event_dataset_validator.py,103,return []
broad_except,src/data/management/connectors/bigquery_connector.py,33,except Exception as e:
broad_except,src/data/management/connectors/bigquery_connector.py,53,except Exception as e:
broad_except,src/data/management/connectors/bigquery_connector.py,102,except Exception as e:
broad_except,src/data/management/handlers/connection_handler.py,28,except Exception as e:
broad_except,src/data/management/handlers/connection_handler.py,45,except Exception as e:
broad_except,src/data/management/handlers/connection_handler.py,66,except Exception as e:
broad_except,src/data/management/handlers/connection_handler.py,78,except Exception:
broad_except,src/data/management/handlers/connection_handler.py,91,except Exception as e:
broad_except,src/core/cache/cache_manager.py,78,except Exception as e:
broad_except,src/core/cache/cache_manager.py,150,except Exception as e:
broad_except,src/core/cache/cache_manager.py,193,except Exception as e:
broad_except,src/core/cache/cache_manager.py,213,except Exception as e:
broad_except,src/core/cache/cache_manager.py,243,except Exception as e:
broad_except,src/core/cache/cache_manager.py,298,except Exception as e:
broad_except,src/core/cache/cache_manager.py,303,except Exception as e:
return_none_empty,src/core/cache/cache_manager.py,126,return None
return_none_empty,src/core/cache/cache_manager.py,131,return None
return_none_empty,src/core/cache/cache_manager.py,153,return None
pickle_joblib_load,src/core/cache/cache_manager.py,143,value = pickle.load(f)
path_user_input,src/core/cache/cache_manager.py,27,"self.cache_dir = Path(cache_dir) if cache_dir else Path(temp_path) / ""unified_cache"""
path_user_input,src/core/cache/cache_manager.py,142,"with open(pkl_file, 'rb') as f:"
path_user_input,src/core/cache/cache_manager.py,178,"with open(self.cache_dir / f""{cache_key}.pkl"", 'wb') as f:"
broad_except,src/core/cache/object_cache.py,74,except Exception as e:
return_none_empty,src/core/cache/object_cache.py,42,return None
return_none_empty,src/core/cache/object_cache.py,48,return None
return_none_empty,src/core/cache/object_cache.py,58,return None
pickle_joblib_load,src/core/cache/object_cache.py,52,obj = pickle.load(f)
path_user_input,src/core/cache/object_cache.py,19,self.cache_dir = Path(cache_dir)
path_user_input,src/core/cache/object_cache.py,51,"with open(cache_file, ""rb"") as f:"
path_user_input,src/core/cache/object_cache.py,71,"with open(cache_file, ""wb"") as f:"
broad_except,src/core/cache/query_cache.py,53,except Exception as e:
broad_except,src/core/cache/query_cache.py,75,except Exception as e:
return_none_empty,src/core/cache/query_cache.py,40,return None
return_none_empty,src/core/cache/query_cache.py,47,return None
return_none_empty,src/core/cache/query_cache.py,56,return None
path_user_input,src/core/cache/query_cache.py,18,self.cache_dir = Path(cache_dir)
broad_except,src/core/cloud/gcs_manager.py,36,except Exception as e:
broad_except,src/core/cloud/gcs_manager.py,58,except Exception as e:
broad_except,src/core/cloud/gcs_manager.py,78,except Exception as e:
broad_except,src/core/cloud/gcs_manager.py,97,except Exception as e:
broad_except,src/core/cloud/gcs_manager.py,108,except Exception as e:
broad_except,src/core/cloud/gcs_manager.py,121,except Exception as e:
return_none_empty,src/core/cloud/gcs_manager.py,131,return None
return_none_empty,src/core/cloud/gcs_manager.py,144,return None
path_user_input,src/core/cloud/gcs_manager.py,92,"Path(destination_file_path).parent.mkdir(parents=True, exist_ok"
broad_except,src/core/error_handling/error_handler.py,91,except Exception as e:
broad_except,src/core/error_handling/error_handler.py,233,except Exception as e:
broad_except,src/core/error_handling/error_handler.py,256,except Exception as e:
broad_except,src/core/file_management/file_manager.py,58,except Exception as e:
broad_except,src/core/file_management/file_manager.py,80,except Exception as e:
broad_except,src/core/file_management/file_manager.py,100,except Exception as e:
broad_except,src/core/file_management/file_manager.py,120,except Exception as e:
broad_except,src/core/file_management/file_manager.py,140,except Exception as e:
broad_except,src/core/file_management/file_manager.py,173,except Exception as e:
broad_except,src/core/file_management/file_manager.py,225,except Exception as e:
broad_except,src/core/file_management/file_manager.py,248,except Exception as e:
return_none_empty,src/core/file_management/file_manager.py,94,return None
return_none_empty,src/core/file_management/file_manager.py,134,return None
return_none_empty,src/core/file_management/file_manager.py,213,return None
path_user_input,src/core/file_management/file_manager.py,22,self.base_dir = Path(base_dir).resolve() if base_dir else Path.cwd().resolve()
path_user_input,src/core/file_management/file_manager.py,72,"with open(p, 'w', encoding='utf-8') as f:"
path_user_input,src/core/file_management/file_manager.py,77,"with open(p, encoding='utf-8') as f:"
path_user_input,src/core/file_management/file_manager.py,96,"with open(path, encoding='utf-8') as f:"
path_user_input,src/core/file_management/file_manager.py,112,"with open(p, 'w', encoding='utf-8') as f:"
path_user_input,src/core/file_management/file_manager.py,117,"with open(p, encoding='utf-8') as f:"
path_user_input,src/core/file_management/file_manager.py,136,"with open(path, encoding='utf-8') as f:"
path_user_input,src/core/file_management/file_manager.py,169,"pd.read_csv(path, nrows=1)"
path_user_input,src/core/file_management/file_manager.py,171,"pd.read_json(path, nrows=1)"
path_user_input,src/core/file_management/file_manager.py,218,"df = pd.read_csv(path, **kwargs)"
path_user_input,src/core/file_management/file_manager.py,220,"df = pd.read_json(path, **kwargs)"
broad_except,src/core/logging/exception_decorator.py,17,except Exception as e:
broad_except,src/core/logging/logger.py,62,except Exception as e:
path_user_input,src/core/logging/logger.py,30,_log_dir = Path('logs')
path_user_input,src/core/logging/logger.py,50,return Path(default_path)
path_user_input,src/core/logging/logger.py,57,return Path(path_str)
path_user_input,src/core/logging/logger.py,66,return Path(default_path)
path_user_input,src/core/logging/logger.py,79,"with open(ProjectLogger._market_movers_csv, 'a',"
path_user_input,src/core/logging/logger.py,142,"with open(ProjectLogger._market_movers_csv, 'w', newline='',"
broad_except,src/core/logging/notifier.py,84,except Exception as e:
broad_except,src/core/logging/notifier.py,109,except Exception as e:
path_user_input,src/core/logging/notifier.py,74,"data.add_field('photo', await aiofiles.open(image_path, 'rb').read())"
path_user_input,src/core/logging/notifier.py,100,"data.add_field('file', await aiofiles.open(image_path, 'rb').read(), filename=Path(image_path).name)"
broad_except,src/core/monitoring/memory_profiler.py,193,except Exception as e:
broad_except,src/core/monitoring/memory_profiler.py,211,except Exception as e:
target_col_in_feature,src/core/security/path_validator.py,31,target_path = Path(path).resolve()
target_col_in_feature,src/core/security/path_validator.py,33,if not allow_symlinks and target_path.is_symlink():
target_col_in_feature,src/core/security/path_validator.py,37,if not str(target_path).startswith(str(base_path)):
target_col_in_feature,src/core/security/path_validator.py,39,"f""Path '{target_path}' is outside authorized base directory '{base_path}'"""
target_col_in_feature,src/core/security/path_validator.py,42,return target_path
path_user_input,src/core/security/path_validator.py,30,base_path = Path(base_dir).resolve()
path_user_input,src/core/security/path_validator.py,31,target_path = Path(path).resolve()
target_col_in_feature,src/core/security/secure_secrets_manager.py,273,"target_patterns = [""API"", ""KEY"", ""TOKEN"", ""SECRET"", ""PASSWORD"", ""URL"", ""DATABASE""]"
target_col_in_feature,src/core/security/secure_secrets_manager.py,277,is_security_related = any(p in key.upper() for p in target_patterns)
broad_except,src/core/security/secure_secrets_manager.py,112,except Exception as e:
return_none_empty,src/core/security/secure_secrets_manager.py,35,return []
return_none_empty,src/core/security/secure_secrets_manager.py,42,return []
return_none_empty,src/core/security/secure_secrets_manager.py,49,return []  # audit-ignore: BROAD_EXCEPTION_SILENT_RETURN
path_user_input,src/core/security/secure_secrets_manager.py,95,"with open(found_path, encoding=""utf-8"") as f:"
path_user_input,src/core/security/secure_secrets_manager.py,164,"with open(safe_path, 'rb') as f:"
path_user_input,src/core/security/secure_secrets_manager.py,211,"with open(safe_output_path, 'wb') as f:"
broad_except,src/core/system/archive_manager.py,58,except Exception as e:
return_none_empty,src/core/system/archive_manager.py,27,return None
broad_except,src/core/system/batch_processor.py,181,except Exception as e:
broad_except,src/core/system/batch_processor.py,205,except Exception as e:
broad_except,src/core/system/batch_processor.py,223,except Exception as e:
return_none_empty,src/core/system/batch_processor.py,65,return []
path_user_input,src/core/system/batch_processor.py,42,self.cache_dir = cache_dir or Path('cache/batch')
path_user_input,src/core/system/batch_processor.py,43,self.results_dir = results_dir or Path('results/batch')
path_user_input,src/core/system/batch_processor.py,234,"with open(results_file, 'w', encoding='utf-8') as f:"
broad_except,src/core/system/connection_registry.py,43,except Exception as e:
path_user_input,src/core/system/connection_registry.py,10,def _logging_streams_open() -> bool:
path_user_input,src/core/system/connection_registry.py,41,if _logging_streams_open():
path_user_input,src/core/system/connection_registry.py,44,if _logging_streams_open():
target_col_in_feature,src/core/system/version_manager.py,130,target_version = version or self.current_version
target_col_in_feature,src/core/system/version_manager.py,132,if v.version == target_version:
target_col_in_feature,src/core/system/version_manager.py,144,target_version = to_version or self.current_version
target_col_in_feature,src/core/system/version_manager.py,152,"if v.version == target_version),"
broad_except,src/core/system/version_manager.py,63,except Exception as e:
broad_except,src/core/system/version_manager.py,77,except Exception as e:
return_none_empty,src/core/system/version_manager.py,134,return None
return_none_empty,src/core/system/version_manager.py,157,return []
path_user_input,src/core/system/version_manager.py,32,self.history_path = Path(
path_user_input,src/core/system/version_manager.py,51,"with open(self.history_path, encoding='utf-8') as f:"
path_user_input,src/core/system/version_manager.py,75,"with open(self.history_path, 'w', encoding='utf-8') as f:"
target_col_in_feature,src/core/validation/validators.py,218,"df: pd.DataFrame, target_cols: list[str], threshold: float = 0.99"
target_col_in_feature,src/core/validation/validators.py,227,"exclude = set(target_cols) | {'datetime', 'ticker', 'timestamp'}"
target_col_in_feature,src/core/validation/validators.py,230,for target in target_cols:
target_col_in_feature,src/colab/config/config_loader.py,80,"batch_name = batch_name.replace('target_target_', 'target_')"
broad_except,src/colab/config/config_loader.py,122,except Exception as e:
return_none_empty,src/colab/config/config_loader.py,46,return None
return_none_empty,src/colab/config/config_loader.py,56,return None
path_user_input,src/colab/config/config_loader.py,18,self.project_path = Path(project_path)
path_user_input,src/colab/config/config_loader.py,131,config_path = Path(config_path)
path_user_input,src/colab/config/config_loader.py,136,with open(config_path) as f:
target_col_in_feature,src/colab/config/training_config.py,10,"def __init__(self, model_type, ticker, target_col, start_epoch, epochs,"
target_col_in_feature,src/colab/config/training_config.py,14,self.target_col = target_col
target_col_in_feature,src/colab/config/training_config.py,26,target_col: str
target_col_in_feature,src/colab/config/training_config.py,39,target_col: str
target_col_in_feature,src/colab/config/training_config.py,56,target_col: str
path_user_input,src/colab/environment/colab_environment.py,16,"Path(f""{COLAB_BASE_PATH}/drive/MyDrive/trading_project""),"
path_user_input,src/colab/environment/colab_environment.py,17,"Path(f""{COLAB_BASE_PATH}/trading_project""),"
path_user_input,src/colab/environment/colab_environment.py,18,"Path(""G:/Мій диск/trading_project""),"
path_user_input,src/colab/environment/colab_environment.py,71,self.PROJECT_PATH = Path(f'{COLAB_BASE_PATH}/drive/MyDrive/trading_project')
path_user_input,src/colab/environment/colab_environment.py,84,self.PROJECT_PATH = Path(f'{COLAB_BASE_PATH}/drive/MyDrive/trading_project')
path_user_input,src/colab/environment/setup.py,18,"Path(f""{COLAB_BASE_PATH}/drive/MyDrive/trading_project""),  # Google Drive"
path_user_input,src/colab/environment/setup.py,19,"Path(f""{COLAB_BASE_PATH}/trading_project""),                # Local Colab"
path_user_input,src/colab/environment/setup.py,20,"Path(""G:/Мій диск/trading_project""),              # Windows path"
path_user_input,src/colab/environment/setup.py,74,self.PROJECT_PATH = Path(f'{COLAB_BASE_PATH}/drive/MyDrive/trading_project')
path_user_input,src/colab/environment/setup.py,87,self.PROJECT_PATH = Path(f'{COLAB_BASE_PATH}/drive/MyDrive/trading_project')
path_user_input,src/colab/memory/memory_monitor.py,76,"with open(filepath, 'w') as f:"
heavy_import,src/colab/models/architectures.py,1,import torch
heavy_import,src/colab/models/architectures.py,2,import torch.nn as nn
heavy_import,src/colab/models/model_factory.py,9,import torch  # noqa: F401
heavy_import,src/colab/models/model_factory.py,116,import torch.nn as nn
heavy_import,src/colab/models/model_factory.py,153,import torch.nn as nn
heavy_import,src/colab/models/model_factory.py,190,import torch
heavy_import,src/colab/models/model_factory.py,209,import torch.nn as nn
return_none_empty,src/colab/models/model_factory.py,56,return []
return_none_empty,src/colab/models/model_factory.py,194,return []
return_none_empty,src/colab/models/sklearn_fallback.py,42,return []
heavy_import,src/colab/models/torch_models.py,6,import torch.nn as nn
heavy_import,src/colab/models/torch_models.py,85,import torch.nn as nn
heavy_import,src/colab/models/torch_models.py,117,import torch
return_none_empty,src/colab/models/torch_models.py,125,return []
target_col_in_feature,src/colab/utils/utils.py,40,"def save_checkpoint(checkpoint_dir, ticker, target_col, m_type, model, optimizer, epoch, loss):"
target_col_in_feature,src/colab/utils/utils.py,47,"f""checkpoint_{ticker}_{target_col}_{m_type}_ep{epoch}.pt"""
target_col_in_feature,src/colab/utils/utils.py,80,"def find_latest_checkpoint(checkpoint_dir, ticker, target_col, m_type):"
target_col_in_feature,src/colab/utils/utils.py,83,"pattern = f""checkpoint_{ticker}_{target_col}_{m_type}_ep*.pt"""
heavy_import,src/colab/utils/utils.py,13,import torch
return_none_empty,src/colab/utils/utils.py,44,return None
return_none_empty,src/colab/utils/utils.py,90,return None
pickle_joblib_load,src/colab/utils/utils.py,70,checkpoint = torch.load(  # audit-ignore: UNSAFE_MODEL_OR_PICKLE_LOAD
path_user_input,src/colab/utils/utils.py,46,checkpoint_path = Path(checkpoint_dir) / \
path_user_input,src/colab/utils/utils.py,82,checkpoint_dir = Path(checkpoint_dir)
negative_shift,src/backtesting/advanced/advanced_engine.py,94,common_cols].shift(-lag_periods))
fillna_zero,src/backtesting/advanced/advanced_engine.py,84,"signals = signals.apply(pd.to_numeric, errors='coerce').fillna(0.0)"
fillna_zero,src/backtesting/advanced/advanced_engine.py,362,weighted_returns = weighted_returns.fillna(0.0)
broad_except,src/backtesting/advanced/advanced_engine.py,109,except Exception as e:
broad_except,src/backtesting/advanced/advanced_engine.py,134,except Exception as e:
broad_except,src/backtesting/advanced/advanced_engine.py,191,except Exception as e:
broad_except,src/backtesting/advanced/advanced_engine.py,201,except Exception as e:
broad_except,src/backtesting/advanced/advanced_engine.py,235,except Exception as e:
broad_except,src/backtesting/advanced/advanced_engine.py,316,except Exception as e:
return_none_empty,src/backtesting/advanced/advanced_engine.py,243,return {}
broad_except,src/analytics/analyzers/adaptive_confidence_analyzer.py,47,except Exception as e:
target_col_in_feature,src/analytics/analyzers/causal_event_finder.py,19,"def __init__(self, treatment: str = ""event_detected"", outcome: str = ""target_future_return"","
target_col_in_feature,src/analytics/analyzers/causal_event_finder.py,116,if any(p in col_name.lower() for p in forbidden_patterns) and not col_name.startswith('target_'):
target_col_in_feature,src/analytics/analyzers/causal_event_finder.py,118,"f""Leakage hazard: '{col_name}' contains future data patterns but lacks 'target_' prefix. """
target_col_in_feature,src/analytics/analyzers/causal_event_finder.py,119,"""Please rename to 'target_<name>'."""
broad_except,src/analytics/analyzers/hedge_fund_analyzer.py,75,except Exception as e:
future_target_fill,src/analytics/analyzers/knn_similarity_finder.py,125,X_target = X_target[valid_cols].fillna(medians[valid_cols])
future_target_fill,src/analytics/analyzers/knn_similarity_finder.py,139,X_target = X_target.fillna(self.feature_medians)
target_col_in_feature,src/analytics/analyzers/knn_similarity_finder.py,55,target_df = data.get('target_features')
target_col_in_feature,src/analytics/analyzers/knn_similarity_finder.py,57,if historical_df is None or target_df is None:
target_col_in_feature,src/analytics/analyzers/knn_similarity_finder.py,76,X_target = target_df.select_dtypes(include=['number'])
target_col_in_feature,src/analytics/analyzers/knn_similarity_finder.py,83,"X_hist, X_target = self._prepare_feature_matrices(working_historical, target_df)"
target_col_in_feature,src/analytics/analyzers/knn_similarity_finder.py,102,"target_df: pd.DataFrame,"
target_col_in_feature,src/analytics/analyzers/knn_similarity_finder.py,106,"X_target = target_df.apply(pd.to_numeric, errors='coerce')"
target_col_in_feature,src/analytics/analyzers/knn_similarity_finder.py,133,target_df = current_context.to_frame().T
target_col_in_feature,src/analytics/analyzers/knn_similarity_finder.py,134,"X_target = target_df.reindex(columns=self.feature_columns).apply(pd.to_numeric, errors='coerce')"
target_col_in_feature,src/analytics/analyzers/knn_similarity_finder.py,147,"def _format_results(self, distances: list, indices: list, target_index: pd.Index, historical_index: pd.Index) -> dict:"
target_col_in_feature,src/analytics/analyzers/knn_similarity_finder.py,149,"for i, target_id in enumerate(target_index):"
target_col_in_feature,src/analytics/analyzers/knn_similarity_finder.py,161,"results[target_id] = sorted(similar_items, key=lambda x: x['similarity_score'], reverse=True)"
broad_except,src/analytics/analyzers/knn_similarity_finder.py,96,except Exception as e:
broad_except,src/analytics/analyzers/model_comparison_analyzer.py,109,except Exception as e:
return_none_empty,src/analytics/analyzers/model_comparison_analyzer.py,94,return {}
return_none_empty,src/analytics/analyzers/model_comparison_analyzer.py,118,return []
broad_except,src/analytics/analyzers/news_impact_analyzer.py,102,except Exception as e:
broad_except,src/analytics/analyzers/shap_analyzer.py,37,except Exception as e:
broad_except,src/analytics/arena/arena_battle.py,119,except Exception as e:
broad_except,src/analytics/arena/arena_battle.py,195,except Exception as e:
broad_except,src/analytics/arena/arena_battle.py,360,except Exception as e:
broad_except,src/analytics/arena/arena_battle.py,373,except Exception as e:
broad_except,src/analytics/arena/arena_battle.py,414,except Exception as e:
broad_except,src/analytics/arena/arena_battle.py,470,except Exception as e:
broad_except,src/analytics/arena/arena_battle.py,481,except Exception as e:
return_none_empty,src/analytics/arena/arena_battle.py,185,return None
pickle_joblib_load,src/analytics/arena/arena_battle.py,193,model = joblib.load(trusted_champ)  # audit-ignore: UNSAFE_MODEL_OR_PICKLE_LOAD
path_user_input,src/analytics/arena/arena_battle.py,83,self.champion_dir = Path(champion_dir)
path_user_input,src/analytics/arena/arena_battle.py,467,"with open(filepath, 'w') as f:"
path_user_input,src/analytics/arena/arena_battle.py,477,with open(filepath) as f:
broad_except,src/analytics/arena/battle_groups.py,164,except Exception as e:
broad_except,src/analytics/arena/ensemble_performance_bridge.py,61,except Exception as e:
broad_except,src/analytics/arena/ensemble_performance_bridge.py,91,except Exception as e:
broad_except,src/analytics/arena/ensemble_performance_bridge.py,114,except Exception as e:
broad_except,src/analytics/arena/performance_tracker.py,117,except Exception as e:
broad_except,src/analytics/arena/performance_tracker.py,152,except Exception as e:
broad_except,src/analytics/arena/performance_tracker.py,186,except Exception as e:
broad_except,src/analytics/arena/performance_tracker.py,205,except Exception as e:
broad_except,src/analytics/arena/performance_tracker.py,268,except Exception as e:
broad_except,src/analytics/arena/performance_tracker.py,287,except Exception as e:
broad_except,src/analytics/arena/performance_tracker.py,325,except Exception as e:
broad_except,src/analytics/arena/performance_tracker.py,350,except Exception as e:
broad_except,src/analytics/arena/performance_tracker.py,377,except Exception as e:
broad_except,src/analytics/arena/performance_tracker.py,422,except Exception as e:
path_user_input,src/analytics/arena/performance_tracker.py,373,"with open(filepath, 'w') as f:"
path_user_input,src/analytics/arena/performance_tracker.py,385,with open(filepath) as f:
target_col_in_feature,src/analytics/calculators/advanced_econometrics_calculator.py,21,"def run_comprehensive_causal_analysis(df: pd.DataFrame, target_col: str,"
target_col_in_feature,src/analytics/calculators/advanced_econometrics_calculator.py,29,target_col: Target variable column name
target_col_in_feature,src/analytics/calculators/advanced_econometrics_calculator.py,40,"_test_single_predictor_comprehensive(df, target_col, col,"
target_col_in_feature,src/analytics/calculators/advanced_econometrics_calculator.py,50,"def _test_single_predictor_comprehensive(df: pd.DataFrame, target_col:"
target_col_in_feature,src/analytics/calculators/advanced_econometrics_calculator.py,55,"target_col, predictor_col):"
target_col_in_feature,src/analytics/calculators/advanced_econometrics_calculator.py,57,"test_data = df[[target_col, predictor_col]].dropna()"
target_col_in_feature,src/analytics/calculators/advanced_econometrics_calculator.py,63,"_test_stationarity(test_data, target_col, predictor_col))"
target_col_in_feature,src/analytics/calculators/advanced_econometrics_calculator.py,69,if stationarity_results[target_col]['is_i1'
target_col_in_feature,src/analytics/calculators/advanced_econometrics_calculator.py,77,"return {'predictor': predictor_col, 'target': target_col,"
target_col_in_feature,src/analytics/calculators/advanced_econometrics_calculator.py,88,"f""Comprehensive Granger test failed for predictor '{predictor_col}' on target '{target_col}': {e}"""
target_col_in_feature,src/analytics/calculators/advanced_econometrics_calculator.py,93,"def _test_stationarity(test_data: pd.DataFrame, target_col: str,"
target_col_in_feature,src/analytics/calculators/advanced_econometrics_calculator.py,97,"for col in [target_col, predictor_col]:"
target_col_in_feature,src/analytics/calculators/advanced_econometrics_calculator.py,235,"def _validate_columns(df: pd.DataFrame, target_col: str, predictor_col: str"
target_col_in_feature,src/analytics/calculators/advanced_econometrics_calculator.py,238,return target_col in df.columns and predictor_col in df.columns
broad_except,src/analytics/calculators/advanced_econometrics_calculator.py,86,except Exception as e:
broad_except,src/analytics/calculators/advanced_econometrics_calculator.py,104,except Exception as e:
broad_except,src/analytics/calculators/advanced_econometrics_calculator.py,123,except Exception as e:
broad_except,src/analytics/calculators/advanced_econometrics_calculator.py,147,except Exception as e:
broad_except,src/analytics/calculators/advanced_econometrics_calculator.py,160,except Exception as e:
broad_except,src/analytics/calculators/advanced_econometrics_calculator.py,175,except Exception as e:
broad_except,src/analytics/calculators/advanced_econometrics_calculator.py,189,except Exception as e:
target_col_in_feature,src/analytics/calculators/econometrics_calculator.py,19,"def run_advanced_granger_test(df: pd.DataFrame, target_col: str, predictor_cols: list[str],"
target_col_in_feature,src/analytics/calculators/econometrics_calculator.py,26,target_col: Target variable column name
target_col_in_feature,src/analytics/calculators/econometrics_calculator.py,37,"result = EconometricsCalculator._test_single_predictor(df, target_col, col, maxlag)  # type: ignore"
target_col_in_feature,src/analytics/calculators/econometrics_calculator.py,47,"def run_granger_test(df: pd.DataFrame, target_col: str, predictor_cols: list[str], maxlag: int = 5) -> dict[str, Any]:"
target_col_in_feature,src/analytics/calculators/econometrics_calculator.py,55,"result = EconometricsCalculator._test_single_predictor(df, target_col, col, maxlag)"
target_col_in_feature,src/analytics/calculators/econometrics_calculator.py,62,"def _test_single_predictor(df: pd.DataFrame, target_col: str, predictor_col: str, maxlag: int) -> dict[str, Any]:"
target_col_in_feature,src/analytics/calculators/econometrics_calculator.py,64,"if not EconometricsCalculator._validate_columns(df, target_col, predictor_col):"
target_col_in_feature,src/analytics/calculators/econometrics_calculator.py,67,"test_data = df[[target_col, predictor_col]].dropna()"
target_col_in_feature,src/analytics/calculators/econometrics_calculator.py,71,correlation = test_data[target_col].corr(test_data[predictor_col])
target_col_in_feature,src/analytics/calculators/econometrics_calculator.py,75,"return EconometricsCalculator._build_causality_result(predictor_col, target_col, correlation, p_value)"
target_col_in_feature,src/analytics/calculators/econometrics_calculator.py,77,"logger.error(f""Granger causality test failed for predictor '{predictor_col}' on target '{target_col}': {e}"", exc_info=True)"
target_col_in_feature,src/analytics/calculators/econometrics_calculator.py,81,"def _validate_columns(df: pd.DataFrame, target_col: str, predictor_col: str) -> bool:"
target_col_in_feature,src/analytics/calculators/econometrics_calculator.py,83,return predictor_col in df.columns and target_col in df.columns
target_col_in_feature,src/analytics/calculators/econometrics_calculator.py,101,"def _build_causality_result(predictor_col: str, target_col: str, correlation: float, p_value: float) -> dict[str, Any]:"
target_col_in_feature,src/analytics/calculators/econometrics_calculator.py,107,"logger.warning(f""Spurious Correlation Alert: {predictor_col} and {target_col} are highly correlated ({correlation:.2f}) but lack Granger causality (p={p_value:.4f})."")"
target_col_in_feature,src/analytics/calculators/econometrics_calculator.py,131,"def get_var_forecast(df: pd.DataFrame, target_cols: list[str], steps: int = 5, maxlags: int = 15, ic='aic') -> pd.DataFrame:"
target_col_in_feature,src/analytics/calculators/econometrics_calculator.py,142,"return EconometricsCalculator._generate_var_forecast(df, target_cols, var_config)"
target_col_in_feature,src/analytics/calculators/econometrics_calculator.py,145,"def _generate_var_forecast(df: pd.DataFrame, target_cols: list[str], config: dict[str, Any]) -> pd.DataFrame:"
target_col_in_feature,src/analytics/calculators/econometrics_calculator.py,147,valid_cols = [c for c in target_cols if c in df.columns]
broad_except,src/analytics/calculators/econometrics_calculator.py,76,except Exception as e:
broad_except,src/analytics/calculators/econometrics_calculator.py,163,except Exception as e:
return_none_empty,src/analytics/calculators/econometrics_calculator.py,65,return None  # type: ignore
return_none_empty,src/analytics/calculators/econometrics_calculator.py,69,return None  # type: ignore
broad_except,src/analytics/calculators/explainability_calculator.py,64,except Exception as e:
broad_except,src/analytics/calculators/explainability_calculator.py,89,except Exception as e:
return_none_empty,src/analytics/calculators/explainability_calculator.py,83,return {}
broad_except,src/analytics/calculators/fama_french_factors.py,95,except Exception as e:
broad_except,src/analytics/calculators/fama_french_factors.py,169,except Exception as e:
broad_except,src/analytics/calculators/fama_french_factors.py,182,except Exception as e:
return_none_empty,src/analytics/calculators/fama_french_factors.py,82,return None
return_none_empty,src/analytics/calculators/fama_french_factors.py,87,return None
return_none_empty,src/analytics/calculators/fama_french_factors.py,104,return None
return_none_empty,src/analytics/calculators/fama_french_factors.py,189,return None
return_none_empty,src/analytics/calculators/fama_french_factors.py,196,return None
target_col_in_feature,src/analytics/calculators/risk_reward_calculator.py,110,target_return = config.risk_free_rate / periods_per_year
target_col_in_feature,src/analytics/calculators/risk_reward_calculator.py,111,downside_returns = clean_returns[clean_returns < target_return]
target_col_in_feature,src/analytics/calculators/risk_reward_calculator.py,121,sortino_ratio = (expected_return - target_return) / downside_std
broad_except,src/analytics/context/causal_effect_methods.py,193,except Exception as exc:
future_target_fill,src/analytics/context/causal_engine.py,74,"idx_pos = target_index.get_indexer([impact_time], method='ffill')"
target_col_in_feature,src/analytics/context/causal_engine.py,33,"target_index: pd.DatetimeIndex,"
target_col_in_feature,src/analytics/context/causal_engine.py,41,implied_features = self._initialize_implied_features(target_index)
target_col_in_feature,src/analytics/context/causal_engine.py,53,"self._apply_event_causal_effects(event_data, implied_features, target_index, speed_factor, power_factor)"
target_col_in_feature,src/analytics/context/causal_engine.py,57,"def _initialize_implied_features(self, target_index: pd.DatetimeIndex) -> pd.DataFrame:"
target_col_in_feature,src/analytics/context/causal_engine.py,58,"return pd.DataFrame(0.0, index=target_index, columns=self._get_all_causal_features())"
target_col_in_feature,src/analytics/context/causal_engine.py,61,"target_index: pd.DatetimeIndex, speed_factor: float, power_factor: float):"
target_col_in_feature,src/analytics/context/causal_engine.py,74,"idx_pos = target_index.get_indexer([impact_time], method='ffill')"
target_col_in_feature,src/analytics/context/contextual_model_selector.py,159,"target_col = f""target_{model_name}"""
target_col_in_feature,src/analytics/context/contextual_model_selector.py,160,if target_col in neighbor_outcomes.columns:
target_col_in_feature,src/analytics/context/contextual_model_selector.py,161,model_scores[model_name] = neighbor_outcomes[target_col].mean()
target_col_in_feature,src/analytics/context/contextual_model_selector.py,194,"(model, row.get(f""target_{model}"", -np.inf))"
broad_except,src/analytics/context/contextual_model_selector.py,53,except Exception as e:
broad_except,src/analytics/context/contextual_model_selector.py,103,except Exception as e:
return_none_empty,src/analytics/context/contextual_model_selector.py,65,"If those are not provided, we return None and let the caller fall back."
return_none_empty,src/analytics/context/contextual_model_selector.py,68,return None
return_none_empty,src/analytics/context/contextual_model_selector.py,72,return None
return_none_empty,src/analytics/context/contextual_model_selector.py,77,return None
broad_except,src/analytics/context/counterfactual_generator.py,101,except Exception as e:
broad_except,src/analytics/context/counterfactual_generator.py,163,except Exception as e:
broad_except,src/analytics/context/counterfactual_generator.py,215,except Exception as e:
broad_except,src/analytics/context/counterfactual_generator.py,267,except Exception as e:
broad_except,src/analytics/context/ensemble_selector.py,125,except Exception as e:
return_none_empty,src/analytics/context/ensemble_selector.py,124,return None
broad_except,src/analytics/context/market_context_analyzer.py,59,except Exception as e:
return_none_empty,src/analytics/context/market_context_analyzer.py,112,return None
return_none_empty,src/analytics/context/market_context_analyzer.py,121,return None
broad_except,src/analytics/context/market_phase_analyzer.py,64,except Exception as e:
broad_except,src/analytics/context/market_phase_analyzer.py,152,except Exception as e:
broad_except,src/analytics/context/market_regime_analyzer.py,77,except Exception as e:
return_none_empty,src/analytics/context/market_regime_analyzer.py,93,return None
broad_except,src/analytics/context/prediction_adjuster.py,93,except Exception as e:
target_col_in_feature,src/analytics/data_managers/model_results_manager.py,50,target_path = (self.heavy_results_path if is_heavy else self.
target_col_in_feature,src/analytics/data_managers/model_results_manager.py,57,if target_path.exists():
target_col_in_feature,src/analytics/data_managers/model_results_manager.py,58,existing_df = pd.read_parquet(target_path)
target_col_in_feature,src/analytics/data_managers/model_results_manager.py,65,combined_df.to_parquet(target_path)
target_col_in_feature,src/analytics/data_managers/model_results_manager.py,67,f'Persisted {len(df_to_save)} new results to {target_path}')
target_col_in_feature,src/analytics/data_managers/model_results_manager.py,68,"self._cache.pop(str(target_path), None)"
target_col_in_feature,src/analytics/data_managers/model_results_manager.py,71,"logger.error(f'Failed to persist results to {target_path}: {e}',"
target_col_in_feature,src/analytics/data_managers/model_results_manager.py,73,raise DataProcessingError(f'Failed to persist results to {target_path}: {e}') from e
target_col_in_feature,src/analytics/data_managers/model_results_manager.py,206,target_path = self.base_path / filename
target_col_in_feature,src/analytics/data_managers/model_results_manager.py,208,"with open(target_path, 'w', encoding='utf-8') as f:"
target_col_in_feature,src/analytics/data_managers/model_results_manager.py,210,logger.info(f'Saved JSON report to {target_path}')
target_col_in_feature,src/analytics/data_managers/model_results_manager.py,212,logger.error(f'Failed to save JSON report to {target_path}: {e}')
target_col_in_feature,src/analytics/data_managers/model_results_manager.py,213,raise DataProcessingError(f'Failed to save JSON report to {target_path}: {e}') from e
broad_except,src/analytics/data_managers/model_results_manager.py,70,except Exception as e:
broad_except,src/analytics/data_managers/model_results_manager.py,122,except Exception as e:
broad_except,src/analytics/data_managers/model_results_manager.py,155,except Exception as e:
broad_except,src/analytics/data_managers/model_results_manager.py,211,except Exception as e:
return_none_empty,src/analytics/data_managers/model_results_manager.py,181,return None
return_none_empty,src/analytics/data_managers/model_results_manager.py,182,return None
path_user_input,src/analytics/data_managers/model_results_manager.py,29,self.base_path = Path(base_path)
path_user_input,src/analytics/data_managers/model_results_manager.py,142,diary_p = Path(diary_path)
path_user_input,src/analytics/data_managers/model_results_manager.py,146,diary = pd.read_csv(diary_p)
path_user_input,src/analytics/data_managers/model_results_manager.py,208,"with open(target_path, 'w', encoding='utf-8') as f:"
broad_except,src/analytics/engines/causal_engine.py,48,except Exception as e:
broad_except,src/analytics/engines/causal_engine.py,86,except Exception as e:
broad_except,src/analytics/engines/causal_engine.py,107,except Exception as e:
broad_except,src/analytics/engines/causal_engine.py,116,except Exception as e:
broad_except,src/analytics/reporting/automated_reports.py,32,except Exception as e:
broad_except,src/analytics/reporting/automated_reports.py,67,except Exception as e:  # audit-ignore: BROAD_EXCEPTION_SILENT_RETURN
return_none_empty,src/analytics/reporting/automated_reports.py,69,return {}
return_none_empty,src/analytics/reporting/automated_reports.py,93,return []
broad_except,src/analytics/reporting/model_analyzer.py,154,except Exception as e:
path_user_input,src/analytics/reporting/model_analyzer.py,26,"self.report_dir = Path(""reports/models"")"
path_user_input,src/analytics/reporting/model_analyzer.py,150,"with open(file_path, 'w', encoding='utf-8') as f:"
broad_except,src/analytics/reporting/results_manager.py,57,except Exception as e:
broad_except,src/analytics/reporting/results_manager.py,89,except Exception as e:  # audit-ignore: BROAD_EXCEPTION_SILENT_RETURN
broad_except,src/analytics/reporting/results_manager.py,109,except Exception as e:  # audit-ignore: BROAD_EXCEPTION_SILENT_RETURN
broad_except,src/analytics/reporting/results_manager.py,122,except Exception as e:  # audit-ignore: BROAD_EXCEPTION_SILENT_RETURN
broad_except,src/analytics/reporting/results_manager.py,148,except Exception as e:
broad_except,src/analytics/reporting/results_manager.py,187,except Exception as e:
broad_except,src/analytics/reporting/results_manager.py,218,except Exception as e:
return_none_empty,src/analytics/reporting/results_manager.py,78,return None
return_none_empty,src/analytics/reporting/results_manager.py,91,return None
return_none_empty,src/analytics/reporting/results_manager.py,103,return None
return_none_empty,src/analytics/reporting/results_manager.py,111,return None
return_none_empty,src/analytics/reporting/results_manager.py,124,return []
return_none_empty,src/analytics/reporting/results_manager.py,205,return None
path_user_input,src/analytics/reporting/results_manager.py,29,"self.results_dir = Path(results_dir) if results_dir else Path(""data/results"")"
path_user_input,src/analytics/reporting/results_manager.py,49,"with open(filepath, 'w', encoding='utf-8') as f:"
path_user_input,src/analytics/reporting/results_manager.py,81,"with open(filepath, encoding='utf-8') as f:"
broad_except,src/analytics/reporting/visualization.py,37,except Exception as e:
return_none_empty,src/analytics/reporting/visualization.py,57,return None
path_user_input,src/analytics/reporting/visualization.py,25,self.output_dir = Path(output_dir)
return_none_empty,src/analytics/signals/signal_analytics.py,56,"return {}, {}, {}"
return_none_empty,src/analytics/signals/signal_analytics.py,233,return {}
return_none_empty,src/analytics/signals/signal_analytics.py,246,return {}
return_none_empty,src/analytics/signals/significance_detector.py,46,return None
return_none_empty,src/analytics/signals/significance_detector.py,197,return {}
target_col_in_feature,src/analytics/utils/knn_model_wrapper.py,48,"def find_neighbors(self, target_features_df: pd.DataFrame) -> tuple:"
target_col_in_feature,src/analytics/utils/knn_model_wrapper.py,60,numeric_target_df = target_features_df.select_dtypes(include=['number']).dropna()
target_col_in_feature,src/analytics/utils/knn_model_wrapper.py,61,if numeric_target_df.empty:
target_col_in_feature,src/analytics/utils/knn_model_wrapper.py,67,scaled_target = self.scaler.transform(numeric_target_df)
broad_except,src/algorithms/regime/clustering.py,42,except Exception as e:
broad_except,src/algorithms/regime/metrics.py,36,except Exception as e:
broad_except,src/algorithms/regime/rules.py,43,except Exception as e:
broad_except,src/algorithms/regime/rules.py,108,except Exception as e:
return_none_empty,src/algorithms/regime/rules.py,55,return None
return_none_empty,src/algorithms/regime/rules.py,65,return None
return_none_empty,src/algorithms/regime/rules.py,75,return None
