severity,category,rule_id,file,line,symbol,snippet,problem,why,fix,test,confidence,fingerprint
P0,synthetic_gates,EXCEPTION_FALLS_BACK_TO_SAMPLE_DATA,data/collectors/put_call_ratio_collector.py,162,_fetch_put_call_data,except Exception as e:,Exception handler appears to return sample/synthetic/demo data.,A failed real collector can silently inject fake data into train/eval.,Make sample fallback opt-in and mark data_kind/is_synthetic/eligible_for_training=False.,Simulate collector failure and assert it raises or returns failed status unless allow_sample_fallback=True.,medium,c55536a07e7e3bd9
P1,error_policy,BROAD_EXCEPTION_SILENT_RETURN,analytics/arena/arena_battle.py,182,_load_current_champion,except Exception as e:,Broad exception returns silent fallback: None.,Pipeline may continue with None/{}/[] as if the stage succeeded.,"Return a typed StageResult with status failed/degraded, or re-raise for fatal stages.",Test that fatal failures in target generation/split/training do not continue silently.,high,76cc7791c1b89308
P1,error_policy,BROAD_EXCEPTION_SILENT_RETURN,analytics/arena/performance_tracker.py,345,get_top_performers,except Exception as e:,Broad exception returns silent fallback: List.,Pipeline may continue with None/{}/[] as if the stage succeeded.,"Return a typed StageResult with status failed/degraded, or re-raise for fatal stages.",Test that fatal failures in target generation/split/training do not continue silently.,high,3aa4e08d28a9c6a8
P1,error_policy,BROAD_EXCEPTION_SILENT_RETURN,analytics/calculators/explainability_calculator.py,63,analyze_feature_importance,except Exception as e:,Broad exception returns silent fallback: Dict.,Pipeline may continue with None/{}/[] as if the stage succeeded.,"Return a typed StageResult with status failed/degraded, or re-raise for fatal stages.",Test that fatal failures in target generation/split/training do not continue silently.,high,fe2ce98450e20a91
P1,error_policy,BROAD_EXCEPTION_SILENT_RETURN,analytics/calculators/explainability_calculator.py,88,explain_single_prediction,except Exception as e:,Broad exception returns silent fallback: Dict.,Pipeline may continue with None/{}/[] as if the stage succeeded.,"Return a typed StageResult with status failed/degraded, or re-raise for fatal stages.",Test that fatal failures in target generation/split/training do not continue silently.,high,c3d41d0d16c30156
P1,error_policy,BROAD_EXCEPTION_SILENT_RETURN,analytics/calculators/fama_french_factors.py,92,get_factors,except Exception as e:,Broad exception returns silent fallback: None.,Pipeline may continue with None/{}/[] as if the stage succeeded.,"Return a typed StageResult with status failed/degraded, or re-raise for fatal stages.",Test that fatal failures in target generation/split/training do not continue silently.,high,29ef19ce64834831
P1,error_policy,BROAD_EXCEPTION_SILENT_RETURN,analytics/context/ensemble_selector.py,125,create_ensemble_instance,except Exception as e:,Broad exception returns silent fallback: None.,Pipeline may continue with None/{}/[] as if the stage succeeded.,"Return a typed StageResult with status failed/degraded, or re-raise for fatal stages.",Test that fatal failures in target generation/split/training do not continue silently.,high,918e9087efb89879
P1,error_policy,BROAD_EXCEPTION_SILENT_RETURN,analytics/reporting/automated_reports.py,67,analyze_trends,except Exception as e:,Broad exception returns silent fallback: Dict.,Pipeline may continue with None/{}/[] as if the stage succeeded.,"Return a typed StageResult with status failed/degraded, or re-raise for fatal stages.",Test that fatal failures in target generation/split/training do not continue silently.,high,d640bcf590ae94b0
P1,error_policy,BROAD_EXCEPTION_SILENT_RETURN,analytics/reporting/automated_reports.py,96,load_historical_reports,except Exception as e:,Broad exception returns silent fallback: List.,Pipeline may continue with None/{}/[] as if the stage succeeded.,"Return a typed StageResult with status failed/degraded, or re-raise for fatal stages.",Test that fatal failures in target generation/split/training do not continue silently.,high,7ed2e3ae19569c27
P1,error_policy,BROAD_EXCEPTION_SILENT_RETURN,analytics/reporting/results_manager.py,88,load_results,except Exception as e:,Broad exception returns silent fallback: None.,Pipeline may continue with None/{}/[] as if the stage succeeded.,"Return a typed StageResult with status failed/degraded, or re-raise for fatal stages.",Test that fatal failures in target generation/split/training do not continue silently.,high,b519abd6f7419ef9
P1,error_policy,BROAD_EXCEPTION_SILENT_RETURN,analytics/reporting/results_manager.py,108,get_latest_results,except Exception as e:,Broad exception returns silent fallback: None.,Pipeline may continue with None/{}/[] as if the stage succeeded.,"Return a typed StageResult with status failed/degraded, or re-raise for fatal stages.",Test that fatal failures in target generation/split/training do not continue silently.,high,da18e9d44bda6439
P1,error_policy,BROAD_EXCEPTION_SILENT_RETURN,analytics/reporting/results_manager.py,121,list_results,except Exception as e:,Broad exception returns silent fallback: List.,Pipeline may continue with None/{}/[] as if the stage succeeded.,"Return a typed StageResult with status failed/degraded, or re-raise for fatal stages.",Test that fatal failures in target generation/split/training do not continue silently.,high,a6ad92c34b6bf262
P1,error_policy,BROAD_EXCEPTION_SILENT_RETURN,analytics/reporting/results_manager.py,217,export_results_to_csv,except Exception as e:,Broad exception returns silent fallback: None.,Pipeline may continue with None/{}/[] as if the stage succeeded.,"Return a typed StageResult with status failed/degraded, or re-raise for fatal stages.",Test that fatal failures in target generation/split/training do not continue silently.,high,6f9de539fecdec26
P1,error_policy,BROAD_EXCEPTION_SILENT_RETURN,analytics/reporting/visualization.py,39,_save_plot,except Exception as e:,Broad exception returns silent fallback: None.,Pipeline may continue with None/{}/[] as if the stage succeeded.,"Return a typed StageResult with status failed/degraded, or re-raise for fatal stages.",Test that fatal failures in target generation/split/training do not continue silently.,high,676205973af2fc60
P1,error_policy,BROAD_EXCEPTION_SILENT_RETURN,core/cloud/gcs_manager.py,106,list_files,except Exception as e:,Broad exception returns silent fallback: List.,Pipeline may continue with None/{}/[] as if the stage succeeded.,"Return a typed StageResult with status failed/degraded, or re-raise for fatal stages.",Test that fatal failures in target generation/split/training do not continue silently.,high,a647b5479758f02f
P1,error_policy,BROAD_EXCEPTION_SILENT_RETURN,core/file_management/file_manager.py,95,load_yaml,except Exception as e:,Broad exception returns silent fallback: None.,Pipeline may continue with None/{}/[] as if the stage succeeded.,"Return a typed StageResult with status failed/degraded, or re-raise for fatal stages.",Test that fatal failures in target generation/split/training do not continue silently.,high,194af91053e4ecdd
P1,error_policy,BROAD_EXCEPTION_SILENT_RETURN,core/file_management/file_manager.py,135,load_json,except Exception as e:,Broad exception returns silent fallback: None.,Pipeline may continue with None/{}/[] as if the stage succeeded.,"Return a typed StageResult with status failed/degraded, or re-raise for fatal stages.",Test that fatal failures in target generation/split/training do not continue silently.,high,b3ac5fb816bf432b
P1,error_policy,BROAD_EXCEPTION_SILENT_RETURN,core/file_management/file_manager.py,212,load_dataframe,except Exception as e:,Broad exception returns silent fallback: None.,Pipeline may continue with None/{}/[] as if the stage succeeded.,"Return a typed StageResult with status failed/degraded, or re-raise for fatal stages.",Test that fatal failures in target generation/split/training do not continue silently.,high,9fc552af499e1301
P1,error_policy,BROAD_EXCEPTION_SILENT_RETURN,core/security/secure_secrets_manager.py,45,_get_configured_env_search_paths,except Exception as e:,Broad exception returns silent fallback: List.,Pipeline may continue with None/{}/[] as if the stage succeeded.,"Return a typed StageResult with status failed/degraded, or re-raise for fatal stages.",Test that fatal failures in target generation/split/training do not continue silently.,high,1d81014af20b737a
P1,error_policy,BROAD_EXCEPTION_SILENT_RETURN,core/security/secure_secrets_manager.py,117,load_dotenv,except Exception as e:,Broad exception returns silent fallback: List.,Pipeline may continue with None/{}/[] as if the stage succeeded.,"Return a typed StageResult with status failed/degraded, or re-raise for fatal stages.",Test that fatal failures in target generation/split/training do not continue silently.,high,46e4fae5a4f43699
P1,error_policy,BROAD_EXCEPTION_SILENT_RETURN,core/system/archive_manager.py,59,archive_directory,except Exception as e:,Broad exception returns silent fallback: None.,Pipeline may continue with None/{}/[] as if the stage succeeded.,"Return a typed StageResult with status failed/degraded, or re-raise for fatal stages.",Test that fatal failures in target generation/split/training do not continue silently.,high,328096b6f3dba50f
P1,error_policy,BROAD_EXCEPTION_SILENT_RETURN,data/collectors/aaii_sentiment_collector.py,61,run,except Exception as e:,Broad exception returns silent fallback: None.,Pipeline may continue with None/{}/[] as if the stage succeeded.,"Return a typed StageResult with status failed/degraded, or re-raise for fatal stages.",Test that fatal failures in target generation/split/training do not continue silently.,high,f0bebe43bf53d514
P1,error_policy,BROAD_EXCEPTION_SILENT_RETURN,data/collectors/aaii_sentiment_collector.py,93,_fetch_aaii_data,except Exception as e:,Broad exception returns silent fallback: List.,Pipeline may continue with None/{}/[] as if the stage succeeded.,"Return a typed StageResult with status failed/degraded, or re-raise for fatal stages.",Test that fatal failures in target generation/split/training do not continue silently.,high,4d40cf9cab27c275
P1,error_policy,BROAD_EXCEPTION_SILENT_RETURN,data/collectors/aaii_sentiment_collector.py,107,_parse_aaii_html,except Exception as e:,Broad exception returns silent fallback: List.,Pipeline may continue with None/{}/[] as if the stage succeeded.,"Return a typed StageResult with status failed/degraded, or re-raise for fatal stages.",Test that fatal failures in target generation/split/training do not continue silently.,high,b1da839319388b29
P1,error_policy,BROAD_EXCEPTION_SILENT_RETURN,data/collectors/alternative_me_collector.py,67,run,except Exception as e:,Broad exception returns silent fallback: None.,Pipeline may continue with None/{}/[] as if the stage succeeded.,"Return a typed StageResult with status failed/degraded, or re-raise for fatal stages.",Test that fatal failures in target generation/split/training do not continue silently.,high,805076577f70e8c8
P1,error_policy,BROAD_EXCEPTION_SILENT_RETURN,data/collectors/alternative_me_collector.py,112,_fetch_fear_greed_data,except Exception as e:,Broad exception returns silent fallback: List.,Pipeline may continue with None/{}/[] as if the stage succeeded.,"Return a typed StageResult with status failed/degraded, or re-raise for fatal stages.",Test that fatal failures in target generation/split/training do not continue silently.,high,7f0007c866d99d1c
P1,error_policy,BROAD_EXCEPTION_SILENT_RETURN,data/collectors/alternative_me_collector.py,138,_process_data_point,except Exception as e:,Broad exception returns silent fallback: None.,Pipeline may continue with None/{}/[] as if the stage succeeded.,"Return a typed StageResult with status failed/degraded, or re-raise for fatal stages.",Test that fatal failures in target generation/split/training do not continue silently.,high,f5a4d4aa9cd19258
P1,error_policy,BROAD_EXCEPTION_SILENT_RETURN,data/collectors/bigquery_collector.py,44,fetch_raw_data,except Exception as e:,Broad exception returns silent fallback: List.,Pipeline may continue with None/{}/[] as if the stage succeeded.,"Return a typed StageResult with status failed/degraded, or re-raise for fatal stages.",Test that fatal failures in target generation/split/training do not continue silently.,high,a4ffbf9039bd8d2f
P1,error_policy,BROAD_EXCEPTION_SILENT_RETURN,data/collectors/cftc_collector.py,81,run,except Exception as e:,Broad exception returns silent fallback: None.,Pipeline may continue with None/{}/[] as if the stage succeeded.,"Return a typed StageResult with status failed/degraded, or re-raise for fatal stages.",Test that fatal failures in target generation/split/training do not continue silently.,high,b3a058e747f936b6
P1,error_policy,BROAD_EXCEPTION_SILENT_RETURN,data/collectors/cftc_collector.py,143,_fetch_cftc_data,except Exception as e:  # audit-ignore: EXCEPTION_FALLS_BACK_TO_SAMPLE_DATA,Broad exception returns silent fallback: List.,Pipeline may continue with None/{}/[] as if the stage succeeded.,"Return a typed StageResult with status failed/degraded, or re-raise for fatal stages.",Test that fatal failures in target generation/split/training do not continue silently.,high,e926e273907fd523
P1,error_policy,BROAD_EXCEPTION_SILENT_RETURN,data/collectors/collector_factory.py,87,get_collector,except Exception as e:,Broad exception returns silent fallback: None.,Pipeline may continue with None/{}/[] as if the stage succeeded.,"Return a typed StageResult with status failed/degraded, or re-raise for fatal stages.",Test that fatal failures in target generation/split/training do not continue silently.,high,78737dcce33dcf16
P1,error_policy,BROAD_EXCEPTION_SILENT_RETURN,data/collectors/custom_csv_collector.py,44,fetch_raw_data,except Exception as e:,Broad exception returns silent fallback: List.,Pipeline may continue with None/{}/[] as if the stage succeeded.,"Return a typed StageResult with status failed/degraded, or re-raise for fatal stages.",Test that fatal failures in target generation/split/training do not continue silently.,high,188373ecad049f56
P1,error_policy,BROAD_EXCEPTION_SILENT_RETURN,data/collectors/economic_calendar_collector.py,101,fetch_raw_data,except Exception as e:,Broad exception returns silent fallback: List.,Pipeline may continue with None/{}/[] as if the stage succeeded.,"Return a typed StageResult with status failed/degraded, or re-raise for fatal stages.",Test that fatal failures in target generation/split/training do not continue silently.,high,304807ae6cc0a529
P1,error_policy,BROAD_EXCEPTION_SILENT_RETURN,data/collectors/economic_calendar_collector.py,155,_parse_html,except Exception as e:,Broad exception returns silent fallback: List.,Pipeline may continue with None/{}/[] as if the stage succeeded.,"Return a typed StageResult with status failed/degraded, or re-raise for fatal stages.",Test that fatal failures in target generation/split/training do not continue silently.,high,727ecf10608e96c1
P1,error_policy,BROAD_EXCEPTION_SILENT_RETURN,data/collectors/fear_greed_collector.py,61,run,except Exception as e:,Broad exception returns silent fallback: None.,Pipeline may continue with None/{}/[] as if the stage succeeded.,"Return a typed StageResult with status failed/degraded, or re-raise for fatal stages.",Test that fatal failures in target generation/split/training do not continue silently.,high,b6802c336ab16480
P1,error_policy,BROAD_EXCEPTION_SILENT_RETURN,data/collectors/fear_greed_collector.py,108,_fetch_fear_greed_data,except Exception as e:,Broad exception returns silent fallback: List.,Pipeline may continue with None/{}/[] as if the stage succeeded.,"Return a typed StageResult with status failed/degraded, or re-raise for fatal stages.",Test that fatal failures in target generation/split/training do not continue silently.,high,beca643b3f688f79
P1,error_policy,BROAD_EXCEPTION_SILENT_RETURN,data/collectors/fred_collector.py,112,_fetch_series,except Exception as e:,Broad exception returns silent fallback: List.,Pipeline may continue with None/{}/[] as if the stage succeeded.,"Return a typed StageResult with status failed/degraded, or re-raise for fatal stages.",Test that fatal failures in target generation/split/training do not continue silently.,high,800dde841d67f03b
P1,error_policy,BROAD_EXCEPTION_SILENT_RETURN,data/collectors/google_news_collector.py,201,_fetch_articles_for_term,except Exception as e:,Broad exception returns silent fallback: List.,Pipeline may continue with None/{}/[] as if the stage succeeded.,"Return a typed StageResult with status failed/degraded, or re-raise for fatal stages.",Test that fatal failures in target generation/split/training do not continue silently.,high,0d91c624f78638fa
P1,error_policy,BROAD_EXCEPTION_SILENT_RETURN,data/collectors/huggingface_collector.py,42,run,except Exception as e:,Broad exception returns silent fallback: None.,Pipeline may continue with None/{}/[] as if the stage succeeded.,"Return a typed StageResult with status failed/degraded, or re-raise for fatal stages.",Test that fatal failures in target generation/split/training do not continue silently.,high,a8c031f77e199055
P1,error_policy,BROAD_EXCEPTION_SILENT_RETURN,data/collectors/huggingface_collector.py,107,_fetch_from_huggingface,except Exception as e:,Broad exception returns silent fallback: List.,Pipeline may continue with None/{}/[] as if the stage succeeded.,"Return a typed StageResult with status failed/degraded, or re-raise for fatal stages.",Test that fatal failures in target generation/split/training do not continue silently.,high,3bdd2c0bd194e107
P1,error_policy,BROAD_EXCEPTION_SILENT_RETURN,data/collectors/insider_collector.py,68,fetch_raw_data,except Exception as e:,Broad exception returns silent fallback: List.,Pipeline may continue with None/{}/[] as if the stage succeeded.,"Return a typed StageResult with status failed/degraded, or re-raise for fatal stages.",Test that fatal failures in target generation/split/training do not continue silently.,high,2ad7979f74a76f5e
P1,error_policy,BROAD_EXCEPTION_SILENT_RETURN,data/collectors/insider_collector.py,185,run,except Exception as e:,Broad exception returns silent fallback: None.,Pipeline may continue with None/{}/[] as if the stage succeeded.,"Return a typed StageResult with status failed/degraded, or re-raise for fatal stages.",Test that fatal failures in target generation/split/training do not continue silently.,high,80eb440da40ee6e8
P1,error_policy,BROAD_EXCEPTION_SILENT_RETURN,data/collectors/local_file_collector.py,56,fetch_raw_data,except Exception as e:,Broad exception returns silent fallback: List.,Pipeline may continue with None/{}/[] as if the stage succeeded.,"Return a typed StageResult with status failed/degraded, or re-raise for fatal stages.",Test that fatal failures in target generation/split/training do not continue silently.,high,24dd448c2948c703
P1,error_policy,BROAD_EXCEPTION_SILENT_RETURN,data/collectors/put_call_ratio_collector.py,73,run,except Exception as e:,Broad exception returns silent fallback: None.,Pipeline may continue with None/{}/[] as if the stage succeeded.,"Return a typed StageResult with status failed/degraded, or re-raise for fatal stages.",Test that fatal failures in target generation/split/training do not continue silently.,high,29eb1b0b897ee7e3
P1,error_policy,BROAD_EXCEPTION_SILENT_RETURN,data/collectors/reddit_sentiment_collector.py,75,run,except Exception as e:,Broad exception returns silent fallback: None.,Pipeline may continue with None/{}/[] as if the stage succeeded.,"Return a typed StageResult with status failed/degraded, or re-raise for fatal stages.",Test that fatal failures in target generation/split/training do not continue silently.,high,bce71a81306505ec
P1,error_policy,BROAD_EXCEPTION_SILENT_RETURN,data/collectors/reddit_sentiment_collector.py,160,_generate_synthetic_reddit_data,except Exception as e:,Broad exception returns silent fallback: List.,Pipeline may continue with None/{}/[] as if the stage succeeded.,"Return a typed StageResult with status failed/degraded, or re-raise for fatal stages.",Test that fatal failures in target generation/split/training do not continue silently.,high,a41ef20f34898f01
P1,error_policy,BROAD_EXCEPTION_SILENT_RETURN,data/collectors/rss_collector.py,169,_fetch_feed,except Exception as exc:,Broad exception returns silent fallback: List.,Pipeline may continue with None/{}/[] as if the stage succeeded.,"Return a typed StageResult with status failed/degraded, or re-raise for fatal stages.",Test that fatal failures in target generation/split/training do not continue silently.,high,271b8b18295fea6e
P1,error_policy,BROAD_EXCEPTION_SILENT_RETURN,data/collectors/rss_collector.py,185,_fetch_feed,except Exception as exc:,Broad exception returns silent fallback: List.,Pipeline may continue with None/{}/[] as if the stage succeeded.,"Return a typed StageResult with status failed/degraded, or re-raise for fatal stages.",Test that fatal failures in target generation/split/training do not continue silently.,high,30a576b254106bb7
P1,error_policy,BROAD_EXCEPTION_SILENT_RETURN,data/collectors/sec_filings_collector.py,202,_fetch_filings_for_cik,except Exception as e:,Broad exception returns silent fallback: List.,Pipeline may continue with None/{}/[] as if the stage succeeded.,"Return a typed StageResult with status failed/degraded, or re-raise for fatal stages.",Test that fatal failures in target generation/split/training do not continue silently.,high,3c2efc85a87d1968
P1,error_policy,BROAD_EXCEPTION_SILENT_RETURN,data/collectors/vix_collector.py,92,run,except Exception as e:,Broad exception returns silent fallback: None.,Pipeline may continue with None/{}/[] as if the stage succeeded.,"Return a typed StageResult with status failed/degraded, or re-raise for fatal stages.",Test that fatal failures in target generation/split/training do not continue silently.,high,bf149bb9a79b636a
P1,error_policy,BROAD_EXCEPTION_SILENT_RETURN,data/collectors/vix_collector.py,161,_fetch_vix_data,except Exception as e:,Broad exception returns silent fallback: List.,Pipeline may continue with None/{}/[] as if the stage succeeded.,"Return a typed StageResult with status failed/degraded, or re-raise for fatal stages.",Test that fatal failures in target generation/split/training do not continue silently.,high,def81dae97b934ea
P1,error_policy,BROAD_EXCEPTION_SILENT_RETURN,data/management/connectors/bigquery_connector.py,51,execute_query,except Exception as e:,Broad exception returns silent fallback: None.,Pipeline may continue with None/{}/[] as if the stage succeeded.,"Return a typed StageResult with status failed/degraded, or re-raise for fatal stages.",Test that fatal failures in target generation/split/training do not continue silently.,high,ff04e7edcd866bf2
P1,error_policy,BROAD_EXCEPTION_SILENT_RETURN,data/management/data_versioning.py,35,_load_metadata,except Exception as e:,Broad exception returns silent fallback: Dict.,Pipeline may continue with None/{}/[] as if the stage succeeded.,"Return a typed StageResult with status failed/degraded, or re-raise for fatal stages.",Test that fatal failures in target generation/split/training do not continue silently.,high,fb816c74aadedc51
P1,error_policy,BROAD_EXCEPTION_SILENT_RETURN,devtools/rule_generator.py,53,run_analysis,except Exception as e:,Broad exception returns silent fallback: None.,Pipeline may continue with None/{}/[] as if the stage succeeded.,"Return a typed StageResult with status failed/degraded, or re-raise for fatal stages.",Test that fatal failures in target generation/split/training do not continue silently.,high,2e9e5da385c1a55c
P1,error_policy,BROAD_EXCEPTION_SILENT_RETURN,features/enrichers/news_impact_enricher.py,323,_prepare_traditional_news,except Exception as e:,Broad exception returns silent fallback: None.,Pipeline may continue with None/{}/[] as if the stage succeeded.,"Return a typed StageResult with status failed/degraded, or re-raise for fatal stages.",Test that fatal failures in target generation/split/training do not continue silently.,high,296f389ade9534de
P1,error_policy,BROAD_EXCEPTION_SILENT_RETURN,features/feature_orchestrator.py,87,_process_enricher_class,except Exception as e:,Broad exception returns silent fallback: None.,Pipeline may continue with None/{}/[] as if the stage succeeded.,"Return a typed StageResult with status failed/degraded, or re-raise for fatal stages.",Test that fatal failures in target generation/split/training do not continue silently.,high,2456a37f013f99d7
P1,error_policy,BROAD_EXCEPTION_SILENT_RETURN,features/feature_selection_cache.py,42,_load_cache,except Exception as e:,Broad exception returns silent fallback: Dict.,Pipeline may continue with None/{}/[] as if the stage succeeded.,"Return a typed StageResult with status failed/degraded, or re-raise for fatal stages.",Test that fatal failures in target generation/split/training do not continue silently.,high,a7cffee222bca29a
P1,error_policy,BROAD_EXCEPTION_SILENT_RETURN,features/news_impact_classifier.py,51,_load_impact_config,except Exception as e:,Broad exception returns silent fallback: Dict.,Pipeline may continue with None/{}/[] as if the stage succeeded.,"Return a typed StageResult with status failed/degraded, or re-raise for fatal stages.",Test that fatal failures in target generation/split/training do not continue silently.,high,f020981cc0bf3a60
P1,error_policy,BROAD_EXCEPTION_SILENT_RETURN,features/news_impact_classifier.py,68,_load_sector_mapping,except Exception as e:,Broad exception returns silent fallback: Dict.,Pipeline may continue with None/{}/[] as if the stage succeeded.,"Return a typed StageResult with status failed/degraded, or re-raise for fatal stages.",Test that fatal failures in target generation/split/training do not continue silently.,high,39993240c8613ae5
P1,error_policy,BROAD_EXCEPTION_SILENT_RETURN,features/nlp/extractors/entity_extractor.py,73,extract,except Exception as e:,Broad exception returns silent fallback: List.,Pipeline may continue with None/{}/[] as if the stage succeeded.,"Return a typed StageResult with status failed/degraded, or re-raise for fatal stages.",Test that fatal failures in target generation/split/training do not continue silently.,high,bc1dfa5801cff876
P1,error_policy,BROAD_EXCEPTION_SILENT_RETURN,features/nlp/processors/news_harmonizer.py,13,_get_news_fields,except Exception as e:,Broad exception returns silent fallback: Dict.,Pipeline may continue with None/{}/[] as if the stage succeeded.,"Return a typed StageResult with status failed/degraded, or re-raise for fatal stages.",Test that fatal failures in target generation/split/training do not continue silently.,high,e10d2c3b2086866a
P1,error_policy,BROAD_EXCEPTION_SILENT_RETURN,features/selection/smart_selector.py,261,_lgbm_filter,except Exception as e:,Broad exception returns silent fallback: None.,Pipeline may continue with None/{}/[] as if the stage succeeded.,"Return a typed StageResult with status failed/degraded, or re-raise for fatal stages.",Test that fatal failures in target generation/split/training do not continue silently.,high,b86b4d294bed138f
P1,error_policy,BROAD_EXCEPTION_SILENT_RETURN,features/selection/smart_selector.py,306,_random_forest_filter,except Exception as e:,Broad exception returns silent fallback: None.,Pipeline may continue with None/{}/[] as if the stage succeeded.,"Return a typed StageResult with status failed/degraded, or re-raise for fatal stages.",Test that fatal failures in target generation/split/training do not continue silently.,high,874a5b50bb61eaf7
P1,error_policy,BROAD_EXCEPTION_SILENT_RETURN,features/selection/smart_selector.py,317,_variance_filter,except Exception as e:,Broad exception returns silent fallback: None.,Pipeline may continue with None/{}/[] as if the stage succeeded.,"Return a typed StageResult with status failed/degraded, or re-raise for fatal stages.",Test that fatal failures in target generation/split/training do not continue silently.,high,f7ebd47c3e7e7500
P1,error_policy,BROAD_EXCEPTION_SILENT_RETURN,features/selection/volatility_driver_selector.py,60,select,except Exception as e:,Broad exception returns silent fallback: List.,Pipeline may continue with None/{}/[] as if the stage succeeded.,"Return a typed StageResult with status failed/degraded, or re-raise for fatal stages.",Test that fatal failures in target generation/split/training do not continue silently.,high,aa20021ebbc0229e
P1,error_policy,BROAD_EXCEPTION_SILENT_RETURN,features/utils/modular_adaptive_technical_indicators.py,227,calculate_all_adaptive_indicators,except Exception as e:,Broad exception returns silent fallback: Dict.,Pipeline may continue with None/{}/[] as if the stage succeeded.,"Return a typed StageResult with status failed/degraded, or re-raise for fatal stages.",Test that fatal failures in target generation/split/training do not continue silently.,high,a28647e01affb4b8
P1,error_policy,BROAD_EXCEPTION_SILENT_RETURN,features/utils/modular_adaptive_technical_indicators.py,248,get_adaptive_parameters,except Exception as e:,Broad exception returns silent fallback: Dict.,Pipeline may continue with None/{}/[] as if the stage succeeded.,"Return a typed StageResult with status failed/degraded, or re-raise for fatal stages.",Test that fatal failures in target generation/split/training do not continue silently.,high,65075d78f21afee9
P1,error_policy,BROAD_EXCEPTION_SILENT_RETURN,integration/ensemble_performance_bridge.py,154,_extract_ensemble_metrics,except Exception as e:,Broad exception returns silent fallback: List.,Pipeline may continue with None/{}/[] as if the stage succeeded.,"Return a typed StageResult with status failed/degraded, or re-raise for fatal stages.",Test that fatal failures in target generation/split/training do not continue silently.,high,130a8a52680acc72
P1,error_policy,BROAD_EXCEPTION_SILENT_RETURN,integration/ensemble_performance_bridge.py,185,_convert_to_tracker_format,except Exception as e:,Broad exception returns silent fallback: List.,Pipeline may continue with None/{}/[] as if the stage succeeded.,"Return a typed StageResult with status failed/degraded, or re-raise for fatal stages.",Test that fatal failures in target generation/split/training do not continue silently.,high,e4c90404294488d1
P1,error_policy,BROAD_EXCEPTION_SILENT_RETURN,integration/ensemble_performance_bridge.py,217,_merge_performance_data,except Exception as e:,Broad exception returns silent fallback: Dict.,Pipeline may continue with None/{}/[] as if the stage succeeded.,"Return a typed StageResult with status failed/degraded, or re-raise for fatal stages.",Test that fatal failures in target generation/split/training do not continue silently.,high,72a0c2153f6ec909
P1,error_policy,BROAD_EXCEPTION_SILENT_RETURN,integration/ensemble_performance_bridge.py,238,get_ensemble_weights_for_prediction,except Exception as e:,Broad exception returns silent fallback: Dict.,Pipeline may continue with None/{}/[] as if the stage succeeded.,"Return a typed StageResult with status failed/degraded, or re-raise for fatal stages.",Test that fatal failures in target generation/split/training do not continue silently.,high,67fd1ee4f6f588e3
P1,error_policy,BROAD_EXCEPTION_SILENT_RETURN,meta_learning/memory/diary_engine.py,539,get_contextual_model_weights,except Exception as e:,Broad exception returns silent fallback: Dict.,Pipeline may continue with None/{}/[] as if the stage succeeded.,"Return a typed StageResult with status failed/degraded, or re-raise for fatal stages.",Test that fatal failures in target generation/split/training do not continue silently.,high,af7c05d7a127778c
P1,error_policy,BROAD_EXCEPTION_SILENT_RETURN,metrics/model/ml_evaluator.py,101,_calculate_probabilistic_metrics,except Exception as e:,Broad exception returns silent fallback: Dict.,Pipeline may continue with None/{}/[] as if the stage succeeded.,"Return a typed StageResult with status failed/degraded, or re-raise for fatal stages.",Test that fatal failures in target generation/split/training do not continue silently.,high,ba9a52ba27cb880b
P1,error_policy,BROAD_EXCEPTION_SILENT_RETURN,models/analysis/overfitting_detection/metrics.py,22,calculate_metrics,except Exception as e:,Broad exception returns silent fallback: Dict.,Pipeline may continue with None/{}/[] as if the stage succeeded.,"Return a typed StageResult with status failed/degraded, or re-raise for fatal stages.",Test that fatal failures in target generation/split/training do not continue silently.,high,9c6439b477ecfe79
P1,error_policy,BROAD_EXCEPTION_SILENT_RETURN,models/ensemble/correlation/correlation_engine.py,168,calculate_correlation_matrix,except Exception as e:,Broad exception returns silent fallback: Dict.,Pipeline may continue with None/{}/[] as if the stage succeeded.,"Return a typed StageResult with status failed/degraded, or re-raise for fatal stages.",Test that fatal failures in target generation/split/training do not continue silently.,high,56eb4f1e0a3b3d78
P1,error_policy,BROAD_EXCEPTION_SILENT_RETURN,models/ensemble/correlation/correlation_engine.py,212,calculate_diversity_metrics,except Exception as e:,Broad exception returns silent fallback: Dict.,Pipeline may continue with None/{}/[] as if the stage succeeded.,"Return a typed StageResult with status failed/degraded, or re-raise for fatal stages.",Test that fatal failures in target generation/split/training do not continue silently.,high,16fc3fe6a33fb16e
P1,error_policy,BROAD_EXCEPTION_SILENT_RETURN,models/ensemble/correlation/correlation_engine.py,318,find_redundant_pairs,except Exception as e:,Broad exception returns silent fallback: List.,Pipeline may continue with None/{}/[] as if the stage succeeded.,"Return a typed StageResult with status failed/degraded, or re-raise for fatal stages.",Test that fatal failures in target generation/split/training do not continue silently.,high,141ecaa413cdcfa2
P1,error_policy,BROAD_EXCEPTION_SILENT_RETURN,models/ensemble/correlation/correlation_engine.py,338,select_optimal_subsets,except Exception as e:,Broad exception returns silent fallback: Dict.,Pipeline may continue with None/{}/[] as if the stage succeeded.,"Return a typed StageResult with status failed/degraded, or re-raise for fatal stages.",Test that fatal failures in target generation/split/training do not continue silently.,high,8edecb302c6466e9
P1,error_policy,BROAD_EXCEPTION_SILENT_RETURN,models/ensemble/correlation/correlation_engine.py,395,find_best_subset,except Exception as e:,Broad exception returns silent fallback: None.,Pipeline may continue with None/{}/[] as if the stage succeeded.,"Return a typed StageResult with status failed/degraded, or re-raise for fatal stages.",Test that fatal failures in target generation/split/training do not continue silently.,high,f6d63ccd159e057f
P1,error_policy,BROAD_EXCEPTION_SILENT_RETURN,models/ensemble/correlation/correlation_engine.py,499,get_most_common_redundant_pairs,except Exception as e:,Broad exception returns silent fallback: List.,Pipeline may continue with None/{}/[] as if the stage succeeded.,"Return a typed StageResult with status failed/degraded, or re-raise for fatal stages.",Test that fatal failures in target generation/split/training do not continue silently.,high,3fba27227aa654f7
P1,error_policy,BROAD_EXCEPTION_SILENT_RETURN,models/ensemble/enhanced_ensemble.py,152,_load_single_model,except Exception as e:,Broad exception returns silent fallback: None.,Pipeline may continue with None/{}/[] as if the stage succeeded.,"Return a typed StageResult with status failed/degraded, or re-raise for fatal stages.",Test that fatal failures in target generation/split/training do not continue silently.,high,1337b1d112336fdd
P1,error_policy,BROAD_EXCEPTION_SILENT_RETURN,models/loader.py,221,_load_keras_model,except Exception as e:,Broad exception returns silent fallback: None.,Pipeline may continue with None/{}/[] as if the stage succeeded.,"Return a typed StageResult with status failed/degraded, or re-raise for fatal stages.",Test that fatal failures in target generation/split/training do not continue silently.,high,dab4d373117d9a6b
P1,error_policy,BROAD_EXCEPTION_SILENT_RETURN,models/loader.py,232,_load_keras_model,except Exception as fallback_error:,Broad exception returns silent fallback: None.,Pipeline may continue with None/{}/[] as if the stage succeeded.,"Return a typed StageResult with status failed/degraded, or re-raise for fatal stages.",Test that fatal failures in target generation/split/training do not continue silently.,high,a09cb7c579afa9b6
P1,error_policy,BROAD_EXCEPTION_SILENT_RETURN,models/model_pool.py,137,get_model,except Exception as e:,Broad exception returns silent fallback: None.,Pipeline may continue with None/{}/[] as if the stage succeeded.,"Return a typed StageResult with status failed/degraded, or re-raise for fatal stages.",Test that fatal failures in target generation/split/training do not continue silently.,high,15d411f716c6808e
P1,error_policy,BROAD_EXCEPTION_SILENT_RETURN,models/model_selector/adaptive_selector.py,131,_get_arena_leaderboard,except Exception as e:,Broad exception returns silent fallback: Dict.,Pipeline may continue with None/{}/[] as if the stage succeeded.,"Return a typed StageResult with status failed/degraded, or re-raise for fatal stages.",Test that fatal failures in target generation/split/training do not continue silently.,high,aa61074644e00a53
P1,error_policy,BROAD_EXCEPTION_SILENT_RETURN,models/model_selector/adaptive_selector.py,281,_load_leaderboard,except Exception as e:,Broad exception returns silent fallback: Dict.,Pipeline may continue with None/{}/[] as if the stage succeeded.,"Return a typed StageResult with status failed/degraded, or re-raise for fatal stages.",Test that fatal failures in target generation/split/training do not continue silently.,high,b9fa0d0fab2cbadc
P1,error_policy,BROAD_EXCEPTION_SILENT_RETURN,models/model_selector/smart_selector.py,33,_load_performance_history,except Exception as e:,Broad exception returns silent fallback: Dict.,Pipeline may continue with None/{}/[] as if the stage succeeded.,"Return a typed StageResult with status failed/degraded, or re-raise for fatal stages.",Test that fatal failures in target generation/split/training do not continue silently.,high,44d9d23ccb5b0b20
P1,error_policy,BROAD_EXCEPTION_SILENT_RETURN,models/monitoring/drift/drift_calculator.py,199,calculate_performance_metrics,except Exception as e:,Broad exception returns silent fallback: Dict.,Pipeline may continue with None/{}/[] as if the stage succeeded.,"Return a typed StageResult with status failed/degraded, or re-raise for fatal stages.",Test that fatal failures in target generation/split/training do not continue silently.,high,73e5782c5e83e84b
P1,error_policy,BROAD_EXCEPTION_SILENT_RETURN,models/monitoring/drift/drift_calculator.py,286,calculate_confidence_stats,except Exception as e:,Broad exception returns silent fallback: Dict.,Pipeline may continue with None/{}/[] as if the stage succeeded.,"Return a typed StageResult with status failed/degraded, or re-raise for fatal stages.",Test that fatal failures in target generation/split/training do not continue silently.,high,6f0aadfb87e399fd
P1,error_policy,BROAD_EXCEPTION_SILENT_RETURN,models/neural/transformer_model.py,340,train_transformer_model,except Exception as e:,Broad exception returns silent fallback: None.,Pipeline may continue with None/{}/[] as if the stage succeeded.,"Return a typed StageResult with status failed/degraded, or re-raise for fatal stages.",Test that fatal failures in target generation/split/training do not continue silently.,high,e6e12153bd0b2c4a
P1,error_policy,BROAD_EXCEPTION_SILENT_RETURN,models/prototypes/prototype.py,98,clone,except Exception as e:,Broad exception returns silent fallback: None.,Pipeline may continue with None/{}/[] as if the stage succeeded.,"Return a typed StageResult with status failed/degraded, or re-raise for fatal stages.",Test that fatal failures in target generation/split/training do not continue silently.,high,74335a4040edebf9
P1,error_policy,BROAD_EXCEPTION_SILENT_RETURN,models/statistics/model_statistics.py,84,get_common_issues,except Exception as e:,Broad exception returns silent fallback: List.,Pipeline may continue with None/{}/[] as if the stage succeeded.,"Return a typed StageResult with status failed/degraded, or re-raise for fatal stages.",Test that fatal failures in target generation/split/training do not continue silently.,high,17ea8cb1cede4325
P1,error_policy,BROAD_EXCEPTION_SILENT_RETURN,models/tree/catboost_model.py,144,get_feature_importance,except Exception as e:,Broad exception returns silent fallback: None.,Pipeline may continue with None/{}/[] as if the stage succeeded.,"Return a typed StageResult with status failed/degraded, or re-raise for fatal stages.",Test that fatal failures in target generation/split/training do not continue silently.,high,a884ec0af0a56234
P1,error_policy,BROAD_EXCEPTION_SILENT_RETURN,monitoring/monitoring_system.py,129,collect_metrics,except Exception as e:,Broad exception returns silent fallback: Dict.,Pipeline may continue with None/{}/[] as if the stage succeeded.,"Return a typed StageResult with status failed/degraded, or re-raise for fatal stages.",Test that fatal failures in target generation/split/training do not continue silently.,high,be8c97bdf1fdd672
P1,error_policy,BROAD_EXCEPTION_SILENT_RETURN,monitoring/monitoring_system.py,187,collect_metrics,except Exception as e:,Broad exception returns silent fallback: Dict.,Pipeline may continue with None/{}/[] as if the stage succeeded.,"Return a typed StageResult with status failed/degraded, or re-raise for fatal stages.",Test that fatal failures in target generation/split/training do not continue silently.,high,9fab055f7c43534a
P1,error_policy,BROAD_EXCEPTION_SILENT_RETURN,monitoring/monitoring_system.py,243,collect_metrics,except Exception as e:,Broad exception returns silent fallback: Dict.,Pipeline may continue with None/{}/[] as if the stage succeeded.,"Return a typed StageResult with status failed/degraded, or re-raise for fatal stages.",Test that fatal failures in target generation/split/training do not continue silently.,high,45a040c31939599b
P1,error_policy,BROAD_EXCEPTION_SILENT_RETURN,monitoring/monitoring_system.py,427,_generate_summary,except Exception as e:,Broad exception returns silent fallback: Dict.,Pipeline may continue with None/{}/[] as if the stage succeeded.,"Return a typed StageResult with status failed/degraded, or re-raise for fatal stages.",Test that fatal failures in target generation/split/training do not continue silently.,high,4d9a9479afdb8f61
P1,error_policy,BROAD_EXCEPTION_SILENT_RETURN,optimization/portfolio/optimizer.py,432,compare_optimization_methods,except Exception as e:,Broad exception returns silent fallback: Dict.,Pipeline may continue with None/{}/[] as if the stage succeeded.,"Return a typed StageResult with status failed/degraded, or re-raise for fatal stages.",Test that fatal failures in target generation/split/training do not continue silently.,high,4822a01c4b5d330f
P1,error_policy,BROAD_EXCEPTION_SILENT_RETURN,pipeline/hybrid/selected_features_processor.py,105,_process_selected_features_file,except Exception as e:,Broad exception returns silent fallback: None.,Pipeline may continue with None/{}/[] as if the stage succeeded.,"Return a typed StageResult with status failed/degraded, or re-raise for fatal stages.",Test that fatal failures in target generation/split/training do not continue silently.,high,d5c46d275d1d5d6b
P1,error_policy,BROAD_EXCEPTION_SILENT_RETURN,pipeline/stages/evaluation/backtest_analyzer.py,237,run_backtest,except Exception as e:,Broad exception returns silent fallback: Dict.,Pipeline may continue with None/{}/[] as if the stage succeeded.,"Return a typed StageResult with status failed/degraded, or re-raise for fatal stages.",Test that fatal failures in target generation/split/training do not continue silently.,high,ea9d677c661c0a87
P1,error_policy,BROAD_EXCEPTION_SILENT_RETURN,pipeline/stages/evaluation/metrics_calculator.py,69,calculate_financial_metrics,except Exception as e:,Broad exception returns silent fallback: Dict.,Pipeline may continue with None/{}/[] as if the stage succeeded.,"Return a typed StageResult with status failed/degraded, or re-raise for fatal stages.",Test that fatal failures in target generation/split/training do not continue silently.,high,6a6f088db09f23a4
P1,error_policy,BROAD_EXCEPTION_SILENT_RETURN,pipeline/stages/evaluation/metrics_calculator.py,107,_calculate_basic_metrics,except Exception as e:,Broad exception returns silent fallback: Dict.,Pipeline may continue with None/{}/[] as if the stage succeeded.,"Return a typed StageResult with status failed/degraded, or re-raise for fatal stages.",Test that fatal failures in target generation/split/training do not continue silently.,high,2fb7460a77d0777e
P1,error_policy,BROAD_EXCEPTION_SILENT_RETURN,pipeline/stages/evaluation/metrics_calculator.py,141,calculate_pattern_specific_metrics,except Exception as e:,Broad exception returns silent fallback: Dict.,Pipeline may continue with None/{}/[] as if the stage succeeded.,"Return a typed StageResult with status failed/degraded, or re-raise for fatal stages.",Test that fatal failures in target generation/split/training do not continue silently.,high,db3ea8779dccc315
P1,error_policy,BROAD_EXCEPTION_SILENT_RETURN,pipeline/stages/evaluation/metrics_calculator.py,202,generate_expertise_map,except Exception as e:,Broad exception returns silent fallback: Dict.,Pipeline may continue with None/{}/[] as if the stage succeeded.,"Return a typed StageResult with status failed/degraded, or re-raise for fatal stages.",Test that fatal failures in target generation/split/training do not continue silently.,high,a97437ce1d3ee3b9
P1,error_policy,BROAD_EXCEPTION_SILENT_RETURN,pipeline/stages/modeling/orchestration.py,55,create_ensemble_from_top_models_async,except Exception as e:,Broad exception returns silent fallback: None.,Pipeline may continue with None/{}/[] as if the stage succeeded.,"Return a typed StageResult with status failed/degraded, or re-raise for fatal stages.",Test that fatal failures in target generation/split/training do not continue silently.,high,bcb36cc3ecca65cc
P1,error_policy,BROAD_EXCEPTION_SILENT_RETURN,pipeline/stages/prediction/data_preparer.py,301,_create_fallback_scaler,except Exception as e:,Broad exception returns silent fallback: None.,Pipeline may continue with None/{}/[] as if the stage succeeded.,"Return a typed StageResult with status failed/degraded, or re-raise for fatal stages.",Test that fatal failures in target generation/split/training do not continue silently.,high,714db0eb8ac8fff5
P1,error_policy,BROAD_EXCEPTION_SILENT_RETURN,pipeline/stages/prediction/scaler_service.py,89,load_target_scaler,except Exception as e:,Broad exception returns silent fallback: None.,Pipeline may continue with None/{}/[] as if the stage succeeded.,"Return a typed StageResult with status failed/degraded, or re-raise for fatal stages.",Test that fatal failures in target generation/split/training do not continue silently.,high,c949ae234a7a2c09
P1,error_policy,BROAD_EXCEPTION_SILENT_RETURN,predictions/caching.py,89,_hash_features,except Exception as e:,Broad exception returns silent fallback: None.,Pipeline may continue with None/{}/[] as if the stage succeeded.,"Return a typed StageResult with status failed/degraded, or re-raise for fatal stages.",Test that fatal failures in target generation/split/training do not continue silently.,high,a24f08adbccb3d7b
P1,error_policy,BROAD_EXCEPTION_SILENT_RETURN,risk/metrics.py,41,calculate_portfolio_returns,except Exception as e:,Broad exception returns silent fallback: List.,Pipeline may continue with None/{}/[] as if the stage succeeded.,"Return a typed StageResult with status failed/degraded, or re-raise for fatal stages.",Test that fatal failures in target generation/split/training do not continue silently.,high,5b21315c31e05b4f
P1,error_policy,BROAD_EXCEPTION_SILENT_RETURN,risk/metrics.py,82,calculate_portfolio_metrics,except Exception as e:,Broad exception returns silent fallback: Dict.,Pipeline may continue with None/{}/[] as if the stage succeeded.,"Return a typed StageResult with status failed/degraded, or re-raise for fatal stages.",Test that fatal failures in target generation/split/training do not continue silently.,high,9250c9df963d7053
P1,error_policy,BROAD_EXCEPTION_SILENT_RETURN,risk/metrics.py,134,calculate_position_metrics,except Exception as e:,Broad exception returns silent fallback: Dict.,Pipeline may continue with None/{}/[] as if the stage succeeded.,"Return a typed StageResult with status failed/degraded, or re-raise for fatal stages.",Test that fatal failures in target generation/split/training do not continue silently.,high,0a0bd149ae26dd91
P1,error_policy,BROAD_EXCEPTION_SILENT_RETURN,risk/metrics.py,229,analyze_market_conditions,except Exception as e:,Broad exception returns silent fallback: Dict.,Pipeline may continue with None/{}/[] as if the stage succeeded.,"Return a typed StageResult with status failed/degraded, or re-raise for fatal stages.",Test that fatal failures in target generation/split/training do not continue silently.,high,970f04e93e58ec97
P1,error_policy,BROAD_EXCEPTION_SILENT_RETURN,simulation/simulation_engine.py,115,_run_single_path_simulation,except Exception as e:,Broad exception returns silent fallback: None.,Pipeline may continue with None/{}/[] as if the stage succeeded.,"Return a typed StageResult with status failed/degraded, or re-raise for fatal stages.",Test that fatal failures in target generation/split/training do not continue silently.,high,71c858770cd805c6
P1,error_policy,BROAD_EXCEPTION_SILENT_RETURN,trading/portfolio_manager.py,272,optimize_allocation,except Exception as e:,Broad exception returns silent fallback: List.,Pipeline may continue with None/{}/[] as if the stage succeeded.,"Return a typed StageResult with status failed/degraded, or re-raise for fatal stages.",Test that fatal failures in target generation/split/training do not continue silently.,high,6d05273207ffa351
P1,error_policy,BROAD_EXCEPTION_SILENT_RETURN,trading/signal_processor.py,88,_run_knn_analysis,except Exception as e:,Broad exception returns silent fallback: None.,Pipeline may continue with None/{}/[] as if the stage succeeded.,"Return a typed StageResult with status failed/degraded, or re-raise for fatal stages.",Test that fatal failures in target generation/split/training do not continue silently.,high,7618104922d997a3
P1,error_policy,BROAD_EXCEPTION_SILENT_RETURN,utils/trading_calendar.py,79,get_previous_trading_days,except Exception as e:,Broad exception returns silent fallback: List.,Pipeline may continue with None/{}/[] as if the stage succeeded.,"Return a typed StageResult with status failed/degraded, or re-raise for fatal stages.",Test that fatal failures in target generation/split/training do not continue silently.,high,26c335eee1faf5a0
P1,financial_math,SHARPE_SORTINO_STD_ZERO_REVIEW,algorithms/advanced_backtest_engine.py,65,,"def _calculate_sharpe(self, equity: pd.Series, risk_free_rate: float=0.02",Sharpe/Sortino calculation near std usage without obvious zero-std guard.,Constant returns can produce inf/nan Sharpe and break model ranking/risk reports.,Guard zero/near-zero denominator explicitly and return status/NaN instead of silent 0 unless policy says otherwise.,Test constant returns and single-observation returns.,low,168b8999b1c40915
P1,financial_math,SHARPE_SORTINO_STD_ZERO_REVIEW,algorithms/advanced_backtest_engine.py,125,,sharpe_values = [],Sharpe/Sortino calculation near std usage without obvious zero-std guard.,Constant returns can produce inf/nan Sharpe and break model ranking/risk reports.,Guard zero/near-zero denominator explicitly and return status/NaN instead of silent 0 unless policy says otherwise.,Test constant returns and single-observation returns.,low,a586eaefc2ffa8d5
P1,financial_math,SHARPE_SORTINO_STD_ZERO_REVIEW,algorithms/advanced_backtest_engine.py,129,,"sharpe_values.append(perf.get('sharpe', 0))",Sharpe/Sortino calculation near std usage without obvious zero-std guard.,Constant returns can produce inf/nan Sharpe and break model ranking/risk reports.,Guard zero/near-zero denominator explicitly and return status/NaN instead of silent 0 unless policy says otherwise.,Test constant returns and single-observation returns.,low,4b75807bd0b19587
P1,financial_math,SHARPE_SORTINO_STD_ZERO_REVIEW,algorithms/advanced_backtest_engine.py,130,,if len(sharpe_values) < 2:,Sharpe/Sortino calculation near std usage without obvious zero-std guard.,Constant returns can produce inf/nan Sharpe and break model ranking/risk reports.,Guard zero/near-zero denominator explicitly and return status/NaN instead of silent 0 unless policy says otherwise.,Test constant returns and single-observation returns.,low,4f210d71cc87623a
P1,financial_math,SHARPE_SORTINO_STD_ZERO_REVIEW,algorithms/advanced_backtest_engine.py,132,,std_sharpe = np.std(sharpe_values),Sharpe/Sortino calculation near std usage without obvious zero-std guard.,Constant returns can produce inf/nan Sharpe and break model ranking/risk reports.,Guard zero/near-zero denominator explicitly and return status/NaN instead of silent 0 unless policy says otherwise.,Test constant returns and single-observation returns.,low,e984cb9f2cd21fc1
P1,financial_math,SHARPE_SORTINO_STD_ZERO_REVIEW,algorithms/advanced_backtest_engine.py,133,,mean_sharpe = np.mean(sharpe_values),Sharpe/Sortino calculation near std usage without obvious zero-std guard.,Constant returns can produce inf/nan Sharpe and break model ranking/risk reports.,Guard zero/near-zero denominator explicitly and return status/NaN instead of silent 0 unless policy says otherwise.,Test constant returns and single-observation returns.,low,aad0f0a35db7e52e
P1,financial_math,SHARPE_SORTINO_STD_ZERO_REVIEW,algorithms/advanced_backtest_engine.py,134,,if mean_sharpe != 0:,Sharpe/Sortino calculation near std usage without obvious zero-std guard.,Constant returns can produce inf/nan Sharpe and break model ranking/risk reports.,Guard zero/near-zero denominator explicitly and return status/NaN instead of silent 0 unless policy says otherwise.,Test constant returns and single-observation returns.,low,6a3f2e1b721ff2bd
P1,financial_math,SHARPE_SORTINO_STD_ZERO_REVIEW,algorithms/advanced_backtest_engine.py,135,,cv = abs(std_sharpe / mean_sharpe),Sharpe/Sortino calculation near std usage without obvious zero-std guard.,Constant returns can produce inf/nan Sharpe and break model ranking/risk reports.,Guard zero/near-zero denominator explicitly and return status/NaN instead of silent 0 unless policy says otherwise.,Test constant returns and single-observation returns.,low,1270ce7af8578de4
P1,financial_math,SHARPE_SORTINO_STD_ZERO_REVIEW,algorithms/advanced_backtest_engine.py,148,,"return {'return': 0.0, 'sharpe': 0.0, 'max_drawdown': 0.0}",Sharpe/Sortino calculation near std usage without obvious zero-std guard.,Constant returns can produce inf/nan Sharpe and break model ranking/risk reports.,Guard zero/near-zero denominator explicitly and return status/NaN instead of silent 0 unless policy says otherwise.,Test constant returns and single-observation returns.,low,59037b5c85bc18cf
P1,financial_math,SHARPE_SORTINO_STD_ZERO_REVIEW,algorithms/advanced_backtest_engine.py,154,,"return {'return': 0.0, 'sharpe': 0.0, 'max_drawdown': 0.0}",Sharpe/Sortino calculation near std usage without obvious zero-std guard.,Constant returns can produce inf/nan Sharpe and break model ranking/risk reports.,Guard zero/near-zero denominator explicitly and return status/NaN instead of silent 0 unless policy says otherwise.,Test constant returns and single-observation returns.,low,6395f1986944a4cd
P1,financial_math,SHARPE_SORTINO_STD_ZERO_REVIEW,algorithms/advanced_backtest_engine.py,157,,sharpe = returns.mean() / std_val * np.sqrt(252,Sharpe/Sortino calculation near std usage without obvious zero-std guard.,Constant returns can produce inf/nan Sharpe and break model ranking/risk reports.,Guard zero/near-zero denominator explicitly and return status/NaN instead of silent 0 unless policy says otherwise.,Test constant returns and single-observation returns.,low,30e298a6dac9fffd
P1,financial_math,SHARPE_SORTINO_STD_ZERO_REVIEW,algorithms/walk_forward_optimizer.py,126,,"return {""return"": 0.0, ""sharpe"": 0.0, ""max_drawdown"": 0.0}",Sharpe/Sortino calculation near std usage without obvious zero-std guard.,Constant returns can produce inf/nan Sharpe and break model ranking/risk reports.,Guard zero/near-zero denominator explicitly and return status/NaN instead of silent 0 unless policy says otherwise.,Test constant returns and single-observation returns.,low,2eea9399a5b56989
P1,financial_math,SHARPE_SORTINO_STD_ZERO_REVIEW,algorithms/walk_forward_optimizer.py,131,,"return {""return"": 0.0, ""sharpe"": 0.0, ""max_drawdown"": 0.0}",Sharpe/Sortino calculation near std usage without obvious zero-std guard.,Constant returns can produce inf/nan Sharpe and break model ranking/risk reports.,Guard zero/near-zero denominator explicitly and return status/NaN instead of silent 0 unless policy says otherwise.,Test constant returns and single-observation returns.,low,e98f60a14696ec95
P1,financial_math,SHARPE_SORTINO_STD_ZERO_REVIEW,algorithms/walk_forward_optimizer.py,134,,sharpe = float(returns.mean() / std_val * np.sqrt(252)) if std_val > 0 else 0.0,Sharpe/Sortino calculation near std usage without obvious zero-std guard.,Constant returns can produce inf/nan Sharpe and break model ranking/risk reports.,Guard zero/near-zero denominator explicitly and return status/NaN instead of silent 0 unless policy says otherwise.,Test constant returns and single-observation returns.,low,b99e58aafe8ab6e9
P1,financial_math,SHARPE_SORTINO_STD_ZERO_REVIEW,algorithms/walk_forward_optimizer.py,138,,"return {""return"": total_return, ""sharpe"": sharpe, ""max_drawdown"": max_drawdown}",Sharpe/Sortino calculation near std usage without obvious zero-std guard.,Constant returns can produce inf/nan Sharpe and break model ranking/risk reports.,Guard zero/near-zero denominator explicitly and return status/NaN instead of silent 0 unless policy says otherwise.,Test constant returns and single-observation returns.,low,5e4f111b0f4f7a8a
P1,financial_math,SHARPE_SORTINO_STD_ZERO_REVIEW,analytics/analyzers/hedge_fund_analyzer.py,84,,metrics['sharpe_ratio',Sharpe/Sortino calculation near std usage without obvious zero-std guard.,Constant returns can produce inf/nan Sharpe and break model ranking/risk reports.,Guard zero/near-zero denominator explicitly and return status/NaN instead of silent 0 unless policy says otherwise.,Test constant returns and single-observation returns.,low,1e02e830c0987cf2
P1,financial_math,SHARPE_SORTINO_STD_ZERO_REVIEW,analytics/analyzers/hedge_fund_analyzer.py,85,,"] = RiskRewardCalculator.calculate_sharpe_ratio(returns,",Sharpe/Sortino calculation near std usage without obvious zero-std guard.,Constant returns can produce inf/nan Sharpe and break model ranking/risk reports.,Guard zero/near-zero denominator explicitly and return status/NaN instead of silent 0 unless policy says otherwise.,Test constant returns and single-observation returns.,low,c0175e42a2516631
P1,financial_math,SHARPE_SORTINO_STD_ZERO_REVIEW,analytics/analyzers/performance_attribution_analyzer.py,108,,port_sharpe = ((port_returns.mean() - const_rf_daily) / port_std * np.sqrt(252)) if port_std > 0 else 0.0,Sharpe/Sortino calculation near std usage without obvious zero-std guard.,Constant returns can produce inf/nan Sharpe and break model ranking/risk reports.,Guard zero/near-zero denominator explicitly and return status/NaN instead of silent 0 unless policy says otherwise.,Test constant returns and single-observation returns.,low,d6e4388c486b088a
P1,financial_math,VAR_SIGN_OR_EMPTY_DATA_REVIEW,analytics/analyzers/risk_decomposition_analyzer.py,119,,"var_05_threshold = np.percentile(weighted_returns, 5)",VaR percentile/zero-return pattern found.,VaR sign and empty-data behavior are often inconsistent; returning 0 for no data means false no-risk.,"Use var_loss_positive naming, return insufficient_data for empty returns, and apply/document horizon scaling.","Test empty returns, positive-only returns, negative tail returns, and time_horizon > 1.",medium,1474ac820c2cd449
P1,financial_math,SHARPE_SORTINO_STD_ZERO_REVIEW,analytics/analyzers/risk_decomposition_analyzer.py,127,,realized_sharpe = excess_mean / np.std(weighted_returns) * np.sqrt(,Sharpe/Sortino calculation near std usage without obvious zero-std guard.,Constant returns can produce inf/nan Sharpe and break model ranking/risk reports.,Guard zero/near-zero denominator explicitly and return status/NaN instead of silent 0 unless policy says otherwise.,Test constant returns and single-observation returns.,low,91e56b3847a4a52b
P1,financial_math,SHARPE_SORTINO_STD_ZERO_REVIEW,analytics/arena/arena_battle.py,390,,sharpe_ratio = np.mean(predictions) / (np.std(predictions) + 1e-08,Sharpe/Sortino calculation near std usage without obvious zero-std guard.,Constant returns can produce inf/nan Sharpe and break model ranking/risk reports.,Guard zero/near-zero denominator explicitly and return status/NaN instead of silent 0 unless policy says otherwise.,Test constant returns and single-observation returns.,low,8e7c35927d2bb9a1
P1,financial_math,SHARPE_SORTINO_STD_ZERO_REVIEW,analytics/arena/arena_battle.py,393,,"recall=accuracy, f1_score=accuracy, sharpe_ratio=",Sharpe/Sortino calculation near std usage without obvious zero-std guard.,Constant returns can produce inf/nan Sharpe and break model ranking/risk reports.,Guard zero/near-zero denominator explicitly and return status/NaN instead of silent 0 unless policy says otherwise.,Test constant returns and single-observation returns.,low,d480a5217075e439
P1,financial_math,SHARPE_SORTINO_STD_ZERO_REVIEW,analytics/arena/arena_battle.py,394,,"sharpe_ratio, max_drawdown=0.0, win_rate=accuracy,",Sharpe/Sortino calculation near std usage without obvious zero-std guard.,Constant returns can produce inf/nan Sharpe and break model ranking/risk reports.,Guard zero/near-zero denominator explicitly and return status/NaN instead of silent 0 unless policy says otherwise.,Test constant returns and single-observation returns.,low,f831232968a770a1
P1,financial_math,SHARPE_SORTINO_STD_ZERO_REVIEW,analytics/calculators/fama_french_factors.py,241,,"'annualized_sharpe': float((f_series.mean() / f_series.std()) * np.sqrt(252)) if f_series.std() != 0 else 0.0,",Sharpe/Sortino calculation near std usage without obvious zero-std guard.,Constant returns can produce inf/nan Sharpe and break model ranking/risk reports.,Guard zero/near-zero denominator explicitly and return status/NaN instead of silent 0 unless policy says otherwise.,Test constant returns and single-observation returns.,low,0133fcb8271b9fc9
P1,financial_math,SHARPE_SORTINO_STD_ZERO_REVIEW,analytics/calculators/risk_reward_calculator.py,76,,"def calculate_sharpe_ratio(returns: pd.Series, config: Optional[TradeConfig] = None) -> float:",Sharpe/Sortino calculation near std usage without obvious zero-std guard.,Constant returns can produce inf/nan Sharpe and break model ranking/risk reports.,Guard zero/near-zero denominator explicitly and return status/NaN instead of silent 0 unless policy says otherwise.,Test constant returns and single-observation returns.,low,077c88f37abbeee0
P1,financial_math,SHARPE_SORTINO_STD_ZERO_REVIEW,analytics/calculators/risk_reward_calculator.py,77,,"""""""Calculates the annualized Sharpe Ratio.""""""",Sharpe/Sortino calculation near std usage without obvious zero-std guard.,Constant returns can produce inf/nan Sharpe and break model ranking/risk reports.,Guard zero/near-zero denominator explicitly and return status/NaN instead of silent 0 unless policy says otherwise.,Test constant returns and single-observation returns.,low,3b2b98f6a56f4162
P1,financial_math,SHARPE_SORTINO_STD_ZERO_REVIEW,analytics/calculators/risk_reward_calculator.py,85,,annualized_sharpe = (excess_returns.mean() / excess_returns.std()) * np.sqrt(config.periods_per_year),Sharpe/Sortino calculation near std usage without obvious zero-std guard.,Constant returns can produce inf/nan Sharpe and break model ranking/risk reports.,Guard zero/near-zero denominator explicitly and return status/NaN instead of silent 0 unless policy says otherwise.,Test constant returns and single-observation returns.,low,b3a88a9909f805c5
P1,financial_math,SHARPE_SORTINO_STD_ZERO_REVIEW,analytics/calculators/risk_reward_calculator.py,86,,return float(annualized_sharpe),Sharpe/Sortino calculation near std usage without obvious zero-std guard.,Constant returns can produce inf/nan Sharpe and break model ranking/risk reports.,Guard zero/near-zero denominator explicitly and return status/NaN instead of silent 0 unless policy says otherwise.,Test constant returns and single-observation returns.,low,2843630fad87368d
P1,financial_math,SHARPE_SORTINO_STD_ZERO_REVIEW,analytics/calculators/risk_reward_calculator.py,106,,sortino_ratio = (expected_return - target_return) / downside_std,Sharpe/Sortino calculation near std usage without obvious zero-std guard.,Constant returns can produce inf/nan Sharpe and break model ranking/risk reports.,Guard zero/near-zero denominator explicitly and return status/NaN instead of silent 0 unless policy says otherwise.,Test constant returns and single-observation returns.,low,5a86bb405ec60c4b
P1,financial_math,SHARPE_SORTINO_STD_ZERO_REVIEW,analytics/calculators/risk_reward_calculator.py,107,,annualized_sortino = sortino_ratio * np.sqrt(config.periods_per_year),Sharpe/Sortino calculation near std usage without obvious zero-std guard.,Constant returns can produce inf/nan Sharpe and break model ranking/risk reports.,Guard zero/near-zero denominator explicitly and return status/NaN instead of silent 0 unless policy says otherwise.,Test constant returns and single-observation returns.,low,420841eb820c6a22
P1,financial_math,SHARPE_SORTINO_STD_ZERO_REVIEW,analytics/calculators/risk_reward_calculator.py,108,,return float(annualized_sortino),Sharpe/Sortino calculation near std usage without obvious zero-std guard.,Constant returns can produce inf/nan Sharpe and break model ranking/risk reports.,Guard zero/near-zero denominator explicitly and return status/NaN instead of silent 0 unless policy says otherwise.,Test constant returns and single-observation returns.,low,a9e89ebc0485225a
P1,financial_math,VAR_SIGN_OR_EMPTY_DATA_REVIEW,analytics/calculators/risk_reward_calculator.py,152,,var = returns.quantile(quantile),VaR percentile/zero-return pattern found.,VaR sign and empty-data behavior are often inconsistent; returning 0 for no data means false no-risk.,"Use var_loss_positive naming, return insufficient_data for empty returns, and apply/document horizon scaling.","Test empty returns, positive-only returns, negative tail returns, and time_horizon > 1.",medium,18d0321c58a8c20d
P1,financial_math,SHARPE_SORTINO_STD_ZERO_REVIEW,backtesting/advanced/advanced_engine.py,198,,"return {'return': 0.0, 'sharpe': 0.0, 'max_drawdown': 0.0}",Sharpe/Sortino calculation near std usage without obvious zero-std guard.,Constant returns can produce inf/nan Sharpe and break model ranking/risk reports.,Guard zero/near-zero denominator explicitly and return status/NaN instead of silent 0 unless policy says otherwise.,Test constant returns and single-observation returns.,low,93aebc6ab00a20e1
P1,financial_math,SHARPE_SORTINO_STD_ZERO_REVIEW,backtesting/advanced/advanced_engine.py,204,,"return {'return': 0.0, 'sharpe': 0.0, 'max_drawdown': 0.0}",Sharpe/Sortino calculation near std usage without obvious zero-std guard.,Constant returns can produce inf/nan Sharpe and break model ranking/risk reports.,Guard zero/near-zero denominator explicitly and return status/NaN instead of silent 0 unless policy says otherwise.,Test constant returns and single-observation returns.,low,fcf21d08df86ecd8
P1,financial_math,SHARPE_SORTINO_STD_ZERO_REVIEW,backtesting/advanced/advanced_engine.py,207,,sharpe = returns.mean() / std_val * np.sqrt(252) if std_val > 0 else 0.0,Sharpe/Sortino calculation near std usage without obvious zero-std guard.,Constant returns can produce inf/nan Sharpe and break model ranking/risk reports.,Guard zero/near-zero denominator explicitly and return status/NaN instead of silent 0 unless policy says otherwise.,Test constant returns and single-observation returns.,low,c53cc006c6eacc2c
P1,financial_math,SHARPE_SORTINO_STD_ZERO_REVIEW,backtesting/advanced/advanced_engine.py,364,,"def _calculate_sharpe(self, equity: pd.Series, risk_free_rate: float=0.02",Sharpe/Sortino calculation near std usage without obvious zero-std guard.,Constant returns can produce inf/nan Sharpe and break model ranking/risk reports.,Guard zero/near-zero denominator explicitly and return status/NaN instead of silent 0 unless policy says otherwise.,Test constant returns and single-observation returns.,low,43b3b3caf1f177f5
P1,financial_math,SHARPE_SORTINO_STD_ZERO_REVIEW,backtesting/advanced/advanced_engine.py,366,,"""""""Розрахунок Sharpe Ratio""""""",Sharpe/Sortino calculation near std usage without obvious zero-std guard.,Constant returns can produce inf/nan Sharpe and break model ranking/risk reports.,Guard zero/near-zero denominator explicitly and return status/NaN instead of silent 0 unless policy says otherwise.,Test constant returns and single-observation returns.,low,975bad3f5e35700f
P1,financial_math,SHARPE_SORTINO_STD_ZERO_REVIEW,calibration/calibration_engine.py,267,,return float(avg_sharpe),Sharpe/Sortino calculation near std usage without obvious zero-std guard.,Constant returns can produce inf/nan Sharpe and break model ranking/risk reports.,Guard zero/near-zero denominator explicitly and return status/NaN instead of silent 0 unless policy says otherwise.,Test constant returns and single-observation returns.,low,199266b0a96d87b8
P1,financial_math,SHARPE_SORTINO_STD_ZERO_REVIEW,calibration/calibration_engine.py,269,,"def _calculate_sharpe_ratio(self, y_true: np.ndarray, y_pred: np.ndarray",Sharpe/Sortino calculation near std usage without obvious zero-std guard.,Constant returns can produce inf/nan Sharpe and break model ranking/risk reports.,Guard zero/near-zero denominator explicitly and return status/NaN instead of silent 0 unless policy says otherwise.,Test constant returns and single-observation returns.,low,c6062ee6447065a0
P1,financial_math,SHARPE_SORTINO_STD_ZERO_REVIEW,calibration/calibration_engine.py,271,,"""""""Calculate Sharpe ratio from predictions.""""""",Sharpe/Sortino calculation near std usage without obvious zero-std guard.,Constant returns can produce inf/nan Sharpe and break model ranking/risk reports.,Guard zero/near-zero denominator explicitly and return status/NaN instead of silent 0 unless policy says otherwise.,Test constant returns and single-observation returns.,low,65301de9f7e082e7
P1,financial_math,SHARPE_SORTINO_STD_ZERO_REVIEW,calibration/calibration_engine.py,278,,sharpe = mean_return / std_return * np.sqrt(252),Sharpe/Sortino calculation near std usage without obvious zero-std guard.,Constant returns can produce inf/nan Sharpe and break model ranking/risk reports.,Guard zero/near-zero denominator explicitly and return status/NaN instead of silent 0 unless policy says otherwise.,Test constant returns and single-observation returns.,low,0bb7c5e911725c02
P1,financial_math,SHARPE_SORTINO_STD_ZERO_REVIEW,calibration/calibration_engine.py,279,,"sharpe = np.clip(sharpe, -5.0, 5.0)",Sharpe/Sortino calculation near std usage without obvious zero-std guard.,Constant returns can produce inf/nan Sharpe and break model ranking/risk reports.,Guard zero/near-zero denominator explicitly and return status/NaN instead of silent 0 unless policy says otherwise.,Test constant returns and single-observation returns.,low,c5bae2d3aacc005b
P1,financial_math,SHARPE_SORTINO_STD_ZERO_REVIEW,calibration/calibration_engine.py,280,,return float(sharpe),Sharpe/Sortino calculation near std usage without obvious zero-std guard.,Constant returns can produce inf/nan Sharpe and break model ranking/risk reports.,Guard zero/near-zero denominator explicitly and return status/NaN instead of silent 0 unless policy says otherwise.,Test constant returns and single-observation returns.,low,b970a3165cc945b3
P1,financial_math,SHARPE_SORTINO_STD_ZERO_REVIEW,meta_learning/memory/diary_engine.py,402,,sharpe = (np.mean(returns) / np.std(returns) * np.sqrt(252)) if np.std(returns) != 0 else 0,Sharpe/Sortino calculation near std usage without obvious zero-std guard.,Constant returns can produce inf/nan Sharpe and break model ranking/risk reports.,Guard zero/near-zero denominator explicitly and return status/NaN instead of silent 0 unless policy says otherwise.,Test constant returns and single-observation returns.,low,536a3f13787c95b6
P1,financial_math,SHARPE_SORTINO_STD_ZERO_REVIEW,meta_learning/real_time_learning.py,272,,"""""""Розраховує Sharpe ratio""""""",Sharpe/Sortino calculation near std usage without obvious zero-std guard.,Constant returns can produce inf/nan Sharpe and break model ranking/risk reports.,Guard zero/near-zero denominator explicitly and return status/NaN instead of silent 0 unless policy says otherwise.,Test constant returns and single-observation returns.,low,ef68ebcfd9045058
P1,financial_math,SHARPE_SORTINO_STD_ZERO_REVIEW,metrics/financial/financial_metrics_library.py,51,,def calculate_sharpe_ratio(,Sharpe/Sortino calculation near std usage without obvious zero-std guard.,Constant returns can produce inf/nan Sharpe and break model ranking/risk reports.,Guard zero/near-zero denominator explicitly and return status/NaN instead of silent 0 unless policy says otherwise.,Test constant returns and single-observation returns.,low,8d35c1ef19ccfa57
P1,financial_math,SHARPE_SORTINO_STD_ZERO_REVIEW,metrics/financial/financial_metrics_library.py,54,,"""""""Calculates annualized Sharpe Ratio.""""""",Sharpe/Sortino calculation near std usage without obvious zero-std guard.,Constant returns can produce inf/nan Sharpe and break model ranking/risk reports.,Guard zero/near-zero denominator explicitly and return status/NaN instead of silent 0 unless policy says otherwise.,Test constant returns and single-observation returns.,low,b75e7d0ab40a753d
P1,financial_math,VAR_SIGN_OR_EMPTY_DATA_REVIEW,metrics/financial/financial_metrics_library.py,182,,"return {""var"": 0.0, ""cvar"": 0.0}",VaR percentile/zero-return pattern found.,VaR sign and empty-data behavior are often inconsistent; returning 0 for no data means false no-risk.,"Use var_loss_positive naming, return insufficient_data for empty returns, and apply/document horizon scaling.","Test empty returns, positive-only returns, negative tail returns, and time_horizon > 1.",medium,f873d7f066535916
P1,financial_math,VAR_SIGN_OR_EMPTY_DATA_REVIEW,metrics/financial/financial_metrics_library.py,184,,var = returns.quantile(quantile),VaR percentile/zero-return pattern found.,VaR sign and empty-data behavior are often inconsistent; returning 0 for no data means false no-risk.,"Use var_loss_positive naming, return insufficient_data for empty returns, and apply/document horizon scaling.","Test empty returns, positive-only returns, negative tail returns, and time_horizon > 1.",medium,d2978c50798cec24
P1,financial_math,SHARPE_SORTINO_STD_ZERO_REVIEW,metrics/financial/portfolio_metrics.py,84,,sharpe_ratio = (excess_returns.mean() / excess_returns.std()) * np.sqrt(self._trading_days_per_year) if excess_returns.std() > 0 else 0.0,Sharpe/Sortino calculation near std usage without obvious zero-std guard.,Constant returns can produce inf/nan Sharpe and break model ranking/risk reports.,Guard zero/near-zero denominator explicitly and return status/NaN instead of silent 0 unless policy says otherwise.,Test constant returns and single-observation returns.,low,33c00d76bd1c54ef
P1,financial_math,SHARPE_SORTINO_STD_ZERO_REVIEW,metrics/financial/portfolio_metrics.py,88,,sortino_ratio = (annualized_return - risk_free_rate) / downside_std if downside_std > 0 else 0.0,Sharpe/Sortino calculation near std usage without obvious zero-std guard.,Constant returns can produce inf/nan Sharpe and break model ranking/risk reports.,Guard zero/near-zero denominator explicitly and return status/NaN instead of silent 0 unless policy says otherwise.,Test constant returns and single-observation returns.,low,1eda1300d872230a
P1,financial_math,SHARPE_SORTINO_STD_ZERO_REVIEW,monitoring/health_hub.py,286,,"for metric in ['win_rate', 'sharpe_ratio']:",Sharpe/Sortino calculation near std usage without obvious zero-std guard.,Constant returns can produce inf/nan Sharpe and break model ranking/risk reports.,Guard zero/near-zero denominator explicitly and return status/NaN instead of silent 0 unless policy says otherwise.,Test constant returns and single-observation returns.,low,a3d34bc28f4c73fb
P1,financial_math,SHARPE_SORTINO_STD_ZERO_REVIEW,pipeline/stages/evaluation/metrics_calculator.py,85,,sharpe_ratio = returns.mean() / (volatility + 1e-9) if volatility > 0 else 0,Sharpe/Sortino calculation near std usage without obvious zero-std guard.,Constant returns can produce inf/nan Sharpe and break model ranking/risk reports.,Guard zero/near-zero denominator explicitly and return status/NaN instead of silent 0 unless policy says otherwise.,Test constant returns and single-observation returns.,low,43b9ef09456a4e1c
P1,financial_math,VAR_SIGN_OR_EMPTY_DATA_REVIEW,risk/elite_risk_metrics.py,94,,var_percentile = (1 - confidence_level) * 100,VaR percentile/zero-return pattern found.,VaR sign and empty-data behavior are often inconsistent; returning 0 for no data means false no-risk.,"Use var_loss_positive naming, return insufficient_data for empty returns, and apply/document horizon scaling.","Test empty returns, positive-only returns, negative tail returns, and time_horizon > 1.",medium,2ec5d68b7d98d645
P1,financial_math,VAR_SIGN_OR_EMPTY_DATA_REVIEW,risk/elite_risk_metrics.py,95,,"var_value: float = float(-np.percentile(recent_returns, var_percentile)",VaR percentile/zero-return pattern found.,VaR sign and empty-data behavior are often inconsistent; returning 0 for no data means false no-risk.,"Use var_loss_positive naming, return insufficient_data for empty returns, and apply/document horizon scaling.","Test empty returns, positive-only returns, negative tail returns, and time_horizon > 1.",medium,861fd6fec99ab398
P1,financial_math,VAR_SIGN_OR_EMPTY_DATA_REVIEW,risk/elite_risk_metrics.py,249,,"return {'var': 0.05, 'cvar': 0.08, 'method': 'parametric_fallback'}",VaR percentile/zero-return pattern found.,VaR sign and empty-data behavior are often inconsistent; returning 0 for no data means false no-risk.,"Use var_loss_positive naming, return insufficient_data for empty returns, and apply/document horizon scaling.","Test empty returns, positive-only returns, negative tail returns, and time_horizon > 1.",medium,d4a6167599d10970
P1,financial_math,VAR_SIGN_OR_EMPTY_DATA_REVIEW,risk/elite_risk_metrics.py,252,,"return {'var': 0.05, 'cvar': 0.08, 'method': 'parametric_fallback'}",VaR percentile/zero-return pattern found.,VaR sign and empty-data behavior are often inconsistent; returning 0 for no data means false no-risk.,"Use var_loss_positive naming, return insufficient_data for empty returns, and apply/document horizon scaling.","Test empty returns, positive-only returns, negative tail returns, and time_horizon > 1.",medium,c0c5e97fa6c13137
P1,financial_math,VAR_SIGN_OR_EMPTY_DATA_REVIEW,risk/elite_risk_metrics.py,290,,"return {'var': 0.05, 'cvar': 0.08, 'method': 'monte_carlo_fallback'",VaR percentile/zero-return pattern found.,VaR sign and empty-data behavior are often inconsistent; returning 0 for no data means false no-risk.,"Use var_loss_positive naming, return insufficient_data for empty returns, and apply/document horizon scaling.","Test empty returns, positive-only returns, negative tail returns, and time_horizon > 1.",medium,47ebbd6f0f34274f
P1,financial_math,VAR_SIGN_OR_EMPTY_DATA_REVIEW,risk/elite_risk_metrics.py,294,,"return {'var': 0.05, 'cvar': 0.08, 'method': 'monte_carlo_fallback'",VaR percentile/zero-return pattern found.,VaR sign and empty-data behavior are often inconsistent; returning 0 for no data means false no-risk.,"Use var_loss_positive naming, return insufficient_data for empty returns, and apply/document horizon scaling.","Test empty returns, positive-only returns, negative tail returns, and time_horizon > 1.",medium,70d98762c29e39f4
P1,financial_math,VAR_SIGN_OR_EMPTY_DATA_REVIEW,risk/elite_risk_metrics.py,304,,"var = -np.percentile(simulated_returns, (1 - confidence_level) * 100)",VaR percentile/zero-return pattern found.,VaR sign and empty-data behavior are often inconsistent; returning 0 for no data means false no-risk.,"Use var_loss_positive naming, return insufficient_data for empty returns, and apply/document horizon scaling.","Test empty returns, positive-only returns, negative tail returns, and time_horizon > 1.",medium,dc057ec17d0c962a
P1,financial_math,VAR_SIGN_OR_EMPTY_DATA_REVIEW,risk_management/var_calculator.py,13,,return {'var': 0.0},VaR percentile/zero-return pattern found.,VaR sign and empty-data behavior are often inconsistent; returning 0 for no data means false no-risk.,"Use var_loss_positive naming, return insufficient_data for empty returns, and apply/document horizon scaling.","Test empty returns, positive-only returns, negative tail returns, and time_horizon > 1.",medium,7270940def9ecb97
P1,financial_math,VAR_SIGN_OR_EMPTY_DATA_REVIEW,risk_management/var_calculator.py,17,,"var_val = -np.percentile(returns, percentile)",VaR percentile/zero-return pattern found.,VaR sign and empty-data behavior are often inconsistent; returning 0 for no data means false no-risk.,"Use var_loss_positive naming, return insufficient_data for empty returns, and apply/document horizon scaling.","Test empty returns, positive-only returns, negative tail returns, and time_horizon > 1.",medium,a682a16d3f68efa1
P1,heavy_imports,HEAVY_TOP_LEVEL_IMPORT,colab/models/model_factory.py,8,,import torch,Top-level import of heavy optional dependency 'torch'.,Lightweight CLI/tests/factories may import TensorFlow/PyTorch/HF/spaCy/yfinance even when not needed.,"Move optional heavy imports inside the function/class that needs them, or use a lazy class-path registry.",Add a test importing factory/config/CLI and assert heavy modules are not present in sys.modules.,high,964b926535b40f69
P1,heavy_imports,HEAVY_TOP_LEVEL_IMPORT,colab/models/model_factory.py,9,,import torch.nn as nn,Top-level import of heavy optional dependency 'torch.nn'.,Lightweight CLI/tests/factories may import TensorFlow/PyTorch/HF/spaCy/yfinance even when not needed.,"Move optional heavy imports inside the function/class that needs them, or use a lazy class-path registry.",Add a test importing factory/config/CLI and assert heavy modules are not present in sys.modules.,high,11f3e21f1f1843bb
P1,heavy_imports,HEAVY_TOP_LEVEL_IMPORT,features/nlp/models/finbert_pipeline.py,3,,"from transformers import AutoTokenizer, AutoModelForSequenceClassification, pipeline",Top-level import of heavy optional dependency 'transformers'.,Lightweight CLI/tests/factories may import TensorFlow/PyTorch/HF/spaCy/yfinance even when not needed.,"Move optional heavy imports inside the function/class that needs them, or use a lazy class-path registry.",Add a test importing factory/config/CLI and assert heavy modules are not present in sys.modules.,high,5fadebe514a66ce7
P1,heavy_imports,HEAVY_TOP_LEVEL_IMPORT,features/nlp/models/finbert_pipeline.py,4,,import torch,Top-level import of heavy optional dependency 'torch'.,Lightweight CLI/tests/factories may import TensorFlow/PyTorch/HF/spaCy/yfinance even when not needed.,"Move optional heavy imports inside the function/class that needs them, or use a lazy class-path registry.",Add a test importing factory/config/CLI and assert heavy modules are not present in sys.modules.,high,b845b85f447cbff1
P1,missing_policy,FILLNA_ZERO_SUSPICIOUS,algorithms/advanced_backtest_engine.py,38,run_comprehensive_backtest,"net_equity = raw_equity - costs.cumsum().reindex(raw_equity.index,",fillna(0) detected.,"Zero-filling targets, returns, risk metrics, or financial features can fabricate labels/returns and suppress risk.","Replace with explicit per-column policy: drop targets, leave unavailable features as NaN plus availability indicator, or domain-specific fill.",Add tests that target tails and missing price gaps are not converted to zeros.,high,8e9408713a149fea
P1,missing_policy,FILLNA_ZERO_SUSPICIOUS,algorithms/advanced_backtest_engine.py,60,_simulate_returns,returns = prices.pct_change(fill_method=None).fillna(0),fillna(0) detected.,"Zero-filling targets, returns, risk metrics, or financial features can fabricate labels/returns and suppress risk.","Replace with explicit per-column policy: drop targets, leave unavailable features as NaN plus availability indicator, or domain-specific fill.",Add tests that target tails and missing price gaps are not converted to zeros.,high,0df04dfdcb581e91
P1,missing_policy,FILLNA_ZERO_SUSPICIOUS,analytics/analyzers/knn_similarity_finder.py,57,analyze,X_hist = X_hist[common_cols].fillna(0),fillna(0) detected.,"Zero-filling targets, returns, risk metrics, or financial features can fabricate labels/returns and suppress risk.","Replace with explicit per-column policy: drop targets, leave unavailable features as NaN plus availability indicator, or domain-specific fill.",Add tests that target tails and missing price gaps are not converted to zeros.,high,3ec4e82aca4aeccd
P1,missing_policy,FILLNA_ZERO_SUSPICIOUS,analytics/analyzers/knn_similarity_finder.py,58,analyze,X_target = X_target[common_cols].fillna(0),fillna(0) detected.,"Zero-filling targets, returns, risk metrics, or financial features can fabricate labels/returns and suppress risk.","Replace with explicit per-column policy: drop targets, leave unavailable features as NaN plus availability indicator, or domain-specific fill.",Add tests that target tails and missing price gaps are not converted to zeros.,high,34d1b59fe7f370b3
P1,missing_policy,FILLNA_ZERO_SUSPICIOUS,analytics/arena/arena_battle.py,125,compare_with_baseline,baseline_preds = actual_targets.shift(1).rolling(window=5).mean(,fillna(0) detected.,"Zero-filling targets, returns, risk metrics, or financial features can fabricate labels/returns and suppress risk.","Replace with explicit per-column policy: drop targets, leave unavailable features as NaN plus availability indicator, or domain-specific fill.",Add tests that target tails and missing price gaps are not converted to zeros.,high,abf5dcd5190e94c5
P1,missing_policy,FILLNA_ZERO_SUSPICIOUS,analytics/calculators/drawdown_calculator.py,69,calculate_underwater_duration,drawdown_blocks = (is_underwater.astype(int).diff().fillna(0) != 0).cumsum(),fillna(0) detected.,"Zero-filling targets, returns, risk metrics, or financial features can fabricate labels/returns and suppress risk.","Replace with explicit per-column policy: drop targets, leave unavailable features as NaN plus availability indicator, or domain-specific fill.",Add tests that target tails and missing price gaps are not converted to zeros.,high,282fd8af0949d589
P1,missing_policy,FILLNA_ZERO_SUSPICIOUS,analytics/calculators/macro_score_calculator.py,86,_process_indicator,return aligned_series.fillna(0),fillna(0) detected.,"Zero-filling targets, returns, risk metrics, or financial features can fabricate labels/returns and suppress risk.","Replace with explicit per-column policy: drop targets, leave unavailable features as NaN plus availability indicator, or domain-specific fill.",Add tests that target tails and missing price gaps are not converted to zeros.,high,7df27fad00bae926
P1,missing_policy,FILLNA_ZERO_SUSPICIOUS,analytics/calculators/macro_score_calculator.py,90,_transform_series,"return series.pct_change(periods=int(rolling_window/12), fill_method=None).fillna(0)",fillna(0) detected.,"Zero-filling targets, returns, risk metrics, or financial features can fabricate labels/returns and suppress risk.","Replace with explicit per-column policy: drop targets, leave unavailable features as NaN plus availability indicator, or domain-specific fill.",Add tests that target tails and missing price gaps are not converted to zeros.,high,411301753a28063a
P1,missing_policy,FILLNA_ZERO_SUSPICIOUS,analytics/calculators/macro_score_calculator.py,129,_scale_final_score,"scaled_values = minmax_scale(composite_score.fillna(0), feature_range=(0, 100))",fillna(0) detected.,"Zero-filling targets, returns, risk metrics, or financial features can fabricate labels/returns and suppress risk.","Replace with explicit per-column policy: drop targets, leave unavailable features as NaN plus availability indicator, or domain-specific fill.",Add tests that target tails and missing price gaps are not converted to zeros.,high,953e099cecbc3d9c
P1,missing_policy,FILLNA_ZERO_SUSPICIOUS,analytics/context/market_context_analyzer.py,63,analyze,final_vector = context_vector.fillna(0),fillna(0) detected.,"Zero-filling targets, returns, risk metrics, or financial features can fabricate labels/returns and suppress risk.","Replace with explicit per-column policy: drop targets, leave unavailable features as NaN plus availability indicator, or domain-specific fill.",Add tests that target tails and missing price gaps are not converted to zeros.,high,f3cf62beabc0e8d6
P1,missing_policy,FILLNA_ZERO_SUSPICIOUS,analytics/context/market_context_analyzer.py,101,_calculate_volatility_5d,return df[self.close_col].pct_change(fill_method=None).fillna(0).tail(5).std(),fillna(0) detected.,"Zero-filling targets, returns, risk metrics, or financial features can fabricate labels/returns and suppress risk.","Replace with explicit per-column policy: drop targets, leave unavailable features as NaN plus availability indicator, or domain-specific fill.",Add tests that target tails and missing price gaps are not converted to zeros.,high,f3f2a70be1ff8c78
P1,missing_policy,FILLNA_ZERO_SUSPICIOUS,analytics/context/market_context_analyzer.py,106,_calculate_volatility_20d,return df[self.close_col].pct_change(fill_method=None).fillna(0).tail(20).std(),fillna(0) detected.,"Zero-filling targets, returns, risk metrics, or financial features can fabricate labels/returns and suppress risk.","Replace with explicit per-column policy: drop targets, leave unavailable features as NaN plus availability indicator, or domain-specific fill.",Add tests that target tails and missing price gaps are not converted to zeros.,high,b03ffa40b437c4d7
P1,missing_policy,FILLNA_ZERO_SUSPICIOUS,analytics/context/market_regime_analyzer.py,55,analyze,"returns = df[""close""].pct_change(fill_method=None).fillna(0).fillna(0).values",fillna(0) detected.,"Zero-filling targets, returns, risk metrics, or financial features can fabricate labels/returns and suppress risk.","Replace with explicit per-column policy: drop targets, leave unavailable features as NaN plus availability indicator, or domain-specific fill.",Add tests that target tails and missing price gaps are not converted to zeros.,high,e5ad41fdfe18ac00
P1,missing_policy,FILLNA_ZERO_SUSPICIOUS,analytics/detectors/anomaly_detector.py,71,detect,anomaly_labels = self.isolation_forest.predict(numeric_features.fillna(0)),fillna(0) detected.,"Zero-filling targets, returns, risk metrics, or financial features can fabricate labels/returns and suppress risk.","Replace with explicit per-column policy: drop targets, leave unavailable features as NaN plus availability indicator, or domain-specific fill.",Add tests that target tails and missing price gaps are not converted to zeros.,high,fd6172ab4feafd2d
P1,missing_policy,FILLNA_ZERO_SUSPICIOUS,analytics/utils/analytics_math.py,17,calculate_market_regime_metrics,returns = prices.pct_change(fill_method=None).fillna(0).dropna(),fillna(0) detected.,"Zero-filling targets, returns, risk metrics, or financial features can fabricate labels/returns and suppress risk.","Replace with explicit per-column policy: drop targets, leave unavailable features as NaN plus availability indicator, or domain-specific fill.",Add tests that target tails and missing price gaps are not converted to zeros.,high,6de87a3e90bc17c6
P1,missing_policy,FILLNA_ZERO_SUSPICIOUS,analytics/utils/analytics_math.py,54,calculate_diversification_ratio,returns_clean = returns.fillna(0),fillna(0) detected.,"Zero-filling targets, returns, risk metrics, or financial features can fabricate labels/returns and suppress risk.","Replace with explicit per-column policy: drop targets, leave unavailable features as NaN plus availability indicator, or domain-specific fill.",Add tests that target tails and missing price gaps are not converted to zeros.,high,351543ed4223a09b
P1,missing_policy,FILLNA_ZERO_SUSPICIOUS,backtesting/advanced/advanced_engine.py,329,_simulate_returns,asset_returns = prices.pct_change(fill_method=None).fillna(0.0),fillna(0) detected.,"Zero-filling targets, returns, risk metrics, or financial features can fabricate labels/returns and suppress risk.","Replace with explicit per-column policy: drop targets, leave unavailable features as NaN plus availability indicator, or domain-specific fill.",Add tests that target tails and missing price gaps are not converted to zeros.,high,3c6836da3a7f6ecb
P1,missing_policy,FILLNA_ZERO_SUSPICIOUS,backtesting/advanced/advanced_engine.py,334,_simulate_returns,lagged_weights = positions.shift(1).fillna(0.0),fillna(0) detected.,"Zero-filling targets, returns, risk metrics, or financial features can fabricate labels/returns and suppress risk.","Replace with explicit per-column policy: drop targets, leave unavailable features as NaN plus availability indicator, or domain-specific fill.",Add tests that target tails and missing price gaps are not converted to zeros.,high,79c560a42b11394a
P1,missing_policy,FILLNA_ZERO_SUSPICIOUS,backtesting/advanced/advanced_engine.py,337,_simulate_returns,turnover = lagged_weights.diff().abs().sum(axis=1).fillna(0.0),fillna(0) detected.,"Zero-filling targets, returns, risk metrics, or financial features can fabricate labels/returns and suppress risk.","Replace with explicit per-column policy: drop targets, leave unavailable features as NaN plus availability indicator, or domain-specific fill.",Add tests that target tails and missing price gaps are not converted to zeros.,high,a14a8037189d4baa
P1,missing_policy,FILLNA_ZERO_SUSPICIOUS,backtesting/advanced/advanced_engine.py,353,_prepare_signal_positions,"aligned = aligned.apply(pd.to_numeric, errors='coerce').ffill().fillna(0.0)",fillna(0) detected.,"Zero-filling targets, returns, risk metrics, or financial features can fabricate labels/returns and suppress risk.","Replace with explicit per-column policy: drop targets, leave unavailable features as NaN plus availability indicator, or domain-specific fill.",Add tests that target tails and missing price gaps are not converted to zeros.,high,eeee78a03f13029a
P1,missing_policy,FILLNA_ZERO_SUSPICIOUS,backtesting/advanced/advanced_engine.py,356,_prepare_signal_positions,"return aligned.div(exposure, axis=0).fillna(0.0)",fillna(0) detected.,"Zero-filling targets, returns, risk metrics, or financial features can fabricate labels/returns and suppress risk.","Replace with explicit per-column policy: drop targets, leave unavailable features as NaN plus availability indicator, or domain-specific fill.",Add tests that target tails and missing price gaps are not converted to zeros.,high,7128b55926c80e78
P1,missing_policy,FILLNA_ZERO_SUSPICIOUS,data/management/data_cleaner.py,13,clean_numeric_data,df[numeric_cols] = df[numeric_cols].fillna(0),fillna(0) detected.,"Zero-filling targets, returns, risk metrics, or financial features can fabricate labels/returns and suppress risk.","Replace with explicit per-column policy: drop targets, leave unavailable features as NaN plus availability indicator, or domain-specific fill.",Add tests that target tails and missing price gaps are not converted to zeros.,high,882fd8b1d7bbc41e
P1,missing_policy,BFILL_IN_CAUSAL_DATA,data/management/data_manager.py,464,_clean_numeric_data,df[numeric_cols] = df[numeric_cols].bfill(),bfill() detected in likely causal time-series path.,Backward fill moves future-known values into earlier timestamps.,"For train/eval causal data, remove bfill; use forward-fill only when availability policy permits, or leave NaN with indicator columns.",Add a fixture where first known future value must not appear in earlier rows.,high,37835177ea6a5b75
P1,missing_policy,FILLNA_ZERO_SUSPICIOUS,data/management/data_manager.py,465,_clean_numeric_data,df[numeric_cols] = df[numeric_cols].fillna(0),fillna(0) detected.,"Zero-filling targets, returns, risk metrics, or financial features can fabricate labels/returns and suppress risk.","Replace with explicit per-column policy: drop targets, leave unavailable features as NaN plus availability indicator, or domain-specific fill.",Add tests that target tails and missing price gaps are not converted to zeros.,high,e3d860e3ee503de7
P1,missing_policy,FILLNA_ZERO_SUSPICIOUS,data/synthetic/data_generator.py,99,generate_synthetic_features,"features['volatility'] = features['close'].pct_change(fill_method=None).fillna(0).rolling(window=20, min_periods=2).std().shift(1)",fillna(0) detected.,"Zero-filling targets, returns, risk metrics, or financial features can fabricate labels/returns and suppress risk.","Replace with explicit per-column policy: drop targets, leave unavailable features as NaN plus availability indicator, or domain-specific fill.",Add tests that target tails and missing price gaps are not converted to zeros.,high,71437653bdc0253a
P1,missing_policy,FILLNA_ZERO_SUSPICIOUS,data/synthetic/data_generator.py,103,generate_synthetic_features,features['returns_1h'] = features['close'].pct_change(fill_method=None).fillna(0),fillna(0) detected.,"Zero-filling targets, returns, risk metrics, or financial features can fabricate labels/returns and suppress risk.","Replace with explicit per-column policy: drop targets, leave unavailable features as NaN plus availability indicator, or domain-specific fill.",Add tests that target tails and missing price gaps are not converted to zeros.,high,a5cbdf37a3493682
P1,missing_policy,FILLNA_ZERO_SUSPICIOUS,data/synthetic/data_generator.py,104,generate_synthetic_features,"features['returns_4h'] = features['close'].pct_change(4, fill_method=None).fillna(0)",fillna(0) detected.,"Zero-filling targets, returns, risk metrics, or financial features can fabricate labels/returns and suppress risk.","Replace with explicit per-column policy: drop targets, leave unavailable features as NaN plus availability indicator, or domain-specific fill.",Add tests that target tails and missing price gaps are not converted to zeros.,high,af6e78689450c844
P1,missing_policy,FILLNA_ZERO_SUSPICIOUS,data/synthetic/data_generator.py,105,generate_synthetic_features,"features['returns_24h'] = features['close'].pct_change(24, fill_method=None).fillna(0)",fillna(0) detected.,"Zero-filling targets, returns, risk metrics, or financial features can fabricate labels/returns and suppress risk.","Replace with explicit per-column policy: drop targets, leave unavailable features as NaN plus availability indicator, or domain-specific fill.",Add tests that target tails and missing price gaps are not converted to zeros.,high,8fed0c5332fc2ca9
P1,missing_policy,FILLNA_ZERO_SUSPICIOUS,features/enrichers/context_map_enricher.py,120,_get_champion_state,"return pd.Series(state, index=champ_data.index).reindex(df.index).ffill().fillna(0)",fillna(0) detected.,"Zero-filling targets, returns, risk metrics, or financial features can fabricate labels/returns and suppress risk.","Replace with explicit per-column policy: drop targets, leave unavailable features as NaN plus availability indicator, or domain-specific fill.",Add tests that target tails and missing price gaps are not converted to zeros.,high,bd7c569108d45136
P1,missing_policy,FILLNA_ZERO_SUSPICIOUS,features/enrichers/context_map_enricher.py,139,_integrate_higher_order_features,df[state_name] = df[feat].fillna(0).astype(int),fillna(0) detected.,"Zero-filling targets, returns, risk metrics, or financial features can fabricate labels/returns and suppress risk.","Replace with explicit per-column policy: drop targets, leave unavailable features as NaN plus availability indicator, or domain-specific fill.",Add tests that target tails and missing price gaps are not converted to zeros.,high,cd6efd77c1980fb5
P1,missing_policy,FILLNA_ZERO_SUSPICIOUS,features/enrichers/context_map_enricher.py,161,_process_numeric_column,"returns = res_df[col].pct_change(fill_method=None).replace([np.inf, -np.inf], 0).fillna(0)",fillna(0) detected.,"Zero-filling targets, returns, risk metrics, or financial features can fabricate labels/returns and suppress risk.","Replace with explicit per-column policy: drop targets, leave unavailable features as NaN plus availability indicator, or domain-specific fill.",Add tests that target tails and missing price gaps are not converted to zeros.,high,3aa3bf5f3de3ea83
P1,missing_policy,FILLNA_ZERO_SUSPICIOUS,features/enrichers/context_map_enricher.py,162,_process_numeric_column,"rolling_std = returns.rolling(window=20, min_periods=1).std().fillna(0)",fillna(0) detected.,"Zero-filling targets, returns, risk metrics, or financial features can fabricate labels/returns and suppress risk.","Replace with explicit per-column policy: drop targets, leave unavailable features as NaN plus availability indicator, or domain-specific fill.",Add tests that target tails and missing price gaps are not converted to zeros.,high,985f7e794e7bb9b4
P1,missing_policy,FILLNA_ZERO_SUSPICIOUS,features/enrichers/derived_features_enricher.py,89,_add_price_based_features,df_enriched[self.returns_column] = df_enriched[price_target_col].pct_change(fill_method=None).fillna(0),fillna(0) detected.,"Zero-filling targets, returns, risk metrics, or financial features can fabricate labels/returns and suppress risk.","Replace with explicit per-column policy: drop targets, leave unavailable features as NaN plus availability indicator, or domain-specific fill.",Add tests that target tails and missing price gaps are not converted to zeros.,high,ec6970dd7817557a
P1,missing_policy,FILLNA_ZERO_SUSPICIOUS,features/enrichers/hype_enricher.py,161,_merge_hype_scores,df_enriched['hype_score'] = df_enriched['news_count'].fillna(0),fillna(0) detected.,"Zero-filling targets, returns, risk metrics, or financial features can fabricate labels/returns and suppress risk.","Replace with explicit per-column policy: drop targets, leave unavailable features as NaN plus availability indicator, or domain-specific fill.",Add tests that target tails and missing price gaps are not converted to zeros.,high,e360333c158543a7
P1,missing_policy,FILLNA_ZERO_SUSPICIOUS,features/enrichers/keyword_entity_enricher.py,241,_finalize_merge_result,df_merged['keyword_count'] = df_merged['keyword_count'].fillna(0,fillna(0) detected.,"Zero-filling targets, returns, risk metrics, or financial features can fabricate labels/returns and suppress risk.","Replace with explicit per-column policy: drop targets, leave unavailable features as NaN plus availability indicator, or domain-specific fill.",Add tests that target tails and missing price gaps are not converted to zeros.,high,1fa8022490115ca0
P1,missing_policy,FILLNA_ZERO_SUSPICIOUS,features/enrichers/keyword_entity_enricher.py,243,_finalize_merge_result,df_merged['entity_count'] = df_merged['entity_count'].fillna(0).astype(,fillna(0) detected.,"Zero-filling targets, returns, risk metrics, or financial features can fabricate labels/returns and suppress risk.","Replace with explicit per-column policy: drop targets, leave unavailable features as NaN plus availability indicator, or domain-specific fill.",Add tests that target tails and missing price gaps are not converted to zeros.,high,1e8b32d18b10bdaf
P1,missing_policy,FILLNA_ZERO_SUSPICIOUS,features/enrichers/news_impact_enricher.py,227,_merge_impact_scores,df_enriched['news_impact_score'] = impact_scores_aligned.fillna(0.0),fillna(0) detected.,"Zero-filling targets, returns, risk metrics, or financial features can fabricate labels/returns and suppress risk.","Replace with explicit per-column policy: drop targets, leave unavailable features as NaN plus availability indicator, or domain-specific fill.",Add tests that target tails and missing price gaps are not converted to zeros.,high,2d4d2a837bf1ea7b
P1,missing_policy,FILLNA_ZERO_SUSPICIOUS,features/enrichers/news_impact_enricher.py,233,_merge_impact_scores,df_enriched['news_significance_level'] = significance_aligned.map(significance_map).fillna(0).astype(int),fillna(0) detected.,"Zero-filling targets, returns, risk metrics, or financial features can fabricate labels/returns and suppress risk.","Replace with explicit per-column policy: drop targets, leave unavailable features as NaN plus availability indicator, or domain-specific fill.",Add tests that target tails and missing price gaps are not converted to zeros.,high,cdece305b87aa4d0
P1,missing_policy,FILLNA_ZERO_SUSPICIOUS,features/enrichers/news_impact_enricher.py,388,_merge_traditional_impact_scores,df_enriched['news_impact_score'] = impact_scores_aligned.fillna(0.0),fillna(0) detected.,"Zero-filling targets, returns, risk metrics, or financial features can fabricate labels/returns and suppress risk.","Replace with explicit per-column policy: drop targets, leave unavailable features as NaN plus availability indicator, or domain-specific fill.",Add tests that target tails and missing price gaps are not converted to zeros.,high,a96431a71e47f59d
P1,missing_policy,FILLNA_ZERO_SUSPICIOUS,features/enrichers/news_impact_enricher.py,394,_merge_traditional_impact_scores,df_enriched['news_significance_level'] = significance_aligned.map(significance_map).fillna(0).astype(int),fillna(0) detected.,"Zero-filling targets, returns, risk metrics, or financial features can fabricate labels/returns and suppress risk.","Replace with explicit per-column policy: drop targets, leave unavailable features as NaN plus availability indicator, or domain-specific fill.",Add tests that target tails and missing price gaps are not converted to zeros.,high,f9db4466dc45cd32
P1,missing_policy,FILLNA_ZERO_SUSPICIOUS,features/enrichers/news_quality_enricher.py,162,_merge_with_main_dataframe,df_merged['news_quality_score'] = df_merged['news_quality_score'].fillna(0.0),fillna(0) detected.,"Zero-filling targets, returns, risk metrics, or financial features can fabricate labels/returns and suppress risk.","Replace with explicit per-column policy: drop targets, leave unavailable features as NaN plus availability indicator, or domain-specific fill.",Add tests that target tails and missing price gaps are not converted to zeros.,high,122cf732314f4985
P1,missing_policy,FILLNA_ZERO_SUSPICIOUS,features/enrichers/news_quality_enricher.py,163,_merge_with_main_dataframe,df_merged['news_source_count'] = df_merged['news_source_count'].fillna(0).astype(int),fillna(0) detected.,"Zero-filling targets, returns, risk metrics, or financial features can fabricate labels/returns and suppress risk.","Replace with explicit per-column policy: drop targets, leave unavailable features as NaN plus availability indicator, or domain-specific fill.",Add tests that target tails and missing price gaps are not converted to zeros.,high,dc2b4fb7213022cf
P1,missing_policy,FILLNA_ZERO_SUSPICIOUS,features/enrichers/sentiment_features_enricher.py,328,_add_rolling_statistics,ticker_group[f'sentiment_std_{window}'] = (ticker_group[sentiment_col],fillna(0) detected.,"Zero-filling targets, returns, risk metrics, or financial features can fabricate labels/returns and suppress risk.","Replace with explicit per-column policy: drop targets, leave unavailable features as NaN plus availability indicator, or domain-specific fill.",Add tests that target tails and missing price gaps are not converted to zeros.,high,77a503976f5efd0d
P1,missing_policy,FILLNA_ZERO_SUSPICIOUS,features/enrichers/sentiment_features_enricher.py,342,_add_sentiment_velocity,ticker_group['sentiment_velocity'] = (ticker_group[sentiment_col],fillna(0) detected.,"Zero-filling targets, returns, risk metrics, or financial features can fabricate labels/returns and suppress risk.","Replace with explicit per-column policy: drop targets, leave unavailable features as NaN plus availability indicator, or domain-specific fill.",Add tests that target tails and missing price gaps are not converted to zeros.,high,4bfc783c4c32140b
P1,missing_policy,FILLNA_ZERO_SUSPICIOUS,features/enrichers/significance_features_enricher.py,147,_create_significance_column,df_out['_temp_returns'] = df_out['close'].pct_change(fill_method=None).fillna(0),fillna(0) detected.,"Zero-filling targets, returns, risk metrics, or financial features can fabricate labels/returns and suppress risk.","Replace with explicit per-column policy: drop targets, leave unavailable features as NaN plus availability indicator, or domain-specific fill.",Add tests that target tails and missing price gaps are not converted to zeros.,high,0b51475c81db046e
P1,missing_policy,FILLNA_ZERO_SUSPICIOUS,features/enrichers/technical_analysis_enricher.py,190,_add_advanced_features,returns = df_enriched['close'].pct_change(fill_method=None).fillna(0),fillna(0) detected.,"Zero-filling targets, returns, risk metrics, or financial features can fabricate labels/returns and suppress risk.","Replace with explicit per-column policy: drop targets, leave unavailable features as NaN plus availability indicator, or domain-specific fill.",Add tests that target tails and missing price gaps are not converted to zeros.,high,69f7c3b87b00552a
P1,missing_policy,FILLNA_ZERO_SUSPICIOUS,features/enrichers/technical_analysis_enricher.py,193,_add_advanced_features,"df_enriched['VOLATILITY_5'] = returns.rolling(5, min_periods=1).std().fillna(0)",fillna(0) detected.,"Zero-filling targets, returns, risk metrics, or financial features can fabricate labels/returns and suppress risk.","Replace with explicit per-column policy: drop targets, leave unavailable features as NaN plus availability indicator, or domain-specific fill.",Add tests that target tails and missing price gaps are not converted to zeros.,high,25e0e204ee9c3066
P1,missing_policy,FILLNA_ZERO_SUSPICIOUS,features/enrichers/technical_analysis_enricher.py,203,_add_advanced_features,df_enriched['RSI_VELOCITY'] = df_enriched['RSI_14'].diff(3).fillna(0),fillna(0) detected.,"Zero-filling targets, returns, risk metrics, or financial features can fabricate labels/returns and suppress risk.","Replace with explicit per-column policy: drop targets, leave unavailable features as NaN plus availability indicator, or domain-specific fill.",Add tests that target tails and missing price gaps are not converted to zeros.,high,84de7814ed3dc74f
P1,missing_policy,FILLNA_ZERO_SUSPICIOUS,features/enrichers/technical_analysis_enricher.py,219,_add_volatility_features,returns = df_enriched['close'].pct_change(fill_method=None).fillna(0),fillna(0) detected.,"Zero-filling targets, returns, risk metrics, or financial features can fabricate labels/returns and suppress risk.","Replace with explicit per-column policy: drop targets, leave unavailable features as NaN plus availability indicator, or domain-specific fill.",Add tests that target tails and missing price gaps are not converted to zeros.,high,7bfb6acf65db8310
P1,missing_policy,FILLNA_ZERO_SUSPICIOUS,features/enrichers/technical_analysis_enricher.py,248,_add_drawdown_features,returns = df_enriched['close'].pct_change(fill_method=None).fillna(0),fillna(0) detected.,"Zero-filling targets, returns, risk metrics, or financial features can fabricate labels/returns and suppress risk.","Replace with explicit per-column policy: drop targets, leave unavailable features as NaN plus availability indicator, or domain-specific fill.",Add tests that target tails and missing price gaps are not converted to zeros.,high,ffcafa01a68c3f12
P1,missing_policy,FILLNA_ZERO_SUSPICIOUS,features/enrichers/volatility_enricher.py,38,_enrich_impl,"df_enriched[""returns""] = df_enriched[""close""].pct_change(fill_method=None).fillna(0)",fillna(0) detected.,"Zero-filling targets, returns, risk metrics, or financial features can fabricate labels/returns and suppress risk.","Replace with explicit per-column policy: drop targets, leave unavailable features as NaN plus availability indicator, or domain-specific fill.",Add tests that target tails and missing price gaps are not converted to zeros.,high,fdb1115de89dfba3
P1,missing_policy,FILLNA_ZERO_SUSPICIOUS,features/enrichers/volume_enricher.py,47,_enrich_impl,"df_enriched[""volume_roc""] = df_enriched[""volume""].pct_change(periods=5, fill_method=None).fillna(0.0)",fillna(0) detected.,"Zero-filling targets, returns, risk metrics, or financial features can fabricate labels/returns and suppress risk.","Replace with explicit per-column policy: drop targets, leave unavailable features as NaN plus availability indicator, or domain-specific fill.",Add tests that target tails and missing price gaps are not converted to zeros.,high,1e308f28d8e1499d
P1,missing_policy,FILLNA_ZERO_SUSPICIOUS,features/enrichers/volume_enricher.py,51,_enrich_impl,"df_enriched[""volume""] * df_enriched[""close""].pct_change(fill_method=None).fillna(0)",fillna(0) detected.,"Zero-filling targets, returns, risk metrics, or financial features can fabricate labels/returns and suppress risk.","Replace with explicit per-column policy: drop targets, leave unavailable features as NaN plus availability indicator, or domain-specific fill.",Add tests that target tails and missing price gaps are not converted to zeros.,high,33d1d910803fc8df
P1,missing_policy,FILLNA_ZERO_SUSPICIOUS,features/enrichers/volume_enricher.py,62,_enrich_impl,"df_enriched[""volume_rs""] = (",fillna(0) detected.,"Zero-filling targets, returns, risk metrics, or financial features can fabricate labels/returns and suppress risk.","Replace with explicit per-column policy: drop targets, leave unavailable features as NaN plus availability indicator, or domain-specific fill.",Add tests that target tails and missing price gaps are not converted to zeros.,high,dc7ff30886451f19
P1,missing_policy,FILLNA_ZERO_SUSPICIOUS,features/selection/volatility_driver_selector.py,37,select,y_vol = df[target_col].pct_change(fill_method=None).abs().fillna(0),fillna(0) detected.,"Zero-filling targets, returns, risk metrics, or financial features can fabricate labels/returns and suppress risk.","Replace with explicit per-column policy: drop targets, leave unavailable features as NaN plus availability indicator, or domain-specific fill.",Add tests that target tails and missing price gaps are not converted to zeros.,high,d72d755090d51053
P1,missing_policy,FILLNA_ZERO_SUSPICIOUS,features/selection/volatility_driver_selector.py,41,select,x_sub = df[valid_aux].ffill().fillna(0),fillna(0) detected.,"Zero-filling targets, returns, risk metrics, or financial features can fabricate labels/returns and suppress risk.","Replace with explicit per-column policy: drop targets, leave unavailable features as NaN plus availability indicator, or domain-specific fill.",Add tests that target tails and missing price gaps are not converted to zeros.,high,37882762a8ab7bf4
P1,missing_policy,FILLNA_ZERO_SUSPICIOUS,features/utils/modular_adaptive_technical_indicators.py,27,calculate,returns = prices.pct_change(fill_method=None).fillna(0),fillna(0) detected.,"Zero-filling targets, returns, risk metrics, or financial features can fabricate labels/returns and suppress risk.","Replace with explicit per-column policy: drop targets, leave unavailable features as NaN plus availability indicator, or domain-specific fill.",Add tests that target tails and missing price gaps are not converted to zeros.,high,ce3bb4972b48f964
P1,missing_policy,FILLNA_ZERO_SUSPICIOUS,features/utils/modular_adaptive_technical_indicators.py,41,calculate,delta_clean = delta.fillna(0),fillna(0) detected.,"Zero-filling targets, returns, risk metrics, or financial features can fabricate labels/returns and suppress risk.","Replace with explicit per-column policy: drop targets, leave unavailable features as NaN plus availability indicator, or domain-specific fill.",Add tests that target tails and missing price gaps are not converted to zeros.,high,1ac70501045e4e47
P1,missing_policy,FILLNA_ZERO_SUSPICIOUS,features/utils/modular_adaptive_technical_indicators.py,81,calculate,returns = prices.pct_change(fill_method=None).fillna(0),fillna(0) detected.,"Zero-filling targets, returns, risk metrics, or financial features can fabricate labels/returns and suppress risk.","Replace with explicit per-column policy: drop targets, leave unavailable features as NaN plus availability indicator, or domain-specific fill.",Add tests that target tails and missing price gaps are not converted to zeros.,high,32213d38ed54515b
P1,missing_policy,FILLNA_ZERO_SUSPICIOUS,features/utils/modular_adaptive_technical_indicators.py,111,calculate,"return macd_composite.fillna(0), signal_composite.fillna(0), histogram_composite.fillna(0)",fillna(0) detected.,"Zero-filling targets, returns, risk metrics, or financial features can fabricate labels/returns and suppress risk.","Replace with explicit per-column policy: drop targets, leave unavailable features as NaN plus availability indicator, or domain-specific fill.",Add tests that target tails and missing price gaps are not converted to zeros.,high,b3ede9c69f0c7c39
P1,missing_policy,FILLNA_ZERO_SUSPICIOUS,features/utils/modular_adaptive_technical_indicators.py,235,get_adaptive_parameters,returns = prices.pct_change(fill_method=None).fillna(0),fillna(0) detected.,"Zero-filling targets, returns, risk metrics, or financial features can fabricate labels/returns and suppress risk.","Replace with explicit per-column policy: drop targets, leave unavailable features as NaN plus availability indicator, or domain-specific fill.",Add tests that target tails and missing price gaps are not converted to zeros.,high,8b73aa07cd991e51
P1,missing_policy,FILLNA_ZERO_SUSPICIOUS,models/neural/transformer_model.py,313,train_transformer_model,X = df[feature_cols].fillna(0).values,fillna(0) detected.,"Zero-filling targets, returns, risk metrics, or financial features can fabricate labels/returns and suppress risk.","Replace with explicit per-column policy: drop targets, leave unavailable features as NaN plus availability indicator, or domain-specific fill.",Add tests that target tails and missing price gaps are not converted to zeros.,high,ab39fe3dabb26aaf
P1,missing_policy,FILLNA_ZERO_SUSPICIOUS,pipeline/hybrid/data_manager.py,82,clean_dataframe,"df[numeric_cols] = df[numeric_cols].fillna(0).replace([np.inf, -np.",fillna(0) detected.,"Zero-filling targets, returns, risk metrics, or financial features can fabricate labels/returns and suppress risk.","Replace with explicit per-column policy: drop targets, leave unavailable features as NaN plus availability indicator, or domain-specific fill.",Add tests that target tails and missing price gaps are not converted to zeros.,high,6892fa5fdb031015
P1,missing_policy,FILLNA_ZERO_SUSPICIOUS,pipeline/hybrid/data_utils.py,37,clean_dataframe,"df[numeric_cols] = df[numeric_cols].fillna(0).replace([np.inf, -np.inf], 0)",fillna(0) detected.,"Zero-filling targets, returns, risk metrics, or financial features can fabricate labels/returns and suppress risk.","Replace with explicit per-column policy: drop targets, leave unavailable features as NaN plus availability indicator, or domain-specific fill.",Add tests that target tails and missing price gaps are not converted to zeros.,high,8b3e0b7a0c8807d0
P1,missing_policy,FILLNA_ZERO_SUSPICIOUS,pipeline/stages/evaluation/analytics.py,54,run_deep_analysis,"predictions = signals_df[""signal""].map({""BUY"": 1, ""SELL"": -1, ""HOLD"": 0}).fillna(0)",fillna(0) detected.,"Zero-filling targets, returns, risk metrics, or financial features can fabricate labels/returns and suppress risk.","Replace with explicit per-column policy: drop targets, leave unavailable features as NaN plus availability indicator, or domain-specific fill.",Add tests that target tails and missing price gaps are not converted to zeros.,high,41e64d23368c39d0
P1,missing_policy,FILLNA_ZERO_SUSPICIOUS,pipeline/stages/evaluation/analytics.py,62,run_deep_analysis,"""benchmark_returns"": pd.DataFrame({""Benchmark"": price_data[""close""].pct_change(fill_method=None).fillna(0).fillna(0)})",fillna(0) detected.,"Zero-filling targets, returns, risk metrics, or financial features can fabricate labels/returns and suppress risk.","Replace with explicit per-column policy: drop targets, leave unavailable features as NaN plus availability indicator, or domain-specific fill.",Add tests that target tails and missing price gaps are not converted to zeros.,high,93ccbe60bbde803b
P1,missing_policy,FILLNA_ZERO_SUSPICIOUS,pipeline/stages/prediction/data_preparation_service.py,135,prepare_ticker_data,"ticker_df_clean = ticker_df_clean.fillna(0).replace([np.inf, -np.inf], 0)",fillna(0) detected.,"Zero-filling targets, returns, risk metrics, or financial features can fabricate labels/returns and suppress risk.","Replace with explicit per-column policy: drop targets, leave unavailable features as NaN plus availability indicator, or domain-specific fill.",Add tests that target tails and missing price gaps are not converted to zeros.,high,15219de5d2829880
P1,missing_policy,FILLNA_ZERO_SUSPICIOUS,pipeline/stages/prediction/data_preparer.py,213,prepare_ticker_data,"ticker_df_clean = ticker_df_clean.fillna(0).replace([np.inf, -np.",fillna(0) detected.,"Zero-filling targets, returns, risk metrics, or financial features can fabricate labels/returns and suppress risk.","Replace with explicit per-column policy: drop targets, leave unavailable features as NaN plus availability indicator, or domain-specific fill.",Add tests that target tails and missing price gaps are not converted to zeros.,high,a973b7bda8dd76b6
P1,missing_policy,FILLNA_ZERO_SUSPICIOUS,pipeline/stages/prediction/prediction_context_manager.py,42,prepare_ticker_data,"ticker_df_clean = ticker_df_clean.fillna(0).replace([np.inf, -np.inf], 0)",fillna(0) detected.,"Zero-filling targets, returns, risk metrics, or financial features can fabricate labels/returns and suppress risk.","Replace with explicit per-column policy: drop targets, leave unavailable features as NaN plus availability indicator, or domain-specific fill.",Add tests that target tails and missing price gaps are not converted to zeros.,high,18c0aafd4cb965d4
P1,missing_policy,PCT_CHANGE_IMPLICIT_FILL_METHOD,pipeline/stages/stage_0_data_generation.py,100,generate_synthetic_features,"features['volatility'] = features['close'].pct_change().rolling(window=20, min_periods=1).std()",pct_change() called without explicit fill_method.,"Depending on pandas version/defaults, missing values may be forward-filled before returns are computed.","Use pct_change(fill_method=None), then explicitly handle NaN/inf according to data kind.",Add a test where a missing price gap does not become a zero or forward-filled return.,high,296b666b6332d52d
P1,missing_policy,PCT_CHANGE_IMPLICIT_FILL_METHOD,pipeline/stages/stage_0_data_generation.py,103,generate_synthetic_features,features['returns_1h'] = features['close'].pct_change(),pct_change() called without explicit fill_method.,"Depending on pandas version/defaults, missing values may be forward-filled before returns are computed.","Use pct_change(fill_method=None), then explicitly handle NaN/inf according to data kind.",Add a test where a missing price gap does not become a zero or forward-filled return.,high,ada8e8a6616c387f
P1,missing_policy,PCT_CHANGE_IMPLICIT_FILL_METHOD,pipeline/stages/stage_0_data_generation.py,104,generate_synthetic_features,features['returns_4h'] = features['close'].pct_change(4),pct_change() called without explicit fill_method.,"Depending on pandas version/defaults, missing values may be forward-filled before returns are computed.","Use pct_change(fill_method=None), then explicitly handle NaN/inf according to data kind.",Add a test where a missing price gap does not become a zero or forward-filled return.,high,e73c344b38e6b078
P1,missing_policy,PCT_CHANGE_IMPLICIT_FILL_METHOD,pipeline/stages/stage_0_data_generation.py,105,generate_synthetic_features,features['returns_24h'] = features['close'].pct_change(24),pct_change() called without explicit fill_method.,"Depending on pandas version/defaults, missing values may be forward-filled before returns are computed.","Use pct_change(fill_method=None), then explicitly handle NaN/inf according to data kind.",Add a test where a missing price gap does not become a zero or forward-filled return.,high,68641064fbc48d3d
P1,missing_policy,FILLNA_ZERO_SUSPICIOUS,pipeline/stages/stage_0_data_generation.py,165,generate_synthetic_targets,targets = targets.ffill().fillna(0),fillna(0) detected.,"Zero-filling targets, returns, risk metrics, or financial features can fabricate labels/returns and suppress risk.","Replace with explicit per-column policy: drop targets, leave unavailable features as NaN plus availability indicator, or domain-specific fill.",Add tests that target tails and missing price gaps are not converted to zeros.,high,76226f26d667f288
P1,missing_policy,FILLNA_ZERO_SUSPICIOUS,pipeline/stages/trading/recommendation_engine.py,169,_detect_global_regime,returns = ticker_df['close'].pct_change().fillna(0).dropna().values,fillna(0) detected.,"Zero-filling targets, returns, risk metrics, or financial features can fabricate labels/returns and suppress risk.","Replace with explicit per-column policy: drop targets, leave unavailable features as NaN plus availability indicator, or domain-specific fill.",Add tests that target tails and missing price gaps are not converted to zeros.,high,05029358b582fbe0
P1,missing_policy,PCT_CHANGE_IMPLICIT_FILL_METHOD,pipeline/stages/trading/recommendation_engine.py,169,_detect_global_regime,returns = ticker_df['close'].pct_change().fillna(0).dropna().values,pct_change() called without explicit fill_method.,"Depending on pandas version/defaults, missing values may be forward-filled before returns are computed.","Use pct_change(fill_method=None), then explicitly handle NaN/inf according to data kind.",Add a test where a missing price gap does not become a zero or forward-filled return.,high,aa077ab247e8fc1c
P1,missing_policy,FILLNA_ZERO_SUSPICIOUS,pipeline/stages/trading/recommendation_engine.py,201,_detect_ticker_regime,returns = ticker_df['close'].pct_change().fillna(0).dropna().values,fillna(0) detected.,"Zero-filling targets, returns, risk metrics, or financial features can fabricate labels/returns and suppress risk.","Replace with explicit per-column policy: drop targets, leave unavailable features as NaN plus availability indicator, or domain-specific fill.",Add tests that target tails and missing price gaps are not converted to zeros.,high,bb68584fafdaff43
P1,missing_policy,PCT_CHANGE_IMPLICIT_FILL_METHOD,pipeline/stages/trading/recommendation_engine.py,201,_detect_ticker_regime,returns = ticker_df['close'].pct_change().fillna(0).dropna().values,pct_change() called without explicit fill_method.,"Depending on pandas version/defaults, missing values may be forward-filled before returns are computed.","Use pct_change(fill_method=None), then explicitly handle NaN/inf according to data kind.",Add a test where a missing price gap does not become a zero or forward-filled return.,high,46b99027dec0cf52
P1,missing_policy,FILLNA_ZERO_SUSPICIOUS,processing/cleaners.py,55,remove_outliers_zscore,col_mask = (z_scores.abs() > threshold).fillna(False),fillna(0) detected.,"Zero-filling targets, returns, risk metrics, or financial features can fabricate labels/returns and suppress risk.","Replace with explicit per-column policy: drop targets, leave unavailable features as NaN plus availability indicator, or domain-specific fill.",Add tests that target tails and missing price gaps are not converted to zeros.,high,a5578cf1f94b8161
P1,missing_policy,BFILL_IN_CAUSAL_DATA,processing/cleaners.py,91,handle_missing_values,df_out[data_cols] = (df_out.groupby('ticker')[data_cols].,bfill() detected in likely causal time-series path.,Backward fill moves future-known values into earlier timestamps.,"For train/eval causal data, remove bfill; use forward-fill only when availability policy permits, or leave NaN with indicator columns.",Add a fixture where first known future value must not appear in earlier rows.,high,96b413f9a9768aad
P1,missing_policy,BFILL_IN_CAUSAL_DATA,processing/cleaners.py,94,handle_missing_values,df_out = df_out.bfill().ffill(),bfill() detected in likely causal time-series path.,Backward fill moves future-known values into earlier timestamps.,"For train/eval causal data, remove bfill; use forward-fill only when availability policy permits, or leave NaN with indicator columns.",Add a fixture where first known future value must not appear in earlier rows.,high,7fd9c88c1a8b092b
P1,missing_policy,FILLNA_ZERO_SUSPICIOUS,processing/cleaners.py,148,safe_fill,df[col] = df[col].fillna(0),fillna(0) detected.,"Zero-filling targets, returns, risk metrics, or financial features can fabricate labels/returns and suppress risk.","Replace with explicit per-column policy: drop targets, leave unavailable features as NaN plus availability indicator, or domain-specific fill.",Add tests that target tails and missing price gaps are not converted to zeros.,high,c1c1c9b0e6364f2b
P1,missing_policy,PCT_CHANGE_IMPLICIT_FILL_METHOD,risk/analyzers/correlation_analyzer.py,29,analyze,returns_df[symbol] = market_data[symbol].pct_change(),pct_change() called without explicit fill_method.,"Depending on pandas version/defaults, missing values may be forward-filled before returns are computed.","Use pct_change(fill_method=None), then explicitly handle NaN/inf according to data kind.",Add a test where a missing price gap does not become a zero or forward-filled return.,high,0160adbbbbcd2fe7
P1,missing_policy,PCT_CHANGE_IMPLICIT_FILL_METHOD,risk/analyzers/correlation_analyzer.py,31,analyze,"returns_df[symbol] = market_data[""close""][symbol].pct_change()",pct_change() called without explicit fill_method.,"Depending on pandas version/defaults, missing values may be forward-filled before returns are computed.","Use pct_change(fill_method=None), then explicitly handle NaN/inf according to data kind.",Add a test where a missing price gap does not become a zero or forward-filled return.,high,1da40b8f9a760010
P1,missing_policy,PCT_CHANGE_IMPLICIT_FILL_METHOD,risk/elite_risk_metrics.py,386,assess_liquidity_risk,returns = price_data.pct_change(),pct_change() called without explicit fill_method.,"Depending on pandas version/defaults, missing values may be forward-filled before returns are computed.","Use pct_change(fill_method=None), then explicitly handle NaN/inf according to data kind.",Add a test where a missing price gap does not become a zero or forward-filled return.,high,46e4bcab08d1e464
P1,missing_policy,PCT_CHANGE_IMPLICIT_FILL_METHOD,risk/kill_switch/calculator.py,116,_calculate_portfolio_returns,symbol_returns = close_prices[symbol].pct_change().dropna(),pct_change() called without explicit fill_method.,"Depending on pandas version/defaults, missing values may be forward-filled before returns are computed.","Use pct_change(fill_method=None), then explicitly handle NaN/inf according to data kind.",Add a test where a missing price gap does not become a zero or forward-filled return.,high,41741e259c888f63
P1,missing_policy,PCT_CHANGE_IMPLICIT_FILL_METHOD,risk/kill_switch/calculator.py,143,calculate_position_metrics,symbol_returns = symbol_prices.pct_change().dropna(),pct_change() called without explicit fill_method.,"Depending on pandas version/defaults, missing values may be forward-filled before returns are computed.","Use pct_change(fill_method=None), then explicitly handle NaN/inf according to data kind.",Add a test where a missing price gap does not become a zero or forward-filled return.,high,8f6c385639258d5d
P1,missing_policy,PCT_CHANGE_IMPLICIT_FILL_METHOD,risk/kill_switch/calculator.py,174,analyze_market_conditions,returns = close_prices.pct_change().dropna(),pct_change() called without explicit fill_method.,"Depending on pandas version/defaults, missing values may be forward-filled before returns are computed.","Use pct_change(fill_method=None), then explicitly handle NaN/inf according to data kind.",Add a test where a missing price gap does not become a zero or forward-filled return.,high,d2dcf79ebb19a45b
P1,missing_policy,PCT_CHANGE_IMPLICIT_FILL_METHOD,risk/max_exposure_monitor.py,55,monitor_exposure,"self.elite_metrics.update_returns(symbol, market_data[symbol].pct_change().dropna())",pct_change() called without explicit fill_method.,"Depending on pandas version/defaults, missing values may be forward-filled before returns are computed.","Use pct_change(fill_method=None), then explicitly handle NaN/inf according to data kind.",Add a test where a missing price gap does not become a zero or forward-filled return.,high,bc9551af2614e53a
P1,missing_policy,PCT_CHANGE_IMPLICIT_FILL_METHOD,risk/metrics.py,36,calculate_portfolio_returns,symbol_returns = close_df[symbol].pct_change().dropna(),pct_change() called without explicit fill_method.,"Depending on pandas version/defaults, missing values may be forward-filled before returns are computed.","Use pct_change(fill_method=None), then explicitly handle NaN/inf according to data kind.",Add a test where a missing price gap does not become a zero or forward-filled return.,high,a71ae73cb8d0e3ba
P1,missing_policy,PCT_CHANGE_IMPLICIT_FILL_METHOD,risk/metrics.py,110,calculate_position_metrics,symbol_returns = symbol_prices.pct_change().dropna(),pct_change() called without explicit fill_method.,"Depending on pandas version/defaults, missing values may be forward-filled before returns are computed.","Use pct_change(fill_method=None), then explicitly handle NaN/inf according to data kind.",Add a test where a missing price gap does not become a zero or forward-filled return.,high,920a1b7aef776955
P1,missing_policy,PCT_CHANGE_IMPLICIT_FILL_METHOD,risk/metrics.py,153,analyze_market_conditions,returns = close_df.pct_change().dropna(),pct_change() called without explicit fill_method.,"Depending on pandas version/defaults, missing values may be forward-filled before returns are computed.","Use pct_change(fill_method=None), then explicitly handle NaN/inf according to data kind.",Add a test where a missing price gap does not become a zero or forward-filled return.,high,362891806969101d
P1,missing_policy,PCT_CHANGE_IMPLICIT_FILL_METHOD,training/pattern_aware_training.py,108,_estimate_volatility,returns = frame['close'].astype(float).pct_change().dropna(),pct_change() called without explicit fill_method.,"Depending on pandas version/defaults, missing values may be forward-filled before returns are computed.","Use pct_change(fill_method=None), then explicitly handle NaN/inf according to data kind.",Add a test where a missing price gap does not become a zero or forward-filled return.,high,71b5d4bb8795166f
P1,missing_policy,PCT_CHANGE_IMPLICIT_FILL_METHOD,training/pattern_aware_training.py,110,_estimate_volatility,"returns = frame.select_dtypes(include=[np.number]).pct_change().stack().replace([np.inf, -np.inf], np.nan).dropna()",pct_change() called without explicit fill_method.,"Depending on pandas version/defaults, missing values may be forward-filled before returns are computed.","Use pct_change(fill_method=None), then explicitly handle NaN/inf according to data kind.",Add a test where a missing price gap does not become a zero or forward-filled return.,high,51158a603bcc881f
P1,missing_policy,FILLNA_ZERO_SUSPICIOUS,training/pattern_aware_training.py,138,_prepare_training_data,"X = X.select_dtypes(include=[np.number]).replace([np.inf, -np.inf], np.nan).fillna(0.0)",fillna(0) detected.,"Zero-filling targets, returns, risk metrics, or financial features can fabricate labels/returns and suppress risk.","Replace with explicit per-column policy: drop targets, leave unavailable features as NaN plus availability indicator, or domain-specific fill.",Add tests that target tails and missing price gaps are not converted to zeros.,high,7abfa5f4c55959ed
P1,missing_policy,FILLNA_ZERO_SUSPICIOUS,training/pattern_aware_training.py,139,_prepare_training_data,"y = y.replace([np.inf, -np.inf], np.nan).fillna(0.0)",fillna(0) detected.,"Zero-filling targets, returns, risk metrics, or financial features can fabricate labels/returns and suppress risk.","Replace with explicit per-column policy: drop targets, leave unavailable features as NaN plus availability indicator, or domain-specific fill.",Add tests that target tails and missing price gaps are not converted to zeros.,high,2a4efa1b2d8e6e0f
P1,missing_policy,PCT_CHANGE_IMPLICIT_FILL_METHOD,training/portfolio_optimizer.py,76,_calculate_ticker_correlations,returns_data[ticker] = df['close'].pct_change().dropna(),pct_change() called without explicit fill_method.,"Depending on pandas version/defaults, missing values may be forward-filled before returns are computed.","Use pct_change(fill_method=None), then explicitly handle NaN/inf according to data kind.",Add a test where a missing price gap does not become a zero or forward-filled return.,high,2de0dbdce3c01cc1
P1,missing_policy,FILLNA_ZERO_SUSPICIOUS,training/portfolio_optimizer.py,199,_train_global_model,y = market_features.groupby('ticker')['returns'].first().fillna(0),fillna(0) detected.,"Zero-filling targets, returns, risk metrics, or financial features can fabricate labels/returns and suppress risk.","Replace with explicit per-column policy: drop targets, leave unavailable features as NaN plus availability indicator, or domain-specific fill.",Add tests that target tails and missing price gaps are not converted to zeros.,high,f465e9c74a1d8f5f
P1,missing_policy,FILLNA_ZERO_SUSPICIOUS,utils/feature_preparation.py,95,_clean_numeric_data,df = df.fillna(0.0),fillna(0) detected.,"Zero-filling targets, returns, risk metrics, or financial features can fabricate labels/returns and suppress risk.","Replace with explicit per-column policy: drop targets, leave unavailable features as NaN plus availability indicator, or domain-specific fill.",Add tests that target tails and missing price gaps are not converted to zeros.,high,42a329c9d1cf16fe
P1,missing_policy,FILLNA_ZERO_SUSPICIOUS,utils/missing_data_anomaly_detector.py,144,_detect_sudden_change_anomalies,fill_transitions = fill_mask & fill_mask.shift(1).fillna(False),fillna(0) detected.,"Zero-filling targets, returns, risk metrics, or financial features can fabricate labels/returns and suppress risk.","Replace with explicit per-column policy: drop targets, leave unavailable features as NaN plus availability indicator, or domain-specific fill.",Add tests that target tails and missing price gaps are not converted to zeros.,high,be69f99dbdff6c4b
P1,missing_policy,FILLNA_ZERO_SUSPICIOUS,utils/smart_missing_data_handler.py,218,_fill_volume_data,filled = series.fillna(0.0),fillna(0) detected.,"Zero-filling targets, returns, risk metrics, or financial features can fabricate labels/returns and suppress risk.","Replace with explicit per-column policy: drop targets, leave unavailable features as NaN plus availability indicator, or domain-specific fill.",Add tests that target tails and missing price gaps are not converted to zeros.,high,c1ba5f31836901f5
P1,missing_policy,BFILL_IN_CAUSAL_DATA,utils/smart_missing_data_handler.py,243,_fill_indicator_data,filled = series.bfill(limit=5),bfill() detected in likely causal time-series path.,Backward fill moves future-known values into earlier timestamps.,"For train/eval causal data, remove bfill; use forward-fill only when availability policy permits, or leave NaN with indicator columns.",Add a fixture where first known future value must not appear in earlier rows.,high,cbe0acd2fa6543a1
P1,model_routing,AUTOENCODER_ROUTING_REVIEW,analytics/analyzers/model_comparison_analyzer.py,30,,"self.HEAVY_MODELS = [""gru"", ""tabnet"", ""transformer"", ""cnn"", ""lstm"", ""autoencoder""]",Autoencoder appears in model routing/prediction context.,"Autoencoders should be representation/anomaly models, not primary target predictors unless explicitly designed so.","Use model capability metadata: role, can_predict_target, can_be_primary; never fallback to autoencoder as primary.",Test that a model set containing only autoencoder raises NoPrimaryPredictorAvailable.,medium,4b092c94076c5158
P1,model_routing,AUTOENCODER_ROUTING_REVIEW,colab/models/model_factory.py,123,,"from src.colab.models.architectures import LSTMModel, GRUModel, CNNModel, TransformerModel, AutoencoderModel",Autoencoder appears in model routing/prediction context.,"Autoencoders should be representation/anomaly models, not primary target predictors unless explicitly designed so.","Use model capability metadata: role, can_predict_target, can_be_primary; never fallback to autoencoder as primary.",Test that a model set containing only autoencoder raises NoPrimaryPredictorAvailable.,medium,f86fc1a4f647f4ff
P1,model_routing,AUTOENCODER_ROUTING_REVIEW,colab/models/model_factory.py,215,,return AutoencoderModel(input_size),Autoencoder appears in model routing/prediction context.,"Autoencoders should be representation/anomaly models, not primary target predictors unless explicitly designed so.","Use model capability metadata: role, can_predict_target, can_be_primary; never fallback to autoencoder as primary.",Test that a model set containing only autoencoder raises NoPrimaryPredictorAvailable.,medium,8b1ab9d6a656f355
P1,model_routing,AUTOENCODER_ROUTING_REVIEW,colab/models/torch_models.py,5,,"from src.colab.models.architectures import LSTMModel, GRUModel, CNNModel, TransformerModel, AutoencoderModel",Autoencoder appears in model routing/prediction context.,"Autoencoders should be representation/anomaly models, not primary target predictors unless explicitly designed so.","Use model capability metadata: role, can_predict_target, can_be_primary; never fallback to autoencoder as primary.",Test that a model set containing only autoencoder raises NoPrimaryPredictorAvailable.,medium,aab1fe1eadf38829
P1,model_routing,AUTOENCODER_ROUTING_REVIEW,colab/models/torch_models.py,117,,return AutoencoderModel(input_size),Autoencoder appears in model routing/prediction context.,"Autoencoders should be representation/anomaly models, not primary target predictors unless explicitly designed so.","Use model capability metadata: role, can_predict_target, can_be_primary; never fallback to autoencoder as primary.",Test that a model set containing only autoencoder raises NoPrimaryPredictorAvailable.,medium,68e9824f085fd4ae
P1,model_routing,AUTOENCODER_ROUTING_REVIEW,factories/model_factory.py,18,,from src.models.neural.autoencoder_model import AutoencoderModel,Autoencoder appears in model routing/prediction context.,"Autoencoders should be representation/anomaly models, not primary target predictors unless explicitly designed so.","Use model capability metadata: role, can_predict_target, can_be_primary; never fallback to autoencoder as primary.",Test that a model set containing only autoencoder raises NoPrimaryPredictorAvailable.,medium,3724778cc0f3f8f8
P1,model_routing,AUTOENCODER_ROUTING_REVIEW,models/loader.py,438,,return AutoencoderModel(input_size),Autoencoder appears in model routing/prediction context.,"Autoencoders should be representation/anomaly models, not primary target predictors unless explicitly designed so.","Use model capability metadata: role, can_predict_target, can_be_primary; never fallback to autoencoder as primary.",Test that a model set containing only autoencoder raises NoPrimaryPredictorAvailable.,medium,344d81598e217a5b
P1,model_routing,AUTOENCODER_ROUTING_REVIEW,models/neural/autoencoder_model.py,1,,# src/models/neural/autoencoder_model.py,Autoencoder appears in model routing/prediction context.,"Autoencoders should be representation/anomaly models, not primary target predictors unless explicitly designed so.","Use model capability metadata: role, can_predict_target, can_be_primary; never fallback to autoencoder as primary.",Test that a model set containing only autoencoder raises NoPrimaryPredictorAvailable.,medium,5cd70b4e0934aecd
P1,model_routing,AUTOENCODER_ROUTING_REVIEW,models/neural/autoencoder_model.py,30,,"return ""autoencoder_conv1d""",Autoencoder appears in model routing/prediction context.,"Autoencoders should be representation/anomaly models, not primary target predictors unless explicitly designed so.","Use model capability metadata: role, can_predict_target, can_be_primary; never fallback to autoencoder as primary.",Test that a model set containing only autoencoder raises NoPrimaryPredictorAvailable.,medium,912fde47afe4e813
P1,model_routing,AUTOENCODER_ROUTING_REVIEW,pipeline/hybrid/final_stages_executor.py,71,,"heavy_models = [m for m in all_models if m.lower() in ['cnn', 'lstm', 'gru', 'transformer', 'tabnet', 'autoencoder']]",Autoencoder appears in model routing/prediction context.,"Autoencoders should be representation/anomaly models, not primary target predictors unless explicitly designed so.","Use model capability metadata: role, can_predict_target, can_be_primary; never fallback to autoencoder as primary.",Test that a model set containing only autoencoder raises NoPrimaryPredictorAvailable.,medium,5078df84bfdff072
P1,model_routing,AUTOENCODER_ROUTING_REVIEW,pipeline/stages/prediction/model_selection_service.py,173,,prediction_models = [name for name in models if 'autoencoder' not in name.lower()],Autoencoder appears in model routing/prediction context.,"Autoencoders should be representation/anomaly models, not primary target predictors unless explicitly designed so.","Use model capability metadata: role, can_predict_target, can_be_primary; never fallback to autoencoder as primary.",Test that a model set containing only autoencoder raises NoPrimaryPredictorAvailable.,medium,749a58d2fd423ed0
P1,model_routing,AUTOENCODER_ROUTING_REVIEW,pipeline/stages/prediction/prediction_generator.py,62,,"f'⚠️ No models for prediction (only autoencoder), skipping {context_id}'",Autoencoder appears in model routing/prediction context.,"Autoencoders should be representation/anomaly models, not primary target predictors unless explicitly designed so.","Use model capability metadata: role, can_predict_target, can_be_primary; never fallback to autoencoder as primary.",Test that a model set containing only autoencoder raises NoPrimaryPredictorAvailable.,medium,5b8ad0b66aaac485
P1,model_routing,AUTOENCODER_ROUTING_REVIEW,pipeline/stages/prediction/prediction_generator.py,79,,'⚠️ Autoencoder not suitable for regression prediction'),Autoencoder appears in model routing/prediction context.,"Autoencoders should be representation/anomaly models, not primary target predictors unless explicitly designed so.","Use model capability metadata: role, can_predict_target, can_be_primary; never fallback to autoencoder as primary.",Test that a model set containing only autoencoder raises NoPrimaryPredictorAvailable.,medium,043546e55b023823
P1,model_routing,AUTOENCODER_ROUTING_REVIEW,predictions/deep_predict.py,71,,"def predict_autoencoder(model, X):",Autoencoder appears in model routing/prediction context.,"Autoencoders should be representation/anomaly models, not primary target predictors unless explicitly designed so.","Use model capability metadata: role, can_predict_target, can_be_primary; never fallback to autoencoder as primary.",Test that a model set containing only autoencoder raises NoPrimaryPredictorAvailable.,medium,7c2cb117507d7a60
P1,model_routing,AUTOENCODER_ROUTING_REVIEW,predictions/deep_predict.py,78,,"logger.info(f""[OK] Autoencoder prediction complete ({preds.shape[0]} points)."")",Autoencoder appears in model routing/prediction context.,"Autoencoders should be representation/anomaly models, not primary target predictors unless explicitly designed so.","Use model capability metadata: role, can_predict_target, can_be_primary; never fallback to autoencoder as primary.",Test that a model set containing only autoencoder raises NoPrimaryPredictorAvailable.,medium,bd302607775ad714
P1,model_routing,AUTOENCODER_ROUTING_REVIEW,predictions/models_predict.py,10,,"from .deep_predict import predict_lstm, predict_cnn, predict_transformer, predict_autoencoder",Autoencoder appears in model routing/prediction context.,"Autoencoders should be representation/anomaly models, not primary target predictors unless explicitly designed so.","Use model capability metadata: role, can_predict_target, can_be_primary; never fallback to autoencoder as primary.",Test that a model set containing only autoencoder raises NoPrimaryPredictorAvailable.,medium,fa653b84e398b37e
P1,model_routing,AUTOENCODER_ROUTING_REVIEW,predictions/models_predict.py,46,,"return predict_autoencoder(model, X)",Autoencoder appears in model routing/prediction context.,"Autoencoders should be representation/anomaly models, not primary target predictors unless explicitly designed so.","Use model capability metadata: role, can_predict_target, can_be_primary; never fallback to autoencoder as primary.",Test that a model set containing only autoencoder raises NoPrimaryPredictorAvailable.,medium,c750647cf86bbafb
P1,security,UNSAFE_MODEL_OR_PICKLE_LOAD,analytics/arena/arena_battle.py,180,_load_current_champion,model = joblib.load(latest_champ),Pickle/joblib/torch model load detected.,These formats can execute code or load unsafe artifacts if the path is not trusted and validated.,Only load from validated artifact directories; store metadata/hash and reject untrusted paths.,Add tests that traversal/untrusted artifact paths are rejected before load.,medium,74973ce280df7539
P1,security,UNSAFE_MODEL_OR_PICKLE_LOAD,calibration/adaptive_confidence_calibrator.py,290,load,data = joblib.load(path_obj),Pickle/joblib/torch model load detected.,These formats can execute code or load unsafe artifacts if the path is not trusted and validated.,Only load from validated artifact directories; store metadata/hash and reject untrusted paths.,Add tests that traversal/untrusted artifact paths are rejected before load.,medium,0184797265d097f4
P1,security,UNSAFE_MODEL_OR_PICKLE_LOAD,colab/utils/utils.py,66,load_checkpoint,"checkpoint = torch.load(checkpoint_path, weights_only=True)",Pickle/joblib/torch model load detected.,These formats can execute code or load unsafe artifacts if the path is not trusted and validated.,Only load from validated artifact directories; store metadata/hash and reject untrusted paths.,Add tests that traversal/untrusted artifact paths are rejected before load.,medium,882c742ba4634b38
P1,security,PLACEHOLDER_SECRET_REVIEW,config/unified_config_manager.py,193,,"""""""Resolve secrets and placeholders in configuration.""""""",Placeholder-looking secret/default detected.,Placeholders can be mistaken for valid credentials or leak into production config.,Validate secrets at startup and reject known placeholder patterns.,Test that placeholder secrets fail validation.,medium,407b8bb9bc7513a2
P1,security,PLACEHOLDER_SECRET_REVIEW,config/unified_config_manager.py,199,,"""""""Recursively parses configuration for environment markers and path placeholders.""""""",Placeholder-looking secret/default detected.,Placeholders can be mistaken for valid credentials or leak into production config.,Validate secrets at startup and reject known placeholder patterns.,Test that placeholder secrets fail validation.,medium,20bf97463b26dfdb
P1,security,PLACEHOLDER_SECRET_REVIEW,config/unified_config_manager.py,221,,elif self._has_placeholders(value):,Placeholder-looking secret/default detected.,Placeholders can be mistaken for valid credentials or leak into production config.,Validate secrets at startup and reject known placeholder patterns.,Test that placeholder secrets fail validation.,medium,38772162bb1edd8b
P1,security,PLACEHOLDER_SECRET_REVIEW,config/unified_config_manager.py,222,,"return self._resolve_placeholders(value, secrets)",Placeholder-looking secret/default detected.,Placeholders can be mistaken for valid credentials or leak into production config.,Validate secrets at startup and reject known placeholder patterns.,Test that placeholder secrets fail validation.,medium,986062d2ba0009d1
P1,security,PLACEHOLDER_SECRET_REVIEW,config/unified_config_manager.py,230,,"def _has_placeholders(self, value: Any) -> bool:",Placeholder-looking secret/default detected.,Placeholders can be mistaken for valid credentials or leak into production config.,Validate secrets at startup and reject known placeholder patterns.,Test that placeholder secrets fail validation.,medium,099f3c6490d790f6
P1,security,PLACEHOLDER_SECRET_REVIEW,config/unified_config_manager.py,231,,"""""""Check if value contains placeholders.""""""",Placeholder-looking secret/default detected.,Placeholders can be mistaken for valid credentials or leak into production config.,Validate secrets at startup and reject known placeholder patterns.,Test that placeholder secrets fail validation.,medium,f2f3ea8576ae45d1
P1,security,PLACEHOLDER_SECRET_REVIEW,config/unified_config_manager.py,244,,"def _resolve_placeholders(self, value: str, secrets: dict[str, str]) -> Any:",Placeholder-looking secret/default detected.,Placeholders can be mistaken for valid credentials or leak into production config.,Validate secrets at startup and reject known placeholder patterns.,Test that placeholder secrets fail validation.,medium,3df3a9ad367705bb
P1,security,PLACEHOLDER_SECRET_REVIEW,config/unified_config_manager.py,245,,"""""""Resolve placeholders in string value.""""""",Placeholder-looking secret/default detected.,Placeholders can be mistaken for valid credentials or leak into production config.,Validate secrets at startup and reject known placeholder patterns.,Test that placeholder secrets fail validation.,medium,ec5afbb13fc0bf60
P1,security,PLACEHOLDER_SECRET_REVIEW,config/unified_config_manager.py,246,,"placeholders = re.findall(r'\$\{([^}]+)\}', value)",Placeholder-looking secret/default detected.,Placeholders can be mistaken for valid credentials or leak into production config.,Validate secrets at startup and reject known placeholder patterns.,Test that placeholder secrets fail validation.,medium,b617fc91c8211af7
P1,security,PLACEHOLDER_SECRET_REVIEW,config/unified_config_manager.py,249,,for placeholder in placeholders:,Placeholder-looking secret/default detected.,Placeholders can be mistaken for valid credentials or leak into production config.,Validate secrets at startup and reject known placeholder patterns.,Test that placeholder secrets fail validation.,medium,c65b5960e30323a9
P1,security,PLACEHOLDER_SECRET_REVIEW,config/unified_config_manager.py,250,,"resolved_placeholder = self.get(placeholder, """")",Placeholder-looking secret/default detected.,Placeholders can be mistaken for valid credentials or leak into production config.,Validate secrets at startup and reject known placeholder patterns.,Test that placeholder secrets fail validation.,medium,f6a573a03d00bee6
P1,security,PLACEHOLDER_SECRET_REVIEW,config/unified_config_manager.py,251,,if resolved_placeholder:,Placeholder-looking secret/default detected.,Placeholders can be mistaken for valid credentials or leak into production config.,Validate secrets at startup and reject known placeholder patterns.,Test that placeholder secrets fail validation.,medium,901cc5a7b8f80d6f
P1,security,PLACEHOLDER_SECRET_REVIEW,config/unified_config_manager.py,252,,"resolved_value = resolved_value.replace(f'${{{placeholder}}}', str(resolved_placeholder))",Placeholder-looking secret/default detected.,Placeholders can be mistaken for valid credentials or leak into production config.,Validate secrets at startup and reject known placeholder patterns.,Test that placeholder secrets fail validation.,medium,a12abef2f7c2023b
P1,security,PLACEHOLDER_SECRET_REVIEW,config/unified_config_manager.py,421,,value = self._resolve_placeholders_in_value(value),Placeholder-looking secret/default detected.,Placeholders can be mistaken for valid credentials or leak into production config.,Validate secrets at startup and reject known placeholder patterns.,Test that placeholder secrets fail validation.,medium,17244ea9090d11ed
P1,security,PLACEHOLDER_SECRET_REVIEW,config/unified_config_manager.py,445,,"def _resolve_placeholders_in_value(self, value: Any) -> Any:",Placeholder-looking secret/default detected.,Placeholders can be mistaken for valid credentials or leak into production config.,Validate secrets at startup and reject known placeholder patterns.,Test that placeholder secrets fail validation.,medium,a0775b3704fa608c
P1,security,PLACEHOLDER_SECRET_REVIEW,config/unified_config_manager.py,446,,"""""""Resolve placeholders in string value.""""""",Placeholder-looking secret/default detected.,Placeholders can be mistaken for valid credentials or leak into production config.,Validate secrets at startup and reject known placeholder patterns.,Test that placeholder secrets fail validation.,medium,98a599ded7b37561
P1,security,PLACEHOLDER_SECRET_REVIEW,config/unified_config_manager.py,450,,"placeholders = re.findall(r'\$\{([^}]+)\}', value)",Placeholder-looking secret/default detected.,Placeholders can be mistaken for valid credentials or leak into production config.,Validate secrets at startup and reject known placeholder patterns.,Test that placeholder secrets fail validation.,medium,443018c01b69c36b
P1,security,PLACEHOLDER_SECRET_REVIEW,config/unified_config_manager.py,451,,for placeholder in placeholders:,Placeholder-looking secret/default detected.,Placeholders can be mistaken for valid credentials or leak into production config.,Validate secrets at startup and reject known placeholder patterns.,Test that placeholder secrets fail validation.,medium,6192fbcb648148fe
P1,security,PLACEHOLDER_SECRET_REVIEW,config/unified_config_manager.py,452,,"resolved_placeholder = self.get(placeholder, """")",Placeholder-looking secret/default detected.,Placeholders can be mistaken for valid credentials or leak into production config.,Validate secrets at startup and reject known placeholder patterns.,Test that placeholder secrets fail validation.,medium,57043c320e8964b5
P1,security,PLACEHOLDER_SECRET_REVIEW,config/unified_config_manager.py,453,,"if not isinstance(resolved_placeholder, (str, int, float, bool)):",Placeholder-looking secret/default detected.,Placeholders can be mistaken for valid credentials or leak into production config.,Validate secrets at startup and reject known placeholder patterns.,Test that placeholder secrets fail validation.,medium,8d0f2610c2fcb50a
P1,security,PLACEHOLDER_SECRET_REVIEW,config/unified_config_manager.py,454,,resolved_placeholder = str(resolved_placeholder),Placeholder-looking secret/default detected.,Placeholders can be mistaken for valid credentials or leak into production config.,Validate secrets at startup and reject known placeholder patterns.,Test that placeholder secrets fail validation.,medium,7bbb0866768b3ffa
P1,security,PLACEHOLDER_SECRET_REVIEW,config/unified_config_manager.py,455,,"value = value.replace(f'${{{placeholder}}}', str(resolved_placeholder))",Placeholder-looking secret/default detected.,Placeholders can be mistaken for valid credentials or leak into production config.,Validate secrets at startup and reject known placeholder patterns.,Test that placeholder secrets fail validation.,medium,63e9db354a49a0be
P1,security,UNSAFE_MODEL_OR_PICKLE_LOAD,core/cache/cache_manager.py,146,get,value = pickle.load(f),Pickle/joblib/torch model load detected.,These formats can execute code or load unsafe artifacts if the path is not trusted and validated.,Only load from validated artifact directories; store metadata/hash and reject untrusted paths.,Add tests that traversal/untrusted artifact paths are rejected before load.,medium,547c7d2975667c7c
P1,security,PLACEHOLDER_SECRET_REVIEW,core/security/secure_secrets_manager.py,248,,# Block placeholder values from development templates,Placeholder-looking secret/default detected.,Placeholders can be mistaken for valid credentials or leak into production config.,Validate secrets at startup and reject known placeholder patterns.,Test that placeholder secrets fail validation.,medium,c47b5e2d5f71a108
P1,security,PLACEHOLDER_SECRET_REVIEW,core/security/secure_secrets_manager.py,252,,"f""SECURITY PROTOCOL BREACH: Key '{key_name}' contains a template placeholder.""",Placeholder-looking secret/default detected.,Placeholders can be mistaken for valid credentials or leak into production config.,Validate secrets at startup and reject known placeholder patterns.,Test that placeholder secrets fail validation.,medium,6998e3174403a3ab
P1,security,PLACEHOLDER_SECRET_REVIEW,core/security/secure_secrets_manager.py,254,,"raise SecurityError(f""Secret '{key_name}' contains a placeholder value."")",Placeholder-looking secret/default detected.,Placeholders can be mistaken for valid credentials or leak into production config.,Validate secrets at startup and reject known placeholder patterns.,Test that placeholder secrets fail validation.,medium,86cced59bd630379
P1,security,PLACEHOLDER_SECRET_REVIEW,data/management/data_manager.py,219,,"placeholders = ', '.join(['?' for _ in tickers])",Placeholder-looking secret/default detected.,Placeholders can be mistaken for valid credentials or leak into production config.,Validate secrets at startup and reject known placeholder patterns.,Test that placeholder secrets fail validation.,medium,d428782326bc026c
P1,security,PLACEHOLDER_SECRET_REVIEW,data/management/data_manager.py,223,,WHERE ticker IN ({placeholders}) AND interval = ?,Placeholder-looking secret/default detected.,Placeholders can be mistaken for valid credentials or leak into production config.,Validate secrets at startup and reject known placeholder patterns.,Test that placeholder secrets fail validation.,medium,85bb7e58de450247
P1,security,UNSAFE_MODEL_OR_PICKLE_LOAD,ensembling/stacked_ensemble.py,307,load,state = joblib.load(f),Pickle/joblib/torch model load detected.,These formats can execute code or load unsafe artifacts if the path is not trusted and validated.,Only load from validated artifact directories; store metadata/hash and reject untrusted paths.,Add tests that traversal/untrusted artifact paths are rejected before load.,medium,b55dfb59dd0fc6a1
P1,security,PLACEHOLDER_SECRET_REVIEW,features/feature_orchestrator.py,163,,# This is a placeholder - actual implementation would be in the main function,Placeholder-looking secret/default detected.,Placeholders can be mistaken for valid credentials or leak into production config.,Validate secrets at startup and reject known placeholder patterns.,Test that placeholder secrets fail validation.,medium,19385363918093ae
P1,security,PLACEHOLDER_SECRET_REVIEW,meta_learning/evolution/dual_loops.py,203,,"placeholders = ', '.join(['?'] * len(status_list))",Placeholder-looking secret/default detected.,Placeholders can be mistaken for valid credentials or leak into production config.,Validate secrets at startup and reject known placeholder patterns.,Test that placeholder secrets fail validation.,medium,a40a62b3abfbfb0b
P1,security,PLACEHOLDER_SECRET_REVIEW,meta_learning/evolution/dual_loops.py,204,,"query = f""SELECT * FROM rules WHERE status IN ({placeholders})""",Placeholder-looking secret/default detected.,Placeholders can be mistaken for valid credentials or leak into production config.,Validate secrets at startup and reject known placeholder patterns.,Test that placeholder secrets fail validation.,medium,6841313b89753533
P1,security,UNSAFE_MODEL_OR_PICKLE_LOAD,models/ensemble/confidence_calibrator.py,117,load_calibrator,payload = joblib.load(filepath),Pickle/joblib/torch model load detected.,These formats can execute code or load unsafe artifacts if the path is not trusted and validated.,Only load from validated artifact directories; store metadata/hash and reject untrusted paths.,Add tests that traversal/untrusted artifact paths are rejected before load.,medium,ea04b4aa9d463716
P1,security,UNSAFE_MODEL_OR_PICKLE_LOAD,models/ensemble/enhanced_ensemble.py,115,_load_model_from_path,"model_obj = torch.load(path_candidate, map_location='cpu')",Pickle/joblib/torch model load detected.,These formats can execute code or load unsafe artifacts if the path is not trusted and validated.,Only load from validated artifact directories; store metadata/hash and reject untrusted paths.,Add tests that traversal/untrusted artifact paths are rejected before load.,medium,c422faaa56b27a7e
P1,security,UNSAFE_MODEL_OR_PICKLE_LOAD,models/ensemble/enhanced_ensemble.py,142,_load_single_model,model = joblib.load(model_file),Pickle/joblib/torch model load detected.,These formats can execute code or load unsafe artifacts if the path is not trusted and validated.,Only load from validated artifact directories; store metadata/hash and reject untrusted paths.,Add tests that traversal/untrusted artifact paths are rejected before load.,medium,4dd700ce6d14089b
P1,security,UNSAFE_MODEL_OR_PICKLE_LOAD,models/ensemble/ensemble_model.py,82,load_model,loaded_model = joblib.load(path),Pickle/joblib/torch model load detected.,These formats can execute code or load unsafe artifacts if the path is not trusted and validated.,Only load from validated artifact directories; store metadata/hash and reject untrusted paths.,Add tests that traversal/untrusted artifact paths are rejected before load.,medium,11251b68903bcf94
P1,security,UNSAFE_MODEL_OR_PICKLE_LOAD,models/linear/knn_model.py,84,load_model,loaded_model = joblib.load(path),Pickle/joblib/torch model load detected.,These formats can execute code or load unsafe artifacts if the path is not trusted and validated.,Only load from validated artifact directories; store metadata/hash and reject untrusted paths.,Add tests that traversal/untrusted artifact paths are rejected before load.,medium,14e25ab4bd2df8ca
P1,security,UNSAFE_MODEL_OR_PICKLE_LOAD,models/linear/linear_model.py,74,load_model,loaded_model = joblib.load(path),Pickle/joblib/torch model load detected.,These formats can execute code or load unsafe artifacts if the path is not trusted and validated.,Only load from validated artifact directories; store metadata/hash and reject untrusted paths.,Add tests that traversal/untrusted artifact paths are rejected before load.,medium,920d75d35a998bb7
P1,security,UNSAFE_MODEL_OR_PICKLE_LOAD,models/linear/svm_model.py,90,load_model,loaded_model = joblib.load(path),Pickle/joblib/torch model load detected.,These formats can execute code or load unsafe artifacts if the path is not trusted and validated.,Only load from validated artifact directories; store metadata/hash and reject untrusted paths.,Add tests that traversal/untrusted artifact paths are rejected before load.,medium,049bc0c90a774228
P1,security,UNSAFE_MODEL_OR_PICKLE_LOAD,models/loader.py,168,_load_consensus_model,return joblib.load(str(consensus_path)),Pickle/joblib/torch model load detected.,These formats can execute code or load unsafe artifacts if the path is not trusted and validated.,Only load from validated artifact directories; store metadata/hash and reject untrusted paths.,Add tests that traversal/untrusted artifact paths are rejected before load.,medium,0dfc72c17d86e9f8
P1,security,UNSAFE_MODEL_OR_PICKLE_LOAD,models/loader.py,191,_load_joblib,return joblib.load(str(path)),Pickle/joblib/torch model load detected.,These formats can execute code or load unsafe artifacts if the path is not trusted and validated.,Only load from validated artifact directories; store metadata/hash and reject untrusted paths.,Add tests that traversal/untrusted artifact paths are rejected before load.,medium,8df47c8c6ccc66c0
P1,security,UNSAFE_MODEL_OR_PICKLE_LOAD,models/loader.py,200,_load_pickle,return joblib.load(str(path)),Pickle/joblib/torch model load detected.,These formats can execute code or load unsafe artifacts if the path is not trusted and validated.,Only load from validated artifact directories; store metadata/hash and reject untrusted paths.,Add tests that traversal/untrusted artifact paths are rejected before load.,medium,5c86ab01b78aff7e
P1,security,UNSAFE_MODEL_OR_PICKLE_LOAD,models/loader.py,205,_load_pickle,return pickle.load(f),Pickle/joblib/torch model load detected.,These formats can execute code or load unsafe artifacts if the path is not trusted and validated.,Only load from validated artifact directories; store metadata/hash and reject untrusted paths.,Add tests that traversal/untrusted artifact paths are rejected before load.,medium,2c27284d560fbe68
P1,security,UNSAFE_MODEL_OR_PICKLE_LOAD,models/loader.py,305,_load_torch_model,"loaded_obj = torch.load(path, map_location='cpu', weights_only=",Pickle/joblib/torch model load detected.,These formats can execute code or load unsafe artifacts if the path is not trusted and validated.,Only load from validated artifact directories; store metadata/hash and reject untrusted paths.,Add tests that traversal/untrusted artifact paths are rejected before load.,medium,fb2149aa8f6f1971
P1,security,UNSAFE_MODEL_OR_PICKLE_LOAD,models/neural/tabnet_model.py,122,load_model,metadata = joblib.load(metadata_path),Pickle/joblib/torch model load detected.,These formats can execute code or load unsafe artifacts if the path is not trusted and validated.,Only load from validated artifact directories; store metadata/hash and reject untrusted paths.,Add tests that traversal/untrusted artifact paths are rejected before load.,medium,da2a2c36f613c9eb
P1,security,UNSAFE_MODEL_OR_PICKLE_LOAD,models/tree/lightgbm_model.py,95,load_model,loaded_model = joblib.load(path),Pickle/joblib/torch model load detected.,These formats can execute code or load unsafe artifacts if the path is not trusted and validated.,Only load from validated artifact directories; store metadata/hash and reject untrusted paths.,Add tests that traversal/untrusted artifact paths are rejected before load.,medium,c6edb17141682b54
P1,security,UNSAFE_MODEL_OR_PICKLE_LOAD,models/tree/random_forest_model.py,90,load_model,loaded_model = joblib.load(path),Pickle/joblib/torch model load detected.,These formats can execute code or load unsafe artifacts if the path is not trusted and validated.,Only load from validated artifact directories; store metadata/hash and reject untrusted paths.,Add tests that traversal/untrusted artifact paths are rejected before load.,medium,889a19e8622cfbd1
P1,security,UNSAFE_MODEL_OR_PICKLE_LOAD,models/tree/xgboost_model.py,99,load_model,loaded_model = joblib.load(path),Pickle/joblib/torch model load detected.,These formats can execute code or load unsafe artifacts if the path is not trusted and validated.,Only load from validated artifact directories; store metadata/hash and reject untrusted paths.,Add tests that traversal/untrusted artifact paths are rejected before load.,medium,5c41e9f79372fd9d
P1,security,UNSAFE_MODEL_OR_PICKLE_LOAD,monitoring/health_hub.py,94,_load_prediction_models,self.models[model_name] = joblib.load(model_path),Pickle/joblib/torch model load detected.,These formats can execute code or load unsafe artifacts if the path is not trusted and validated.,Only load from validated artifact directories; store metadata/hash and reject untrusted paths.,Add tests that traversal/untrusted artifact paths are rejected before load.,medium,9776e975434c74b6
P1,security,UNSAFE_MODEL_OR_PICKLE_LOAD,monitoring/health_hub.py,100,_load_scaler_models,self.scalers['resource_scaler'] = joblib.load(scaler_path),Pickle/joblib/torch model load detected.,These formats can execute code or load unsafe artifacts if the path is not trusted and validated.,Only load from validated artifact directories; store metadata/hash and reject untrusted paths.,Add tests that traversal/untrusted artifact paths are rejected before load.,medium,bff674b912a5b4cc
P1,security,UNSAFE_MODEL_OR_PICKLE_LOAD,monitoring/ml_analytics.py,48,load_ml_models,self.models[model_name] = joblib.load(model_path),Pickle/joblib/torch model load detected.,These formats can execute code or load unsafe artifacts if the path is not trusted and validated.,Only load from validated artifact directories; store metadata/hash and reject untrusted paths.,Add tests that traversal/untrusted artifact paths are rejected before load.,medium,7f6ae8aaf1c74bb3
P1,security,UNSAFE_MODEL_OR_PICKLE_LOAD,monitoring/ml_analytics.py,53,load_ml_models,self.scalers['resource_scaler'] = joblib.load(scaler_path),Pickle/joblib/torch model load detected.,These formats can execute code or load unsafe artifacts if the path is not trusted and validated.,Only load from validated artifact directories; store metadata/hash and reject untrusted paths.,Add tests that traversal/untrusted artifact paths are rejected before load.,medium,12b8cd27161a4da0
P1,security,UNSAFE_MODEL_OR_PICKLE_LOAD,pipeline/stages/prediction/data_preparer.py,267,_try_load_scaler,target_scaler = joblib.load(scaler_path),Pickle/joblib/torch model load detected.,These formats can execute code or load unsafe artifacts if the path is not trusted and validated.,Only load from validated artifact directories; store metadata/hash and reject untrusted paths.,Add tests that traversal/untrusted artifact paths are rejected before load.,medium,8924a2eed160d244
P1,security,UNSAFE_MODEL_OR_PICKLE_LOAD,pipeline/stages/prediction/scaler_service.py,74,load_target_scaler,target_scaler = joblib.load(scaler_path),Pickle/joblib/torch model load detected.,These formats can execute code or load unsafe artifacts if the path is not trusted and validated.,Only load from validated artifact directories; store metadata/hash and reject untrusted paths.,Add tests that traversal/untrusted artifact paths are rejected before load.,medium,1c51235d42a997a8
P1,security,UNSAFE_MODEL_OR_PICKLE_LOAD,predictions/models_predict.py,99,predict_from_parquet,"model = joblib.load(os.path.join(models_path, f))",Pickle/joblib/torch model load detected.,These formats can execute code or load unsafe artifacts if the path is not trusted and validated.,Only load from validated artifact directories; store metadata/hash and reject untrusted paths.,Add tests that traversal/untrusted artifact paths are rejected before load.,medium,8d5b8b4b8dba6cc6
P1,security,UNSAFE_MODEL_OR_PICKLE_LOAD,processing/normalization_manager.py,172,load_scalers,scaler = joblib.load(scaler_path),Pickle/joblib/torch model load detected.,These formats can execute code or load unsafe artifacts if the path is not trusted and validated.,Only load from validated artifact directories; store metadata/hash and reject untrusted paths.,Add tests that traversal/untrusted artifact paths are rejected before load.,medium,695e564d85dd27f5
P1,security,UNSAFE_MODEL_OR_PICKLE_LOAD,training/light_model_trainer.py,170,load_model_from_disk,self.models_in_memory[model_key] = joblib.load(path),Pickle/joblib/torch model load detected.,These formats can execute code or load unsafe artifacts if the path is not trusted and validated.,Only load from validated artifact directories; store metadata/hash and reject untrusted paths.,Add tests that traversal/untrusted artifact paths are rejected before load.,medium,ce4bc328593dd077
P1,security,UNSAFE_MODEL_OR_PICKLE_LOAD,utils/checkpoint_manager.py,53,load_checkpoint,"checkpoint = torch.load(checkpoint_path, weights_only=True)",Pickle/joblib/torch model load detected.,These formats can execute code or load unsafe artifacts if the path is not trusted and validated.,Only load from validated artifact directories; store metadata/hash and reject untrusted paths.,Add tests that traversal/untrusted artifact paths are rejected before load.,medium,59d557f42425898a
P1,temporal,NEGATIVE_SHIFT_LOOKAHEAD,data/synthetic/data_generator.py,135,generate_synthetic_targets,targets['return_1h'] = (close_prices.shift(-1) / close_prices) - 1  # audit-ignore: target label,"Negative shift detected. It may be valid for target generation, but dangerous elsewhere.","shift(-h) reads future rows. Without ticker grouping and tail-row dropping, it creates lookahead/cross-ticker leakage.","Use it only in target modules, group by ticker, and drop/mark the last horizon rows instead of filling them.",Create a multi-ticker fixture and assert last row of each ticker has NaN target and never uses the next ticker.,high,7454eeb284065cf6
P1,temporal,NEGATIVE_SHIFT_LOOKAHEAD,data/synthetic/data_generator.py,136,generate_synthetic_targets,targets['return_4h'] = (close_prices.shift(-4) / close_prices) - 1  # audit-ignore: target label,"Negative shift detected. It may be valid for target generation, but dangerous elsewhere.","shift(-h) reads future rows. Without ticker grouping and tail-row dropping, it creates lookahead/cross-ticker leakage.","Use it only in target modules, group by ticker, and drop/mark the last horizon rows instead of filling them.",Create a multi-ticker fixture and assert last row of each ticker has NaN target and never uses the next ticker.,high,4fb9371ab7294041
P1,temporal,NEGATIVE_SHIFT_LOOKAHEAD,data/synthetic/data_generator.py,137,generate_synthetic_targets,targets['return_24h'] = (close_prices.shift(-24) / close_prices) - 1  # audit-ignore: target label,"Negative shift detected. It may be valid for target generation, but dangerous elsewhere.","shift(-h) reads future rows. Without ticker grouping and tail-row dropping, it creates lookahead/cross-ticker leakage.","Use it only in target modules, group by ticker, and drop/mark the last horizon rows instead of filling them.",Create a multi-ticker fixture and assert last row of each ticker has NaN target and never uses the next ticker.,high,22600faab7382a4b
P1,temporal,NEGATIVE_SHIFT_LOOKAHEAD,data/synthetic/data_generator.py,149,generate_synthetic_targets,future_1h_returns = close_prices.pct_change(fill_method=None).shift(-1)  # audit-ignore: target label,"Negative shift detected. It may be valid for target generation, but dangerous elsewhere.","shift(-h) reads future rows. Without ticker grouping and tail-row dropping, it creates lookahead/cross-ticker leakage.","Use it only in target modules, group by ticker, and drop/mark the last horizon rows instead of filling them.",Create a multi-ticker fixture and assert last row of each ticker has NaN target and never uses the next ticker.,high,52fd0e96545d8a1b
P1,temporal,NEGATIVE_SHIFT_LOOKAHEAD,pipeline/guards/temporal_target_guard.py,33,_generate_default_targets,"results['target_volatility_1d'] = ret1_series.groupby(df_enriched['ticker']).transform(lambda s: s.rolling(window=5, min_periods=1).std().shift(-1))  # audit-ignore: target label","Negative shift detected. It may be valid for target generation, but dangerous elsewhere.","shift(-h) reads future rows. Without ticker grouping and tail-row dropping, it creates lookahead/cross-ticker leakage.","Use it only in target modules, group by ticker, and drop/mark the last horizon rows instead of filling them.",Create a multi-ticker fixture and assert last row of each ticker has NaN target and never uses the next ticker.,medium,fef80c3ca922a275
P1,temporal,NEGATIVE_SHIFT_LOOKAHEAD,pipeline/guards/temporal_target_guard.py,34,_generate_default_targets,"results['target_volatility_5d'] = ret1_series.groupby(df_enriched['ticker']).transform(lambda s: s.rolling(window=20, min_periods=1).std().shift(-5))  # audit-ignore: target label","Negative shift detected. It may be valid for target generation, but dangerous elsewhere.","shift(-h) reads future rows. Without ticker grouping and tail-row dropping, it creates lookahead/cross-ticker leakage.","Use it only in target modules, group by ticker, and drop/mark the last horizon rows instead of filling them.",Create a multi-ticker fixture and assert last row of each ticker has NaN target and never uses the next ticker.,medium,6f6332a46b750b45
P1,temporal,NEGATIVE_SHIFT_LOOKAHEAD,pipeline/stages/stage_0_data_generation.py,133,generate_synthetic_targets,"targets['return_1h'] = features_df['close'].pct_change(1, fill_method=None).shift(-1)  # audit-ignore: target label","Negative shift detected. It may be valid for target generation, but dangerous elsewhere.","shift(-h) reads future rows. Without ticker grouping and tail-row dropping, it creates lookahead/cross-ticker leakage.","Use it only in target modules, group by ticker, and drop/mark the last horizon rows instead of filling them.",Create a multi-ticker fixture and assert last row of each ticker has NaN target and never uses the next ticker.,high,bd7e9be06e1fd965
P1,temporal,NEGATIVE_SHIFT_LOOKAHEAD,pipeline/stages/stage_0_data_generation.py,134,generate_synthetic_targets,"targets['return_4h'] = features_df['close'].pct_change(4, fill_method=None).shift(-4)  # audit-ignore: target label","Negative shift detected. It may be valid for target generation, but dangerous elsewhere.","shift(-h) reads future rows. Without ticker grouping and tail-row dropping, it creates lookahead/cross-ticker leakage.","Use it only in target modules, group by ticker, and drop/mark the last horizon rows instead of filling them.",Create a multi-ticker fixture and assert last row of each ticker has NaN target and never uses the next ticker.,high,eae698a69326b3a6
P1,temporal,NEGATIVE_SHIFT_LOOKAHEAD,pipeline/stages/stage_0_data_generation.py,135,generate_synthetic_targets,"targets['return_24h'] = features_df['close'].pct_change(24, fill_method=None).shift(-24)  # audit-ignore: target label","Negative shift detected. It may be valid for target generation, but dangerous elsewhere.","shift(-h) reads future rows. Without ticker grouping and tail-row dropping, it creates lookahead/cross-ticker leakage.","Use it only in target modules, group by ticker, and drop/mark the last horizon rows instead of filling them.",Create a multi-ticker fixture and assert last row of each ticker has NaN target and never uses the next ticker.,high,db397a00b56e5700
P1,temporal,NEGATIVE_SHIFT_LOOKAHEAD,pipeline/stages/stage_0_data_generation.py,143,generate_synthetic_targets,"targets['volatility_1h'] = features_df['close'].pct_change(fill_method=None).rolling(window=5, min_periods=1).std().shift(-1)  # audit-ignore: target label","Negative shift detected. It may be valid for target generation, but dangerous elsewhere.","shift(-h) reads future rows. Without ticker grouping and tail-row dropping, it creates lookahead/cross-ticker leakage.","Use it only in target modules, group by ticker, and drop/mark the last horizon rows instead of filling them.",Create a multi-ticker fixture and assert last row of each ticker has NaN target and never uses the next ticker.,high,366feef5e1ece30f
P1,temporal,NEGATIVE_SHIFT_LOOKAHEAD,pipeline/stages/stage_0_data_generation.py,144,generate_synthetic_targets,"targets['volatility_4h'] = features_df['close'].pct_change(fill_method=None).rolling(window=10, min_periods=1).std().shift(-4)  # audit-ignore: target label","Negative shift detected. It may be valid for target generation, but dangerous elsewhere.","shift(-h) reads future rows. Without ticker grouping and tail-row dropping, it creates lookahead/cross-ticker leakage.","Use it only in target modules, group by ticker, and drop/mark the last horizon rows instead of filling them.",Create a multi-ticker fixture and assert last row of each ticker has NaN target and never uses the next ticker.,high,44b9f107b7ea17d3
P1,temporal,NEGATIVE_SHIFT_LOOKAHEAD,validation/data_leakage_detector.py,126,detect_future_data_in_features,future_target = df[target_col].shift(-1)  # audit-ignore: detector intentionally checks future target correlation,"Negative shift detected. It may be valid for target generation, but dangerous elsewhere.","shift(-h) reads future rows. Without ticker grouping and tail-row dropping, it creates lookahead/cross-ticker leakage.","Use it only in target modules, group by ticker, and drop/mark the last horizon rows instead of filling them.",Create a multi-ticker fixture and assert last row of each ticker has NaN target and never uses the next ticker.,high,406478a9797916bd
P2,config_factory,HARDCODED_MODEL_LIST,analytics/analyzers/model_comparison_analyzer.py,30,__init__,"self.HEAVY_MODELS = [""gru"", ""tabnet"", ""transformer"", ""cnn"", ""lstm"", ""autoencoder""]",Hardcoded model list detected.,Duplicated model lists across factory/arena/pipeline drift over time.,Move models/aliases/capabilities into one registry/config and reference it everywhere.,"Test that factory, CLI, arena, and prediction stage resolve the same registry entries.",medium,c900814df5021735
P2,config_factory,HARDCODED_MODEL_LIST,analytics/arena/performance_tracker.py,64,_initialize_model_stats,"all_models = ['lgbm', 'rf', 'xgboost', 'catboost', 'linear', 'mlp',",Hardcoded model list detected.,Duplicated model lists across factory/arena/pipeline drift over time.,Move models/aliases/capabilities into one registry/config and reference it everywhere.,"Test that factory, CLI, arena, and prediction stage resolve the same registry entries.",medium,6939beb2b0d4e6f7
P2,config_factory,HARDCODED_MODEL_LIST,analytics/arena/performance_tracker.py,77,_get_model_type,"enhanced_models = ['dean_ensemble', 'sentiment', 'lgbm_bayesian']",Hardcoded model list detected.,Duplicated model lists across factory/arena/pipeline drift over time.,Move models/aliases/capabilities into one registry/config and reference it everywhere.,"Test that factory, CLI, arena, and prediction stage resolve the same registry entries.",medium,2684e11c3b46665d
P2,config_factory,HARDCODED_MODEL_LIST,analytics/arena/performance_tracker.py,78,_get_model_type,"heavy_models = ['lstm', 'gru', 'transformer', 'cnn', 'tabnet',",Hardcoded model list detected.,Duplicated model lists across factory/arena/pipeline drift over time.,Move models/aliases/capabilities into one registry/config and reference it everywhere.,"Test that factory, CLI, arena, and prediction stage resolve the same registry entries.",medium,130b753c9e132e3d
P2,config_factory,HARDCODED_MODEL_LIST,analytics/data_managers/model_results_manager.py,25,__init__,"self.LIGHT_MODEL_TYPES = ['lgbm', 'rf', 'linear', 'mlp', 'ensemble']",Hardcoded model list detected.,Duplicated model lists across factory/arena/pipeline drift over time.,Move models/aliases/capabilities into one registry/config and reference it everywhere.,"Test that factory, CLI, arena, and prediction stage resolve the same registry entries.",medium,b1a9eac42c63cd94
P2,config_factory,HARDCODED_MODEL_MAP_OR_ALIASES,analytics/signals/signal_analytics.py,67,_process_signal_data,model_performance[model_name] = {,Hardcoded model map/alias registry detected.,Multiple registries make routing inconsistent; e.g. training knows a model but prediction/arena does not.,"Use a single model registry with class_path, aliases, role, heavy flag, and can_be_primary.",Snapshot-test that all model names and aliases resolve from one source of truth.,medium,7c792d12f8e3e6b9
P2,config_factory,DUPLICATED_MODEL_REGISTRY_ENTRIES,factories/model_factory.py,34,,"_model_aliases = ['linear', 'svm', 'knn', 'mlp', 'cnn', 'lstm', 'gru', 'transformer', 'tabnet', 'autoencoder']...",Model/alias registry entries overlap with other files.,Duplicated registries drift and cause selector/factory/prediction inconsistencies.,"Move all model names, aliases, class paths, role, heavy flag, and can_be_primary to one registry.","Snapshot-test that factory, CLI, arena, and prediction load the same registry.",medium,9a89be8d01b10d90
P2,config_factory,HARDCODED_MODEL_MAP_OR_ALIASES,factories/model_factory.py,34,ModelFactory,"_model_aliases: Dict[str, str] = {",Hardcoded model map/alias registry detected.,Multiple registries make routing inconsistent; e.g. training knows a model but prediction/arena does not.,"Use a single model registry with class_path, aliases, role, heavy flag, and can_be_primary.",Snapshot-test that all model names and aliases resolve from one source of truth.,medium,1852bfce8f0158f7
P2,config_factory,HARDCODED_MODEL_MAP_OR_ALIASES,features/colab_context_integration.py,132,_get_model_max_features,"max_features_map = {'mlp': 256, 'lstm': 128, 'gru': 128, 'cnn': 64,",Hardcoded model map/alias registry detected.,Multiple registries make routing inconsistent; e.g. training knows a model but prediction/arena does not.,"Use a single model registry with class_path, aliases, role, heavy flag, and can_be_primary.",Snapshot-test that all model names and aliases resolve from one source of truth.,medium,5ffeff8207534077
P2,config_factory,HARDCODED_MODEL_MAP_OR_ALIASES,features/enrichers/news_impact_enricher.py,232,_merge_impact_scores,"significance_map = {'low': 0, 'medium': 1, 'high': 2}",Hardcoded model map/alias registry detected.,Multiple registries make routing inconsistent; e.g. training knows a model but prediction/arena does not.,"Use a single model registry with class_path, aliases, role, heavy flag, and can_be_primary.",Snapshot-test that all model names and aliases resolve from one source of truth.,medium,e042c646832816e8
P2,config_factory,HARDCODED_MODEL_MAP_OR_ALIASES,features/enrichers/news_impact_enricher.py,393,_merge_traditional_impact_scores,"significance_map = {'low': 0, 'medium': 1, 'high': 2}",Hardcoded model map/alias registry detected.,Multiple registries make routing inconsistent; e.g. training knows a model but prediction/arena does not.,"Use a single model registry with class_path, aliases, role, heavy flag, and can_be_primary.",Snapshot-test that all model names and aliases resolve from one source of truth.,medium,755a8cc767e344a3
P2,config_factory,HARDCODED_MODEL_MAP_OR_ALIASES,features/feature_selector.py,121,_get_model_max_features,"max_features_map = {'mlp': 256, 'lstm': 128, 'gru': 128, 'cnn': 64,",Hardcoded model map/alias registry detected.,Multiple registries make routing inconsistent; e.g. training knows a model but prediction/arena does not.,"Use a single model registry with class_path, aliases, role, heavy flag, and can_be_primary.",Snapshot-test that all model names and aliases resolve from one source of truth.,medium,46aa0a1cb7696a99
P2,config_factory,HARDCODED_MODEL_MAP_OR_ALIASES,features/feature_selector.py,146,get_model_max_features,"max_features_map = {'mlp': 256, 'lstm': 128, 'gru': 128, 'cnn': 64,",Hardcoded model map/alias registry detected.,Multiple registries make routing inconsistent; e.g. training knows a model but prediction/arena does not.,"Use a single model registry with class_path, aliases, role, heavy flag, and can_be_primary.",Snapshot-test that all model names and aliases resolve from one source of truth.,medium,1f9507d76f41ecf8
P2,config_factory,HARDCODED_MODEL_MAP_OR_ALIASES,features/news_impact_classifier.py,246,_get_priority_and_retention,mapping = {,Hardcoded model map/alias registry detected.,Multiple registries make routing inconsistent; e.g. training knows a model but prediction/arena does not.,"Use a single model registry with class_path, aliases, role, heavy flag, and can_be_primary.",Snapshot-test that all model names and aliases resolve from one source of truth.,medium,4391be275882b826
P2,config_factory,HARDCODED_MODEL_MAP_OR_ALIASES,features/nlp/utils/mention_utils.py,9,,TICKER_ALIASES = {,Hardcoded model map/alias registry detected.,Multiple registries make routing inconsistent; e.g. training knows a model but prediction/arena does not.,"Use a single model registry with class_path, aliases, role, heavy flag, and can_be_primary.",Snapshot-test that all model names and aliases resolve from one source of truth.,medium,2f904cfdc657d600
P2,config_factory,HARDCODED_MODEL_MAP_OR_ALIASES,models/analysis/baseline_dominance_detector.py,32,__init__,self.BASELINE_MODELS = {,Hardcoded model map/alias registry detected.,Multiple registries make routing inconsistent; e.g. training knows a model but prediction/arena does not.,"Use a single model registry with class_path, aliases, role, heavy flag, and can_be_primary.",Snapshot-test that all model names and aliases resolve from one source of truth.,medium,75e180376870cf61
P2,config_factory,HARDCODED_MODEL_LIST,models/ensemble/enhanced_ensemble.py,164,load_local_light_models,"light_model_types = ['catboost', 'lightgbm', 'xgboost',",Hardcoded model list detected.,Duplicated model lists across factory/arena/pipeline drift over time.,Move models/aliases/capabilities into one registry/config and reference it everywhere.,"Test that factory, CLI, arena, and prediction stage resolve the same registry entries.",medium,c4ed2ad2b67b6991
P2,config_factory,HARDCODED_MODEL_LIST,models/loader.py,349,_create_pytorch_model,"light_models = ['catboost', 'lightgbm', 'xgboost', 'random_forest',",Hardcoded model list detected.,Duplicated model lists across factory/arena/pipeline drift over time.,Move models/aliases/capabilities into one registry/config and reference it everywhere.,"Test that factory, CLI, arena, and prediction stage resolve the same registry entries.",medium,4ee5e9b93ea3c084
P2,config_factory,HARDCODED_MODEL_MAP_OR_ALIASES,monitoring/config.py,58,_apply_environment_variables,"env_mappings = {'MONITORING_CPU_THRESHOLD': ('system_health',",Hardcoded model map/alias registry detected.,Multiple registries make routing inconsistent; e.g. training knows a model but prediction/arena does not.,"Use a single model registry with class_path, aliases, role, heavy flag, and can_be_primary.",Snapshot-test that all model names and aliases resolve from one source of truth.,medium,049fe8e4072b5bdc
P2,config_factory,HARDCODED_MODEL_MAP_OR_ALIASES,monitoring/dashboard.py,384,_create_alerts_table,color_map = {,Hardcoded model map/alias registry detected.,Multiple registries make routing inconsistent; e.g. training knows a model but prediction/arena does not.,"Use a single model registry with class_path, aliases, role, heavy flag, and can_be_primary.",Snapshot-test that all model names and aliases resolve from one source of truth.,medium,6f95f4669899d9a9
P2,config_factory,HARDCODED_MODEL_LIST,monitoring/example_usage.py,192,_run_demo_loop,"model_names = ['price_predictor', 'trend_analyzer', 'risk_model', 'portfolio_optimizer']",Hardcoded model list detected.,Duplicated model lists across factory/arena/pipeline drift over time.,Move models/aliases/capabilities into one registry/config and reference it everywhere.,"Test that factory, CLI, arena, and prediction stage resolve the same registry entries.",medium,b9ea4033be011bcd
P2,config_factory,HARDCODED_MODEL_MAP_OR_ALIASES,monitoring/ml_analytics.py,39,load_ml_models,model_files = {'performance_predictor':,Hardcoded model map/alias registry detected.,Multiple registries make routing inconsistent; e.g. training knows a model but prediction/arena does not.,"Use a single model registry with class_path, aliases, role, heavy flag, and can_be_primary.",Snapshot-test that all model names and aliases resolve from one source of truth.,medium,f227a18c3f77694b
P2,config_factory,HARDCODED_MODEL_LIST,monitoring/ml_analytics.py,68,train_models,"problem_models = ['performance', 'memory', 'disk', 'network']",Hardcoded model list detected.,Duplicated model lists across factory/arena/pipeline drift over time.,Move models/aliases/capabilities into one registry/config and reference it everywhere.,"Test that factory, CLI, arena, and prediction stage resolve the same registry entries.",medium,66d03d77202450e0
P2,config_factory,HARDCODED_MODEL_MAP_OR_ALIASES,pipeline/guards/safe_feature_combiner.py,180,_get_timeframe_prefix,prefix_map = {,Hardcoded model map/alias registry detected.,Multiple registries make routing inconsistent; e.g. training knows a model but prediction/arena does not.,"Use a single model registry with class_path, aliases, role, heavy flag, and can_be_primary.",Snapshot-test that all model names and aliases resolve from one source of truth.,medium,b9278cb4eee0e63d
P2,config_factory,HARDCODED_MODEL_LIST,pipeline/hybrid/final_stages_executor.py,84,_train_heavy_models,"heavy_models = ['cnn', 'lstm', 'gru', 'transformer', 'tabnet',",Hardcoded model list detected.,Duplicated model lists across factory/arena/pipeline drift over time.,Move models/aliases/capabilities into one registry/config and reference it everywhere.,"Test that factory, CLI, arena, and prediction stage resolve the same registry entries.",medium,9329f6c27508410f
P2,config_factory,HARDCODED_MODEL_MAP_OR_ALIASES,pipeline/stages/prediction/data_preparation_service.py,221,create_context_fingerprint,"regime_map = {'bull': 1, 'bear': -1, 'sideways': 0, 'volatile': 2}",Hardcoded model map/alias registry detected.,Multiple registries make routing inconsistent; e.g. training knows a model but prediction/arena does not.,"Use a single model registry with class_path, aliases, role, heavy flag, and can_be_primary.",Snapshot-test that all model names and aliases resolve from one source of truth.,medium,36750fee4cbd6b9e
P2,config_factory,HARDCODED_MODEL_MAP_OR_ALIASES,pipeline/stages/prediction/model_selection_service.py,197,_model_type_alias,known_aliases = {,Hardcoded model map/alias registry detected.,Multiple registries make routing inconsistent; e.g. training knows a model but prediction/arena does not.,"Use a single model registry with class_path, aliases, role, heavy flag, and can_be_primary.",Snapshot-test that all model names and aliases resolve from one source of truth.,medium,e589f82cfeb33b1e
P2,config_factory,HARDCODED_MODEL_MAP_OR_ALIASES,pipeline/stages/prediction/model_selection_service.py,226,_create_context_fingerprint,"regime_map = {'bull': 1, 'bear': -1, 'sideways': 0, 'volatile': 2}",Hardcoded model map/alias registry detected.,Multiple registries make routing inconsistent; e.g. training knows a model but prediction/arena does not.,"Use a single model registry with class_path, aliases, role, heavy flag, and can_be_primary.",Snapshot-test that all model names and aliases resolve from one source of truth.,medium,c1721b29c4963e7d
P2,config_factory,HARDCODED_MODEL_MAP_OR_ALIASES,pipeline/stages/prediction/prediction_context_manager.py,57,create_context_fingerprint,"regime_map = {'bull': 1, 'bear': -1, 'sideways': 0, 'volatile': 2}",Hardcoded model map/alias registry detected.,Multiple registries make routing inconsistent; e.g. training knows a model but prediction/arena does not.,"Use a single model registry with class_path, aliases, role, heavy flag, and can_be_primary.",Snapshot-test that all model names and aliases resolve from one source of truth.,medium,1c27dc1eb41447e3
P2,config_factory,HARDCODED_MODEL_MAP_OR_ALIASES,predictions/models_predict.py,133,convert_sentiment_signal_to_numeric,"signal_map = {'buy': 0.015, 'sell': -0.015, 'hold': 0.0, 'strong_buy':",Hardcoded model map/alias registry detected.,Multiple registries make routing inconsistent; e.g. training knows a model but prediction/arena does not.,"Use a single model registry with class_path, aliases, role, heavy flag, and can_be_primary.",Snapshot-test that all model names and aliases resolve from one source of truth.,medium,8913450fe7b491be
P2,config_factory,HARDCODED_MODEL_MAP_OR_ALIASES,sentiment/sentiment_models.py,86,analyze_sentiment,"label_map = {""positive"": ""positive"", ""negative"": ""negative"", ""neutral"": ""neutral""}",Hardcoded model map/alias registry detected.,Multiple registries make routing inconsistent; e.g. training knows a model but prediction/arena does not.,"Use a single model registry with class_path, aliases, role, heavy flag, and can_be_primary.",Snapshot-test that all model names and aliases resolve from one source of truth.,medium,c868f7560685cd3f
P2,determinism,NON_INJECTED_CLOCK,main/modes/monster_test.py,64,,"timestamp=datetime.now(),",Direct current-time call detected.,Runtime and tests become nondeterministic; relative dates can drift.,Inject a clock/reference_now parameter or central time provider.,Freeze clock in tests and assert stable outputs.,medium,0554ae0801a20ed8
P2,error_policy,LOGGER_ERROR_THEN_RAISE,algorithms/adaptive_position_sizer.py,216,_calculate_var_adjustment,except Exception as e:,Exception is logged and re-raised in the same handler.,"If upper layers also log, this creates duplicate error reports and noisy traces.","Log only at boundary layers, or add context and re-raise without error-level logging.",Add a test/logger capture for one error event per failing operation.,medium,7aea6d21e82db045
P2,error_policy,LOGGER_ERROR_THEN_RAISE,algorithms/advanced_backtest_engine.py,115,optimize_parameters,except Exception as e:,Exception is logged and re-raised in the same handler.,"If upper layers also log, this creates duplicate error reports and noisy traces.","Log only at boundary layers, or add context and re-raise without error-level logging.",Add a test/logger capture for one error event per failing operation.,medium,4324efadc94bdbfc
P2,error_policy,LOGGER_ERROR_THEN_RAISE,algorithms/regime/clustering.py,40,detect_regime_ml,except Exception as e:,Exception is logged and re-raised in the same handler.,"If upper layers also log, this creates duplicate error reports and noisy traces.","Log only at boundary layers, or add context and re-raise without error-level logging.",Add a test/logger capture for one error event per failing operation.,medium,123cf7259dbddcab
P2,error_policy,LOGGER_ERROR_THEN_RAISE,algorithms/regime/rules.py,41,detect_regime_rules,except Exception as e:,Exception is logged and re-raised in the same handler.,"If upper layers also log, this creates duplicate error reports and noisy traces.","Log only at boundary layers, or add context and re-raise without error-level logging.",Add a test/logger capture for one error event per failing operation.,medium,f22ee2c75a6a7572
P2,error_policy,LOGGER_ERROR_THEN_RAISE,algorithms/regime_detector.py,77,detect_regime,except Exception as e:,Exception is logged and re-raised in the same handler.,"If upper layers also log, this creates duplicate error reports and noisy traces.","Log only at boundary layers, or add context and re-raise without error-level logging.",Add a test/logger capture for one error event per failing operation.,medium,8392cd72539371bf
P2,error_policy,LOGGER_ERROR_THEN_RAISE,analytics/analyzers/adaptive_confidence_analyzer.py,46,analyze,except Exception as e:,Exception is logged and re-raised in the same handler.,"If upper layers also log, this creates duplicate error reports and noisy traces.","Log only at boundary layers, or add context and re-raise without error-level logging.",Add a test/logger capture for one error event per failing operation.,medium,446d087977114ed5
P2,error_policy,LOGGER_ERROR_THEN_RAISE,analytics/analyzers/hedge_fund_analyzer.py,72,analyze,except Exception as e:,Exception is logged and re-raised in the same handler.,"If upper layers also log, this creates duplicate error reports and noisy traces.","Log only at boundary layers, or add context and re-raise without error-level logging.",Add a test/logger capture for one error event per failing operation.,medium,fea6691fcb63e076
P2,error_policy,LOGGER_ERROR_THEN_RAISE,analytics/analyzers/knn_similarity_finder.py,71,analyze,except Exception as e:,Exception is logged and re-raised in the same handler.,"If upper layers also log, this creates duplicate error reports and noisy traces.","Log only at boundary layers, or add context and re-raise without error-level logging.",Add a test/logger capture for one error event per failing operation.,medium,5e1bfcb2617fbd01
P2,error_policy,LOGGER_ERROR_THEN_RAISE,analytics/analyzers/model_comparison_analyzer.py,108,_get_best_models_by_type,except Exception as e:,Exception is logged and re-raised in the same handler.,"If upper layers also log, this creates duplicate error reports and noisy traces.","Log only at boundary layers, or add context and re-raise without error-level logging.",Add a test/logger capture for one error event per failing operation.,medium,6055d31df568908b
P2,error_policy,LOGGER_ERROR_THEN_RAISE,analytics/analyzers/news_impact_analyzer.py,98,_aggregate_scores_by_timestamp,except Exception as e:,Exception is logged and re-raised in the same handler.,"If upper layers also log, this creates duplicate error reports and noisy traces.","Log only at boundary layers, or add context and re-raise without error-level logging.",Add a test/logger capture for one error event per failing operation.,medium,3fc3ef29c7b9a072
P2,error_policy,LOGGER_ERROR_THEN_RAISE,analytics/analyzers/shap_analyzer.py,37,analyze,except Exception as e:,Exception is logged and re-raised in the same handler.,"If upper layers also log, this creates duplicate error reports and noisy traces.","Log only at boundary layers, or add context and re-raise without error-level logging.",Add a test/logger capture for one error event per failing operation.,medium,74525d15229ae127
P2,error_policy,LOGGER_ERROR_THEN_RAISE,analytics/arena/arena_battle.py,101,register_model,"except (AttributeError, Exception) as e:",Exception is logged and re-raised in the same handler.,"If upper layers also log, this creates duplicate error reports and noisy traces.","Log only at boundary layers, or add context and re-raise without error-level logging.",Add a test/logger capture for one error event per failing operation.,medium,f8ec37b3392dcd75
P2,error_policy,LOGGER_ERROR_THEN_RAISE,analytics/arena/arena_battle.py,295,create_battle,"except (ValueError, Exception) as e:",Exception is logged and re-raised in the same handler.,"If upper layers also log, this creates duplicate error reports and noisy traces.","Log only at boundary layers, or add context and re-raise without error-level logging.",Add a test/logger capture for one error event per failing operation.,medium,96f3aabb6eeadf5b
P2,error_policy,LOGGER_ERROR_THEN_RAISE,analytics/arena/arena_battle.py,315,create_battles_from_group,except (Exception) as e:,Exception is logged and re-raised in the same handler.,"If upper layers also log, this creates duplicate error reports and noisy traces.","Log only at boundary layers, or add context and re-raise without error-level logging.",Add a test/logger capture for one error event per failing operation.,medium,9f1413981c7ccf33
P2,error_policy,LOGGER_ERROR_THEN_RAISE,analytics/arena/arena_battle.py,407,_calculate_max_drawdown,"except (ValueError, TypeError, Exception) as e:",Exception is logged and re-raised in the same handler.,"If upper layers also log, this creates duplicate error reports and noisy traces.","Log only at boundary layers, or add context and re-raise without error-level logging.",Add a test/logger capture for one error event per failing operation.,medium,8a3b58c61407bf43
P2,error_policy,LOGGER_ERROR_THEN_RAISE,analytics/arena/ensemble_performance_bridge.py,114,_extract_ensemble_metrics,except Exception as e:,Exception is logged and re-raised in the same handler.,"If upper layers also log, this creates duplicate error reports and noisy traces.","Log only at boundary layers, or add context and re-raise without error-level logging.",Add a test/logger capture for one error event per failing operation.,medium,8b478a24a430dd12
P2,error_policy,LOGGER_ERROR_THEN_RAISE,analytics/context/contextual_model_selector.py,79,_perform_knn_analysis,except Exception as e:,Exception is logged and re-raised in the same handler.,"If upper layers also log, this creates duplicate error reports and noisy traces.","Log only at boundary layers, or add context and re-raise without error-level logging.",Add a test/logger capture for one error event per failing operation.,medium,c920aeef80c39a23
P2,error_policy,LOGGER_ERROR_THEN_RAISE,analytics/context/counterfactual_generator.py,91,generate_synthetic_control,except Exception as e:,Exception is logged and re-raised in the same handler.,"If upper layers also log, this creates duplicate error reports and noisy traces.","Log only at boundary layers, or add context and re-raise without error-level logging.",Add a test/logger capture for one error event per failing operation.,medium,71a4c83f5e3e7e98
P2,error_policy,LOGGER_ERROR_THEN_RAISE,analytics/context/counterfactual_generator.py,153,run_difference_in_differences,except Exception as e:,Exception is logged and re-raised in the same handler.,"If upper layers also log, this creates duplicate error reports and noisy traces.","Log only at boundary layers, or add context and re-raise without error-level logging.",Add a test/logger capture for one error event per failing operation.,medium,345294b21a55de88
P2,error_policy,LOGGER_ERROR_THEN_RAISE,analytics/context/counterfactual_generator.py,205,propensity_score_matching,except Exception as e:,Exception is logged and re-raised in the same handler.,"If upper layers also log, this creates duplicate error reports and noisy traces.","Log only at boundary layers, or add context and re-raise without error-level logging.",Add a test/logger capture for one error event per failing operation.,medium,a1ae68e4824950e3
P2,error_policy,LOGGER_ERROR_THEN_RAISE,analytics/context/counterfactual_generator.py,257,estimate_causal_effects,except Exception as e:,Exception is logged and re-raised in the same handler.,"If upper layers also log, this creates duplicate error reports and noisy traces.","Log only at boundary layers, or add context and re-raise without error-level logging.",Add a test/logger capture for one error event per failing operation.,medium,490e4cd92d9d2f8e
P2,error_policy,LOGGER_ERROR_THEN_RAISE,analytics/context/counterfactual_generator.py,712,_robustness_checks,except Exception as exc:,Exception is logged and re-raised in the same handler.,"If upper layers also log, this creates duplicate error reports and noisy traces.","Log only at boundary layers, or add context and re-raise without error-level logging.",Add a test/logger capture for one error event per failing operation.,medium,c874776256e5bfb9
P2,error_policy,LOGGER_ERROR_THEN_RAISE,analytics/context/market_context_analyzer.py,55,analyze,except Exception as e:,Exception is logged and re-raised in the same handler.,"If upper layers also log, this creates duplicate error reports and noisy traces.","Log only at boundary layers, or add context and re-raise without error-level logging.",Add a test/logger capture for one error event per failing operation.,medium,a5c5957fc405bc21
P2,error_policy,LOGGER_ERROR_THEN_RAISE,analytics/context/prediction_adjuster.py,92,_calculate_adjustment_factor,except Exception as e:,Exception is logged and re-raised in the same handler.,"If upper layers also log, this creates duplicate error reports and noisy traces.","Log only at boundary layers, or add context and re-raise without error-level logging.",Add a test/logger capture for one error event per failing operation.,medium,752df66f1f58e638
P2,error_policy,LOGGER_ERROR_THEN_RAISE,analytics/data_managers/model_results_manager.py,67,save_results,except Exception as e:,Exception is logged and re-raised in the same handler.,"If upper layers also log, this creates duplicate error reports and noisy traces.","Log only at boundary layers, or add context and re-raise without error-level logging.",Add a test/logger capture for one error event per failing operation.,medium,61a4d7d58fd4f2b8
P2,error_policy,LOGGER_ERROR_THEN_RAISE,analytics/data_managers/model_results_manager.py,119,_load_file,except Exception as e:,Exception is logged and re-raised in the same handler.,"If upper layers also log, this creates duplicate error reports and noisy traces.","Log only at boundary layers, or add context and re-raise without error-level logging.",Add a test/logger capture for one error event per failing operation.,medium,52d44c8affc00dc3
P2,error_policy,LOGGER_ERROR_THEN_RAISE,analytics/data_managers/model_results_manager.py,152,get_confidence_score,except Exception as e:,Exception is logged and re-raised in the same handler.,"If upper layers also log, this creates duplicate error reports and noisy traces.","Log only at boundary layers, or add context and re-raise without error-level logging.",Add a test/logger capture for one error event per failing operation.,medium,7deeee072492ac23
P2,error_policy,LOGGER_ERROR_THEN_RAISE,analytics/data_managers/model_results_manager.py,208,save_json_result,except Exception as e:,Exception is logged and re-raised in the same handler.,"If upper layers also log, this creates duplicate error reports and noisy traces.","Log only at boundary layers, or add context and re-raise without error-level logging.",Add a test/logger capture for one error event per failing operation.,medium,88f470a39ac26711
P2,error_policy,LOGGER_ERROR_THEN_RAISE,analytics/engines/causal_engine.py,47,_create_model,except Exception as e:,Exception is logged and re-raised in the same handler.,"If upper layers also log, this creates duplicate error reports and noisy traces.","Log only at boundary layers, or add context and re-raise without error-level logging.",Add a test/logger capture for one error event per failing operation.,medium,57679bb53ceb3142
P2,error_policy,LOGGER_ERROR_THEN_RAISE,analytics/engines/causal_engine.py,85,estimate_effect,except Exception as e:,Exception is logged and re-raised in the same handler.,"If upper layers also log, this creates duplicate error reports and noisy traces.","Log only at boundary layers, or add context and re-raise without error-level logging.",Add a test/logger capture for one error event per failing operation.,medium,bcba55b76e2342e9
P2,error_policy,LOGGER_ERROR_THEN_RAISE,analytics/engines/causal_engine.py,106,run_refutation_tests,except Exception as e:,Exception is logged and re-raised in the same handler.,"If upper layers also log, this creates duplicate error reports and noisy traces.","Log only at boundary layers, or add context and re-raise without error-level logging.",Add a test/logger capture for one error event per failing operation.,medium,f8ed1a10203b039b
P2,error_policy,LOGGER_ERROR_THEN_RAISE,analytics/engines/causal_engine.py,115,run_refutation_tests,except Exception as e:,Exception is logged and re-raised in the same handler.,"If upper layers also log, this creates duplicate error reports and noisy traces.","Log only at boundary layers, or add context and re-raise without error-level logging.",Add a test/logger capture for one error event per failing operation.,medium,c5e05c87c284b06e
P2,error_policy,LOGGER_ERROR_THEN_RAISE,analytics/reporting/results_manager.py,56,save_results,except Exception as e:,Exception is logged and re-raised in the same handler.,"If upper layers also log, this creates duplicate error reports and noisy traces.","Log only at boundary layers, or add context and re-raise without error-level logging.",Add a test/logger capture for one error event per failing operation.,medium,3bb24bd4ef869056
P2,error_policy,LOGGER_ERROR_THEN_RAISE,backtesting/advanced/advanced_engine.py,180,walk_forward_optimization,except Exception as e:,Exception is logged and re-raised in the same handler.,"If upper layers also log, this creates duplicate error reports and noisy traces.","Log only at boundary layers, or add context and re-raise without error-level logging.",Add a test/logger capture for one error event per failing operation.,medium,a528c6cd7f9efffb
P2,error_policy,LOGGER_ERROR_THEN_RAISE,calibration/adaptive_confidence_calibrator.py,128,update_with_outcome,except Exception as e:,Exception is logged and re-raised in the same handler.,"If upper layers also log, this creates duplicate error reports and noisy traces.","Log only at boundary layers, or add context and re-raise without error-level logging.",Add a test/logger capture for one error event per failing operation.,medium,3857db9ac5f0ed1d
P2,error_policy,LOGGER_ERROR_THEN_RAISE,calibration/adaptive_confidence_calibrator.py,216,_execute_platt_training,except Exception as e:,Exception is logged and re-raised in the same handler.,"If upper layers also log, this creates duplicate error reports and noisy traces.","Log only at boundary layers, or add context and re-raise without error-level logging.",Add a test/logger capture for one error event per failing operation.,medium,5687a32442d1536c
P2,error_policy,LOGGER_ERROR_THEN_RAISE,calibration/adaptive_confidence_calibrator.py,231,_execute_isotonic_training,except Exception as e:,Exception is logged and re-raised in the same handler.,"If upper layers also log, this creates duplicate error reports and noisy traces.","Log only at boundary layers, or add context and re-raise without error-level logging.",Add a test/logger capture for one error event per failing operation.,medium,5ce772809214f159
P2,error_policy,LOGGER_ERROR_THEN_RAISE,calibration/adaptive_confidence_calibrator.py,262,_compute_metrics,except Exception as e:,Exception is logged and re-raised in the same handler.,"If upper layers also log, this creates duplicate error reports and noisy traces.","Log only at boundary layers, or add context and re-raise without error-level logging.",Add a test/logger capture for one error event per failing operation.,medium,8fdf4fe4b61be13a
P2,error_policy,LOGGER_ERROR_THEN_RAISE,calibration/adaptive_confidence_calibrator.py,331,_execute_simple_training,except Exception as e:,Exception is logged and re-raised in the same handler.,"If upper layers also log, this creates duplicate error reports and noisy traces.","Log only at boundary layers, or add context and re-raise without error-level logging.",Add a test/logger capture for one error event per failing operation.,medium,a79d68efc60ef057
P2,error_policy,LOGGER_ERROR_THEN_RAISE,cli/pipeline_data_loader.py,88,load_from_db_fallback,except Exception as ex:,Exception is logged and re-raised in the same handler.,"If upper layers also log, this creates duplicate error reports and noisy traces.","Log only at boundary layers, or add context and re-raise without error-level logging.",Add a test/logger capture for one error event per failing operation.,medium,f835078614fb44dd
P2,error_policy,LOGGER_ERROR_THEN_RAISE,cli/pipeline_executor.py,223,_reconstruct_data_from_db,except Exception as ex:,Exception is logged and re-raised in the same handler.,"If upper layers also log, this creates duplicate error reports and noisy traces.","Log only at boundary layers, or add context and re-raise without error-level logging.",Add a test/logger capture for one error event per failing operation.,medium,ae69831c92fcde6b
P2,error_policy,LOGGER_ERROR_THEN_RAISE,colab/config/config_loader.py,122,_handle_config_in_main_database,except Exception as e:,Exception is logged and re-raised in the same handler.,"If upper layers also log, this creates duplicate error reports and noisy traces.","Log only at boundary layers, or add context and re-raise without error-level logging.",Add a test/logger capture for one error event per failing operation.,medium,bc51bac30111f0f6
P2,error_policy,LOGGER_ERROR_THEN_RAISE,config/unified_config_manager.py,150,_load_and_resolve_configs,except Exception as e:,Exception is logged and re-raised in the same handler.,"If upper layers also log, this creates duplicate error reports and noisy traces.","Log only at boundary layers, or add context and re-raise without error-level logging.",Add a test/logger capture for one error event per failing operation.,medium,d2c115e1417d1f9c
P2,error_policy,LOGGER_ERROR_THEN_RAISE,core/base_integration.py,36,get_status,except Exception as e:,Exception is logged and re-raised in the same handler.,"If upper layers also log, this creates duplicate error reports and noisy traces.","Log only at boundary layers, or add context and re-raise without error-level logging.",Add a test/logger capture for one error event per failing operation.,medium,1def8457164d26ff
P2,error_policy,LOGGER_ERROR_THEN_RAISE,core/cache/cache_manager.py,152,get,except Exception as e:,Exception is logged and re-raised in the same handler.,"If upper layers also log, this creates duplicate error reports and noisy traces.","Log only at boundary layers, or add context and re-raise without error-level logging.",Add a test/logger capture for one error event per failing operation.,medium,3c26de462bc0987b
P2,error_policy,LOGGER_ERROR_THEN_RAISE,core/cache/cache_manager.py,294,clear,except Exception as e:,Exception is logged and re-raised in the same handler.,"If upper layers also log, this creates duplicate error reports and noisy traces.","Log only at boundary layers, or add context and re-raise without error-level logging.",Add a test/logger capture for one error event per failing operation.,medium,c6c876ac0f98733f
P2,error_policy,LOGGER_ERROR_THEN_RAISE,core/error_handling/error_handler.py,89,safe_execute,except Exception as e:,Exception is logged and re-raised in the same handler.,"If upper layers also log, this creates duplicate error reports and noisy traces.","Log only at boundary layers, or add context and re-raise without error-level logging.",Add a test/logger capture for one error event per failing operation.,medium,00e851c358c59536
P2,error_policy,LOGGER_ERROR_THEN_RAISE,core/error_handling/error_handler.py,254,wrapper,except Exception as e:,Exception is logged and re-raised in the same handler.,"If upper layers also log, this creates duplicate error reports and noisy traces.","Log only at boundary layers, or add context and re-raise without error-level logging.",Add a test/logger capture for one error event per failing operation.,medium,294b6020e82ed8ea
P2,error_policy,LOGGER_ERROR_THEN_RAISE,core/file_management/file_manager.py,53,_atomic_write,except Exception as e:,Exception is logged and re-raised in the same handler.,"If upper layers also log, this creates duplicate error reports and noisy traces.","Log only at boundary layers, or add context and re-raise without error-level logging.",Add a test/logger capture for one error event per failing operation.,medium,6d93f24e5a466740
P2,error_policy,LOGGER_ERROR_THEN_RAISE,core/file_management/file_manager.py,235,cleanup_old_files,except Exception as e:,Exception is logged and re-raised in the same handler.,"If upper layers also log, this creates duplicate error reports and noisy traces.","Log only at boundary layers, or add context and re-raise without error-level logging.",Add a test/logger capture for one error event per failing operation.,medium,9d6c70d9ba67cc52
P2,error_policy,LOGGER_ERROR_THEN_RAISE,core/logging/exception_decorator.py,17,wrapper,except Exception as e:,Exception is logged and re-raised in the same handler.,"If upper layers also log, this creates duplicate error reports and noisy traces.","Log only at boundary layers, or add context and re-raise without error-level logging.",Add a test/logger capture for one error event per failing operation.,medium,7232244339356d30
P2,error_policy,LOGGER_ERROR_THEN_RAISE,core/security/secure_secrets_manager.py,178,_load_encrypted_secrets,"except (ValueError, TypeError, Exception) as e:",Exception is logged and re-raised in the same handler.,"If upper layers also log, this creates duplicate error reports and noisy traces.","Log only at boundary layers, or add context and re-raise without error-level logging.",Add a test/logger capture for one error event per failing operation.,medium,47cd78ecb4a7edfe
P2,error_policy,LOGGER_ERROR_THEN_RAISE,core/security/secure_secrets_manager.py,211,encrypt_secrets,"except (ValueError, TypeError, Exception) as e:",Exception is logged and re-raised in the same handler.,"If upper layers also log, this creates duplicate error reports and noisy traces.","Log only at boundary layers, or add context and re-raise without error-level logging.",Add a test/logger capture for one error event per failing operation.,medium,023c28d963f90728
P2,error_policy,LOGGER_ERROR_THEN_RAISE,data/collectors/bigquery_collector.py,62,_execute_query,except Exception as e:,Exception is logged and re-raised in the same handler.,"If upper layers also log, this creates duplicate error reports and noisy traces.","Log only at boundary layers, or add context and re-raise without error-level logging.",Add a test/logger capture for one error event per failing operation.,medium,2103d92e5d1fde75
P2,error_policy,LOGGER_ERROR_THEN_RAISE,data/collectors/cftc_collector.py,223,_parse_cftc_csv,except Exception as e:  # audit-ignore: EXCEPTION_FALLS_BACK_TO_SAMPLE_DATA,Exception is logged and re-raised in the same handler.,"If upper layers also log, this creates duplicate error reports and noisy traces.","Log only at boundary layers, or add context and re-raise without error-level logging.",Add a test/logger capture for one error event per failing operation.,medium,8f341bf2507c1339
P2,error_policy,LOGGER_ERROR_THEN_RAISE,data/collectors/collector_factory.py,31,__init__,except Exception as e:,Exception is logged and re-raised in the same handler.,"If upper layers also log, this creates duplicate error reports and noisy traces.","Log only at boundary layers, or add context and re-raise without error-level logging.",Add a test/logger capture for one error event per failing operation.,medium,ba94f9975ee5e9ef
P2,error_policy,LOGGER_ERROR_THEN_RAISE,data/collectors/free_google_trends_collector.py,68,fetch_raw_data,except Exception as e:,Exception is logged and re-raised in the same handler.,"If upper layers also log, this creates duplicate error reports and noisy traces.","Log only at boundary layers, or add context and re-raise without error-level logging.",Add a test/logger capture for one error event per failing operation.,medium,75931b3cd9296baa
P2,error_policy,LOGGER_ERROR_THEN_RAISE,data/collectors/free_google_trends_collector.py,101,_fetch_trends_for_batch,except Exception as e:,Exception is logged and re-raised in the same handler.,"If upper layers also log, this creates duplicate error reports and noisy traces.","Log only at boundary layers, or add context and re-raise without error-level logging.",Add a test/logger capture for one error event per failing operation.,medium,d27719890f8971bd
P2,error_policy,LOGGER_ERROR_THEN_RAISE,data/collectors/insider_collector.py,90,_scrape_url,except Exception as e:,Exception is logged and re-raised in the same handler.,"If upper layers also log, this creates duplicate error reports and noisy traces.","Log only at boundary layers, or add context and re-raise without error-level logging.",Add a test/logger capture for one error event per failing operation.,medium,0634b6abbb3e83a9
P2,error_policy,LOGGER_ERROR_THEN_RAISE,data/collectors/insider_collector.py,110,_scrape_url_sync,except Exception as e:,Exception is logged and re-raised in the same handler.,"If upper layers also log, this creates duplicate error reports and noisy traces.","Log only at boundary layers, or add context and re-raise without error-level logging.",Add a test/logger capture for one error event per failing operation.,medium,dfe8bf43634e6344
P2,error_policy,LOGGER_ERROR_THEN_RAISE,data/collectors/newsapi_collector.py,193,_fetch_for_term,except Exception as e:,Exception is logged and re-raised in the same handler.,"If upper layers also log, this creates duplicate error reports and noisy traces.","Log only at boundary layers, or add context and re-raise without error-level logging.",Add a test/logger capture for one error event per failing operation.,medium,064a4d3e4dc3c053
P2,error_policy,LOGGER_ERROR_THEN_RAISE,data/collectors/put_call_ratio_collector.py,162,_fetch_put_call_data,except Exception as e:,Exception is logged and re-raised in the same handler.,"If upper layers also log, this creates duplicate error reports and noisy traces.","Log only at boundary layers, or add context and re-raise without error-level logging.",Add a test/logger capture for one error event per failing operation.,medium,d94afa380e8f1f34
P2,error_policy,LOGGER_ERROR_THEN_RAISE,data/collectors/yf_collector.py,226,_process_single_ticker_dataframe,"except (ValueError, TypeError, Exception) as e:",Exception is logged and re-raised in the same handler.,"If upper layers also log, this creates duplicate error reports and noisy traces.","Log only at boundary layers, or add context and re-raise without error-level logging.",Add a test/logger capture for one error event per failing operation.,medium,a9f3e604fcce1e85
P2,error_policy,LOGGER_ERROR_THEN_RAISE,data/management/connectors/bigquery_connector.py,30,__init__,except Exception as e:,Exception is logged and re-raised in the same handler.,"If upper layers also log, this creates duplicate error reports and noisy traces.","Log only at boundary layers, or add context and re-raise without error-level logging.",Add a test/logger capture for one error event per failing operation.,medium,b1bc8a936d0d6e69
P2,error_policy,LOGGER_ERROR_THEN_RAISE,data/management/connectors/bigquery_connector.py,100,,except Exception as e:,Exception is logged and re-raised in the same handler.,"If upper layers also log, this creates duplicate error reports and noisy traces.","Log only at boundary layers, or add context and re-raise without error-level logging.",Add a test/logger capture for one error event per failing operation.,medium,f0614520b8a5d994
P2,error_policy,LOGGER_ERROR_THEN_RAISE,data/management/data_manager.py,130,get_connection,except Exception as e:,Exception is logged and re-raised in the same handler.,"If upper layers also log, this creates duplicate error reports and noisy traces.","Log only at boundary layers, or add context and re-raise without error-level logging.",Add a test/logger capture for one error event per failing operation.,medium,b4c11d0eca1ab879
P2,error_policy,LOGGER_ERROR_THEN_RAISE,data/management/data_manager.py,146,transaction,except Exception as e:,Exception is logged and re-raised in the same handler.,"If upper layers also log, this creates duplicate error reports and noisy traces.","Log only at boundary layers, or add context and re-raise without error-level logging.",Add a test/logger capture for one error event per failing operation.,medium,2526e47c68b6c4ea
P2,error_policy,LOGGER_ERROR_THEN_RAISE,data/management/data_manager.py,163,execute_query,"except (duckdb.Error, Exception) as e:",Exception is logged and re-raised in the same handler.,"If upper layers also log, this creates duplicate error reports and noisy traces.","Log only at boundary layers, or add context and re-raise without error-level logging.",Add a test/logger capture for one error event per failing operation.,medium,fe8b53175b82d64b
P2,error_policy,LOGGER_ERROR_THEN_RAISE,data/management/data_manager.py,171,fetch_all,"except (duckdb.Error, Exception) as e:",Exception is logged and re-raised in the same handler.,"If upper layers also log, this creates duplicate error reports and noisy traces.","Log only at boundary layers, or add context and re-raise without error-level logging.",Add a test/logger capture for one error event per failing operation.,medium,535a52ddd110598b
P2,error_policy,LOGGER_ERROR_THEN_RAISE,data/management/data_manager.py,180,fetch_one,"except (duckdb.Error, Exception) as e:",Exception is logged and re-raised in the same handler.,"If upper layers also log, this creates duplicate error reports and noisy traces.","Log only at boundary layers, or add context and re-raise without error-level logging.",Add a test/logger capture for one error event per failing operation.,medium,85ac20a8a4e6766d
P2,error_policy,LOGGER_ERROR_THEN_RAISE,data/management/data_manager.py,194,fetch_data_from_table,except Exception as e:,Exception is logged and re-raised in the same handler.,"If upper layers also log, this creates duplicate error reports and noisy traces.","Log only at boundary layers, or add context and re-raise without error-level logging.",Add a test/logger capture for one error event per failing operation.,medium,b9b0c437483e004c
P2,error_policy,LOGGER_ERROR_THEN_RAISE,data/management/data_manager.py,202,fetch_df,except Exception as e:,Exception is logged and re-raised in the same handler.,"If upper layers also log, this creates duplicate error reports and noisy traces.","Log only at boundary layers, or add context and re-raise without error-level logging.",Add a test/logger capture for one error event per failing operation.,medium,4cd74547f88b25c9
P2,error_policy,LOGGER_ERROR_THEN_RAISE,data/management/data_manager.py,236,load_data_for_tickers,except Exception as e:,Exception is logged and re-raised in the same handler.,"If upper layers also log, this creates duplicate error reports and noisy traces.","Log only at boundary layers, or add context and re-raise without error-level logging.",Add a test/logger capture for one error event per failing operation.,medium,cc83e7dd45da15c4
P2,error_policy,LOGGER_ERROR_THEN_RAISE,data/management/data_manager.py,262,upsert,"except (duckdb.Error, Exception) as e:",Exception is logged and re-raised in the same handler.,"If upper layers also log, this creates duplicate error reports and noisy traces.","Log only at boundary layers, or add context and re-raise without error-level logging.",Add a test/logger capture for one error event per failing operation.,medium,f379cb854282d21a
P2,error_policy,LOGGER_ERROR_THEN_RAISE,data/management/data_manager.py,283,_handle_new_table,"except (duckdb.Error, Exception) as e:",Exception is logged and re-raised in the same handler.,"If upper layers also log, this creates duplicate error reports and noisy traces.","Log only at boundary layers, or add context and re-raise without error-level logging.",Add a test/logger capture for one error event per failing operation.,medium,3f79fdda12ccc81c
P2,error_policy,LOGGER_ERROR_THEN_RAISE,data/management/data_manager.py,325,_prepare_upsert_df,"except (duckdb.Error, Exception) as e:",Exception is logged and re-raised in the same handler.,"If upper layers also log, this creates duplicate error reports and noisy traces.","Log only at boundary layers, or add context and re-raise without error-level logging.",Add a test/logger capture for one error event per failing operation.,medium,3fa5dc9850872cbf
P2,error_policy,LOGGER_ERROR_THEN_RAISE,data/management/data_manager.py,356,_execute_upsert_insert,"except (duckdb.Error, Exception) as insert_error:",Exception is logged and re-raised in the same handler.,"If upper layers also log, this creates duplicate error reports and noisy traces.","Log only at boundary layers, or add context and re-raise without error-level logging.",Add a test/logger capture for one error event per failing operation.,medium,4b0e3afeae95d50e
P2,error_policy,LOGGER_ERROR_THEN_RAISE,data/management/data_manager.py,384,_create_unique_index,"except (duckdb.Error, Exception) as idx_e:",Exception is logged and re-raised in the same handler.,"If upper layers also log, this creates duplicate error reports and noisy traces.","Log only at boundary layers, or add context and re-raise without error-level logging.",Add a test/logger capture for one error event per failing operation.,medium,e347f899627adb64
P2,error_policy,LOGGER_ERROR_THEN_RAISE,data/management/data_manager.py,395,table_exists,"except (duckdb.Error, Exception) as e:",Exception is logged and re-raised in the same handler.,"If upper layers also log, this creates duplicate error reports and noisy traces.","Log only at boundary layers, or add context and re-raise without error-level logging.",Add a test/logger capture for one error event per failing operation.,medium,1c7a91d06dc9cd07
P2,error_policy,LOGGER_ERROR_THEN_RAISE,data/management/data_manager.py,425,filter_new_records,"except (duckdb.Error, Exception) as e:",Exception is logged and re-raised in the same handler.,"If upper layers also log, this creates duplicate error reports and noisy traces.","Log only at boundary layers, or add context and re-raise without error-level logging.",Add a test/logger capture for one error event per failing operation.,medium,dc9b6dadcf314932
P2,error_policy,LOGGER_ERROR_THEN_RAISE,data/management/data_manager.py,433,get_all_table_names,"except (duckdb.Error, Exception) as e:",Exception is logged and re-raised in the same handler.,"If upper layers also log, this creates duplicate error reports and noisy traces.","Log only at boundary layers, or add context and re-raise without error-level logging.",Add a test/logger capture for one error event per failing operation.,medium,25c4f78665eefb40
P2,error_policy,LOGGER_ERROR_THEN_RAISE,data/management/data_manager.py,443,get_table_schema,"except (duckdb.Error, Exception) as e:",Exception is logged and re-raised in the same handler.,"If upper layers also log, this creates duplicate error reports and noisy traces.","Log only at boundary layers, or add context and re-raise without error-level logging.",Add a test/logger capture for one error event per failing operation.,medium,7a10acee2faef7a1
P2,error_policy,LOGGER_ERROR_THEN_RAISE,data/management/data_versioning.py,215,cleanup_stale_files,except Exception as e:,Exception is logged and re-raised in the same handler.,"If upper layers also log, this creates duplicate error reports and noisy traces.","Log only at boundary layers, or add context and re-raise without error-level logging.",Add a test/logger capture for one error event per failing operation.,medium,06c52930f5d7686e
P2,error_policy,LOGGER_ERROR_THEN_RAISE,data/management/handlers/connection_handler.py,27,close_all_connections,except Exception as e:,Exception is logged and re-raised in the same handler.,"If upper layers also log, this creates duplicate error reports and noisy traces.","Log only at boundary layers, or add context and re-raise without error-level logging.",Add a test/logger capture for one error event per failing operation.,medium,38c8c43c95d5bc90
P2,error_policy,LOGGER_ERROR_THEN_RAISE,data/management/handlers/connection_handler.py,44,get_connection,except Exception as e:,Exception is logged and re-raised in the same handler.,"If upper layers also log, this creates duplicate error reports and noisy traces.","Log only at boundary layers, or add context and re-raise without error-level logging.",Add a test/logger capture for one error event per failing operation.,medium,3d5f5689501466ff
P2,error_policy,LOGGER_ERROR_THEN_RAISE,data/validation/event_dataset_validator.py,63,_check_datetime_columns,except Exception as e:,Exception is logged and re-raised in the same handler.,"If upper layers also log, this creates duplicate error reports and noisy traces.","Log only at boundary layers, or add context and re-raise without error-level logging.",Add a test/logger capture for one error event per failing operation.,medium,6e2709de04bab93d
P2,error_policy,LOGGER_ERROR_THEN_RAISE,devtools/rule_generator.py,151,_save_rules_to_yaml,except Exception as e:,Exception is logged and re-raised in the same handler.,"If upper layers also log, this creates duplicate error reports and noisy traces.","Log only at boundary layers, or add context and re-raise without error-level logging.",Add a test/logger capture for one error event per failing operation.,medium,334461bb73398b39
P2,error_policy,LOGGER_ERROR_THEN_RAISE,factories/model_factory.py,198,get_model,except Exception as e:,Exception is logged and re-raised in the same handler.,"If upper layers also log, this creates duplicate error reports and noisy traces.","Log only at boundary layers, or add context and re-raise without error-level logging.",Add a test/logger capture for one error event per failing operation.,medium,6841170b681c1ad3
P2,error_policy,LOGGER_ERROR_THEN_RAISE,factories/tree_model_factory.py,37,create_model,except Exception as e:,Exception is logged and re-raised in the same handler.,"If upper layers also log, this creates duplicate error reports and noisy traces.","Log only at boundary layers, or add context and re-raise without error-level logging.",Add a test/logger capture for one error event per failing operation.,medium,f4ed30e0719ed4f8
P2,error_policy,LOGGER_ERROR_THEN_RAISE,features/analysis/regime_importance_tracker.py,149,track_feature_importance,except Exception as e:,Exception is logged and re-raised in the same handler.,"If upper layers also log, this creates duplicate error reports and noisy traces.","Log only at boundary layers, or add context and re-raise without error-level logging.",Add a test/logger capture for one error event per failing operation.,medium,214c8d393ae10d7d
P2,error_policy,LOGGER_ERROR_THEN_RAISE,features/analysis/regime_importance_tracker.py,175,_store_tracking_results,except Exception as e:,Exception is logged and re-raised in the same handler.,"If upper layers also log, this creates duplicate error reports and noisy traces.","Log only at boundary layers, or add context and re-raise without error-level logging.",Add a test/logger capture for one error event per failing operation.,medium,1a943864c2d3424d
P2,error_policy,LOGGER_ERROR_THEN_RAISE,features/builders/news_event_dataset_builder.py,78,_process_all_news,except Exception as e:,Exception is logged and re-raised in the same handler.,"If upper layers also log, this creates duplicate error reports and noisy traces.","Log only at boundary layers, or add context and re-raise without error-level logging.",Add a test/logger capture for one error event per failing operation.,medium,535a7a29f1911751
P2,error_policy,LOGGER_ERROR_THEN_RAISE,features/colab_context_integration.py,63,_init_selector,except Exception as e:,Exception is logged and re-raised in the same handler.,"If upper layers also log, this creates duplicate error reports and noisy traces.","Log only at boundary layers, or add context and re-raise without error-level logging.",Add a test/logger capture for one error event per failing operation.,medium,b8b56079f7976d10
P2,error_policy,LOGGER_ERROR_THEN_RAISE,features/colab_context_integration.py,160,save_feature_analysis,except Exception as e:,Exception is logged and re-raised in the same handler.,"If upper layers also log, this creates duplicate error reports and noisy traces.","Log only at boundary layers, or add context and re-raise without error-level logging.",Add a test/logger capture for one error event per failing operation.,medium,7411ba823d0b6e66
P2,error_policy,LOGGER_ERROR_THEN_RAISE,features/colab_context_integration.py,197,visualize_context_importance,except Exception as e:,Exception is logged and re-raised in the same handler.,"If upper layers also log, this creates duplicate error reports and noisy traces.","Log only at boundary layers, or add context and re-raise without error-level logging.",Add a test/logger capture for one error event per failing operation.,medium,9abdf414438742c7
P2,error_policy,LOGGER_ERROR_THEN_RAISE,features/enrichers/advanced_analytics_enricher.py,36,__init__,except Exception as e:,Exception is logged and re-raised in the same handler.,"If upper layers also log, this creates duplicate error reports and noisy traces.","Log only at boundary layers, or add context and re-raise without error-level logging.",Add a test/logger capture for one error event per failing operation.,medium,39c8aca644230f8f
P2,error_policy,LOGGER_ERROR_THEN_RAISE,features/enrichers/advanced_analytics_enricher.py,52,__init__,except Exception as e:,Exception is logged and re-raised in the same handler.,"If upper layers also log, this creates duplicate error reports and noisy traces.","Log only at boundary layers, or add context and re-raise without error-level logging.",Add a test/logger capture for one error event per failing operation.,medium,f2216227751c6a8c
P2,error_policy,LOGGER_ERROR_THEN_RAISE,features/enrichers/base.py,89,enrich,except Exception as e:,Exception is logged and re-raised in the same handler.,"If upper layers also log, this creates duplicate error reports and noisy traces.","Log only at boundary layers, or add context and re-raise without error-level logging.",Add a test/logger capture for one error event per failing operation.,medium,9d57a54d63e86470
P2,error_policy,LOGGER_ERROR_THEN_RAISE,features/enrichers/context_map_enricher.py,61,__init__,except Exception as e:,Exception is logged and re-raised in the same handler.,"If upper layers also log, this creates duplicate error reports and noisy traces.","Log only at boundary layers, or add context and re-raise without error-level logging.",Add a test/logger capture for one error event per failing operation.,medium,1bdcf858e5a1f919
P2,error_policy,LOGGER_ERROR_THEN_RAISE,features/enrichers/keyword_entity_enricher.py,33,__init__,except Exception as e:,Exception is logged and re-raised in the same handler.,"If upper layers also log, this creates duplicate error reports and noisy traces.","Log only at boundary layers, or add context and re-raise without error-level logging.",Add a test/logger capture for one error event per failing operation.,medium,46f3ec29258a63f7
P2,error_policy,LOGGER_ERROR_THEN_RAISE,features/enrichers/macro_features_enricher.py,79,_filter_test_ticker,except Exception as e:,Exception is logged and re-raised in the same handler.,"If upper layers also log, this creates duplicate error reports and noisy traces.","Log only at boundary layers, or add context and re-raise without error-level logging.",Add a test/logger capture for one error event per failing operation.,medium,72fdf7fd37ffc054
P2,error_policy,LOGGER_ERROR_THEN_RAISE,features/enrichers/technical_analysis_enricher.py,255,_add_drawdown_features,except Exception as e:,Exception is logged and re-raised in the same handler.,"If upper layers also log, this creates duplicate error reports and noisy traces.","Log only at boundary layers, or add context and re-raise without error-level logging.",Add a test/logger capture for one error event per failing operation.,medium,0d7c1f9c7a24ce48
P2,error_policy,LOGGER_ERROR_THEN_RAISE,features/enrichers/technical_analysis_enricher.py,271,_add_risk_reward_features,except Exception as e:,Exception is logged and re-raised in the same handler.,"If upper layers also log, this creates duplicate error reports and noisy traces.","Log only at boundary layers, or add context and re-raise without error-level logging.",Add a test/logger capture for one error event per failing operation.,medium,6d2b1e6565e16116
P2,error_policy,LOGGER_ERROR_THEN_RAISE,features/enrichers/technical_analysis_enricher.py,288,_add_econometrics_features,except Exception as e:,Exception is logged and re-raised in the same handler.,"If upper layers also log, this creates duplicate error reports and noisy traces.","Log only at boundary layers, or add context and re-raise without error-level logging.",Add a test/logger capture for one error event per failing operation.,medium,533552b9ebdaa56b
P2,error_policy,LOGGER_ERROR_THEN_RAISE,features/enrichers/technical_analysis_enricher.py,304,_add_fama_french_features,except Exception as e:,Exception is logged and re-raised in the same handler.,"If upper layers also log, this creates duplicate error reports and noisy traces.","Log only at boundary layers, or add context and re-raise without error-level logging.",Add a test/logger capture for one error event per failing operation.,medium,b99b0813e986bd25
P2,error_policy,LOGGER_ERROR_THEN_RAISE,features/feature_cache.py,99,get_features,"except (IOError, ValueError, TypeError, Exception) as e:",Exception is logged and re-raised in the same handler.,"If upper layers also log, this creates duplicate error reports and noisy traces.","Log only at boundary layers, or add context and re-raise without error-level logging.",Add a test/logger capture for one error event per failing operation.,medium,235e40283d0b4798
P2,error_policy,LOGGER_ERROR_THEN_RAISE,features/feature_cache.py,146,save_features,"except (IOError, TypeError, Exception) as e:",Exception is logged and re-raised in the same handler.,"If upper layers also log, this creates duplicate error reports and noisy traces.","Log only at boundary layers, or add context and re-raise without error-level logging.",Add a test/logger capture for one error event per failing operation.,medium,8311c225c1015fec
P2,error_policy,LOGGER_ERROR_THEN_RAISE,features/feature_cache.py,208,get_stats,except Exception as e:,Exception is logged and re-raised in the same handler.,"If upper layers also log, this creates duplicate error reports and noisy traces.","Log only at boundary layers, or add context and re-raise without error-level logging.",Add a test/logger capture for one error event per failing operation.,medium,8be9461ba4cdbfd7
P2,error_policy,LOGGER_ERROR_THEN_RAISE,features/feature_cache.py,271,_cleanup_old_cache,except Exception as e:,Exception is logged and re-raised in the same handler.,"If upper layers also log, this creates duplicate error reports and noisy traces.","Log only at boundary layers, or add context and re-raise without error-level logging.",Add a test/logger capture for one error event per failing operation.,medium,22ef61f557635b73
P2,error_policy,LOGGER_ERROR_THEN_RAISE,features/feature_orchestrator.py,256,run,except Exception as e:,Exception is logged and re-raised in the same handler.,"If upper layers also log, this creates duplicate error reports and noisy traces.","Log only at boundary layers, or add context and re-raise without error-level logging.",Add a test/logger capture for one error event per failing operation.,medium,c9382c0eb5cfdc25
P2,error_policy,LOGGER_ERROR_THEN_RAISE,features/feature_selector.py,101,_perform_feature_selection,except Exception as e:,Exception is logged and re-raised in the same handler.,"If upper layers also log, this creates duplicate error reports and noisy traces.","Log only at boundary layers, or add context and re-raise without error-level logging.",Add a test/logger capture for one error event per failing operation.,medium,9079871b0062dec2
P2,error_policy,LOGGER_ERROR_THEN_RAISE,features/news_dataset_builder.py,108,_filter_news_with_sufficient_candles,except Exception as e:,Exception is logged and re-raised in the same handler.,"If upper layers also log, this creates duplicate error reports and noisy traces.","Log only at boundary layers, or add context and re-raise without error-level logging.",Add a test/logger capture for one error event per failing operation.,medium,ffc7ff31adb0524d
P2,error_policy,LOGGER_ERROR_THEN_RAISE,features/news_dataset_builder.py,135,build_dataset,except Exception as e:,Exception is logged and re-raised in the same handler.,"If upper layers also log, this creates duplicate error reports and noisy traces.","Log only at boundary layers, or add context and re-raise without error-level logging.",Add a test/logger capture for one error event per failing operation.,medium,aeb0a4558dd84df0
P2,error_policy,LOGGER_ERROR_THEN_RAISE,features/news_dataset_builder.py,193,_build_news_row,except Exception as e:,Exception is logged and re-raised in the same handler.,"If upper layers also log, this creates duplicate error reports and noisy traces.","Log only at boundary layers, or add context and re-raise without error-level logging.",Add a test/logger capture for one error event per failing operation.,medium,9263183698094b67
P2,error_policy,LOGGER_ERROR_THEN_RAISE,features/nlp/models/finbert_pipeline.py,51,get_finbert_pipeline,except Exception as e:,Exception is logged and re-raised in the same handler.,"If upper layers also log, this creates duplicate error reports and noisy traces.","Log only at boundary layers, or add context and re-raise without error-level logging.",Add a test/logger capture for one error event per failing operation.,medium,f58291510f087e2e
P2,error_policy,LOGGER_ERROR_THEN_RAISE,features/validation/feature_leakage_guard.py,172,_check_correlation,except Exception as e:,Exception is logged and re-raised in the same handler.,"If upper layers also log, this creates duplicate error reports and noisy traces.","Log only at boundary layers, or add context and re-raise without error-level logging.",Add a test/logger capture for one error event per failing operation.,medium,81b1604b41697145
P2,error_policy,LOGGER_ERROR_THEN_RAISE,features/validation/feature_leakage_guard.py,190,_save_report,except Exception as e:,Exception is logged and re-raised in the same handler.,"If upper layers also log, this creates duplicate error reports and noisy traces.","Log only at boundary layers, or add context and re-raise without error-level logging.",Add a test/logger capture for one error event per failing operation.,medium,cc512303d4f2768f
P2,error_policy,LOGGER_ERROR_THEN_RAISE,integrations/base.py,41,get_status,except Exception as e:,Exception is logged and re-raised in the same handler.,"If upper layers also log, this creates duplicate error reports and noisy traces.","Log only at boundary layers, or add context and re-raise without error-level logging.",Add a test/logger capture for one error event per failing operation.,medium,d71ad1c7285a013a
P2,error_policy,LOGGER_ERROR_THEN_RAISE,main/modes/backtest.py,96,_detect_biases,except Exception as e:,Exception is logged and re-raised in the same handler.,"If upper layers also log, this creates duplicate error reports and noisy traces.","Log only at boundary layers, or add context and re-raise without error-level logging.",Add a test/logger capture for one error event per failing operation.,medium,ecd20f863a4d5179
P2,error_policy,LOGGER_ERROR_THEN_RAISE,main/modes/web_ui.py,121,serve_file,except Exception as e:,Exception is logged and re-raised in the same handler.,"If upper layers also log, this creates duplicate error reports and noisy traces.","Log only at boundary layers, or add context and re-raise without error-level logging.",Add a test/logger capture for one error event per failing operation.,medium,e3c33b8d64f72743
P2,error_policy,LOGGER_ERROR_THEN_RAISE,main/modes/web_ui.py,203,get_market_data,except Exception as e:,Exception is logged and re-raised in the same handler.,"If upper layers also log, this creates duplicate error reports and noisy traces.","Log only at boundary layers, or add context and re-raise without error-level logging.",Add a test/logger capture for one error event per failing operation.,medium,177316e194b4d5b0
P2,error_policy,LOGGER_ERROR_THEN_RAISE,main/modes/web_ui.py,227,_get_performance_report,except Exception as e:,Exception is logged and re-raised in the same handler.,"If upper layers also log, this creates duplicate error reports and noisy traces.","Log only at boundary layers, or add context and re-raise without error-level logging.",Add a test/logger capture for one error event per failing operation.,medium,ba89f3d70c98f95e
P2,error_policy,LOGGER_ERROR_THEN_RAISE,main/system_orchestrator.py,224,_run_intelligent_mode,except Exception as e:,Exception is logged and re-raised in the same handler.,"If upper layers also log, this creates duplicate error reports and noisy traces.","Log only at boundary layers, or add context and re-raise without error-level logging.",Add a test/logger capture for one error event per failing operation.,medium,bb4af03b3a42feeb
P2,error_policy,LOGGER_ERROR_THEN_RAISE,meta_learning/security/constraint_engine.py,453,_validate_position_size,"except (ValueError, TypeError, Exception) as e:",Exception is logged and re-raised in the same handler.,"If upper layers also log, this creates duplicate error reports and noisy traces.","Log only at boundary layers, or add context and re-raise without error-level logging.",Add a test/logger capture for one error event per failing operation.,medium,ea9292b68e1c8949
P2,error_policy,LOGGER_ERROR_THEN_RAISE,meta_learning/security/constraint_engine.py,479,_validate_risk_exposure,"except (ValueError, TypeError, Exception) as e:",Exception is logged and re-raised in the same handler.,"If upper layers also log, this creates duplicate error reports and noisy traces.","Log only at boundary layers, or add context and re-raise without error-level logging.",Add a test/logger capture for one error event per failing operation.,medium,c202844094c08a50
P2,error_policy,LOGGER_ERROR_THEN_RAISE,meta_learning/security/constraint_engine.py,513,_validate_trading_frequency,"except (ValueError, TypeError, Exception) as e:",Exception is logged and re-raised in the same handler.,"If upper layers also log, this creates duplicate error reports and noisy traces.","Log only at boundary layers, or add context and re-raise without error-level logging.",Add a test/logger capture for one error event per failing operation.,medium,cd0c71211c25351a
P2,error_policy,LOGGER_ERROR_THEN_RAISE,meta_learning/security/constraint_engine.py,534,_validate_consecutive_losses,"except (ValueError, TypeError, Exception) as e:",Exception is logged and re-raised in the same handler.,"If upper layers also log, this creates duplicate error reports and noisy traces.","Log only at boundary layers, or add context and re-raise without error-level logging.",Add a test/logger capture for one error event per failing operation.,medium,888f63815c2b09db
P2,error_policy,LOGGER_ERROR_THEN_RAISE,meta_learning/security/constraint_engine.py,548,_validate_volatility_limits,"except (ValueError, TypeError, Exception) as e:",Exception is logged and re-raised in the same handler.,"If upper layers also log, this creates duplicate error reports and noisy traces.","Log only at boundary layers, or add context and re-raise without error-level logging.",Add a test/logger capture for one error event per failing operation.,medium,c1cf8bd191043745
P2,error_policy,LOGGER_ERROR_THEN_RAISE,meta_learning/security/constraint_engine.py,564,_validate_liquidity_requirements,"except (ValueError, TypeError, Exception) as e:",Exception is logged and re-raised in the same handler.,"If upper layers also log, this creates duplicate error reports and noisy traces.","Log only at boundary layers, or add context and re-raise without error-level logging.",Add a test/logger capture for one error event per failing operation.,medium,c790152ccb27ef38
P2,error_policy,LOGGER_ERROR_THEN_RAISE,meta_learning/security/constraint_engine.py,584,_validate_correlation_limits,"except (ValueError, TypeError, Exception) as e:",Exception is logged and re-raised in the same handler.,"If upper layers also log, this creates duplicate error reports and noisy traces.","Log only at boundary layers, or add context and re-raise without error-level logging.",Add a test/logger capture for one error event per failing operation.,medium,584111c4b69338e6
P2,error_policy,LOGGER_ERROR_THEN_RAISE,metrics/model/ml_evaluator.py,87,calculate_classification_metrics,except Exception as e:,Exception is logged and re-raised in the same handler.,"If upper layers also log, this creates duplicate error reports and noisy traces.","Log only at boundary layers, or add context and re-raise without error-level logging.",Add a test/logger capture for one error event per failing operation.,medium,53663365c4176497
P2,error_policy,LOGGER_ERROR_THEN_RAISE,models/actions/action_trigger.py,62,trigger_actions,except Exception as e:,Exception is logged and re-raised in the same handler.,"If upper layers also log, this creates duplicate error reports and noisy traces.","Log only at boundary layers, or add context and re-raise without error-level logging.",Add a test/logger capture for one error event per failing operation.,medium,5642948554cecd2f
P2,error_policy,LOGGER_ERROR_THEN_RAISE,models/actions/action_trigger.py,92,_send_critical_alert,except Exception as e:,Exception is logged and re-raised in the same handler.,"If upper layers also log, this creates duplicate error reports and noisy traces.","Log only at boundary layers, or add context and re-raise without error-level logging.",Add a test/logger capture for one error event per failing operation.,medium,d493fd2873476aa4
P2,error_policy,LOGGER_ERROR_THEN_RAISE,models/adapters/data_preparation.py,124,prepare_data_for_models,except Exception as e:,Exception is logged and re-raised in the same handler.,"If upper layers also log, this creates duplicate error reports and noisy traces.","Log only at boundary layers, or add context and re-raise without error-level logging.",Add a test/logger capture for one error event per failing operation.,medium,a3fcf9160666e754
P2,error_policy,LOGGER_ERROR_THEN_RAISE,models/adapters/sentiment_integration.py,27,initialize,except Exception as e:,Exception is logged and re-raised in the same handler.,"If upper layers also log, this creates duplicate error reports and noisy traces.","Log only at boundary layers, or add context and re-raise without error-level logging.",Add a test/logger capture for one error event per failing operation.,medium,d10f9384d6869abc
P2,error_policy,LOGGER_ERROR_THEN_RAISE,models/adapters/sentiment_integration.py,47,analyze_news_sentiment,except Exception as e:,Exception is logged and re-raised in the same handler.,"If upper layers also log, this creates duplicate error reports and noisy traces.","Log only at boundary layers, or add context and re-raise without error-level logging.",Add a test/logger capture for one error event per failing operation.,medium,ee93e6c1d9666d20
P2,error_policy,LOGGER_ERROR_THEN_RAISE,models/adapters/sentiment_integration.py,80,extract_sentiment_features,except Exception as e:,Exception is logged and re-raised in the same handler.,"If upper layers also log, this creates duplicate error reports and noisy traces.","Log only at boundary layers, or add context and re-raise without error-level logging.",Add a test/logger capture for one error event per failing operation.,medium,9d339652a518dfd1
P2,error_policy,LOGGER_ERROR_THEN_RAISE,models/adapters/sentiment_integration.py,198,enhance_features_with_sentiment,except Exception as e:,Exception is logged and re-raised in the same handler.,"If upper layers also log, this creates duplicate error reports and noisy traces.","Log only at boundary layers, or add context and re-raise without error-level logging.",Add a test/logger capture for one error event per failing operation.,medium,a5d916d73ed5660b
P2,error_policy,LOGGER_ERROR_THEN_RAISE,models/adapters/sentiment_integration.py,251,get_sentiment_signal,except Exception as e:,Exception is logged and re-raised in the same handler.,"If upper layers also log, this creates duplicate error reports and noisy traces.","Log only at boundary layers, or add context and re-raise without error-level logging.",Add a test/logger capture for one error event per failing operation.,medium,4ce56aaf39879248
P2,error_policy,LOGGER_ERROR_THEN_RAISE,models/adapters/unified_model_adapter.py,135,get_features_for_model,except Exception as e:,Exception is logged and re-raised in the same handler.,"If upper layers also log, this creates duplicate error reports and noisy traces.","Log only at boundary layers, or add context and re-raise without error-level logging.",Add a test/logger capture for one error event per failing operation.,medium,14a0576c7ec14850
P2,error_policy,LOGGER_ERROR_THEN_RAISE,models/analysis/baseline/comparison.py,49,compare,except Exception as e:,Exception is logged and re-raised in the same handler.,"If upper layers also log, this creates duplicate error reports and noisy traces.","Log only at boundary layers, or add context and re-raise without error-level logging.",Add a test/logger capture for one error event per failing operation.,medium,c1d6c4ff8c908df6
P2,error_policy,LOGGER_ERROR_THEN_RAISE,models/analysis/baseline/recommendations.py,39,perform_cost_benefit_analysis,except Exception as e:,Exception is logged and re-raised in the same handler.,"If upper layers also log, this creates duplicate error reports and noisy traces.","Log only at boundary layers, or add context and re-raise without error-level logging.",Add a test/logger capture for one error event per failing operation.,medium,20099dc1225e1533
P2,error_policy,LOGGER_ERROR_THEN_RAISE,models/analysis/baseline/recommendations.py,70,generate_simplification_recommendations,except Exception as e:,Exception is logged and re-raised in the same handler.,"If upper layers also log, this creates duplicate error reports and noisy traces.","Log only at boundary layers, or add context and re-raise without error-level logging.",Add a test/logger capture for one error event per failing operation.,medium,ae56c3bc13408172
P2,error_policy,LOGGER_ERROR_THEN_RAISE,models/analysis/baseline_dominance_detector.py,105,analyze_baseline_dominance,except Exception as e:,Exception is logged and re-raised in the same handler.,"If upper layers also log, this creates duplicate error reports and noisy traces.","Log only at boundary layers, or add context and re-raise without error-level logging.",Add a test/logger capture for one error event per failing operation.,medium,4650bcb5eb482b8c
P2,error_policy,LOGGER_ERROR_THEN_RAISE,models/analysis/baselines/models.py,41,train_and_evaluate,except Exception as e:,Exception is logged and re-raised in the same handler.,"If upper layers also log, this creates duplicate error reports and noisy traces.","Log only at boundary layers, or add context and re-raise without error-level logging.",Add a test/logger capture for one error event per failing operation.,medium,a2eb3cbac4fe09a8
P2,error_policy,LOGGER_ERROR_THEN_RAISE,models/analysis/baselines/models.py,75,train_and_evaluate,except Exception as e:,Exception is logged and re-raised in the same handler.,"If upper layers also log, this creates duplicate error reports and noisy traces.","Log only at boundary layers, or add context and re-raise without error-level logging.",Add a test/logger capture for one error event per failing operation.,medium,74ac2c0283795494
P2,error_policy,LOGGER_ERROR_THEN_RAISE,models/analysis/baselines/strategies.py,33,train_and_evaluate,except Exception as e:,Exception is logged and re-raised in the same handler.,"If upper layers also log, this creates duplicate error reports and noisy traces.","Log only at boundary layers, or add context and re-raise without error-level logging.",Add a test/logger capture for one error event per failing operation.,medium,8e9881e1435c10b2
P2,error_policy,LOGGER_ERROR_THEN_RAISE,models/analysis/baselines/strategies.py,73,train_and_evaluate,except Exception as e:,Exception is logged and re-raised in the same handler.,"If upper layers also log, this creates duplicate error reports and noisy traces.","Log only at boundary layers, or add context and re-raise without error-level logging.",Add a test/logger capture for one error event per failing operation.,medium,c662b417189b8d25
P2,error_policy,LOGGER_ERROR_THEN_RAISE,models/analysis/baselines/strategies.py,104,train_and_evaluate,except Exception as e:,Exception is logged and re-raised in the same handler.,"If upper layers also log, this creates duplicate error reports and noisy traces.","Log only at boundary layers, or add context and re-raise without error-level logging.",Add a test/logger capture for one error event per failing operation.,medium,fbf5dfb9bab0b1ee
P2,error_policy,LOGGER_ERROR_THEN_RAISE,models/analysis/model_analyzer.py,76,perform_baseline_analysis,except Exception as e:,Exception is logged and re-raised in the same handler.,"If upper layers also log, this creates duplicate error reports and noisy traces.","Log only at boundary layers, or add context and re-raise without error-level logging.",Add a test/logger capture for one error event per failing operation.,medium,267ae83effd2b1af
P2,error_policy,LOGGER_ERROR_THEN_RAISE,models/analysis/model_analyzer.py,103,perform_regime_analysis,except Exception as e:,Exception is logged and re-raised in the same handler.,"If upper layers also log, this creates duplicate error reports and noisy traces.","Log only at boundary layers, or add context and re-raise without error-level logging.",Add a test/logger capture for one error event per failing operation.,medium,b58af67edd7077a5
P2,error_policy,LOGGER_ERROR_THEN_RAISE,models/analysis/model_analyzer.py,121,perform_overfitting_analysis,except Exception as e:,Exception is logged and re-raised in the same handler.,"If upper layers also log, this creates duplicate error reports and noisy traces.","Log only at boundary layers, or add context and re-raise without error-level logging.",Add a test/logger capture for one error event per failing operation.,medium,f8f8a2daf776cfe4
P2,error_policy,LOGGER_ERROR_THEN_RAISE,models/analysis/model_analyzer.py,137,perform_drift_monitoring,except Exception as e:,Exception is logged and re-raised in the same handler.,"If upper layers also log, this creates duplicate error reports and noisy traces.","Log only at boundary layers, or add context and re-raise without error-level logging.",Add a test/logger capture for one error event per failing operation.,medium,5be144baf7d6ddca
P2,error_policy,LOGGER_ERROR_THEN_RAISE,models/analysis/model_analyzer.py,157,_calculate_model_metrics,except Exception as e:,Exception is logged and re-raised in the same handler.,"If upper layers also log, this creates duplicate error reports and noisy traces.","Log only at boundary layers, or add context and re-raise without error-level logging.",Add a test/logger capture for one error event per failing operation.,medium,cffe4aab01b18d47
P2,error_policy,LOGGER_ERROR_THEN_RAISE,models/analysis/overfitting_detection/analyzer.py,42,generate_learning_curve,except Exception as e:,Exception is logged and re-raised in the same handler.,"If upper layers also log, this creates duplicate error reports and noisy traces.","Log only at boundary layers, or add context and re-raise without error-level logging.",Add a test/logger capture for one error event per failing operation.,medium,e33fb943846164b2
P2,error_policy,LOGGER_ERROR_THEN_RAISE,models/analysis/overfitting_detection/analyzer.py,61,perform_cv_analysis,except Exception as e:,Exception is logged and re-raised in the same handler.,"If upper layers also log, this creates duplicate error reports and noisy traces.","Log only at boundary layers, or add context and re-raise without error-level logging.",Add a test/logger capture for one error event per failing operation.,medium,4eb1ebc5d5e160f9
P2,error_policy,LOGGER_ERROR_THEN_RAISE,models/analysis/overfitting_detection/analyzer.py,87,analyze_train_val_gap,except Exception as e:,Exception is logged and re-raised in the same handler.,"If upper layers also log, this creates duplicate error reports and noisy traces.","Log only at boundary layers, or add context and re-raise without error-level logging.",Add a test/logger capture for one error event per failing operation.,medium,a3927ee855470ae3
P2,error_policy,LOGGER_ERROR_THEN_RAISE,models/analysis/overfitting_detection/manager.py,71,detect_overfitting,except Exception as e:,Exception is logged and re-raised in the same handler.,"If upper layers also log, this creates duplicate error reports and noisy traces.","Log only at boundary layers, or add context and re-raise without error-level logging.",Add a test/logger capture for one error event per failing operation.,medium,ec07fd8f0e5c6c93
P2,error_policy,LOGGER_ERROR_THEN_RAISE,models/analysis/overfitting_detection/manager.py,95,_store_results,except Exception as e:,Exception is logged and re-raised in the same handler.,"If upper layers also log, this creates duplicate error reports and noisy traces.","Log only at boundary layers, or add context and re-raise without error-level logging.",Add a test/logger capture for one error event per failing operation.,medium,e772a2c1b371c645
P2,error_policy,LOGGER_ERROR_THEN_RAISE,models/analysis/regime/detector.py,26,detect_regime,except Exception as e:,Exception is logged and re-raised in the same handler.,"If upper layers also log, this creates duplicate error reports and noisy traces.","Log only at boundary layers, or add context and re-raise without error-level logging.",Add a test/logger capture for one error event per failing operation.,medium,3d753221cf277bc0
P2,error_policy,LOGGER_ERROR_THEN_RAISE,models/analysis/regime/detector.py,42,_calculate_volatility,except Exception as e:,Exception is logged and re-raised in the same handler.,"If upper layers also log, this creates duplicate error reports and noisy traces.","Log only at boundary layers, or add context and re-raise without error-level logging.",Add a test/logger capture for one error event per failing operation.,medium,d7169be18eeac4b6
P2,error_policy,LOGGER_ERROR_THEN_RAISE,models/analysis/regime/detector.py,57,_calculate_trend,except Exception as e:,Exception is logged and re-raised in the same handler.,"If upper layers also log, this creates duplicate error reports and noisy traces.","Log only at boundary layers, or add context and re-raise without error-level logging.",Add a test/logger capture for one error event per failing operation.,medium,4585f57d73aea680
P2,error_policy,LOGGER_ERROR_THEN_RAISE,models/analysis/regime/metrics.py,31,calculate_performance_score,except Exception as e:,Exception is logged and re-raised in the same handler.,"If upper layers also log, this creates duplicate error reports and noisy traces.","Log only at boundary layers, or add context and re-raise without error-level logging.",Add a test/logger capture for one error event per failing operation.,medium,dd4c43c8e3e60ebc
P2,error_policy,LOGGER_ERROR_THEN_RAISE,models/analysis/regime/patterns.py,37,calculate_model_consistency,except Exception as e:,Exception is logged and re-raised in the same handler.,"If upper layers also log, this creates duplicate error reports and noisy traces.","Log only at boundary layers, or add context and re-raise without error-level logging.",Add a test/logger capture for one error event per failing operation.,medium,7e95598ee9672e53
P2,error_policy,LOGGER_ERROR_THEN_RAISE,models/analysis/regime/patterns.py,68,analyze_winner_patterns,except Exception as e:,Exception is logged and re-raised in the same handler.,"If upper layers also log, this creates duplicate error reports and noisy traces.","Log only at boundary layers, or add context and re-raise without error-level logging.",Add a test/logger capture for one error event per failing operation.,medium,0856efe7d2462972
P2,error_policy,LOGGER_ERROR_THEN_RAISE,models/analysis/regime/patterns.py,109,generate_regime_insights,except Exception as e:,Exception is logged and re-raised in the same handler.,"If upper layers also log, this creates duplicate error reports and noisy traces.","Log only at boundary layers, or add context and re-raise without error-level logging.",Add a test/logger capture for one error event per failing operation.,medium,3ebaf214b8d8785f
P2,error_policy,LOGGER_ERROR_THEN_RAISE,models/analysis/regime/stability.py,28,get_most_frequent_switch,except Exception as e:,Exception is logged and re-raised in the same handler.,"If upper layers also log, this creates duplicate error reports and noisy traces.","Log only at boundary layers, or add context and re-raise without error-level logging.",Add a test/logger capture for one error event per failing operation.,medium,449c33bd3ab5a5aa
P2,error_policy,LOGGER_ERROR_THEN_RAISE,models/analysis/regime/stability.py,47,calculate_average_stable_period,except Exception as e:,Exception is logged and re-raised in the same handler.,"If upper layers also log, this creates duplicate error reports and noisy traces.","Log only at boundary layers, or add context and re-raise without error-level logging.",Add a test/logger capture for one error event per failing operation.,medium,3358c0aa23eadb48
P2,error_policy,LOGGER_ERROR_THEN_RAISE,models/ensemble/confidence_calibrator.py,59,fit,except Exception as e:,Exception is logged and re-raised in the same handler.,"If upper layers also log, this creates duplicate error reports and noisy traces.","Log only at boundary layers, or add context and re-raise without error-level logging.",Add a test/logger capture for one error event per failing operation.,medium,4c55787c294e6300
P2,error_policy,LOGGER_ERROR_THEN_RAISE,models/ensemble/confidence_calibrator.py,71,transform,except Exception as e:,Exception is logged and re-raised in the same handler.,"If upper layers also log, this creates duplicate error reports and noisy traces.","Log only at boundary layers, or add context and re-raise without error-level logging.",Add a test/logger capture for one error event per failing operation.,medium,02e9913bf20ccacb
P2,error_policy,LOGGER_ERROR_THEN_RAISE,models/ensemble/correlation/correlation_engine.py,131,analyze_correlation,"except (ValueError, TypeError, KeyError, Exception) as e:",Exception is logged and re-raised in the same handler.,"If upper layers also log, this creates duplicate error reports and noisy traces.","Log only at boundary layers, or add context and re-raise without error-level logging.",Add a test/logger capture for one error event per failing operation.,medium,a6055b6c6ebbd533
P2,error_policy,LOGGER_ERROR_THEN_RAISE,models/ensemble/correlation/correlation_engine.py,193,calculate_correlation,"except (ValueError, TypeError, Exception) as e:",Exception is logged and re-raised in the same handler.,"If upper layers also log, this creates duplicate error reports and noisy traces.","Log only at boundary layers, or add context and re-raise without error-level logging.",Add a test/logger capture for one error event per failing operation.,medium,b1fc6aaa41836341
P2,error_policy,LOGGER_ERROR_THEN_RAISE,models/ensemble/enhanced_ensemble.py,119,_load_model_from_path,except Exception as e:,Exception is logged and re-raised in the same handler.,"If upper layers also log, this creates duplicate error reports and noisy traces.","Log only at boundary layers, or add context and re-raise without error-level logging.",Add a test/logger capture for one error event per failing operation.,medium,000b041e0dbcc511
P2,error_policy,LOGGER_ERROR_THEN_RAISE,models/ensemble/ensemble_model.py,45,train,except Exception as e:,Exception is logged and re-raised in the same handler.,"If upper layers also log, this creates duplicate error reports and noisy traces.","Log only at boundary layers, or add context and re-raise without error-level logging.",Add a test/logger capture for one error event per failing operation.,medium,7c78e853b9e33b5d
P2,error_policy,LOGGER_ERROR_THEN_RAISE,models/linear/knn_model.py,47,train,except Exception as e:,Exception is logged and re-raised in the same handler.,"If upper layers also log, this creates duplicate error reports and noisy traces.","Log only at boundary layers, or add context and re-raise without error-level logging.",Add a test/logger capture for one error event per failing operation.,medium,8b71809efee0cffc
P2,error_policy,LOGGER_ERROR_THEN_RAISE,models/linear/linear_model.py,37,train,except Exception as e:,Exception is logged and re-raised in the same handler.,"If upper layers also log, this creates duplicate error reports and noisy traces.","Log only at boundary layers, or add context and re-raise without error-level logging.",Add a test/logger capture for one error event per failing operation.,medium,9637c68b294ec451
P2,error_policy,LOGGER_ERROR_THEN_RAISE,models/linear/svm_model.py,53,train,except Exception as e:,Exception is logged and re-raised in the same handler.,"If upper layers also log, this creates duplicate error reports and noisy traces.","Log only at boundary layers, or add context and re-raise without error-level logging.",Add a test/logger capture for one error event per failing operation.,medium,e7581e482fc96d8a
P2,error_policy,LOGGER_ERROR_THEN_RAISE,models/loader.py,74,load_model,"except (ValueError, TypeError, Exception) as e:",Exception is logged and re-raised in the same handler.,"If upper layers also log, this creates duplicate error reports and noisy traces.","Log only at boundary layers, or add context and re-raise without error-level logging.",Add a test/logger capture for one error event per failing operation.,medium,0da892a33fc6d518
P2,error_policy,LOGGER_ERROR_THEN_RAISE,models/loader.py,169,_load_consensus_model,"except (ValueError, TypeError, Exception) as e:",Exception is logged and re-raised in the same handler.,"If upper layers also log, this creates duplicate error reports and noisy traces.","Log only at boundary layers, or add context and re-raise without error-level logging.",Add a test/logger capture for one error event per failing operation.,medium,a6762acd34a82523
P2,error_policy,LOGGER_ERROR_THEN_RAISE,models/loader.py,183,_load_stacked_ensemble,"except (ValueError, TypeError, ImportError, Exception) as e:",Exception is logged and re-raised in the same handler.,"If upper layers also log, this creates duplicate error reports and noisy traces.","Log only at boundary layers, or add context and re-raise without error-level logging.",Add a test/logger capture for one error event per failing operation.,medium,82e27d7a20fd11dd
P2,error_policy,LOGGER_ERROR_THEN_RAISE,models/model_selector/adaptive_selector.py,209,_update_arena_feedback,except Exception as e:,Exception is logged and re-raised in the same handler.,"If upper layers also log, this creates duplicate error reports and noisy traces.","Log only at boundary layers, or add context and re-raise without error-level logging.",Add a test/logger capture for one error event per failing operation.,medium,a771fc73627804a5
P2,error_policy,LOGGER_ERROR_THEN_RAISE,models/model_selector/adaptive_selector.py,318,get_leaderboard_summary,except Exception as e:,Exception is logged and re-raised in the same handler.,"If upper layers also log, this creates duplicate error reports and noisy traces.","Log only at boundary layers, or add context and re-raise without error-level logging.",Add a test/logger capture for one error event per failing operation.,medium,ce24561a7d6e633a
P2,error_policy,LOGGER_ERROR_THEN_RAISE,models/model_selector/smart_selector.py,42,_load_competence_map,except Exception as e:,Exception is logged and re-raised in the same handler.,"If upper layers also log, this creates duplicate error reports and noisy traces.","Log only at boundary layers, or add context and re-raise without error-level logging.",Add a test/logger capture for one error event per failing operation.,medium,3e47cf1ff1c11161
P2,error_policy,LOGGER_ERROR_THEN_RAISE,models/monitoring/drift/analyzer.py,42,detect_prediction_drift,except Exception as e:,Exception is logged and re-raised in the same handler.,"If upper layers also log, this creates duplicate error reports and noisy traces.","Log only at boundary layers, or add context and re-raise without error-level logging.",Add a test/logger capture for one error event per failing operation.,medium,525597733c8065ca
P2,error_policy,LOGGER_ERROR_THEN_RAISE,models/monitoring/drift/analyzer.py,66,analyze_performance_degradation,except Exception as e:,Exception is logged and re-raised in the same handler.,"If upper layers also log, this creates duplicate error reports and noisy traces.","Log only at boundary layers, or add context and re-raise without error-level logging.",Add a test/logger capture for one error event per failing operation.,medium,c6f9f72c277b739d
P2,error_policy,LOGGER_ERROR_THEN_RAISE,models/monitoring/drift/analyzer.py,86,analyze_confidence_drift,except Exception as e:,Exception is logged and re-raised in the same handler.,"If upper layers also log, this creates duplicate error reports and noisy traces.","Log only at boundary layers, or add context and re-raise without error-level logging.",Add a test/logger capture for one error event per failing operation.,medium,318abed21bf783cc
P2,error_policy,LOGGER_ERROR_THEN_RAISE,models/monitoring/drift/drift_calculator.py,76,perform_ks_test,"except (ValueError, TypeError, Exception) as e:",Exception is logged and re-raised in the same handler.,"If upper layers also log, this creates duplicate error reports and noisy traces.","Log only at boundary layers, or add context and re-raise without error-level logging.",Add a test/logger capture for one error event per failing operation.,medium,30764154a31d7376
P2,error_policy,LOGGER_ERROR_THEN_RAISE,models/monitoring/drift/drift_calculator.py,131,calculate_psi,"except (ValueError, TypeError, Exception) as e:",Exception is logged and re-raised in the same handler.,"If upper layers also log, this creates duplicate error reports and noisy traces.","Log only at boundary layers, or add context and re-raise without error-level logging.",Add a test/logger capture for one error event per failing operation.,medium,19206787d46ea006
P2,error_policy,LOGGER_ERROR_THEN_RAISE,models/monitoring/drift/drift_calculator.py,170,calculate_wasserstein_distance,"except (ValueError, TypeError, Exception) as e:",Exception is logged and re-raised in the same handler.,"If upper layers also log, this creates duplicate error reports and noisy traces.","Log only at boundary layers, or add context and re-raise without error-level logging.",Add a test/logger capture for one error event per failing operation.,medium,9bba6a6ad2e840c5
P2,error_policy,LOGGER_ERROR_THEN_RAISE,models/monitoring/drift/history.py,39,update_prediction_history,except Exception as e:,Exception is logged and re-raised in the same handler.,"If upper layers also log, this creates duplicate error reports and noisy traces.","Log only at boundary layers, or add context and re-raise without error-level logging.",Add a test/logger capture for one error event per failing operation.,medium,72bee65b66fa44f5
P2,error_policy,LOGGER_ERROR_THEN_RAISE,models/monitoring/prediction_drift_monitor.py,112,monitor_predictions,except Exception as e:,Exception is logged and re-raised in the same handler.,"If upper layers also log, this creates duplicate error reports and noisy traces.","Log only at boundary layers, or add context and re-raise without error-level logging.",Add a test/logger capture for one error event per failing operation.,medium,c28d02bbe5531073
P2,error_policy,LOGGER_ERROR_THEN_RAISE,models/neural/base_neural.py,106,train,except Exception as e:,Exception is logged and re-raised in the same handler.,"If upper layers also log, this creates duplicate error reports and noisy traces.","Log only at boundary layers, or add context and re-raise without error-level logging.",Add a test/logger capture for one error event per failing operation.,medium,eaf3dc5be3bb25b5
P2,error_policy,LOGGER_ERROR_THEN_RAISE,models/neural/cnn_model.py,105,train,except Exception as e:,Exception is logged and re-raised in the same handler.,"If upper layers also log, this creates duplicate error reports and noisy traces.","Log only at boundary layers, or add context and re-raise without error-level logging.",Add a test/logger capture for one error event per failing operation.,medium,e910aad7371c0112
P2,error_policy,LOGGER_ERROR_THEN_RAISE,models/neural/cnn_model.py,134,predict,except Exception as e:,Exception is logged and re-raised in the same handler.,"If upper layers also log, this creates duplicate error reports and noisy traces.","Log only at boundary layers, or add context and re-raise without error-level logging.",Add a test/logger capture for one error event per failing operation.,medium,914e8fa80a578e2e
P2,error_policy,LOGGER_ERROR_THEN_RAISE,models/neural/transformer_model.py,115,fit,except Exception as e:,Exception is logged and re-raised in the same handler.,"If upper layers also log, this creates duplicate error reports and noisy traces.","Log only at boundary layers, or add context and re-raise without error-level logging.",Add a test/logger capture for one error event per failing operation.,medium,28d2a5aa6bd8bfbd
P2,error_policy,LOGGER_ERROR_THEN_RAISE,models/neural/transformer_model.py,122,fit,except Exception as e2:,Exception is logged and re-raised in the same handler.,"If upper layers also log, this creates duplicate error reports and noisy traces.","Log only at boundary layers, or add context and re-raise without error-level logging.",Add a test/logger capture for one error event per failing operation.,medium,c90259f9ea2a3460
P2,error_policy,LOGGER_ERROR_THEN_RAISE,models/neural/transformer_model.py,239,predict,except Exception as e:,Exception is logged and re-raised in the same handler.,"If upper layers also log, this creates duplicate error reports and noisy traces.","Log only at boundary layers, or add context and re-raise without error-level logging.",Add a test/logger capture for one error event per failing operation.,medium,f3def95648c2ac2c
P2,error_policy,LOGGER_ERROR_THEN_RAISE,models/neural/transformer_model.py,244,predict,except Exception as e2:,Exception is logged and re-raised in the same handler.,"If upper layers also log, this creates duplicate error reports and noisy traces.","Log only at boundary layers, or add context and re-raise without error-level logging.",Add a test/logger capture for one error event per failing operation.,medium,be8b357dfbeb4075
P2,error_policy,LOGGER_ERROR_THEN_RAISE,models/registry/model_registry.py,62,register_model,except Exception as e:,Exception is logged and re-raised in the same handler.,"If upper layers also log, this creates duplicate error reports and noisy traces.","Log only at boundary layers, or add context and re-raise without error-level logging.",Add a test/logger capture for one error event per failing operation.,medium,00209095c2213a06
P2,error_policy,LOGGER_ERROR_THEN_RAISE,models/registry/model_registry.py,138,save_metadata,except Exception as e:,Exception is logged and re-raised in the same handler.,"If upper layers also log, this creates duplicate error reports and noisy traces.","Log only at boundary layers, or add context and re-raise without error-level logging.",Add a test/logger capture for one error event per failing operation.,medium,15c75e28a2a183f1
P2,error_policy,LOGGER_ERROR_THEN_RAISE,models/registry/model_registry.py,159,load_metadata,except Exception as e:,Exception is logged and re-raised in the same handler.,"If upper layers also log, this creates duplicate error reports and noisy traces.","Log only at boundary layers, or add context and re-raise without error-level logging.",Add a test/logger capture for one error event per failing operation.,medium,047b16f836296978
P2,error_policy,LOGGER_ERROR_THEN_RAISE,models/tree/catboost_model.py,76,train,except Exception as e:,Exception is logged and re-raised in the same handler.,"If upper layers also log, this creates duplicate error reports and noisy traces.","Log only at boundary layers, or add context and re-raise without error-level logging.",Add a test/logger capture for one error event per failing operation.,medium,272df5cc90d14255
P2,error_policy,LOGGER_ERROR_THEN_RAISE,models/tree/catboost_model.py,88,predict,except Exception as e:,Exception is logged and re-raised in the same handler.,"If upper layers also log, this creates duplicate error reports and noisy traces.","Log only at boundary layers, or add context and re-raise without error-level logging.",Add a test/logger capture for one error event per failing operation.,medium,ebf48fdf120726d7
P2,error_policy,LOGGER_ERROR_THEN_RAISE,models/tree/catboost_model.py,103,predict_proba,except Exception as e:,Exception is logged and re-raised in the same handler.,"If upper layers also log, this creates duplicate error reports and noisy traces.","Log only at boundary layers, or add context and re-raise without error-level logging.",Add a test/logger capture for one error event per failing operation.,medium,1b7d323259f5c340
P2,error_policy,LOGGER_ERROR_THEN_RAISE,models/tree/lightgbm_model.py,58,train,except Exception as e:,Exception is logged and re-raised in the same handler.,"If upper layers also log, this creates duplicate error reports and noisy traces.","Log only at boundary layers, or add context and re-raise without error-level logging.",Add a test/logger capture for one error event per failing operation.,medium,860caa6efe811fb4
P2,error_policy,LOGGER_ERROR_THEN_RAISE,models/tree/random_forest_model.py,53,train,except Exception as e:,Exception is logged and re-raised in the same handler.,"If upper layers also log, this creates duplicate error reports and noisy traces.","Log only at boundary layers, or add context and re-raise without error-level logging.",Add a test/logger capture for one error event per failing operation.,medium,9f0445ebabd7f776
P2,error_policy,LOGGER_ERROR_THEN_RAISE,models/tree/xgboost_model.py,62,train,except Exception as e:,Exception is logged and re-raised in the same handler.,"If upper layers also log, this creates duplicate error reports and noisy traces.","Log only at boundary layers, or add context and re-raise without error-level logging.",Add a test/logger capture for one error event per failing operation.,medium,786764ae90367044
P2,error_policy,LOGGER_ERROR_THEN_RAISE,monitoring/config.py,36,load_config,except Exception as e:,Exception is logged and re-raised in the same handler.,"If upper layers also log, this creates duplicate error reports and noisy traces.","Log only at boundary layers, or add context and re-raise without error-level logging.",Add a test/logger capture for one error event per failing operation.,medium,d91c29486b41adc9
P2,error_policy,LOGGER_ERROR_THEN_RAISE,monitoring/feature_drift_monitor.py,175,check_drift,except Exception as e:,Exception is logged and re-raised in the same handler.,"If upper layers also log, this creates duplicate error reports and noisy traces.","Log only at boundary layers, or add context and re-raise without error-level logging.",Add a test/logger capture for one error event per failing operation.,medium,ab0fb416a765234c
P2,error_policy,LOGGER_ERROR_THEN_RAISE,monitoring/ml_analytics.py,221,load_historical_data,except Exception as e:,Exception is logged and re-raised in the same handler.,"If upper layers also log, this creates duplicate error reports and noisy traces.","Log only at boundary layers, or add context and re-raise without error-level logging.",Add a test/logger capture for one error event per failing operation.,medium,4223202528aa4e18
P2,error_policy,LOGGER_ERROR_THEN_RAISE,optimization/hyperparameter_searcher.py,201,_optimize_grid_search,except Exception as e:,Exception is logged and re-raised in the same handler.,"If upper layers also log, this creates duplicate error reports and noisy traces.","Log only at boundary layers, or add context and re-raise without error-level logging.",Add a test/logger capture for one error event per failing operation.,medium,6c28694103bca549
P2,error_policy,LOGGER_ERROR_THEN_RAISE,optimization/hyperparameters/bayesian.py,136,optimize,except Exception as e:,Exception is logged and re-raised in the same handler.,"If upper layers also log, this creates duplicate error reports and noisy traces.","Log only at boundary layers, or add context and re-raise without error-level logging.",Add a test/logger capture for one error event per failing operation.,medium,cdd07e8d417bc4d0
P2,error_policy,LOGGER_ERROR_THEN_RAISE,optimization/portfolio/optimizer.py,62,optimize,"except (ValueError, TypeError, Exception) as e:",Exception is logged and re-raised in the same handler.,"If upper layers also log, this creates duplicate error reports and noisy traces.","Log only at boundary layers, or add context and re-raise without error-level logging.",Add a test/logger capture for one error event per failing operation.,medium,c7bb4e663fbcb2f7
P2,error_policy,LOGGER_ERROR_THEN_RAISE,optimization/portfolio/optimizer.py,198,markowitz_optimization,"except (ValueError, TypeError, Exception) as e:",Exception is logged and re-raised in the same handler.,"If upper layers also log, this creates duplicate error reports and noisy traces.","Log only at boundary layers, or add context and re-raise without error-level logging.",Add a test/logger capture for one error event per failing operation.,medium,469d317cba0c1b9d
P2,error_policy,LOGGER_ERROR_THEN_RAISE,optimization/portfolio/optimizer.py,241,max_sharpe_optimization,"except (ValueError, TypeError, Exception) as e:",Exception is logged and re-raised in the same handler.,"If upper layers also log, this creates duplicate error reports and noisy traces.","Log only at boundary layers, or add context and re-raise without error-level logging.",Add a test/logger capture for one error event per failing operation.,medium,9d0a37d65652862b
P2,error_policy,LOGGER_ERROR_THEN_RAISE,patterns/pattern_analyzer.py,250,_detect_price_patterns,except Exception as e:,Exception is logged and re-raised in the same handler.,"If upper layers also log, this creates duplicate error reports and noisy traces.","Log only at boundary layers, or add context and re-raise without error-level logging.",Add a test/logger capture for one error event per failing operation.,medium,80fd27f5d590d63e
P2,error_policy,LOGGER_ERROR_THEN_RAISE,pipeline/hybrid/component_factory.py,101,initialize_components,except Exception as e:,Exception is logged and re-raised in the same handler.,"If upper layers also log, this creates duplicate error reports and noisy traces.","Log only at boundary layers, or add context and re-raise without error-level logging.",Add a test/logger capture for one error event per failing operation.,medium,c63b24890d9ad6cb
P2,error_policy,LOGGER_ERROR_THEN_RAISE,pipeline/hybrid/data_batch_manager.py,59,merge_with_existing,except Exception as e:,Exception is logged and re-raised in the same handler.,"If upper layers also log, this creates duplicate error reports and noisy traces.","Log only at boundary layers, or add context and re-raise without error-level logging.",Add a test/logger capture for one error event per failing operation.,medium,7ed5d2ba5cb81b35
P2,error_policy,LOGGER_ERROR_THEN_RAISE,pipeline/hybrid/feature_loader.py,34,load_async,except Exception as e:,Exception is logged and re-raised in the same handler.,"If upper layers also log, this creates duplicate error reports and noisy traces.","Log only at boundary layers, or add context and re-raise without error-level logging.",Add a test/logger capture for one error event per failing operation.,medium,054be4bbc6784fbd
P2,error_policy,LOGGER_ERROR_THEN_RAISE,pipeline/hybrid/feature_loader.py,49,load_sync,except Exception as e:,Exception is logged and re-raised in the same handler.,"If upper layers also log, this creates duplicate error reports and noisy traces.","Log only at boundary layers, or add context and re-raise without error-level logging.",Add a test/logger capture for one error event per failing operation.,medium,e717fad5ff4baf55
P2,error_policy,LOGGER_ERROR_THEN_RAISE,pipeline/hybrid/final_stages_executor.py,182,_build_models_metadata,except Exception as e:,Exception is logged and re-raised in the same handler.,"If upper layers also log, this creates duplicate error reports and noisy traces.","Log only at boundary layers, or add context and re-raise without error-level logging.",Add a test/logger capture for one error event per failing operation.,medium,92329470a505dc5a
P2,error_policy,LOGGER_ERROR_THEN_RAISE,pipeline/hybrid/light_models_trainer.py,104,_load_or_create_accumulated_results,except Exception as e:,Exception is logged and re-raised in the same handler.,"If upper layers also log, this creates duplicate error reports and noisy traces.","Log only at boundary layers, or add context and re-raise without error-level logging.",Add a test/logger capture for one error event per failing operation.,medium,15592b06300141fd
P2,error_policy,LOGGER_ERROR_THEN_RAISE,pipeline/hybrid/light_models_trainer.py,144,_load_selected_features,except Exception as e:,Exception is logged and re-raised in the same handler.,"If upper layers also log, this creates duplicate error reports and noisy traces.","Log only at boundary layers, or add context and re-raise without error-level logging.",Add a test/logger capture for one error event per failing operation.,medium,2d51275a5e181d76
P2,error_policy,LOGGER_ERROR_THEN_RAISE,pipeline/hybrid/pipeline_metadata_manager.py,75,_load_or_create_accumulated_results,except Exception as e:,Exception is logged and re-raised in the same handler.,"If upper layers also log, this creates duplicate error reports and noisy traces.","Log only at boundary layers, or add context and re-raise without error-level logging.",Add a test/logger capture for one error event per failing operation.,medium,3646dc88cea1bec5
P2,error_policy,LOGGER_ERROR_THEN_RAISE,pipeline/hybrid/results_processor.py,67,_find_batch_directory,except Exception as e:,Exception is logged and re-raised in the same handler.,"If upper layers also log, this creates duplicate error reports and noisy traces.","Log only at boundary layers, or add context and re-raise without error-level logging.",Add a test/logger capture for one error event per failing operation.,medium,80d671ec2cb83036
P2,error_policy,LOGGER_ERROR_THEN_RAISE,pipeline/hybrid/results_processor.py,87,_load_results_json,except Exception as e:,Exception is logged and re-raised in the same handler.,"If upper layers also log, this creates duplicate error reports and noisy traces.","Log only at boundary layers, or add context and re-raise without error-level logging.",Add a test/logger capture for one error event per failing operation.,medium,d887c5859ce0e947
P2,error_policy,LOGGER_ERROR_THEN_RAISE,pipeline/hybrid/test_mode_manager.py,43,_load_test_mode_config,except Exception as e:,Exception is logged and re-raised in the same handler.,"If upper layers also log, this creates duplicate error reports and noisy traces.","Log only at boundary layers, or add context and re-raise without error-level logging.",Add a test/logger capture for one error event per failing operation.,medium,086b60d7d13035d6
P2,error_policy,LOGGER_ERROR_THEN_RAISE,pipeline/pipeline_orchestrator.py,257,_execute_stage,"except (ValueError, TypeError, Exception) as e:",Exception is logged and re-raised in the same handler.,"If upper layers also log, this creates duplicate error reports and noisy traces.","Log only at boundary layers, or add context and re-raise without error-level logging.",Add a test/logger capture for one error event per failing operation.,medium,1f16b48f49be290c
P2,error_policy,LOGGER_ERROR_THEN_RAISE,pipeline/pipeline_orchestrator.py,284,_validate_stage_output,except Exception as e:,Exception is logged and re-raised in the same handler.,"If upper layers also log, this creates duplicate error reports and noisy traces.","Log only at boundary layers, or add context and re-raise without error-level logging.",Add a test/logger capture for one error event per failing operation.,medium,d2f65ca408832404
P2,error_policy,LOGGER_ERROR_THEN_RAISE,pipeline/stages/evaluation/analytics.py,19,calculate_financial_metrics,except Exception as e:,Exception is logged and re-raised in the same handler.,"If upper layers also log, this creates duplicate error reports and noisy traces.","Log only at boundary layers, or add context and re-raise without error-level logging.",Add a test/logger capture for one error event per failing operation.,medium,b9105d47d44f0d2a
P2,error_policy,LOGGER_ERROR_THEN_RAISE,pipeline/stages/evaluation/analytics.py,81,run_deep_analysis,except Exception as e:,Exception is logged and re-raised in the same handler.,"If upper layers also log, this creates duplicate error reports and noisy traces.","Log only at boundary layers, or add context and re-raise without error-level logging.",Add a test/logger capture for one error event per failing operation.,medium,5812c35d475a78f3
P2,error_policy,LOGGER_ERROR_THEN_RAISE,pipeline/stages/evaluation/backtest_adapter.py,70,run_backtest,except Exception as e:,Exception is logged and re-raised in the same handler.,"If upper layers also log, this creates duplicate error reports and noisy traces.","Log only at boundary layers, or add context and re-raise without error-level logging.",Add a test/logger capture for one error event per failing operation.,medium,413fab10c0d87575
P2,error_policy,LOGGER_ERROR_THEN_RAISE,pipeline/stages/evaluation/data_recovery.py,26,recover_missing_data,except Exception as e:,Exception is logged and re-raised in the same handler.,"If upper layers also log, this creates duplicate error reports and noisy traces.","Log only at boundary layers, or add context and re-raise without error-level logging.",Add a test/logger capture for one error event per failing operation.,medium,47bebcd79160be9d
P2,error_policy,LOGGER_ERROR_THEN_RAISE,pipeline/stages/evaluation/io.py,25,load_stage6_results,except Exception as e:,Exception is logged and re-raised in the same handler.,"If upper layers also log, this creates duplicate error reports and noisy traces.","Log only at boundary layers, or add context and re-raise without error-level logging.",Add a test/logger capture for one error event per failing operation.,medium,9017700ce81c34ae
P2,error_policy,LOGGER_ERROR_THEN_RAISE,pipeline/stages/evaluation/reporting.py,38,plot_equity_curve,except Exception as e:,Exception is logged and re-raised in the same handler.,"If upper layers also log, this creates duplicate error reports and noisy traces.","Log only at boundary layers, or add context and re-raise without error-level logging.",Add a test/logger capture for one error event per failing operation.,medium,b4f0e273eb9e38d7
P2,error_policy,LOGGER_ERROR_THEN_RAISE,pipeline/stages/modeling/orchestration.py,73,process_ticker,except Exception as e:,Exception is logged and re-raised in the same handler.,"If upper layers also log, this creates duplicate error reports and noisy traces.","Log only at boundary layers, or add context and re-raise without error-level logging.",Add a test/logger capture for one error event per failing operation.,medium,c7f29bf34ed1288b
P2,error_policy,LOGGER_ERROR_THEN_RAISE,pipeline/stages/prediction/anomaly_engine.py,169,_calc_volatility_factor,except Exception as e:,Exception is logged and re-raised in the same handler.,"If upper layers also log, this creates duplicate error reports and noisy traces.","Log only at boundary layers, or add context and re-raise without error-level logging.",Add a test/logger capture for one error event per failing operation.,medium,2789e7824d3dcf85
P2,error_policy,LOGGER_ERROR_THEN_RAISE,pipeline/stages/prediction/data_preparer.py,78,get_available_model_types,except Exception as e:,Exception is logged and re-raised in the same handler.,"If upper layers also log, this creates duplicate error reports and noisy traces.","Log only at boundary layers, or add context and re-raise without error-level logging.",Add a test/logger capture for one error event per failing operation.,medium,ad32306f3c10eb13
P2,error_policy,LOGGER_ERROR_THEN_RAISE,pipeline/stages/prediction/data_preparer.py,258,load_target_scaler,except Exception as e:,Exception is logged and re-raised in the same handler.,"If upper layers also log, this creates duplicate error reports and noisy traces.","Log only at boundary layers, or add context and re-raise without error-level logging.",Add a test/logger capture for one error event per failing operation.,medium,48c0496586914cb8
P2,error_policy,LOGGER_ERROR_THEN_RAISE,pipeline/stages/prediction/model_selection_service.py,80,get_available_model_types,except Exception as e:,Exception is logged and re-raised in the same handler.,"If upper layers also log, this creates duplicate error reports and noisy traces.","Log only at boundary layers, or add context and re-raise without error-level logging.",Add a test/logger capture for one error event per failing operation.,medium,c69154238c243d18
P2,error_policy,LOGGER_ERROR_THEN_RAISE,pipeline/stages/prediction/result_builder.py,59,build_result,except Exception as fe:,Exception is logged and re-raised in the same handler.,"If upper layers also log, this creates duplicate error reports and noisy traces.","Log only at boundary layers, or add context and re-raise without error-level logging.",Add a test/logger capture for one error event per failing operation.,medium,fc60161f9eefb660
P2,error_policy,LOGGER_ERROR_THEN_RAISE,pipeline/stages/prediction/result_builder.py,82,build_result,except Exception as e:,Exception is logged and re-raised in the same handler.,"If upper layers also log, this creates duplicate error reports and noisy traces.","Log only at boundary layers, or add context and re-raise without error-level logging.",Add a test/logger capture for one error event per failing operation.,medium,1249e579add89ba1
P2,error_policy,LOGGER_ERROR_THEN_RAISE,pipeline/stages/prediction/result_builder.py,204,_save_stage_5_results,except Exception as e:,Exception is logged and re-raised in the same handler.,"If upper layers also log, this creates duplicate error reports and noisy traces.","Log only at boundary layers, or add context and re-raise without error-level logging.",Add a test/logger capture for one error event per failing operation.,medium,505949da27142140
P2,error_policy,LOGGER_ERROR_THEN_RAISE,pipeline/stages/stage_0_setup.py,76,run,except Exception as e:,Exception is logged and re-raised in the same handler.,"If upper layers also log, this creates duplicate error reports and noisy traces.","Log only at boundary layers, or add context and re-raise without error-level logging.",Add a test/logger capture for one error event per failing operation.,medium,32a6a0bd5cd3cd10
P2,error_policy,LOGGER_ERROR_THEN_RAISE,pipeline/stages/trading/data_io.py,103,save_stage_6_results,except Exception as e:,Exception is logged and re-raised in the same handler.,"If upper layers also log, this creates duplicate error reports and noisy traces.","Log only at boundary layers, or add context and re-raise without error-level logging.",Add a test/logger capture for one error event per failing operation.,medium,34979650915c1471
P2,error_policy,LOGGER_ERROR_THEN_RAISE,pipeline/stages/trading/recommendation_engine.py,146,_analyze_news_impact,except Exception as e:,Exception is logged and re-raised in the same handler.,"If upper layers also log, this creates duplicate error reports and noisy traces.","Log only at boundary layers, or add context and re-raise without error-level logging.",Add a test/logger capture for one error event per failing operation.,medium,a58cb6deaeb82318
P2,error_policy,LOGGER_ERROR_THEN_RAISE,predictions/models_predict.py,49,predict_any,except Exception as e:,Exception is logged and re-raised in the same handler.,"If upper layers also log, this creates duplicate error reports and noisy traces.","Log only at boundary layers, or add context and re-raise without error-level logging.",Add a test/logger capture for one error event per failing operation.,medium,ff90bd7720c09722
P2,error_policy,LOGGER_ERROR_THEN_RAISE,predictions/models_predict.py,126,predict_sentiment_models,except Exception as e:,Exception is logged and re-raised in the same handler.,"If upper layers also log, this creates duplicate error reports and noisy traces.","Log only at boundary layers, or add context and re-raise without error-level logging.",Add a test/logger capture for one error event per failing operation.,medium,f89fe622007b5470
P2,error_policy,LOGGER_ERROR_THEN_RAISE,processing/cleaners.py,166,_sanitize_index_timezone,except Exception as e:,Exception is logged and re-raised in the same handler.,"If upper layers also log, this creates duplicate error reports and noisy traces.","Log only at boundary layers, or add context and re-raise without error-level logging.",Add a test/logger capture for one error event per failing operation.,medium,4fe9f90cb0150208
P2,error_policy,LOGGER_ERROR_THEN_RAISE,processing/cleaners.py,181,_sanitize_column_timezone,except Exception as e:,Exception is logged and re-raised in the same handler.,"If upper layers also log, this creates duplicate error reports and noisy traces.","Log only at boundary layers, or add context and re-raise without error-level logging.",Add a test/logger capture for one error event per failing operation.,medium,637e783a883d57bd
P2,error_policy,LOGGER_ERROR_THEN_RAISE,risk/kill_switch/calculator.py,51,calculate_risk_metrics,except Exception as e:,Exception is logged and re-raised in the same handler.,"If upper layers also log, this creates duplicate error reports and noisy traces.","Log only at boundary layers, or add context and re-raise without error-level logging.",Add a test/logger capture for one error event per failing operation.,medium,81bc2a2709899d44
P2,error_policy,LOGGER_ERROR_THEN_RAISE,risk/kill_switch/calculator.py,91,calculate_portfolio_metrics,except Exception as e:,Exception is logged and re-raised in the same handler.,"If upper layers also log, this creates duplicate error reports and noisy traces.","Log only at boundary layers, or add context and re-raise without error-level logging.",Add a test/logger capture for one error event per failing operation.,medium,20de90e9bb43d9c6
P2,error_policy,LOGGER_ERROR_THEN_RAISE,risk/kill_switch/calculator.py,119,_calculate_portfolio_returns,except Exception as e:,Exception is logged and re-raised in the same handler.,"If upper layers also log, this creates duplicate error reports and noisy traces.","Log only at boundary layers, or add context and re-raise without error-level logging.",Add a test/logger capture for one error event per failing operation.,medium,aadd67a2698d9654
P2,error_policy,LOGGER_ERROR_THEN_RAISE,risk/kill_switch/calculator.py,159,calculate_position_metrics,except Exception as e:,Exception is logged and re-raised in the same handler.,"If upper layers also log, this creates duplicate error reports and noisy traces.","Log only at boundary layers, or add context and re-raise without error-level logging.",Add a test/logger capture for one error event per failing operation.,medium,6ea1cc29f69162e9
P2,error_policy,LOGGER_ERROR_THEN_RAISE,risk/kill_switch/calculator.py,196,analyze_market_conditions,except Exception as e:,Exception is logged and re-raised in the same handler.,"If upper layers also log, this creates duplicate error reports and noisy traces.","Log only at boundary layers, or add context and re-raise without error-level logging.",Add a test/logger capture for one error event per failing operation.,medium,7ea001dfc1710970
P2,error_policy,LOGGER_ERROR_THEN_RAISE,targets/target_orchestrator.py,55,__init__,except Exception as e:,Exception is logged and re-raised in the same handler.,"If upper layers also log, this creates duplicate error reports and noisy traces.","Log only at boundary layers, or add context and re-raise without error-level logging.",Add a test/logger capture for one error event per failing operation.,medium,0ca9516036ddcf99
P2,error_policy,LOGGER_ERROR_THEN_RAISE,trading/consensus_engine.py,219,_apply_critic_filter,except Exception as e:,Exception is logged and re-raised in the same handler.,"If upper layers also log, this creates duplicate error reports and noisy traces.","Log only at boundary layers, or add context and re-raise without error-level logging.",Add a test/logger capture for one error event per failing operation.,medium,21319867ffac478b
P2,error_policy,LOGGER_ERROR_THEN_RAISE,trading/consensus_engine.py,294,generate_weighted_ensemble,except Exception as e:,Exception is logged and re-raised in the same handler.,"If upper layers also log, this creates duplicate error reports and noisy traces.","Log only at boundary layers, or add context and re-raise without error-level logging.",Add a test/logger capture for one error event per failing operation.,medium,bcfe3a9e735db127
P2,error_policy,LOGGER_ERROR_THEN_RAISE,trading/signal_processor.py,71,_build_signal,except Exception as e:,Exception is logged and re-raised in the same handler.,"If upper layers also log, this creates duplicate error reports and noisy traces.","Log only at boundary layers, or add context and re-raise without error-level logging.",Add a test/logger capture for one error event per failing operation.,medium,197159edc9bd8ef0
P2,error_policy,LOGGER_ERROR_THEN_RAISE,trading/trading_orchestrator.py,148,_process_single_prediction,"except (ValueError, TypeError, Exception) as e:",Exception is logged and re-raised in the same handler.,"If upper layers also log, this creates duplicate error reports and noisy traces.","Log only at boundary layers, or add context and re-raise without error-level logging.",Add a test/logger capture for one error event per failing operation.,medium,aa6494c2b86c5ce9
P2,error_policy,LOGGER_ERROR_THEN_RAISE,trading/trading_orchestrator.py,171,_process_single_prediction,"except (ValueError, TypeError, Exception) as e:",Exception is logged and re-raised in the same handler.,"If upper layers also log, this creates duplicate error reports and noisy traces.","Log only at boundary layers, or add context and re-raise without error-level logging.",Add a test/logger capture for one error event per failing operation.,medium,2680dbc34ec4b9dc
P2,error_policy,LOGGER_ERROR_THEN_RAISE,trading/virtual_portfolio.py,67,load_portfolio,except Exception as e:,Exception is logged and re-raised in the same handler.,"If upper layers also log, this creates duplicate error reports and noisy traces.","Log only at boundary layers, or add context and re-raise without error-level logging.",Add a test/logger capture for one error event per failing operation.,medium,a5a0cf9a821486c3
P2,error_policy,LOGGER_ERROR_THEN_RAISE,trading/virtual_portfolio.py,102,save_portfolio,except Exception as e:,Exception is logged and re-raised in the same handler.,"If upper layers also log, this creates duplicate error reports and noisy traces.","Log only at boundary layers, or add context and re-raise without error-level logging.",Add a test/logger capture for one error event per failing operation.,medium,fab15a09f1412fff
P2,error_policy,LOGGER_ERROR_THEN_RAISE,training/base_trainer.py,132,__init__,except Exception as e:,Exception is logged and re-raised in the same handler.,"If upper layers also log, this creates duplicate error reports and noisy traces.","Log only at boundary layers, or add context and re-raise without error-level logging.",Add a test/logger capture for one error event per failing operation.,medium,373c77d296189703
P2,error_policy,LOGGER_ERROR_THEN_RAISE,training/base_trainer.py,196,execute_training,"except (ValueError, TypeError, Exception) as e:",Exception is logged and re-raised in the same handler.,"If upper layers also log, this creates duplicate error reports and noisy traces.","Log only at boundary layers, or add context and re-raise without error-level logging.",Add a test/logger capture for one error event per failing operation.,medium,8e868e9a73b3d96d
P2,error_policy,LOGGER_ERROR_THEN_RAISE,training/base_trainer.py,268,_train_ticker_suite,"except (ValueError, TypeError, Exception) as e:",Exception is logged and re-raised in the same handler.,"If upper layers also log, this creates duplicate error reports and noisy traces.","Log only at boundary layers, or add context and re-raise without error-level logging.",Add a test/logger capture for one error event per failing operation.,medium,58fd3a154458acd7
P2,error_policy,LOGGER_ERROR_THEN_RAISE,training/base_trainer.py,351,_save_champion,"except (IOError, TypeError, Exception) as e:",Exception is logged and re-raised in the same handler.,"If upper layers also log, this creates duplicate error reports and noisy traces.","Log only at boundary layers, or add context and re-raise without error-level logging.",Add a test/logger capture for one error event per failing operation.,medium,b380d01ab12c2753
P2,error_policy,LOGGER_ERROR_THEN_RAISE,training/progressive_trainer.py,198,_train_progressive_batch,except Exception as e:,Exception is logged and re-raised in the same handler.,"If upper layers also log, this creates duplicate error reports and noisy traces.","Log only at boundary layers, or add context and re-raise without error-level logging.",Add a test/logger capture for one error event per failing operation.,medium,2b9f1b58ac64c735
P2,error_policy,LOGGER_ERROR_THEN_RAISE,validation/time_series_validator.py,225,purged_walk_forward_validation,except Exception as e:,Exception is logged and re-raised in the same handler.,"If upper layers also log, this creates duplicate error reports and noisy traces.","Log only at boundary layers, or add context and re-raise without error-level logging.",Add a test/logger capture for one error event per failing operation.,medium,4c8afc6793443437
P2,financial_math,DRAWDOWN_SIGN_CONVENTION_REVIEW,algorithms/advanced_backtest_engine.py,79,,return float(drawdown.min()),Drawdown calculation found; sign convention needs review.,Mixing signed max_drawdown (-0.25) and positive current_drawdown (0.25) breaks risk thresholds.,"Expose both max_drawdown_signed and max_drawdown_pct, and use pct in risk limits.",Test monotonic loss series and assert documented sign convention.,low,5b7e42e3237741c1
P2,financial_math,DRAWDOWN_SIGN_CONVENTION_REVIEW,algorithms/advanced_backtest_engine.py,162,,max_dd = drawdown.min(),Drawdown calculation found; sign convention needs review.,Mixing signed max_drawdown (-0.25) and positive current_drawdown (0.25) breaks risk thresholds.,"Expose both max_drawdown_signed and max_drawdown_pct, and use pct in risk limits.",Test monotonic loss series and assert documented sign convention.,low,fccc8a204373e160
P2,financial_math,DRAWDOWN_SIGN_CONVENTION_REVIEW,algorithms/walk_forward_optimizer.py,137,,max_drawdown = float(((cumulative - running_max) / running_max).min()),Drawdown calculation found; sign convention needs review.,Mixing signed max_drawdown (-0.25) and positive current_drawdown (0.25) breaks risk thresholds.,"Expose both max_drawdown_signed and max_drawdown_pct, and use pct in risk limits.",Test monotonic loss series and assert documented sign convention.,low,30993cc2657786da
P2,financial_math,DRAWDOWN_SIGN_CONVENTION_REVIEW,analytics/analyzers/hedge_fund_analyzer.py,92,,metrics['max_drawdown'] = float(drawdown_series.min(),Drawdown calculation found; sign convention needs review.,Mixing signed max_drawdown (-0.25) and positive current_drawdown (0.25) breaks risk thresholds.,"Expose both max_drawdown_signed and max_drawdown_pct, and use pct in risk limits.",Test monotonic loss series and assert documented sign convention.,low,a086a96ce8ca72c6
P2,financial_math,DRAWDOWN_SIGN_CONVENTION_REVIEW,analytics/analyzers/wrappers.py,32,,"""max_drawdown"": float(clean_drawdown.min()) if not clean_drawdown.empty else 0.0,",Drawdown calculation found; sign convention needs review.,Mixing signed max_drawdown (-0.25) and positive current_drawdown (0.25) breaks risk thresholds.,"Expose both max_drawdown_signed and max_drawdown_pct, and use pct in risk limits.",Test monotonic loss series and assert documented sign convention.,low,8720abb0f3eccaaa
P2,financial_math,DRAWDOWN_SIGN_CONVENTION_REVIEW,analytics/arena/arena_battle.py,406,,return float(np.min(drawdown)),Drawdown calculation found; sign convention needs review.,Mixing signed max_drawdown (-0.25) and positive current_drawdown (0.25) breaks risk thresholds.,"Expose both max_drawdown_signed and max_drawdown_pct, and use pct in risk limits.",Test monotonic loss series and assert documented sign convention.,low,e9de04e90282c0ff
P2,financial_math,DRAWDOWN_SIGN_CONVENTION_REVIEW,backtesting/advanced/advanced_engine.py,211,,max_dd = drawdown.min(),Drawdown calculation found; sign convention needs review.,Mixing signed max_drawdown (-0.25) and positive current_drawdown (0.25) breaks risk thresholds.,"Expose both max_drawdown_signed and max_drawdown_pct, and use pct in risk limits.",Test monotonic loss series and assert documented sign convention.,low,bf937125679b7017
P2,financial_math,DRAWDOWN_SIGN_CONVENTION_REVIEW,backtesting/advanced/advanced_engine.py,377,,return float(drawdown.min()),Drawdown calculation found; sign convention needs review.,Mixing signed max_drawdown (-0.25) and positive current_drawdown (0.25) breaks risk thresholds.,"Expose both max_drawdown_signed and max_drawdown_pct, and use pct in risk limits.",Test monotonic loss series and assert documented sign convention.,low,cf2e7e6554f32126
P2,financial_math,DRAWDOWN_SIGN_CONVENTION_REVIEW,features/enrichers/technical_analysis_enricher.py,251,,df_enriched['CURRENT_DRAWDOWN',Drawdown calculation found; sign convention needs review.,Mixing signed max_drawdown (-0.25) and positive current_drawdown (0.25) breaks risk thresholds.,"Expose both max_drawdown_signed and max_drawdown_pct, and use pct in risk limits.",Test monotonic loss series and assert documented sign convention.,low,4814cce2c145db92
P2,financial_math,DRAWDOWN_SIGN_CONVENTION_REVIEW,meta_learning/real_time_learning.py,269,,return float(drawdown.min()),Drawdown calculation found; sign convention needs review.,Mixing signed max_drawdown (-0.25) and positive current_drawdown (0.25) breaks risk thresholds.,"Expose both max_drawdown_signed and max_drawdown_pct, and use pct in risk limits.",Test monotonic loss series and assert documented sign convention.,low,e81c54626bbfcb12
P2,financial_math,DRAWDOWN_SIGN_CONVENTION_REVIEW,metrics/financial/financial_metrics_library.py,86,,return float(drawdowns.min()) if not drawdowns.empty else 0.0,Drawdown calculation found; sign convention needs review.,Mixing signed max_drawdown (-0.25) and positive current_drawdown (0.25) breaks risk thresholds.,"Expose both max_drawdown_signed and max_drawdown_pct, and use pct in risk limits.",Test monotonic loss series and assert documented sign convention.,low,09808a0b2d9bcf5d
P2,financial_math,DRAWDOWN_SIGN_CONVENTION_REVIEW,metrics/financial/portfolio_metrics.py,100,,max_drawdown = drawdowns.min(),Drawdown calculation found; sign convention needs review.,Mixing signed max_drawdown (-0.25) and positive current_drawdown (0.25) breaks risk thresholds.,"Expose both max_drawdown_signed and max_drawdown_pct, and use pct in risk limits.",Test monotonic loss series and assert documented sign convention.,low,ae2c284e6fdf9c29
P2,financial_math,DRAWDOWN_SIGN_CONVENTION_REVIEW,pipeline/stages/evaluation/metrics_calculator.py,91,,max_drawdown = drawdown.min(),Drawdown calculation found; sign convention needs review.,Mixing signed max_drawdown (-0.25) and positive current_drawdown (0.25) breaks risk thresholds.,"Expose both max_drawdown_signed and max_drawdown_pct, and use pct in risk limits.",Test monotonic loss series and assert documented sign convention.,low,db104dee9cc02a99
P2,financial_math,DRAWDOWN_SIGN_CONVENTION_REVIEW,risk/elite_risk_metrics.py,429,,"Dict[str, Any]], daily_pnl: float, current_drawdown: float) ->Dict[",Drawdown calculation found; sign convention needs review.,Mixing signed max_drawdown (-0.25) and positive current_drawdown (0.25) breaks risk thresholds.,"Expose both max_drawdown_signed and max_drawdown_pct, and use pct in risk limits.",Test monotonic loss series and assert documented sign convention.,low,677d7041bea35a66
P2,financial_math,DRAWDOWN_SIGN_CONVENTION_REVIEW,risk/elite_risk_metrics.py,438,,current_drawdown: Current drawdown,Drawdown calculation found; sign convention needs review.,Mixing signed max_drawdown (-0.25) and positive current_drawdown (0.25) breaks risk thresholds.,"Expose both max_drawdown_signed and max_drawdown_pct, and use pct in risk limits.",Test monotonic loss series and assert documented sign convention.,low,2a78071104583701
P2,financial_math,DRAWDOWN_SIGN_CONVENTION_REVIEW,risk/elite_risk_metrics.py,466,,if current_drawdown > self.limits['max_drawdown']:,Drawdown calculation found; sign convention needs review.,Mixing signed max_drawdown (-0.25) and positive current_drawdown (0.25) breaks risk thresholds.,"Expose both max_drawdown_signed and max_drawdown_pct, and use pct in risk limits.",Test monotonic loss series and assert documented sign convention.,low,56f6640b71982b2b
P2,financial_math,DRAWDOWN_SIGN_CONVENTION_REVIEW,risk/elite_risk_metrics.py,468,,"current_drawdown, 'limit': self.limits['max_drawdown'],",Drawdown calculation found; sign convention needs review.,Mixing signed max_drawdown (-0.25) and positive current_drawdown (0.25) breaks risk thresholds.,"Expose both max_drawdown_signed and max_drawdown_pct, and use pct in risk limits.",Test monotonic loss series and assert documented sign convention.,low,6d16db7e979ee5dd
P2,financial_math,DRAWDOWN_SIGN_CONVENTION_REVIEW,risk/elite_risk_metrics.py,469,,'message': f'Drawdown {current_drawdown:.1%} exceeds limit'}),Drawdown calculation found; sign convention needs review.,Mixing signed max_drawdown (-0.25) and positive current_drawdown (0.25) breaks risk thresholds.,"Expose both max_drawdown_signed and max_drawdown_pct, and use pct in risk limits.",Test monotonic loss series and assert documented sign convention.,low,2fc114e42f9b6506
P2,financial_math,DRAWDOWN_SIGN_CONVENTION_REVIEW,risk/kill_switch/calculator.py,80,,"current_drawdown = drawdowns.iloc[-1] if hasattr(drawdowns, 'iloc') else (drawdowns[-1] if len(drawdowns) > 0 else 0)",Drawdown calculation found; sign convention needs review.,Mixing signed max_drawdown (-0.25) and positive current_drawdown (0.25) breaks risk thresholds.,"Expose both max_drawdown_signed and max_drawdown_pct, and use pct in risk limits.",Test monotonic loss series and assert documented sign convention.,low,e78ee3b63eb6f848
P2,financial_math,DRAWDOWN_SIGN_CONVENTION_REVIEW,risk/kill_switch/calculator.py,88,,"'current_drawdown': current_drawdown,",Drawdown calculation found; sign convention needs review.,Mixing signed max_drawdown (-0.25) and positive current_drawdown (0.25) breaks risk thresholds.,"Expose both max_drawdown_signed and max_drawdown_pct, and use pct in risk limits.",Test monotonic loss series and assert documented sign convention.,low,8c689fb17d61d120
P2,financial_math,DRAWDOWN_SIGN_CONVENTION_REVIEW,risk/kill_switch/calculator.py,150,,current_drawdown = drawdowns.iloc[-1] if len(drawdowns) > 0 else 0,Drawdown calculation found; sign convention needs review.,Mixing signed max_drawdown (-0.25) and positive current_drawdown (0.25) breaks risk thresholds.,"Expose both max_drawdown_signed and max_drawdown_pct, and use pct in risk limits.",Test monotonic loss series and assert documented sign convention.,low,821a578daa367112
P2,financial_math,DRAWDOWN_SIGN_CONVENTION_REVIEW,risk/kill_switch/calculator.py,156,,'current_drawdown': current_drawdown,Drawdown calculation found; sign convention needs review.,Mixing signed max_drawdown (-0.25) and positive current_drawdown (0.25) breaks risk thresholds.,"Expose both max_drawdown_signed and max_drawdown_pct, and use pct in risk limits.",Test monotonic loss series and assert documented sign convention.,low,ac0df49b1af3eaaf
P2,financial_math,DRAWDOWN_SIGN_CONVENTION_REVIEW,risk/kill_switch/calculator.py,219,,"if portfolio_metrics.get('current_drawdown', 0) > thresholds.get('max_drawdown_threshold', 1.0):",Drawdown calculation found; sign convention needs review.,Mixing signed max_drawdown (-0.25) and positive current_drawdown (0.25) breaks risk thresholds.,"Expose both max_drawdown_signed and max_drawdown_pct, and use pct in risk limits.",Test monotonic loss series and assert documented sign convention.,low,8b25f202487107c2
P2,financial_math,DRAWDOWN_SIGN_CONVENTION_REVIEW,risk/kill_switch/calculator.py,236,,"if portfolio_metrics.get('current_drawdown', 0) > 0.10: # 10% drawdown",Drawdown calculation found; sign convention needs review.,Mixing signed max_drawdown (-0.25) and positive current_drawdown (0.25) breaks risk thresholds.,"Expose both max_drawdown_signed and max_drawdown_pct, and use pct in risk limits.",Test monotonic loss series and assert documented sign convention.,low,c9ab13b6059cc62a
P2,financial_math,DRAWDOWN_SIGN_CONVENTION_REVIEW,risk/metrics.py,65,,max_drawdown = float(np.min(drawdowns)) if len(drawdowns) > 0 else 0,Drawdown calculation found; sign convention needs review.,Mixing signed max_drawdown (-0.25) and positive current_drawdown (0.25) breaks risk thresholds.,"Expose both max_drawdown_signed and max_drawdown_pct, and use pct in risk limits.",Test monotonic loss series and assert documented sign convention.,low,2833dbace16499b5
P2,financial_math,DRAWDOWN_SIGN_CONVENTION_REVIEW,risk/metrics.py,67,,current_drawdown = 0.0,Drawdown calculation found; sign convention needs review.,Mixing signed max_drawdown (-0.25) and positive current_drawdown (0.25) breaks risk thresholds.,"Expose both max_drawdown_signed and max_drawdown_pct, and use pct in risk limits.",Test monotonic loss series and assert documented sign convention.,low,f2ec0fa29b636f03
P2,financial_math,DRAWDOWN_SIGN_CONVENTION_REVIEW,risk/metrics.py,71,,current_drawdown = (peak - current) / peak if peak > 0 else 0.0,Drawdown calculation found; sign convention needs review.,Mixing signed max_drawdown (-0.25) and positive current_drawdown (0.25) breaks risk thresholds.,"Expose both max_drawdown_signed and max_drawdown_pct, and use pct in risk limits.",Test monotonic loss series and assert documented sign convention.,low,b50dbb889d8d85a9
P2,financial_math,DRAWDOWN_SIGN_CONVENTION_REVIEW,risk/metrics.py,79,,"""current_drawdown"": current_drawdown,",Drawdown calculation found; sign convention needs review.,Mixing signed max_drawdown (-0.25) and positive current_drawdown (0.25) breaks risk thresholds.,"Expose both max_drawdown_signed and max_drawdown_pct, and use pct in risk limits.",Test monotonic loss series and assert documented sign convention.,low,0a55e2be37ee3122
P2,financial_math,DRAWDOWN_SIGN_CONVENTION_REVIEW,risk/metrics.py,117,,max_drawdown = float(np.min(drawdowns)) if len(drawdowns) > 0 else 0,Drawdown calculation found; sign convention needs review.,Mixing signed max_drawdown (-0.25) and positive current_drawdown (0.25) breaks risk thresholds.,"Expose both max_drawdown_signed and max_drawdown_pct, and use pct in risk limits.",Test monotonic loss series and assert documented sign convention.,low,7ca3f26d1405af58
P2,financial_math,DRAWDOWN_SIGN_CONVENTION_REVIEW,risk/metrics.py,119,,current_drawdown = 0.0,Drawdown calculation found; sign convention needs review.,Mixing signed max_drawdown (-0.25) and positive current_drawdown (0.25) breaks risk thresholds.,"Expose both max_drawdown_signed and max_drawdown_pct, and use pct in risk limits.",Test monotonic loss series and assert documented sign convention.,low,a0c41210e45b7e27
P2,financial_math,DRAWDOWN_SIGN_CONVENTION_REVIEW,risk/metrics.py,123,,current_drawdown = (peak - current) / peak if peak > 0 else 0.0,Drawdown calculation found; sign convention needs review.,Mixing signed max_drawdown (-0.25) and positive current_drawdown (0.25) breaks risk thresholds.,"Expose both max_drawdown_signed and max_drawdown_pct, and use pct in risk limits.",Test monotonic loss series and assert documented sign convention.,low,22be54505e4c036b
P2,financial_math,DRAWDOWN_SIGN_CONVENTION_REVIEW,risk/metrics.py,129,,"""current_drawdown"": current_drawdown,",Drawdown calculation found; sign convention needs review.,Mixing signed max_drawdown (-0.25) and positive current_drawdown (0.25) breaks risk thresholds.,"Expose both max_drawdown_signed and max_drawdown_pct, and use pct in risk limits.",Test monotonic loss series and assert documented sign convention.,low,01095a0bd52ed1fd
P2,heavy_imports,HEAVY_TOP_LEVEL_IMPORT,analytics/calculators/fama_french_factors.py,17,,import yfinance as yf,Top-level import of heavy optional dependency 'yfinance'.,Lightweight CLI/tests/factories may import TensorFlow/PyTorch/HF/spaCy/yfinance even when not needed.,"Move optional heavy imports inside the function/class that needs them, or use a lazy class-path registry.",Add a test importing factory/config/CLI and assert heavy modules are not present in sys.modules.,high,4944401caa40f493
P2,heavy_imports,HEAVY_TOP_LEVEL_IMPORT,colab/models/architectures.py,1,,import torch,Top-level import of heavy optional dependency 'torch'.,Lightweight CLI/tests/factories may import TensorFlow/PyTorch/HF/spaCy/yfinance even when not needed.,"Move optional heavy imports inside the function/class that needs them, or use a lazy class-path registry.",Add a test importing factory/config/CLI and assert heavy modules are not present in sys.modules.,high,dee5b94a82ee18c5
P2,heavy_imports,HEAVY_TOP_LEVEL_IMPORT,colab/models/architectures.py,2,,import torch.nn as nn,Top-level import of heavy optional dependency 'torch.nn'.,Lightweight CLI/tests/factories may import TensorFlow/PyTorch/HF/spaCy/yfinance even when not needed.,"Move optional heavy imports inside the function/class that needs them, or use a lazy class-path registry.",Add a test importing factory/config/CLI and assert heavy modules are not present in sys.modules.,high,fe44fa449c788dd8
P2,heavy_imports,HEAVY_TOP_LEVEL_IMPORT,colab/models/torch_models.py,3,,import torch,Top-level import of heavy optional dependency 'torch'.,Lightweight CLI/tests/factories may import TensorFlow/PyTorch/HF/spaCy/yfinance even when not needed.,"Move optional heavy imports inside the function/class that needs them, or use a lazy class-path registry.",Add a test importing factory/config/CLI and assert heavy modules are not present in sys.modules.,high,340e19bf273fdd9a
P2,heavy_imports,HEAVY_TOP_LEVEL_IMPORT,colab/models/torch_models.py,4,,import torch.nn as nn,Top-level import of heavy optional dependency 'torch.nn'.,Lightweight CLI/tests/factories may import TensorFlow/PyTorch/HF/spaCy/yfinance even when not needed.,"Move optional heavy imports inside the function/class that needs them, or use a lazy class-path registry.",Add a test importing factory/config/CLI and assert heavy modules are not present in sys.modules.,high,5ecb1ef086d1d516
P2,heavy_imports,HEAVY_TOP_LEVEL_IMPORT,colab/utils/utils.py,14,,import torch,Top-level import of heavy optional dependency 'torch'.,Lightweight CLI/tests/factories may import TensorFlow/PyTorch/HF/spaCy/yfinance even when not needed.,"Move optional heavy imports inside the function/class that needs them, or use a lazy class-path registry.",Add a test importing factory/config/CLI and assert heavy modules are not present in sys.modules.,high,a73cdbbf9619aa00
P2,heavy_imports,HEAVY_TOP_LEVEL_IMPORT,data/collectors/vix_collector.py,22,_configure_yfinance_cache,import yfinance as yf,Top-level import of heavy optional dependency 'yfinance'.,Lightweight CLI/tests/factories may import TensorFlow/PyTorch/HF/spaCy/yfinance even when not needed.,"Move optional heavy imports inside the function/class that needs them, or use a lazy class-path registry.",Add a test importing factory/config/CLI and assert heavy modules are not present in sys.modules.,high,2053d4317c7be140
P2,heavy_imports,HEAVY_TOP_LEVEL_IMPORT,data/collectors/vix_collector.py,100,_fetch_vix_data,import yfinance as yf,Top-level import of heavy optional dependency 'yfinance'.,Lightweight CLI/tests/factories may import TensorFlow/PyTorch/HF/spaCy/yfinance even when not needed.,"Move optional heavy imports inside the function/class that needs them, or use a lazy class-path registry.",Add a test importing factory/config/CLI and assert heavy modules are not present in sys.modules.,high,990a676164780a5a
P2,heavy_imports,HEAVY_TOP_LEVEL_IMPORT,data/collectors/yf_collector.py,9,,import yfinance as yf,Top-level import of heavy optional dependency 'yfinance'.,Lightweight CLI/tests/factories may import TensorFlow/PyTorch/HF/spaCy/yfinance even when not needed.,"Move optional heavy imports inside the function/class that needs them, or use a lazy class-path registry.",Add a test importing factory/config/CLI and assert heavy modules are not present in sys.modules.,high,b41c7b18e316bb40
P2,heavy_imports,HEAVY_TOP_LEVEL_IMPORT,features/nlp/extractors/entity_extractor.py,4,,import spacy,Top-level import of heavy optional dependency 'spacy'.,Lightweight CLI/tests/factories may import TensorFlow/PyTorch/HF/spaCy/yfinance even when not needed.,"Move optional heavy imports inside the function/class that needs them, or use a lazy class-path registry.",Add a test importing factory/config/CLI and assert heavy modules are not present in sys.modules.,high,f21521ad7e94b36e
P2,heavy_imports,HEAVY_TOP_LEVEL_IMPORT,features/nlp/models/roberta_sentiment.py,2,,import torch,Top-level import of heavy optional dependency 'torch'.,Lightweight CLI/tests/factories may import TensorFlow/PyTorch/HF/spaCy/yfinance even when not needed.,"Move optional heavy imports inside the function/class that needs them, or use a lazy class-path registry.",Add a test importing factory/config/CLI and assert heavy modules are not present in sys.modules.,high,4f1d4bcec530bac9
P2,heavy_imports,HEAVY_TOP_LEVEL_IMPORT,features/nlp/models/roberta_sentiment.py,3,,"from transformers import AutoTokenizer, AutoModelForSequenceClassification",Top-level import of heavy optional dependency 'transformers'.,Lightweight CLI/tests/factories may import TensorFlow/PyTorch/HF/spaCy/yfinance even when not needed.,"Move optional heavy imports inside the function/class that needs them, or use a lazy class-path registry.",Add a test importing factory/config/CLI and assert heavy modules are not present in sys.modules.,high,22de5164aee476ad
P2,heavy_imports,HEAVY_TOP_LEVEL_IMPORT,features/nlp/models/sentiment_core.py,6,,from transformers import AutoModelForSequenceClassification,Top-level import of heavy optional dependency 'transformers'.,Lightweight CLI/tests/factories may import TensorFlow/PyTorch/HF/spaCy/yfinance even when not needed.,"Move optional heavy imports inside the function/class that needs them, or use a lazy class-path registry.",Add a test importing factory/config/CLI and assert heavy modules are not present in sys.modules.,high,143b97c88da1f27a
P2,heavy_imports,HEAVY_TOP_LEVEL_IMPORT,features/nlp/scoring/summarizer.py,5,,import torch,Top-level import of heavy optional dependency 'torch'.,Lightweight CLI/tests/factories may import TensorFlow/PyTorch/HF/spaCy/yfinance even when not needed.,"Move optional heavy imports inside the function/class that needs them, or use a lazy class-path registry.",Add a test importing factory/config/CLI and assert heavy modules are not present in sys.modules.,high,2e2ecabe750bfb19
P2,heavy_imports,HEAVY_TOP_LEVEL_IMPORT,features/nlp/scoring/summarizer.py,6,,"from transformers import pipeline, Pipeline",Top-level import of heavy optional dependency 'transformers'.,Lightweight CLI/tests/factories may import TensorFlow/PyTorch/HF/spaCy/yfinance even when not needed.,"Move optional heavy imports inside the function/class that needs them, or use a lazy class-path registry.",Add a test importing factory/config/CLI and assert heavy modules are not present in sys.modules.,high,bb437294d5f0b9b9
P2,heavy_imports,HEAVY_TOP_LEVEL_IMPORT,models/ensemble/enhanced_ensemble.py,9,,import torch,Top-level import of heavy optional dependency 'torch'.,Lightweight CLI/tests/factories may import TensorFlow/PyTorch/HF/spaCy/yfinance even when not needed.,"Move optional heavy imports inside the function/class that needs them, or use a lazy class-path registry.",Add a test importing factory/config/CLI and assert heavy modules are not present in sys.modules.,high,68f2dcfc8e58248c
P2,heavy_imports,HEAVY_TOP_LEVEL_IMPORT,models/loader.py,215,_load_keras_model,from tensorflow.keras.models import load_model,Top-level import of heavy optional dependency 'tensorflow.keras.models'.,Lightweight CLI/tests/factories may import TensorFlow/PyTorch/HF/spaCy/yfinance even when not needed.,"Move optional heavy imports inside the function/class that needs them, or use a lazy class-path registry.",Add a test importing factory/config/CLI and assert heavy modules are not present in sys.modules.,high,9777c9a43bd20b2a
P2,heavy_imports,HEAVY_TOP_LEVEL_IMPORT,models/loader.py,240,_try_standard_load,from tensorflow.keras.models import load_model,Top-level import of heavy optional dependency 'tensorflow.keras.models'.,Lightweight CLI/tests/factories may import TensorFlow/PyTorch/HF/spaCy/yfinance even when not needed.,"Move optional heavy imports inside the function/class that needs them, or use a lazy class-path registry.",Add a test importing factory/config/CLI and assert heavy modules are not present in sys.modules.,high,b3e517887118f398
P2,heavy_imports,HEAVY_TOP_LEVEL_IMPORT,models/loader.py,246,_try_safe_mode_load,import tensorflow as tf,Top-level import of heavy optional dependency 'tensorflow'.,Lightweight CLI/tests/factories may import TensorFlow/PyTorch/HF/spaCy/yfinance even when not needed.,"Move optional heavy imports inside the function/class that needs them, or use a lazy class-path registry.",Add a test importing factory/config/CLI and assert heavy modules are not present in sys.modules.,high,1564ffc937c5e1f4
P2,heavy_imports,HEAVY_TOP_LEVEL_IMPORT,models/loader.py,252,_try_minimal_load,from tensorflow.keras.models import load_model,Top-level import of heavy optional dependency 'tensorflow.keras.models'.,Lightweight CLI/tests/factories may import TensorFlow/PyTorch/HF/spaCy/yfinance even when not needed.,"Move optional heavy imports inside the function/class that needs them, or use a lazy class-path registry.",Add a test importing factory/config/CLI and assert heavy modules are not present in sys.modules.,high,ca6806c06471995b
P2,heavy_imports,HEAVY_TOP_LEVEL_IMPORT,models/loader.py,257,_create_fallback_model,import tensorflow as tf,Top-level import of heavy optional dependency 'tensorflow'.,Lightweight CLI/tests/factories may import TensorFlow/PyTorch/HF/spaCy/yfinance even when not needed.,"Move optional heavy imports inside the function/class that needs them, or use a lazy class-path registry.",Add a test importing factory/config/CLI and assert heavy modules are not present in sys.modules.,high,6a833e9b63175f84
P2,heavy_imports,HEAVY_TOP_LEVEL_IMPORT,models/loader.py,304,_load_torch_model,import torch,Top-level import of heavy optional dependency 'torch'.,Lightweight CLI/tests/factories may import TensorFlow/PyTorch/HF/spaCy/yfinance even when not needed.,"Move optional heavy imports inside the function/class that needs them, or use a lazy class-path registry.",Add a test importing factory/config/CLI and assert heavy modules are not present in sys.modules.,high,447abef9d015eafa
P2,heavy_imports,HEAVY_TOP_LEVEL_IMPORT,models/loader.py,347,_create_pytorch_model,import torch,Top-level import of heavy optional dependency 'torch'.,Lightweight CLI/tests/factories may import TensorFlow/PyTorch/HF/spaCy/yfinance even when not needed.,"Move optional heavy imports inside the function/class that needs them, or use a lazy class-path registry.",Add a test importing factory/config/CLI and assert heavy modules are not present in sys.modules.,high,094a691075fdb3db
P2,heavy_imports,HEAVY_TOP_LEVEL_IMPORT,models/loader.py,348,_create_pytorch_model,import torch.nn as nn,Top-level import of heavy optional dependency 'torch.nn'.,Lightweight CLI/tests/factories may import TensorFlow/PyTorch/HF/spaCy/yfinance even when not needed.,"Move optional heavy imports inside the function/class that needs them, or use a lazy class-path registry.",Add a test importing factory/config/CLI and assert heavy modules are not present in sys.modules.,high,396febc3bd85e277
P2,heavy_imports,HEAVY_TOP_LEVEL_IMPORT,models/loader.py,445,_wrap_pytorch_model,import torch,Top-level import of heavy optional dependency 'torch'.,Lightweight CLI/tests/factories may import TensorFlow/PyTorch/HF/spaCy/yfinance even when not needed.,"Move optional heavy imports inside the function/class that needs them, or use a lazy class-path registry.",Add a test importing factory/config/CLI and assert heavy modules are not present in sys.modules.,high,90365ce0a7156ee9
P2,heavy_imports,HEAVY_TOP_LEVEL_IMPORT,models/neural/autoencoder_model.py,4,,import tensorflow as tf,Top-level import of heavy optional dependency 'tensorflow'.,Lightweight CLI/tests/factories may import TensorFlow/PyTorch/HF/spaCy/yfinance even when not needed.,"Move optional heavy imports inside the function/class that needs them, or use a lazy class-path registry.",Add a test importing factory/config/CLI and assert heavy modules are not present in sys.modules.,high,1490f589af0248ec
P2,heavy_imports,HEAVY_TOP_LEVEL_IMPORT,models/neural/autoencoder_model.py,5,,"from tensorflow.keras import layers, models",Top-level import of heavy optional dependency 'tensorflow.keras'.,Lightweight CLI/tests/factories may import TensorFlow/PyTorch/HF/spaCy/yfinance even when not needed.,"Move optional heavy imports inside the function/class that needs them, or use a lazy class-path registry.",Add a test importing factory/config/CLI and assert heavy modules are not present in sys.modules.,high,6bc3a06d589d6717
P2,heavy_imports,HEAVY_TOP_LEVEL_IMPORT,models/neural/base_neural.py,7,,import tensorflow as tf,Top-level import of heavy optional dependency 'tensorflow'.,Lightweight CLI/tests/factories may import TensorFlow/PyTorch/HF/spaCy/yfinance even when not needed.,"Move optional heavy imports inside the function/class that needs them, or use a lazy class-path registry.",Add a test importing factory/config/CLI and assert heavy modules are not present in sys.modules.,high,1c4136cab7227dbb
P2,heavy_imports,HEAVY_TOP_LEVEL_IMPORT,models/neural/cnn_model.py,5,,import tensorflow as tf,Top-level import of heavy optional dependency 'tensorflow'.,Lightweight CLI/tests/factories may import TensorFlow/PyTorch/HF/spaCy/yfinance even when not needed.,"Move optional heavy imports inside the function/class that needs them, or use a lazy class-path registry.",Add a test importing factory/config/CLI and assert heavy modules are not present in sys.modules.,high,54af173cd3ec8ab4
P2,heavy_imports,HEAVY_TOP_LEVEL_IMPORT,models/neural/cnn_model.py,6,,from tensorflow.keras import Sequential,Top-level import of heavy optional dependency 'tensorflow.keras'.,Lightweight CLI/tests/factories may import TensorFlow/PyTorch/HF/spaCy/yfinance even when not needed.,"Move optional heavy imports inside the function/class that needs them, or use a lazy class-path registry.",Add a test importing factory/config/CLI and assert heavy modules are not present in sys.modules.,high,aed1539d19f86983
P2,heavy_imports,HEAVY_TOP_LEVEL_IMPORT,models/neural/cnn_model.py,7,,"from tensorflow.keras.layers import Input, Conv1D, MaxPooling1D, Flatten, Dense, Dropout",Top-level import of heavy optional dependency 'tensorflow.keras.layers'.,Lightweight CLI/tests/factories may import TensorFlow/PyTorch/HF/spaCy/yfinance even when not needed.,"Move optional heavy imports inside the function/class that needs them, or use a lazy class-path registry.",Add a test importing factory/config/CLI and assert heavy modules are not present in sys.modules.,high,cb8e3d91ffd0cc15
P2,heavy_imports,HEAVY_TOP_LEVEL_IMPORT,models/neural/gru_model.py,4,,import tensorflow as tf,Top-level import of heavy optional dependency 'tensorflow'.,Lightweight CLI/tests/factories may import TensorFlow/PyTorch/HF/spaCy/yfinance even when not needed.,"Move optional heavy imports inside the function/class that needs them, or use a lazy class-path registry.",Add a test importing factory/config/CLI and assert heavy modules are not present in sys.modules.,high,73c3b58ccc9b7d5b
P2,heavy_imports,HEAVY_TOP_LEVEL_IMPORT,models/neural/gru_model.py,5,,"from tensorflow.keras import layers, models",Top-level import of heavy optional dependency 'tensorflow.keras'.,Lightweight CLI/tests/factories may import TensorFlow/PyTorch/HF/spaCy/yfinance even when not needed.,"Move optional heavy imports inside the function/class that needs them, or use a lazy class-path registry.",Add a test importing factory/config/CLI and assert heavy modules are not present in sys.modules.,high,bbbea4222c8cd5a1
P2,heavy_imports,HEAVY_TOP_LEVEL_IMPORT,models/neural/lstm_model.py,4,,import tensorflow as tf,Top-level import of heavy optional dependency 'tensorflow'.,Lightweight CLI/tests/factories may import TensorFlow/PyTorch/HF/spaCy/yfinance even when not needed.,"Move optional heavy imports inside the function/class that needs them, or use a lazy class-path registry.",Add a test importing factory/config/CLI and assert heavy modules are not present in sys.modules.,high,63396fd58c9bedc1
P2,heavy_imports,HEAVY_TOP_LEVEL_IMPORT,models/neural/lstm_model.py,5,,"from tensorflow.keras import layers, models",Top-level import of heavy optional dependency 'tensorflow.keras'.,Lightweight CLI/tests/factories may import TensorFlow/PyTorch/HF/spaCy/yfinance even when not needed.,"Move optional heavy imports inside the function/class that needs them, or use a lazy class-path registry.",Add a test importing factory/config/CLI and assert heavy modules are not present in sys.modules.,high,049a79df6c431eb4
P2,heavy_imports,HEAVY_TOP_LEVEL_IMPORT,models/neural/mlp_model.py,4,,import tensorflow as tf,Top-level import of heavy optional dependency 'tensorflow'.,Lightweight CLI/tests/factories may import TensorFlow/PyTorch/HF/spaCy/yfinance even when not needed.,"Move optional heavy imports inside the function/class that needs them, or use a lazy class-path registry.",Add a test importing factory/config/CLI and assert heavy modules are not present in sys.modules.,high,55a1aded3c17f210
P2,heavy_imports,HEAVY_TOP_LEVEL_IMPORT,models/neural/mlp_model.py,5,,"from tensorflow.keras import layers, models",Top-level import of heavy optional dependency 'tensorflow.keras'.,Lightweight CLI/tests/factories may import TensorFlow/PyTorch/HF/spaCy/yfinance even when not needed.,"Move optional heavy imports inside the function/class that needs them, or use a lazy class-path registry.",Add a test importing factory/config/CLI and assert heavy modules are not present in sys.modules.,high,a5389b50dd3a5fbd
P2,heavy_imports,HEAVY_TOP_LEVEL_IMPORT,models/neural/transformer_model.py,128,_fit_tensorflow_transformer,from tensorflow.keras.optimizers import Adam,Top-level import of heavy optional dependency 'tensorflow.keras.optimizers'.,Lightweight CLI/tests/factories may import TensorFlow/PyTorch/HF/spaCy/yfinance even when not needed.,"Move optional heavy imports inside the function/class that needs them, or use a lazy class-path registry.",Add a test importing factory/config/CLI and assert heavy modules are not present in sys.modules.,high,4651938d38776e06
P2,heavy_imports,HEAVY_TOP_LEVEL_IMPORT,models/neural/transformer_model.py,168,_create_transformer_model,import tensorflow as tf,Top-level import of heavy optional dependency 'tensorflow'.,Lightweight CLI/tests/factories may import TensorFlow/PyTorch/HF/spaCy/yfinance even when not needed.,"Move optional heavy imports inside the function/class that needs them, or use a lazy class-path registry.",Add a test importing factory/config/CLI and assert heavy modules are not present in sys.modules.,high,30dfd0cc8041908b
P2,heavy_imports,HEAVY_TOP_LEVEL_IMPORT,predictions/deep_predict.py,4,,import torch,Top-level import of heavy optional dependency 'torch'.,Lightweight CLI/tests/factories may import TensorFlow/PyTorch/HF/spaCy/yfinance even when not needed.,"Move optional heavy imports inside the function/class that needs them, or use a lazy class-path registry.",Add a test importing factory/config/CLI and assert heavy modules are not present in sys.modules.,high,52e7fb5ba1681c83
P2,heavy_imports,HEAVY_TOP_LEVEL_IMPORT,sentiment/sentiment_models.py,26,get_finbert_pipeline,import torch,Top-level import of heavy optional dependency 'torch'.,Lightweight CLI/tests/factories may import TensorFlow/PyTorch/HF/spaCy/yfinance even when not needed.,"Move optional heavy imports inside the function/class that needs them, or use a lazy class-path registry.",Add a test importing factory/config/CLI and assert heavy modules are not present in sys.modules.,high,2a57932ee921195d
P2,heavy_imports,HEAVY_TOP_LEVEL_IMPORT,sentiment/sentiment_models.py,27,get_finbert_pipeline,"from transformers import AutoTokenizer, AutoModelForSequenceClassification, pipeline",Top-level import of heavy optional dependency 'transformers'.,Lightweight CLI/tests/factories may import TensorFlow/PyTorch/HF/spaCy/yfinance even when not needed.,"Move optional heavy imports inside the function/class that needs them, or use a lazy class-path registry.",Add a test importing factory/config/CLI and assert heavy modules are not present in sys.modules.,high,61a8ab7c6a95757d
P2,heavy_imports,HEAVY_TOP_LEVEL_IMPORT,utils/checkpoint_manager.py,50,load_checkpoint,import torch,Top-level import of heavy optional dependency 'torch'.,Lightweight CLI/tests/factories may import TensorFlow/PyTorch/HF/spaCy/yfinance even when not needed.,"Move optional heavy imports inside the function/class that needs them, or use a lazy class-path registry.",Add a test importing factory/config/CLI and assert heavy modules are not present in sys.modules.,high,ab9f380acb42f0a7
P2,heavy_imports,HEAVY_TOP_LEVEL_IMPORT,utils/trading_calendar.py,5,,import yfinance as yf,Top-level import of heavy optional dependency 'yfinance'.,Lightweight CLI/tests/factories may import TensorFlow/PyTorch/HF/spaCy/yfinance even when not needed.,"Move optional heavy imports inside the function/class that needs them, or use a lazy class-path registry.",Add a test importing factory/config/CLI and assert heavy modules are not present in sys.modules.,high,125c830abc56d082
P2,security,FILE_READ_NEEDS_PATH_VALIDATION,cli/pipeline_data_loader.py,19,load_parquet_from_path,df = pd.read_parquet(path),File read detected in config/data loading path.,User/config-controlled paths need resolve()+allowed-base validation to prevent traversal or wrong-file reads.,Route all config paths through a single PathSecurityValidator before reading.,Test that '../secret.env' and absolute paths outside allowed base are rejected.,medium,d18912a593889d06
P2,security,ENV_LOADING_REVIEW,colab/__init__.py,16,,from .environment import ColabEnvironment,.env loading/search path detected.,Loose .env search paths can load the wrong secrets; file values may override real environment unexpectedly.,Make search paths explicit per environment and keep os.environ priority unless override=True.,Test that parent/home .env is not loaded in production/test mode.,medium,0aa5a2c075f5736c
P2,security,FILE_READ_NEEDS_PATH_VALIDATION,colab/config/config_loader.py,136,_load_config_file,"with open(config_path, 'r') as f:",File read detected in config/data loading path.,User/config-controlled paths need resolve()+allowed-base validation to prevent traversal or wrong-file reads.,Route all config paths through a single PathSecurityValidator before reading.,Test that '../secret.env' and absolute paths outside allowed base are rejected.,medium,320836a3a9dd5dfa
P2,security,FILE_READ_NEEDS_PATH_VALIDATION,config/tickers.py,382,export_tickers_to_json,"with open(filepath, 'w') as f:",File read detected in config/data loading path.,User/config-controlled paths need resolve()+allowed-base validation to prevent traversal or wrong-file reads.,Route all config paths through a single PathSecurityValidator before reading.,Test that '../secret.env' and absolute paths outside allowed base are rejected.,medium,70dd0b6147cfeb98
P2,security,ENV_LOADING_REVIEW,config/unified_config_manager.py,90,,self.env = env,.env loading/search path detected.,Loose .env search paths can load the wrong secrets; file values may override real environment unexpectedly.,Make search paths explicit per environment and keep os.environ priority unless override=True.,Test that parent/home .env is not loaded in production/test mode.,medium,514687468db60074
P2,security,ENV_LOADING_REVIEW,config/unified_config_manager.py,118,,"logger.info(f""UnifiedConfigManager initialized for '{self.env.value}' environment."")",.env loading/search path detected.,Loose .env search paths can load the wrong secrets; file values may override real environment unexpectedly.,Make search paths explicit per environment and keep os.environ priority unless override=True.,Test that parent/home .env is not loaded in production/test mode.,medium,96562bd41de2952e
P2,security,FILE_READ_NEEDS_PATH_VALIDATION,core/file_management/file_manager.py,67,write_task,"with open(p, 'w', encoding='utf-8') as f:",File read detected in config/data loading path.,User/config-controlled paths need resolve()+allowed-base validation to prevent traversal or wrong-file reads.,Route all config paths through a single PathSecurityValidator before reading.,Test that '../secret.env' and absolute paths outside allowed base are rejected.,medium,bb4f631db160b3b4
P2,security,FILE_READ_NEEDS_PATH_VALIDATION,core/file_management/file_manager.py,72,validate_task,"with open(p, encoding='utf-8') as f:",File read detected in config/data loading path.,User/config-controlled paths need resolve()+allowed-base validation to prevent traversal or wrong-file reads.,Route all config paths through a single PathSecurityValidator before reading.,Test that '../secret.env' and absolute paths outside allowed base are rejected.,medium,8b97ae39c57a8b34
P2,security,FILE_READ_NEEDS_PATH_VALIDATION,core/file_management/file_manager.py,91,load_yaml,"with open(path, encoding='utf-8') as f:",File read detected in config/data loading path.,User/config-controlled paths need resolve()+allowed-base validation to prevent traversal or wrong-file reads.,Route all config paths through a single PathSecurityValidator before reading.,Test that '../secret.env' and absolute paths outside allowed base are rejected.,medium,f4cf65c6850beb9f
P2,security,FILE_READ_NEEDS_PATH_VALIDATION,core/file_management/file_manager.py,107,write_task,"with open(p, 'w', encoding='utf-8') as f:",File read detected in config/data loading path.,User/config-controlled paths need resolve()+allowed-base validation to prevent traversal or wrong-file reads.,Route all config paths through a single PathSecurityValidator before reading.,Test that '../secret.env' and absolute paths outside allowed base are rejected.,medium,cd93fcdf33237406
P2,security,FILE_READ_NEEDS_PATH_VALIDATION,core/file_management/file_manager.py,112,validate_task,"with open(p, encoding='utf-8') as f:",File read detected in config/data loading path.,User/config-controlled paths need resolve()+allowed-base validation to prevent traversal or wrong-file reads.,Route all config paths through a single PathSecurityValidator before reading.,Test that '../secret.env' and absolute paths outside allowed base are rejected.,medium,2e0fbf1ec260e0ff
P2,security,FILE_READ_NEEDS_PATH_VALIDATION,core/file_management/file_manager.py,131,load_json,"with open(path, encoding='utf-8') as f:",File read detected in config/data loading path.,User/config-controlled paths need resolve()+allowed-base validation to prevent traversal or wrong-file reads.,Route all config paths through a single PathSecurityValidator before reading.,Test that '../secret.env' and absolute paths outside allowed base are rejected.,medium,44b90f9fd5b68d75
P2,security,FILE_READ_NEEDS_PATH_VALIDATION,core/file_management/file_manager.py,177,validate_task,"pd.read_parquet(p, columns=[df_to_save.columns[0]])",File read detected in config/data loading path.,User/config-controlled paths need resolve()+allowed-base validation to prevent traversal or wrong-file reads.,Route all config paths through a single PathSecurityValidator before reading.,Test that '../secret.env' and absolute paths outside allowed base are rejected.,medium,72564212c5fdffe8
P2,security,FILE_READ_NEEDS_PATH_VALIDATION,core/file_management/file_manager.py,179,validate_task,"pd.read_csv(p, nrows=1)",File read detected in config/data loading path.,User/config-controlled paths need resolve()+allowed-base validation to prevent traversal or wrong-file reads.,Route all config paths through a single PathSecurityValidator before reading.,Test that '../secret.env' and absolute paths outside allowed base are rejected.,medium,3bf4ca32fa723dd2
P2,security,FILE_READ_NEEDS_PATH_VALIDATION,core/file_management/file_manager.py,181,validate_task,"pd.read_json(p, nrows=1)",File read detected in config/data loading path.,User/config-controlled paths need resolve()+allowed-base validation to prevent traversal or wrong-file reads.,Route all config paths through a single PathSecurityValidator before reading.,Test that '../secret.env' and absolute paths outside allowed base are rejected.,medium,6a9284ad30a6f77d
P2,security,FILE_READ_NEEDS_PATH_VALIDATION,core/file_management/file_manager.py,203,load_dataframe,"df = pd.read_parquet(path, **kwargs)",File read detected in config/data loading path.,User/config-controlled paths need resolve()+allowed-base validation to prevent traversal or wrong-file reads.,Route all config paths through a single PathSecurityValidator before reading.,Test that '../secret.env' and absolute paths outside allowed base are rejected.,medium,80f637fdcffcdebd
P2,security,FILE_READ_NEEDS_PATH_VALIDATION,core/file_management/file_manager.py,205,load_dataframe,"df = pd.read_csv(path, **kwargs)",File read detected in config/data loading path.,User/config-controlled paths need resolve()+allowed-base validation to prevent traversal or wrong-file reads.,Route all config paths through a single PathSecurityValidator before reading.,Test that '../secret.env' and absolute paths outside allowed base are rejected.,medium,aae90496e8c74fcb
P2,security,FILE_READ_NEEDS_PATH_VALIDATION,core/file_management/file_manager.py,207,load_dataframe,"df = pd.read_json(path, **kwargs)",File read detected in config/data loading path.,User/config-controlled paths need resolve()+allowed-base validation to prevent traversal or wrong-file reads.,Route all config paths through a single PathSecurityValidator before reading.,Test that '../secret.env' and absolute paths outside allowed base are rejected.,medium,164c648575a46171
P2,security,ENV_LOADING_REVIEW,core/security/secure_secrets_manager.py,43,,"configured_paths = config.get('security.env_search_paths', [])",.env loading/search path detected.,Loose .env search paths can load the wrong secrets; file values may override real environment unexpectedly.,Make search paths explicit per environment and keep os.environ priority unless override=True.,Test that parent/home .env is not loaded in production/test mode.,medium,79c1ab5e7e133ab8
P2,security,ENV_LOADING_REVIEW,core/security/secure_secrets_manager.py,49,,def load_dotenv(dotenv_path: str = '.env'):,.env loading/search path detected.,Loose .env search paths can load the wrong secrets; file values may override real environment unexpectedly.,Make search paths explicit per environment and keep os.environ priority unless override=True.,Test that parent/home .env is not loaded in production/test mode.,medium,f8471fa95d0beca7
P2,security,ENV_LOADING_REVIEW,core/security/secure_secrets_manager.py,51,,Manually parses a .env file and injects keys into os.environ.,.env loading/search path detected.,Loose .env search paths can load the wrong secrets; file values may override real environment unexpectedly.,Make search paths explicit per environment and keep os.environ priority unless override=True.,Test that parent/home .env is not loaded in production/test mode.,medium,19a79b212204e1af
P2,security,ENV_LOADING_REVIEW,core/security/secure_secrets_manager.py,55,,1. Specified parameter path (default: .env),.env loading/search path detected.,Loose .env search paths can load the wrong secrets; file values may override real environment unexpectedly.,Make search paths explicit per environment and keep os.environ priority unless override=True.,Test that parent/home .env is not loaded in production/test mode.,medium,297213f78ff8bfa2
P2,security,ENV_LOADING_REVIEW,core/security/secure_secrets_manager.py,67,,# Hierarchical list of potential .env locations,.env loading/search path detected.,Loose .env search paths can load the wrong secrets; file values may override real environment unexpectedly.,Make search paths explicit per environment and keep os.environ priority unless override=True.,Test that parent/home .env is not loaded in production/test mode.,medium,eedd663b12847c9f
P2,security,ENV_LOADING_REVIEW,core/security/secure_secrets_manager.py,78,,"'/content/drive/MyDrive/trading_project/.env',",.env loading/search path detected.,Loose .env search paths can load the wrong secrets; file values may override real environment unexpectedly.,Make search paths explicit per environment and keep os.environ priority unless override=True.,Test that parent/home .env is not loaded in production/test mode.,medium,e20d861f161ece38
P2,security,ENV_LOADING_REVIEW,core/security/secure_secrets_manager.py,79,,"'/content/drive/MyDrive/.env',",.env loading/search path detected.,Loose .env search paths can load the wrong secrets; file values may override real environment unexpectedly.,Make search paths explicit per environment and keep os.environ priority unless override=True.,Test that parent/home .env is not loaded in production/test mode.,medium,eac53096cab7b628
P2,security,ENV_LOADING_REVIEW,core/security/secure_secrets_manager.py,80,,"'/content/.env',",.env loading/search path detected.,Loose .env search paths can load the wrong secrets; file values may override real environment unexpectedly.,Make search paths explicit per environment and keep os.environ priority unless override=True.,Test that parent/home .env is not loaded in production/test mode.,medium,30170ca3fa3cf482
P2,security,ENV_LOADING_REVIEW,core/security/secure_secrets_manager.py,81,,"'../.env',",.env loading/search path detected.,Loose .env search paths can load the wrong secrets; file values may override real environment unexpectedly.,Make search paths explicit per environment and keep os.environ priority unless override=True.,Test that parent/home .env is not loaded in production/test mode.,medium,1de37818b322e5d6
P2,security,ENV_LOADING_REVIEW,core/security/secure_secrets_manager.py,82,,"Path.home() / '.env',",.env loading/search path detected.,Loose .env search paths can load the wrong secrets; file values may override real environment unexpectedly.,Make search paths explicit per environment and keep os.environ priority unless override=True.,Test that parent/home .env is not loaded in production/test mode.,medium,6941e5bc5fed8725
P2,security,ENV_LOADING_REVIEW,core/security/secure_secrets_manager.py,94,,"f""No .env configuration file found across search vectors: {search_paths}. Utilizing existing environment variables.""",.env loading/search path detected.,Loose .env search paths can load the wrong secrets; file values may override real environment unexpectedly.,Make search paths explicit per environment and keep os.environ priority unless override=True.,Test that parent/home .env is not loaded in production/test mode.,medium,32e8bb92663a64f7
P2,security,FILE_READ_NEEDS_PATH_VALIDATION,core/security/secure_secrets_manager.py,100,load_dotenv,"with open(found_path, encoding=""utf-8"") as f:",File read detected in config/data loading path.,User/config-controlled paths need resolve()+allowed-base validation to prevent traversal or wrong-file reads.,Route all config paths through a single PathSecurityValidator before reading.,Test that '../secret.env' and absolute paths outside allowed base are rejected.,medium,4d5a7c5eb9c8439a
P2,security,ENV_LOADING_REVIEW,core/security/secure_secrets_manager.py,112,,os.environ[key] = value,.env loading/search path detected.,Loose .env search paths can load the wrong secrets; file values may override real environment unexpectedly.,Make search paths explicit per environment and keep os.environ priority unless override=True.,Test that parent/home .env is not loaded in production/test mode.,medium,b6b3b1117bbb5a3a
P2,security,ENV_LOADING_REVIEW,core/security/secure_secrets_manager.py,133,,"def __init__(self, dotenv_path: str = "".env"", encrypted_path: str = "".env.enc""):",.env loading/search path detected.,Loose .env search paths can load the wrong secrets; file values may override real environment unexpectedly.,Make search paths explicit per environment and keep os.environ priority unless override=True.,Test that parent/home .env is not loaded in production/test mode.,medium,254f572ae0ea6fa0
P2,security,ENV_LOADING_REVIEW,core/security/secure_secrets_manager.py,137,,self.dotenv_keys = load_dotenv(dotenv_path),.env loading/search path detected.,Loose .env search paths can load the wrong secrets; file values may override real environment unexpectedly.,Make search paths explicit per environment and keep os.environ priority unless override=True.,Test that parent/home .env is not loaded in production/test mode.,medium,76963a162f936fa1
P2,security,FILE_READ_NEEDS_PATH_VALIDATION,core/security/secure_secrets_manager.py,162,_load_encrypted_secrets,"with open(path, 'rb') as f:",File read detected in config/data loading path.,User/config-controlled paths need resolve()+allowed-base validation to prevent traversal or wrong-file reads.,Route all config paths through a single PathSecurityValidator before reading.,Test that '../secret.env' and absolute paths outside allowed base are rejected.,medium,fb8a06a1c2e74de5
P2,security,ENV_LOADING_REVIEW,core/security/secure_secrets_manager.py,173,,os.environ[key] = value,.env loading/search path detected.,Loose .env search paths can load the wrong secrets; file values may override real environment unexpectedly.,Make search paths explicit per environment and keep os.environ priority unless override=True.,Test that parent/home .env is not loaded in production/test mode.,medium,27ce2634fba7c78c
P2,security,ENV_LOADING_REVIEW,core/security/secure_secrets_manager.py,182,,"def encrypt_secrets(self, secrets: dict[str, str], output_path: str = "".env.enc""):",.env loading/search path detected.,Loose .env search paths can load the wrong secrets; file values may override real environment unexpectedly.,Make search paths explicit per environment and keep os.environ priority unless override=True.,Test that parent/home .env is not loaded in production/test mode.,medium,0207868d77cb009e
P2,security,FILE_READ_NEEDS_PATH_VALIDATION,core/security/secure_secrets_manager.py,206,encrypt_secrets,"with open(output_path, 'wb') as f:",File read detected in config/data loading path.,User/config-controlled paths need resolve()+allowed-base validation to prevent traversal or wrong-file reads.,Route all config paths through a single PathSecurityValidator before reading.,Test that '../secret.env' and absolute paths outside allowed base are rejected.,medium,6a1c717ace1247e5
P2,security,ENV_LOADING_REVIEW,core/security/secure_secrets_manager.py,236,,Hierarchy: os.environ -> Local Cache.,.env loading/search path detected.,Loose .env search paths can load the wrong secrets; file values may override real environment unexpectedly.,Make search paths explicit per environment and keep os.environ priority unless override=True.,Test that parent/home .env is not loaded in production/test mode.,medium,70de20762cfb4127
P2,security,ENV_LOADING_REVIEW,core/security/secure_secrets_manager.py,270,,"for key, value in os.environ.items():",.env loading/search path detected.,Loose .env search paths can load the wrong secrets; file values may override real environment unexpectedly.,Make search paths explicit per environment and keep os.environ priority unless override=True.,Test that parent/home .env is not loaded in production/test mode.,medium,cbf146c530d453ab
P2,security,FILE_READ_NEEDS_PATH_VALIDATION,data/collectors/custom_csv_collector.py,55,_read_csv_sync,"with open(file_path, mode='r', encoding=encoding) as infile:",File read detected in config/data loading path.,User/config-controlled paths need resolve()+allowed-base validation to prevent traversal or wrong-file reads.,Route all config paths through a single PathSecurityValidator before reading.,Test that '../secret.env' and absolute paths outside allowed base are rejected.,medium,e2ffd68bf2a6aac2
P2,security,FILE_READ_NEEDS_PATH_VALIDATION,data/data_loader.py,40,load_data,self.features_df = pd.read_parquet(features_file),File read detected in config/data loading path.,User/config-controlled paths need resolve()+allowed-base validation to prevent traversal or wrong-file reads.,Route all config paths through a single PathSecurityValidator before reading.,Test that '../secret.env' and absolute paths outside allowed base are rejected.,medium,b032c9fac7cd90c6
P2,security,FILE_READ_NEEDS_PATH_VALIDATION,data/data_loader.py,41,load_data,self.targets_df = pd.read_parquet(targets_file),File read detected in config/data loading path.,User/config-controlled paths need resolve()+allowed-base validation to prevent traversal or wrong-file reads.,Route all config paths through a single PathSecurityValidator before reading.,Test that '../secret.env' and absolute paths outside allowed base are rejected.,medium,d83e2934f50fa45c
P2,security,FILE_READ_NEEDS_PATH_VALIDATION,data/data_loader.py,60,check_cache,"with open(cache_file, 'r') as f:",File read detected in config/data loading path.,User/config-controlled paths need resolve()+allowed-base validation to prevent traversal or wrong-file reads.,Route all config paths through a single PathSecurityValidator before reading.,Test that '../secret.env' and absolute paths outside allowed base are rejected.,medium,db506d7b4dd9ad96
P2,security,FILE_READ_NEEDS_PATH_VALIDATION,data/data_loader.py,74,save_cache_signature,"with open(cache_file, 'w') as f:",File read detected in config/data loading path.,User/config-controlled paths need resolve()+allowed-base validation to prevent traversal or wrong-file reads.,Route all config paths through a single PathSecurityValidator before reading.,Test that '../secret.env' and absolute paths outside allowed base are rejected.,medium,b2f0f4ac294be2b4
P2,security,FILE_READ_NEEDS_PATH_VALIDATION,data_sources/local_file_data_source.py,35,load,df = pd.read_csv(file_path),File read detected in config/data loading path.,User/config-controlled paths need resolve()+allowed-base validation to prevent traversal or wrong-file reads.,Route all config paths through a single PathSecurityValidator before reading.,Test that '../secret.env' and absolute paths outside allowed base are rejected.,medium,8219cd8161739857
P2,security,FILE_READ_NEEDS_PATH_VALIDATION,data_sources/local_file_data_source.py,37,load,df = pd.read_parquet(file_path),File read detected in config/data loading path.,User/config-controlled paths need resolve()+allowed-base validation to prevent traversal or wrong-file reads.,Route all config paths through a single PathSecurityValidator before reading.,Test that '../secret.env' and absolute paths outside allowed base are rejected.,medium,32d30217b6896482
P2,security,ENV_LOADING_REVIEW,integrations/data/bigquery_client.py,37,,"self.use_simulator = os.environ.get('BIGQUERY_SIMULATOR_MODE', 'false'",.env loading/search path detected.,Loose .env search paths can load the wrong secrets; file values may override real environment unexpectedly.,Make search paths explicit per environment and keep os.environ priority unless override=True.,Test that parent/home .env is not loaded in production/test mode.,medium,15da8b6f0f6400f1
P2,security,ENV_LOADING_REVIEW,integrations/data/bigquery_client.py,205,,gcp_project_id = os.environ.get('GCP_PROJECT_ID'),.env loading/search path detected.,Loose .env search paths can load the wrong secrets; file values may override real environment unexpectedly.,Make search paths explicit per environment and keep os.environ priority unless override=True.,Test that parent/home .env is not loaded in production/test mode.,medium,30253211b8d9418f
P2,security,FILE_READ_NEEDS_PATH_VALIDATION,meta_learning/security/agent_permissions.py,526,_save_audit_log,"with open(audit_file, 'w') as f:",File read detected in config/data loading path.,User/config-controlled paths need resolve()+allowed-base validation to prevent traversal or wrong-file reads.,Route all config paths through a single PathSecurityValidator before reading.,Test that '../secret.env' and absolute paths outside allowed base are rejected.,medium,0d4ba8c24553c009
P2,security,FILE_READ_NEEDS_PATH_VALIDATION,models/loader.py,204,_load_pickle,"with open(path, 'rb') as f:",File read detected in config/data loading path.,User/config-controlled paths need resolve()+allowed-base validation to prevent traversal or wrong-file reads.,Route all config paths through a single PathSecurityValidator before reading.,Test that '../secret.env' and absolute paths outside allowed base are rejected.,medium,be7edbe3568e9cad
P2,security,ENV_LOADING_REVIEW,models/neural/base_neural.py,34,,os.environ['PYTHONHASHSEED'] = str(self.random_state),.env loading/search path detected.,Loose .env search paths can load the wrong secrets; file values may override real environment unexpectedly.,Make search paths explicit per environment and keep os.environ priority unless override=True.,Test that parent/home .env is not loaded in production/test mode.,medium,b457ba2e1b7dadb5
P2,security,FILE_READ_NEEDS_PATH_VALIDATION,monitoring/config.py,31,load_config,"with open(self.config_file, 'r', encoding='utf-8') as f:",File read detected in config/data loading path.,User/config-controlled paths need resolve()+allowed-base validation to prevent traversal or wrong-file reads.,Route all config paths through a single PathSecurityValidator before reading.,Test that '../secret.env' and absolute paths outside allowed base are rejected.,medium,242512b51c570958
P2,security,FILE_READ_NEEDS_PATH_VALIDATION,monitoring/config.py,50,save_config,"with open(self.config_file, 'w', encoding='utf-8') as f:",File read detected in config/data loading path.,User/config-controlled paths need resolve()+allowed-base validation to prevent traversal or wrong-file reads.,Route all config paths through a single PathSecurityValidator before reading.,Test that '../secret.env' and absolute paths outside allowed base are rejected.,medium,aa529cfc33600300
P2,security,ENV_LOADING_REVIEW,monitoring/config.py,175,,"create_config_file(args.create_config, args.environment)",.env loading/search path detected.,Loose .env search paths can load the wrong secrets; file values may override real environment unexpectedly.,Make search paths explicit per environment and keep os.environ priority unless override=True.,Test that parent/home .env is not loaded in production/test mode.,medium,a57a36717a29ea5c
P2,security,FILE_READ_NEEDS_PATH_VALIDATION,optimization/dynamic_config_updater.py,166,save_adjustment_log,"with open(filepath, 'w') as f:",File read detected in config/data loading path.,User/config-controlled paths need resolve()+allowed-base validation to prevent traversal or wrong-file reads.,Route all config paths through a single PathSecurityValidator before reading.,Test that '../secret.env' and absolute paths outside allowed base are rejected.,medium,f136b8cf836bb874
P2,security,FILE_READ_NEEDS_PATH_VALIDATION,pipeline/hybrid/feature_loader.py,30,load_async,"async with aiofiles.open(candidate, encoding=""utf-8"") as f:",File read detected in config/data loading path.,User/config-controlled paths need resolve()+allowed-base validation to prevent traversal or wrong-file reads.,Route all config paths through a single PathSecurityValidator before reading.,Test that '../secret.env' and absolute paths outside allowed base are rejected.,medium,a38477cfb18e62a8
P2,security,FILE_READ_NEEDS_PATH_VALIDATION,pipeline/hybrid/feature_loader.py,46,load_sync,"with open(candidate, encoding=""utf-8"") as f:",File read detected in config/data loading path.,User/config-controlled paths need resolve()+allowed-base validation to prevent traversal or wrong-file reads.,Route all config paths through a single PathSecurityValidator before reading.,Test that '../secret.env' and absolute paths outside allowed base are rejected.,medium,23d70a0f01c5dcb4
P2,security,ENV_LOADING_REVIEW,sentiment/sentiment_models.py,33,,"os.environ.setdefault('HF_HUB_DOWNLOAD_TIMEOUT', '300')  # 5 minutes",.env loading/search path detected.,Loose .env search paths can load the wrong secrets; file values may override real environment unexpectedly.,Make search paths explicit per environment and keep os.environ priority unless override=True.,Test that parent/home .env is not loaded in production/test mode.,medium,eb6aeb40e2ce3e4c
P2,splits,RANDOM_TRAIN_TEST_SPLIT,calibration/calibration_engine.py,208,evaluate_hyperparameters,"X_train, X_val, y_train, y_val = train_test_split(X, y, test_size=0.2, shuffle=False)",train_test_split(shuffle=False) detected.,"While chronological, this split lacks a 'purge gap' >= target horizon, which may lead to leakage if observations overlap.",Use chronological or purged time split with gap >= max target horizon.,Assert train max timestamp < validation min timestamp and purge gap >= target horizon.,high,c85e989794e8a73e
P2,splits,RANDOM_TRAIN_TEST_SPLIT,monitoring/ml_analytics.py,254,train_problem_predictor,"X_train, X_test, y_train, y_test = train_test_split(features_df,",train_test_split(shuffle=False) detected.,"While chronological, this split lacks a 'purge gap' >= target horizon, which may lead to leakage if observations overlap.",Use chronological or purged time split with gap >= max target horizon.,Assert train max timestamp < validation min timestamp and purge gap >= target horizon.,high,91c7e9a8d53eaeec
P2,splits,RANDOM_TRAIN_TEST_SPLIT,training/portfolio_optimizer.py,202,_train_global_model,"X_train, X_test, y_train, y_test = train_test_split(X, y, test_size=0.2, shuffle=False)",train_test_split(shuffle=False) detected.,"While chronological, this split lacks a 'purge gap' >= target horizon, which may lead to leakage if observations overlap.",Use chronological or purged time split with gap >= max target horizon.,Assert train max timestamp < validation min timestamp and purge gap >= target horizon.,high,367c94a231519f83
P2,splits,RANDOM_TRAIN_TEST_SPLIT,training/portfolio_optimizer.py,240,_train_local_model,"X_train, X_test, y_train, y_test = train_test_split(X, y, test_size=0.2, shuffle=False)",train_test_split(shuffle=False) detected.,"While chronological, this split lacks a 'purge gap' >= target horizon, which may lead to leakage if observations overlap.",Use chronological or purged time split with gap >= max target horizon.,Assert train max timestamp < validation min timestamp and purge gap >= target horizon.,high,30972a7e23f933bb
P3,architecture,GOD_CLASS_REVIEW,algorithms/risk_parity_allocator.py,32,,class RiskParityAllocator:,Class 'RiskParityAllocator' has 35 methods.,God classes hide responsibilities and make fatal/non-fatal error policy hard to enforce.,"Before splitting, add characterization tests; then extract cohesive services by responsibility.",Test public behavior of the class before extraction.,high,e8e8bff3c5f1a79f
P3,architecture,GOD_CLASS_REVIEW,analytics/context/market_context_analyzer.py,10,,class MarketContextAnalyzer(IAnalyzer):,Class 'MarketContextAnalyzer' has 40 methods.,God classes hide responsibilities and make fatal/non-fatal error policy hard to enforce.,"Before splitting, add characterization tests; then extract cohesive services by responsibility.",Test public behavior of the class before extraction.,high,6d59651fefeebf9e
P3,architecture,GOD_CLASS_REVIEW,config/unified_config_manager.py,76,,class UnifiedConfigManager:,Class 'UnifiedConfigManager' has 37 methods.,God classes hide responsibilities and make fatal/non-fatal error policy hard to enforce.,"Before splitting, add characterization tests; then extract cohesive services by responsibility.",Test public behavior of the class before extraction.,high,77406e04372b830f
P3,architecture,GOD_CLASS_REVIEW,data/management/data_manager.py,53,,class DataManager(IDatabaseManager):,Class 'DataManager' has 30 methods.,God classes hide responsibilities and make fatal/non-fatal error policy hard to enforce.,"Before splitting, add characterization tests; then extract cohesive services by responsibility.",Test public behavior of the class before extraction.,high,2e30f876ed9004d6
P3,architecture,GOD_CLASS_REVIEW,meta_learning/security/constraint_engine.py,60,,class SecurityConstraintEngine:,Class 'SecurityConstraintEngine' has 29 methods.,God classes hide responsibilities and make fatal/non-fatal error policy hard to enforce.,"Before splitting, add characterization tests; then extract cohesive services by responsibility.",Test public behavior of the class before extraction.,high,e9b4b526a6f86f4b
P3,architecture,GOD_CLASS_REVIEW,optimization/portfolio/optimizer.py,29,,class PortfolioOptimizer(BaseOptimizer):,Class 'PortfolioOptimizer' has 27 methods.,God classes hide responsibilities and make fatal/non-fatal error policy hard to enforce.,"Before splitting, add characterization tests; then extract cohesive services by responsibility.",Test public behavior of the class before extraction.,high,b3c1fa171ec81d53
P3,architecture,GOD_CLASS_REVIEW,pipeline/hybrid/orchestrator_context.py,6,,class OrchestratorContext:,Class 'OrchestratorContext' has 28 methods.,God classes hide responsibilities and make fatal/non-fatal error policy hard to enforce.,"Before splitting, add characterization tests; then extract cohesive services by responsibility.",Test public behavior of the class before extraction.,high,3ea0e6bd715d9af9
P3,architecture,GOD_CLASS_REVIEW,pipeline/stages/trading/recommendation_engine.py,13,,class TradingRecommendationEngine:,Class 'TradingRecommendationEngine' has 27 methods.,God classes hide responsibilities and make fatal/non-fatal error policy hard to enforce.,"Before splitting, add characterization tests; then extract cohesive services by responsibility.",Test public behavior of the class before extraction.,high,f150746cd7ede3b9
P3,data_lineage,FEATURE_WITHOUT_LOCAL_LINEAGE_HINT,features/enrichers/advanced_analytics_enricher.py,84,,df_enriched = df.copy(),Feature/enricher code updates data without nearby lineage/availability metadata.,"Trading features need source, ticker/timeframe granularity, calculation window, and availability time.",Add feature manifest entries or emit lineage metadata from each enricher.,"Test that every emitted feature has source, window, granularity, availability_time, causal flag.",low,9feb0487c34fe196
P3,data_lineage,FEATURE_WITHOUT_LOCAL_LINEAGE_HINT,features/enrichers/advanced_analytics_enricher.py,141,,df_enriched['macro_composite_score'] = scores_df[,Feature/enricher code updates data without nearby lineage/availability metadata.,"Trading features need source, ticker/timeframe granularity, calculation window, and availability time.",Add feature manifest entries or emit lineage metadata from each enricher.,"Test that every emitted feature has source, window, granularity, availability_time, causal flag.",low,de462a83dbab7672
P3,data_lineage,FEATURE_WITHOUT_LOCAL_LINEAGE_HINT,features/enrichers/base.py,76,,"self.logger.debug(f""✅ {self.__class__.__name__} completed: {result.shape[1] - df.shape[1]} features added"")",Feature/enricher code updates data without nearby lineage/availability metadata.,"Trading features need source, ticker/timeframe granularity, calculation window, and availability time.",Add feature manifest entries or emit lineage metadata from each enricher.,"Test that every emitted feature has source, window, granularity, availability_time, causal flag.",low,d31aa1366c822a83
P3,data_lineage,FEATURE_WITHOUT_LOCAL_LINEAGE_HINT,features/enrichers/decay_features_enricher.py,63,,enriched_df = df.copy(),Feature/enricher code updates data without nearby lineage/availability metadata.,"Trading features need source, ticker/timeframe granularity, calculation window, and availability time.",Add feature manifest entries or emit lineage metadata from each enricher.,"Test that every emitted feature has source, window, granularity, availability_time, causal flag.",low,13bf691bb532c254
P3,data_lineage,FEATURE_WITHOUT_LOCAL_LINEAGE_HINT,features/enrichers/decay_features_enricher.py,113,,"enriched_df[f""{col}_decayed""] = decayed_values",Feature/enricher code updates data without nearby lineage/availability metadata.,"Trading features need source, ticker/timeframe granularity, calculation window, and availability time.",Add feature manifest entries or emit lineage metadata from each enricher.,"Test that every emitted feature has source, window, granularity, availability_time, causal flag.",low,013a0716191ffd46
P3,data_lineage,FEATURE_WITHOUT_LOCAL_LINEAGE_HINT,features/enrichers/derived_features_enricher.py,61,,df_enriched = df.copy(),Feature/enricher code updates data without nearby lineage/availability metadata.,"Trading features need source, ticker/timeframe granularity, calculation window, and availability time.",Add feature manifest entries or emit lineage metadata from each enricher.,"Test that every emitted feature has source, window, granularity, availability_time, causal flag.",low,97e957f8452e1653
P3,data_lineage,FEATURE_WITHOUT_LOCAL_LINEAGE_HINT,features/enrichers/derived_features_enricher.py,73,,"logger.info(f""Derived features enrichment complete. Added {len(df_enriched.columns) - len(df.columns)} features."")",Feature/enricher code updates data without nearby lineage/availability metadata.,"Trading features need source, ticker/timeframe granularity, calculation window, and availability time.",Add feature manifest entries or emit lineage metadata from each enricher.,"Test that every emitted feature has source, window, granularity, availability_time, causal flag.",low,69f3067c7798252b
P3,data_lineage,FEATURE_WITHOUT_LOCAL_LINEAGE_HINT,features/enrichers/hype_enricher.py,98,,"logger.error(f""No time column found in news data. Available columns: {news_df.columns.tolist()[:10]}. Skipping hype enrichment."")",Feature/enricher code updates data without nearby lineage/availability metadata.,"Trading features need source, ticker/timeframe granularity, calculation window, and availability time.",Add feature manifest entries or emit lineage metadata from each enricher.,"Test that every emitted feature has source, window, granularity, availability_time, causal flag.",low,dd2244b09268592f
P3,data_lineage,FEATURE_WITHOUT_LOCAL_LINEAGE_HINT,features/enrichers/hype_enricher.py,103,,df_enriched = df.copy(),Feature/enricher code updates data without nearby lineage/availability metadata.,"Trading features need source, ticker/timeframe granularity, calculation window, and availability time.",Add feature manifest entries or emit lineage metadata from each enricher.,"Test that every emitted feature has source, window, granularity, availability_time, causal flag.",low,165febdebf6f2b59
P3,data_lineage,FEATURE_WITHOUT_LOCAL_LINEAGE_HINT,features/enrichers/keyword_entity_enricher.py,115,,f'No time column found in news data. Available columns: {news_df.columns.tolist()[:10]}. Skipping keyword/entity enrichment.',Feature/enricher code updates data without nearby lineage/availability metadata.,"Trading features need source, ticker/timeframe granularity, calculation window, and availability time.",Add feature manifest entries or emit lineage metadata from each enricher.,"Test that every emitted feature has source, window, granularity, availability_time, causal flag.",low,9c0d1b0d38618dac
P3,data_lineage,FEATURE_WITHOUT_LOCAL_LINEAGE_HINT,features/enrichers/keyword_entity_enricher.py,180,,df_enriched = df.copy(),Feature/enricher code updates data without nearby lineage/availability metadata.,"Trading features need source, ticker/timeframe granularity, calculation window, and availability time.",Add feature manifest entries or emit lineage metadata from each enricher.,"Test that every emitted feature has source, window, granularity, availability_time, causal flag.",low,d77953f0bc0de10e
P3,data_lineage,FEATURE_WITHOUT_LOCAL_LINEAGE_HINT,features/enrichers/macro_features_enricher.py,280,,f'Macro features successfully added. Final shape: {df.shape}'),Feature/enricher code updates data without nearby lineage/availability metadata.,"Trading features need source, ticker/timeframe granularity, calculation window, and availability time.",Add feature manifest entries or emit lineage metadata from each enricher.,"Test that every emitted feature has source, window, granularity, availability_time, causal flag.",low,4dc8b9d64983bbd5
P3,data_lineage,FEATURE_WITHOUT_LOCAL_LINEAGE_HINT,features/enrichers/market_context_enricher.py,105,,result_df[col_name] = feature_value,Feature/enricher code updates data without nearby lineage/availability metadata.,"Trading features need source, ticker/timeframe granularity, calculation window, and availability time.",Add feature manifest entries or emit lineage metadata from each enricher.,"Test that every emitted feature has source, window, granularity, availability_time, causal flag.",low,7a7d1bb2c1e2b736
P3,data_lineage,FEATURE_WITHOUT_LOCAL_LINEAGE_HINT,features/enrichers/market_context_enricher.py,131,,result_df[col_name] = feature_value,Feature/enricher code updates data without nearby lineage/availability metadata.,"Trading features need source, ticker/timeframe granularity, calculation window, and availability time.",Add feature manifest entries or emit lineage metadata from each enricher.,"Test that every emitted feature has source, window, granularity, availability_time, causal flag.",low,4602869100630871
P3,data_lineage,FEATURE_WITHOUT_LOCAL_LINEAGE_HINT,features/enrichers/news_impact_enricher.py,59,,"logger.debug(f""📊 NewsImpactEnricher.enrich() called. DataFrame shape: {df.shape}"")",Feature/enricher code updates data without nearby lineage/availability metadata.,"Trading features need source, ticker/timeframe granularity, calculation window, and availability time.",Add feature manifest entries or emit lineage metadata from each enricher.,"Test that every emitted feature has source, window, granularity, availability_time, causal flag.",low,ec44969433c864a7
P3,data_lineage,FEATURE_WITHOUT_LOCAL_LINEAGE_HINT,features/enrichers/news_impact_enricher.py,96,,df_enriched = df.copy(),Feature/enricher code updates data without nearby lineage/availability metadata.,"Trading features need source, ticker/timeframe granularity, calculation window, and availability time.",Add feature manifest entries or emit lineage metadata from each enricher.,"Test that every emitted feature has source, window, granularity, availability_time, causal flag.",low,ab2ab092f928a93f
P3,data_lineage,FEATURE_WITHOUT_LOCAL_LINEAGE_HINT,features/enrichers/news_impact_enricher.py,208,,df_enriched = df.copy(),Feature/enricher code updates data without nearby lineage/availability metadata.,"Trading features need source, ticker/timeframe granularity, calculation window, and availability time.",Add feature manifest entries or emit lineage metadata from each enricher.,"Test that every emitted feature has source, window, granularity, availability_time, causal flag.",low,76f9d0953ade4422
P3,data_lineage,FEATURE_WITHOUT_LOCAL_LINEAGE_HINT,features/enrichers/news_impact_enricher.py,247,,df_enriched = df.copy(),Feature/enricher code updates data without nearby lineage/availability metadata.,"Trading features need source, ticker/timeframe granularity, calculation window, and availability time.",Add feature manifest entries or emit lineage metadata from each enricher.,"Test that every emitted feature has source, window, granularity, availability_time, causal flag.",low,935d8405cad4d251
P3,data_lineage,FEATURE_WITHOUT_LOCAL_LINEAGE_HINT,features/enrichers/news_impact_enricher.py,301,,"logger.error(f""No time column found in news data. Available columns: {news_df.columns.tolist()[:10]}. Skipping news impact enrichment."")",Feature/enricher code updates data without nearby lineage/availability metadata.,"Trading features need source, ticker/timeframe granularity, calculation window, and availability time.",Add feature manifest entries or emit lineage metadata from each enricher.,"Test that every emitted feature has source, window, granularity, availability_time, causal flag.",low,954b8bf2e3dbd2b9
P3,data_lineage,FEATURE_WITHOUT_LOCAL_LINEAGE_HINT,features/enrichers/news_impact_enricher.py,358,,df_enriched = df.copy(),Feature/enricher code updates data without nearby lineage/availability metadata.,"Trading features need source, ticker/timeframe granularity, calculation window, and availability time.",Add feature manifest entries or emit lineage metadata from each enricher.,"Test that every emitted feature has source, window, granularity, availability_time, causal flag.",low,13f3c1b9f313d800
P3,data_lineage,FEATURE_WITHOUT_LOCAL_LINEAGE_HINT,features/enrichers/news_quality_enricher.py,76,,"logger.error(f""No time column found in news data. Available columns: {news_df.columns.tolist()[:10]}. Skipping news quality enrichment."")",Feature/enricher code updates data without nearby lineage/availability metadata.,"Trading features need source, ticker/timeframe granularity, calculation window, and availability time.",Add feature manifest entries or emit lineage metadata from each enricher.,"Test that every emitted feature has source, window, granularity, availability_time, causal flag.",low,eefeac15a5d9285e
P3,data_lineage,FEATURE_WITHOUT_LOCAL_LINEAGE_HINT,features/enrichers/news_quality_enricher.py,131,,df_enriched = df.copy(),Feature/enricher code updates data without nearby lineage/availability metadata.,"Trading features need source, ticker/timeframe granularity, calculation window, and availability time.",Add feature manifest entries or emit lineage metadata from each enricher.,"Test that every emitted feature has source, window, granularity, availability_time, causal flag.",low,2127e07b950fedeb
P3,data_lineage,FEATURE_WITHOUT_LOCAL_LINEAGE_HINT,features/enrichers/nlp_features_enricher.py,178,,df_enriched = df.copy(),Feature/enricher code updates data without nearby lineage/availability metadata.,"Trading features need source, ticker/timeframe granularity, calculation window, and availability time.",Add feature manifest entries or emit lineage metadata from each enricher.,"Test that every emitted feature has source, window, granularity, availability_time, causal flag.",low,984cbf42b25da00b
P3,data_lineage,FEATURE_WITHOUT_LOCAL_LINEAGE_HINT,features/enrichers/sentiment_features_enricher.py,76,,"logger.info(f""Sentiment enrichment complete. Added {len(final_df.columns) - len(df.columns)} features."")",Feature/enricher code updates data without nearby lineage/availability metadata.,"Trading features need source, ticker/timeframe granularity, calculation window, and availability time.",Add feature manifest entries or emit lineage metadata from each enricher.,"Test that every emitted feature has source, window, granularity, availability_time, causal flag.",low,55d1d54db8fa210a
P3,data_lineage,FEATURE_WITHOUT_LOCAL_LINEAGE_HINT,features/enrichers/sentiment_features_enricher.py,287,,df_enriched = df.copy(),Feature/enricher code updates data without nearby lineage/availability metadata.,"Trading features need source, ticker/timeframe granularity, calculation window, and availability time.",Add feature manifest entries or emit lineage metadata from each enricher.,"Test that every emitted feature has source, window, granularity, availability_time, causal flag.",low,8407039efd95a968
P3,data_lineage,FEATURE_WITHOUT_LOCAL_LINEAGE_HINT,features/enrichers/technical_analysis_enricher.py,72,,df_enriched = df.copy(),Feature/enricher code updates data without nearby lineage/availability metadata.,"Trading features need source, ticker/timeframe granularity, calculation window, and availability time.",Add feature manifest entries or emit lineage metadata from each enricher.,"Test that every emitted feature has source, window, granularity, availability_time, causal flag.",low,353655c6e9ac4e68
P3,data_lineage,FEATURE_WITHOUT_LOCAL_LINEAGE_HINT,features/enrichers/time_features_enricher.py,49,,df_enriched = df.copy(),Feature/enricher code updates data without nearby lineage/availability metadata.,"Trading features need source, ticker/timeframe granularity, calculation window, and availability time.",Add feature manifest entries or emit lineage metadata from each enricher.,"Test that every emitted feature has source, window, granularity, availability_time, causal flag.",low,2f9e604e022e7d89
P3,data_lineage,FEATURE_WITHOUT_LOCAL_LINEAGE_HINT,features/enrichers/volatility_enricher.py,34,,df_enriched = df.copy(),Feature/enricher code updates data without nearby lineage/availability metadata.,"Trading features need source, ticker/timeframe granularity, calculation window, and availability time.",Add feature manifest entries or emit lineage metadata from each enricher.,"Test that every emitted feature has source, window, granularity, availability_time, causal flag.",low,305bdd8a1701faa6
P3,data_lineage,FEATURE_WITHOUT_LOCAL_LINEAGE_HINT,features/enrichers/volume_enricher.py,34,,df_enriched = df.copy(),Feature/enricher code updates data without nearby lineage/availability metadata.,"Trading features need source, ticker/timeframe granularity, calculation window, and availability time.",Add feature manifest entries or emit lineage metadata from each enricher.,"Test that every emitted feature has source, window, granularity, availability_time, causal flag.",low,729621b081bf5bfd
P3,data_lineage,FEATURE_WITHOUT_LOCAL_LINEAGE_HINT,features/feature_orchestrator.py,240,,"logger.info(f'🔄 Starting enrichment: {df.shape[0]} rows, {df.shape[1]} columns')",Feature/enricher code updates data without nearby lineage/availability metadata.,"Trading features need source, ticker/timeframe granularity, calculation window, and availability time.",Add feature manifest entries or emit lineage metadata from each enricher.,"Test that every emitted feature has source, window, granularity, availability_time, causal flag.",low,a0cbc8d6ef85ef15
P3,data_lineage,FEATURE_WITHOUT_LOCAL_LINEAGE_HINT,features/feature_orchestrator.py,241,,df_enriched = df.copy(),Feature/enricher code updates data without nearby lineage/availability metadata.,"Trading features need source, ticker/timeframe granularity, calculation window, and availability time.",Add feature manifest entries or emit lineage metadata from each enricher.,"Test that every emitted feature has source, window, granularity, availability_time, causal flag.",low,8ab41e5ce49146ed
P3,data_lineage,FEATURE_WITHOUT_LOCAL_LINEAGE_HINT,features/feature_orchestrator.py,286,,feature_cols = [col for col in df.columns if col not in exclude_cols],Feature/enricher code updates data without nearby lineage/availability metadata.,"Trading features need source, ticker/timeframe granularity, calculation window, and availability time.",Add feature manifest entries or emit lineage metadata from each enricher.,"Test that every emitted feature has source, window, granularity, availability_time, causal flag.",low,8c78df581658dc28
P3,data_lineage,FEATURE_WITHOUT_LOCAL_LINEAGE_HINT,features/feature_selector.py,66,,"return features_df.xs(ticker, level='ticker')",Feature/enricher code updates data without nearby lineage/availability metadata.,"Trading features need source, ticker/timeframe granularity, calculation window, and availability time.",Add feature manifest entries or emit lineage metadata from each enricher.,"Test that every emitted feature has source, window, granularity, availability_time, causal flag.",low,b4b5c89681ab99d5
P3,data_lineage,FEATURE_WITHOUT_LOCAL_LINEAGE_HINT,features/nlp/deduplication_service.py,22,,max_features (int): The maximum number of features to use for TF-IDF.,Feature/enricher code updates data without nearby lineage/availability metadata.,"Trading features need source, ticker/timeframe granularity, calculation window, and availability time.",Add feature manifest entries or emit lineage metadata from each enricher.,"Test that every emitted feature has source, window, granularity, availability_time, causal flag.",low,5e29b0710abca045
P3,data_lineage,FEATURE_WITHOUT_LOCAL_LINEAGE_HINT,features/selection/enhanced_smart_selector.py,77,,if 'context_pattern_id' in features_df.columns:,Feature/enricher code updates data without nearby lineage/availability metadata.,"Trading features need source, ticker/timeframe granularity, calculation window, and availability time.",Add feature manifest entries or emit lineage metadata from each enricher.,"Test that every emitted feature has source, window, granularity, availability_time, causal flag.",low,29931dbf77672ed7
P3,data_lineage,FEATURE_WITHOUT_LOCAL_LINEAGE_HINT,features/selection/enhanced_smart_selector.py,78,,current_pattern = features_df['context_pattern_id'].iloc[-1],Feature/enricher code updates data without nearby lineage/availability metadata.,"Trading features need source, ticker/timeframe granularity, calculation window, and availability time.",Add feature manifest entries or emit lineage metadata from each enricher.,"Test that every emitted feature has source, window, granularity, availability_time, causal flag.",low,d64605e5709d8d68
P3,data_lineage,FEATURE_WITHOUT_LOCAL_LINEAGE_HINT,features/selection/enhanced_smart_selector.py,85,,"'original_feature_count': len(features_df.columns),",Feature/enricher code updates data without nearby lineage/availability metadata.,"Trading features need source, ticker/timeframe granularity, calculation window, and availability time.",Add feature manifest entries or emit lineage metadata from each enricher.,"Test that every emitted feature has source, window, granularity, availability_time, causal flag.",low,977e1af6476ee96d
P3,data_lineage,FEATURE_WITHOUT_LOCAL_LINEAGE_HINT,features/selection/enhanced_smart_selector.py,101,,clean_features = features_df.copy(),Feature/enricher code updates data without nearby lineage/availability metadata.,"Trading features need source, ticker/timeframe granularity, calculation window, and availability time.",Add feature manifest entries or emit lineage metadata from each enricher.,"Test that every emitted feature has source, window, granularity, availability_time, causal flag.",low,269d798bff0b31e4
P3,data_lineage,FEATURE_WITHOUT_LOCAL_LINEAGE_HINT,features/selection/smart_selector.py,72,,"if set(cached_data.get(""input_features"", [])) == set(features_df.columns):",Feature/enricher code updates data without nearby lineage/availability metadata.,"Trading features need source, ticker/timeframe granularity, calculation window, and availability time.",Add feature manifest entries or emit lineage metadata from each enricher.,"Test that every emitted feature has source, window, granularity, availability_time, causal flag.",low,67410c86bd8796e3
P3,data_lineage,FEATURE_WITHOUT_LOCAL_LINEAGE_HINT,features/selection/smart_selector.py,143,,"""input_features"": features_df.columns.tolist(),",Feature/enricher code updates data without nearby lineage/availability metadata.,"Trading features need source, ticker/timeframe granularity, calculation window, and availability time.",Add feature manifest entries or emit lineage metadata from each enricher.,"Test that every emitted feature has source, window, granularity, availability_time, causal flag.",low,4ebaed136daeddea
P3,data_lineage,FEATURE_WITHOUT_LOCAL_LINEAGE_HINT,features/selection/smart_selector.py,201,,"features_clean = features_df.replace([np.inf, -np.inf], np.nan).dropna(axis=1, how='all')",Feature/enricher code updates data without nearby lineage/availability metadata.,"Trading features need source, ticker/timeframe granularity, calculation window, and availability time.",Add feature manifest entries or emit lineage metadata from each enricher.,"Test that every emitted feature has source, window, granularity, availability_time, causal flag.",low,148879acd04111bd
P3,data_lineage,FEATURE_WITHOUT_LOCAL_LINEAGE_HINT,features/selection/smart_selector.py,237,,"return features_df.apply(lambda x: x.corr(target_series, method=self.correlation_method)).abs().sort_values(ascending=False)",Feature/enricher code updates data without nearby lineage/availability metadata.,"Trading features need source, ticker/timeframe granularity, calculation window, and availability time.",Add feature manifest entries or emit lineage metadata from each enricher.,"Test that every emitted feature has source, window, granularity, availability_time, causal flag.",low,09acf67944c3bd10
P3,data_lineage,FEATURE_WITHOUT_LOCAL_LINEAGE_HINT,features/selection/smart_selector.py,243,,"return pd.Series(mi, index=features_df.columns).sort_values(ascending=False)",Feature/enricher code updates data without nearby lineage/availability metadata.,"Trading features need source, ticker/timeframe granularity, calculation window, and availability time.",Add feature manifest entries or emit lineage metadata from each enricher.,"Test that every emitted feature has source, window, granularity, availability_time, causal flag.",low,ac556e8e89bfbb36
P3,data_lineage,FEATURE_WITHOUT_LOCAL_LINEAGE_HINT,features/selection/smart_selector.py,260,,index=features_df.columns).sort_values(ascending=False),Feature/enricher code updates data without nearby lineage/availability metadata.,"Trading features need source, ticker/timeframe granularity, calculation window, and availability time.",Add feature manifest entries or emit lineage metadata from each enricher.,"Test that every emitted feature has source, window, granularity, availability_time, causal flag.",low,fe98ec04d379c425
P3,data_lineage,FEATURE_WITHOUT_LOCAL_LINEAGE_HINT,features/selection/smart_selector.py,305,,"return pd.Series(model.feature_importances_, index=features_df.columns).sort_values(ascending=False)",Feature/enricher code updates data without nearby lineage/availability metadata.,"Trading features need source, ticker/timeframe granularity, calculation window, and availability time.",Add feature manifest entries or emit lineage metadata from each enricher.,"Test that every emitted feature has source, window, granularity, availability_time, causal flag.",low,4dc7e1145ab5081e
P3,data_lineage,FEATURE_WITHOUT_LOCAL_LINEAGE_HINT,features/selection/smart_selector.py,313,,variances = features_df.var(),Feature/enricher code updates data without nearby lineage/availability metadata.,"Trading features need source, ticker/timeframe granularity, calculation window, and availability time.",Add feature manifest entries or emit lineage metadata from each enricher.,"Test that every emitted feature has source, window, granularity, availability_time, causal flag.",low,30d83d45d7a0df99
P3,data_lineage,FEATURE_WITHOUT_LOCAL_LINEAGE_HINT,features/utils/datetime_utils.py,161,,result = features_df.copy(),Feature/enricher code updates data without nearby lineage/availability metadata.,"Trading features need source, ticker/timeframe granularity, calculation window, and availability time.",Add feature manifest entries or emit lineage metadata from each enricher.,"Test that every emitted feature has source, window, granularity, availability_time, causal flag.",low,5061e4faedc9a7dc
P3,data_lineage,FEATURE_WITHOUT_LOCAL_LINEAGE_HINT,features/validation/feature_leakage_guard.py,94,,feature_cols = [c for c in df.columns if c not in meta_cols],Feature/enricher code updates data without nearby lineage/availability metadata.,"Trading features need source, ticker/timeframe granularity, calculation window, and availability time.",Add feature manifest entries or emit lineage metadata from each enricher.,"Test that every emitted feature has source, window, granularity, availability_time, causal flag.",low,c7e0c8aa857ac650
P3,data_lineage,FEATURE_WITHOUT_LOCAL_LINEAGE_HINT,features/validation/feature_leakage_guard.py,145,,numeric_features = [c for c in feature_cols if c in df.columns and,Feature/enricher code updates data without nearby lineage/availability metadata.,"Trading features need source, ticker/timeframe granularity, calculation window, and availability time.",Add feature manifest entries or emit lineage metadata from each enricher.,"Test that every emitted feature has source, window, granularity, availability_time, causal flag.",low,2bfd3a40fe818aa1
P3,data_lineage,FEATURE_WITHOUT_LOCAL_LINEAGE_HINT,features/validation/feature_leakage_guard.py,151,,sample_df = df[numeric_features + numeric_targets].dropna(),Feature/enricher code updates data without nearby lineage/availability metadata.,"Trading features need source, ticker/timeframe granularity, calculation window, and availability time.",Add feature manifest entries or emit lineage metadata from each enricher.,"Test that every emitted feature has source, window, granularity, availability_time, causal flag.",low,8b2738a7a3405805
P3,data_lineage,FEATURE_WITHOUT_LOCAL_LINEAGE_HINT,features/validation/feature_leakage_guard.py,157,,corr_matrix = sample_df[numeric_features].corrwith(sample_df[,Feature/enricher code updates data without nearby lineage/availability metadata.,"Trading features need source, ticker/timeframe granularity, calculation window, and availability time.",Add feature manifest entries or emit lineage metadata from each enricher.,"Test that every emitted feature has source, window, granularity, availability_time, causal flag.",low,ec6c9d7c5cceb11f
P3,data_lineage,FEATURE_WITHOUT_LOCAL_LINEAGE_HINT,features/validation/redundancy_detector.py,64,,numeric_features = features_df.select_dtypes(include=[np.number]),Feature/enricher code updates data without nearby lineage/availability metadata.,"Trading features need source, ticker/timeframe granularity, calculation window, and availability time.",Add feature manifest entries or emit lineage metadata from each enricher.,"Test that every emitted feature has source, window, granularity, availability_time, causal flag.",low,6e064dc075d08add
P3,data_lineage,FEATURE_WITHOUT_LOCAL_LINEAGE_HINT,features/validation/redundancy_detector.py,65,,non_numeric_features = features_df.select_dtypes(exclude=[np.number]),Feature/enricher code updates data without nearby lineage/availability metadata.,"Trading features need source, ticker/timeframe granularity, calculation window, and availability time.",Add feature manifest entries or emit lineage metadata from each enricher.,"Test that every emitted feature has source, window, granularity, availability_time, causal flag.",low,4f784a023bb85cba
P3,data_lineage,FEATURE_WITHOUT_LOCAL_LINEAGE_HINT,features/validation/redundancy_detector.py,103,,"self.logger.info(f""🔍 Analyzing {len(features_df.columns)} features for redundancy"")",Feature/enricher code updates data without nearby lineage/availability metadata.,"Trading features need source, ticker/timeframe granularity, calculation window, and availability time.",Add feature manifest entries or emit lineage metadata from each enricher.,"Test that every emitted feature has source, window, granularity, availability_time, causal flag.",low,0495423b607e6ee0
P3,data_lineage,FEATURE_WITHOUT_LOCAL_LINEAGE_HINT,features/validation/redundancy_detector.py,106,,"'original_features': list(features_df.columns),",Feature/enricher code updates data without nearby lineage/availability metadata.,"Trading features need source, ticker/timeframe granularity, calculation window, and availability time.",Add feature manifest entries or emit lineage metadata from each enricher.,"Test that every emitted feature has source, window, granularity, availability_time, causal flag.",low,b1b4dad8f2652269
P3,data_lineage,FEATURE_WITHOUT_LOCAL_LINEAGE_HINT,features/validation/redundancy_detector.py,107,,"'original_count': len(features_df.columns),",Feature/enricher code updates data without nearby lineage/availability metadata.,"Trading features need source, ticker/timeframe granularity, calculation window, and availability time.",Add feature manifest entries or emit lineage metadata from each enricher.,"Test that every emitted feature has source, window, granularity, availability_time, causal flag.",low,37d857742fbce369
P3,data_lineage,FEATURE_WITHOUT_LOCAL_LINEAGE_HINT,features/validation/redundancy_detector.py,162,,"self._update_results(results, redundant_features, final_features, len(features_df.columns))",Feature/enricher code updates data without nearby lineage/availability metadata.,"Trading features need source, ticker/timeframe granularity, calculation window, and availability time.",Add feature manifest entries or emit lineage metadata from each enricher.,"Test that every emitted feature has source, window, granularity, availability_time, causal flag.",low,2bf73738ec02d53f
P3,data_lineage,FEATURE_WITHOUT_LOCAL_LINEAGE_HINT,features/validation/redundancy_detector.py,177,,'remaining_features': features_df.copy(),Feature/enricher code updates data without nearby lineage/availability metadata.,"Trading features need source, ticker/timeframe granularity, calculation window, and availability time.",Add feature manifest entries or emit lineage metadata from each enricher.,"Test that every emitted feature has source, window, granularity, availability_time, causal flag.",low,d968e39180677faa
P3,data_lineage,FEATURE_WITHOUT_LOCAL_LINEAGE_HINT,features/validation/redundancy_detector.py,182,,for feature_name in features_df.columns:,Feature/enricher code updates data without nearby lineage/availability metadata.,"Trading features need source, ticker/timeframe granularity, calculation window, and availability time.",Add feature manifest entries or emit lineage metadata from each enricher.,"Test that every emitted feature has source, window, granularity, availability_time, causal flag.",low,d1d0b01cfc8f3dc4
P3,data_lineage,FEATURE_WITHOUT_LOCAL_LINEAGE_HINT,features/validation/redundancy_detector.py,183,,feature_variance = features_df[feature_name].var(),Feature/enricher code updates data without nearby lineage/availability metadata.,"Trading features need source, ticker/timeframe granularity, calculation window, and availability time.",Add feature manifest entries or emit lineage metadata from each enricher.,"Test that every emitted feature has source, window, granularity, availability_time, causal flag.",low,34a95d0ffd2acc00
P3,data_lineage,FEATURE_WITHOUT_LOCAL_LINEAGE_HINT,features/validation/redundancy_detector.py,208,,correlation_matrix = features_df.corr().abs(),Feature/enricher code updates data without nearby lineage/availability metadata.,"Trading features need source, ticker/timeframe granularity, calculation window, and availability time.",Add feature manifest entries or emit lineage metadata from each enricher.,"Test that every emitted feature has source, window, granularity, availability_time, causal flag.",low,f21aac73ca312770
P3,data_lineage,FEATURE_WITHOUT_LOCAL_LINEAGE_HINT,features/validation/redundancy_detector.py,227,,"for feature_name, cluster_id in zip(features_df.columns, cluster_labels):",Feature/enricher code updates data without nearby lineage/availability metadata.,"Trading features need source, ticker/timeframe granularity, calculation window, and availability time.",Add feature manifest entries or emit lineage metadata from each enricher.,"Test that every emitted feature has source, window, granularity, availability_time, causal flag.",low,aac6594a5ed882ad
P3,data_lineage,FEATURE_WITHOUT_LOCAL_LINEAGE_HINT,features/validation/redundancy_detector.py,276,,X = features_df.copy(),Feature/enricher code updates data without nearby lineage/availability metadata.,"Trading features need source, ticker/timeframe granularity, calculation window, and availability time.",Add feature manifest entries or emit lineage metadata from each enricher.,"Test that every emitted feature has source, window, granularity, availability_time, causal flag.",low,8077238c1cfba1ac
P3,data_lineage,FEATURE_WITHOUT_LOCAL_LINEAGE_HINT,features/validation/redundancy_detector.py,328,,"'selected_features': features_df.copy(),",Feature/enricher code updates data without nearby lineage/availability metadata.,"Trading features need source, ticker/timeframe granularity, calculation window, and availability time.",Add feature manifest entries or emit lineage metadata from each enricher.,"Test that every emitted feature has source, window, granularity, availability_time, causal flag.",low,fbc4818b8b382c86
P3,data_lineage,FEATURE_WITHOUT_LOCAL_LINEAGE_HINT,features/validation/redundancy_detector.py,334,,features_to_keep = set(features_df.columns),Feature/enricher code updates data without nearby lineage/availability metadata.,"Trading features need source, ticker/timeframe granularity, calculation window, and availability time.",Add feature manifest entries or emit lineage metadata from each enricher.,"Test that every emitted feature has source, window, granularity, availability_time, causal flag.",low,f52f13ca63b7d574
P3,data_lineage,FEATURE_WITHOUT_LOCAL_LINEAGE_HINT,features/validation/redundancy_detector.py,343,,"features_df[group_features], group_features",Feature/enricher code updates data without nearby lineage/availability metadata.,"Trading features need source, ticker/timeframe granularity, calculation window, and availability time.",Add feature manifest entries or emit lineage metadata from each enricher.,"Test that every emitted feature has source, window, granularity, availability_time, causal flag.",low,94831a5ef26569dc
P3,data_lineage,FEATURE_WITHOUT_LOCAL_LINEAGE_HINT,features/validation/redundancy_detector.py,387,,final_features = features_df[list(features_to_keep)].copy(),Feature/enricher code updates data without nearby lineage/availability metadata.,"Trading features need source, ticker/timeframe granularity, calculation window, and availability time.",Add feature manifest entries or emit lineage metadata from each enricher.,"Test that every emitted feature has source, window, granularity, availability_time, causal flag.",low,e3bbed20d8614b7f
P3,data_lineage,FEATURE_WITHOUT_LOCAL_LINEAGE_HINT,targets/calculators/indicator_prediction_calculator.py,23,,if indicator_col not in df.columns:,Feature/enricher code updates data without nearby lineage/availability metadata.,"Trading features need source, ticker/timeframe granularity, calculation window, and availability time.",Add feature manifest entries or emit lineage metadata from each enricher.,"Test that every emitted feature has source, window, granularity, availability_time, causal flag.",low,9db14dc176c8edfc
P3,data_lineage,FEATURE_WITHOUT_LOCAL_LINEAGE_HINT,targets/calculators/indicator_prediction_calculator.py,27,,target_series = df[indicator_col].shift(shift),Feature/enricher code updates data without nearby lineage/availability metadata.,"Trading features need source, ticker/timeframe granularity, calculation window, and availability time.",Add feature manifest entries or emit lineage metadata from each enricher.,"Test that every emitted feature has source, window, granularity, availability_time, causal flag.",low,a46fb495795931f0
P3,determinism,NON_INJECTED_CLOCK,analytics/analyzers/hedge_fund_analyzer.py,71,,datetime.now().isoformat()},Direct current-time call detected.,Runtime and tests become nondeterministic; relative dates can drift.,Inject a clock/reference_now parameter or central time provider.,Freeze clock in tests and assert stable outputs.,medium,808a8a6d743b6552
P3,determinism,NON_INJECTED_CLOCK,analytics/analyzers/hedge_fund_analyzer.py,119,,min_idx = pd.Timestamp.now() - pd.Timedelta(days=365),Direct current-time call detected.,Runtime and tests become nondeterministic; relative dates can drift.,Inject a clock/reference_now parameter or central time provider.,Freeze clock in tests and assert stable outputs.,medium,5d4423d01926d7c1
P3,determinism,NON_INJECTED_CLOCK,analytics/analyzers/hedge_fund_analyzer.py,124,,max_idx = pd.Timestamp.now(),Direct current-time call detected.,Runtime and tests become nondeterministic; relative dates can drift.,Inject a clock/reference_now parameter or central time provider.,Freeze clock in tests and assert stable outputs.,medium,c6a60be47474bcde
P3,determinism,NON_INJECTED_CLOCK,analytics/analyzers/performance_attribution_analyzer.py,82,,'analysis_timestamp': datetime.now().isoformat()},Direct current-time call detected.,Runtime and tests become nondeterministic; relative dates can drift.,Inject a clock/reference_now parameter or central time provider.,Freeze clock in tests and assert stable outputs.,medium,f2f3b83a395a2b27
P3,determinism,NON_INJECTED_CLOCK,analytics/analyzers/performance_attribution_analyzer.py,262,,f'{datetime.now().year}-01-01'),Direct current-time call detected.,Runtime and tests become nondeterministic; relative dates can drift.,Inject a clock/reference_now parameter or central time provider.,Freeze clock in tests and assert stable outputs.,medium,a2e7548142eac687
P3,determinism,NON_INJECTED_CLOCK,analytics/analyzers/risk_decomposition_analyzer.py,99,,'analysis_timestamp': datetime.now().isoformat()},Direct current-time call detected.,Runtime and tests become nondeterministic; relative dates can drift.,Inject a clock/reference_now parameter or central time provider.,Freeze clock in tests and assert stable outputs.,medium,8dbbea6c12ad1add
P3,determinism,NON_INJECTED_CLOCK,analytics/arena/arena_battle.py,94,,"model_type, 'registered_at': datetime.now(), 'activations':",Direct current-time call detected.,Runtime and tests become nondeterministic; relative dates can drift.,Inject a clock/reference_now parameter or central time provider.,Freeze clock in tests and assert stable outputs.,medium,0cfb2ed733e22092
P3,determinism,NON_INJECTED_CLOCK,analytics/arena/arena_battle.py,343,,battle.end_time = datetime.now(),Direct current-time call detected.,Runtime and tests become nondeterministic; relative dates can drift.,Inject a clock/reference_now parameter or central time provider.,Freeze clock in tests and assert stable outputs.,medium,33eb2d50974069de
P3,determinism,NON_INJECTED_CLOCK,analytics/arena/arena_battle.py,357,,'timestamp': datetime.now().isoformat()},Direct current-time call detected.,Runtime and tests become nondeterministic; relative dates can drift.,Inject a clock/reference_now parameter or central time provider.,Freeze clock in tests and assert stable outputs.,medium,ef800ffecc5688eb
P3,determinism,NON_INJECTED_CLOCK,analytics/arena/arena_battle.py,443,,"return {'leaderboard': leaderboard, 'last_updated': datetime.now().",Direct current-time call detected.,Runtime and tests become nondeterministic; relative dates can drift.,Inject a clock/reference_now parameter or central time provider.,Freeze clock in tests and assert stable outputs.,medium,3489ecbf2b14a233
P3,determinism,NON_INJECTED_CLOCK,analytics/arena/ensemble_performance_bridge.py,41,,elapsed = (datetime.now() - self._last_sync).total_seconds(),Direct current-time call detected.,Runtime and tests become nondeterministic; relative dates can drift.,Inject a clock/reference_now parameter or central time provider.,Freeze clock in tests and assert stable outputs.,medium,f891b5066e330b27
P3,determinism,NON_INJECTED_CLOCK,analytics/arena/ensemble_performance_bridge.py,53,,"""sync_time"": datetime.now().isoformat(),",Direct current-time call detected.,Runtime and tests become nondeterministic; relative dates can drift.,Inject a clock/reference_now parameter or central time provider.,Freeze clock in tests and assert stable outputs.,medium,61261647895f7281
P3,determinism,NON_INJECTED_CLOCK,analytics/arena/ensemble_performance_bridge.py,57,,self._last_sync = datetime.now(),Direct current-time call detected.,Runtime and tests become nondeterministic; relative dates can drift.,Inject a clock/reference_now parameter or central time provider.,Freeze clock in tests and assert stable outputs.,medium,ca664421d582b548
P3,determinism,NON_INJECTED_CLOCK,analytics/arena/ensemble_performance_bridge.py,89,,"""last_updated"": datetime.now().isoformat(),",Direct current-time call detected.,Runtime and tests become nondeterministic; relative dates can drift.,Inject a clock/reference_now parameter or central time provider.,Freeze clock in tests and assert stable outputs.,medium,582f64fe27902b03
P3,determinism,NON_INJECTED_CLOCK,analytics/arena/ensemble_performance_bridge.py,105,,"""timestamp"": getattr(m, ""timestamp"", datetime.now()),",Direct current-time call detected.,Runtime and tests become nondeterministic; relative dates can drift.,Inject a clock/reference_now parameter or central time provider.,Freeze clock in tests and assert stable outputs.,medium,55d8ec6a80734a51
P3,determinism,NON_INJECTED_CLOCK,analytics/arena/ensemble_performance_bridge.py,133,,"""last_updated"": m.get(""timestamp"", datetime.now()),",Direct current-time call detected.,Runtime and tests become nondeterministic; relative dates can drift.,Inject a clock/reference_now parameter or central time provider.,Freeze clock in tests and assert stable outputs.,medium,54fb27e467ba9bc9
P3,determinism,NON_INJECTED_CLOCK,analytics/arena/performance_tracker.py,110,,'timestamp': datetime.now().isoformat()}),Direct current-time call detected.,Runtime and tests become nondeterministic; relative dates can drift.,Inject a clock/reference_now parameter or central time provider.,Freeze clock in tests and assert stable outputs.,medium,bb835274d91e41a7
P3,determinism,NON_INJECTED_CLOCK,analytics/arena/performance_tracker.py,126,,"timestamp=datetime.now(), accuracy=metrics.get('accuracy',",Direct current-time call detected.,Runtime and tests become nondeterministic; relative dates can drift.,Inject a clock/reference_now parameter or central time provider.,Freeze clock in tests and assert stable outputs.,medium,a1477e655cafa21a
P3,determinism,NON_INJECTED_CLOCK,analytics/arena/performance_tracker.py,143,,stats['last_battle'] = datetime.now(),Direct current-time call detected.,Runtime and tests become nondeterministic; relative dates can drift.,Inject a clock/reference_now parameter or central time provider.,Freeze clock in tests and assert stable outputs.,medium,5ad71f598664ab23
P3,determinism,NON_INJECTED_CLOCK,analytics/arena/performance_tracker.py,222,,"=float(avg_win_rate), last_updated=datetime.now())",Direct current-time call detected.,Runtime and tests become nondeterministic; relative dates can drift.,Inject a clock/reference_now parameter or central time provider.,Freeze clock in tests and assert stable outputs.,medium,6f218650ceb96727
P3,determinism,NON_INJECTED_CLOCK,analytics/arena/performance_tracker.py,244,,cutoff_date = datetime.now() - timedelta(days=days),Direct current-time call detected.,Runtime and tests become nondeterministic; relative dates can drift.,Inject a clock/reference_now parameter or central time provider.,Freeze clock in tests and assert stable outputs.,medium,a8209b1f05d09be8
P3,determinism,NON_INJECTED_CLOCK,analytics/arena/performance_tracker.py,356,,'last_updated': datetime.now().isoformat()},Direct current-time call detected.,Runtime and tests become nondeterministic; relative dates can drift.,Inject a clock/reference_now parameter or central time provider.,Freeze clock in tests and assert stable outputs.,medium,bbf531a1bc48844e
P3,determinism,NON_INJECTED_CLOCK,analytics/calculators/fama_french_factors.py,99,,if self.last_cache_time and (datetime.now() - self.last_cache_time) < self.cache_expiry:,Direct current-time call detected.,Runtime and tests become nondeterministic; relative dates can drift.,Inject a clock/reference_now parameter or central time provider.,Freeze clock in tests and assert stable outputs.,medium,5c4709db82b5118b
P3,determinism,NON_INJECTED_CLOCK,analytics/calculators/fama_french_factors.py,143,,self.last_cache_time = datetime.now(),Direct current-time call detected.,Runtime and tests become nondeterministic; relative dates can drift.,Inject a clock/reference_now parameter or central time provider.,Freeze clock in tests and assert stable outputs.,medium,536d2e89764b110f
P3,determinism,NON_INJECTED_CLOCK,analytics/calculators/fama_french_factors.py,188,,if self.last_cache_time and (datetime.now() - self.last_cache_time) < self.cache_expiry:,Direct current-time call detected.,Runtime and tests become nondeterministic; relative dates can drift.,Inject a clock/reference_now parameter or central time provider.,Freeze clock in tests and assert stable outputs.,medium,6929c8b1141ea958
P3,determinism,NON_INJECTED_CLOCK,analytics/calculators/fama_french_factors.py,221,,self.last_cache_time = datetime.now(),Direct current-time call detected.,Runtime and tests become nondeterministic; relative dates can drift.,Inject a clock/reference_now parameter or central time provider.,Freeze clock in tests and assert stable outputs.,medium,d80b11b860daf5b9
P3,determinism,NON_INJECTED_CLOCK,analytics/context/ensemble_selector.py,99,,"""selection_time"": datetime.now(),",Direct current-time call detected.,Runtime and tests become nondeterministic; relative dates can drift.,Inject a clock/reference_now parameter or central time provider.,Freeze clock in tests and assert stable outputs.,medium,59de62a2ebbb4776
P3,determinism,NON_INJECTED_CLOCK,analytics/context/market_context_analyzer.py,163,,) else datetime.now().hour,Direct current-time call detected.,Runtime and tests become nondeterministic; relative dates can drift.,Inject a clock/reference_now parameter or central time provider.,Freeze clock in tests and assert stable outputs.,medium,169bc14e2ac52261
P3,determinism,NON_INJECTED_CLOCK,analytics/context/market_context_analyzer.py,167,,) else datetime.now().weekday(),Direct current-time call detected.,Runtime and tests become nondeterministic; relative dates can drift.,Inject a clock/reference_now parameter or central time provider.,Freeze clock in tests and assert stable outputs.,medium,977b070bd6020e5f
P3,determinism,NON_INJECTED_CLOCK,analytics/data_managers/model_results_manager.py,52,,df_to_save['ingestion_timestamp'] = datetime.now(),Direct current-time call detected.,Runtime and tests become nondeterministic; relative dates can drift.,Inject a clock/reference_now parameter or central time provider.,Freeze clock in tests and assert stable outputs.,medium,5a5bd37a240226bd
P3,determinism,NON_INJECTED_CLOCK,analytics/reporting/automated_reports.py,30,,"filename = f""daily_{datetime.now().strftime('%Y%m%d')}.json""",Direct current-time call detected.,Runtime and tests become nondeterministic; relative dates can drift.,Inject a clock/reference_now parameter or central time provider.,Freeze clock in tests and assert stable outputs.,medium,f494e9219b3b4477
P3,determinism,NON_INJECTED_CLOCK,analytics/reporting/automated_reports.py,41,,"""date"": datetime.now().strftime(""%Y-%m-%d""),",Direct current-time call detected.,Runtime and tests become nondeterministic; relative dates can drift.,Inject a clock/reference_now parameter or central time provider.,Freeze clock in tests and assert stable outputs.,medium,fad6074dc1b7ad6e
P3,determinism,NON_INJECTED_CLOCK,analytics/reporting/automated_reports.py,76,,"""timestamp"": datetime.now().isoformat(),",Direct current-time call detected.,Runtime and tests become nondeterministic; relative dates can drift.,Inject a clock/reference_now parameter or central time provider.,Freeze clock in tests and assert stable outputs.,medium,a5409df88c0716a2
P3,determinism,NON_INJECTED_CLOCK,analytics/reporting/automated_reports.py,84,,"filename = f""trends_{datetime.now().strftime('%Y%m%d')}.json""",Direct current-time call detected.,Runtime and tests become nondeterministic; relative dates can drift.,Inject a clock/reference_now parameter or central time provider.,Freeze clock in tests and assert stable outputs.,medium,58a8e7b0774ed17a
P3,determinism,NON_INJECTED_CLOCK,analytics/reporting/model_analyzer.py,63,,"""timestamp"": datetime.now().isoformat(),",Direct current-time call detected.,Runtime and tests become nondeterministic; relative dates can drift.,Inject a clock/reference_now parameter or central time provider.,Freeze clock in tests and assert stable outputs.,medium,6267016a340c94b0
P3,determinism,NON_INJECTED_CLOCK,analytics/reporting/model_analyzer.py,149,,"file_path = self.report_dir / f""{report_name}_{datetime.now().strftime('%Y%m%d_%H%M')}.json""",Direct current-time call detected.,Runtime and tests become nondeterministic; relative dates can drift.,Inject a clock/reference_now parameter or central time provider.,Freeze clock in tests and assert stable outputs.,medium,f919ffa564385e1f
P3,determinism,NON_INJECTED_CLOCK,analytics/reporting/results_manager.py,43,,"timestamp = datetime.now().strftime(""%Y%m%d_%H%M%S"")",Direct current-time call detected.,Runtime and tests become nondeterministic; relative dates can drift.,Inject a clock/reference_now parameter or central time provider.,Freeze clock in tests and assert stable outputs.,medium,39cf00b346164830
P3,determinism,NON_INJECTED_CLOCK,analytics/signals/signal_analytics.py,225,,"'analysis_timestamp': datetime.now().isoformat(),",Direct current-time call detected.,Runtime and tests become nondeterministic; relative dates can drift.,Inject a clock/reference_now parameter or central time provider.,Freeze clock in tests and assert stable outputs.,medium,9e034492b1509074
P3,determinism,NON_INJECTED_CLOCK,backtesting/advanced/advanced_engine.py,264,,"report: dict[str, Any] = {'timestamp': datetime.now().isoformat",Direct current-time call detected.,Runtime and tests become nondeterministic; relative dates can drift.,Inject a clock/reference_now parameter or central time provider.,Freeze clock in tests and assert stable outputs.,medium,eb6834fe820fb267
P3,determinism,NON_INJECTED_CLOCK,calibration/adaptive_confidence_calibrator.py,116,,"self.calibration_history.append({'timestamp': datetime.now(),",Direct current-time call detected.,Runtime and tests become nondeterministic; relative dates can drift.,Inject a clock/reference_now parameter or central time provider.,Freeze clock in tests and assert stable outputs.,medium,0cec4e8c6c3f2c33
P3,determinism,NON_INJECTED_CLOCK,calibration/adaptive_confidence_calibrator.py,140,,now = datetime.now(),Direct current-time call detected.,Runtime and tests become nondeterministic; relative dates can drift.,Inject a clock/reference_now parameter or central time provider.,Freeze clock in tests and assert stable outputs.,medium,3cf70e6e8ed282c2
P3,determinism,NON_INJECTED_CLOCK,calibration/adaptive_confidence_calibrator.py,189,,self.last_retrain_time = datetime.now(),Direct current-time call detected.,Runtime and tests become nondeterministic; relative dates can drift.,Inject a clock/reference_now parameter or central time provider.,Freeze clock in tests and assert stable outputs.,medium,ed070dba758bf943
P3,determinism,NON_INJECTED_CLOCK,colab/memory/memory_monitor.py,17,,self.start_time = datetime.now(),Direct current-time call detected.,Runtime and tests become nondeterministic; relative dates can drift.,Inject a clock/reference_now parameter or central time provider.,Freeze clock in tests and assert stable outputs.,medium,38d5f9255ee81752
P3,determinism,NON_INJECTED_CLOCK,colab/memory/memory_monitor.py,38,,timestamp = datetime.now().isoformat(),Direct current-time call detected.,Runtime and tests become nondeterministic; relative dates can drift.,Inject a clock/reference_now parameter or central time provider.,Freeze clock in tests and assert stable outputs.,medium,74cce350f0755d76
P3,determinism,NON_INJECTED_CLOCK,core/base_integration.py,44,,"""last_check"": datetime.now().isoformat(),",Direct current-time call detected.,Runtime and tests become nondeterministic; relative dates can drift.,Inject a clock/reference_now parameter or central time provider.,Freeze clock in tests and assert stable outputs.,medium,9d65b39b69932ef7
P3,determinism,NON_INJECTED_CLOCK,core/error_handling/error_handler.py,134,,"error_info = {'timestamp': datetime.now().isoformat(), 'error_type':",Direct current-time call detected.,Runtime and tests become nondeterministic; relative dates can drift.,Inject a clock/reference_now parameter or central time provider.,Freeze clock in tests and assert stable outputs.,medium,766a931850e3653f
P3,determinism,NON_INJECTED_CLOCK,core/error_handling/error_handler.py,150,,now = datetime.now(),Direct current-time call detected.,Runtime and tests become nondeterministic; relative dates can drift.,Inject a clock/reference_now parameter or central time provider.,Freeze clock in tests and assert stable outputs.,medium,3e4f1e702a1d7abf
P3,determinism,NON_INJECTED_CLOCK,core/error_handling/error_handler.py,248,,start_time = datetime.now(),Direct current-time call detected.,Runtime and tests become nondeterministic; relative dates can drift.,Inject a clock/reference_now parameter or central time provider.,Freeze clock in tests and assert stable outputs.,medium,587d2cbfe57525cf
P3,determinism,NON_INJECTED_CLOCK,core/error_handling/error_handler.py,251,,duration = datetime.now() - start_time,Direct current-time call detected.,Runtime and tests become nondeterministic; relative dates can drift.,Inject a clock/reference_now parameter or central time provider.,Freeze clock in tests and assert stable outputs.,medium,de5df9cac46b0871
P3,determinism,NON_INJECTED_CLOCK,core/error_handling/error_handler.py,255,,duration = datetime.now() - start_time,Direct current-time call detected.,Runtime and tests become nondeterministic; relative dates can drift.,Inject a clock/reference_now parameter or central time provider.,Freeze clock in tests and assert stable outputs.,medium,7b434d65efb7e530
P3,determinism,NON_INJECTED_CLOCK,core/error_handling/error_handler.py,326,,self.start_time = datetime.now(),Direct current-time call detected.,Runtime and tests become nondeterministic; relative dates can drift.,Inject a clock/reference_now parameter or central time provider.,Freeze clock in tests and assert stable outputs.,medium,f9862360374e6c2d
P3,determinism,NON_INJECTED_CLOCK,core/error_handling/error_handler.py,333,,duration = datetime.now() - self.start_time,Direct current-time call detected.,Runtime and tests become nondeterministic; relative dates can drift.,Inject a clock/reference_now parameter or central time provider.,Freeze clock in tests and assert stable outputs.,medium,ffd1f650e795f772
P3,determinism,NON_INJECTED_CLOCK,core/logging/logger.py,156,,timestamp = datetime.now().isoformat(),Direct current-time call detected.,Runtime and tests become nondeterministic; relative dates can drift.,Inject a clock/reference_now parameter or central time provider.,Freeze clock in tests and assert stable outputs.,medium,159a741f1930fa8e
P3,determinism,NON_INJECTED_CLOCK,core/logging/logger.py,187,,"structured_data = {'message': message, 'timestamp': datetime.now().",Direct current-time call detected.,Runtime and tests become nondeterministic; relative dates can drift.,Inject a clock/reference_now parameter or central time provider.,Freeze clock in tests and assert stable outputs.,medium,f716be500fdeea2c
P3,determinism,NON_INJECTED_CLOCK,core/system/archive_manager.py,32,,"timestamp = datetime.now().strftime(""%Y%m%d_%H%M%S"")",Direct current-time call detected.,Runtime and tests become nondeterministic; relative dates can drift.,Inject a clock/reference_now parameter or central time provider.,Freeze clock in tests and assert stable outputs.,medium,5e251467e065fa5f
P3,determinism,NON_INJECTED_CLOCK,core/system/batch_processor.py,232,,timestamp = datetime.now().strftime('%Y%m%d_%H%M%S'),Direct current-time call detected.,Runtime and tests become nondeterministic; relative dates can drift.,Inject a clock/reference_now parameter or central time provider.,Freeze clock in tests and assert stable outputs.,medium,b0743ca6238a6d08
P3,determinism,NON_INJECTED_CLOCK,core/system/version_manager.py,116,,"timestamp = datetime.now().strftime(""%Y%m%d_%H%M"")",Direct current-time call detected.,Runtime and tests become nondeterministic; relative dates can drift.,Inject a clock/reference_now parameter or central time provider.,Freeze clock in tests and assert stable outputs.,medium,2115304a4c10ff6b
P3,determinism,NON_INJECTED_CLOCK,core/system/version_manager.py,124,,"run_id = f""run_{datetime.now().strftime('%Y%m%d_%H%M%S')}""",Direct current-time call detected.,Runtime and tests become nondeterministic; relative dates can drift.,Inject a clock/reference_now parameter or central time provider.,Freeze clock in tests and assert stable outputs.,medium,a098fd0ac9b755e2
P3,determinism,NON_INJECTED_CLOCK,core/system/version_manager.py,181,,"date=datetime.now().strftime(""%Y-%m-%d""),",Direct current-time call detected.,Runtime and tests become nondeterministic; relative dates can drift.,Inject a clock/reference_now parameter or central time provider.,Freeze clock in tests and assert stable outputs.,medium,e331316955d3e511
P3,determinism,NON_INJECTED_CLOCK,core/validation/validators.py,109,,timestamp: datetime = Field(default_factory=datetime.now),Direct current-time call detected.,Runtime and tests become nondeterministic; relative dates can drift.,Inject a clock/reference_now parameter or central time provider.,Freeze clock in tests and assert stable outputs.,medium,f294c819f8e8d904
P3,determinism,NON_INJECTED_CLOCK,core/validation/validators.py,127,,timestamp: datetime = Field(default_factory=datetime.now),Direct current-time call detected.,Runtime and tests become nondeterministic; relative dates can drift.,Inject a clock/reference_now parameter or central time provider.,Freeze clock in tests and assert stable outputs.,medium,738b0fa179a7bdd6
P3,determinism,NON_INJECTED_CLOCK,data/collectors/aaii_sentiment_collector.py,56,,df['collected_at'] = datetime.now(),Direct current-time call detected.,Runtime and tests become nondeterministic; relative dates can drift.,Inject a clock/reference_now parameter or central time provider.,Freeze clock in tests and assert stable outputs.,medium,1ef465bda638a7ad
P3,determinism,NON_INJECTED_CLOCK,data/collectors/alternative_me_collector.py,129,,date = datetime.now().strftime('%Y-%m-%d'),Direct current-time call detected.,Runtime and tests become nondeterministic; relative dates can drift.,Inject a clock/reference_now parameter or central time provider.,Freeze clock in tests and assert stable outputs.,medium,ab26517d045c80c3
P3,determinism,NON_INJECTED_CLOCK,data/collectors/alternative_me_collector.py,134,,"'timestamp': datetime.fromtimestamp(timestamp).isoformat() if timestamp > 0 else datetime.now().isoformat(),",Direct current-time call detected.,Runtime and tests become nondeterministic; relative dates can drift.,Inject a clock/reference_now parameter or central time provider.,Freeze clock in tests and assert stable outputs.,medium,126a6042b908f24d
P3,determinism,NON_INJECTED_CLOCK,data/collectors/cftc_collector.py,73,,df['collected_at'] = datetime.now(),Direct current-time call detected.,Runtime and tests become nondeterministic; relative dates can drift.,Inject a clock/reference_now parameter or central time provider.,Freeze clock in tests and assert stable outputs.,medium,6eef105791341be2
P3,determinism,NON_INJECTED_CLOCK,data/collectors/cftc_collector.py,233,,base_date = datetime.now() - timedelta(days=140),Direct current-time call detected.,Runtime and tests become nondeterministic; relative dates can drift.,Inject a clock/reference_now parameter or central time provider.,Freeze clock in tests and assert stable outputs.,medium,45fbe422208b61ac
P3,determinism,NON_INJECTED_CLOCK,data/collectors/economic_calendar_collector.py,109,,start = datetime.now() - timedelta(days=days_back),Direct current-time call detected.,Runtime and tests become nondeterministic; relative dates can drift.,Inject a clock/reference_now parameter or central time provider.,Freeze clock in tests and assert stable outputs.,medium,d849ea6fea4d0a71
P3,determinism,NON_INJECTED_CLOCK,data/collectors/economic_calendar_collector.py,110,,end = datetime.now() + timedelta(days=days_ahead),Direct current-time call detected.,Runtime and tests become nondeterministic; relative dates can drift.,Inject a clock/reference_now parameter or central time provider.,Freeze clock in tests and assert stable outputs.,medium,574b6698b98afeba
P3,determinism,NON_INJECTED_CLOCK,data/collectors/fear_greed_collector.py,56,,df['collected_at'] = datetime.now(),Direct current-time call detected.,Runtime and tests become nondeterministic; relative dates can drift.,Inject a clock/reference_now parameter or central time provider.,Freeze clock in tests and assert stable outputs.,medium,94f5e09410af8b9d
P3,determinism,NON_INJECTED_CLOCK,data/collectors/fred_collector.py,28,,return (datetime.now() - timedelta(days=years * 365)).strftime('%Y-%m-%d'),Direct current-time call detected.,Runtime and tests become nondeterministic; relative dates can drift.,Inject a clock/reference_now parameter or central time provider.,Freeze clock in tests and assert stable outputs.,medium,b088f8a79a94844a
P3,determinism,NON_INJECTED_CLOCK,data/collectors/fred_collector.py,31,,return (datetime.now() - timedelta(days=days)).strftime('%Y-%m-%d'),Direct current-time call detected.,Runtime and tests become nondeterministic; relative dates can drift.,Inject a clock/reference_now parameter or central time provider.,Freeze clock in tests and assert stable outputs.,medium,33b66a298968dd28
P3,determinism,NON_INJECTED_CLOCK,data/collectors/fred_collector.py,34,,return (datetime.now() - timedelta(days=365)).strftime('%Y-%m-%d'),Direct current-time call detected.,Runtime and tests become nondeterministic; relative dates can drift.,Inject a clock/reference_now parameter or central time provider.,Freeze clock in tests and assert stable outputs.,medium,2350d7e807313961
P3,determinism,NON_INJECTED_CLOCK,data/collectors/put_call_ratio_collector.py,65,,df['collected_at'] = datetime.now(),Direct current-time call detected.,Runtime and tests become nondeterministic; relative dates can drift.,Inject a clock/reference_now parameter or central time provider.,Freeze clock in tests and assert stable outputs.,medium,9c3382d804e9e44c
P3,determinism,NON_INJECTED_CLOCK,data/collectors/put_call_ratio_collector.py,112,,base_date = datetime.now() - timedelta(days=60),Direct current-time call detected.,Runtime and tests become nondeterministic; relative dates can drift.,Inject a clock/reference_now parameter or central time provider.,Freeze clock in tests and assert stable outputs.,medium,65062967acd8708c
P3,determinism,NON_INJECTED_CLOCK,data/collectors/put_call_ratio_collector.py,151,,"'date': datetime.now().strftime('%Y-%m-%d'),",Direct current-time call detected.,Runtime and tests become nondeterministic; relative dates can drift.,Inject a clock/reference_now parameter or central time provider.,Freeze clock in tests and assert stable outputs.,medium,3c5e0356b58d0641
P3,determinism,NON_INJECTED_CLOCK,data/collectors/put_call_ratio_collector.py,157,,'timestamp': datetime.now(),Direct current-time call detected.,Runtime and tests become nondeterministic; relative dates can drift.,Inject a clock/reference_now parameter or central time provider.,Freeze clock in tests and assert stable outputs.,medium,21ef903511e4350d
P3,determinism,NON_INJECTED_CLOCK,data/collectors/put_call_ratio_collector.py,173,,base_date = datetime.now() - timedelta(days=60),Direct current-time call detected.,Runtime and tests become nondeterministic; relative dates can drift.,Inject a clock/reference_now parameter or central time provider.,Freeze clock in tests and assert stable outputs.,medium,a96e0828f98cb55f
P3,determinism,NON_INJECTED_CLOCK,data/collectors/reddit_sentiment_collector.py,67,,df['collected_at'] = datetime.now(),Direct current-time call detected.,Runtime and tests become nondeterministic; relative dates can drift.,Inject a clock/reference_now parameter or central time provider.,Freeze clock in tests and assert stable outputs.,medium,2e50b357257e31a0
P3,determinism,NON_INJECTED_CLOCK,data/collectors/reddit_sentiment_collector.py,101,,base_date = datetime.now() - timedelta(days=60),Direct current-time call detected.,Runtime and tests become nondeterministic; relative dates can drift.,Inject a clock/reference_now parameter or central time provider.,Freeze clock in tests and assert stable outputs.,medium,920f517ffaa3edce
P3,determinism,NON_INJECTED_CLOCK,data/collectors/rss_collector.py,190,,cutoff = datetime.now(timezone.utc) - timedelta(days=self.,Direct current-time call detected.,Runtime and tests become nondeterministic; relative dates can drift.,Inject a clock/reference_now parameter or central time provider.,Freeze clock in tests and assert stable outputs.,medium,38923085951f838b
P3,determinism,NON_INJECTED_CLOCK,data/collectors/sec_filings_collector.py,76,,"run_date = kwargs.get(""run_date"", datetime.now())",Direct current-time call detected.,Runtime and tests become nondeterministic; relative dates can drift.,Inject a clock/reference_now parameter or central time provider.,Freeze clock in tests and assert stable outputs.,medium,8723f3e5f91035c9
P3,determinism,NON_INJECTED_CLOCK,data/collectors/vix_collector.py,84,,df['collected_at'] = datetime.now(),Direct current-time call detected.,Runtime and tests become nondeterministic; relative dates can drift.,Inject a clock/reference_now parameter or central time provider.,Freeze clock in tests and assert stable outputs.,medium,636bb3bc295604ee
P3,determinism,NON_INJECTED_CLOCK,data/collectors/yf_collector.py,52,,end_date = end_date or datetime.now(),Direct current-time call detected.,Runtime and tests become nondeterministic; relative dates can drift.,Inject a clock/reference_now parameter or central time provider.,Freeze clock in tests and assert stable outputs.,medium,773a9bdb8191fca1
P3,determinism,NON_INJECTED_CLOCK,data/collectors/yf_collector.py,77,,"# Use reference_now from kwargs if provided for stable testing, otherwise datetime.now()",Direct current-time call detected.,Runtime and tests become nondeterministic; relative dates can drift.,Inject a clock/reference_now parameter or central time provider.,Freeze clock in tests and assert stable outputs.,medium,92ddac113fd4dab8
P3,determinism,NON_INJECTED_CLOCK,data/collectors/yf_collector.py,78,,"reference_now = kwargs.get('reference_now', datetime.now())",Direct current-time call detected.,Runtime and tests become nondeterministic; relative dates can drift.,Inject a clock/reference_now parameter or central time provider.,Freeze clock in tests and assert stable outputs.,medium,0a7f07349f5584d5
P3,determinism,NON_INJECTED_CLOCK,data/data_loader.py,73,,'timestamp': datetime.now().isoformat()},Direct current-time call detected.,Runtime and tests become nondeterministic; relative dates can drift.,Inject a clock/reference_now parameter or central time provider.,Freeze clock in tests and assert stable outputs.,medium,b1c08d1994609fb8
P3,determinism,NON_INJECTED_CLOCK,data/management/data_versioning.py,90,,"'description': description, 'created_at': datetime.now().",Direct current-time call detected.,Runtime and tests become nondeterministic; relative dates can drift.,Inject a clock/reference_now parameter or central time provider.,Freeze clock in tests and assert stable outputs.,medium,56fd64cf2ca98cc4
P3,determinism,NON_INJECTED_CLOCK,data/management/data_versioning.py,122,,file_age = datetime.now() - current_mtime,Direct current-time call detected.,Runtime and tests become nondeterministic; relative dates can drift.,Inject a clock/reference_now parameter or central time provider.,Freeze clock in tests and assert stable outputs.,medium,f2c8e80f4df5c538
P3,determinism,NON_INJECTED_CLOCK,data/management/data_versioning.py,134,,metadata_age = datetime.now() - stored_mtime,Direct current-time call detected.,Runtime and tests become nondeterministic; relative dates can drift.,Inject a clock/reference_now parameter or central time provider.,Freeze clock in tests and assert stable outputs.,medium,ab2bde37e0e7929c
P3,determinism,NON_INJECTED_CLOCK,data/management/data_versioning.py,265,,"report = {'generated_at': datetime.now().isoformat(), 'data_type':",Direct current-time call detected.,Runtime and tests become nondeterministic; relative dates can drift.,Inject a clock/reference_now parameter or central time provider.,Freeze clock in tests and assert stable outputs.,medium,5a5b14355c9cf29d
P3,determinism,NON_INJECTED_CLOCK,data/quality/data_freshness_checker.py,62,,self.metrics['last_check_time'] = datetime.now(),Direct current-time call detected.,Runtime and tests become nondeterministic; relative dates can drift.,Inject a clock/reference_now parameter or central time provider.,Freeze clock in tests and assert stable outputs.,medium,dd3e4d5ed42879ec
P3,determinism,NON_INJECTED_CLOCK,data/quality/data_freshness_checker.py,96,,now = pd.Timestamp.now()  # This is tz-naive by default,Direct current-time call detected.,Runtime and tests become nondeterministic; relative dates can drift.,Inject a clock/reference_now parameter or central time provider.,Freeze clock in tests and assert stable outputs.,medium,e981a631ba916486
P3,determinism,NON_INJECTED_CLOCK,features/analysis/news_decay_modeler.py,268,,timestamp = datetime.now().strftime('%Y%m%d_%H%M%S'),Direct current-time call detected.,Runtime and tests become nondeterministic; relative dates can drift.,Inject a clock/reference_now parameter or central time provider.,Freeze clock in tests and assert stable outputs.,medium,38d4c5f6f2811e07
P3,determinism,NON_INJECTED_CLOCK,features/analysis/news_decay_modeler.py,305,,cutoff_time = datetime.now() - timedelta(days=days),Direct current-time call detected.,Runtime and tests become nondeterministic; relative dates can drift.,Inject a clock/reference_now parameter or central time provider.,Freeze clock in tests and assert stable outputs.,medium,2fdac4a9d16fc822
P3,determinism,NON_INJECTED_CLOCK,features/analysis/regime_importance_tracker.py,79,,current_time = datetime.now(),Direct current-time call detected.,Runtime and tests become nondeterministic; relative dates can drift.,Inject a clock/reference_now parameter or central time provider.,Freeze clock in tests and assert stable outputs.,medium,cf7b5877c26cf565
P3,determinism,NON_INJECTED_CLOCK,features/analysis/regime_importance_tracker.py,181,,cutoff_time = datetime.now() - timedelta(days=days),Direct current-time call detected.,Runtime and tests become nondeterministic; relative dates can drift.,Inject a clock/reference_now parameter or central time provider.,Freeze clock in tests and assert stable outputs.,medium,1496919731fae5bf
P3,determinism,NON_INJECTED_CLOCK,features/enrichers/macro_features_enricher.py,109,,end_date = pd.Timestamp.now(),Direct current-time call detected.,Runtime and tests become nondeterministic; relative dates can drift.,Inject a clock/reference_now parameter or central time provider.,Freeze clock in tests and assert stable outputs.,medium,e88e1addb6a80893
P3,determinism,NON_INJECTED_CLOCK,features/feature_orchestrator.py,168,,start_time = pd.Timestamp.now(),Direct current-time call detected.,Runtime and tests become nondeterministic; relative dates can drift.,Inject a clock/reference_now parameter or central time provider.,Freeze clock in tests and assert stable outputs.,medium,c437f10cd84bfbdd
P3,determinism,NON_INJECTED_CLOCK,features/feature_orchestrator.py,178,,end_time = pd.Timestamp.now(),Direct current-time call detected.,Runtime and tests become nondeterministic; relative dates can drift.,Inject a clock/reference_now parameter or central time provider.,Freeze clock in tests and assert stable outputs.,medium,535b9c3511c3596b
P3,determinism,NON_INJECTED_CLOCK,features/feature_selection_cache.py,125,,"datetime.now().isoformat(), 'n_available_features': len(",Direct current-time call detected.,Runtime and tests become nondeterministic; relative dates can drift.,Inject a clock/reference_now parameter or central time provider.,Freeze clock in tests and assert stable outputs.,medium,127116b4b0ce2ebf
P3,determinism,NON_INJECTED_CLOCK,features/monitoring/feature_drift_detector.py,77,,self.metrics['last_check_time'] = pd.Timestamp.now(),Direct current-time call detected.,Runtime and tests become nondeterministic; relative dates can drift.,Inject a clock/reference_now parameter or central time provider.,Freeze clock in tests and assert stable outputs.,medium,7293437dd6c552c7
P3,determinism,NON_INJECTED_CLOCK,features/monitoring/feature_drift_detector.py,137,,"'timestamp': pd.Timestamp.now().isoformat(),",Direct current-time call detected.,Runtime and tests become nondeterministic; relative dates can drift.,Inject a clock/reference_now parameter or central time provider.,Freeze clock in tests and assert stable outputs.,medium,1f5d32cdeb5b533f
P3,determinism,NON_INJECTED_CLOCK,features/monitoring/feature_drift_detector.py,212,,"timestamp = pd.Timestamp.now().strftime(""%Y%m%d_%H%M%S"")",Direct current-time call detected.,Runtime and tests become nondeterministic; relative dates can drift.,Inject a clock/reference_now parameter or central time provider.,Freeze clock in tests and assert stable outputs.,medium,4f74666f65edd8d2
P3,determinism,NON_INJECTED_CLOCK,features/news_dataset_builder.py,257,,dataset_df['generated_at'] = datetime.now().isoformat(),Direct current-time call detected.,Runtime and tests become nondeterministic; relative dates can drift.,Inject a clock/reference_now parameter or central time provider.,Freeze clock in tests and assert stable outputs.,medium,966b8005a77230dd
P3,determinism,NON_INJECTED_CLOCK,features/news_dataset_builder.py,274,,'generated_at': datetime.now().isoformat(),Direct current-time call detected.,Runtime and tests become nondeterministic; relative dates can drift.,Inject a clock/reference_now parameter or central time provider.,Freeze clock in tests and assert stable outputs.,medium,11dec36faa78056e
P3,determinism,NON_INJECTED_CLOCK,features/nlp/processors/news_harmonizer.py,48,,pub_dt = pd.Timestamp.now(),Direct current-time call detected.,Runtime and tests become nondeterministic; relative dates can drift.,Inject a clock/reference_now parameter or central time provider.,Freeze clock in tests and assert stable outputs.,medium,8cefe6b95428e341
P3,determinism,NON_INJECTED_CLOCK,features/nlp/processors/news_processing.py,36,,"fname = f""clustered_news_{datetime.now().strftime('%Y%m%d_%H%M%S')}.parquet""",Direct current-time call detected.,Runtime and tests become nondeterministic; relative dates can drift.,Inject a clock/reference_now parameter or central time provider.,Freeze clock in tests and assert stable outputs.,medium,5c7d68c5799fa81c
P3,determinism,NON_INJECTED_CLOCK,features/selection/enhanced_smart_selector.py,84,,"'timestamp': datetime.now(),",Direct current-time call detected.,Runtime and tests become nondeterministic; relative dates can drift.,Inject a clock/reference_now parameter or central time provider.,Freeze clock in tests and assert stable outputs.,medium,50100ca63ca6ed01
P3,determinism,NON_INJECTED_CLOCK,features/selection/smart_selector.py,146,,"""timestamp"": datetime.now().isoformat(),",Direct current-time call detected.,Runtime and tests become nondeterministic; relative dates can drift.,Inject a clock/reference_now parameter or central time provider.,Freeze clock in tests and assert stable outputs.,medium,808995e9bdf9c85d
P3,determinism,NON_INJECTED_CLOCK,features/utils/datetime_utils.py,81,,df['datetime'] = pd.Timestamp.now().tz_localize(None),Direct current-time call detected.,Runtime and tests become nondeterministic; relative dates can drift.,Inject a clock/reference_now parameter or central time provider.,Freeze clock in tests and assert stable outputs.,medium,6f223ef7c487716e
P3,determinism,NON_INJECTED_CLOCK,features/validation/feature_leakage_guard.py,32,,self.timestamp = datetime.now().isoformat(),Direct current-time call detected.,Runtime and tests become nondeterministic; relative dates can drift.,Inject a clock/reference_now parameter or central time provider.,Freeze clock in tests and assert stable outputs.,medium,4cf1857fbbc13c16
P3,determinism,NON_INJECTED_CLOCK,features/validation/feature_leakage_guard.py,183,,ts = datetime.now().strftime('%Y%m%d_%H%M%S'),Direct current-time call detected.,Runtime and tests become nondeterministic; relative dates can drift.,Inject a clock/reference_now parameter or central time provider.,Freeze clock in tests and assert stable outputs.,medium,487fef8d911d1764
P3,determinism,NON_INJECTED_CLOCK,integration/dashboard_data_bridge.py,93,,self._cache_timestamps[cache_key] = datetime.now(),Direct current-time call detected.,Runtime and tests become nondeterministic; relative dates can drift.,Inject a clock/reference_now parameter or central time provider.,Freeze clock in tests and assert stable outputs.,medium,0f8555e855adb54d
P3,determinism,NON_INJECTED_CLOCK,integration/dashboard_data_bridge.py,145,,age = (datetime.now() - cache_time).total_seconds(),Direct current-time call detected.,Runtime and tests become nondeterministic; relative dates can drift.,Inject a clock/reference_now parameter or central time provider.,Freeze clock in tests and assert stable outputs.,medium,d21a1ad723e982ea
P3,determinism,NON_INJECTED_CLOCK,integration/dashboard_data_bridge.py,165,,'last_updated': datetime.now().isoformat(),Direct current-time call detected.,Runtime and tests become nondeterministic; relative dates can drift.,Inject a clock/reference_now parameter or central time provider.,Freeze clock in tests and assert stable outputs.,medium,e58542c5750c8036
P3,determinism,NON_INJECTED_CLOCK,integration/dashboard_data_bridge.py,178,,'last_updated': datetime.now().isoformat(),Direct current-time call detected.,Runtime and tests become nondeterministic; relative dates can drift.,Inject a clock/reference_now parameter or central time provider.,Freeze clock in tests and assert stable outputs.,medium,ece0fed8027cd841
P3,determinism,NON_INJECTED_CLOCK,integration/dashboard_data_bridge.py,200,,'last_updated': datetime.now().isoformat(),Direct current-time call detected.,Runtime and tests become nondeterministic; relative dates can drift.,Inject a clock/reference_now parameter or central time provider.,Freeze clock in tests and assert stable outputs.,medium,97a828b190250c00
P3,determinism,NON_INJECTED_CLOCK,integration/dashboard_data_bridge.py,206,,"'timestamp': datetime.now().isoformat(), 'pnl': 0.023},",Direct current-time call detected.,Runtime and tests become nondeterministic; relative dates can drift.,Inject a clock/reference_now parameter or central time provider.,Freeze clock in tests and assert stable outputs.,medium,e51392d6ecfa26f7
P3,determinism,NON_INJECTED_CLOCK,integration/dashboard_data_bridge.py,208,,"'timestamp': datetime.now().isoformat(), 'pnl': -0.015},",Direct current-time call detected.,Runtime and tests become nondeterministic; relative dates can drift.,Inject a clock/reference_now parameter or central time provider.,Freeze clock in tests and assert stable outputs.,medium,58da458489c7f567
P3,determinism,NON_INJECTED_CLOCK,integration/dashboard_data_bridge.py,210,,"'timestamp': datetime.now().isoformat(), 'pnl': 0.008}",Direct current-time call detected.,Runtime and tests become nondeterministic; relative dates can drift.,Inject a clock/reference_now parameter or central time provider.,Freeze clock in tests and assert stable outputs.,medium,9f142a4c382653ca
P3,determinism,NON_INJECTED_CLOCK,integration/dashboard_data_bridge.py,213,,'last_updated': datetime.now().isoformat(),Direct current-time call detected.,Runtime and tests become nondeterministic; relative dates can drift.,Inject a clock/reference_now parameter or central time provider.,Freeze clock in tests and assert stable outputs.,medium,b3ca37485125713d
P3,determinism,NON_INJECTED_CLOCK,integration/dashboard_data_bridge.py,239,,'last_updated': datetime.now().isoformat(),Direct current-time call detected.,Runtime and tests become nondeterministic; relative dates can drift.,Inject a clock/reference_now parameter or central time provider.,Freeze clock in tests and assert stable outputs.,medium,bbcc35aa8241db4c
P3,determinism,NON_INJECTED_CLOCK,integration/dashboard_data_bridge.py,248,,'last_updated': datetime.now().isoformat(),Direct current-time call detected.,Runtime and tests become nondeterministic; relative dates can drift.,Inject a clock/reference_now parameter or central time provider.,Freeze clock in tests and assert stable outputs.,medium,b4ca74bd50d17fd5
P3,determinism,NON_INJECTED_CLOCK,integration/dashboard_data_bridge.py,272,,'last_updated': datetime.now().isoformat(),Direct current-time call detected.,Runtime and tests become nondeterministic; relative dates can drift.,Inject a clock/reference_now parameter or central time provider.,Freeze clock in tests and assert stable outputs.,medium,7ae97c50e54152e0
P3,determinism,NON_INJECTED_CLOCK,integration/dashboard_data_bridge.py,276,,"dates = pd.date_range(end=datetime.now(), periods=30, freq='D')",Direct current-time call detected.,Runtime and tests become nondeterministic; relative dates can drift.,Inject a clock/reference_now parameter or central time provider.,Freeze clock in tests and assert stable outputs.,medium,528dff3f7bbb73ce
P3,determinism,NON_INJECTED_CLOCK,integration/dashboard_data_bridge.py,291,,'last_updated': datetime.now().isoformat(),Direct current-time call detected.,Runtime and tests become nondeterministic; relative dates can drift.,Inject a clock/reference_now parameter or central time provider.,Freeze clock in tests and assert stable outputs.,medium,20a88b7ba53fe1b8
P3,determinism,NON_INJECTED_CLOCK,integration/dashboard_data_bridge.py,321,,'last_updated': datetime.now().isoformat(),Direct current-time call detected.,Runtime and tests become nondeterministic; relative dates can drift.,Inject a clock/reference_now parameter or central time provider.,Freeze clock in tests and assert stable outputs.,medium,76f0bed12827c392
P3,determinism,NON_INJECTED_CLOCK,integration/dashboard_data_bridge.py,331,,'last_updated': datetime.now().isoformat(),Direct current-time call detected.,Runtime and tests become nondeterministic; relative dates can drift.,Inject a clock/reference_now parameter or central time provider.,Freeze clock in tests and assert stable outputs.,medium,f84f1f1d33dbee6c
P3,determinism,NON_INJECTED_CLOCK,integration/dashboard_data_bridge.py,347,,"'last_rebalanced': datetime.now().isoformat(),",Direct current-time call detected.,Runtime and tests become nondeterministic; relative dates can drift.,Inject a clock/reference_now parameter or central time provider.,Freeze clock in tests and assert stable outputs.,medium,1711d322a880d893
P3,determinism,NON_INJECTED_CLOCK,integration/dashboard_data_bridge.py,370,,'last_updated': datetime.now().isoformat(),Direct current-time call detected.,Runtime and tests become nondeterministic; relative dates can drift.,Inject a clock/reference_now parameter or central time provider.,Freeze clock in tests and assert stable outputs.,medium,5a9c3afcaeff902b
P3,determinism,NON_INJECTED_CLOCK,integration/dashboard_data_bridge.py,383,,'last_updated': datetime.now().isoformat(),Direct current-time call detected.,Runtime and tests become nondeterministic; relative dates can drift.,Inject a clock/reference_now parameter or central time provider.,Freeze clock in tests and assert stable outputs.,medium,7e6fc1cbaccff15a
P3,determinism,NON_INJECTED_CLOCK,integration/ensemble_performance_bridge.py,50,,time_since_sync = datetime.now() - self._last_sync_time,Direct current-time call detected.,Runtime and tests become nondeterministic; relative dates can drift.,Inject a clock/reference_now parameter or central time provider.,Freeze clock in tests and assert stable outputs.,medium,dc72366dd14a42df
P3,determinism,NON_INJECTED_CLOCK,integration/ensemble_performance_bridge.py,71,,"'sync_time': datetime.now(),",Direct current-time call detected.,Runtime and tests become nondeterministic; relative dates can drift.,Inject a clock/reference_now parameter or central time provider.,Freeze clock in tests and assert stable outputs.,medium,746806123022ce6b
P3,determinism,NON_INJECTED_CLOCK,integration/ensemble_performance_bridge.py,80,,self._last_sync_time = datetime.now(),Direct current-time call detected.,Runtime and tests become nondeterministic; relative dates can drift.,Inject a clock/reference_now parameter or central time provider.,Freeze clock in tests and assert stable outputs.,medium,35131cb59460344c
P3,determinism,NON_INJECTED_CLOCK,integration/ensemble_performance_bridge.py,111,,'last_updated': datetime.now(),Direct current-time call detected.,Runtime and tests become nondeterministic; relative dates can drift.,Inject a clock/reference_now parameter or central time provider.,Freeze clock in tests and assert stable outputs.,medium,5cf8e73573e73b36
P3,determinism,NON_INJECTED_CLOCK,integration/ensemble_performance_bridge.py,148,,"'timestamp': datetime.now(),",Direct current-time call detected.,Runtime and tests become nondeterministic; relative dates can drift.,Inject a clock/reference_now parameter or central time provider.,Freeze clock in tests and assert stable outputs.,medium,6ecf5f8bc24c0205
P3,determinism,NON_INJECTED_CLOCK,integrations/base.py,47,,"datetime.now().isoformat(), 'error': error}",Direct current-time call detected.,Runtime and tests become nondeterministic; relative dates can drift.,Inject a clock/reference_now parameter or central time provider.,Freeze clock in tests and assert stable outputs.,medium,731ed507339bece9
P3,determinism,NON_INJECTED_CLOCK,integrations/data/bigquery_client.py,185,,dates = [(datetime.now() - timedelta(days=i)).strftime('%Y%m%d') for,Direct current-time call detected.,Runtime and tests become nondeterministic; relative dates can drift.,Inject a clock/reference_now parameter or central time provider.,Freeze clock in tests and assert stable outputs.,medium,6e7df87c05509909
P3,determinism,NON_INJECTED_CLOCK,integrations/data/bigquery_client.py,199,,"datetime.now(), periods=5, freq='D')), 'value': np.random.randn",Direct current-time call detected.,Runtime and tests become nondeterministic; relative dates can drift.,Inject a clock/reference_now parameter or central time provider.,Freeze clock in tests and assert stable outputs.,medium,18c3cd8352b9af4b
P3,determinism,NON_INJECTED_CLOCK,main/modes/web_ui.py,173,,"return {'status': 'idle', 'last_update': datetime.now().isoformat(),",Direct current-time call detected.,Runtime and tests become nondeterministic; relative dates can drift.,Inject a clock/reference_now parameter or central time provider.,Freeze clock in tests and assert stable outputs.,medium,a7d7a9b3dd17527c
P3,determinism,NON_INJECTED_CLOCK,main/modes/web_ui.py,201,,"10000000), 'timestamp': datetime.now().isoformat(),",Direct current-time call detected.,Runtime and tests become nondeterministic; relative dates can drift.,Inject a clock/reference_now parameter or central time provider.,Freeze clock in tests and assert stable outputs.,medium,cd81112523846914
P3,determinism,NON_INJECTED_CLOCK,main/modes/web_ui.py,213,,return {'recent_activity': [{'time': datetime.now().strftime(,Direct current-time call detected.,Runtime and tests become nondeterministic; relative dates can drift.,Inject a clock/reference_now parameter or central time provider.,Freeze clock in tests and assert stable outputs.,medium,c994f738ee8c44e3
P3,determinism,NON_INJECTED_CLOCK,main/modes/web_ui.py,215,,"'price': 245.5}, {'time': datetime.now().strftime('%H:%M'),",Direct current-time call detected.,Runtime and tests become nondeterministic; relative dates can drift.,Inject a clock/reference_now parameter or central time provider.,Freeze clock in tests and assert stable outputs.,medium,498b427b75e1eccf
P3,determinism,NON_INJECTED_CLOCK,main/modes/web_ui.py,217,,"178.25}, {'time': datetime.now().strftime('%H:%M'), 'action':",Direct current-time call detected.,Runtime and tests become nondeterministic; relative dates can drift.,Inject a clock/reference_now parameter or central time provider.,Freeze clock in tests and assert stable outputs.,medium,d026401c4146d6bc
P3,determinism,NON_INJECTED_CLOCK,main/modes/web_ui.py,233,,"'disk_usage': 23.1, 'last_update': datetime.now().isoformat()}",Direct current-time call detected.,Runtime and tests become nondeterministic; relative dates can drift.,Inject a clock/reference_now parameter or central time provider.,Freeze clock in tests and assert stable outputs.,medium,004775858ed0fd18
P3,determinism,NON_INJECTED_CLOCK,meta_learning/awareness/context/manager.py,59,,"timestamp=datetime.now(),",Direct current-time call detected.,Runtime and tests become nondeterministic; relative dates can drift.,Inject a clock/reference_now parameter or central time provider.,Freeze clock in tests and assert stable outputs.,medium,42b52c29880bc9c8
P3,determinism,NON_INJECTED_CLOCK,meta_learning/awareness/context/storage.py,115,,cutoff = (datetime.now() - timedelta(hours=hours)).isoformat(),Direct current-time call detected.,Runtime and tests become nondeterministic; relative dates can drift.,Inject a clock/reference_now parameter or central time provider.,Freeze clock in tests and assert stable outputs.,medium,5e8b6ad718b6d1fc
P3,determinism,NON_INJECTED_CLOCK,meta_learning/evolution/dual_loops.py,130,,"rule_id = f""RULE_{agent_id.upper()}_{datetime.now().strftime('%Y%m%d%H%M')}_{i}""",Direct current-time call detected.,Runtime and tests become nondeterministic; relative dates can drift.,Inject a clock/reference_now parameter or central time provider.,Freeze clock in tests and assert stable outputs.,medium,47b04921e7ea7ca5
P3,determinism,NON_INJECTED_CLOCK,meta_learning/memory/diary_engine.py,71,,decision_timestamp: int = field(default_factory=lambda: int(datetime.now(timezone.utc).timestamp())),Direct current-time call detected.,Runtime and tests become nondeterministic; relative dates can drift.,Inject a clock/reference_now parameter or central time provider.,Freeze clock in tests and assert stable outputs.,medium,bf3f146e49ad8b4d
P3,determinism,NON_INJECTED_CLOCK,meta_learning/memory/diary_engine.py,160,,"decision_timestamp=int(datetime.now(timezone.utc).timestamp()),",Direct current-time call detected.,Runtime and tests become nondeterministic; relative dates can drift.,Inject a clock/reference_now parameter or central time provider.,Freeze clock in tests and assert stable outputs.,medium,1fd5e588402dda7a
P3,determinism,NON_INJECTED_CLOCK,meta_learning/memory/diary_engine.py,207,,"""decision_timestamp"": int(pd.Timestamp.now().timestamp() * 1000),",Direct current-time call detected.,Runtime and tests become nondeterministic; relative dates can drift.,Inject a clock/reference_now parameter or central time provider.,Freeze clock in tests and assert stable outputs.,medium,48907f0e28f19da6
P3,determinism,NON_INJECTED_CLOCK,meta_learning/memory/diary_engine.py,371,,"""timestamp"": datetime.now().isoformat()",Direct current-time call detected.,Runtime and tests become nondeterministic; relative dates can drift.,Inject a clock/reference_now parameter or central time provider.,Freeze clock in tests and assert stable outputs.,medium,67d3a241749b4c6a
P3,determinism,NON_INJECTED_CLOCK,meta_learning/real_time_learning.py,100,,"'timestamp': trade.get('timestamp', datetime.now()),",Direct current-time call detected.,Runtime and tests become nondeterministic; relative dates can drift.,Inject a clock/reference_now parameter or central time provider.,Freeze clock in tests and assert stable outputs.,medium,79e05f9bc59391ee
P3,determinism,NON_INJECTED_CLOCK,meta_learning/real_time_learning.py,165,,'last_update': datetime.now(),Direct current-time call detected.,Runtime and tests become nondeterministic; relative dates can drift.,Inject a clock/reference_now parameter or central time provider.,Freeze clock in tests and assert stable outputs.,medium,21a5397496cc3688
P3,determinism,NON_INJECTED_CLOCK,meta_learning/real_time_learning.py,256,,next_adaptation = datetime.now() + timedelta(hours=trades_until_adaptation * 0.5),Direct current-time call detected.,Runtime and tests become nondeterministic; relative dates can drift.,Inject a clock/reference_now parameter or central time provider.,Freeze clock in tests and assert stable outputs.,medium,24fc0e2e8966df7d
P3,determinism,NON_INJECTED_CLOCK,meta_learning/real_time_learning.py,311,,"'timestamp': datetime.now(),",Direct current-time call detected.,Runtime and tests become nondeterministic; relative dates can drift.,Inject a clock/reference_now parameter or central time provider.,Freeze clock in tests and assert stable outputs.,medium,24bb3c2baf83a0ca
P3,determinism,NON_INJECTED_CLOCK,meta_learning/security/agent_permissions.py,125,,"created_at=datetime.now(), last_active=datetime.now(),",Direct current-time call detected.,Runtime and tests become nondeterministic; relative dates can drift.,Inject a clock/reference_now parameter or central time provider.,Freeze clock in tests and assert stable outputs.,medium,38aec9814c4b13fa
P3,determinism,NON_INJECTED_CLOCK,meta_learning/security/agent_permissions.py,437,,now = datetime.now(),Direct current-time call detected.,Runtime and tests become nondeterministic; relative dates can drift.,Inject a clock/reference_now parameter or central time provider.,Freeze clock in tests and assert stable outputs.,medium,b5632df6d94ced37
P3,determinism,NON_INJECTED_CLOCK,meta_learning/security/agent_permissions.py,465,,now = datetime.now(),Direct current-time call detected.,Runtime and tests become nondeterministic; relative dates can drift.,Inject a clock/reference_now parameter or central time provider.,Freeze clock in tests and assert stable outputs.,medium,234dbb8d9f564364
P3,determinism,NON_INJECTED_CLOCK,meta_learning/security/agent_permissions.py,503,,self.action_counts[agent_id][action_type].append(datetime.now()),Direct current-time call detected.,Runtime and tests become nondeterministic; relative dates can drift.,Inject a clock/reference_now parameter or central time provider.,Freeze clock in tests and assert stable outputs.,medium,89a020775d2be077
P3,determinism,NON_INJECTED_CLOCK,meta_learning/security/agent_permissions.py,505,,self._registered_agents[agent_id].last_active = datetime.now(),Direct current-time call detected.,Runtime and tests become nondeterministic; relative dates can drift.,Inject a clock/reference_now parameter or central time provider.,Freeze clock in tests and assert stable outputs.,medium,001ea78966347d66
P3,determinism,NON_INJECTED_CLOCK,meta_learning/security/agent_permissions.py,512,,"audit_entry = {'timestamp': datetime.now().isoformat(), 'agent_id':",Direct current-time call detected.,Runtime and tests become nondeterministic; relative dates can drift.,Inject a clock/reference_now parameter or central time provider.,Freeze clock in tests and assert stable outputs.,medium,bbbe2ac17b770117
P3,determinism,NON_INJECTED_CLOCK,meta_learning/security/agent_permissions.py,525,,"f""agent_audit_{datetime.now().strftime('%Y%m%d')}.json"")",Direct current-time call detected.,Runtime and tests become nondeterministic; relative dates can drift.,Inject a clock/reference_now parameter or central time provider.,Freeze clock in tests and assert stable outputs.,medium,12237abd6a59ac4f
P3,determinism,NON_INJECTED_CLOCK,meta_learning/security/constraint_engine.py,139,,"timestamp=datetime.now(),",Direct current-time call detected.,Runtime and tests become nondeterministic; relative dates can drift.,Inject a clock/reference_now parameter or central time provider.,Freeze clock in tests and assert stable outputs.,medium,63ae803e333778be
P3,determinism,NON_INJECTED_CLOCK,meta_learning/security/constraint_engine.py,303,,if v.timestamp > datetime.now() - timedelta(hours=1),Direct current-time call detected.,Runtime and tests become nondeterministic; relative dates can drift.,Inject a clock/reference_now parameter or central time provider.,Freeze clock in tests and assert stable outputs.,medium,d83067bd3f244f55
P3,determinism,NON_INJECTED_CLOCK,meta_learning/security/constraint_engine.py,316,,cutoff_time = datetime.now() - timedelta(hours=hours),Direct current-time call detected.,Runtime and tests become nondeterministic; relative dates can drift.,Inject a clock/reference_now parameter or central time provider.,Freeze clock in tests and assert stable outputs.,medium,61a9c90a0ae0bf41
P3,determinism,NON_INJECTED_CLOCK,meta_learning/security/constraint_engine.py,488,,current_time = datetime.now(),Direct current-time call detected.,Runtime and tests become nondeterministic; relative dates can drift.,Inject a clock/reference_now parameter or central time provider.,Freeze clock in tests and assert stable outputs.,medium,80d2452be0ff5271
P3,determinism,NON_INJECTED_CLOCK,meta_learning/security/constraint_engine.py,593,,"timestamp=datetime.now(),",Direct current-time call detected.,Runtime and tests become nondeterministic; relative dates can drift.,Inject a clock/reference_now parameter or central time provider.,Freeze clock in tests and assert stable outputs.,medium,da7485f151047410
P3,determinism,NON_INJECTED_CLOCK,meta_learning/security/constraint_engine.py,612,,cutoff_time = datetime.now() - timedelta(hours=24),Direct current-time call detected.,Runtime and tests become nondeterministic; relative dates can drift.,Inject a clock/reference_now parameter or central time provider.,Freeze clock in tests and assert stable outputs.,medium,85cc9bcc29882fae
P3,determinism,NON_INJECTED_CLOCK,models/analysis/baseline_dominance_detector.py,74,,"'timestamp': datetime.now(),",Direct current-time call detected.,Runtime and tests become nondeterministic; relative dates can drift.,Inject a clock/reference_now parameter or central time provider.,Freeze clock in tests and assert stable outputs.,medium,d6ed431c463a0477
P3,determinism,NON_INJECTED_CLOCK,models/analysis/model_health_analyzer.py,41,,"""timestamp"": datetime.now(),",Direct current-time call detected.,Runtime and tests become nondeterministic; relative dates can drift.,Inject a clock/reference_now parameter or central time provider.,Freeze clock in tests and assert stable outputs.,medium,370c1bc8ad8a05ce
P3,determinism,NON_INJECTED_CLOCK,models/analysis/overfitting_detection/manager.py,38,,"'timestamp': datetime.now(),",Direct current-time call detected.,Runtime and tests become nondeterministic; relative dates can drift.,Inject a clock/reference_now parameter or central time provider.,Freeze clock in tests and assert stable outputs.,medium,1cb71f1846bbf6f5
P3,determinism,NON_INJECTED_CLOCK,models/analysis/regime_winner_analyzer.py,101,,current_time = current_time or datetime.now(),Direct current-time call detected.,Runtime and tests become nondeterministic; relative dates can drift.,Inject a clock/reference_now parameter or central time provider.,Freeze clock in tests and assert stable outputs.,medium,7c254bc9b8c1c935
P3,determinism,NON_INJECTED_CLOCK,models/analysis/regime_winner_analyzer.py,273,,cutoff = datetime.now() - timedelta(days=days),Direct current-time call detected.,Runtime and tests become nondeterministic; relative dates can drift.,Inject a clock/reference_now parameter or central time provider.,Freeze clock in tests and assert stable outputs.,medium,8ff090b4b081b06b
P3,determinism,NON_INJECTED_CLOCK,models/dean/dean_bootstrap_system.py,161,,'timestamp': datetime.now(),Direct current-time call detected.,Runtime and tests become nondeterministic; relative dates can drift.,Inject a clock/reference_now parameter or central time provider.,Freeze clock in tests and assert stable outputs.,medium,2e72148cdd2669b3
P3,determinism,NON_INJECTED_CLOCK,models/dean/dean_bootstrap_system.py,216,,"simulation_id = f""sim_{datetime.now().strftime('%Y%m%d_%H%M%S')}""",Direct current-time call detected.,Runtime and tests become nondeterministic; relative dates can drift.,Inject a clock/reference_now parameter or central time provider.,Freeze clock in tests and assert stable outputs.,medium,07cfa521ea4c3b51
P3,determinism,NON_INJECTED_CLOCK,models/dean/dean_bootstrap_system.py,261,,"timestamp=datetime.now(),",Direct current-time call detected.,Runtime and tests become nondeterministic; relative dates can drift.,Inject a clock/reference_now parameter or central time provider.,Freeze clock in tests and assert stable outputs.,medium,99e84ddd03811dd7
P3,determinism,NON_INJECTED_CLOCK,models/ensemble/correlation/correlation_engine.py,81,,"'timestamp': datetime.now(),",Direct current-time call detected.,Runtime and tests become nondeterministic; relative dates can drift.,Inject a clock/reference_now parameter or central time provider.,Freeze clock in tests and assert stable outputs.,medium,022aec9939ca3cf6
P3,determinism,NON_INJECTED_CLOCK,models/ensemble/correlation/correlation_engine.py,460,,cutoff_time = datetime.now() - timedelta(days=days),Direct current-time call detected.,Runtime and tests become nondeterministic; relative dates can drift.,Inject a clock/reference_now parameter or central time provider.,Freeze clock in tests and assert stable outputs.,medium,d32865a30860cca3
P3,determinism,NON_INJECTED_CLOCK,models/ensemble/dynamic_weights.py,245,,'exported_at': datetime.now().isoformat(),Direct current-time call detected.,Runtime and tests become nondeterministic; relative dates can drift.,Inject a clock/reference_now parameter or central time provider.,Freeze clock in tests and assert stable outputs.,medium,3422fbb577a3f892
P3,determinism,NON_INJECTED_CLOCK,models/ensemble/weight_stability/manager.py,42,,if timestamp is None: timestamp = datetime.now(),Direct current-time call detected.,Runtime and tests become nondeterministic; relative dates can drift.,Inject a clock/reference_now parameter or central time provider.,Freeze clock in tests and assert stable outputs.,medium,6f331fef9fd99f5d
P3,determinism,NON_INJECTED_CLOCK,models/ensemble/weight_stability/manager.py,113,,cutoff = datetime.now() - timedelta(days=days),Direct current-time call detected.,Runtime and tests become nondeterministic; relative dates can drift.,Inject a clock/reference_now parameter or central time provider.,Freeze clock in tests and assert stable outputs.,medium,7ccf8de0ae8c7e35
P3,determinism,NON_INJECTED_CLOCK,models/ensemble/weight_stability_monitor.py,43,,"return monitor.update_weights(new_weights, datetime.now())",Direct current-time call detected.,Runtime and tests become nondeterministic; relative dates can drift.,Inject a clock/reference_now parameter or central time provider.,Freeze clock in tests and assert stable outputs.,medium,925de074cac2302a
P3,determinism,NON_INJECTED_CLOCK,models/integrated_model_manager.py,100,,"'timestamp': datetime.now(),",Direct current-time call detected.,Runtime and tests become nondeterministic; relative dates can drift.,Inject a clock/reference_now parameter or central time provider.,Freeze clock in tests and assert stable outputs.,medium,fc54f6df751a4a22
P3,determinism,NON_INJECTED_CLOCK,models/model_selector/adaptive_selector.py,161,,self.selection_history.append({'timestamp': datetime.now().,Direct current-time call detected.,Runtime and tests become nondeterministic; relative dates can drift.,Inject a clock/reference_now parameter or central time provider.,Freeze clock in tests and assert stable outputs.,medium,9a4af3c1b208a741
P3,determinism,NON_INJECTED_CLOCK,models/model_selector/adaptive_selector.py,310,,"'last_updated': datetime.now().isoformat(), 'arena_integrated':",Direct current-time call detected.,Runtime and tests become nondeterministic; relative dates can drift.,Inject a clock/reference_now parameter or central time provider.,Freeze clock in tests and assert stable outputs.,medium,dac6904ce4814816
P3,determinism,NON_INJECTED_CLOCK,models/model_selector/adaptive_selector.py,360,,"performance_tracker.items()}, 'exported_at': datetime.now()",Direct current-time call detected.,Runtime and tests become nondeterministic; relative dates can drift.,Inject a clock/reference_now parameter or central time provider.,Freeze clock in tests and assert stable outputs.,medium,3d26f910ebb04bda
P3,determinism,NON_INJECTED_CLOCK,models/model_selector/heavy_light_comparator.py,84,,timestamp=datetime.now(),Direct current-time call detected.,Runtime and tests become nondeterministic; relative dates can drift.,Inject a clock/reference_now parameter or central time provider.,Freeze clock in tests and assert stable outputs.,medium,048d8ec3f5ad6f75
P3,determinism,NON_INJECTED_CLOCK,models/model_selector/smart_selector.py,289,,"run_data = {'timestamp': pd.Timestamp.now().isoformat(), 'metrics':",Direct current-time call detected.,Runtime and tests become nondeterministic; relative dates can drift.,Inject a clock/reference_now parameter or central time provider.,Freeze clock in tests and assert stable outputs.,medium,99a9240034cfa28b
P3,determinism,NON_INJECTED_CLOCK,models/monitoring/drift/alert_system.py,163,,timestamp = datetime.now(),Direct current-time call detected.,Runtime and tests become nondeterministic; relative dates can drift.,Inject a clock/reference_now parameter or central time provider.,Freeze clock in tests and assert stable outputs.,medium,a58af2a7b0db8653
P3,determinism,NON_INJECTED_CLOCK,models/monitoring/drift/alert_system.py,223,,timestamp = datetime.now(),Direct current-time call detected.,Runtime and tests become nondeterministic; relative dates can drift.,Inject a clock/reference_now parameter or central time provider.,Freeze clock in tests and assert stable outputs.,medium,19d1f701f5d7df9d
P3,determinism,NON_INJECTED_CLOCK,models/monitoring/drift/alert_system.py,294,,timestamp = datetime.now(),Direct current-time call detected.,Runtime and tests become nondeterministic; relative dates can drift.,Inject a clock/reference_now parameter or central time provider.,Freeze clock in tests and assert stable outputs.,medium,5821b140c00e0422
P3,determinism,NON_INJECTED_CLOCK,models/monitoring/drift/alert_system.py,330,,"f""Timestamp: {datetime.now().strftime('%Y-%m-%d %H:%M:%S')}"",",Direct current-time call detected.,Runtime and tests become nondeterministic; relative dates can drift.,Inject a clock/reference_now parameter or central time provider.,Freeze clock in tests and assert stable outputs.,medium,c5c41bceac5cf92e
P3,determinism,NON_INJECTED_CLOCK,models/monitoring/drift/alert_system.py,390,,timestamp = datetime.now(),Direct current-time call detected.,Runtime and tests become nondeterministic; relative dates can drift.,Inject a clock/reference_now parameter or central time provider.,Freeze clock in tests and assert stable outputs.,medium,4ff601bcaf3d5b40
P3,determinism,NON_INJECTED_CLOCK,models/monitoring/prediction_drift_monitor.py,63,,timestamp = datetime.now(),Direct current-time call detected.,Runtime and tests become nondeterministic; relative dates can drift.,Inject a clock/reference_now parameter or central time provider.,Freeze clock in tests and assert stable outputs.,medium,e346841594bacb8c
P3,determinism,NON_INJECTED_CLOCK,models/monitoring/prediction_drift_monitor.py,313,,cutoff_time = datetime.now() - timedelta(days=days),Direct current-time call detected.,Runtime and tests become nondeterministic; relative dates can drift.,Inject a clock/reference_now parameter or central time provider.,Freeze clock in tests and assert stable outputs.,medium,48a2597d52ef228b
P3,determinism,NON_INJECTED_CLOCK,models/persistent_pool.py,110,,"'added_at': datetime.now().isoformat(),",Direct current-time call detected.,Runtime and tests become nondeterministic; relative dates can drift.,Inject a clock/reference_now parameter or central time provider.,Freeze clock in tests and assert stable outputs.,medium,60afef28a5e0ca90
P3,determinism,NON_INJECTED_CLOCK,models/persistent_pool.py,246,,'updated_at': datetime.now().isoformat(),Direct current-time call detected.,Runtime and tests become nondeterministic; relative dates can drift.,Inject a clock/reference_now parameter or central time provider.,Freeze clock in tests and assert stable outputs.,medium,7a93cb74c0435013
P3,determinism,NON_INJECTED_CLOCK,models/prototypes/prototype.py,64,,self.created_at = datetime.now(),Direct current-time call detected.,Runtime and tests become nondeterministic; relative dates can drift.,Inject a clock/reference_now parameter or central time provider.,Freeze clock in tests and assert stable outputs.,medium,67d2df0666290b51
P3,determinism,NON_INJECTED_CLOCK,models/quality/controller.py,111,,'updated_at': datetime.now().isoformat(),Direct current-time call detected.,Runtime and tests become nondeterministic; relative dates can drift.,Inject a clock/reference_now parameter or central time provider.,Freeze clock in tests and assert stable outputs.,medium,4356345c53e5c192
P3,determinism,NON_INJECTED_CLOCK,models/quality/controller.py,183,,'timestamp': datetime.now().isoformat(),Direct current-time call detected.,Runtime and tests become nondeterministic; relative dates can drift.,Inject a clock/reference_now parameter or central time provider.,Freeze clock in tests and assert stable outputs.,medium,efb794434f46f0df
P3,determinism,NON_INJECTED_CLOCK,models/registry/model_registry.py,56,,"'registered_at': datetime.now(),",Direct current-time call detected.,Runtime and tests become nondeterministic; relative dates can drift.,Inject a clock/reference_now parameter or central time provider.,Freeze clock in tests and assert stable outputs.,medium,ca2e077b546e35b9
P3,determinism,NON_INJECTED_CLOCK,models/registry/model_registry.py,132,,timestamp = datetime.now().strftime('%Y%m%d_%H%M%S'),Direct current-time call detected.,Runtime and tests become nondeterministic; relative dates can drift.,Inject a clock/reference_now parameter or central time provider.,Freeze clock in tests and assert stable outputs.,medium,fcc25e66870e0523
P3,determinism,NON_INJECTED_CLOCK,models/statistics/model_statistics.py,106,,cutoff_time = datetime.now() - timedelta(days=30),Direct current-time call detected.,Runtime and tests become nondeterministic; relative dates can drift.,Inject a clock/reference_now parameter or central time provider.,Freeze clock in tests and assert stable outputs.,medium,47645e2d158de983
P3,determinism,NON_INJECTED_CLOCK,monitoring/dashboard.py,450,,timestamp_str = datetime.now().strftime('%Y-%m-%d %H:%M:%S'),Direct current-time call detected.,Runtime and tests become nondeterministic; relative dates can drift.,Inject a clock/reference_now parameter or central time provider.,Freeze clock in tests and assert stable outputs.,medium,373eca34dc819214
P3,determinism,NON_INJECTED_CLOCK,monitoring/dashboard.py,559,,timestamp = datetime.now().strftime('%Y%m%d_%H%M%S'),Direct current-time call detected.,Runtime and tests become nondeterministic; relative dates can drift.,Inject a clock/reference_now parameter or central time provider.,Freeze clock in tests and assert stable outputs.,medium,4a61df1dcf404a52
P3,determinism,NON_INJECTED_CLOCK,monitoring/data_freshness_monitor.py,129,,current_time = pd.Timestamp.now(),Direct current-time call detected.,Runtime and tests become nondeterministic; relative dates can drift.,Inject a clock/reference_now parameter or central time provider.,Freeze clock in tests and assert stable outputs.,medium,ddcf4d31d8c31df4
P3,determinism,NON_INJECTED_CLOCK,monitoring/data_freshness_monitor.py,165,,'timestamp': pd.Timestamp.now().isoformat(),Direct current-time call detected.,Runtime and tests become nondeterministic; relative dates can drift.,Inject a clock/reference_now parameter or central time provider.,Freeze clock in tests and assert stable outputs.,medium,658879566a0539fe
P3,determinism,NON_INJECTED_CLOCK,monitoring/data_freshness_monitor.py,460,,cutoff_time = pd.Timestamp.now() - pd.Timedelta(hours=hours),Direct current-time call detected.,Runtime and tests become nondeterministic; relative dates can drift.,Inject a clock/reference_now parameter or central time provider.,Freeze clock in tests and assert stable outputs.,medium,04bcf05d677378d7
P3,determinism,NON_INJECTED_CLOCK,monitoring/example_usage.py,87,,'timestamp': datetime.now().isoformat(),Direct current-time call detected.,Runtime and tests become nondeterministic; relative dates can drift.,Inject a clock/reference_now parameter or central time provider.,Freeze clock in tests and assert stable outputs.,medium,1a89cf363df5aa3b
P3,determinism,NON_INJECTED_CLOCK,monitoring/example_usage.py,108,,"'timestamp': datetime.now().isoformat(),",Direct current-time call detected.,Runtime and tests become nondeterministic; relative dates can drift.,Inject a clock/reference_now parameter or central time provider.,Freeze clock in tests and assert stable outputs.,medium,7f31be92cd37aa5f
P3,determinism,NON_INJECTED_CLOCK,monitoring/example_usage.py,145,,'timestamp': datetime.now().isoformat(),Direct current-time call detected.,Runtime and tests become nondeterministic; relative dates can drift.,Inject a clock/reference_now parameter or central time provider.,Freeze clock in tests and assert stable outputs.,medium,08c91c1dc06fd016
P3,determinism,NON_INJECTED_CLOCK,monitoring/example_usage.py,237,,timestamp = datetime.now().strftime('%Y%m%d_%H%M%S'),Direct current-time call detected.,Runtime and tests become nondeterministic; relative dates can drift.,Inject a clock/reference_now parameter or central time provider.,Freeze clock in tests and assert stable outputs.,medium,4989dba7bcb276ab
P3,determinism,NON_INJECTED_CLOCK,monitoring/example_usage.py,286,,'timestamp': datetime.now().isoformat(),Direct current-time call detected.,Runtime and tests become nondeterministic; relative dates can drift.,Inject a clock/reference_now parameter or central time provider.,Freeze clock in tests and assert stable outputs.,medium,a4c10690b3c17b82
P3,determinism,NON_INJECTED_CLOCK,monitoring/example_usage.py,293,,'timestamp': datetime.now().isoformat(),Direct current-time call detected.,Runtime and tests become nondeterministic; relative dates can drift.,Inject a clock/reference_now parameter or central time provider.,Freeze clock in tests and assert stable outputs.,medium,39e239367f64cded
P3,determinism,NON_INJECTED_CLOCK,monitoring/feature_drift_monitor.py,92,,self.metrics['last_check_time'] = datetime.now()  # type: ignore,Direct current-time call detected.,Runtime and tests become nondeterministic; relative dates can drift.,Inject a clock/reference_now parameter or central time provider.,Freeze clock in tests and assert stable outputs.,medium,c355a14061bd88af
P3,determinism,NON_INJECTED_CLOCK,monitoring/feature_drift_monitor.py,149,,"timestamp = datetime.now().strftime(""%Y%m%d_%H%M%S"")",Direct current-time call detected.,Runtime and tests become nondeterministic; relative dates can drift.,Inject a clock/reference_now parameter or central time provider.,Freeze clock in tests and assert stable outputs.,medium,d932090b854d4fa7
P3,determinism,NON_INJECTED_CLOCK,monitoring/health_hub.py,164,,"return {'timestamp': datetime.now().isoformat(), 'metrics':",Direct current-time call detected.,Runtime and tests become nondeterministic; relative dates can drift.,Inject a clock/reference_now parameter or central time provider.,Freeze clock in tests and assert stable outputs.,medium,68d63db7d1cbeb47
P3,determinism,NON_INJECTED_CLOCK,monitoring/health_hub.py,244,,"drift_detected, 'timestamp': datetime.now().isoformat()}",Direct current-time call detected.,Runtime and tests become nondeterministic; relative dates can drift.,Inject a clock/reference_now parameter or central time provider.,Freeze clock in tests and assert stable outputs.,medium,e2af9b3fd1cb2206
P3,determinism,NON_INJECTED_CLOCK,monitoring/health_hub.py,274,,cutoff = datetime.now() - timedelta(days=window_days),Direct current-time call detected.,Runtime and tests become nondeterministic; relative dates can drift.,Inject a clock/reference_now parameter or central time provider.,Freeze clock in tests and assert stable outputs.,medium,6398e4cd42518bbf
P3,determinism,NON_INJECTED_CLOCK,monitoring/infrastructure/resource_monitor.py,81,,"return {'timestamp': datetime.now().isoformat(), 'system': futures[",Direct current-time call detected.,Runtime and tests become nondeterministic; relative dates can drift.,Inject a clock/reference_now parameter or central time provider.,Freeze clock in tests and assert stable outputs.,medium,a9ffae41484d440a
P3,determinism,NON_INJECTED_CLOCK,monitoring/ml_analytics.py,69,,"results = {'timestamp': datetime.now().isoformat(),",Direct current-time call detected.,Runtime and tests become nondeterministic; relative dates can drift.,Inject a clock/reference_now parameter or central time provider.,Freeze clock in tests and assert stable outputs.,medium,6f8868160a679a52
P3,determinism,NON_INJECTED_CLOCK,monitoring/ml_analytics.py,107,,"return {'timestamp': datetime.now().isoformat(), 'metrics':",Direct current-time call detected.,Runtime and tests become nondeterministic; relative dates can drift.,Inject a clock/reference_now parameter or central time provider.,Freeze clock in tests and assert stable outputs.,medium,b3c14d11dce15b5c
P3,determinism,NON_INJECTED_CLOCK,monitoring/ml_analytics.py,137,,cutoff = datetime.now() - timedelta(days=window_days),Direct current-time call detected.,Runtime and tests become nondeterministic; relative dates can drift.,Inject a clock/reference_now parameter or central time provider.,Freeze clock in tests and assert stable outputs.,medium,845075e259d2cfb4
P3,determinism,NON_INJECTED_CLOCK,monitoring/ml_analytics.py,168,,"datetime.now().hour), float(datetime.now().dayofweek)]",Direct current-time call detected.,Runtime and tests become nondeterministic; relative dates can drift.,Inject a clock/reference_now parameter or central time provider.,Freeze clock in tests and assert stable outputs.,medium,88590c1feb4d32bc
P3,determinism,NON_INJECTED_CLOCK,monitoring/monitoring_system.py,82,,"return {'monitor_name': self.name, 'timestamp': datetime.now().",Direct current-time call detected.,Runtime and tests become nondeterministic; relative dates can drift.,Inject a clock/reference_now parameter or central time provider.,Freeze clock in tests and assert stable outputs.,medium,2b8e3ceb20f9b698
P3,determinism,NON_INJECTED_CLOCK,monitoring/monitoring_system.py,123,,"process_count, 'timestamp': datetime.now().isoformat()}",Direct current-time call detected.,Runtime and tests become nondeterministic; relative dates can drift.,Inject a clock/reference_now parameter or central time provider.,Freeze clock in tests and assert stable outputs.,medium,c9df13b1054cf6ab
P3,determinism,NON_INJECTED_CLOCK,monitoring/monitoring_system.py,158,,"alertstatus.ACTIVE.value, 'timestamp': datetime.now().isoformat",Direct current-time call detected.,Runtime and tests become nondeterministic; relative dates can drift.,Inject a clock/reference_now parameter or central time provider.,Freeze clock in tests and assert stable outputs.,medium,2615533cb5da8854
P3,determinism,NON_INJECTED_CLOCK,monitoring/monitoring_system.py,184,,"0.0, 'timestamp': datetime.now().isoformat()}",Direct current-time call detected.,Runtime and tests become nondeterministic; relative dates can drift.,Inject a clock/reference_now parameter or central time provider.,Freeze clock in tests and assert stable outputs.,medium,3a690723fd4725fd
P3,determinism,NON_INJECTED_CLOCK,monitoring/monitoring_system.py,210,,"alertstatus.ACTIVE.value, 'timestamp': datetime.now().isoformat",Direct current-time call detected.,Runtime and tests become nondeterministic; relative dates can drift.,Inject a clock/reference_now parameter or central time provider.,Freeze clock in tests and assert stable outputs.,medium,c5ff1b963aefb524
P3,determinism,NON_INJECTED_CLOCK,monitoring/monitoring_system.py,239,,"s in self.data_sources.values()), 'timestamp': datetime.now",Direct current-time call detected.,Runtime and tests become nondeterministic; relative dates can drift.,Inject a clock/reference_now parameter or central time provider.,Freeze clock in tests and assert stable outputs.,medium,f2ef8f72a0458c61
P3,determinism,NON_INJECTED_CLOCK,monitoring/monitoring_system.py,263,,"alertstatus.ACTIVE.value, 'timestamp': datetime.now().isoformat",Direct current-time call detected.,Runtime and tests become nondeterministic; relative dates can drift.,Inject a clock/reference_now parameter or central time provider.,Freeze clock in tests and assert stable outputs.,medium,6f6c2c0ecf0988cc
P3,determinism,NON_INJECTED_CLOCK,monitoring/monitoring_system.py,297,,alert['resolved_at'] = datetime.now().isoformat(),Direct current-time call detected.,Runtime and tests become nondeterministic; relative dates can drift.,Inject a clock/reference_now parameter or central time provider.,Freeze clock in tests and assert stable outputs.,medium,7b11db7f31b110c1
P3,determinism,NON_INJECTED_CLOCK,monitoring/monitoring_system.py,312,,cutoff_time = datetime.now() - timedelta(hours=self.auto_resolve_hours),Direct current-time call detected.,Runtime and tests become nondeterministic; relative dates can drift.,Inject a clock/reference_now parameter or central time provider.,Freeze clock in tests and assert stable outputs.,medium,6892224b330a9d4f
P3,determinism,NON_INJECTED_CLOCK,monitoring/monitoring_system.py,370,,"dashboard_data: dict[str, Any] = {'timestamp': datetime.now().",Direct current-time call detected.,Runtime and tests become nondeterministic; relative dates can drift.,Inject a clock/reference_now parameter or central time provider.,Freeze clock in tests and assert stable outputs.,medium,9d63480c5e12a7f9
P3,determinism,NON_INJECTED_CLOCK,monitoring/monitoring_system.py,400,,cutoff_time = datetime.now() - timedelta(hours=hours),Direct current-time call detected.,Runtime and tests become nondeterministic; relative dates can drift.,Inject a clock/reference_now parameter or central time provider.,Freeze clock in tests and assert stable outputs.,medium,e2895033712b0f85
P3,determinism,NON_INJECTED_CLOCK,monitoring/monitoring_system.py,503,,"get_active_alerts()), 'last_collection': datetime.now().isoformat()",Direct current-time call detected.,Runtime and tests become nondeterministic; relative dates can drift.,Inject a clock/reference_now parameter or central time provider.,Freeze clock in tests and assert stable outputs.,medium,46a5f60bb3431f8b
P3,determinism,NON_INJECTED_CLOCK,monitoring/reporting/performance_reports.py,47,,'timestamp': (timestamp or datetime.now()).isoformat(),Direct current-time call detected.,Runtime and tests become nondeterministic; relative dates can drift.,Inject a clock/reference_now parameter or central time provider.,Freeze clock in tests and assert stable outputs.,medium,bfa6addc591049ae
P3,determinism,NON_INJECTED_CLOCK,monitoring/reporting/performance_reports.py,104,,"'timestamp': datetime.now().isoformat(),",Direct current-time call detected.,Runtime and tests become nondeterministic; relative dates can drift.,Inject a clock/reference_now parameter or central time provider.,Freeze clock in tests and assert stable outputs.,medium,3252b576a7486fb8
P3,determinism,NON_INJECTED_CLOCK,monitoring/tests.py,110,,'timestamp': datetime.now().isoformat(),Direct current-time call detected.,Runtime and tests become nondeterministic; relative dates can drift.,Inject a clock/reference_now parameter or central time provider.,Freeze clock in tests and assert stable outputs.,medium,11132de069e500e7
P3,determinism,NON_INJECTED_CLOCK,monitoring/tests.py,172,,"'timestamp': datetime.now().isoformat(),",Direct current-time call detected.,Runtime and tests become nondeterministic; relative dates can drift.,Inject a clock/reference_now parameter or central time provider.,Freeze clock in tests and assert stable outputs.,medium,7b42f392333f7eaa
P3,determinism,NON_INJECTED_CLOCK,monitoring/tests.py,191,,'timestamp': datetime.now().isoformat(),Direct current-time call detected.,Runtime and tests become nondeterministic; relative dates can drift.,Inject a clock/reference_now parameter or central time provider.,Freeze clock in tests and assert stable outputs.,medium,d751ac6de5b04bce
P3,determinism,NON_INJECTED_CLOCK,monitoring/tests.py,212,,'timestamp': datetime.now().isoformat(),Direct current-time call detected.,Runtime and tests become nondeterministic; relative dates can drift.,Inject a clock/reference_now parameter or central time provider.,Freeze clock in tests and assert stable outputs.,medium,399a37ce3b3553ea
P3,determinism,NON_INJECTED_CLOCK,monitoring/tests.py,219,,'timestamp': datetime.now().isoformat(),Direct current-time call detected.,Runtime and tests become nondeterministic; relative dates can drift.,Inject a clock/reference_now parameter or central time provider.,Freeze clock in tests and assert stable outputs.,medium,160af0d6440b31a1
P3,determinism,NON_INJECTED_CLOCK,monitoring/tests.py,325,,'timestamp': datetime.now().isoformat(),Direct current-time call detected.,Runtime and tests become nondeterministic; relative dates can drift.,Inject a clock/reference_now parameter or central time provider.,Freeze clock in tests and assert stable outputs.,medium,c81ae136f7bf6432
P3,determinism,NON_INJECTED_CLOCK,optimization/dynamic_config_updater.py,144,,"'timestamp': datetime.datetime.now().isoformat(),",Direct current-time call detected.,Runtime and tests become nondeterministic; relative dates can drift.,Inject a clock/reference_now parameter or central time provider.,Freeze clock in tests and assert stable outputs.,medium,5b45c9f3f8b051e4
P3,determinism,NON_INJECTED_CLOCK,optimization/hyperparameter_searcher.py,305,,"f""hyperparameter_search_results_{datetime.now().strftime('%Y%m%d_%H%M%S')}.json""",Direct current-time call detected.,Runtime and tests become nondeterministic; relative dates can drift.,Inject a clock/reference_now parameter or central time provider.,Freeze clock in tests and assert stable outputs.,medium,ef76f04504f99056
P3,determinism,NON_INJECTED_CLOCK,optimization/hyperparameter_searcher.py,309,,"'trial_history': self.trial_history, 'timestamp': datetime.now(",Direct current-time call detected.,Runtime and tests become nondeterministic; relative dates can drift.,Inject a clock/reference_now parameter or central time provider.,Freeze clock in tests and assert stable outputs.,medium,f6323a8c2d6eec20
P3,determinism,NON_INJECTED_CLOCK,patterns/pattern_analyzer.py,36,,"f""pattern_{datetime.now().strftime('%H%M%S')}"")",Direct current-time call detected.,Runtime and tests become nondeterministic; relative dates can drift.,Inject a clock/reference_now parameter or central time provider.,Freeze clock in tests and assert stable outputs.,medium,4ffb6ec55fe622c4
P3,determinism,NON_INJECTED_CLOCK,patterns/pattern_analyzer.py,38,,"self.log('INFO', f'Start time: {datetime.now().isoformat()}')",Direct current-time call detected.,Runtime and tests become nondeterministic; relative dates can drift.,Inject a clock/reference_now parameter or central time provider.,Freeze clock in tests and assert stable outputs.,medium,78530fc0cf3db7de
P3,determinism,NON_INJECTED_CLOCK,patterns/pattern_analyzer.py,44,,timestamp = datetime.now().isoformat(),Direct current-time call detected.,Runtime and tests become nondeterministic; relative dates can drift.,Inject a clock/reference_now parameter or central time provider.,Freeze clock in tests and assert stable outputs.,medium,a601af2c1906b9e4
P3,determinism,NON_INJECTED_CLOCK,patterns/pattern_analyzer.py,144,,timestamp = datetime.now().strftime('%Y%m%d_%H%M%S'),Direct current-time call detected.,Runtime and tests become nondeterministic; relative dates can drift.,Inject a clock/reference_now parameter or central time provider.,Freeze clock in tests and assert stable outputs.,medium,26dea3ce80848cee
P3,determinism,NON_INJECTED_CLOCK,patterns/pattern_analyzer.py,235,,results['analysis_timestamp'] = datetime.now().isoformat(),Direct current-time call detected.,Runtime and tests become nondeterministic; relative dates can drift.,Inject a clock/reference_now parameter or central time provider.,Freeze clock in tests and assert stable outputs.,medium,51232409dfaf5078
P3,determinism,NON_INJECTED_CLOCK,pipeline/guards/macro_release_timing_guard.py,497,,current_time = pd.Timestamp.now(),Direct current-time call detected.,Runtime and tests become nondeterministic; relative dates can drift.,Inject a clock/reference_now parameter or central time provider.,Freeze clock in tests and assert stable outputs.,medium,41de9ca63848670b
P3,determinism,NON_INJECTED_CLOCK,pipeline/guards/safe_feature_combiner.py,359,,'timestamp': pd.Timestamp.now().isoformat(),Direct current-time call detected.,Runtime and tests become nondeterministic; relative dates can drift.,Inject a clock/reference_now parameter or central time provider.,Freeze clock in tests and assert stable outputs.,medium,43b3d203cb376a06
P3,determinism,NON_INJECTED_CLOCK,pipeline/guards/safe_feature_combiner.py,442,,current_time = pd.Timestamp.now(),Direct current-time call detected.,Runtime and tests become nondeterministic; relative dates can drift.,Inject a clock/reference_now parameter or central time provider.,Freeze clock in tests and assert stable outputs.,medium,dbed6f81ccfe3353
P3,determinism,NON_INJECTED_CLOCK,pipeline/guards/temporal_leakage_guard.py,533,,current_time = pd.Timestamp.now(),Direct current-time call detected.,Runtime and tests become nondeterministic; relative dates can drift.,Inject a clock/reference_now parameter or central time provider.,Freeze clock in tests and assert stable outputs.,medium,c06f742ce6baafe4
P3,determinism,NON_INJECTED_CLOCK,pipeline/guards/temporal_target_guard.py,138,,"return guard.generate_targets_safe(df, timeframe, pd.Timestamp.now(), configs)",Direct current-time call detected.,Runtime and tests become nondeterministic; relative dates can drift.,Inject a clock/reference_now parameter or central time provider.,Freeze clock in tests and assert stable outputs.,medium,7235fc8427b21162
P3,determinism,NON_INJECTED_CLOCK,pipeline/guards/timeframe_alignment_guard.py,433,,current_time = pd.Timestamp.now(),Direct current-time call detected.,Runtime and tests become nondeterministic; relative dates can drift.,Inject a clock/reference_now parameter or central time provider.,Freeze clock in tests and assert stable outputs.,medium,358b50b8edaaf828
P3,determinism,NON_INJECTED_CLOCK,pipeline/hybrid/cache_manager.py,58,,days = (datetime.now() - datetime.fromisoformat(last_ts)).days,Direct current-time call detected.,Runtime and tests become nondeterministic; relative dates can drift.,Inject a clock/reference_now parameter or central time provider.,Freeze clock in tests and assert stable outputs.,medium,0b29d40279cadce5
P3,determinism,NON_INJECTED_CLOCK,pipeline/hybrid/colab_manager.py,59,,"timestamp = datetime.now().strftime(""%Y%m%d_%H%M%S"")",Direct current-time call detected.,Runtime and tests become nondeterministic; relative dates can drift.,Inject a clock/reference_now parameter or central time provider.,Freeze clock in tests and assert stable outputs.,medium,28249c96d8bfb58b
P3,determinism,NON_INJECTED_CLOCK,pipeline/hybrid/feature_selection_manager.py,85,,'timestamp': pd.Timestamp.now().isoformat(),Direct current-time call detected.,Runtime and tests become nondeterministic; relative dates can drift.,Inject a clock/reference_now parameter or central time provider.,Freeze clock in tests and assert stable outputs.,medium,fc738820861b3b71
P3,determinism,NON_INJECTED_CLOCK,pipeline/hybrid/feature_selection_validator.py,78,,days = (datetime.now() - datetime.fromisoformat(last_ts)).days,Direct current-time call detected.,Runtime and tests become nondeterministic; relative dates can drift.,Inject a clock/reference_now parameter or central time provider.,Freeze clock in tests and assert stable outputs.,medium,f3390d66051048f6
P3,determinism,NON_INJECTED_CLOCK,pipeline/hybrid/feature_selection_validator.py,154,,datetime.now().isoformat()},Direct current-time call detected.,Runtime and tests become nondeterministic; relative dates can drift.,Inject a clock/reference_now parameter or central time provider.,Freeze clock in tests and assert stable outputs.,medium,9005c1ec224b4fac
P3,determinism,NON_INJECTED_CLOCK,pipeline/hybrid/final_stages_executor.py,192,,"return {'timestamp': datetime.now().isoformat(), 'batch_name': self",Direct current-time call detected.,Runtime and tests become nondeterministic; relative dates can drift.,Inject a clock/reference_now parameter or central time provider.,Freeze clock in tests and assert stable outputs.,medium,2be9e8117d12c8a1
P3,determinism,NON_INJECTED_CLOCK,pipeline/hybrid/final_stages_executor.py,202,,") / f""final_results_{datetime.now().strftime('%Y%m%d_%H%M%S')}.json""",Direct current-time call detected.,Runtime and tests become nondeterministic; relative dates can drift.,Inject a clock/reference_now parameter or central time provider.,Freeze clock in tests and assert stable outputs.,medium,4749065a224ebd0b
P3,determinism,NON_INJECTED_CLOCK,pipeline/hybrid/final_stages_orchestrator.py,86,,"'timestamp': datetime.now().isoformat(),",Direct current-time call detected.,Runtime and tests become nondeterministic; relative dates can drift.,Inject a clock/reference_now parameter or central time provider.,Freeze clock in tests and assert stable outputs.,medium,79d685760d2f838f
P3,determinism,NON_INJECTED_CLOCK,pipeline/hybrid/final_stages_orchestrator.py,95,,"output_path = self.output_dir / f""final_results_{datetime.now().strftime('%Y%m%d_%H%M%S')}.json""",Direct current-time call detected.,Runtime and tests become nondeterministic; relative dates can drift.,Inject a clock/reference_now parameter or central time provider.,Freeze clock in tests and assert stable outputs.,medium,580f035b65cf2af1
P3,determinism,NON_INJECTED_CLOCK,pipeline/hybrid/light_models_trainer.py,51,,timestamp = datetime.now().strftime('%Y%m%d_%H%M%S'),Direct current-time call detected.,Runtime and tests become nondeterministic; relative dates can drift.,Inject a clock/reference_now parameter or central time provider.,Freeze clock in tests and assert stable outputs.,medium,ddbff66a9f02e68e
P3,determinism,NON_INJECTED_CLOCK,pipeline/hybrid/metadata_manager.py,94,,"'timestamp': datetime.now().isoformat(),",Direct current-time call detected.,Runtime and tests become nondeterministic; relative dates can drift.,Inject a clock/reference_now parameter or central time provider.,Freeze clock in tests and assert stable outputs.,medium,5c67d529c2b49f23
P3,determinism,NON_INJECTED_CLOCK,pipeline/hybrid/metadata_manager.py,100,,"timestamp = datetime.now().strftime(""%Y%m%d_%H%M%S"")",Direct current-time call detected.,Runtime and tests become nondeterministic; relative dates can drift.,Inject a clock/reference_now parameter or central time provider.,Freeze clock in tests and assert stable outputs.,medium,6678c1ed0d49584e
P3,determinism,NON_INJECTED_CLOCK,pipeline/hybrid/model_training_orchestrator.py,65,,df['collected_at'] = datetime.now(),Direct current-time call detected.,Runtime and tests become nondeterministic; relative dates can drift.,Inject a clock/reference_now parameter or central time provider.,Freeze clock in tests and assert stable outputs.,medium,ce4d754b24523ffd
P3,determinism,NON_INJECTED_CLOCK,pipeline/hybrid/model_training_orchestrator.py,112,,base_date = datetime.now() - timedelta(days=60),Direct current-time call detected.,Runtime and tests become nondeterministic; relative dates can drift.,Inject a clock/reference_now parameter or central time provider.,Freeze clock in tests and assert stable outputs.,medium,d99f2d6990df9558
P3,determinism,NON_INJECTED_CLOCK,pipeline/hybrid/model_training_orchestrator.py,151,,"'date': datetime.now().strftime('%Y-%m-%d'),",Direct current-time call detected.,Runtime and tests become nondeterministic; relative dates can drift.,Inject a clock/reference_now parameter or central time provider.,Freeze clock in tests and assert stable outputs.,medium,00d899bee4c8bddc
P3,determinism,NON_INJECTED_CLOCK,pipeline/hybrid/model_training_orchestrator.py,157,,'timestamp': datetime.now(),Direct current-time call detected.,Runtime and tests become nondeterministic; relative dates can drift.,Inject a clock/reference_now parameter or central time provider.,Freeze clock in tests and assert stable outputs.,medium,5775e39a1d4398f0
P3,determinism,NON_INJECTED_CLOCK,pipeline/hybrid/model_training_orchestrator.py,173,,base_date = datetime.now() - timedelta(days=60),Direct current-time call detected.,Runtime and tests become nondeterministic; relative dates can drift.,Inject a clock/reference_now parameter or central time provider.,Freeze clock in tests and assert stable outputs.,medium,ebe04172d99290ae
P3,determinism,NON_INJECTED_CLOCK,pipeline/hybrid/pipeline_executor.py,34,,"timestamp = pd.Timestamp.now().strftime(""%Y%m%d_%H%M%S"")",Direct current-time call detected.,Runtime and tests become nondeterministic; relative dates can drift.,Inject a clock/reference_now parameter or central time provider.,Freeze clock in tests and assert stable outputs.,medium,8bc54849993a8bee
P3,determinism,NON_INJECTED_CLOCK,pipeline/hybrid/pipeline_metadata_manager.py,62,,"accumulated_results = {'timestamp': datetime.now().isoformat(),",Direct current-time call detected.,Runtime and tests become nondeterministic; relative dates can drift.,Inject a clock/reference_now parameter or central time provider.,Freeze clock in tests and assert stable outputs.,medium,10a6ac4884da66b8
P3,determinism,NON_INJECTED_CLOCK,pipeline/hybrid/pipeline_runner.py,40,,"timestamp = datetime.now().strftime(""%Y%m%d_%H%M%S"")",Direct current-time call detected.,Runtime and tests become nondeterministic; relative dates can drift.,Inject a clock/reference_now parameter or central time provider.,Freeze clock in tests and assert stable outputs.,medium,d69d0eec6500fa33
P3,determinism,NON_INJECTED_CLOCK,pipeline/stages/evaluation/analytics.py,93,,"""timestamp"": pd.Timestamp.now().isoformat(),",Direct current-time call detected.,Runtime and tests become nondeterministic; relative dates can drift.,Inject a clock/reference_now parameter or central time provider.,Freeze clock in tests and assert stable outputs.,medium,e5c236d66677bd58
P3,determinism,NON_INJECTED_CLOCK,pipeline/stages/evaluation/backtest_adapter.py,24,,price_pivot.index = [pd.Timestamp.now()],Direct current-time call detected.,Runtime and tests become nondeterministic; relative dates can drift.,Inject a clock/reference_now parameter or central time provider.,Freeze clock in tests and assert stable outputs.,medium,55f776ef89513f26
P3,determinism,NON_INJECTED_CLOCK,pipeline/stages/evaluation/backtest_adapter.py,33,,price_pivot.index = [pd.Timestamp.now()],Direct current-time call detected.,Runtime and tests become nondeterministic; relative dates can drift.,Inject a clock/reference_now parameter or central time provider.,Freeze clock in tests and assert stable outputs.,medium,6dc4e4607cdb6ace
P3,determinism,NON_INJECTED_CLOCK,pipeline/stages/evaluation/backtest_analyzer.py,67,,price_pivot.index = [pd.Timestamp.now()],Direct current-time call detected.,Runtime and tests become nondeterministic; relative dates can drift.,Inject a clock/reference_now parameter or central time provider.,Freeze clock in tests and assert stable outputs.,medium,9ffea314cb4525a6
P3,determinism,NON_INJECTED_CLOCK,pipeline/stages/evaluation/backtest_analyzer.py,77,,price_pivot.index = [pd.Timestamp.now()],Direct current-time call detected.,Runtime and tests become nondeterministic; relative dates can drift.,Inject a clock/reference_now parameter or central time provider.,Freeze clock in tests and assert stable outputs.,medium,7c948ac7effbf6f0
P3,determinism,NON_INJECTED_CLOCK,pipeline/stages/evaluation/backtest_analyzer.py,107,,end_date = datetime.now(),Direct current-time call detected.,Runtime and tests become nondeterministic; relative dates can drift.,Inject a clock/reference_now parameter or central time provider.,Freeze clock in tests and assert stable outputs.,medium,f0f865ab78d45938
P3,determinism,NON_INJECTED_CLOCK,pipeline/stages/evaluation/backtest_analyzer.py,144,,"dates = pd.date_range(end=datetime.now(), periods=2, freq='D')",Direct current-time call detected.,Runtime and tests become nondeterministic; relative dates can drift.,Inject a clock/reference_now parameter or central time provider.,Freeze clock in tests and assert stable outputs.,medium,fc9c280529de6548
P3,determinism,NON_INJECTED_CLOCK,pipeline/stages/evaluation/backtest_analyzer.py,267,,"dates = pd.date_range(end=pd.Timestamp.now(), periods=2, freq='D')",Direct current-time call detected.,Runtime and tests become nondeterministic; relative dates can drift.,Inject a clock/reference_now parameter or central time provider.,Freeze clock in tests and assert stable outputs.,medium,a3bf8b0c63d658cb
P3,determinism,NON_INJECTED_CLOCK,pipeline/stages/evaluation/report_generator.py,96,,'timestamp': pd.Timestamp.now().isoformat(),Direct current-time call detected.,Runtime and tests become nondeterministic; relative dates can drift.,Inject a clock/reference_now parameter or central time provider.,Freeze clock in tests and assert stable outputs.,medium,296fdd7dd7865aff
P3,determinism,NON_INJECTED_CLOCK,pipeline/stages/evaluation/report_generator.py,116,,"'timestamp': pd.Timestamp.now().isoformat(),",Direct current-time call detected.,Runtime and tests become nondeterministic; relative dates can drift.,Inject a clock/reference_now parameter or central time provider.,Freeze clock in tests and assert stable outputs.,medium,710ad825267741a2
P3,determinism,NON_INJECTED_CLOCK,pipeline/stages/evaluation/report_generator.py,160,,"file_path = save_dir / f""summary_{pd.Timestamp.now().strftime('%Y%m%d_%H%M%S')}.json""",Direct current-time call detected.,Runtime and tests become nondeterministic; relative dates can drift.,Inject a clock/reference_now parameter or central time provider.,Freeze clock in tests and assert stable outputs.,medium,fc77fffe62c5b653
P3,determinism,NON_INJECTED_CLOCK,pipeline/stages/feature_engineering/orchestrator.py,86,,'timestamp': datetime.now().isoformat(),Direct current-time call detected.,Runtime and tests become nondeterministic; relative dates can drift.,Inject a clock/reference_now parameter or central time provider.,Freeze clock in tests and assert stable outputs.,medium,df4bb3dbb8e6e69a
P3,determinism,NON_INJECTED_CLOCK,pipeline/stages/modeling/metrics.py,23,,"""timestamp"": datetime.datetime.now().isoformat(),",Direct current-time call detected.,Runtime and tests become nondeterministic; relative dates can drift.,Inject a clock/reference_now parameter or central time provider.,Freeze clock in tests and assert stable outputs.,medium,3e0b1149241ea1d2
P3,determinism,NON_INJECTED_CLOCK,pipeline/stages/modeling/metrics.py,35,,"""timestamp"": datetime.datetime.now().isoformat(),",Direct current-time call detected.,Runtime and tests become nondeterministic; relative dates can drift.,Inject a clock/reference_now parameter or central time provider.,Freeze clock in tests and assert stable outputs.,medium,4eced529b55a7056
P3,determinism,NON_INJECTED_CLOCK,pipeline/stages/modeling/utils.py,31,,"""timestamp"": datetime.datetime.now().isoformat(),",Direct current-time call detected.,Runtime and tests become nondeterministic; relative dates can drift.,Inject a clock/reference_now parameter or central time provider.,Freeze clock in tests and assert stable outputs.,medium,b61bbb943de04e68
P3,determinism,NON_INJECTED_CLOCK,pipeline/stages/modeling/utils.py,42,,"""timestamp"": datetime.datetime.now().isoformat(),",Direct current-time call detected.,Runtime and tests become nondeterministic; relative dates can drift.,Inject a clock/reference_now parameter or central time provider.,Freeze clock in tests and assert stable outputs.,medium,0ad568c904fd3109
P3,determinism,NON_INJECTED_CLOCK,pipeline/stages/prediction/result_builder.py,116,,ts_val = datetime.now().isoformat(),Direct current-time call detected.,Runtime and tests become nondeterministic; relative dates can drift.,Inject a clock/reference_now parameter or central time provider.,Freeze clock in tests and assert stable outputs.,medium,069e11937cb82256
P3,determinism,NON_INJECTED_CLOCK,pipeline/stages/prediction/result_builder.py,188,,"stage_5_results = {'timestamp': datetime.now().isoformat(),",Direct current-time call detected.,Runtime and tests become nondeterministic; relative dates can drift.,Inject a clock/reference_now parameter or central time provider.,Freeze clock in tests and assert stable outputs.,medium,f11c70b32ae3d3e2
P3,determinism,NON_INJECTED_CLOCK,pipeline/stages/processing/orchestrator.py,115,,'timestamp': datetime.now().isoformat(),Direct current-time call detected.,Runtime and tests become nondeterministic; relative dates can drift.,Inject a clock/reference_now parameter or central time provider.,Freeze clock in tests and assert stable outputs.,medium,11150d2a4fb10ddc
P3,determinism,NON_INJECTED_CLOCK,pipeline/stages/processing/storage.py,20,,timestamp = datetime.now().strftime('%Y%m%d_%H%M%S'),Direct current-time call detected.,Runtime and tests become nondeterministic; relative dates can drift.,Inject a clock/reference_now parameter or central time provider.,Freeze clock in tests and assert stable outputs.,medium,3bbeedb3ad1684ce
P3,determinism,NON_INJECTED_CLOCK,pipeline/stages/stage_4_modeling.py,129,,'timestamp': datetime.datetime.now().isoformat(),Direct current-time call detected.,Runtime and tests become nondeterministic; relative dates can drift.,Inject a clock/reference_now parameter or central time provider.,Freeze clock in tests and assert stable outputs.,medium,5c9eaa5e7163708f
P3,determinism,NON_INJECTED_CLOCK,pipeline/stages/stage_5_prediction.py,439,,"stage_5_results = {'timestamp': datetime.now().isoformat(),",Direct current-time call detected.,Runtime and tests become nondeterministic; relative dates can drift.,Inject a clock/reference_now parameter or central time provider.,Freeze clock in tests and assert stable outputs.,medium,08f444aa6e07c4e7
P3,determinism,NON_INJECTED_CLOCK,pipeline/stages/stage_7_evaluation.py,174,,'timestamp': pd.Timestamp.now().isoformat(),Direct current-time call detected.,Runtime and tests become nondeterministic; relative dates can drift.,Inject a clock/reference_now parameter or central time provider.,Freeze clock in tests and assert stable outputs.,medium,af29f0c30b97ac3e
P3,determinism,NON_INJECTED_CLOCK,pipeline/stages/trading/data_io.py,94,,"stage_6_results = {'timestamp': datetime.now().isoformat(),",Direct current-time call detected.,Runtime and tests become nondeterministic; relative dates can drift.,Inject a clock/reference_now parameter or central time provider.,Freeze clock in tests and assert stable outputs.,medium,bc648761691b0df6
P3,determinism,NON_INJECTED_CLOCK,pipeline/stages/trading/recommendation_engine.py,491,,'timestamp': datetime.now().isoformat()},Direct current-time call detected.,Runtime and tests become nondeterministic; relative dates can drift.,Inject a clock/reference_now parameter or central time provider.,Freeze clock in tests and assert stable outputs.,medium,09f47b64f789ef92
P3,determinism,NON_INJECTED_CLOCK,predictions/caching.py,115,,if ttl_seconds and (datetime.now() - timestamp).total_seconds(,Direct current-time call detected.,Runtime and tests become nondeterministic; relative dates can drift.,Inject a clock/reference_now parameter or central time provider.,Freeze clock in tests and assert stable outputs.,medium,27159e4af50f1520
P3,determinism,NON_INJECTED_CLOCK,predictions/caching.py,130,,"self.cache[cache_key] = result, datetime.now()",Direct current-time call detected.,Runtime and tests become nondeterministic; relative dates can drift.,Inject a clock/reference_now parameter or central time provider.,Freeze clock in tests and assert stable outputs.,medium,84f6a4af6057234f
P3,determinism,NON_INJECTED_CLOCK,risk/elite_risk_metrics.py,222,,"position_risks, 'timestamp': datetime.now().isoformat(),",Direct current-time call detected.,Runtime and tests become nondeterministic; relative dates can drift.,Inject a clock/reference_now parameter or central time provider.,Freeze clock in tests and assert stable outputs.,medium,4269a3f52a677627
P3,determinism,NON_INJECTED_CLOCK,risk/elite_risk_metrics.py,476,,"violations, 'warnings': warnings, 'checked_at': datetime.now().",Direct current-time call detected.,Runtime and tests become nondeterministic; relative dates can drift.,Inject a clock/reference_now parameter or central time provider.,Freeze clock in tests and assert stable outputs.,medium,fee604a3c7f3be8b
P3,determinism,NON_INJECTED_CLOCK,risk/kill_switch/alerts.py,16,,ts = timestamp or datetime.now(),Direct current-time call detected.,Runtime and tests become nondeterministic; relative dates can drift.,Inject a clock/reference_now parameter or central time provider.,Freeze clock in tests and assert stable outputs.,medium,39de54f315da04b1
P3,determinism,NON_INJECTED_CLOCK,risk/kill_switch/manager.py,41,,"'timestamp': datetime.now(),",Direct current-time call detected.,Runtime and tests become nondeterministic; relative dates can drift.,Inject a clock/reference_now parameter or central time provider.,Freeze clock in tests and assert stable outputs.,medium,c3c6434225441179
P3,determinism,NON_INJECTED_CLOCK,risk/kill_switch/manager.py,87,,"save_path = self.config_manager.storage_path / f""risk_event_{datetime.now().strftime('%Y%m%d_%H%M%S')}.json""",Direct current-time call detected.,Runtime and tests become nondeterministic; relative dates can drift.,Inject a clock/reference_now parameter or central time provider.,Freeze clock in tests and assert stable outputs.,medium,f08cef5d9fc9ab05
P3,determinism,NON_INJECTED_CLOCK,risk/max_exposure_monitor.py,38,,"'timestamp': datetime.now().isoformat(),",Direct current-time call detected.,Runtime and tests become nondeterministic; relative dates can drift.,Inject a clock/reference_now parameter or central time provider.,Freeze clock in tests and assert stable outputs.,medium,fe2f9a045c5c060b
P3,determinism,NON_INJECTED_CLOCK,trading/adaptive_parameter_manager.py,281,,"'timestamp': pd.Timestamp.now(),",Direct current-time call detected.,Runtime and tests become nondeterministic; relative dates can drift.,Inject a clock/reference_now parameter or central time provider.,Freeze clock in tests and assert stable outputs.,medium,35501fa87a34567a
P3,determinism,NON_INJECTED_CLOCK,trading/consensus_engine.py,31,,timestamp: datetime = field(default_factory=datetime.now),Direct current-time call detected.,Runtime and tests become nondeterministic; relative dates can drift.,Inject a clock/reference_now parameter or central time provider.,Freeze clock in tests and assert stable outputs.,medium,4511efbfd7f93ba8
P3,determinism,NON_INJECTED_CLOCK,trading/live_adaptive_ensemble.py,99,,"timestamp=datetime.now(),",Direct current-time call detected.,Runtime and tests become nondeterministic; relative dates can drift.,Inject a clock/reference_now parameter or central time provider.,Freeze clock in tests and assert stable outputs.,medium,f1f62edda86927f9
P3,determinism,NON_INJECTED_CLOCK,trading/live_adaptive_ensemble.py,124,,(datetime.now() - self.last_reweight_time).days >= self.reweight_interval_days,Direct current-time call detected.,Runtime and tests become nondeterministic; relative dates can drift.,Inject a clock/reference_now parameter or central time provider.,Freeze clock in tests and assert stable outputs.,medium,822280c6841290db
P3,determinism,NON_INJECTED_CLOCK,trading/live_adaptive_ensemble.py,129,,cutoff_time = datetime.now() - timedelta(days=lookback_days),Direct current-time call detected.,Runtime and tests become nondeterministic; relative dates can drift.,Inject a clock/reference_now parameter or central time provider.,Freeze clock in tests and assert stable outputs.,medium,07e13bd01fa75949
P3,determinism,NON_INJECTED_CLOCK,trading/live_adaptive_ensemble.py,207,,"timestamp=datetime.now(),",Direct current-time call detected.,Runtime and tests become nondeterministic; relative dates can drift.,Inject a clock/reference_now parameter or central time provider.,Freeze clock in tests and assert stable outputs.,medium,a09af4b2c1224cb0
P3,determinism,NON_INJECTED_CLOCK,trading/live_adaptive_ensemble.py,253,,self.last_reweight_time = datetime.now(),Direct current-time call detected.,Runtime and tests become nondeterministic; relative dates can drift.,Inject a clock/reference_now parameter or central time provider.,Freeze clock in tests and assert stable outputs.,medium,104e0efdd061aad8
P3,determinism,NON_INJECTED_CLOCK,trading/virtual_portfolio.py,113,,"performance_history, 'last_updated': datetime.now().isoformat()}",Direct current-time call detected.,Runtime and tests become nondeterministic; relative dates can drift.,Inject a clock/reference_now parameter or central time provider.,Freeze clock in tests and assert stable outputs.,medium,50f8c8b77a0b1d3b
P3,determinism,NON_INJECTED_CLOCK,trading/virtual_portfolio.py,183,,"return {'timestamp': datetime.now(), 'type': 'BUY', 'ticker':",Direct current-time call detected.,Runtime and tests become nondeterministic; relative dates can drift.,Inject a clock/reference_now parameter or central time provider.,Freeze clock in tests and assert stable outputs.,medium,de0507e555840504
P3,determinism,NON_INJECTED_CLOCK,trading/virtual_portfolio.py,203,,"total_cost / quantity, 'entry_time': datetime.now(),",Direct current-time call detected.,Runtime and tests become nondeterministic; relative dates can drift.,Inject a clock/reference_now parameter or central time provider.,Freeze clock in tests and assert stable outputs.,medium,be276fe575abcf34
P3,determinism,NON_INJECTED_CLOCK,trading/virtual_portfolio.py,225,,"transaction = {'timestamp': datetime.now(), 'type': 'SELL',",Direct current-time call detected.,Runtime and tests become nondeterministic; relative dates can drift.,Inject a clock/reference_now parameter or central time provider.,Freeze clock in tests and assert stable outputs.,medium,5888699e3648fcf7
P3,determinism,NON_INJECTED_CLOCK,trading/virtual_portfolio.py,259,,equity_curve[datetime.now()] = total_value,Direct current-time call detected.,Runtime and tests become nondeterministic; relative dates can drift.,Inject a clock/reference_now parameter or central time provider.,Freeze clock in tests and assert stable outputs.,medium,2322d2ab66168e9e
P3,determinism,NON_INJECTED_CLOCK,trading/virtual_portfolio.py,272,,"positions_report, 'metrics': metrics, 'timestamp': datetime.now",Direct current-time call detected.,Runtime and tests become nondeterministic; relative dates can drift.,Inject a clock/reference_now parameter or central time provider.,Freeze clock in tests and assert stable outputs.,medium,53bbc4114ec5de3c
P3,determinism,NON_INJECTED_CLOCK,trading/virtual_portfolio.py,278,,"record = {'timestamp': datetime.now().isoformat(), 'total_value':",Direct current-time call detected.,Runtime and tests become nondeterministic; relative dates can drift.,Inject a clock/reference_now parameter or central time provider.,Freeze clock in tests and assert stable outputs.,medium,857ad295d49b7ec5
P3,determinism,NON_INJECTED_CLOCK,training/adaptive_training_manager.py,350,,"'execution_phases']), 'timestamp': datetime.now().isoformat()}",Direct current-time call detected.,Runtime and tests become nondeterministic; relative dates can drift.,Inject a clock/reference_now parameter or central time provider.,Freeze clock in tests and assert stable outputs.,medium,1bac9ed02eb440f7
P3,determinism,NON_INJECTED_CLOCK,training/adaptive_training_manager.py,357,,ts = datetime.now().strftime('%Y%m%d_%H%M%S'),Direct current-time call detected.,Runtime and tests become nondeterministic; relative dates can drift.,Inject a clock/reference_now parameter or central time provider.,Freeze clock in tests and assert stable outputs.,medium,33ff50fd7b1d57fd
P3,determinism,NON_INJECTED_CLOCK,training/base_trainer.py,385,,"""timestamp"": datetime.now().isoformat()",Direct current-time call detected.,Runtime and tests become nondeterministic; relative dates can drift.,Inject a clock/reference_now parameter or central time provider.,Freeze clock in tests and assert stable outputs.,medium,d95846569a5f73f0
P3,determinism,NON_INJECTED_CLOCK,training/pattern_aware_training.py,75,,"'timestamp': datetime.now().isoformat(),",Direct current-time call detected.,Runtime and tests become nondeterministic; relative dates can drift.,Inject a clock/reference_now parameter or central time provider.,Freeze clock in tests and assert stable outputs.,medium,dbe7fb4acbc7495a
P3,determinism,NON_INJECTED_CLOCK,training/progressive_trainer.py,326,,"""timestamp"": datetime.now().isoformat()",Direct current-time call detected.,Runtime and tests become nondeterministic; relative dates can drift.,Inject a clock/reference_now parameter or central time provider.,Freeze clock in tests and assert stable outputs.,medium,3e0fb7792d4b2daf
P3,determinism,NON_INJECTED_CLOCK,training/progressive_trainer.py,331,,"timestamp = datetime.now().strftime(""%Y%m%d_%H%M%S"")",Direct current-time call detected.,Runtime and tests become nondeterministic; relative dates can drift.,Inject a clock/reference_now parameter or central time provider.,Freeze clock in tests and assert stable outputs.,medium,664f8aeb3890c3d3
P3,determinism,NON_INJECTED_CLOCK,training/state/training_state_manager.py,100,,"""timestamp"": datetime.now().isoformat()",Direct current-time call detected.,Runtime and tests become nondeterministic; relative dates can drift.,Inject a clock/reference_now parameter or central time provider.,Freeze clock in tests and assert stable outputs.,medium,c3c0e54518ff769a
P3,determinism,NON_INJECTED_CLOCK,training/unified_training_manager.py,98,,datetime.now().isoformat()},Direct current-time call detected.,Runtime and tests become nondeterministic; relative dates can drift.,Inject a clock/reference_now parameter or central time provider.,Freeze clock in tests and assert stable outputs.,medium,8c65f645e043f9e6
P3,determinism,NON_INJECTED_CLOCK,training/unified_training_manager.py,168,,"'timestamp': datetime.now().isoformat(), 'ticker_plans': {}})",Direct current-time call detected.,Runtime and tests become nondeterministic; relative dates can drift.,Inject a clock/reference_now parameter or central time provider.,Freeze clock in tests and assert stable outputs.,medium,48d83af39b67aeca
P3,determinism,NON_INJECTED_CLOCK,training/unified_training_manager.py,203,,"f""unified_plan_{datetime.now().strftime('%Y%m%d_%H%M%S')}.json"")",Direct current-time call detected.,Runtime and tests become nondeterministic; relative dates can drift.,Inject a clock/reference_now parameter or central time provider.,Freeze clock in tests and assert stable outputs.,medium,eda7afbba968a94f
P3,determinism,NON_INJECTED_CLOCK,training/unified_training_manager.py,210,,"f""unified_results_{datetime.now().strftime('%Y%m%d_%H%M%S')}.json"")",Direct current-time call detected.,Runtime and tests become nondeterministic; relative dates can drift.,Inject a clock/reference_now parameter or central time provider.,Freeze clock in tests and assert stable outputs.,medium,4cd651c6131c2a49
P3,determinism,NON_INJECTED_CLOCK,utils/trading_calendar.py,17,,"def __init__(self, start_year: int=2020, end_year: int=datetime.now().",Direct current-time call detected.,Runtime and tests become nondeterministic; relative dates can drift.,Inject a clock/reference_now parameter or central time provider.,Freeze clock in tests and assert stable outputs.,medium,6a9a84e7a8187b2a
P3,determinism,NON_INJECTED_CLOCK,validation/temporal_feature_separator.py,93,,'analysis_timestamp': datetime.now().isoformat(),Direct current-time call detected.,Runtime and tests become nondeterministic; relative dates can drift.,Inject a clock/reference_now parameter or central time provider.,Freeze clock in tests and assert stable outputs.,medium,96aea692ec2b2bd9
P3,determinism,NON_INJECTED_CLOCK,validation/temporal_feature_separator.py,287,,'generated_at': datetime.now().isoformat(),Direct current-time call detected.,Runtime and tests become nondeterministic; relative dates can drift.,Inject a clock/reference_now parameter or central time provider.,Freeze clock in tests and assert stable outputs.,medium,611e9f92d2319118
